<resources>

	<!-- 2Cuentas -->
	<item component="ComponentInfo{com.excelliance.multiaccount/com.yqox.u4t.epr54wtc.rlv72yj10anaa}" drawable="_2cuentas" />

	<!-- 4D Wallpaper Free - Live Themes Parallax Wallpaper -->
	<item component="ComponentInfo{com.apptech.pixel4d/com.apptech.pixel4d.activity.SplashActivity}" drawable="_4d_wallpaper_free_live_themes_parallax_wallpaper" />

	<!-- Achromatic KWGT -->
	<item component="ComponentInfo{achromatickwgt.kustom.pack/org.kustom.api.dashboard.DashboardActivity}" drawable="achromatic_kwgt" />

	<!-- Arcticons -->
	<item component="ComponentInfo{com.donnnno.arcticons/com.donnnno.arcticons.activities.MainActivity}" drawable="arcticons" />

	<!-- Barcode Scanner -->
	<item component="ComponentInfo{com.sushant.barcodescanner/com.sushant.barcodescanner.SplashActivity}" drawable="barcode_scanner" />

	<!-- BearingCatalog -->
	<item component="ComponentInfo{com.lackjin.br/com.lackjin.br.MainActivity}" drawable="bearingcatalog" />

	<!-- bearinGO -->
	<item component="ComponentInfo{com.destiny.bearingo/com.destiny.bearingo.SplashScreen}" drawable="bearingo" />

	<!-- BeSoccer -->
	<item component="ComponentInfo{com.resultadosfutbol.mobile/com.rdf.resultados_futbol.ui.splash.SplashActivity}" drawable="besoccer" />

	<!-- Calculadora CCR -->
	<item component="ComponentInfo{com.jedemm.resistorcalculator/com.jedemm.resistorcalculator.actividades.PantallaBienvenida}" drawable="calculadora_ccr" />

	<!-- Calendar -->
	<item component="ComponentInfo{com.android.calendar/com.android.calendar.homepage.AllInOneActivity}" drawable="calendar" />

	<!-- Convertfiles.ai -->
	<item component="ComponentInfo{com.pixelbin.convertfiles.ai/com.pixelbin.convertfiles.ai.MainActivity}" drawable="convertfilesai" />

	<!-- DJ Mixer -->
	<item component="ComponentInfo{dj.music.mixer.sound.effects/com.ijoysoft.mix.activity.WelcomeActivity}" drawable="dj_mixer" />

	<!-- Earth 3D Map -->
	<item component="ComponentInfo{com.think.earth/com.think.earth.guide.GuideActivity}" drawable="earth_3d_map" />

	<!-- Espejo de pantalla 5 -->
	<item component="ComponentInfo{com.cast.to.samsung.tv.chromecast/com.cast.to.samsung.tv.chromecast.views.activities.SplashActivity}" drawable="espejo_de_pantalla_5" />

	<!-- ETK -->
	<item component="ComponentInfo{com.starcubandev.etk/com.starcubandev.etk.Views.Main.MainActivity}" drawable="etk" />

	<!-- Evolve for KWGT -->
	<item component="ComponentInfo{evolve.kustom.pack/evolve.kustom.pack.MainActivity}" drawable="evolve_for_kwgt" />

	<!-- Feast KWGT -->
	<item component="ComponentInfo{feastkwgt.kustom.pack/feastkwgt.kustom.pack.MainActivity}" drawable="feast_kwgt" />

	<!-- Fórmulas Free -->
	<item component="ComponentInfo{com.nsc.mathformulas.lite/com.nsc.mathformulas.MainActivity}" drawable="formulas_free" />

	<!-- Free Fire MAX -->
	<item component="ComponentInfo{com.dts.freefiremax/com.dts.freefireth.FFMainActivity}" drawable="free_fire_max" />

	<!-- Gemini -->
	<item component="ComponentInfo{com.google.android.apps.bard/com.google.android.apps.bard.shellapp.BardEntryPointActivity}" drawable="gemini" />

	<!-- Gestor de archivos -->
	<item component="ComponentInfo{com.android.fileexplorer/com.android.fileexplorer.FileExplorerTabActivity}" drawable="gestor_de_archivos" />

	<!-- HOS Checker -->
	<item component="ComponentInfo{com.androidevs.hos/com.niotron.lazydevelopers_inc.HyperOS_Eligibility_Tester.Screen1}" drawable="hos_checker" />

	<!-- huk kwgt -->
	<item component="ComponentInfo{hukkwgt.kustom.pack/org.kustom.api.dashboard.DashboardActivity}" drawable="huk_kwgt" />

	<!-- Human skeleton (Anatomy) -->
	<item component="ComponentInfo{com.androiddevelopermx.blogspot.bones3d/com.unity3d.player.UnityPlayerActivity}" drawable="human_skeleton_anatomy_" />

	<!-- HyperOS Updater -->
	<item component="ComponentInfo{net.xiaomiui.hyperosupdater/net.xiaomiui.hyperosupdater.MainActivity}" drawable="hyperos_updater" />

	<!-- Internal Organs 3D (Anatomy) -->
	<item component="ComponentInfo{com.androiddevelopermx.blogspot.organos3d/com.unity3d.player.UnityPlayerActivity}" drawable="internal_organs_3d_anatomy_" />

	<!-- iScanner -->
	<item component="ComponentInfo{com.bpmobile.iscanner.free/com.bpmobile.scanner.presentation.activity.SplashActivity}" drawable="iscanner" />

	<!-- Koda for Kustom -->
	<item component="ComponentInfo{kodaforkustom.droidbeauty.pack/kodaforkustom.droidbeauty.pack.MainActivity}" drawable="koda_for_kustom" />

	<!-- Línea de la mandíbula -->
	<item component="ComponentInfo{jawline.exercises.slim.face.yoga/jawline.exercises.slim.face.yoga.activity.SplashActivity}" drawable="linea_de_la_mandibula" />

	<!-- Lines Free -->
	<item component="ComponentInfo{com.natewren.linesfree/com.natewren.dashboard.SplashScreen}" drawable="lines_free" />

	<!-- Math Games -->
	<item component="ComponentInfo{com.agandeev.mathgames.free/com.agandeev.mathgames.free.MainActivityFree}" drawable="math_games" />

	<!-- Mi Pay -->
	<item component="ComponentInfo{com.mipay.wallet.in/com.mipay.home.ui.SplashActivity}" drawable="mi_pay" />

	<!-- Mi Picks -->
	<item component="ComponentInfo{com.xiaomi.mipicks/com.xiaomi.mipicks.MiPicksAlias}" drawable="mi_picks" />

	<!-- Minesweeper -->
	<item component="ComponentInfo{Draziw.Button.Mines/minesweeper.Button.Mines.BoardViewActivity}" drawable="minesweeper" />

	<!-- Minimal VL1 -->
	<item component="ComponentInfo{kustom.arkive.minimalvl1/org.kustom.api.dashboard.DashboardActivity}" drawable="minimal_vl1" />

	<!-- MIUIes -->
	<item component="ComponentInfo{com.miuies/com.miuies.SplashScreen}" drawable="miuies" />

	<!-- Odisea KWGT -->
	<item component="ComponentInfo{odiseakwgt.kustom.pack/org.kustom.api.dashboard.DashboardActivity}" drawable="odisea_kwgt" />

	<!-- One4KWGT Ultimate -->
	<item component="ComponentInfo{cs14.pixelperfect.kwgtwidget.one4kwgtultimate/cs14.pixelperfect.kwgtwidget.one4kwgtultimate.MainActivity}" drawable="one4kwgt_ultimate" />

	<!-- Overdrop -->
	<item component="ComponentInfo{widget.dd.com.overdrop.free/widget.dd.com.overdrop.free.alias.RainbowIconAlias}" drawable="overdrop" />

	<!-- Photomath -->
	<item component="ComponentInfo{com.microblink.photomath/com.microblink.photomath.main.activity.LauncherActivity}" drawable="photomath" />

	<!-- PixelLab -->
	<item component="ComponentInfo{com.imaginstudio.imagetools.pixellab/com.imaginstudio.imagetools.pixellab.MainActivity}" drawable="pixellab" />

	<!-- Precise Level -->
	<item component="ComponentInfo{com.jonyups.poziomicagen/com.unity3d.player.UnityPlayerActivity}" drawable="precise_level" />

	<!-- QR & Barcode Scanner -->
	<item component="ComponentInfo{com.gamma.scan/com.gamma.barcodeapp.ui.BarcodeCaptureActivity}" drawable="qr_and_barcode_scanner" />

	<!-- Ref Tools -->
	<item component="ComponentInfo{com.danfoss.koolapp/crc646cc10707b7d55a66.MainActivity}" drawable="ref_tools" />

	<!-- Referencia de rumbo -->
	<item component="ComponentInfo{ru.bearings/ru.bearings.Exit}" drawable="referencia_de_rumbo" />

	<!-- Revolico -->
	<item component="ComponentInfo{com.revolico/com.revolico.MainActivity}" drawable="revolico" />

	<!-- RL KWGT -->
	<item component="ComponentInfo{kustom.archive.rlkwgtdesigns/org.kustom.api.dashboard.DashboardActivity}" drawable="rl_kwgt" />

	<!-- Secure VPN -->
	<item component="ComponentInfo{com.fast.free.unblock.secure.vpn/com.signallab.secure.activity.SplashActivity}" drawable="secure_vpn" />

	<!-- Seguimiento de Hábitos -->
	<item component="ComponentInfo{habittracker.todolist.tickit.daily.planner/habittracker.todolist.tickit.daily.planner.feature.main.SplashActivity}" drawable="seguimiento_de_habitos" />

	<!-- Smart View -->
	<item component="ComponentInfo{com.smartview.castto.screenmirror.appfor.miracast/com.smartview.castto.screenmirror.appfor.miracast.views.activities.SplashActivity}" drawable="smart_view" />

	<!-- SMD Bible -->
	<item component="ComponentInfo{ru.romavaleev.smdbible/ru.romavaleev.smdbible.MainActivity}" drawable="smd_bible" />

	<!-- SMD DataSheet -->
	<item component="ComponentInfo{ru.bootcode.smddatasheet/ru.bootcode.smddatasheet.MainActivity}" drawable="smd_datasheet" />

	<!-- SMD Marking Codes -->
	<item component="ComponentInfo{com.rilixtech.test/com.example.test.MainActivity}" drawable="smd_marking_codes" />

	<!-- Sonómetro -->
	<item component="ComponentInfo{com.splendapps.decibel/com.splendapps.decibel.MainActivity}" drawable="sonometro" />

	<!-- StayFree -->
	<item component="ComponentInfo{com.burockgames.timeclocker/com.burockgames.timeclocker.main.MainActivity}" drawable="stayfree" />

	<!-- Sudoku -->
	<item component="ComponentInfo{com.scn.sudokuchamp/com.scn.sudokuchamp.SplashActivity}" drawable="sudoku" />

	<!-- Time KWGT -->
	<item component="ComponentInfo{kustom.arkive.surajhodi.time/org.kustom.api.dashboard.DashboardActivity}" drawable="time_kwgt" />

	<!-- Timken -->
	<item component="ComponentInfo{com.phonegap.timken/com.phonegap.timken.MainActivity}" drawable="timken" />

	<!-- toy -->
	<item component="ComponentInfo{toy.kustom.pack/org.kustom.api.dashboard.DashboardActivity}" drawable="toy" />

	<!-- Transfermóvil -->
	<item component="ComponentInfo{cu.etecsa.cubacel.tr.tm/cu.etecsa.cubacel.tr.tm.UmUVg1RnzC}" drawable="transfermovil" />

	<!-- Trust Wallet -->
	<item component="ComponentInfo{com.wallet.crypto.trustapp/com.wallet.crypto.trustapp.ui.app.AppActivity}" drawable="trust_wallet" />

	<!-- TuneFM -->
	<item component="ComponentInfo{fm.radio.sanity.radiofm/fm.radio.sanity.radiofm.activities.SplashActivity}" drawable="tunefm" />

	<!-- Unidades -->
	<item component="ComponentInfo{kr.sira.unit/kr.sira.unit.Intro}" drawable="unidades" />

	<!-- UniMote -->
	<item component="ComponentInfo{sensustech.universal.tv.remote.control/sensustech.universal.tv.remote.control.activities.SplashActivity}" drawable="unimote" />

	<!-- Velocímetro -->
	<item component="ComponentInfo{gps.speedometer.gpsspeedometer.odometer/gps.speedometer.gpsspeedometer.odometer.activity.SplashActivity}" drawable="velocimetro" />

	<!-- Wide Launcher -->
	<item component="ComponentInfo{com.shouter.widelauncher/com.shouter.widelauncher.MainActivity}" drawable="wide_launcher" />

	<!-- WPDF Lector de Documentos -->
	<item component="ComponentInfo{com.wpdf.lector/com.wpdf.lector.ui.activities.onboarding.SplashScreenActivity}" drawable="wpdf_lector_de_documentos" />

	<!-- Xiaomi Earbuds -->
	<item component="ComponentInfo{com.mi.earphone/com.xiaomi.fitness.login.SplashActivity}" drawable="xiaomi_earbuds" />

	<!-- Zapya -->
	<item component="ComponentInfo{com.dewmobile.kuaiya.play/com.dewmobile.kuaiya.act.DmStartupActivity}" drawable="zapya" />

</resources>