<resources>

	<!-- Fender Tune -->
	<item component="ComponentInfo{com.fender.tuner/com.fender.tuner.activities.HomeActivity}" drawable="fender_tune" />

	<!-- IDF Mobilités -->
	<item component="ComponentInfo{com.applidium.vianavigo/com.applidium.vianavigo.views.MainVianavigo}" drawable="idf_mobilites" />

	<!-- MyViollier -->
	<item component="ComponentInfo{ch.viollier.android.myviollier/crc640bc2591017d2989c.SplashScreen}" drawable="myviollier" />

	<!-- myWingo -->
	<item component="ComponentInfo{com.swisscom.mywingo/com.swisscom.mywingo.MainActivity}" drawable="mywingo" />

	<!-- Nebula -->
	<item component="ComponentInfo{tv.standard.nebula/tv.standard.nebula.auth.splash.view.activities.SplashActivity}" drawable="nebula" />

	<!-- Supercard -->
	<item component="ComponentInfo{ch.coop.supercard/ch.coop.supercardapp.MainActivity}" drawable="supercard" />

	<!-- SwissID -->
	<item component="ComponentInfo{com.swisssign.swissid.mobile/dev.swisssign.swissid.mobile.MainActivity}" drawable="swissid" />

	<!-- TICE -->
	<item component="ComponentInfo{app.tice.TICE.production/tice.ui.activitys.MainActivity}" drawable="tice" />

	<!-- xBrowserSync -->
	<item component="ComponentInfo{com.xBrowserSync.android/com.xBrowserSync.android.MainActivity}" drawable="xbrowsersync" />

</resources>