<Theme version="1">

	<!-- Fender Tune -->
	<AppIcon name="com.fender.tuner/com.fender.tuner.activities.HomeActivity" image="fender_tune"/>

	<!-- IDF Mobilités -->
	<AppIcon name="com.applidium.vianavigo/com.applidium.vianavigo.views.MainVianavigo" image="idf_mobilites"/>

	<!-- MyViollier -->
	<AppIcon name="ch.viollier.android.myviollier/crc640bc2591017d2989c.SplashScreen" image="myviollier"/>

	<!-- myWingo -->
	<AppIcon name="com.swisscom.mywingo/com.swisscom.mywingo.MainActivity" image="mywingo"/>

	<!-- Nebula -->
	<AppIcon name="tv.standard.nebula/tv.standard.nebula.auth.splash.view.activities.SplashActivity" image="nebula"/>

	<!-- Supercard -->
	<AppIcon name="ch.coop.supercard/ch.coop.supercardapp.MainActivity" image="supercard"/>

	<!-- SwissID -->
	<AppIcon name="com.swisssign.swissid.mobile/dev.swisssign.swissid.mobile.MainActivity" image="swissid"/>

	<!-- TICE -->
	<AppIcon name="app.tice.TICE.production/tice.ui.activitys.MainActivity" image="tice"/>

	<!-- xBrowserSync -->
	<AppIcon name="com.xBrowserSync.android/com.xBrowserSync.android.MainActivity" image="xbrowsersync"/>

</Theme>