<resources>

	<!-- 4PDA -->
	<item component="ComponentInfo{ru.fourpda.client/ru.fourpda.client.MainActivity}" drawable="_4pda" />

	<!-- Диктофон -->
	<item component="ComponentInfo{com.android.soundrecorder/com.android.soundrecorder.RecordListActivity}" drawable="диктофон" />

	<!-- Заметки -->
	<item component="ComponentInfo{com.example.android.notepad/com.example.android.notepad.NotePadActivity}" drawable="заметки" />

	<!-- Инвестиции -->
	<item component="ComponentInfo{ru.tinkoff.investing/ru.tinkoff.investing.splash.ui.SplashActivity}" drawable="инвестиции" />

	<!-- Калькулятор -->
	<item component="ComponentInfo{com.huawei.calculator/com.huawei.calculator.Calculator}" drawable="калькулятор" />

	<!-- Камера -->
	<item component="ComponentInfo{com.huawei.camera/com.huawei.camera}" drawable="камера" />

	<!-- Кинопоиск -->
	<item component="ComponentInfo{ru.kinopoisk/ru.kinopoisk.presentation.screen.tabs.RedirectTabsIntentsActivity}" drawable="кинопоиск" />

	<!-- Компас -->
	<item component="ComponentInfo{com.huawei.compass/com.huawei.compass.MainActivity}" drawable="компас" />

	<!-- Музыка -->
	<item component="ComponentInfo{com.android.mediacenter/com.android.mediacenter.PageActivity}" drawable="музыка" />

	<!-- Настройки -->
	<item component="ComponentInfo{com.android.settings/com.android.settings.HWSettings}" drawable="настроики" />

	<!-- Поддержка -->
	<item component="ComponentInfo{com.huawei.phoneservice/com.huawei.phoneservice.LaunchActivity}" drawable="поддержка" />

	<!-- Подорожка -->
	<item component="ComponentInfo{plus.yeti.plantain/plus.yeti.plantain.MainActivity}" drawable="подорожка" />

	<!-- Почта Mail.ru -->
	<item component="ComponentInfo{ru.mail.mailapp/ru.mail.mailapp.SplashScreenActivity}" drawable="почта_mailru" />

	<!-- СБПэй -->
	<item component="ComponentInfo{ru.nspk.sbpay/ru.nspk.sbpay.kgFlpBdkxfwom}" drawable="сбпэи" />

	<!-- Темы -->
	<item component="ComponentInfo{com.huawei.android.thememanager/com.huawei.android.thememanager.mvp.view.activity.onlinebase.PageActivity}" drawable="темы" />

	<!-- Тинькофф -->
	<item component="ComponentInfo{com.idamob.tinkoff.android/ru.tinkoff.mb.feature.splash.bank.ui.presentation.BankSplashActivity}" drawable="тинькофф" />

	<!-- Умный Дом.ру -->
	<item component="ComponentInfo{com.ertelecom.smarthome/com.ertelecom.smarthome.feature.auth.launch.presentation.LaunchActivity}" drawable="умныи_домру" />

	<!-- Файлы -->
	<item component="ComponentInfo{com.huawei.filemanager/com.huawei.hidisk.filemanager.FileManager}" drawable="фаилы" />

	<!-- Фианит ломбард -->
	<item component="ComponentInfo{ru.xpage.mobile.fianit/ru.xpage.mobile.fianit.MainActivity}" drawable="фианит_ломбард" />

	<!-- Центр игр -->
	<item component="ComponentInfo{com.huawei.gameassistant/com.huawei.gameassistant.views.GameassistantMainActivity}" drawable="центр_игр" />

	<!-- Часы -->
	<item component="ComponentInfo{com.android.deskclock/com.android.deskclock.AlarmsMainActivity}" drawable="часы" />

	<!-- Эл. почта -->
	<item component="ComponentInfo{com.android.email/com.android.email.activity.Welcome}" drawable="эл_почта" />

	<!-- Alien Shooter -->
	<item component="ComponentInfo{com.alien.shooter.galaxy.attack.premium/com.google.firebase.MessagingUnityPlayerActivity}" drawable="alien_shooter" />

	<!-- AppGallery -->
	<item component="ComponentInfo{com.huawei.appmarket/com.huawei.appmarket.MainActivity}" drawable="appgallery" />

	<!-- AppLocker -->
	<item component="ComponentInfo{com.martianmode.applock/com.martianmode.applock.Icon0}" drawable="applocker" />

	<!-- CCleaner -->
	<item component="ComponentInfo{com.piriform.ccleaner/com.avast.android.cleaner.activity.StartActivity}" drawable="ccleaner" />

	<!-- Cool Mi Camera -->
	<item component="ComponentInfo{cool.mi.camera/com.camera.function.main.privacy.CoolCameraPrivacyActivity}" drawable="cool_mi_camera" />

	<!-- Despicable Day -->
	<item component="ComponentInfo{com.SVEGames.DDay/com.unity3d.player.UnityPlayerProxyActivity}" drawable="despicable_day" />

	<!-- DNS Changer -->
	<item component="ComponentInfo{com.burakgon.dnschanger/com.burakgon.dnschanger.activities.LauncherActivity}" drawable="dns_changer" />

	<!-- FM-радио -->
	<item component="ComponentInfo{com.huawei.android.FMRadio/com.huawei.FMRadio.page.PageActivity}" drawable="fm_радио" />

	<!-- framework-hms-sdk -->
	<item component="ComponentInfo{com.huawei.himovie.overseas/com.huawei.himovie.ui.login.SplashScreenActivity}" drawable="framework_hms_sdk" />

	<!-- Honor магазин -->
	<item component="ComponentInfo{com.honor.global/com.honor.global.activity.LandingActivity}" drawable="honor_магазин" />

	<!-- Kate Mobile -->
	<item component="ComponentInfo{com.perm.kate_new_6/com.perm.kate.MainActivity}" drawable="kate_mobile" />

	<!-- KingRoot -->
	<item component="ComponentInfo{com.kingroot.kinguser/com.kingroot.kinguser.activitys.SliderMainActivity}" drawable="kingroot" />

	<!-- Link Now -->
	<item component="ComponentInfo{com.huawei.welinknow/com.huawei.welinklite.MainActivity}" drawable="link_now" />

	<!-- Mostbet -->
	<item component="ComponentInfo{com.ads.mostbet/com.mwl.feature.main.presentation.MainActivity.Default}" drawable="mostbet" />

	<!-- Myth Def 2 -->
	<item component="ComponentInfo{smpxg.mythdefdf/smpxg.mythdefdf.main}" drawable="myth_def_2" />

	<!-- Net Optimizer -->
	<item component="ComponentInfo{com.burakgon.netoptimizer/com.burakgon.netoptimizer.activities.MainActivity}" drawable="net_optimizer" />

	<!-- Offline Games -->
	<item component="ComponentInfo{com.JindoBlu.OfflineGames/com.unity3d.player.UnityPlayerActivity}" drawable="offline_games" />

	<!-- Petal Maps -->
	<item component="ComponentInfo{com.huawei.maps.app/com.huawei.maps.app.petalmaps.splash.SplashActivity}" drawable="petal_maps" />

	<!-- Phone Clone -->
	<item component="ComponentInfo{com.hicloud.android.clone/com.huawei.android.clone.activity.sender.ChooseReceiveSendActivity}" drawable="phone_clone" />

	<!-- Pin-Up -->
	<item component="ComponentInfo{com.spa.pin.up.off/com.spa.pin.up.off.screens.MainActivity}" drawable="pin_up" />

	<!-- Radio Record -->
	<item component="ComponentInfo{com.infoshell.recradio/com.infoshell.recradio.activity.splash.SplashActivity}" drawable="radio_record" />

	<!-- Slotozal -->
	<item component="ComponentInfo{net.slotozal.casino/com.example.changehost.activity.DexLoadActivity}" drawable="slotozal" />

	<!-- Web Tools -->
	<item component="ComponentInfo{webtools.ddm.com.webtools/webtools.ddm.com.webtools.ui.MainActivity}" drawable="web_tools" />

	<!-- WiFi Map -->
	<item component="ComponentInfo{io.wifimap.wifimap/io.wifimap.wifimap.ui.activities.StartActivity}" drawable="wifi_map" />

	<!-- WIN - Remote PRO -->
	<item component="ComponentInfo{banamalon.remote.win.pro/banamalon.remote.win.pro.SplashScreen}" drawable="win_remote_pro" />

</resources>