<Theme version="1">

	<!-- 4PDA -->
	<AppIcon name="ru.fourpda.client/ru.fourpda.client.MainActivity" image="_4pda"/>

	<!-- Диктофон -->
	<AppIcon name="com.android.soundrecorder/com.android.soundrecorder.RecordListActivity" image="диктофон"/>

	<!-- Заметки -->
	<AppIcon name="com.example.android.notepad/com.example.android.notepad.NotePadActivity" image="заметки"/>

	<!-- Инвестиции -->
	<AppIcon name="ru.tinkoff.investing/ru.tinkoff.investing.splash.ui.SplashActivity" image="инвестиции"/>

	<!-- Калькулятор -->
	<AppIcon name="com.huawei.calculator/com.huawei.calculator.Calculator" image="калькулятор"/>

	<!-- Камера -->
	<AppIcon name="com.huawei.camera/com.huawei.camera" image="камера"/>

	<!-- Кинопоиск -->
	<AppIcon name="ru.kinopoisk/ru.kinopoisk.presentation.screen.tabs.RedirectTabsIntentsActivity" image="кинопоиск"/>

	<!-- Компас -->
	<AppIcon name="com.huawei.compass/com.huawei.compass.MainActivity" image="компас"/>

	<!-- Музыка -->
	<AppIcon name="com.android.mediacenter/com.android.mediacenter.PageActivity" image="музыка"/>

	<!-- Настройки -->
	<AppIcon name="com.android.settings/com.android.settings.HWSettings" image="настроики"/>

	<!-- Поддержка -->
	<AppIcon name="com.huawei.phoneservice/com.huawei.phoneservice.LaunchActivity" image="поддержка"/>

	<!-- Подорожка -->
	<AppIcon name="plus.yeti.plantain/plus.yeti.plantain.MainActivity" image="подорожка"/>

	<!-- Почта Mail.ru -->
	<AppIcon name="ru.mail.mailapp/ru.mail.mailapp.SplashScreenActivity" image="почта_mailru"/>

	<!-- СБПэй -->
	<AppIcon name="ru.nspk.sbpay/ru.nspk.sbpay.kgFlpBdkxfwom" image="сбпэи"/>

	<!-- Темы -->
	<AppIcon name="com.huawei.android.thememanager/com.huawei.android.thememanager.mvp.view.activity.onlinebase.PageActivity" image="темы"/>

	<!-- Тинькофф -->
	<AppIcon name="com.idamob.tinkoff.android/ru.tinkoff.mb.feature.splash.bank.ui.presentation.BankSplashActivity" image="тинькофф"/>

	<!-- Умный Дом.ру -->
	<AppIcon name="com.ertelecom.smarthome/com.ertelecom.smarthome.feature.auth.launch.presentation.LaunchActivity" image="умныи_домру"/>

	<!-- Файлы -->
	<AppIcon name="com.huawei.filemanager/com.huawei.hidisk.filemanager.FileManager" image="фаилы"/>

	<!-- Фианит ломбард -->
	<AppIcon name="ru.xpage.mobile.fianit/ru.xpage.mobile.fianit.MainActivity" image="фианит_ломбард"/>

	<!-- Центр игр -->
	<AppIcon name="com.huawei.gameassistant/com.huawei.gameassistant.views.GameassistantMainActivity" image="центр_игр"/>

	<!-- Часы -->
	<AppIcon name="com.android.deskclock/com.android.deskclock.AlarmsMainActivity" image="часы"/>

	<!-- Эл. почта -->
	<AppIcon name="com.android.email/com.android.email.activity.Welcome" image="эл_почта"/>

	<!-- Alien Shooter -->
	<AppIcon name="com.alien.shooter.galaxy.attack.premium/com.google.firebase.MessagingUnityPlayerActivity" image="alien_shooter"/>

	<!-- AppGallery -->
	<AppIcon name="com.huawei.appmarket/com.huawei.appmarket.MainActivity" image="appgallery"/>

	<!-- AppLocker -->
	<AppIcon name="com.martianmode.applock/com.martianmode.applock.Icon0" image="applocker"/>

	<!-- CCleaner -->
	<AppIcon name="com.piriform.ccleaner/com.avast.android.cleaner.activity.StartActivity" image="ccleaner"/>

	<!-- Cool Mi Camera -->
	<AppIcon name="cool.mi.camera/com.camera.function.main.privacy.CoolCameraPrivacyActivity" image="cool_mi_camera"/>

	<!-- Despicable Day -->
	<AppIcon name="com.SVEGames.DDay/com.unity3d.player.UnityPlayerProxyActivity" image="despicable_day"/>

	<!-- DNS Changer -->
	<AppIcon name="com.burakgon.dnschanger/com.burakgon.dnschanger.activities.LauncherActivity" image="dns_changer"/>

	<!-- FM-радио -->
	<AppIcon name="com.huawei.android.FMRadio/com.huawei.FMRadio.page.PageActivity" image="fm_радио"/>

	<!-- framework-hms-sdk -->
	<AppIcon name="com.huawei.himovie.overseas/com.huawei.himovie.ui.login.SplashScreenActivity" image="framework_hms_sdk"/>

	<!-- Honor магазин -->
	<AppIcon name="com.honor.global/com.honor.global.activity.LandingActivity" image="honor_магазин"/>

	<!-- Kate Mobile -->
	<AppIcon name="com.perm.kate_new_6/com.perm.kate.MainActivity" image="kate_mobile"/>

	<!-- KingRoot -->
	<AppIcon name="com.kingroot.kinguser/com.kingroot.kinguser.activitys.SliderMainActivity" image="kingroot"/>

	<!-- Link Now -->
	<AppIcon name="com.huawei.welinknow/com.huawei.welinklite.MainActivity" image="link_now"/>

	<!-- Mostbet -->
	<AppIcon name="com.ads.mostbet/com.mwl.feature.main.presentation.MainActivity.Default" image="mostbet"/>

	<!-- Myth Def 2 -->
	<AppIcon name="smpxg.mythdefdf/smpxg.mythdefdf.main" image="myth_def_2"/>

	<!-- Net Optimizer -->
	<AppIcon name="com.burakgon.netoptimizer/com.burakgon.netoptimizer.activities.MainActivity" image="net_optimizer"/>

	<!-- Offline Games -->
	<AppIcon name="com.JindoBlu.OfflineGames/com.unity3d.player.UnityPlayerActivity" image="offline_games"/>

	<!-- Petal Maps -->
	<AppIcon name="com.huawei.maps.app/com.huawei.maps.app.petalmaps.splash.SplashActivity" image="petal_maps"/>

	<!-- Phone Clone -->
	<AppIcon name="com.hicloud.android.clone/com.huawei.android.clone.activity.sender.ChooseReceiveSendActivity" image="phone_clone"/>

	<!-- Pin-Up -->
	<AppIcon name="com.spa.pin.up.off/com.spa.pin.up.off.screens.MainActivity" image="pin_up"/>

	<!-- Radio Record -->
	<AppIcon name="com.infoshell.recradio/com.infoshell.recradio.activity.splash.SplashActivity" image="radio_record"/>

	<!-- Slotozal -->
	<AppIcon name="net.slotozal.casino/com.example.changehost.activity.DexLoadActivity" image="slotozal"/>

	<!-- Web Tools -->
	<AppIcon name="webtools.ddm.com.webtools/webtools.ddm.com.webtools.ui.MainActivity" image="web_tools"/>

	<!-- WiFi Map -->
	<AppIcon name="io.wifimap.wifimap/io.wifimap.wifimap.ui.activities.StartActivity" image="wifi_map"/>

	<!-- WIN - Remote PRO -->
	<AppIcon name="banamalon.remote.win.pro/banamalon.remote.win.pro.SplashScreen" image="win_remote_pro"/>

</Theme>