<resources>

	<!-- 1DM+ -->
	<item component="ComponentInfo{idm.internet.download.manager.plus/idm.internet.download.manager.MainActivity}" drawable="_1dm_" />

	<!-- Aniyomi -->
	<item component="ComponentInfo{xyz.jmir.tachiyomi.mi.debug/eu.kanade.tachiyomi.ui.main.MainActivity}" drawable="aniyomi" />

	<!-- Anytype -->
	<item component="ComponentInfo{io.anytype.app/com.anytypeio.anytype.ui.main.MainActivity}" drawable="anytype" />

	<!-- Apple Music -->
	<item component="ComponentInfo{com.apple.android.music/com.apple.android.music.onboarding.activities.SplashActivity}" drawable="apple_music" />

	<!-- Camera -->
	<item component="ComponentInfo{com.nothing.camera/com.nothing.camera.activity.CameraActivity}" drawable="camera" />

	<!-- Camera -->
	<item component="ComponentInfo{app.grapheneos.camera/app.grapheneos.camera.ui.activities.MainActivity}" drawable="camera" />

	<!-- Classical -->
	<item component="ComponentInfo{com.apple.android.music.classical/com.apple.android.music.classical.app.features.launcherscreen.ui.LauncherActivity}" drawable="classical" />

	<!-- Composer -->
	<item component="ComponentInfo{com.nothing.glyph.composer/com.nothing.glyph.composer.ui.MainActivity}" drawable="composer" />

	<!-- Digilocker -->
	<item component="ComponentInfo{com.digilocker.android/in.gov.digilocker.views.mainactivity.SplashScreenActivity}" drawable="digilocker" />

	<!-- Discord -->
	<item component="ComponentInfo{com.discord/com.discord.main.MainDefault}" drawable="discord" />

	<!-- Droid-ify -->
	<item component="ComponentInfo{com.looker.droidify/com.looker.droidify.MainActivity}" drawable="droid_ify" />

	<!-- exteraGram -->
	<item component="ComponentInfo{com.exteragram.messenger/com.exteragram.messenger.DefaultIcon}" drawable="exteragram" />

	<!-- FairEmail -->
	<item component="ComponentInfo{eu.faircode.email/eu.faircode.email.ActivityMain}" drawable="fairemail" />

	<!-- Firefox Beta -->
	<item component="ComponentInfo{org.mozilla.firefox_beta/org.mozilla.firefox_beta.App}" drawable="firefox_beta" />

	<!-- Free TV -->
	<item component="ComponentInfo{com.phstudio.freetv/com.phstudio.freetv.MainActivity}" drawable="free_tv" />

	<!-- Funkong -->
	<item component="ComponentInfo{com.sikebo.amoled.funkong.icons/com.sikebo.amoled.icons.activities.SplashActivity}" drawable="funkong" />

	<!-- Hypatia -->
	<item component="ComponentInfo{us.spotco.malwarescanner/us.spotco.malwarescanner.MainActivity}" drawable="hypatia" />

	<!-- iBroadcast -->
	<item component="ComponentInfo{com.iBroadcast/com.ibroadcast.activities.LoginActivity}" drawable="ibroadcast" />

	<!-- India Drug Index -->
	<item component="ComponentInfo{com.medengage.drugindex/com.medengage.drugindex.ui.activity.NewSplashActivity}" drawable="india_drug_index" />

	<!-- KeePassDX -->
	<item component="ComponentInfo{com.kunzisoft.keepass.free/com.kunzisoft.keepass.activities.FileDatabaseSelectActivity}" drawable="keepassdx" />

	<!-- KLWP -->
	<item component="ComponentInfo{org.kustom.wallpaper/org.kustom.app.OnBoardingActivity}" drawable="klwp" />

	<!-- Kvaesitso Nightly -->
	<item component="ComponentInfo{de.mm20.launcher2.nightly/de.mm20.launcher2.ui.launcher.LauncherActivity}" drawable="kvaesitso_nightly" />

	<!-- LessPass -->
	<item component="ComponentInfo{com.lesspass.android/com.lesspass.android.MainActivity}" drawable="lesspass" />

	<!-- mAadhaar -->
	<item component="ComponentInfo{in.gov.uidai.mAadhaarPlus/in.gov.uidai.mAadhaarPlus.MainActivity}" drawable="maadhaar" />

	<!-- MiX -->
	<item component="ComponentInfo{com.mixplorer.silver/com.mixplorer.activities.BrowseActivity}" drawable="mix" />

	<!-- Network Speed -->
	<item component="ComponentInfo{com.evozi.network/com.evozi.network.view.MainActivity}" drawable="network_speed" />

	<!-- NextGen mParivahan -->
	<item component="ComponentInfo{com.nic.mparivahan/com.nic.mparivahan.Welcome.SplashScreen}" drawable="nextgen_mparivahan" />

	<!-- Nothing X -->
	<item component="ComponentInfo{com.nothing.smartcenter/com.nothing.home.activity.WelcomeActivity}" drawable="nothing_x" />

	<!-- Nova Video Player -->
	<item component="ComponentInfo{org.courville.nova/org.courville.nova.browser.BrowserActivityVideo}" drawable="nova_video_player" />

	<!-- Ola -->
	<item component="ComponentInfo{com.olacabs.customer/com.olacabs.customer.ui.SplashActivity}" drawable="ola" />

	<!-- OSS Document Scanner -->
	<item component="ComponentInfo{com.akylas.documentscanner/com.akylas.documentscanner.MainActivity}" drawable="oss_document_scanner" />

	<!-- PDF Viewer -->
	<item component="ComponentInfo{app.grapheneos.pdfviewer/app.grapheneos.pdfviewer.PdfViewer}" drawable="pdf_viewer" />

	<!-- Pixel Buds -->
	<item component="ComponentInfo{com.google.android.apps.wearables.maestro.companion/com.google.android.apps.wearables.maestro.companion.ui.ShortCutActivity}" drawable="pixel_buds" />

	<!-- Recorder -->
	<item component="ComponentInfo{com.nothing.soundrecorder/com.nothing.soundrecorder.ui.NewMainActivity}" drawable="recorder" />

	<!-- RedReader -->
	<item component="ComponentInfo{org.quantumbadger.redreader/org.quantumbadger.redreader.activities.MainActivity}" drawable="redreader" />

	<!-- Rethink -->
	<item component="ComponentInfo{com.celzero.bravedns/com.celzero.bravedns.ui.HomeScreenActivity}" drawable="rethink" />

	<!-- Rewards -->
	<item component="ComponentInfo{com.google.android.apps.paidtasks/com.google.android.apps.paidtasks.activity.LaunchActivity}" drawable="rewards" />

	<!-- Round Sync -->
	<item component="ComponentInfo{de.felixnuesse.extract/ca.pkay.rcloneexplorer.Activities.MainActivity}" drawable="round_sync" />

	<!-- Royal Enfield -->
	<item component="ComponentInfo{com.royalenfield.reprime/com.royalenfield.reprime.ui.splash.activity.MainSplashScreenActivity}" drawable="royal_enfield" />

	<!-- Safety -->
	<item component="ComponentInfo{com.google.android.apps.safetyhub/com.google.android.apps.safetyhub.LauncherActivity}" drawable="safety" />

	<!-- SaverTuner -->
	<item component="ComponentInfo{s1m.savertuner/com.draco.buoy.views.MainActivity}" drawable="savertuner" />

	<!-- Seal -->
	<item component="ComponentInfo{com.junkfood.seal/com.junkfood.seal.MainActivity}" drawable="seal" />

	<!-- Session -->
	<item component="ComponentInfo{network.loki.messenger/network.loki.messenger.RoutingActivity}" drawable="session" />

	<!-- SimpleX -->
	<item component="ComponentInfo{chat.simplex.app/chat.simplex.app.MainActivity_dark_blue}" drawable="simplex" />

	<!-- Tasker -->
	<item component="ComponentInfo{net.dinglisch.android.taskerm/net.dinglisch.android.taskerm.Tasker}" drawable="tasker" />

	<!-- Tor Browser Alpha -->
	<item component="ComponentInfo{org.torproject.torbrowser_alpha/org.torproject.torbrowser_alpha.App}" drawable="tor_browser_alpha" />

	<!-- Uber -->
	<item component="ComponentInfo{com.ubercab/com.ubercab.presidio.app.core.root.RootActivity}" drawable="uber" />

	<!-- UTS -->
	<item component="ComponentInfo{com.cris.utsmobile/com.cris.ima.utsonmobile.mainmenuitems.SplashActivity}" drawable="uts" />

	<!-- WallFlow Plus -->
	<item component="ComponentInfo{com.ammar.wallflow.plus/com.ammar.wallflow.activities.main.MainActivity}" drawable="wallflow_plus" />

	<!-- WallMan -->
	<item component="ComponentInfo{com.colorata.wallman/com.colorata.wallman.shared.MainActivity}" drawable="wallman" />

	<!-- Weather -->
	<item component="ComponentInfo{com.nothing.weather/com.nothing.weather.ui.main.MainActivity}" drawable="weather" />

	<!-- YONO SBI -->
	<item component="ComponentInfo{com.sbi.lotusintouch/com.sbi.lotusintouch.MainActivity}" drawable="yono_sbi" />

</resources>