<resources>

	<!-- CARS24 -->
	<item component="ComponentInfo{com.cars24.uaeusedcars/com.cars24.uaeusedcars.MainActivity}" drawable="cars24" />

	<!-- CarSwitch -->
	<item component="ComponentInfo{com.glowfishlabs.carswitch/com.carswitch.MainActivity}" drawable="carswitch" />

	<!-- CDKeys -->
	<item component="ComponentInfo{com.cdkeys/com.cdkeys.MainActivity}" drawable="cdkeys" />

	<!-- Centrepoint -->
	<item component="ComponentInfo{com.landmarkgroup.centrepointstores/com.landmarkgroupreactapps.SplashActivityDefault}" drawable="centrepoint" />

	<!-- Cheapflights -->
	<item component="ComponentInfo{com.cf.flightsearch/com.kayak.android.splash.SplashActivity}" drawable="cheapflights" />

	<!-- CITRUSS -->
	<item component="ComponentInfo{citruss.android/citruss.android.activity.SplashScreenActivity}" drawable="citruss" />

	<!-- Cleartrip -->
	<item component="ComponentInfo{com.cleartrip.android/com.cleartrip.android.activity.common.SplashActivity}" drawable="cleartrip" />

	<!-- ClicknCollect -->
	<item component="ComponentInfo{com.clickncollect.customer/com.tookancustomer.SplashActivity}" drawable="clickncollect" />

	<!-- ClicknCollect Merchant -->
	<item component="ComponentInfo{com.clickncollect.merchant/com.example.yelomerchantappp.splash.activity.SplashActivity}" drawable="clickncollect_merchant" />

	<!-- Clip Studio -->
	<item component="ComponentInfo{jp.co.celsys.clipstudiopaint.googleplay/com.celsys.pwlegacyandroidhelpers.PWLegacyJniCustomNativeActivityAndroid}" drawable="clip_studio" />

	<!-- Cloud -->
	<item component="ComponentInfo{com.samsung.android.scloud/com.samsung.android.scloud.app.ui.splash.launcher}" drawable="cloud" />

	<!-- Cobone -->
	<item component="ComponentInfo{com.cobone.coboneapp/com.cobone.coboneapp.MainActivity}" drawable="cobone" />

	<!-- CoinMarketCap -->
	<item component="ComponentInfo{com.coinmarketcap.android/com.coinmarketcap.android.LaunchActivity}" drawable="coinmarketcap" />

	<!-- Concepts -->
	<item component="ComponentInfo{com.tophatch.concepts/com.tophatch.concepts.MainActivity}" drawable="concepts" />

	<!-- Couchsurfing -->
	<item component="ComponentInfo{com.couchsurfing.mobile.android/com.couchsurfing.mobile.ui.WelcomeActivity}" drawable="couchsurfing" />

	<!-- Creative Cloud -->
	<item component="ComponentInfo{com.adobe.cc/com.adobe.cc.SplashScreen}" drawable="creative_cloud" />

	<!-- ADCalendar -->
	<item component="ComponentInfo{ae.dctabudhabi.adcalendar/ps.visitabudhabi.adcalendar.ui.splash.SplashActivity}" drawable="adcalendar" />

	<!-- Danube Home -->
	<item component="ComponentInfo{com.app.danubehomeonline/com.app.danubehomeonline.MainActivity}" drawable="danube_home" />

	<!-- desertcart -->
	<item component="ComponentInfo{com.desertcartnative/com.desertcartnative.MainActivity}" drawable="desertcart" />

	<!-- DeviantArt -->
	<item component="ComponentInfo{com.deviantart.android.damobile/com.deviantart.android.damobile.activity.HomeActivity}" drawable="deviantart" />

	<!-- DIGI Clock Settings -->
	<item component="ComponentInfo{sk.michalec.SimpleDigiClockWidget/sk.michalec.SimpleDigiClockWidget.ConfigActivity}" drawable="digi_clock_settings" />

	<!-- DinoConnect -->
	<item component="ComponentInfo{com.anmo.dinoconnect/com.anmo.dinoconnect.MjpegActivity}" drawable="dinoconnect" />

	<!-- DinoDirect -->
	<item component="ComponentInfo{tw.com.anmo.dinodirect/tw.com.anmo.dinodirect.MainActivity}" drawable="dinodirect" />

	<!-- Discounter -->
	<item component="ComponentInfo{com.thediscounterapp/com.thediscounterapp.presentation.activity.main.MainActivity}" drawable="discounter" />

	<!-- Discovery -->
	<item component="ComponentInfo{com.asustek/com.asustek.MainActivity}" drawable="discovery" />

	<!-- DJI Mimo -->
	<item component="ComponentInfo{dji.mimo/dji.mimo.main.DJILaunchActivity}" drawable="dji_mimo" />

	<!-- DJI Store -->
	<item component="ComponentInfo{com.dji.overSeaStore/com.dji.store.activity.StartActivity}" drawable="dji_store" />

	<!-- DLCompare -->
	<item component="ComponentInfo{com.coffye.dlcompare/com.appmaker.xyz.webapp.SplashScreen}" drawable="dlcompare" />

	<!-- DODuae -->
	<item component="ComponentInfo{mobilapp.opencart.doduae/mobilapp.opencart.doduae.SplashScreen}" drawable="doduae" />

	<!-- DOKAN -->
	<item component="ComponentInfo{com.dokanandroidnew/com.e2ashopifyapp.MainActivity}" drawable="dokan" />

	<!-- DontKillMyApp -->
	<item component="ComponentInfo{com.urbandroid.dontkillmyapp/com.urbandroid.dontkillmyapp.MainActivity}" drawable="dontkillmyapp" />

	<!-- Dragon Mart -->
	<item component="ComponentInfo{ae.dpw.dragonmart/ae.dpw.dragonmart.MainActivity}" drawable="dragon_mart" />

	<!-- Dubai Page -->
	<item component="ComponentInfo{ae.dubaipage.app_user/com.dubai.dubai_user_app.MainActivity}" drawable="dubai_page" />

	<!-- Dubai REST -->
	<item component="ComponentInfo{ae.gov.dubailand.selfregistration/ae.gov.dubailand.rest.MainActivity}" drawable="dubai_rest" />

	<!-- DubaiStore -->
	<item component="ComponentInfo{com.dubaistore.app/com.dubaistore.MainActivity}" drawable="dubaistore" />

	<!-- dubizzle -->
	<item component="ComponentInfo{com.dubizzle.horizontal/com.dubizzle.horizontal.activities.routing.RoutingActivity}" drawable="dubizzle" />

	<!-- E-Liquid Recipes -->
	<item component="ComponentInfo{com.ugarsa.eliquidrecipes/com.ugarsa.eliquidrecipes.ui.splash.SplashActivity}" drawable="e_liquid_recipes" />

	<!-- Easy DNS -->
	<item component="ComponentInfo{com.inunxlabs.easydns/com.inunxlabs.easydns.Main}" drawable="easy_dns" />

	<!-- eLife Connect -->
	<item component="ComponentInfo{com.vianeos.homebox/com.vianeos.homeBox.activities.SplashActivity}" drawable="elife_connect" />

	<!-- Emax -->
	<item component="ComponentInfo{com.hit.emax/com.landmarkgroupreactapps.SplashActivity}" drawable="emax" />

	<!-- Emirates -->
	<item component="ComponentInfo{com.emirates.ek.android/com.emirates.startup.StartupActivity}" drawable="emirates" />

	<!-- Emirates Auction -->
	<item component="ComponentInfo{com.ea.emiratesauction/com.ea.emiratesauction.activity.SplashScreen}" drawable="emirates_auction" />

	<!-- Emirates Post -->
	<item component="ComponentInfo{ae.emiratespost.app/ae.emiratespost.mobile.app.MainActivity}" drawable="emirates_post" />

	<!-- Enhance -->
	<item component="ComponentInfo{club.enhance/com.enhancefitness.enhancex_v3.MainActivity}" drawable="enhance" />

	<!-- Enhance It -->
	<item component="ComponentInfo{com.reaimagine.enhanceit/com.zipoapps.premiumhelper.ui.splash.PHSplashActivity}" drawable="enhance_it" />

	<!-- ENTERTAINER -->
	<item component="ComponentInfo{com.theentertainerme.entertainer/com.theentertainerme.onboardingui.activities.OnBoardingActivity}" drawable="entertainer" />

	<!-- ENTERTAINER go -->
	<item component="ComponentInfo{com.theentertainerme.entertainergobase/com.theentertainerme.entertainergo.SplashScreenActivity}" drawable="entertainer_go" />

	<!-- Epic Pocket Wallpapers -->
	<item component="ComponentInfo{com.app.pocketwallpaper/com.app.materialwallpaper.activities.ActivitySplash}" drawable="epic_pocket_wallpapers" />

	<!-- Epson iPrint -->
	<item component="ComponentInfo{epson.print/epson.print.WellcomeScreenActivity}" drawable="epson_iprint" />

	<!-- Etihad Guest -->
	<item component="ComponentInfo{com.etihad.etihadguest.eyg.android/com.etihad.guest.android.ui.splash.SplashActivity}" drawable="etihad_guest" />

</resources>