<resources>

	<!-- Aliucord -->
	<item component="ComponentInfo{com.aliucord/com.discord.app.AppActivityMain}" drawable="aliucord" />

	<!-- Der Postillon -->
	<item component="ComponentInfo{com.postillon/io.gonative.android.SplashActivity}" drawable="der_postillon" />

	<!-- DSBmobile -->
	<item component="ComponentInfo{de.heinekingmedia.dsbmobile/de.heinekingmedia.dsbmobile.ui.activities.LoginActivity}" drawable="dsbmobile" />

	<!-- Duden Wörterbücher -->
	<item component="ComponentInfo{com.duden.container/com.paragon.container.CatalogActivity}" drawable="duden_worterbucher" />

	<!-- hocus -->
	<item component="ComponentInfo{air.com.gamebrain.hocus/air.com.gamebrain.hocus.AppEntry}" drawable="hocus" />

	<!-- Lawnchair -->
	<item component="ComponentInfo{ch.deletescape.lawnchair.plah/ch.deletescape.lawnchair.LawnchairLauncher}" drawable="lawnchair" />

	<!-- Lawnchair-Einstellungen -->
	<item component="ComponentInfo{ch.deletescape.lawnchair.plah/ch.deletescape.lawnchair.settings.ui.SettingsLauncherActivity}" drawable="lawnchair_einstellungen" />

	<!-- Quizlet -->
	<item component="ComponentInfo{com.quizlet.quizletandroie/com.quizlet.quizletandroie.ui.RootActivity}" drawable="quizlet" />

	<!-- Reminder -->
	<item component="ComponentInfo{com.samsung.android.app.reminder/com.samsung.android.app.reminder.ui.LaunchMainActivity}" drawable="reminder" />

	<!-- Vanced Manager -->
	<item component="ComponentInfo{com.vanced.manager/com.vanced.manager.ui.SplashScreenActivity}" drawable="vanced_manager" />

</resources>