<appmap>

	<!-- Aliucord -->
	<item class="com.discord.app.AppActivity$Main" name="aliucord"/>

	<!-- Der Postillon -->
	<item class="io.gonative.android.SplashActivity" name="der_postillon"/>

	<!-- DSBmobile -->
	<item class="de.heinekingmedia.dsbmobile.ui.activities.LoginActivity" name="dsbmobile"/>

	<!-- Duden Wörterbücher -->
	<item class="com.paragon.container.CatalogActivity" name="duden_worterbucher"/>

	<!-- hocus -->
	<item class="air.com.gamebrain.hocus.AppEntry" name="hocus"/>

	<!-- Lawnchair -->
	<item class="ch.deletescape.lawnchair.LawnchairLauncher" name="lawnchair"/>

	<!-- Lawnchair-Einstellungen -->
	<item class="ch.deletescape.lawnchair.settings.ui.SettingsLauncherActivity" name="lawnchair_einstellungen"/>

	<!-- Quizlet -->
	<item class="com.quizlet.quizletandroie.ui.RootActivity" name="quizlet"/>

	<!-- Reminder -->
	<item class="com.samsung.android.app.reminder.ui.LaunchMainActivity" name="reminder"/>

	<!-- Vanced Manager -->
	<item class="com.vanced.manager.ui.SplashScreenActivity" name="vanced_manager"/>

</appmap>