<Theme version="1">

	<!-- Aliucord -->
	<AppIcon name="com.aliucord/com.discord.app.AppActivity$Main" image="aliucord"/>

	<!-- Der Postillon -->
	<AppIcon name="com.postillon/io.gonative.android.SplashActivity" image="der_postillon"/>

	<!-- DSBmobile -->
	<AppIcon name="de.heinekingmedia.dsbmobile/de.heinekingmedia.dsbmobile.ui.activities.LoginActivity" image="dsbmobile"/>

	<!-- Duden Wörterbücher -->
	<AppIcon name="com.duden.container/com.paragon.container.CatalogActivity" image="duden_worterbucher"/>

	<!-- hocus -->
	<AppIcon name="air.com.gamebrain.hocus/air.com.gamebrain.hocus.AppEntry" image="hocus"/>

	<!-- Lawnchair -->
	<AppIcon name="ch.deletescape.lawnchair.plah/ch.deletescape.lawnchair.LawnchairLauncher" image="lawnchair"/>

	<!-- Lawnchair-Einstellungen -->
	<AppIcon name="ch.deletescape.lawnchair.plah/ch.deletescape.lawnchair.settings.ui.SettingsLauncherActivity" image="lawnchair_einstellungen"/>

	<!-- Quizlet -->
	<AppIcon name="com.quizlet.quizletandroie/com.quizlet.quizletandroie.ui.RootActivity" image="quizlet"/>

	<!-- Reminder -->
	<AppIcon name="com.samsung.android.app.reminder/com.samsung.android.app.reminder.ui.LaunchMainActivity" image="reminder"/>

	<!-- Vanced Manager -->
	<AppIcon name="com.vanced.manager/com.vanced.manager.ui.SplashScreenActivity" image="vanced_manager"/>

</Theme>