<resources>

	<!-- 750g -->
	<item component="ComponentInfo{com.enki.Enki750g/com.webedia.food.splash.SplashActivity}" drawable="_750g" />

	<!-- AlloCiné -->
	<item component="ComponentInfo{com.allocine.androidapp/com.allocine.archibien.base.activities.SplashActivity}" drawable="allocine" />

	<!-- Burger King -->
	<item component="ComponentInfo{air.com.unit9.bkFrApp/air.com.unit9.bkFrApp.MainActivity}" drawable="burger_king" />

	<!-- CamSam -->
	<item component="ComponentInfo{com.camsam/de.blitzer.activity.SplashScreen}" drawable="camsam" />

	<!-- Delta Chat -->
	<item component="ComponentInfo{com.b44t.messenger/org.thoughtcrime.securesms.RoutingActivity}" drawable="delta_chat" />

	<!-- Family Link -->
	<item component="ComponentInfo{com.google.android.apps.kids.familylink/com.google.android.apps.kids.familylink.flutter.standalone.HomeActivity}" drawable="family link" />

	<!-- Gaming Hub -->
	<item component="ComponentInfo{com.samsung.android.game.gamehome/com.samsung.android.game.gamehome.app.MainActivity}" drawable="gaming_hub" />

	<!-- Health -->
	<item component="ComponentInfo{com.sec.android.app.shealth/com.samsung.android.app.shealth.home.HomeMainActivity}" drawable="health" />

	<!-- KFC France -->
	<item component="ComponentInfo{fr.kfc.mobileapp/com.kfcfr.orderserv.SplashActivity}" drawable="kfc_france" />

	<!-- Marmiton -->
	<item component="ComponentInfo{com.aufeminin.marmiton.activities/com.aufeminin.marmiton.androidApp.ui.SplashscreenActivity}" drawable="marmiton" />

	<!-- McDo+ -->
	<item component="ComponentInfo{com.md.mcdonalds.gomcdo/fr.unifymcd.mcdplus.ui.MainActivity}" drawable="mcdo_" />

	<!-- Messagerie Free -->
	<item component="ComponentInfo{fr.freemobile.android.vvm/fr.freemobile.android.vvm.customui.launchscreens.FirstLaunchActivity}" drawable="messagerie_free" />

	<!-- Météo et horloge transparent -->
	<item component="ComponentInfo{com.droid27.transparentclockweather/com.droid27.transparentclockweather.launcher.LauncherActivity}" drawable="meteo_et_horloge_transparent" />

	<!-- OQEE by Free -->
	<item component="ComponentInfo{net.oqee.androidmobile/net.oqee.android.ui.main.splash.SplashActivity}" drawable="oqee_by_free" />

	<!-- Programme TV -->
	<item component="ComponentInfo{net.aietec.epg/net.aietec.epg.MainActivity}" drawable="programme_tv" />

	<!-- Replaio Radio -->
	<item component="ComponentInfo{com.hv.replaio/com.hv.replaio.activities.StartActivity}" drawable="replaio_radio" />

	<!-- Signal -->
	<item component="ComponentInfo{org.thoughtcrime.securesms/org.thoughtcrime.securesms.RoutingActivityAltWhite}" drawable="signal" />

	<!-- SLMC -->
	<item component="ComponentInfo{com.fadden.slmc/com.fadden.slmc.MainActivity}" drawable="slmc" />

	<!-- SuperFreezZ -->
	<item component="ComponentInfo{superfreeze.tool.android/superfreeze.tool.android.userInterface.mainActivity.MainActivity}" drawable="superfreezz" />

	<!-- Telegram -->
	<item component="ComponentInfo{org.telegram.messenger/org.telegram.messenger.VintageIcon}" drawable="telegram" />

	<!-- Twitch -->
	<item component="ComponentInfo{tv.twitch.android.app/tv.twitch.android.app.core.LandingActivity}" drawable="twitch" />

	<!-- upday -->
	<item component="ComponentInfo{de.axelspringer.yana/de.axelspringer.yana.activities.SplashScreenActivity}" drawable="upday" />

	<!-- Waze -->
	<item component="ComponentInfo{com.waze/com.waze.FreeMapAppActivity}" drawable="waze" />

</resources>