<appmap>

	<!-- 750g -->
	<item class="com.webedia.food.splash.SplashActivity" name="_750g"/>

	<!-- AlloCiné -->
	<item class="com.allocine.archibien.base.activities.SplashActivity" name="allocine"/>

	<!-- Burger King -->
	<item class="air.com.unit9.bkFrApp.MainActivity" name="burger_king"/>

	<!-- CamSam -->
	<item class="de.blitzer.activity.SplashScreen" name="camsam"/>

	<!-- Delta Chat -->
	<item class="org.thoughtcrime.securesms.RoutingActivity" name="delta_chat"/>

	<!-- Family Link -->
	<item class="com.google.android.apps.kids.familylink.flutter.standalone.HomeActivity" name="family link"/>

	<!-- Gaming Hub -->
	<item class="com.samsung.android.game.gamehome.app.MainActivity" name="gaming_hub"/>

	<!-- Health -->
	<item class="com.samsung.android.app.shealth.home.HomeMainActivity" name="health"/>

	<!-- KFC France -->
	<item class="com.kfcfr.orderserv.SplashActivity" name="kfc_france"/>

	<!-- Marmiton -->
	<item class="com.aufeminin.marmiton.androidApp.ui.SplashscreenActivity" name="marmiton"/>

	<!-- McDo+ -->
	<item class="fr.unifymcd.mcdplus.ui.MainActivity" name="mcdo_"/>

	<!-- Messagerie Free -->
	<item class="fr.freemobile.android.vvm.customui.launchscreens.FirstLaunchActivity" name="messagerie_free"/>

	<!-- Météo et horloge transparent -->
	<item class="com.droid27.transparentclockweather.launcher.LauncherActivity" name="meteo_et_horloge_transparent"/>

	<!-- OQEE by Free -->
	<item class="net.oqee.android.ui.main.splash.SplashActivity" name="oqee_by_free"/>

	<!-- Programme TV -->
	<item class="net.aietec.epg.MainActivity" name="programme_tv"/>

	<!-- Replaio Radio -->
	<item class="com.hv.replaio.activities.StartActivity" name="replaio_radio"/>

	<!-- Signal -->
	<item class="org.thoughtcrime.securesms.RoutingActivityAltWhite" name="signal"/>

	<!-- SLMC -->
	<item class="com.fadden.slmc.MainActivity" name="slmc"/>

	<!-- SuperFreezZ -->
	<item class="superfreeze.tool.android.userInterface.mainActivity.MainActivity" name="superfreezz"/>

	<!-- Telegram -->
	<item class="org.telegram.messenger.VintageIcon" name="telegram"/>

	<!-- Twitch -->
	<item class="tv.twitch.android.app.core.LandingActivity" name="twitch"/>

	<!-- upday -->
	<item class="de.axelspringer.yana.activities.SplashScreenActivity" name="upday"/>

	<!-- Waze -->
	<item class="com.waze.FreeMapAppActivity" name="waze"/>

</appmap>