<Theme version="1">

	<!-- 750g -->
	<AppIcon name="com.enki.Enki750g/com.webedia.food.splash.SplashActivity" image="_750g"/>

	<!-- AlloCiné -->
	<AppIcon name="com.allocine.androidapp/com.allocine.archibien.base.activities.SplashActivity" image="allocine"/>

	<!-- Burger King -->
	<AppIcon name="air.com.unit9.bkFrApp/air.com.unit9.bkFrApp.MainActivity" image="burger_king"/>

	<!-- CamSam -->
	<AppIcon name="com.camsam/de.blitzer.activity.SplashScreen" image="camsam"/>

	<!-- Delta Chat -->
	<AppIcon name="com.b44t.messenger/org.thoughtcrime.securesms.RoutingActivity" image="delta_chat"/>

	<!-- Family Link -->
	<AppIcon name="com.google.android.apps.kids.familylink/com.google.android.apps.kids.familylink.flutter.standalone.HomeActivity" image="family link"/>

	<!-- Gaming Hub -->
	<AppIcon name="com.samsung.android.game.gamehome/com.samsung.android.game.gamehome.app.MainActivity" image="gaming_hub"/>

	<!-- Health -->
	<AppIcon name="com.sec.android.app.shealth/com.samsung.android.app.shealth.home.HomeMainActivity" image="health"/>

	<!-- KFC France -->
	<AppIcon name="fr.kfc.mobileapp/com.kfcfr.orderserv.SplashActivity" image="kfc_france"/>

	<!-- Marmiton -->
	<AppIcon name="com.aufeminin.marmiton.activities/com.aufeminin.marmiton.androidApp.ui.SplashscreenActivity" image="marmiton"/>

	<!-- McDo+ -->
	<AppIcon name="com.md.mcdonalds.gomcdo/fr.unifymcd.mcdplus.ui.MainActivity" image="mcdo_"/>

	<!-- Messagerie Free -->
	<AppIcon name="fr.freemobile.android.vvm/fr.freemobile.android.vvm.customui.launchscreens.FirstLaunchActivity" image="messagerie_free"/>

	<!-- Météo et horloge transparent -->
	<AppIcon name="com.droid27.transparentclockweather/com.droid27.transparentclockweather.launcher.LauncherActivity" image="meteo_et_horloge_transparent"/>

	<!-- OQEE by Free -->
	<AppIcon name="net.oqee.androidmobile/net.oqee.android.ui.main.splash.SplashActivity" image="oqee_by_free"/>

	<!-- Programme TV -->
	<AppIcon name="net.aietec.epg/net.aietec.epg.MainActivity" image="programme_tv"/>

	<!-- Replaio Radio -->
	<AppIcon name="com.hv.replaio/com.hv.replaio.activities.StartActivity" image="replaio_radio"/>

	<!-- Signal -->
	<AppIcon name="org.thoughtcrime.securesms/org.thoughtcrime.securesms.RoutingActivityAltWhite" image="signal"/>

	<!-- SLMC -->
	<AppIcon name="com.fadden.slmc/com.fadden.slmc.MainActivity" image="slmc"/>

	<!-- SuperFreezZ -->
	<AppIcon name="superfreeze.tool.android/superfreeze.tool.android.userInterface.mainActivity.MainActivity" image="superfreezz"/>

	<!-- Telegram -->
	<AppIcon name="org.telegram.messenger/org.telegram.messenger.VintageIcon" image="telegram"/>

	<!-- Twitch -->
	<AppIcon name="tv.twitch.android.app/tv.twitch.android.app.core.LandingActivity" image="twitch"/>

	<!-- upday -->
	<AppIcon name="de.axelspringer.yana/de.axelspringer.yana.activities.SplashScreenActivity" image="upday"/>

	<!-- Waze -->
	<AppIcon name="com.waze/com.waze.FreeMapAppActivity" image="waze"/>

</Theme>