<resources>

	<!-- Azar -->
	<item component="ComponentInfo{com.azarlive.android/com.azarlive.android.presentation.login.LoginActivity}" drawable="azar" />

	<!-- BendyStraw -->
	<item component="ComponentInfo{rocks.mm_dev.BendyStraw/rocks.mm_dev.BendyStraw.MainActivity}" drawable="bendystraw" />

	<!-- Bhagavad Gita -->
	<item component="ComponentInfo{com.wirelessalien.android.bhagavadgita/com.wirelessalien.android.bhagavadgita.activity.SplashActivity}" drawable="bhagavad_gita" />

	<!-- Collins Dict & Thes -->
	<item component="ComponentInfo{com.mobisystems.msdict.embedded.wireless.collins.englishdictandthes/com.mobisystems.msdict.viewer.EulaActivity}" drawable="collins_dict_and_thes" />

	<!-- Cryptomator -->
	<item component="ComponentInfo{org.cryptomator.lite/org.cryptomator.presentation.ui.activity.VaultListActivity}" drawable="cryptomator" />

	<!-- Dictionary -->
	<item component="ComponentInfo{com.mobisystems.msdict.embedded.wireless.oxford.dictionaryofenglish/com.mobisystems.base_dict_plugin.MainActivity}" drawable="dictionary" />

	<!-- Dollphone -->
	<item component="ComponentInfo{me.x2gd4.dollphone/me.x2gd4.dollphone.activities.MainActivity}" drawable="dollphone" />

	<!-- Eternity -->
	<item component="ComponentInfo{eu.toldi.infinityforlemmy/eu.toldi.infinityforlemmy.DefaultIcon}" drawable="eternity" />

	<!-- Extirpater -->
	<item component="ComponentInfo{us.spotco.extirpater/us.spotco.extirpater.MainActivity}" drawable="extirpater" />

	<!-- Fall -->
	<item component="ComponentInfo{com.autismprime.fall/com.autismprime.fall.MainActivity}" drawable="fall" />

	<!-- Gemini -->
	<item component="ComponentInfo{com.google.android.googlequicksearchbox/com.google.android.apps.search.assistant.surfaces.voice.robin.launcher.RobinEntryPointActivity}" drawable="gemini" />

	<!-- Irregular Expressions -->
	<item component="ComponentInfo{mf.asciitext.lite/mf.irregex.SplashScreen}" drawable="irregular_expressions" />

	<!-- Monkey -->
	<item component="ComponentInfo{cool.monkey.android/cool.monkey.android.activity.WelcomeActivity}" drawable="monkey" />

	<!-- Music Player -->
	<item component="ComponentInfo{org.fossify.musicplayer/org.fossify.musicplayer.activities.SplashActivity.Green}" drawable="music_player" />

	<!-- Obtainium -->
	<item component="ComponentInfo{dev.imranr.obtainium.fdroid/dev.imranr.obtainium.MainActivity}" drawable="obtainium" />

	<!-- Ola Party -->
	<item component="ComponentInfo{com.live.party/com.yy.hiyo.MainActivity}" drawable="ola_party" />

	<!-- OmeTV -->
	<item component="ComponentInfo{omegle.tv/omegle.tv.SplashActivity}" drawable="ometv" />

	<!-- Voyager -->
	<item component="ComponentInfo{app.vger.voyager/app.vger.voyager.MainActivity}" drawable="voyager" />

	<!-- Wps Wpa Tester Premium -->
	<item component="ComponentInfo{as.wps.wpatester/as.wps.wpatester.ui.intro.IntroActivity}" drawable="wps_wpa_tester_premium" />

</resources>