<Theme version="1">

	<!-- Azar -->
	<AppIcon name="com.azarlive.android/com.azarlive.android.presentation.login.LoginActivity" image="azar"/>

	<!-- BendyStraw -->
	<AppIcon name="rocks.mm_dev.BendyStraw/rocks.mm_dev.BendyStraw.MainActivity" image="bendystraw"/>

	<!-- Bhagavad Gita -->
	<AppIcon name="com.wirelessalien.android.bhagavadgita/com.wirelessalien.android.bhagavadgita.activity.SplashActivity" image="bhagavad_gita"/>

	<!-- Collins Dict & Thes -->
	<AppIcon name="com.mobisystems.msdict.embedded.wireless.collins.englishdictandthes/com.mobisystems.msdict.viewer.EulaActivity" image="collins_dict_and_thes"/>

	<!-- Cryptomator -->
	<AppIcon name="org.cryptomator.lite/org.cryptomator.presentation.ui.activity.VaultListActivity" image="cryptomator"/>

	<!-- Dictionary -->
	<AppIcon name="com.mobisystems.msdict.embedded.wireless.oxford.dictionaryofenglish/com.mobisystems.base_dict_plugin.MainActivity" image="dictionary"/>

	<!-- Dollphone -->
	<AppIcon name="me.x2gd4.dollphone/me.x2gd4.dollphone.activities.MainActivity" image="dollphone"/>

	<!-- Eternity -->
	<AppIcon name="eu.toldi.infinityforlemmy/eu.toldi.infinityforlemmy.DefaultIcon" image="eternity"/>

	<!-- Extirpater -->
	<AppIcon name="us.spotco.extirpater/us.spotco.extirpater.MainActivity" image="extirpater"/>

	<!-- Fall -->
	<AppIcon name="com.autismprime.fall/com.autismprime.fall.MainActivity" image="fall"/>

	<!-- Gemini -->
	<AppIcon name="com.google.android.googlequicksearchbox/com.google.android.apps.search.assistant.surfaces.voice.robin.launcher.RobinEntryPointActivity" image="gemini"/>

	<!-- Irregular Expressions -->
	<AppIcon name="mf.asciitext.lite/mf.irregex.SplashScreen" image="irregular_expressions"/>

	<!-- Monkey -->
	<AppIcon name="cool.monkey.android/cool.monkey.android.activity.WelcomeActivity" image="monkey"/>

	<!-- Music Player -->
	<AppIcon name="org.fossify.musicplayer/org.fossify.musicplayer.activities.SplashActivity.Green" image="music_player"/>

	<!-- Obtainium -->
	<AppIcon name="dev.imranr.obtainium.fdroid/dev.imranr.obtainium.MainActivity" image="obtainium"/>

	<!-- Ola Party -->
	<AppIcon name="com.live.party/com.yy.hiyo.MainActivity" image="ola_party"/>

	<!-- OmeTV -->
	<AppIcon name="omegle.tv/omegle.tv.SplashActivity" image="ometv"/>

	<!-- Voyager -->
	<AppIcon name="app.vger.voyager/app.vger.voyager.MainActivity" image="voyager"/>

	<!-- Wps Wpa Tester Premium -->
	<AppIcon name="as.wps.wpatester/as.wps.wpatester.ui.intro.IntroActivity" image="wps_wpa_tester_premium"/>

</Theme>