<resources>

	<!-- AppGallery -->
	<item component="ComponentInfo{com.huawei.appmarket/com.huawei.appmarket.MainActivity}" drawable="appgallery" />

	<!-- iOS Widgets - iWidgets -->
	<item component="ComponentInfo{colorwidgets.ios.widget.topwidgets/colorwidgets.ios.widget.topwidgets.ui.activity.loading.LoadingActivity}" drawable="ios_widgets_iwidgets" />

	<!-- Lock Screen -->
	<item component="ComponentInfo{com.olalab.lockscreen/com.olalab.lockscreen.MainActivity}" drawable="lock_screen" />

	<!-- MyRecorder -->
	<item component="ComponentInfo{myrecorder.voicerecorder.voicememos.audiorecorder.recordingapp/com.myviocerecorder.voicerecorder.ui.activities.SplashActivity}" drawable="myrecorder" />

	<!-- NotiStar -->
	<item component="ComponentInfo{com.samsung.systemui.notilus/com.samsung.systemui.notilus.NotiCenterPage}" drawable="notistar" />

	<!-- Samsung Cloud -->
	<item component="ComponentInfo{com.samsung.android.scloud/com.samsung.android.scloud.app.ui.splash.launcher}" drawable="samsung_cloud" />

	<!-- Smart Tutor -->
	<item component="ComponentInfo{com.rsupport.rs.activity.rsupport.aas2/com.rsupport.rs.activity.edit.IntroActivity}" drawable="smart_tutor" />

	<!-- Switch -->
	<item component="ComponentInfo{zheng.meizi.com.dataswitchfree/zheng.meizi.com.data.DataActivity}" drawable="switch" />

	<!-- Widgeet -->
	<item component="ComponentInfo{art.widgeet.android/com.leaves.MainActivity}" drawable="widgeet" />

	<!-- WiFi Pass Map -->
	<item component="ComponentInfo{com.sunrisegiya.grand.passtyocco/com.freeandroidapp.wifiroutersetupnetworkinfo.allwifiroutersettings.routeradminrouter.Activities.Splash}" drawable="wifi_pass_map" />

</resources>