<resources>

	<!-- Akash Talks -->
	<item component="ComponentInfo{com.akash.talks/com.appx.core.activity.SplashActivity}" drawable="akash_talks" />

	<!-- Anilab -->
	<item component="ComponentInfo{com.anilab.android/com.anilab.android.ui.activity.MainActivity}" drawable="anilab" />

	<!-- FamApp -->
	<item component="ComponentInfo{com.fampay.in/com.fampay.in.ui.splash.SplashActivity}" drawable="famapp" />

	<!-- FebBox -->
	<item component="ComponentInfo{com.topspeed.febbox2/com.snowtop.diskpanda.view.activity.SplashActivity}" drawable="febbox" />

	<!-- MCPEDL -->
	<item component="ComponentInfo{com.overwolf.mcpedl/com.overwolf.mcpedl.MainActivity}" drawable="mcpedl" />

	<!-- OmniCard -->
	<item component="ComponentInfo{com.eroute.omnicard/com.eroute.omnicard.SPActivityAliasDif}" drawable="omnicard" />

	<!-- PLS -->
	<item component="ComponentInfo{com.rasugames.pls/com.unity3d.player.UnityPlayerActivity}" drawable="pls" />

	<!-- QR & Barcode Scanner -->
	<item component="ComponentInfo{com.gamma.scan/com.gamma.barcodeapp.ui.BarcodeCaptureActivity}" drawable="qr_and_barcode_scanner" />

	<!-- Saikou -->
	<item component="ComponentInfo{ani.saikou/ani.saikou.MainActivity}" drawable="saikou" />

	<!-- Samsung Wallet -->
	<item component="ComponentInfo{com.samsung.android.spaymini/com.samsung.android.spay.ui.SpayMainActivity}" drawable="samsung_wallet" />

	<!-- Screen Alive -->
	<item component="ComponentInfo{in.snapcore.screen_alive/in.snapcore.screen_alive.view.FreeActivity}" drawable="screen_alive" />

	<!-- ShowBox -->
	<item component="ComponentInfo{com.tdo.showbox/com.tdo.showbox.view.activity.SplashActivity}" drawable="showbox" />

	<!-- Stario Launcher -->
	<item component="ComponentInfo{com.stario.launcher/com.stario.launcher.Launcher}" drawable="stario_launcher" />

	<!-- TeraBox -->
	<item component="ComponentInfo{com.dubox.drive/com.dubox.drive.ui.LogoNewLauncherActivity}" drawable="terabox" />

	<!-- ViON App - Cartoons Animes -->
	<item component="ComponentInfo{com.vion.vionapp/com.vion.vionapp.common.StartActivity}" drawable="vion_app_cartoons_animes" />

	<!-- YouTube -->
	<item component="ComponentInfo{app.rex.android.youtube/com.google.android.youtube.app.honeycomb.Shell$HomeActivity}" drawable="youtube" />

	<!-- Zipped apps -->
	<item component="ComponentInfo{com.samsung.memorysaver/com.samsung.memorysaver.zipunzipapps.ui.activities.ZipLauncherActivity}" drawable="zipped_apps" />

</resources>