<Theme version="1">

	<!-- Akash Talks -->
	<AppIcon name="com.akash.talks/com.appx.core.activity.SplashActivity" image="akash_talks"/>

	<!-- Anilab -->
	<AppIcon name="com.anilab.android/com.anilab.android.ui.activity.MainActivity" image="anilab"/>

	<!-- FamApp -->
	<AppIcon name="com.fampay.in/com.fampay.in.ui.splash.SplashActivity" image="famapp"/>

	<!-- FebBox -->
	<AppIcon name="com.topspeed.febbox2/com.snowtop.diskpanda.view.activity.SplashActivity" image="febbox"/>

	<!-- MCPEDL -->
	<AppIcon name="com.overwolf.mcpedl/com.overwolf.mcpedl.MainActivity" image="mcpedl"/>

	<!-- OmniCard -->
	<AppIcon name="com.eroute.omnicard/com.eroute.omnicard.SPActivityAliasDif" image="omnicard"/>

	<!-- PLS -->
	<AppIcon name="com.rasugames.pls/com.unity3d.player.UnityPlayerActivity" image="pls"/>

	<!-- QR & Barcode Scanner -->
	<AppIcon name="com.gamma.scan/com.gamma.barcodeapp.ui.BarcodeCaptureActivity" image="qr_and_barcode_scanner"/>

	<!-- Saikou -->
	<AppIcon name="ani.saikou/ani.saikou.MainActivity" image="saikou"/>

	<!-- Samsung Wallet -->
	<AppIcon name="com.samsung.android.spaymini/com.samsung.android.spay.ui.SpayMainActivity" image="samsung_wallet"/>

	<!-- Screen Alive -->
	<AppIcon name="in.snapcore.screen_alive/in.snapcore.screen_alive.view.FreeActivity" image="screen_alive"/>

	<!-- ShowBox -->
	<AppIcon name="com.tdo.showbox/com.tdo.showbox.view.activity.SplashActivity" image="showbox"/>

	<!-- Stario Launcher -->
	<AppIcon name="com.stario.launcher/com.stario.launcher.Launcher" image="stario_launcher"/>

	<!-- TeraBox -->
	<AppIcon name="com.dubox.drive/com.dubox.drive.ui.LogoNewLauncherActivity" image="terabox"/>

	<!-- ViON App - Cartoons Animes -->
	<AppIcon name="com.vion.vionapp/com.vion.vionapp.common.StartActivity" image="vion_app_cartoons_animes"/>

	<!-- YouTube -->
	<AppIcon name="app.rex.android.youtube/com.google.android.youtube.app.honeycomb.Shell$HomeActivity" image="youtube"/>

	<!-- Zipped apps -->
	<AppIcon name="com.samsung.memorysaver/com.samsung.memorysaver.zipunzipapps.ui.activities.ZipLauncherActivity" image="zipped_apps"/>

</Theme>