<resources>

	<!-- 美团 -->
	<item component="ComponentInfo{com.sankuai.meituan/com.meituan.android.pt.homepage.activity.MainActivity}" drawable="美团" />

	<!-- 企业微信 -->
	<item component="ComponentInfo{com.tencent.wework/com.tencent.wework.launch.LaunchSplashEduActivity}" drawable="企业微信" />

	<!-- 相册 -->
	<item component="ComponentInfo{com.oneplus.gallery/com.coloros.gallery3d.app.MainActivity}" drawable="相册" />

	<!-- 相机 -->
	<item component="ComponentInfo{com.oplus.camera/com.oplus.camera.Camera}" drawable="相机" />

	<!-- 小企鹅输入法5 -->
	<item component="ComponentInfo{org.fcitx.fcitx5.android/org.fcitx.fcitx5.android.ui.main.MainActivity}" drawable="小企鹅输入法5" />

	<!-- Arcticons Material You -->
	<item component="ComponentInfo{com.donnnno.arcticons.you.play/com.donnnno.arcticons.activities.MainActivity}" drawable="arcticons_material_you" />

	<!-- MuPDF viewer -->
	<item component="ComponentInfo{com.artifex.mupdf.viewer.app/com.artifex.mupdf.viewer.app.LibraryActivity}" drawable="mupdf_viewer" />

	<!-- Oto Music -->
	<item component="ComponentInfo{com.piyush.music/com.piyush.music.activities.main.MainActivity}" drawable="oto_music" />

	<!-- PianOli -->
	<item component="ComponentInfo{com.nicobrailo.pianoli/com.nicobrailo.pianoli.MainActivity}" drawable="pianoli" />

	<!-- PiliPala -->
	<item component="ComponentInfo{com.guozhigq.pilipala/com.ryanheise.audioservice.AudioServiceActivity}" drawable="pilipala" />

	<!-- Syncthing -->
	<item component="ComponentInfo{com.nutomic.syncthingandroid/com.nutomic.syncthingandroid.activities.FirstStartActivity}" drawable="syncthing" />

	<!-- Tailscale -->
	<item component="ComponentInfo{com.tailscale.ipn/com.tailscale.ipn.IPNActivity}" drawable="tailscale" />

</resources>