<Theme version="1">

	<!-- 美团 -->
	<AppIcon name="com.sankuai.meituan/com.meituan.android.pt.homepage.activity.MainActivity" image="美团"/>

	<!-- 企业微信 -->
	<AppIcon name="com.tencent.wework/com.tencent.wework.launch.LaunchSplashEduActivity" image="企业微信"/>

	<!-- 相册 -->
	<AppIcon name="com.oneplus.gallery/com.coloros.gallery3d.app.MainActivity" image="相册"/>

	<!-- 相机 -->
	<AppIcon name="com.oplus.camera/com.oplus.camera.Camera" image="相机"/>

	<!-- 小企鹅输入法5 -->
	<AppIcon name="org.fcitx.fcitx5.android/org.fcitx.fcitx5.android.ui.main.MainActivity" image="小企鹅输入法5"/>

	<!-- Arcticons Material You -->
	<AppIcon name="com.donnnno.arcticons.you.play/com.donnnno.arcticons.activities.MainActivity" image="arcticons_material_you"/>

	<!-- MuPDF viewer -->
	<AppIcon name="com.artifex.mupdf.viewer.app/com.artifex.mupdf.viewer.app.LibraryActivity" image="mupdf_viewer"/>

	<!-- Oto Music -->
	<AppIcon name="com.piyush.music/com.piyush.music.activities.main.MainActivity" image="oto_music"/>

	<!-- PianOli -->
	<AppIcon name="com.nicobrailo.pianoli/com.nicobrailo.pianoli.MainActivity" image="pianoli"/>

	<!-- PiliPala -->
	<AppIcon name="com.guozhigq.pilipala/com.ryanheise.audioservice.AudioServiceActivity" image="pilipala"/>

	<!-- Syncthing -->
	<AppIcon name="com.nutomic.syncthingandroid/com.nutomic.syncthingandroid.activities.FirstStartActivity" image="syncthing"/>

	<!-- Tailscale -->
	<AppIcon name="com.tailscale.ipn/com.tailscale.ipn.IPNActivity" image="tailscale"/>

</Theme>