<resources>

	<!-- Black Desert Mobile -->
	<item component="ComponentInfo{com.pearlabyss.blackdesertm.gl/com.pearlabyss.blackdesertm.Loader}" drawable="black_desert_mobile" />

	<!-- drupe -->
	<item component="ComponentInfo{mobi.drupe.app/mobi.drupe.app.boarding.BoardingMActivity}" drawable="drupe" />

	<!-- drupe dialer -->
	<item component="ComponentInfo{mobi.drupe.app/mobi.drupe.app.DialerIconActivity}" drawable="drupe_dialer" />

	<!-- FinalFantasy7 -->
	<item component="ComponentInfo{com.square_enix.android_googleplay.FFVII/jp.co.d4e.materialg.ExpansionFileDownloaderActivity}" drawable="finalfantasy7" />

	<!-- Install with Options -->
	<item component="ComponentInfo{dev.zwander.installwithoptions/dev.zwander.installwithoptions.MainActivity}" drawable="install_with_options" />

	<!-- KOTOR -->
	<item component="ComponentInfo{com.aspyr.swkotor/com.aspyr.kotor.KOTOR}" drawable="kotor" />

	<!-- KOTOR II -->
	<item component="ComponentInfo{com.aspyr.swkotorii/com.aspyr.kotor.StartupActivity}" drawable="kotor_ii" />

	<!-- ShizuTools -->
	<item component="ComponentInfo{com.legendsayantan.adbtools/com.legendsayantan.adbtools.InitialActivity}" drawable="shizutools" />

	<!-- Voicemail -->
	<item component="ComponentInfo{com.samsung.vvm/com.samsung.vvm.vvmapp.VVMApplicationAlias}" drawable="voicemail" />

	<!-- 검은사막 모바일 -->
	<item component="ComponentInfo{com.pearlabyss.blackdesertm/com.pearlabyss.blackdesertm.Loader}" drawable="검은사막_모바일" />

</resources>