<Theme version="1">

	<!-- Black Desert Mobile -->
	<AppIcon name="com.pearlabyss.blackdesertm.gl/com.pearlabyss.blackdesertm.Loader" image="black_desert_mobile"/>

	<!-- drupe -->
	<AppIcon name="mobi.drupe.app/mobi.drupe.app.boarding.BoardingMActivity" image="drupe"/>

	<!-- drupe dialer -->
	<AppIcon name="mobi.drupe.app/mobi.drupe.app.DialerIconActivity" image="drupe_dialer"/>

	<!-- FinalFantasy7 -->
	<AppIcon name="com.square_enix.android_googleplay.FFVII/jp.co.d4e.materialg.ExpansionFileDownloaderActivity" image="finalfantasy7"/>

	<!-- Install with Options -->
	<AppIcon name="dev.zwander.installwithoptions/dev.zwander.installwithoptions.MainActivity" image="install_with_options"/>

	<!-- KOTOR -->
	<AppIcon name="com.aspyr.swkotor/com.aspyr.kotor.KOTOR" image="kotor"/>

	<!-- KOTOR II -->
	<AppIcon name="com.aspyr.swkotorii/com.aspyr.kotor.StartupActivity" image="kotor_ii"/>

	<!-- ShizuTools -->
	<AppIcon name="com.legendsayantan.adbtools/com.legendsayantan.adbtools.InitialActivity" image="shizutools"/>

	<!-- Voicemail -->
	<AppIcon name="com.samsung.vvm/com.samsung.vvm.vvmapp.VVMApplicationAlias" image="voicemail"/>

	<!-- 검은사막 모바일 -->
	<AppIcon name="com.pearlabyss.blackdesertm/com.pearlabyss.blackdesertm.Loader" image="검은사막_모바일"/>

</Theme>