<resources>

	<!-- Antimine -->
	<item component="ComponentInfo{dev.lucanlm.antimine/dev.lucasnlm.antimine.main.MainActivity}" drawable="antimine" />

	<!-- Arcticons Material You -->
	<item component="ComponentInfo{com.donnnno.arcticons.you/com.donnnno.arcticons.activities.MainActivity}" drawable="arcticons_material_you" />

	<!-- Contacts Import -->
	<item component="ComponentInfo{net.stargw.contactsimport/net.stargw.contactsimport.ContactsImport}" drawable="contacts_import" />

	<!-- Kanji Dojo -->
	<item component="ComponentInfo{ua.syt0r.kanji.fdroid/ua.syt0r.kanji.presentation.screen.main.FdroidMainActivity}" drawable="kanji_dojo" />

	<!-- Language Transfer -->
	<item component="ComponentInfo{org.languagetransfer/org.languagetransfer.MainActivity}" drawable="language_transfer" />

	<!-- MyGesture -->
	<item component="ComponentInfo{me.hisn.mygesture/me.hisn.mygesture.EA}" drawable="mygesture" />

	<!-- Pix Wallpapers -->
	<item component="ComponentInfo{com.pashapuma.pix.wallpapers/com.pashapuma.pix.wallpapers.MainActivity}" drawable="pix_wallpapers" />

	<!-- Proton Pass -->
	<item component="ComponentInfo{proton.android.pass/proton.android.pass.ui.MainActivity}" drawable="proton_pass" />

	<!-- The Koren Tefilla App -->
	<item component="ComponentInfo{com.maatayim.koren/com.maatayim.koren.ui.main.MainActivity}" drawable="the_koren_tefilla_app" />

	<!-- בנק הפועלים -->
	<item component="ComponentInfo{com.ideomobile.hapoalim/com.ideomobile.hapoalim.features.auth.splash.SplashActivity}" drawable="בנק_הפועלים" />

	<!-- המוסד לביטוח לאומי -->
	<item component="ComponentInfo{il.gov.btl.mobile/il.gov.btl.mobile.MainActivity}" drawable="המוסד_לביטוח_לאומי" />

	<!-- ישראכרט -->
	<item component="ComponentInfo{com.isracard.hatavot/com.isracard.hatavot.MainActivity}" drawable="ישראכרט" />

</resources>