<Theme version="1">

	<!-- Antimine -->
	<AppIcon name="dev.lucanlm.antimine/dev.lucasnlm.antimine.main.MainActivity" image="antimine"/>

	<!-- Arcticons Material You -->
	<AppIcon name="com.donnnno.arcticons.you/com.donnnno.arcticons.activities.MainActivity" image="arcticons_material_you"/>

	<!-- Contacts Import -->
	<AppIcon name="net.stargw.contactsimport/net.stargw.contactsimport.ContactsImport" image="contacts_import"/>

	<!-- Kanji Dojo -->
	<AppIcon name="ua.syt0r.kanji.fdroid/ua.syt0r.kanji.presentation.screen.main.FdroidMainActivity" image="kanji_dojo"/>

	<!-- Language Transfer -->
	<AppIcon name="org.languagetransfer/org.languagetransfer.MainActivity" image="language_transfer"/>

	<!-- MyGesture -->
	<AppIcon name="me.hisn.mygesture/me.hisn.mygesture.EA" image="mygesture"/>

	<!-- Pix Wallpapers -->
	<AppIcon name="com.pashapuma.pix.wallpapers/com.pashapuma.pix.wallpapers.MainActivity" image="pix_wallpapers"/>

	<!-- Proton Pass -->
	<AppIcon name="proton.android.pass/proton.android.pass.ui.MainActivity" image="proton_pass"/>

	<!-- The Koren Tefilla App -->
	<AppIcon name="com.maatayim.koren/com.maatayim.koren.ui.main.MainActivity" image="the_koren_tefilla_app"/>

	<!-- בנק הפועלים -->
	<AppIcon name="com.ideomobile.hapoalim/com.ideomobile.hapoalim.features.auth.splash.SplashActivity" image="בנק_הפועלים"/>

	<!-- המוסד לביטוח לאומי -->
	<AppIcon name="il.gov.btl.mobile/il.gov.btl.mobile.MainActivity" image="המוסד_לביטוח_לאומי"/>

	<!-- ישראכרט -->
	<AppIcon name="com.isracard.hatavot/com.isracard.hatavot.MainActivity" image="ישראכרט"/>

</Theme>