<appmap>

	<!-- Air Hockey Challenge -->
	<item class="com.mobirix.airhockey.airhockey" name="air_hockey_challenge"/>

	<!-- Anime Slayer -->
	<item class="com.anslayer.ui.splash.SplashActivity" name="anime_slayer"/>

	<!-- Apktool M -->
	<item class="ru.maximoff.apktool.SplashActivity" name="apktool_m"/>

	<!-- APNA SHIELD PRO -->
	<item class="prince.open.vpn.activities.SplashActivity" name="apna_shield_pro"/>

	<!-- App vault -->
	<item class="com.mi.globalminusscreen.MainActivity" name="app_vault"/>

	<!-- Arabic English Dictionary -->
	<item class="com.dictionary.ar.DictionaryActivity" name="arabic_english_dictionary"/>

	<!-- Archery Battle -->
	<item class="com.cg.archery.MainActivity" name="archery_battle"/>

	<!-- ASD Player -->
	<item class="com.app_mo.splayer.ui.main.MainActivity" name="asd_player"/>

	<!-- Ayah -->
	<item class="com.ayah.ui.SplashScreen" name="ayah"/>

	<!-- Base64 -->
	<item class="com.example.intro_screen.MainActivity" name="base64"/>

	<!-- Beeper -->
	<item class="com.beeper.chat.booper.MainActivity" name="beeper_booper"/>

	<!-- Boardible -->
	<item class="com.google.firebase.MessagingUnityPlayerActivity" name="boardible"/>

	<!-- BOK -->
	<item class="com.mode.bok.ui.DefaultLanguageActivity" name="bok"/>

	<!-- Bolt -->
	<item class="ee.mtakso.client.activity.SplashHomeActivity" name="bolt"/>

	<!-- Botim -->
	<item class="im.thebot.messenger.BOTStartPage" name="botim"/>

	<!-- Brick Game -->
	<item class="com.unity3d.player.UnityPlayerActivity" name="brick_game"/>

	<!-- Calendar -->
	<item class="com.android.calendar.homepage.AllInOneActivity" name="calendar"/>

	<!-- Call of Duty -->
	<item class="com.tencent.tmgp.cod.CODMPrivatePermissionActivity" name="call_of_duty"/>

	<!-- Car Racing -->
	<item class="com.unity3d.player.UnityPlayerActivity" name="car_racing"/>

	<!-- Careem -->
	<item class="com.careem.superapp.OnboardingActivityOldIcon" name="careem"/>

	<!-- Clock -->
	<item class="com.android.deskclock.DeskClockTabActivity" name="clock"/>

	<!-- COD Warzone -->
	<item class="com.activision.game.MainActivity" name="cod_warzone"/>

	<!-- COUNTRY TUNNEL VIP -->
	<item class="renz.javacodez.vpn.activities.RCODEVPNSplash" name="country_tunnel_vip"/>

	<!-- Cromite -->
	<item class="com.google.android.apps.chrome.Main" name="cromite"/>

	<!-- Currency Plus -->
	<item class="sk.halmi.ccalc.main.MainActivity" name="currency_plus"/>

	<!-- D4D -->
	<item class="com.voixme.d4d.ui.activity.SplashScreen" name="d4d"/>

	<!-- Devil May Cry: Peak of Combat -->
	<item class="com.hutong.supersdk.MainActivity" name="devil_may_cry_peak_of_combat"/>

	<!-- Downloads -->
	<item class="com.android.providers.downloads.ui.DownloadList" name="downloads"/>

	<!-- Early Bird Alarm Clock -->
	<item class="com.funanduseful.earlybirdalarm.ui.main.MainActivity" name="early_bird_alarm_clock"/>

	<!-- Epic Games Store -->
	<item class="com.epicgames.portal.MainActivity" name="epic_games_store"/>

	<!-- Epub Reader -->
	<item class="com.foobnix.ui2.MainTabs2" name="epub_reader"/>

	<!-- Falling Blocks -->
	<item class="com.godot.game.GodotApp" name="falling_blocks"/>

	<!-- Fanta Pro Vpn -->
	<item class="renz.javacodez.vpn.activities.VPNSplash" name="fanta_pro_vpn"/>

	<!-- File Manager -->
	<item class="org.fossify.filemanager.activities.SplashActivity.Green" name="file_manager_green"/>

	<!-- FluffyChat -->
	<item class="chat.fluffy.fluffychat.MainActivity" name="fluffychat"/>

	<!-- FontFix -->
	<item class="com.jrummyapps.fontfix.activities.FontListActivity" name="fontfix"/>

	<!-- Fortnite -->
	<item class="com.epicgames.unreal.SplashActivity" name="fortnite"/>

	<!-- FV File Explorer Pro -->
	<item class="com.folderv.file.SplashActivity" name="fv_file_explorer_pro"/>

	<!-- Gallery -->
	<item class="com.miui.gallery.activity.HomePageActivity" name="gallery"/>

	<!-- Game Center -->
	<item class="com.xiaomi.glgm.home.ui.SplashActivity" name="game_center"/>

	<!-- GameBox -->
	<item class="com.turner.cartoonnetworkgames.MainActivity" name="gamebox"/>

	<!-- GetApps -->
	<item class="com.xiaomi.mipicks.DefaultAlias" name="getapps"/>

	<!-- GTA: SA -->
	<item class="com.rockstargames.gtasa.Downloader" name="gta_sa"/>

	<!-- GuessIron -->
	<item class="de.indie42.guessiron.MainActivity" name="guessiron"/>

	<!-- HackerBot -->
	<item class="net.hackerbot.hbsiteapp.MainActivity" name="hackerbot"/>

	<!-- HexX VPN -->
	<item class="com.tekidoer.hexxvpn.activities.SplashActivity" name="hexx_vpn"/>

	<!-- Honista -->
	<item class="com.app.launcher_0" name="honista"/>

	<!-- HTTP Request Tunnel -->
	<item class="spkmods.build.austrovpn.LauncherActivity" name="http_request_tunnel"/>

	<!-- HungerStation -->
	<item class="com.hungerstation.android.web.v6.screens.splash.view.SplashActivity" name="hungerstation"/>

	<!-- ICE VPN -->
	<item class="com.technore.tunnel.activities.SpashActivity" name="ice_vpn"/>

	<!-- imo HD -->
	<item class="com.imo.android.imoim.activities.Home" name="imo_hd"/>

	<!-- IR PRO VPN -->
	<item class="com.technore.tunnel.activities.SplashActivity" name="ir_pro_vpn"/>

	<!-- IzzyOnDroid -->
	<item class="in.sunilpaulmathew.izzyondroid.MainActivity" name="izzyondroid"/>

	<!-- JACO -->
	<item class="com.weo.projectz.MainActivity" name="jaco"/>

	<!-- Kiberu Data App -->
	<item class="com.appsgeyser.multiTabApp.MainNavigationActivity" name="kiberu_data_app"/>

	<!-- Langster -->
	<item class="com.langster.languages.MainActivity" name="langster"/>

	<!-- lCagjoshiq -->
	<item class="ru.eipjmiuj.qtprjrusi.MainActivity1" name="lucky_patcher"/>

	<!-- LOGO -->
	<item class="com.unity3d.player.UnityPlayerActivity" name="logo"/>

	<!-- MA NET VPN -->
	<item class="prince.open.vpn.activities.SpashActivity" name="ma_net_vpn"/>

	<!-- Media Rewards -->
	<item class="com.beatgridmedia.panelsync.mediarewards.activity.OverviewActivity" name="media_rewards"/>

	<!-- MHR Tunnel VIP -->
	<item class="renz.javacodez.vpn.activities.VPNSplash" name="mhr_tunnel_vip"/>

	<!-- Mi Mover -->
	<item class="com.miui.huanji.MainActivity" name="mi_mover"/>

	<!-- Mi Remote -->
	<item class="com.xiaomi.mitv.phone.remotecontroller.HoriWidgetMainActivityV2" name="mi_remote"/>

	<!-- Music -->
	<item class="com.miui.player.ui.MusicBrowserActivity" name="music"/>

	<!-- MX Player -->
	<item class="com.mxtech.videoplayer.pro.ActivityMediaList" name="mx_player_pro"/>

	<!-- MY TUNNEL MAX -->
	<item class="com.supremedev.tunnel.activities.SpashActivity" name="my_tunnel_max"/>

	<!-- NERD VPN 2024 -->
	<item class="com.webihostapp.xprofreevpnapp.activities.SplashActivity" name="nerd_vpn_2024"/>

	<!-- OpenComicVine -->
	<item class="org.proninyaroslav.opencomicvine.ui.MainActivity" name="opencomicvine"/>

	<!-- OsmAnd -->
	<item class="net.osmand.plus.activities.MapActivity" name="osmand"/>

	<!-- PAC-MAN 256 -->
	<item class="com.unity3d.player.UnityPlayerActivity" name="pac_man_256"/>

	<!-- PDF Extra -->
	<item class="com.mobisystems.office.splashScreen.SplashScreenActivity" name="pdf_extra"/>

	<!-- PLH TUNNEL -->
	<item class="renz.javacodez.vpn.activities.VPNSplash" name="plh_tunnel"/>

	<!-- Poweramp -->
	<item class="com.maxmpz.audioplayer.standard_adaptive" name="poweramp"/>

	<!-- Puzzledom -->
	<item class="org.cocos2dx.cpp.AppActivity" name="puzzledom"/>

	<!-- QR&T Scanner -->
	<item class="com.netvor.qrtscanner.MainActivity" name="qr_and_t_scanner"/>

	<!-- Recorder -->
	<item class="com.android.soundrecorder.StartActivity" name="recorder"/>

	<!-- Screen Recorder -->
	<item class="com.miui.screenrecorder.activity.ScreenRecorderHomeActivity" name="screen_recorder"/>

	<!-- Services & feedback -->
	<item class="com.miui.miservice.main.MainActivity" name="services_and_feedback"/>

	<!-- SetEdit -->
	<item class="by4a.setedit.EditorActivity" name="setedit22"/>

	<!-- SF IV CE -->
	<item class="jp.gltest2.android.GlTest2Activity" name="sf_iv_ce"/>

	<!-- Snake.io -->
	<item class="com.kooapps.unity.CustomUnityPlayerActivity" name="snakeio"/>

	<!-- Spider -->
	<item class="com.mobilityware.spider.Spider" name="spider"/>

	<!-- Stickman Party -->
	<item class="com.unity3d.player.UnityPlayerActivity" name="stickman_party"/>

	<!-- Subway Surf -->
	<item class="com.sybogames.chili.multidex.ChiliMultidexSupportActivity" name="subway_surf"/>

	<!-- Sync -->
	<item class="com.resilio.sync.ui.activity.StartActivity" name="sync"/>

	<!-- Taqtaqah -->
	<item class="com.daregame.MainActivity" name="taqtaqah"/>

	<!-- The Amazing Spider-Man 2 -->
	<item class="com.gameloft.android.ANMP.GloftASHM.GameActivity" name="the_amazing_spider_man_2"/>

	<!-- Themes -->
	<item class="com.android.thememanager.ThemeResourceTabActivity" name="themes"/>

	<!-- TIDAL -->
	<item class="com.aspiro.wamp.LoginFragmentActivity" name="tidal"/>

	<!-- TL FAST VPN -->
	<item class="prince.open.vpn.activities.SpashActivity" name="tl_fast_vpn"/>

	<!-- Uninstaller -->
	<item class="com.rhythm.hexise.uninst.Uninstaller" name="uninstaller"/>

	<!-- Viber -->
	<item class="com.viber.voip.WelcomeActivity" name="viber"/>

	<!-- VLN -->
	<item class="com.unity3d.player.UnityPlayerActivity" name="vln"/>

	<!-- Water Sort -->
	<item class="com.unity3d.player.UnityPlayerActivity" name="water_sort"/>

	<!-- WildHunt -->
	<item class="com.unity3d.player.UnityPlayerActivity" name="wildhunt"/>

	<!-- XAPK Installer -->
	<item class="com.apkpure.installer.MainActivity" name="xapk_installer"/>

	<!-- Zalo -->
	<item class="com.zing.zalo.ui.SplashActivity" name="zalo"/>

	<!-- التحدي السري -->
	<item class="com.tableknightgames.secretchallenge.Main" name="التحدي_السري"/>

	<!-- الجواب الشاطح -->
	<item class="com.google.firebase.MessagingUnityPlayerActivity" name="الجواب_الشاطح"/>

	<!-- برا السالفة -->
	<item class="com.tableknightgames.barraalsalfah.Main" name="برا_السالفة"/>

	<!-- تحدي الخمس ثواني -->
	<item class="com.threethings.challengefiveseconds.MainActivity" name="challengefiveseconds"/>

	<!-- جوابك جوابهم -->
	<item class="com.google.firebase.MessagingUnityPlayerActivity" name="جوابك_جوابهم"/>

	<!-- حراج -->
	<item class="com.haraj.app.main.MainActivity" name="haraj"/>

	<!-- طقطقة -->
	<item class="com.challenge_of_commands_and_confessions.taqtiqa.SplashScreen" name="taqtiqa"/>

	<!-- عوايدك -->
	<item class="com.tableknightgames.awaydak.Main" name="عوايدك"/>

	<!-- مصحف المدينة -->
	<item class="com.embarcadero.firemonkey.FMXNativeActivity" name="firemonkey"/>

	<!-- هو هي هم -->
	<item class="com.tableknightgames.heshethem.Main" name="هو_هي_هم"/>

</appmap>