<appmap>

	<!-- eWeLink -->
	<item class="com.coolkit.SplashActivity" name="ewelink"/>

	<!-- Expedia -->
	<item class="com.expedia.bookings.activity.SearchActivity" name="expedia"/>

	<!-- Experience Abu Dhabi -->
	<item class="com.vad.app.presentation.splash.activities.SplashActivity" name="experience_abu_dhabi"/>

	<!-- ExpertWiFi -->
	<item class="com.asus.aihome.MainActivity" name="expertwifi"/>

	<!-- FaceLab -->
	<item class="com.lyrebirdstudio.facelab.SplashActivity" name="facelab"/>

	<!-- Facetune -->
	<item class="com.lightricks.facetune.splash.SplashActivity" name="facetune"/>

	<!-- Family Link -->
	<item class="com.google.android.apps.kids.familylink.flutter.standalone.HomeActivity" name="family_link"/>

	<!-- Farfetch -->
	<item class="com.farfetch.farfetchshop.features.start.StartActivity" name="farfetch"/>

	<!-- Fasting -->
	<item class="com.kompanion.fasting.android.MainActivity" name="fasting"/>

	<!-- Fazaa -->
	<item class="ae.fazaa.MainActivity" name="fazaa"/>

	<!-- FEPY -->
	<item class="com.fepy.flutter_app.MainActivity" name="fepy"/>

	<!-- Ferns N Petals -->
	<item class="ae.fnp.MainActivity" name="ferns_n_petals"/>

	<!-- File Converter -->
	<item class="com.onlineconvert.ocapp.MainActivity" name="file_converter"/>

	<!-- Fire and Ice Live Wallpaper -->
	<item class="com.blwp.fireice.screens.SplashActivity" name="fire_and_ice_live_wallpaper"/>

	<!-- Fire TV -->
	<item class="com.amazon.bison.SplashScreen" name="fire_tv"/>

	<!-- Flickr -->
	<item class="com.yahoo.mobile.client.android.flickr.ui.misc.LoginActivity" name="flickr"/>

	<!-- FlipaClip -->
	<item class="com.vblast.feature_home.presentation.MainActivity" name="flipaclip"/>

	<!-- Floward -->
	<item class="com.q8.flowers.app.presentation.splash.SplashScreen" name="floward"/>

	<!-- Flowwow -->
	<item class="com.flowwow.features.splash.SplashActivity" name="flowwow"/>

	<!-- Fluid -->
	<item class="com.unity3d.player.UnityPlayerActivity" name="fluid"/>

	<!-- Fotor -->
	<item class="com.everimaging.fotor.SplashActivity" name="fotor"/>

	<!-- Frameo -->
	<item class="net.frameo.app.ui.activities.AGalleryPicker" name="frameo"/>

	<!-- Freshtohome -->
	<item class="com.freshtohome.MainActivity" name="freshtohome"/>

	<!-- Fyuse -->
	<item class="com.fyusion.fyuse.SplashScreen" name="fyuse"/>

	<!-- FZ Platinum -->
	<item class="com.flydubai.platinumcardoffers.MainActivity" name="fz_platinum"/>

	<!-- G2A -->
	<item class="com.g2a.marketplace.main.MainActivity" name="g2a"/>

	<!-- Game Deals -->
	<item class="com.razer.android.dealsv2.activity.SplashActivity" name="game_deals"/>

	<!-- GamePad Tester -->
	<item class="com.chimera.saturday.evogamepadtester.controller.Home" name="gamepad_tester"/>

	<!-- Gamesplanet -->
	<item class="com.mstoreapp.ionic1645711573664.MainActivity" name="gamesplanet"/>

	<!-- GBox -->
	<item class="com.gbox.android.SplashActivity" name="gbox"/>

	<!-- GCCGAMERS -->
	<item class="com.simicart.MainActivity" name="gccgamers"/>

	<!-- GetYourGuide -->
	<item class="com.getyourguide.InitDumpActivity" name="getyourguide"/>

	<!-- GitMind -->
	<item class="com.apowersoft.gitmind.MainActivity" name="gitmind"/>

	<!-- GoChat -->
	<item class="com.vianeos.octochat.Default" name="gochat"/>

	<!-- Goibibo -->
	<item class="com.goibibo.common.HomeActivity" name="goibibo"/>

	<!-- Google Cloud -->
	<item class="com.google.android.apps.cloudconsole.common.MainContainerActivity" name="google_cloud"/>

	<!-- GoSupps -->
	<item class="gosupps.com.app.MainActivity" name="gosupps"/>

	<!-- Govee Home -->
	<item class="com.govee.home.HomeActivity" name="govee_home"/>

	<!-- Groupon -->
	<item class="com.groupon.home.main.activities.Carousel" name="groupon"/>

	<!-- GRUBL -->
	<item class="com.zipoapps.premiumhelper.ui.splash.PHSplashActivity" name="grubl"/>

	<!-- H&M - MENA -->
	<item class="com.hm.MainActivity" name="h_and_m_mena"/>

	<!-- Halal -->
	<item class="com.halalalemarat.halalalemarat.MainActivity" name="halal"/>

	<!-- Handy Photo -->
	<item class="com.advasoft.handyphoto.GPNBOViewFakeStart" name="handy_photo"/>

	<!-- Hardee's UAE -->
	<item class="com.americana.me.hardees.ui.onboarding.splash.HardeesSplashActivity" name="hardees_uae"/>

	<!-- Hatla2ee -->
	<item class="com.hatla2ee.hatla2ee_egypt.MainActivity" name="hatla2ee"/>

	<!-- HDO Box -->
	<item class="com.hdobox.MainActivity" name="hdo_box"/>

	<!-- Health -->
	<item class="com.samsung.android.app.shealth.home.HomeMainActivity" name="health"/>

	<!-- Home Box -->
	<item class="com.landmarkgroupreactapps.SplashActivityDefault" name="home_box"/>

	<!-- Home Centre -->
	<item class="com.landmarkgroupreactapps.SplashActivityDefault" name="home_centre"/>

	<!-- Homesrus -->
	<item class="com.homesrus.app.ui.splash.SplashActivity" name="homesrus"/>

</appmap>