<resources>

	<!-- 1DM -->
	<item component="ComponentInfo{idm.internet.download.manager/idm.internet.download.manager.MainActivity}" drawable="_1dm" />

	<!-- Amazon -->
	<item component="ComponentInfo{in.amazon.mShop.android.shopping/com.amazon.mShop.home.HomeActivity}" drawable="amazon" />

	<!-- JioPOS Lite -->
	<item component="ComponentInfo{com.jio.poslite/com.jio.poslite.activities.SplashScreenActivity}" drawable="jiopos_lite" />

	<!-- Kotak Bank -->
	<item component="ComponentInfo{com.msf.kbank.mobile/com.msf.kbank.mobile.launcher_d5e15a74df3d33e17b26d16a879646bfef34a86881463b2b8442d76af1f6f1f4}" drawable="kotak_bank" />

	<!-- Paytm for Business -->
	<item component="ComponentInfo{com.paytm.business/com.paytm.business.splash.SplashActivity}" drawable="paytm_for_business" />

	<!-- PayZapp -->
	<item component="ComponentInfo{com.hdfcbank.payzapp/com.apollorncontainer.activities.SplashActivity}" drawable="payzapp" />

	<!-- Pix Wallpapers -->
	<item component="ComponentInfo{com.pashapuma.pix.wallpapers/com.pashapuma.pix.wallpapers.MainActivity}" drawable="pix_wallpapers" />

	<!-- Pulsar -->
	<item component="ComponentInfo{com.rhmsoft.pulsar/com.rhmsoft.play.MainActivity}" drawable="pulsar" />

</resources>