<appmap>

	<!-- 1DM -->
	<item class="idm.internet.download.manager.MainActivity" name="_1dm"/>

	<!-- Amazon -->
	<item class="com.amazon.mShop.home.HomeActivity" name="amazon"/>

	<!-- JioPOS Lite -->
	<item class="com.jio.poslite.activities.SplashScreenActivity" name="jiopos_lite"/>

	<!-- Kotak Bank -->
	<item class="com.msf.kbank.mobile.launcher_d5e15a74df3d33e17b26d16a879646bfef34a86881463b2b8442d76af1f6f1f4" name="kotak_bank"/>

	<!-- Paytm for Business -->
	<item class="com.paytm.business.splash.SplashActivity" name="paytm_for_business"/>

	<!-- PayZapp -->
	<item class="com.apollorncontainer.activities.SplashActivity" name="payzapp"/>

	<!-- Pix Wallpapers -->
	<item class="com.pashapuma.pix.wallpapers.MainActivity" name="pix_wallpapers"/>

	<!-- Pulsar -->
	<item class="com.rhmsoft.play.MainActivity" name="pulsar"/>

</appmap>