<Theme version="1">

	<!-- 1DM -->
	<AppIcon name="idm.internet.download.manager/idm.internet.download.manager.MainActivity" image="_1dm"/>

	<!-- Amazon -->
	<AppIcon name="in.amazon.mShop.android.shopping/com.amazon.mShop.home.HomeActivity" image="amazon"/>

	<!-- JioPOS Lite -->
	<AppIcon name="com.jio.poslite/com.jio.poslite.activities.SplashScreenActivity" image="jiopos_lite"/>

	<!-- Kotak Bank -->
	<AppIcon name="com.msf.kbank.mobile/com.msf.kbank.mobile.launcher_d5e15a74df3d33e17b26d16a879646bfef34a86881463b2b8442d76af1f6f1f4" image="kotak_bank"/>

	<!-- Paytm for Business -->
	<AppIcon name="com.paytm.business/com.paytm.business.splash.SplashActivity" image="paytm_for_business"/>

	<!-- PayZapp -->
	<AppIcon name="com.hdfcbank.payzapp/com.apollorncontainer.activities.SplashActivity" image="payzapp"/>

	<!-- Pix Wallpapers -->
	<AppIcon name="com.pashapuma.pix.wallpapers/com.pashapuma.pix.wallpapers.MainActivity" image="pix_wallpapers"/>

	<!-- Pulsar -->
	<AppIcon name="com.rhmsoft.pulsar/com.rhmsoft.play.MainActivity" image="pulsar"/>

</Theme>