<Theme version="1">

	<!-- All PDF Reader -->
	<AppIcon name="com.ezt.pdfreader.pdfviewer/com.ezt.pdfreader.pdfviewer.SplashScreen" image="all_pdf_reader"/>

	<!-- Android Developers -->
	<AppIcon name="org.chromium.webapk.a808b3429ed9f4fa2_v2/org.chromium.webapk.shell_apk.h2o.H2OOpaqueMainActivity" image="android_developers"/>

	<!-- android12updater -->
	<AppIcon name="com.unisoift.android12checklist/com.unisoift.android12checklist.MainActivity" image="android12updater"/>

	<!-- AndroidIDE -->
	<AppIcon name="com.itsaky.androidide/com.itsaky.androidide.activities.SplashActivity" image="androidide"/>

	<!-- aShell -->
	<AppIcon name="in.sunilpaulmathew.ashell/in.sunilpaulmathew.ashell.activities.StartActivity" image="ashell"/>

	<!-- Binance -->
	<AppIcon name="com.binance.dev/com.eaas.launcher.activities.main.MainActivity" image="binance"/>

	<!-- Cash Prank App -->
	<AppIcon name="com.fakecompany.cashapppayment/com.fakecompany.cashapppayment.MainActivity" image="cash_prank_app"/>

	<!-- CIFS Documents Provider -->
	<AppIcon name="com.wa2c.android.cifsdocumentsprovider/com.wa2c.android.cifsdocumentsprovider.presentation.ui.MainActivity" image="cifs_documents_provider"/>

	<!-- Copy SMS Code -->
	<AppIcon name="io.github.jd1378.otphelper/io.github.jd1378.otphelper.MainActivity" image="copy_sms_code"/>

	<!-- Crypto ID -->
	<AppIcon name="io.gitlab.cryptographic_id/io.gitlab.cryptographic_id.MainActivity" image="crypto_id"/>

	<!-- Digital Secure -->
	<AppIcon name="com.securityandprivacy.android.verizon.vms/com.mcafee.vzwmms.activity.VZWBaseActivity" image="digital_secure"/>

	<!-- DSU Sideloader -->
	<AppIcon name="vegabobo.dsusideloader/vegabobo.dsusideloader.MainActivity" image="dsu_sideloader"/>

	<!-- F-Droid Basic -->
	<AppIcon name="org.fdroid.basic/org.fdroid.fdroid.views.main.MainActivity" image="f_droid_basic"/>

	<!-- F-Droid Build Status -->
	<AppIcon name="de.storchp.fdroidbuildstatus/de.storchp.fdroidbuildstatus.MainActivity" image="f_droid_build_status"/>

	<!-- Geto -->
	<AppIcon name="com.android.geto/com.android.geto.MainActivity" image="geto"/>

	<!-- GPS Emulator -->
	<AppIcon name="com.rosteam.gpsemulator/com.rosteam.gpsemulator.MainActivity" image="gps_emulator"/>

	<!-- Hypatia -->
	<AppIcon name="us.spotco.malwarescanner/us.spotco.malwarescanner.MainActivity" image="hypatia"/>

	<!-- Invoices -->
	<AppIcon name="com.aadhk.woinvoice/com.aadhk.woinvoice.MainActivity" image="invoices"/>

	<!-- Karma FW -->
	<AppIcon name="net.stargw.fok/net.stargw.karma.ActivityMain" image="karma_fw"/>

	<!-- Kernel Adiutor -->
	<AppIcon name="com.nhellfire.kerneladiutor/com.grarak.kerneladiutor.activities.StartActivity" image="kernel_adiutor"/>

	<!-- Kuda -->
	<AppIcon name="com.kudabank.app/com.kuda.app.ui.app_entry.AppEntryActivity" image="kuda"/>

	<!-- LiveWallpaperIt -->
	<AppIcon name="rocks.tbog.livewallpaperit/rocks.tbog.livewallpaperit.LWIActivity" image="livewallpaperit"/>

	<!-- Love Messages -->
	<AppIcon name="com.gvapps.truelove/com.gvapps.truelove.activities.IntroActivity" image="love_messages"/>

	<!-- Love Messages & Quotes -->
	<AppIcon name="com.ZaranDev.love_messages/com.ZaranDev.love_messages.Activity.SplashActivity" image="love_messages_and_quotes"/>

	<!-- My Verizon -->
	<AppIcon name="com.vzw.hss.myverizon/com.vzw.hss.myverizon.ui.activities.LauncherActivity" image="my_verizon"/>

	<!-- Nextdoor -->
	<AppIcon name="com.nextdoor/com.nextdoor.registrationUi.nux.LoadAppConfigurationActivity" image="nextdoor"/>

	<!-- Nix -->
	<AppIcon name="com.termux.nix/com.termux.app.TermuxActivity" image="nix"/>

	<!-- NordVPN -->
	<AppIcon name="com.nordvpn.android/com.nordvpn.android.mobile.MainActivity" image="nordvpn"/>

	<!-- Numero -->
	<AppIcon name="com.esim.numero/org.linphone.LinphoneLauncherActivity" image="numero"/>

	<!-- OkcAgent -->
	<AppIcon name="org.ddosolitary.okcagent/org.ddosolitary.okcagent.MainActivity" image="okcagent"/>

	<!-- OpenKeychain -->
	<AppIcon name="org.sufficientlysecure.keychain/org.sufficientlysecure.keychain.ui.MainActivity" image="openkeychain"/>

	<!-- Oui Lookup -->
	<AppIcon name="org.alberto97.ouilookup/org.alberto97.ouilookup.ui.MainActivity" image="oui_lookup"/>

	<!-- Performance Control -->
	<AppIcon name="com.brewcrewfoo.performance/com.brewcrewfoo.performance.activities.MainActivity" image="performance_control"/>

	<!-- Rewards -->
	<AppIcon name="com.google.android.apps.paidtasks/com.google.android.apps.paidtasks.activity.LaunchActivity" image="rewards"/>

	<!-- Samsung Cloud -->
	<AppIcon name="com.samsung.android.scloud/com.samsung.android.scloud.app.ui.splash.launcher" image="samsung_cloud"/>

	<!-- Samsung Health -->
	<AppIcon name="com.sec.android.app.shealth/com.samsung.android.app.shealth.home.HomeMainActivity" image="samsung_health"/>

	<!-- SDK Monitor -->
	<AppIcon name="com.bernaferrari.sdkmonitor/com.bernaferrari.sdkmonitor.MainActivity" image="sdk_monitor"/>

	<!-- Shizuku -->
	<AppIcon name="moe.shizuku.privileged.api/moe.shizuku.manager.MainActivity" image="shizuku"/>

	<!-- Smart Edge -->
	<AppIcon name="com.abh80.smartedge/com.abh80.smartedge.activities.MainActivity" image="smart_edge"/>

	<!-- SoundID -->
	<AppIcon name="com.sonarworks.soundid.mobile/com.sonarworks.soundid.mobile.SoundIdActivity" image="soundid"/>

	<!-- SuperSU -->
	<AppIcon name="eu.chainfire.supersu/eu.chainfire.supersu.MainActivity-Material" image="supersu"/>

	<!-- Telegram -->
	<AppIcon name="org.telegram.messenger/org.telegram.messenger.AquaIcon" image="telegram"/>

	<!-- Temp Mail -->
	<AppIcon name="io.tempmail.android/io.tempmail.mvp.root.RootActivity" image="temp_mail"/>

	<!-- Termux:Boot -->
	<AppIcon name="com.termux.boot/com.termux.boot.BootActivity" image="termux_boot"/>

	<!-- Termux:Float -->
	<AppIcon name="com.termux.window/com.termux.window.TermuxFloatActivity" image="termux_float"/>

	<!-- TextNow -->
	<AppIcon name="com.enflick.android.TextNow/authorization.ui.AuthorizationActivity" image="textnow"/>

	<!-- Treble Info -->
	<AppIcon name="tk.hack5.treblecheck/tk.hack5.treblecheck.ui.MainActivity" image="treble_info"/>

	<!-- Tumblr -->
	<AppIcon name="com.tumblr/com.tumblr.ui.activity.JumpoffActivity" image="tumblr"/>

	<!-- X Server -->
	<AppIcon name="au.com.darkside.xdemo/au.com.darkside.xdemo.XServerActivity" image="x_server"/>

</Theme>