<resources>

	<!-- 7-Eleven -->
	<item component="ComponentInfo{com.sei.android/com.sei.android.MainActivity}" drawable="_7_eleven" />

	<!-- Ampwifi -->
	<item component="ComponentInfo{com.blitterhead.ampwifi/com.blitterhead.ampwifi.ActivityFirstLaunch}" drawable="ampwifi" />

	<!-- Ancient Treasures - Full -->
	<item component="ComponentInfo{com.spcampos.pyramidfull/com.spcampos.pyramidfull.FullPyramidGameActivity}" drawable="ancient_treasures_full" />

	<!-- AndDaaven -->
	<item component="ComponentInfo{com.saraandshmuel.anddaaven/com.saraandshmuel.anddaaven.AndDaavenSplash}" drawable="anddaaven" />

	<!-- AudioMeter -->
	<item component="ComponentInfo{com.quaap.audiometer/com.quaap.audiometer.MainActivity}" drawable="audiometer" />

	<!-- Baha’i Prayers -->
	<item component="ComponentInfo{com.tabsina.bahaiprayers/com.tabsina.bahaiprayers.BahaiPrayers}" drawable="baha’i_prayers" />

	<!-- Biblical Hebrew Vocabulary -->
	<item component="ComponentInfo{com.sandcreeksoftware.hebrewVocab/com.sandcreeksoftware.hebrewVocab.reviewSelect}" drawable="biblical_hebrew_vocabulary" />

	<!-- BikeSharingHub -->
	<item component="ComponentInfo{fr.fdesousa.bikesharinghub/be.brunoparmentier.openbikesharing.app.activities.StationsListActivity}" drawable="bikesharinghub" />

	<!-- Bubble -->
	<item component="ComponentInfo{com.nkanaev.comics/com.nkanaev.comics.activity.MainActivity}" drawable="bubble" />

	<!-- Camera -->
	<item component="ComponentInfo{com.oplus.camera/com.oplus.camera.OPCameraActivity}" drawable="camera" />

	<!-- Chord Reader -->
	<item component="ComponentInfo{org.handmadeideas.chordreader/org.handmadeideas.chordreader.FindChordsActivity}" drawable="chord_reader" />

	<!-- Clock -->
	<item component="ComponentInfo{com.oneplus.deskclock/com.oneplus.deskclock.DeskClock}" drawable="clock" />

	<!-- Clone Phone -->
	<item component="ComponentInfo{com.oneplus.backuprestore/com.oplus.phoneclone.PhoneCloneMainActivity}" drawable="clone_phone" />

	<!-- Coinbase -->
	<item component="ComponentInfo{com.coinbase.android/com.coinbase.android.LaunchActivity}" drawable="coinbase" />

	<!-- Community -->
	<item component="ComponentInfo{net.oneplus.forums/com.oplus.community.activity.LauncherActivity}" drawable="community" />

	<!-- Cool Reader -->
	<item component="ComponentInfo{org.coolreader.fdroid/org.coolreader.CoolReader}" drawable="cool_reader" />

	<!-- CPU Info -->
	<item component="ComponentInfo{com.kgurgul.cpuinfo/com.kgurgul.cpuinfo.features.HostActivity}" drawable="cpu_info" />

	<!-- Dhur Ki Bani -->
	<item component="ComponentInfo{com.khalsa.DhurKiBani/com.khalsa.DhurKiBani.MainActivity}" drawable="dhur_ki_bani" />

	<!-- Diode -->
	<item component="ComponentInfo{in.shick.diode/in.shick.diode.threads.ThreadsListActivity}" drawable="diode" />

	<!-- Dreamspell Calendar -->
	<item component="ComponentInfo{net.anotherworld.maya/net.anotherworld.maya.OrakelActivity}" drawable="dreamspell_calendar" />

	<!-- eero -->
	<item component="ComponentInfo{com.eero.android/com.eero.android.v3.features.splash.SplashActivity}" drawable="eero" />

	<!-- Etherophone -->
	<item component="ComponentInfo{com.etherophone/com.etherophone.Etherophone}" drawable="etherophone" />

	<!-- Exodus -->
	<item component="ComponentInfo{exodusmovement.exodus/exodusmovement.exodus.MainActivity}" drawable="exodus" />

	<!-- Feeder -->
	<item component="ComponentInfo{com.nononsenseapps.feeder/com.nononsenseapps.feeder.ui.MainActivity}" drawable="feeder" />

	<!-- Feudal Tactics -->
	<item component="ComponentInfo{de.sesu8642.feudaltactics/de.sesu8642.feudaltactics.AndroidLauncher}" drawable="feudal_tactics" />

	<!-- File Manager -->
	<item component="ComponentInfo{com.oneplus.filemanager/com.oneplus.filemanager.HomePageActivity}" drawable="file_manager" />

	<!-- Gallery -->
	<item component="ComponentInfo{com.oneplus.gallery/com.oneplus.gallery.OPGalleryActivity}" drawable="gallery" />

	<!-- GigaGet -->
	<item component="ComponentInfo{us.shandian.giga/us.shandian.giga.ui.main.MainActivity}" drawable="gigaget" />

	<!-- Grubhub -->
	<item component="ComponentInfo{com.grubhub.android/com.grubhub.dinerapp.android.splash.SplashActivity}" drawable="grubhub" />

	<!-- Halachic Times -->
	<item component="ComponentInfo{net.sf.times/com.github.times.ZmanimActivity}" drawable="halachic_times" />

	<!-- HebCal -->
	<item component="ComponentInfo{boten.hebcal/boten.hebcal.main}" drawable="hebcal" />

	<!-- Hebrew Translator -->
	<item component="ComponentInfo{com.rustybrick.hebrewtranslator/com.rustybrick.hebrewtranslator.MainActivity}" drawable="hebrew_translator" />

	<!-- Insomnia -->
	<item component="ComponentInfo{com.gianmarcodavid.insomnia/com.gianmarcodavid.insomnia.MainActivity}" drawable="insomnia" />

	<!-- JamBase -->
	<item component="ComponentInfo{com.magnolialabs.JamBase/com.magnolialabs.jambase.ui.splash.SplashActivity}" drawable="jambase" />

	<!-- Keepass2Android Offline -->
	<item component="ComponentInfo{keepass2android.keepass2android_nonet/crc64dd09b2a2e58bb27d.KeePass}" drawable="keepass2android_offline" />

	<!-- KoL -->
	<item component="ComponentInfo{com.github.kolandroid.kol/com.github.kolandroid.kol.android.login.LoginScreen}" drawable="kol" />

	<!-- Kraken Pro -->
	<item component="ComponentInfo{com.kraken.trade/com.kraken.trade.MainActivity}" drawable="kraken_pro" />

	<!-- KurobaEx-fdroid -->
	<item component="ComponentInfo{com.github.k1rakishou.chan.fdroid/com.github.k1rakishou.chan.activity.StartActivity}" drawable="kurobaex_fdroid" />

	<!-- Little Music Player -->
	<item component="ComponentInfo{com.martinmimigames.littlemusicplayer/com.martinmimigames.littlemusicplayer.Launcher}" drawable="little_music_player" />

	<!-- LoopBoard -->
	<item component="ComponentInfo{com.alexkang.loopboard/com.alexkang.loopboard.MainActivity}" drawable="loopboard" />

	<!-- Lyft -->
	<item component="ComponentInfo{me.lyft.android/me.lyft.android.ui.MainActivity}" drawable="lyft" />

	<!-- Markor -->
	<item component="ComponentInfo{net.gsantner.markor/net.gsantner.markor.activity.MainActivity}" drawable="markor" />

	<!-- mpv -->
	<item component="ComponentInfo{is.xyz.mpv/is.xyz.mpv.MainActivity}" drawable="mpv" />

	<!-- Mullvad VPN -->
	<item component="ComponentInfo{net.mullvad.mullvadvpn/net.mullvad.mullvadvpn.ui.MainActivity}" drawable="mullvad_vpn" />

	<!-- MuPDF viewer -->
	<item component="ComponentInfo{com.artifex.mupdf.viewer.app/com.artifex.mupdf.viewer.app.LibraryActivity}" drawable="mupdf_viewer" />

	<!-- Music Player -->
	<item component="ComponentInfo{com.simplemobiletools.musicplayer/com.simplemobiletools.musicplayer.activities.SplashActivity.Orange}" drawable="music_player" />

	<!-- nanoloop -->
	<item component="ComponentInfo{com.nanoloop/com.nanoloop.nanoloop}" drawable="nanoloop" />

	<!-- Notes -->
	<item component="ComponentInfo{com.oneplus.note/com.oneplus.note.ui.MainActivity}" drawable="notes" />

	<!-- OctoDroid -->
	<item component="ComponentInfo{com.gh4a/com.gh4a.activities.Github4AndroidActivity}" drawable="octodroid" />

	<!-- Open Link With -->
	<item component="ComponentInfo{com.tasomaniac.openwith.floss/com.tasomaniac.openwith.settings.SettingsActivity}" drawable="open_link_with" />

	<!-- Package Manager -->
	<item component="ComponentInfo{com.smartpack.packagemanager/com.smartpack.packagemanager.activities.StartActivity}" drawable="package_manager" />

	<!-- Pano Scrobbler -->
	<item component="ComponentInfo{com.arn.scrobble/com.arn.scrobble.MainActivity}" drawable="pano_scrobbler" />

	<!-- PAX -->
	<item component="ComponentInfo{com.pax.app/com.pax.app.welcome.SplashActivity}" drawable="pax" />

	<!-- personalDNSfilter -->
	<item component="ComponentInfo{dnsfilter.android/dnsfilter.android.DNSProxyActivity}" drawable="personaldnsfilter" />

	<!-- Phish Tabs -->
	<item component="ComponentInfo{com.nickavv.phishtabs/com.nickavv.phishtabs.MainActivity}" drawable="phish_tabs" />

	<!-- Pocket -->
	<item component="ComponentInfo{com.ideashower.readitlater.pro/com.ideashower.readitlater.activity.AppCacheCheckActivity}" drawable="pocket" />

	<!-- Pocket Gopher -->
	<item component="ComponentInfo{com.gmail.afonsotrepa.pocketgopher/com.gmail.afonsotrepa.pocketgopher.MainActivity}" drawable="pocket_gopher" />

	<!-- Poet Assistant -->
	<item component="ComponentInfo{ca.rmen.android.poetassistant/ca.rmen.android.poetassistant.main.MainActivity}" drawable="poet_assistant" />

	<!-- RADIO search n play -->
	<item component="ComponentInfo{com.LudwigAppDesign.shoutcastplayerandroid/com.LudwigAppDesign.shoutcastplayerandroid.MainActivity}" drawable="radio_search_n_play" />

	<!-- RoMote -->
	<item component="ComponentInfo{wseemann.media.romote/wseemann.media.romote.activity.MainActivity}" drawable="romote" />

	<!-- Save For Offline -->
	<item component="ComponentInfo{jonas.tool.saveForOffline/jonas.tool.saveForOffline.MainActivity}" drawable="save_for_offline" />

	<!-- SecScanQR -->
	<item component="ComponentInfo{de.t_dankworth.secscanqr/de.t_dankworth.secscanqr.activities.MainActivity}" drawable="secscanqr" />

	<!-- Shattered Pixel Dungeon -->
	<item component="ComponentInfo{com.shatteredpixel.shatteredpixeldungeon/com.shatteredpixel.shatteredpixeldungeon.android.AndroidLauncher}" drawable="shattered_pixel_dungeon" />

	<!-- SimplyTranslate Mobile -->
	<item component="ComponentInfo{com.simplytranslate_mobile/com.simplytranslate_mobile.MainActivity}" drawable="simplytranslate_mobile" />

	<!-- Sky Map -->
	<item component="ComponentInfo{com.google.android.stardroid/com.google.android.stardroid.activities.SplashScreenActivity}" drawable="sky_map" />

	<!-- SMS Backup & Restore -->
	<item component="ComponentInfo{com.riteshsahu.SMSBackupRestore/com.riteshsahu.SMSBackupRestore.activities.IntroActivity}" drawable="sms_backup_and_restore" />

	<!-- Snes9x EX+ -->
	<item component="ComponentInfo{com.explusalpha.Snes9xPlus/com.imagine.BaseActivity}" drawable="snes9x_ex_" />

	<!-- Squircle CE -->
	<item component="ComponentInfo{com.blacksquircle.ui/com.blacksquircle.ui.application.activity.MainActivity}" drawable="squircle_ce" />

	<!-- SuperFreezZ -->
	<item component="ComponentInfo{superfreeze.tool.android/superfreeze.tool.android.userInterface.mainActivity.MainActivity}" drawable="superfreezz" />

	<!-- Survival Manual -->
	<item component="ComponentInfo{org.ligi.survivalmanual/org.ligi.survivalmanual.ui.MainActivity}" drawable="survival_manual" />

	<!-- Taper's Section -->
	<item component="ComponentInfo{net.taperssection.taperssectionapp/com.ryanheise.audioservice.AudioServiceActivity}" drawable="tapers_section" />

	<!-- Text Converter -->
	<item component="ComponentInfo{xyz.tcreopargh.textconverter/xyz.tcreopargh.textconverter.MainActivity}" drawable="text_converter" />

	<!-- Tonality -->
	<item component="ComponentInfo{net.currit.tonality/net.currit.tonality.TonalityMainActivity}" drawable="tonality" />

	<!-- TotalCmd-FTP (File Transfers) -->
	<item component="ComponentInfo{com.ghisler.tcplugins.SFTP/com.android.tcplugins.FileSystem.AboutActivity}" drawable="totalcmd_ftp_file_transfers_" />

	<!-- TotalCmd-Wifi Transfer -->
	<item component="ComponentInfo{com.ghisler.tcplugins.wifitransfer/com.ghisler.tcplugins.wifitransfer.WifiReceiveActivity}" drawable="totalcmd_wifi_transfer" />

	<!-- Tripadvisor -->
	<item component="ComponentInfo{com.tripadvisor.tripadvisor/com.tripadvisor.android.ui.launcher.LauncherActivity}" drawable="tripadvisor" />

	<!-- Universal Tuner -->
	<item component="ComponentInfo{ru.aterlux.guitartuner/ru.aterlux.guitartuner.MainActivity}" drawable="universal_tuner" />

	<!-- Uphold -->
	<item component="ComponentInfo{com.uphold.wallet/com.uphold.wallet.MainActivity}" drawable="uphold" />

	<!-- Urban Dictionary -->
	<item component="ComponentInfo{dev.reimu.urban_dictionary/dev.reimu.urban_dictionary.MainActivity}" drawable="urban_dictionary" />

	<!-- Weather -->
	<item component="ComponentInfo{net.oneplus.weather/net.oneplus.weather.app.MainActivity}" drawable="weather" />

	<!-- Web Video Caster -->
	<item component="ComponentInfo{com.instantbits.cast.webvideo/com.instantbits.cast.webvideo.SplashActivity}" drawable="web_video_caster" />

	<!-- WebApps -->
	<item component="ComponentInfo{com.tobykurien.webapps/com.tobykurien.webapps.activity.MainActivity}" drawable="webapps" />

	<!-- WolframAlpha -->
	<item component="ComponentInfo{com.wolfram.android.alpha/com.wolfram.android.alphalibrary.activity.WolframAlphaActivity}" drawable="wolframalpha" />

</resources>