<appmap>

	<!-- 7-Eleven -->
	<item class="com.sei.android.MainActivity" name="_7_eleven"/>

	<!-- Ampwifi -->
	<item class="com.blitterhead.ampwifi.ActivityFirstLaunch" name="ampwifi"/>

	<!-- Ancient Treasures - Full -->
	<item class="com.spcampos.pyramidfull.FullPyramidGameActivity" name="ancient_treasures_full"/>

	<!-- AndDaaven -->
	<item class="com.saraandshmuel.anddaaven.AndDaavenSplash" name="anddaaven"/>

	<!-- AudioMeter -->
	<item class="com.quaap.audiometer.MainActivity" name="audiometer"/>

	<!-- Baha’i Prayers -->
	<item class="com.tabsina.bahaiprayers.BahaiPrayers" name="baha’i_prayers"/>

	<!-- Biblical Hebrew Vocabulary -->
	<item class="com.sandcreeksoftware.hebrewVocab.reviewSelect" name="biblical_hebrew_vocabulary"/>

	<!-- BikeSharingHub -->
	<item class="be.brunoparmentier.openbikesharing.app.activities.StationsListActivity" name="bikesharinghub"/>

	<!-- Bubble -->
	<item class="com.nkanaev.comics.activity.MainActivity" name="bubble"/>

	<!-- Camera -->
	<item class="com.oplus.camera.OPCameraActivity" name="camera"/>

	<!-- Chord Reader -->
	<item class="org.handmadeideas.chordreader.FindChordsActivity" name="chord_reader"/>

	<!-- Clock -->
	<item class="com.oneplus.deskclock.DeskClock" name="clock"/>

	<!-- Clone Phone -->
	<item class="com.oplus.phoneclone.PhoneCloneMainActivity" name="clone_phone"/>

	<!-- Coinbase -->
	<item class="com.coinbase.android.LaunchActivity" name="coinbase"/>

	<!-- Community -->
	<item class="com.oplus.community.activity.LauncherActivity" name="community"/>

	<!-- Cool Reader -->
	<item class="org.coolreader.CoolReader" name="cool_reader"/>

	<!-- CPU Info -->
	<item class="com.kgurgul.cpuinfo.features.HostActivity" name="cpu_info"/>

	<!-- Dhur Ki Bani -->
	<item class="com.khalsa.DhurKiBani.MainActivity" name="dhur_ki_bani"/>

	<!-- Diode -->
	<item class="in.shick.diode.threads.ThreadsListActivity" name="diode"/>

	<!-- Dreamspell Calendar -->
	<item class="net.anotherworld.maya.OrakelActivity" name="dreamspell_calendar"/>

	<!-- eero -->
	<item class="com.eero.android.v3.features.splash.SplashActivity" name="eero"/>

	<!-- Etherophone -->
	<item class="com.etherophone.Etherophone" name="etherophone"/>

	<!-- Exodus -->
	<item class="exodusmovement.exodus.MainActivity" name="exodus"/>

	<!-- Feeder -->
	<item class="com.nononsenseapps.feeder.ui.MainActivity" name="feeder"/>

	<!-- Feudal Tactics -->
	<item class="de.sesu8642.feudaltactics.AndroidLauncher" name="feudal_tactics"/>

	<!-- File Manager -->
	<item class="com.oneplus.filemanager.HomePageActivity" name="file_manager"/>

	<!-- Gallery -->
	<item class="com.oneplus.gallery.OPGalleryActivity" name="gallery"/>

	<!-- GigaGet -->
	<item class="us.shandian.giga.ui.main.MainActivity" name="gigaget"/>

	<!-- Grubhub -->
	<item class="com.grubhub.dinerapp.android.splash.SplashActivity" name="grubhub"/>

	<!-- Halachic Times -->
	<item class="com.github.times.ZmanimActivity" name="halachic_times"/>

	<!-- HebCal -->
	<item class="boten.hebcal.main" name="hebcal"/>

	<!-- Hebrew Translator -->
	<item class="com.rustybrick.hebrewtranslator.MainActivity" name="hebrew_translator"/>

	<!-- Insomnia -->
	<item class="com.gianmarcodavid.insomnia.MainActivity" name="insomnia"/>

	<!-- JamBase -->
	<item class="com.magnolialabs.jambase.ui.splash.SplashActivity" name="jambase"/>

	<!-- Keepass2Android Offline -->
	<item class="crc64dd09b2a2e58bb27d.KeePass" name="keepass2android_offline"/>

	<!-- KoL -->
	<item class="com.github.kolandroid.kol.android.login.LoginScreen" name="kol"/>

	<!-- Kraken Pro -->
	<item class="com.kraken.trade.MainActivity" name="kraken_pro"/>

	<!-- KurobaEx-fdroid -->
	<item class="com.github.k1rakishou.chan.activity.StartActivity" name="kurobaex_fdroid"/>

	<!-- Little Music Player -->
	<item class="com.martinmimigames.littlemusicplayer.Launcher" name="little_music_player"/>

	<!-- LoopBoard -->
	<item class="com.alexkang.loopboard.MainActivity" name="loopboard"/>

	<!-- Lyft -->
	<item class="me.lyft.android.ui.MainActivity" name="lyft"/>

	<!-- Markor -->
	<item class="net.gsantner.markor.activity.MainActivity" name="markor"/>

	<!-- mpv -->
	<item class="is.xyz.mpv.MainActivity" name="mpv"/>

	<!-- Mullvad VPN -->
	<item class="net.mullvad.mullvadvpn.ui.MainActivity" name="mullvad_vpn"/>

	<!-- MuPDF viewer -->
	<item class="com.artifex.mupdf.viewer.app.LibraryActivity" name="mupdf_viewer"/>

	<!-- Music Player -->
	<item class="com.simplemobiletools.musicplayer.activities.SplashActivity.Orange" name="music_player"/>

	<!-- nanoloop -->
	<item class="com.nanoloop.nanoloop" name="nanoloop"/>

	<!-- Notes -->
	<item class="com.oneplus.note.ui.MainActivity" name="notes"/>

	<!-- OctoDroid -->
	<item class="com.gh4a.activities.Github4AndroidActivity" name="octodroid"/>

	<!-- Open Link With -->
	<item class="com.tasomaniac.openwith.settings.SettingsActivity" name="open_link_with"/>

	<!-- Package Manager -->
	<item class="com.smartpack.packagemanager.activities.StartActivity" name="package_manager"/>

	<!-- Pano Scrobbler -->
	<item class="com.arn.scrobble.MainActivity" name="pano_scrobbler"/>

	<!-- PAX -->
	<item class="com.pax.app.welcome.SplashActivity" name="pax"/>

	<!-- personalDNSfilter -->
	<item class="dnsfilter.android.DNSProxyActivity" name="personaldnsfilter"/>

	<!-- Phish Tabs -->
	<item class="com.nickavv.phishtabs.MainActivity" name="phish_tabs"/>

	<!-- Pocket -->
	<item class="com.ideashower.readitlater.activity.AppCacheCheckActivity" name="pocket"/>

	<!-- Pocket Gopher -->
	<item class="com.gmail.afonsotrepa.pocketgopher.MainActivity" name="pocket_gopher"/>

	<!-- Poet Assistant -->
	<item class="ca.rmen.android.poetassistant.main.MainActivity" name="poet_assistant"/>

	<!-- RADIO search n play -->
	<item class="com.LudwigAppDesign.shoutcastplayerandroid.MainActivity" name="radio_search_n_play"/>

	<!-- RoMote -->
	<item class="wseemann.media.romote.activity.MainActivity" name="romote"/>

	<!-- Save For Offline -->
	<item class="jonas.tool.saveForOffline.MainActivity" name="save_for_offline"/>

	<!-- SecScanQR -->
	<item class="de.t_dankworth.secscanqr.activities.MainActivity" name="secscanqr"/>

	<!-- Shattered Pixel Dungeon -->
	<item class="com.shatteredpixel.shatteredpixeldungeon.android.AndroidLauncher" name="shattered_pixel_dungeon"/>

	<!-- SimplyTranslate Mobile -->
	<item class="com.simplytranslate_mobile.MainActivity" name="simplytranslate_mobile"/>

	<!-- Sky Map -->
	<item class="com.google.android.stardroid.activities.SplashScreenActivity" name="sky_map"/>

	<!-- SMS Backup & Restore -->
	<item class="com.riteshsahu.SMSBackupRestore.activities.IntroActivity" name="sms_backup_and_restore"/>

	<!-- Snes9x EX+ -->
	<item class="com.imagine.BaseActivity" name="snes9x_ex_"/>

	<!-- Squircle CE -->
	<item class="com.blacksquircle.ui.application.activity.MainActivity" name="squircle_ce"/>

	<!-- SuperFreezZ -->
	<item class="superfreeze.tool.android.userInterface.mainActivity.MainActivity" name="superfreezz"/>

	<!-- Survival Manual -->
	<item class="org.ligi.survivalmanual.ui.MainActivity" name="survival_manual"/>

	<!-- Taper's Section -->
	<item class="com.ryanheise.audioservice.AudioServiceActivity" name="tapers_section"/>

	<!-- Text Converter -->
	<item class="xyz.tcreopargh.textconverter.MainActivity" name="text_converter"/>

	<!-- Tonality -->
	<item class="net.currit.tonality.TonalityMainActivity" name="tonality"/>

	<!-- TotalCmd-FTP (File Transfers) -->
	<item class="com.android.tcplugins.FileSystem.AboutActivity" name="totalcmd_ftp_file_transfers_"/>

	<!-- TotalCmd-Wifi Transfer -->
	<item class="com.ghisler.tcplugins.wifitransfer.WifiReceiveActivity" name="totalcmd_wifi_transfer"/>

	<!-- Tripadvisor -->
	<item class="com.tripadvisor.android.ui.launcher.LauncherActivity" name="tripadvisor"/>

	<!-- Universal Tuner -->
	<item class="ru.aterlux.guitartuner.MainActivity" name="universal_tuner"/>

	<!-- Uphold -->
	<item class="com.uphold.wallet.MainActivity" name="uphold"/>

	<!-- Urban Dictionary -->
	<item class="dev.reimu.urban_dictionary.MainActivity" name="urban_dictionary"/>

	<!-- Weather -->
	<item class="net.oneplus.weather.app.MainActivity" name="weather"/>

	<!-- Web Video Caster -->
	<item class="com.instantbits.cast.webvideo.SplashActivity" name="web_video_caster"/>

	<!-- WebApps -->
	<item class="com.tobykurien.webapps.activity.MainActivity" name="webapps"/>

	<!-- WolframAlpha -->
	<item class="com.wolfram.android.alphalibrary.activity.WolframAlphaActivity" name="wolframalpha"/>

</appmap>