<resources>

	<!-- LG ThinQ -->
	<item component="ComponentInfo{com.lgeha.nuts/com.lgeha.nuts.MainActivity}" drawable="lg_thinq" />

	<!-- Lithium -->
	<item component="ComponentInfo{com.faultexception.reader/com.faultexception.reader.MainActivity}" drawable="lithium" />

	<!-- mpv -->
	<item component="ComponentInfo{is.xyz.mpv/is.xyz.mpv.MainActivity}" drawable="mpv" />

	<!-- Naver Cafe -->
	<item component="ComponentInfo{com.nhn.android.navercafe/com.nhn.android.navercafe.feature.LauncherActivity}" drawable="naver_cafe" />

	<!-- NAVER Dictionary -->
	<item component="ComponentInfo{com.nhn.android.naverdic/com.nhn.android.naverdic.WelcomeActivity}" drawable="naver_dictionary" />

	<!-- Samsung Max -->
	<item component="ComponentInfo{com.opera.max.oem/com.opera.max.ui.v2.MainActivity}" drawable="samsung_max" />

	<!-- Shop Samsung -->
	<item component="ComponentInfo{com.samsung.ecomm/com.samsung.ecomm.MainActivity}" drawable="shop_samsung" />

	<!-- SilverDict -->
	<item component="ComponentInfo{com.gmail.blandilyte.silverdict/com.gmail.blandilyte.silverdict.MainActivity}" drawable="silverdict" />

	<!-- Tellonym -->
	<item component="ComponentInfo{de.tellonym.app/de.tellonym.app.MainActivity}" drawable="tellonym" />

	<!-- trainchinese -->
	<item component="ComponentInfo{com.molatra.trainchinese/com.trainchinese.internal.MainActivity}" drawable="trainchinese" />

</resources>