<appmap>

	<!-- LG ThinQ -->
	<item class="com.lgeha.nuts.MainActivity" name="lg_thinq"/>

	<!-- Lithium -->
	<item class="com.faultexception.reader.MainActivity" name="lithium"/>

	<!-- mpv -->
	<item class="is.xyz.mpv.MainActivity" name="mpv"/>

	<!-- Naver Cafe -->
	<item class="com.nhn.android.navercafe.feature.LauncherActivity" name="naver_cafe"/>

	<!-- NAVER Dictionary -->
	<item class="com.nhn.android.naverdic.WelcomeActivity" name="naver_dictionary"/>

	<!-- Samsung Max -->
	<item class="com.opera.max.ui.v2.MainActivity" name="samsung_max"/>

	<!-- Shop Samsung -->
	<item class="com.samsung.ecomm.MainActivity" name="shop_samsung"/>

	<!-- SilverDict -->
	<item class="com.gmail.blandilyte.silverdict.MainActivity" name="silverdict"/>

	<!-- Tellonym -->
	<item class="de.tellonym.app.MainActivity" name="tellonym"/>

	<!-- trainchinese -->
	<item class="com.trainchinese.internal.MainActivity" name="trainchinese"/>

</appmap>