<Theme version="1">

	<!-- LG ThinQ -->
	<AppIcon name="com.lgeha.nuts/com.lgeha.nuts.MainActivity" image="lg_thinq"/>

	<!-- Lithium -->
	<AppIcon name="com.faultexception.reader/com.faultexception.reader.MainActivity" image="lithium"/>

	<!-- mpv -->
	<AppIcon name="is.xyz.mpv/is.xyz.mpv.MainActivity" image="mpv"/>

	<!-- Naver Cafe -->
	<AppIcon name="com.nhn.android.navercafe/com.nhn.android.navercafe.feature.LauncherActivity" image="naver_cafe"/>

	<!-- NAVER Dictionary -->
	<AppIcon name="com.nhn.android.naverdic/com.nhn.android.naverdic.WelcomeActivity" image="naver_dictionary"/>

	<!-- Samsung Max -->
	<AppIcon name="com.opera.max.oem/com.opera.max.ui.v2.MainActivity" image="samsung_max"/>

	<!-- Shop Samsung -->
	<AppIcon name="com.samsung.ecomm/com.samsung.ecomm.MainActivity" image="shop_samsung"/>

	<!-- SilverDict -->
	<AppIcon name="com.gmail.blandilyte.silverdict/com.gmail.blandilyte.silverdict.MainActivity" image="silverdict"/>

	<!-- Tellonym -->
	<AppIcon name="de.tellonym.app/de.tellonym.app.MainActivity" image="tellonym"/>

	<!-- trainchinese -->
	<AppIcon name="com.molatra.trainchinese/com.trainchinese.internal.MainActivity" image="trainchinese"/>

</Theme>