<resources>

	<!-- Aptoide -->
	<item component="ComponentInfo{cm.aptoide.pt/cm.aptoide.pt.view.MainActivity}" drawable="aptoide" />

	<!-- Artimind -->
	<item component="ComponentInfo{com.artimind.aiart.artgenerator.artavatar/com.apero.artimindchatbox.classes.main.splash.SplashActivity}" drawable="artimind" />

	<!-- Australis -->
	<item component="ComponentInfo{com.unvoid.australis/com.unvoid.australis.activities.SplashActivity}" drawable="australis" />

	<!-- Base 64 -->
	<item component="ComponentInfo{com.pleiades.pleione.base64/com.pleiades.pleione.base64.ui.SplashActivity}" drawable="base_64" />

	<!-- Camera -->
	<item component="ComponentInfo{org.derpfest.flash/org.derpfest.flash.CameraLauncher}" drawable="camera" />

	<!-- Camera -->
	<item component="ComponentInfo{com.google.android.GoogleCameraGood/com.android.camera.CameraLauncher}" drawable="camera" />

	<!-- Dolby Atmos -->
	<item component="ComponentInfo{com.oneplus.sound.tuner/com.oneplus.sound.tuner.panoramic.DolbyPanoramicSoundActivity}" drawable="dolby_atmos" />

	<!-- DualSpace Pro -->
	<item component="ComponentInfo{com.ludashi.dualspaceprox/com.ludashi.dualspaceprox.ui.activity.SplashActivity}" drawable="dualspace_pro" />

	<!-- Gramophone -->
	<item component="ComponentInfo{org.akanework.gramophone/org.akanework.gramophone.ui.MainActivity}" drawable="gramophone" />

	<!-- KernelSU -->
	<item component="ComponentInfo{me.weishu.kernelsu/me.weishu.kernelsu.ui.MainActivity}" drawable="kernelsu" />

	<!-- Librera -->
	<item component="ComponentInfo{com.foobnix.pdf.reader/com.foobnix.ui2.MainTabs2}" drawable="librera" />

	<!-- Nebbia KWGT -->
	<item component="ComponentInfo{nebbiakwgt.kustom.pack/org.kustom.api.dashboard.DashboardActivity}" drawable="nebbia_kwgt" />

	<!-- Nothing Material You -->
	<item component="ComponentInfo{dev.narikdesign.nothingmaterialyou/dev.narikdesign.nothingmaterialyou.MainActivity}" drawable="nothing_material_you" />

	<!-- Reev Pro -->
	<item component="ComponentInfo{com.reevpro.grabsterstudios/com.reevpro.grabsterstudios.MainActivity}" drawable="reev_pro" />

	<!-- Spoken English Malayalam -->
	<item component="ComponentInfo{com.bigknol.malayalam.spoken.english/com.bigknol.malayalam.spoken.english.SplashScreen}" drawable="spoken_english_malayalam" />

	<!-- TeleBox -->
	<item component="ComponentInfo{com.linkbox.plus.android/com.linkbox.app.LauncherActivity}" drawable="telebox" />

	<!-- TeraBox -->
	<item component="ComponentInfo{com.dubox.drive/com.dubox.drive.ui.Logo0LauncherActivity}" drawable="terabox" />

	<!-- vpnify -->
	<item component="ComponentInfo{com.vpn.free.hotspot.secure.vpnify/com.vpn.free.hotspot.secure.vpnify.MainActivity}" drawable="vpnify" />

	<!-- XPlayer - Video Player -->
	<item component="ComponentInfo{video.player.videoplayer/com.inshot.xplayer.activities.SplashActivity}" drawable="xplayer_video_player" />

	<!-- YT Music -->
	<item component="ComponentInfo{app.revanced.android.apps.youtube.music/com.google.android.apps.youtube.music.activities.MusicActivity}" drawable="yt_music" />

	<!-- Zomato Delivery -->
	<item component="ComponentInfo{com.carthero.driver/com.carthero.driver.splash.SplashActivity}" drawable="zomato_delivery" />

</resources>