<appmap>

	<!-- Aptoide -->
	<item class="cm.aptoide.pt.view.MainActivity" name="aptoide"/>

	<!-- Artimind -->
	<item class="com.apero.artimindchatbox.classes.main.splash.SplashActivity" name="artimind"/>

	<!-- Australis -->
	<item class="com.unvoid.australis.activities.SplashActivity" name="australis"/>

	<!-- Base 64 -->
	<item class="com.pleiades.pleione.base64.ui.SplashActivity" name="base_64"/>

	<!-- Camera -->
	<item class="org.derpfest.flash.CameraLauncher" name="camera"/>

	<!-- Camera -->
	<item class="com.android.camera.CameraLauncher" name="camera"/>

	<!-- Dolby Atmos -->
	<item class="com.oneplus.sound.tuner.panoramic.DolbyPanoramicSoundActivity" name="dolby_atmos"/>

	<!-- DualSpace Pro -->
	<item class="com.ludashi.dualspaceprox.ui.activity.SplashActivity" name="dualspace_pro"/>

	<!-- Gramophone -->
	<item class="org.akanework.gramophone.ui.MainActivity" name="gramophone"/>

	<!-- KernelSU -->
	<item class="me.weishu.kernelsu.ui.MainActivity" name="kernelsu"/>

	<!-- Librera -->
	<item class="com.foobnix.ui2.MainTabs2" name="librera"/>

	<!-- Nebbia KWGT -->
	<item class="org.kustom.api.dashboard.DashboardActivity" name="nebbia_kwgt"/>

	<!-- Nothing Material You -->
	<item class="dev.narikdesign.nothingmaterialyou.MainActivity" name="nothing_material_you"/>

	<!-- Reev Pro -->
	<item class="com.reevpro.grabsterstudios.MainActivity" name="reev_pro"/>

	<!-- Spoken English Malayalam -->
	<item class="com.bigknol.malayalam.spoken.english.SplashScreen" name="spoken_english_malayalam"/>

	<!-- TeleBox -->
	<item class="com.linkbox.app.LauncherActivity" name="telebox"/>

	<!-- TeraBox -->
	<item class="com.dubox.drive.ui.Logo0LauncherActivity" name="terabox"/>

	<!-- vpnify -->
	<item class="com.vpn.free.hotspot.secure.vpnify.MainActivity" name="vpnify"/>

	<!-- XPlayer - Video Player -->
	<item class="com.inshot.xplayer.activities.SplashActivity" name="xplayer_video_player"/>

	<!-- YT Music -->
	<item class="com.google.android.apps.youtube.music.activities.MusicActivity" name="yt_music"/>

	<!-- Zomato Delivery -->
	<item class="com.carthero.driver.splash.SplashActivity" name="zomato_delivery"/>

</appmap>