<resources>

	<!-- AyuGram -->
	<item component="ComponentInfo{com.radolyn.ayugram/com.exteragram.messenger.AyuGramYaPlus}" drawable="ayugram" />

	<!-- Bhagavad Gita -->
	<item component="ComponentInfo{com.wirelessalien.android.bhagavadgita/com.wirelessalien.android.bhagavadgita.activity.SplashActivity}" drawable="bhagavad_gita" />

	<!-- Calendar -->
	<item component="ComponentInfo{org.fossify.calendar/org.fossify.calendar.activities.SplashActivity.Grey_black}" drawable="calendar" />

	<!-- Camera -->
	<item component="ComponentInfo{com.oplus.camera/com.oplus.camera.Camera}" drawable="camera" />

	<!-- Clock -->
	<item component="ComponentInfo{systems.sieber.fsclock/systems.sieber.fsclock.FullscreenActivity}" drawable="clock" />

	<!-- Connect You -->
	<item component="ComponentInfo{com.bnyro.contacts/com.bnyro.contacts.ui.activities.MainActivity}" drawable="connect_you" />

	<!-- Countdate -->
	<item component="ComponentInfo{cyou.sk5s.app.countdate/cyou.sk5s.app.countdate.MainActivity}" drawable="countdate" />

	<!-- DetoxDroid -->
	<item component="ComponentInfo{com.flx_apps.digitaldetox/com.flx_apps.digitaldetox.MainActivity}" drawable="detoxdroid" />

	<!-- Gallery -->
	<item component="ComponentInfo{org.fossify.gallery/org.fossify.gallery.activities.SplashActivity.Green}" drawable="gallery" />

	<!-- Graded -->
	<item component="ComponentInfo{com.NightDreamGames.Grade.ly/com.nightdreamgames.grade.ly.MainActivity}" drawable="graded" />

	<!-- Home Workout -->
	<item component="ComponentInfo{homeworkout.homeworkouts.noequipment/homeworkout.homeworkouts.noequipment.SplashActivity}" drawable="home_workout" />

	<!-- Mappls MapmyIndia -->
	<item component="ComponentInfo{com.mmi.maps/com.mmi.maps.ui.activities.HomeScreenActivity}" drawable="mappls_mapmyindia" />

	<!-- News -->
	<item component="ComponentInfo{co.appreactor.news/navigation.Activity}" drawable="news" />

	<!-- ODialer -->
	<item component="ComponentInfo{com.oplus.dialer/com.android.contacts.DialtactsActivityAlias}" drawable="odialer" />

	<!-- OSS Document Scanner -->
	<item component="ComponentInfo{com.akylas.documentscanner/com.akylas.documentscanner.MainActivity}" drawable="oss_document_scanner" />

	<!-- QKSMS -->
	<item component="ComponentInfo{com.moez.QKSMS/com.moez.QKSMS.feature.main.MainActivity}" drawable="qksms" />

	<!-- Spotube -->
	<item component="ComponentInfo{oss.krtirtho.spotube/com.ryanheise.audioservice.AudioServiceActivity}" drawable="spotube" />

	<!-- Table Habit -->
	<item component="ComponentInfo{io.github.friesi23.mhabit/io.github.friesi23.mhabit.MainActivity}" drawable="table_habit" />

	<!-- trale -->
	<item component="ComponentInfo{de.quantumphysique.trale/de.quantumphysique.trale.MainActivity}" drawable="trale" />

	<!-- Udemy -->
	<item component="ComponentInfo{com.udemy.android/com.udemy.android.SplashActivity}" drawable="udemy" />

</resources>