<appmap>

	<!-- AyuGram -->
	<item class="com.exteragram.messenger.AyuGramYaPlus" name="ayugram"/>

	<!-- Bhagavad Gita -->
	<item class="com.wirelessalien.android.bhagavadgita.activity.SplashActivity" name="bhagavad_gita"/>

	<!-- Calendar -->
	<item class="org.fossify.calendar.activities.SplashActivity.Grey_black" name="calendar"/>

	<!-- Camera -->
	<item class="com.oplus.camera.Camera" name="camera"/>

	<!-- Clock -->
	<item class="systems.sieber.fsclock.FullscreenActivity" name="clock"/>

	<!-- Connect You -->
	<item class="com.bnyro.contacts.ui.activities.MainActivity" name="connect_you"/>

	<!-- Countdate -->
	<item class="cyou.sk5s.app.countdate.MainActivity" name="countdate"/>

	<!-- DetoxDroid -->
	<item class="com.flx_apps.digitaldetox.MainActivity" name="detoxdroid"/>

	<!-- Gallery -->
	<item class="org.fossify.gallery.activities.SplashActivity.Green" name="gallery"/>

	<!-- Graded -->
	<item class="com.nightdreamgames.grade.ly.MainActivity" name="graded"/>

	<!-- Home Workout -->
	<item class="homeworkout.homeworkouts.noequipment.SplashActivity" name="home_workout"/>

	<!-- Mappls MapmyIndia -->
	<item class="com.mmi.maps.ui.activities.HomeScreenActivity" name="mappls_mapmyindia"/>

	<!-- News -->
	<item class="navigation.Activity" name="news"/>

	<!-- ODialer -->
	<item class="com.android.contacts.DialtactsActivityAlias" name="odialer"/>

	<!-- OSS Document Scanner -->
	<item class="com.akylas.documentscanner.MainActivity" name="oss_document_scanner"/>

	<!-- QKSMS -->
	<item class="com.moez.QKSMS.feature.main.MainActivity" name="qksms"/>

	<!-- Spotube -->
	<item class="com.ryanheise.audioservice.AudioServiceActivity" name="spotube"/>

	<!-- Table Habit -->
	<item class="io.github.friesi23.mhabit.MainActivity" name="table_habit"/>

	<!-- trale -->
	<item class="de.quantumphysique.trale.MainActivity" name="trale"/>

	<!-- Udemy -->
	<item class="com.udemy.android.SplashActivity" name="udemy"/>

</appmap>