<Theme version="1">

	<!-- AyuGram -->
	<AppIcon name="com.radolyn.ayugram/com.exteragram.messenger.AyuGramYaPlus" image="ayugram"/>

	<!-- Bhagavad Gita -->
	<AppIcon name="com.wirelessalien.android.bhagavadgita/com.wirelessalien.android.bhagavadgita.activity.SplashActivity" image="bhagavad_gita"/>

	<!-- Calendar -->
	<AppIcon name="org.fossify.calendar/org.fossify.calendar.activities.SplashActivity.Grey_black" image="calendar"/>

	<!-- Camera -->
	<AppIcon name="com.oplus.camera/com.oplus.camera.Camera" image="camera"/>

	<!-- Clock -->
	<AppIcon name="systems.sieber.fsclock/systems.sieber.fsclock.FullscreenActivity" image="clock"/>

	<!-- Connect You -->
	<AppIcon name="com.bnyro.contacts/com.bnyro.contacts.ui.activities.MainActivity" image="connect_you"/>

	<!-- Countdate -->
	<AppIcon name="cyou.sk5s.app.countdate/cyou.sk5s.app.countdate.MainActivity" image="countdate"/>

	<!-- DetoxDroid -->
	<AppIcon name="com.flx_apps.digitaldetox/com.flx_apps.digitaldetox.MainActivity" image="detoxdroid"/>

	<!-- Gallery -->
	<AppIcon name="org.fossify.gallery/org.fossify.gallery.activities.SplashActivity.Green" image="gallery"/>

	<!-- Graded -->
	<AppIcon name="com.NightDreamGames.Grade.ly/com.nightdreamgames.grade.ly.MainActivity" image="graded"/>

	<!-- Home Workout -->
	<AppIcon name="homeworkout.homeworkouts.noequipment/homeworkout.homeworkouts.noequipment.SplashActivity" image="home_workout"/>

	<!-- Mappls MapmyIndia -->
	<AppIcon name="com.mmi.maps/com.mmi.maps.ui.activities.HomeScreenActivity" image="mappls_mapmyindia"/>

	<!-- News -->
	<AppIcon name="co.appreactor.news/navigation.Activity" image="news"/>

	<!-- ODialer -->
	<AppIcon name="com.oplus.dialer/com.android.contacts.DialtactsActivityAlias" image="odialer"/>

	<!-- OSS Document Scanner -->
	<AppIcon name="com.akylas.documentscanner/com.akylas.documentscanner.MainActivity" image="oss_document_scanner"/>

	<!-- QKSMS -->
	<AppIcon name="com.moez.QKSMS/com.moez.QKSMS.feature.main.MainActivity" image="qksms"/>

	<!-- Spotube -->
	<AppIcon name="oss.krtirtho.spotube/com.ryanheise.audioservice.AudioServiceActivity" image="spotube"/>

	<!-- Table Habit -->
	<AppIcon name="io.github.friesi23.mhabit/io.github.friesi23.mhabit.MainActivity" image="table_habit"/>

	<!-- trale -->
	<AppIcon name="de.quantumphysique.trale/de.quantumphysique.trale.MainActivity" image="trale"/>

	<!-- Udemy -->
	<AppIcon name="com.udemy.android/com.udemy.android.SplashActivity" image="udemy"/>

</Theme>