<Theme version="1">

	<!-- Administrador de archivos -->
	<AppIcon name="com.transsion.filemanagerx/com.transsion.filemanagerx.ui.launch.SplashActivity" image="administrador_de_archivos"/>

	<!-- Brújula -->
	<AppIcon name="com.transsion.compass/com.transsion.compass.CompassActivity" image="brujula"/>

	<!-- Cámara -->
	<AppIcon name="com.transsion.camera/com.android.camera.CameraLauncher" image="camara"/>

	<!-- Contactos -->
	<AppIcon name="com.sh.smart.caller/com.android.dialer.ContactMainActivity" image="contactos"/>

	<!-- Escáner inteligente -->
	<AppIcon name="com.transsion.scanningrecharger/com.transsion.scanningrecharger.view.activity.textrecognized.TextRecognizedActivity" image="escaner_inteligente"/>

	<!-- Fleksy -->
	<AppIcon name="com.syntellia.fleksy.keyboard/com.syntellia.fleksy.settings.activities.SplashActivity" image="fleksy"/>

	<!-- Folax -->
	<AppIcon name="com.transsion.aivoiceassistant/com.transsion.aivoiceassistant.ai.aiability.help.activity.HelpActivity" image="folax"/>

	<!-- Mensajes -->
	<AppIcon name="com.transsion.smartmessage/com.android.messaging.ui.conversationlist.ConversationListActivity" image="mensajes"/>

	<!-- My Health -->
	<AppIcon name="com.transsion.healthlife/com.transsion.healthlife.view.WelcomeActivity" image="my_health"/>

	<!-- Notification Widget -->
	<AppIcon name="com.kuma.notificationwidget/com.kuma.notificationwidget.MainActivity" image="notification_widget"/>

	<!-- Reloj -->
	<AppIcon name="com.transsion.deskclock/com.transsion.deskclock.DeskClock" image="reloj"/>

	<!-- Teléfono -->
	<AppIcon name="com.sh.smart.caller/com.android.dialer.main.impl.MainActivity" image="telefono"/>

	<!-- XArena -->
	<AppIcon name="com.transsion.smartpanel/com.transsion.gamespace.activity.GameSpaceActivity" image="xarena"/>

	<!-- YT Kids -->
	<AppIcon name="com.google.android.apps.youtube.kids/com.google.android.apps.youtube.kids.splash.SplashScreenActivity" image="yt_kids"/>

</Theme>