<appmap>

	<!-- Arcticons -->
	<item class="com.donnnno.arcticons.activities.MainActivity" name="arcticons"/>

	<!-- BHIM -->
	<item class="mpacjhvlt.n" name="bhim"/>

	<!-- BHIM IOB UPI -->
	<item class="com.euronet.iobupi.MainActivity" name="bhim_iob_upi"/>

	<!-- Camera -->
	<item class="com.nothing.camera.activity.CameraActivity" name="camera"/>

	<!-- Car Report -->
	<item class="me.kuehle.carreport.gui.MainActivity" name="car_report"/>

	<!-- Casio G-Shock Smart Sync -->
	<item class="org.avmedia.gShockPhoneSync.MainActivity" name="casio_g_shock_smart_sync"/>

	<!-- CASIO WATCHES -->
	<item class="com.casio.wac_app.MainActivity" name="casio_watches"/>

	<!-- Clock -->
	<item class="com.best.deskclock.DeskClock" name="clock"/>

	<!-- Delta -->
	<item class="website.leifs.delta.activities.MainActivity" name="delta"/>

	<!-- Download Navi -->
	<item class="com.tachibana.downloader.ui.main.MainActivity" name="download_navi"/>

	<!-- Etar -->
	<item class="com.android.calendar.AllInOneActivity" name="etar"/>

	<!-- Gallery -->
	<item class="org.fossify.gallery.activities.SplashActivity.Blue" name="gallery"/>

	<!-- IOB Mobile -->
	<item class="com.fss.iob6.MainActivity" name="iob_mobile"/>

	<!-- Mercurygram -->
	<item class="org.telegram.messenger.DefaultIcon" name="mercurygram"/>

	<!-- Messages -->
	<item class="org.fossify.messages.activities.SplashActivity.Light_blue" name="messages"/>

	<!-- Music Center -->
	<item class="com.sony.songpal.app.view.overview.DeviceAndGroupActivity" name="music_center"/>

	<!-- Musicolet -->
	<item class="in.krosbits.musicolet.MusicActivity" name="musicolet"/>

	<!-- MyGate -->
	<item class="com.mygate.user.modules.shared.SplashActivity" name="mygate"/>

	<!-- Ola -->
	<item class="com.olacabs.customer.ui.SplashActivity" name="ola"/>

	<!-- OpenBoard -->
	<item class="org.dslul.openboard.inputmethod.latin.setup.SetupActivity" name="openboard"/>

	<!-- Popcorn Time -->
	<item class="se.popcorn_time.mobile.ui.MainActivity" name="popcorn_time"/>

	<!-- Recorder -->
	<item class="com.nothing.soundrecorder.ui.NewMainActivity" name="recorder"/>

	<!-- SatStat -->
	<item class="com.vonglasow.michael.satstat.ui.MainActivity" name="satstat"/>

	<!-- SimplyTranslate Mobile -->
	<item class="com.simplytranslate_mobile.MainActivity" name="simplytranslate_mobile"/>

	<!-- SolitaireCG -->
	<item class="net.sourceforge.solitaire_cg.SolitaireCG" name="solitairecg"/>

	<!-- Weather -->
	<item class="com.nothing.weather.ui.main.MainActivity" name="weather"/>

	<!-- Yono Lite SBI -->
	<item class="com.sbi.SBIFreedomPlus.SBIYonoLite" name="yono_lite_sbi"/>

</appmap>