<resources>

	<!-- APKMirror -->
	<item component="ComponentInfo{taco.apkmirror/taco.apkmirror.activities.MainActivity}" drawable="apkmirror" />

	<!-- Archivos -->
	<item component="ComponentInfo{com.google.android.go.documentsui/com.android.documentsui.LauncherActivity}" drawable="archivos" />

	<!-- Asistente -->
	<item component="ComponentInfo{com.google.android.apps.assistant/com.google.android.apps.assistant.go.MainActivity}" drawable="asistente" />

	<!-- BanCoppel -->
	<item component="ComponentInfo{mx.com.miapp/mx.com.miapp.ui.general.splash.SplashActivity}" drawable="bancoppel" />

	<!-- CFE Contigo -->
	<item component="ComponentInfo{mx.com.cfe.cfecontigo/mx.com.cfe.cfecontigo.ui.login.LoginActivity}" drawable="cfe_contigo" />

	<!-- CPU X -->
	<item component="ComponentInfo{com.abs.cpu_z_advance/com.abs.cpu_z_advance.MainActivity}" drawable="cpu_x" />

	<!-- Descargador de video -->
	<item component="ComponentInfo{video.downloader.videodownloader/video.downloader.videodownloader.activity.MainActivity}" drawable="descargador_de_video" />

	<!-- Firefox Klar -->
	<item component="ComponentInfo{org.mozilla.klar/org.mozilla.focus.activity.MainActivity}" drawable="firefox_klar" />

	<!-- Free Fire -->
	<item component="ComponentInfo{com.dts.freefireth/com.dts.freefireth.FFMainActivity}" drawable="free_fire" />

	<!-- Hi Waifu -->
	<item component="ComponentInfo{com.hiwaifu.app/com.example.waifu_flutter.MainActivity}" drawable="hi_waifu" />

	<!-- Image Toolbox -->
	<item component="ComponentInfo{ru.tech.imageresizershrinker/ru.tech.imageresizershrinker.presentation.AppActivity}" drawable="image_toolbox" />

	<!-- Lenovo -->
	<item component="ComponentInfo{com.lenovo.serviceit/com.lenovo.serviceit.start.SplashActivity}" drawable="lenovo" />

	<!-- LG ThinQ -->
	<item component="ComponentInfo{com.lgeha.nuts/com.lgeha.nuts.MainActivity}" drawable="lg_thinq" />

	<!-- Limpiador -->
	<item component="ComponentInfo{com.miui.cleaner.go/com.miui.cleaner.MainActivity}" drawable="limpiador" />

	<!-- Mercado Libre -->
	<item component="ComponentInfo{com.mercadolibre/com.mercadolibre.splash.SplashActivity}" drawable="mercado_libre" />

	<!-- Mercado Pago -->
	<item component="ComponentInfo{com.mercadopago.wallet/com.mercadopago.wallet.splash.SplashActivity}" drawable="mercado_pago" />

	<!-- Navegador -->
	<item component="ComponentInfo{com.go.browser/com.miui.android.apps.chrome.Main}" drawable="navegador" />

	<!-- OG Network Tools -->
	<item component="ComponentInfo{xyz.pisoj.og.nettools/xyz.pisoj.og.nettools.MainActivity}" drawable="og_network_tools" />

	<!-- Open Stable Diffusion -->
	<item component="ComponentInfo{com.openstablediffusion/com.openstablediffusion.MainActivity}" drawable="open_stable_diffusion" />

	<!-- Proton Calendar -->
	<item component="ComponentInfo{me.proton.android.calendar/me.proton.android.calendar.presentation.main.MainActivity}" drawable="proton_calendar" />

	<!-- Proton Pass -->
	<item component="ComponentInfo{proton.android.pass/proton.android.pass.ui.MainActivity}" drawable="proton_pass" />

	<!-- Reloj -->
	<item component="ComponentInfo{com.android.deskclock.go/com.android.deskclock.DeskClockTabActivity}" drawable="reloj" />

	<!-- SafeDot -->
	<item component="ComponentInfo{com.aravi.dot/com.aravi.dot.activities.main.MainActivity}" drawable="safedot" />

	<!-- Spin by OXXO -->
	<item component="ComponentInfo{com.pagopopmobile/com.pagopopmobile.MainActivity}" drawable="spin_by_oxxo" />

	<!-- Telcel -->
	<item component="ComponentInfo{com.telcel.contenedor/com.speedymovil.contenedor.gui.activities.AppsContainerActivity}" drawable="telcel" />

	<!-- Telmex -->
	<item component="ComponentInfo{com.telmex.mitelmex/com.icom.telmex.ui.splash.SplashActivity}" drawable="telmex" />

	<!-- The Translator -->
	<item component="ComponentInfo{com.sunilpaulmathew.translator/com.sunilpaulmathew.translator.MainActivity}" drawable="the_translator" />

	<!-- Unexpected Keyboard -->
	<item component="ComponentInfo{juloo.keyboard2/juloo.keyboard2.LauncherActivity}" drawable="unexpected_keyboard" />

	<!-- Vector Camera -->
	<item component="ComponentInfo{com.dozingcatsoftware.vectorcamera/com.dozingcatsoftware.vectorcamera.MainActivity}" drawable="vector_camera" />

	<!-- Virtual Gamepad -->
	<item component="ComponentInfo{com.samsung.vd.companions/com.samsung.vd.companions.MainActivity}" drawable="virtual_gamepad" />

	<!-- Wi-Fi Info -->
	<item component="ComponentInfo{com.truemlgpro.wifiinfo/com.truemlgpro.wifiinfo.ui.MainActivity}" drawable="wi_fi_info" />

</resources>