<Theme version="1">

	<!-- APKMirror -->
	<AppIcon name="taco.apkmirror/taco.apkmirror.activities.MainActivity" image="apkmirror"/>

	<!-- Archivos -->
	<AppIcon name="com.google.android.go.documentsui/com.android.documentsui.LauncherActivity" image="archivos"/>

	<!-- Asistente -->
	<AppIcon name="com.google.android.apps.assistant/com.google.android.apps.assistant.go.MainActivity" image="asistente"/>

	<!-- BanCoppel -->
	<AppIcon name="mx.com.miapp/mx.com.miapp.ui.general.splash.SplashActivity" image="bancoppel"/>

	<!-- CFE Contigo -->
	<AppIcon name="mx.com.cfe.cfecontigo/mx.com.cfe.cfecontigo.ui.login.LoginActivity" image="cfe_contigo"/>

	<!-- CPU X -->
	<AppIcon name="com.abs.cpu_z_advance/com.abs.cpu_z_advance.MainActivity" image="cpu_x"/>

	<!-- Descargador de video -->
	<AppIcon name="video.downloader.videodownloader/video.downloader.videodownloader.activity.MainActivity" image="descargador_de_video"/>

	<!-- Firefox Klar -->
	<AppIcon name="org.mozilla.klar/org.mozilla.focus.activity.MainActivity" image="firefox_klar"/>

	<!-- Free Fire -->
	<AppIcon name="com.dts.freefireth/com.dts.freefireth.FFMainActivity" image="free_fire"/>

	<!-- Hi Waifu -->
	<AppIcon name="com.hiwaifu.app/com.example.waifu_flutter.MainActivity" image="hi_waifu"/>

	<!-- Image Toolbox -->
	<AppIcon name="ru.tech.imageresizershrinker/ru.tech.imageresizershrinker.presentation.AppActivity" image="image_toolbox"/>

	<!-- Lenovo -->
	<AppIcon name="com.lenovo.serviceit/com.lenovo.serviceit.start.SplashActivity" image="lenovo"/>

	<!-- LG ThinQ -->
	<AppIcon name="com.lgeha.nuts/com.lgeha.nuts.MainActivity" image="lg_thinq"/>

	<!-- Limpiador -->
	<AppIcon name="com.miui.cleaner.go/com.miui.cleaner.MainActivity" image="limpiador"/>

	<!-- Mercado Libre -->
	<AppIcon name="com.mercadolibre/com.mercadolibre.splash.SplashActivity" image="mercado_libre"/>

	<!-- Mercado Pago -->
	<AppIcon name="com.mercadopago.wallet/com.mercadopago.wallet.splash.SplashActivity" image="mercado_pago"/>

	<!-- Navegador -->
	<AppIcon name="com.go.browser/com.miui.android.apps.chrome.Main" image="navegador"/>

	<!-- OG Network Tools -->
	<AppIcon name="xyz.pisoj.og.nettools/xyz.pisoj.og.nettools.MainActivity" image="og_network_tools"/>

	<!-- Open Stable Diffusion -->
	<AppIcon name="com.openstablediffusion/com.openstablediffusion.MainActivity" image="open_stable_diffusion"/>

	<!-- Proton Calendar -->
	<AppIcon name="me.proton.android.calendar/me.proton.android.calendar.presentation.main.MainActivity" image="proton_calendar"/>

	<!-- Proton Pass -->
	<AppIcon name="proton.android.pass/proton.android.pass.ui.MainActivity" image="proton_pass"/>

	<!-- Reloj -->
	<AppIcon name="com.android.deskclock.go/com.android.deskclock.DeskClockTabActivity" image="reloj"/>

	<!-- SafeDot -->
	<AppIcon name="com.aravi.dot/com.aravi.dot.activities.main.MainActivity" image="safedot"/>

	<!-- Spin by OXXO -->
	<AppIcon name="com.pagopopmobile/com.pagopopmobile.MainActivity" image="spin_by_oxxo"/>

	<!-- Telcel -->
	<AppIcon name="com.telcel.contenedor/com.speedymovil.contenedor.gui.activities.AppsContainerActivity" image="telcel"/>

	<!-- Telmex -->
	<AppIcon name="com.telmex.mitelmex/com.icom.telmex.ui.splash.SplashActivity" image="telmex"/>

	<!-- The Translator -->
	<AppIcon name="com.sunilpaulmathew.translator/com.sunilpaulmathew.translator.MainActivity" image="the_translator"/>

	<!-- Unexpected Keyboard -->
	<AppIcon name="juloo.keyboard2/juloo.keyboard2.LauncherActivity" image="unexpected_keyboard"/>

	<!-- Vector Camera -->
	<AppIcon name="com.dozingcatsoftware.vectorcamera/com.dozingcatsoftware.vectorcamera.MainActivity" image="vector_camera"/>

	<!-- Virtual Gamepad -->
	<AppIcon name="com.samsung.vd.companions/com.samsung.vd.companions.MainActivity" image="virtual_gamepad"/>

	<!-- Wi-Fi Info -->
	<AppIcon name="com.truemlgpro.wifiinfo/com.truemlgpro.wifiinfo.ui.MainActivity" image="wi_fi_info"/>

</Theme>