<resources>

	<!-- @Voice -->
	<item component="ComponentInfo{com.hyperionics.avar/com.hyperionics.avar.SpeakReferenceActivity}" drawable="@voice" />

	<!-- Air Bank -->
	<item component="ComponentInfo{cz.airbank.android/cz.airbank.mb.android.activity.unsecured.LandingActivity}" drawable="air_bank" />

	<!-- Another Term -->
	<item component="ComponentInfo{green_green_avk.anotherterm.redist/green_green_avk.anotherterm.SessionsActivity}" drawable="another_term" />

	<!-- Barcode Scanner -->
	<item component="ComponentInfo{com.google.zxing.client.android/com.google.zxing.client.android.CaptureActivity}" drawable="barcode_scanner" />

	<!-- Copy SMS Code -->
	<item component="ComponentInfo{io.github.jd1378.otphelper/io.github.jd1378.otphelper.MainActivity}" drawable="copy_sms_code" />

	<!-- Hail -->
	<item component="ComponentInfo{com.aistra.hail/com.aistra.hail.ui.main.MainActivity}" drawable="hail" />

	<!-- IDOS -->
	<item component="ComponentInfo{cz.mafra.jizdnirady/cz.mafra.jizdnirady.activity.SplashActivity}" drawable="idos" />

	<!-- Kaomoji -->
	<item component="ComponentInfo{ru.kaomoji.kaomojiapp/ru.kaomoji.kaomojiapp.SplashActivity}" drawable="kaomoji" />

	<!-- LibreSudoku -->
	<item component="ComponentInfo{com.kaajjo.libresudoku/com.kaajjo.libresudoku.MainActivity}" drawable="libresudoku" />

	<!-- Můj vlak -->
	<item component="ComponentInfo{cz.cd.mujvlak.an/com.circlegate.cd.app.activity.MainActivity}" drawable="muj_vlak" />

	<!-- Patreon -->
	<item component="ComponentInfo{com.patreon.android/com.patreon.android.ui.shared.LauncherActivity}" drawable="patreon" />

	<!-- PipePipe -->
	<item component="ComponentInfo{InfinityLoop1309.NewPipeEnhanced/org.schabi.newpipe.MainActivity}" drawable="pipepipe" />

	<!-- Save Locally -->
	<item component="ComponentInfo{com.mateusrodcosta.apps.share2storage/com.mateusrodcosta.apps.share2storage.MainActivity}" drawable="save_locally" />

	<!-- SMS Backup & Restore -->
	<item component="ComponentInfo{com.riteshsahu.SMSBackupRestore/com.riteshsahu.SMSBackupRestore.activities.IntroActivity}" drawable="sms_backup_and_restore" />

</resources>