<Theme version="1">

	<!-- @Voice -->
	<AppIcon name="com.hyperionics.avar/com.hyperionics.avar.SpeakReferenceActivity" image="@voice"/>

	<!-- Air Bank -->
	<AppIcon name="cz.airbank.android/cz.airbank.mb.android.activity.unsecured.LandingActivity" image="air_bank"/>

	<!-- Another Term -->
	<AppIcon name="green_green_avk.anotherterm.redist/green_green_avk.anotherterm.SessionsActivity" image="another_term"/>

	<!-- Barcode Scanner -->
	<AppIcon name="com.google.zxing.client.android/com.google.zxing.client.android.CaptureActivity" image="barcode_scanner"/>

	<!-- Copy SMS Code -->
	<AppIcon name="io.github.jd1378.otphelper/io.github.jd1378.otphelper.MainActivity" image="copy_sms_code"/>

	<!-- Hail -->
	<AppIcon name="com.aistra.hail/com.aistra.hail.ui.main.MainActivity" image="hail"/>

	<!-- IDOS -->
	<AppIcon name="cz.mafra.jizdnirady/cz.mafra.jizdnirady.activity.SplashActivity" image="idos"/>

	<!-- Kaomoji -->
	<AppIcon name="ru.kaomoji.kaomojiapp/ru.kaomoji.kaomojiapp.SplashActivity" image="kaomoji"/>

	<!-- LibreSudoku -->
	<AppIcon name="com.kaajjo.libresudoku/com.kaajjo.libresudoku.MainActivity" image="libresudoku"/>

	<!-- Můj vlak -->
	<AppIcon name="cz.cd.mujvlak.an/com.circlegate.cd.app.activity.MainActivity" image="muj_vlak"/>

	<!-- Patreon -->
	<AppIcon name="com.patreon.android/com.patreon.android.ui.shared.LauncherActivity" image="patreon"/>

	<!-- PipePipe -->
	<AppIcon name="InfinityLoop1309.NewPipeEnhanced/org.schabi.newpipe.MainActivity" image="pipepipe"/>

	<!-- Save Locally -->
	<AppIcon name="com.mateusrodcosta.apps.share2storage/com.mateusrodcosta.apps.share2storage.MainActivity" image="save_locally"/>

	<!-- SMS Backup & Restore -->
	<AppIcon name="com.riteshsahu.SMSBackupRestore/com.riteshsahu.SMSBackupRestore.activities.IntroActivity" image="sms_backup_and_restore"/>

</Theme>