<resources>

	<!-- Arcticons -->
	<item component="ComponentInfo{com.donnnno.arcticons/com.donnnno.arcticons.activities.MainActivity}" drawable="arcticons" />

	<!-- Arcticons Day & Night -->
	<item component="ComponentInfo{com.donnnno.arcticons.daynight/com.donnnno.arcticons.activities.MainActivity}" drawable="arcticons_day_and_night" />

	<!-- AVG AntiVirus -->
	<item component="ComponentInfo{com.antivirus/com.avast.android.one.base.ui.main.MainActivity}" drawable="avg_antivirus" />

	<!-- AVG Cleaner -->
	<item component="ComponentInfo{com.avg.cleaner/com.avast.android.cleaner.activity.StartActivity}" drawable="avg_cleaner" />

	<!-- Bible -->
	<item component="ComponentInfo{com.sirma.mobile.bible.android/youversion.bible.app.MainActivity}" drawable="bible" />

	<!-- Bike Computer -->
	<item component="ComponentInfo{io.github.aria_company_0065.bicycle_computer/io.github.aria_company_0065.bicycle_computer.MainActivity}" drawable="bike_computer" />

	<!-- CallDetector -->
	<item component="ComponentInfo{com.privacystar.android.tracfone/com.privacystar.core.ui.SplashActivity}" drawable="calldetector" />

	<!-- Crackle -->
	<item component="ComponentInfo{com.gotv.crackle.handset/com.csse.crackle_android.ui.MainActivity}" drawable="crackle" />

	<!-- Device Pulse -->
	<item component="ComponentInfo{com.tracfone.preload.accountservices/com.tracfone.preload.accountservices.MainActivity}" drawable="device_pulse" />

	<!-- Dictionary -->
	<item component="ComponentInfo{com.tfd.mobile.TfdSearch/com.tfd.activity.MainActivity}" drawable="dictionary" />

	<!-- Digital Compass -->
	<item component="ComponentInfo{com.ktwapps.digitalcompass/com.ktwapps.digitalcompass.MainActivity}" drawable="digital_compass" />

	<!-- DNS Changer -->
	<item component="ComponentInfo{com.burakgon.dnschanger/com.burakgon.dnschanger.activities.LauncherActivity}" drawable="dns_changer" />

	<!-- e-Sword -->
	<item component="ComponentInfo{net.esword.esword/net.esword.esword.MainActivity}" drawable="e_sword" />

	<!-- Edge Canary -->
	<item component="ComponentInfo{com.microsoft.emmx.canary/com.microsoft.ruby.Main}" drawable="edge_canary" />

	<!-- Files -->
	<item component="ComponentInfo{org.aospstudio.files/com.aospstudio.shortcuts.MainActivity}" drawable="files" />

	<!-- Fivestars -->
	<item component="ComponentInfo{com.fivestars.FiveStarsConsumer/com.fivestars.FiveStarsConsumer.feature.launch.LaunchingActivity}" drawable="fivestars" />

	<!-- Freevee -->
	<item component="ComponentInfo{com.amazon.imdb.tv.mobile.app/com.amazon.imdb.tv.mobile.app.rn.PlatformReactNativeActivity}" drawable="freevee" />

	<!-- Frost -->
	<item component="ComponentInfo{com.dkanada.icecons/com.dkanada.icecons.activities.MainActivity}" drawable="frost" />

	<!-- FrostWire -->
	<item component="ComponentInfo{com.frostwire.android/com.frostwire.android.gui.activities.MainActivity}" drawable="frostwire" />

	<!-- Ham -->
	<item component="ComponentInfo{com.smerty.ham/com.smerty.ham.ham}" drawable="ham" />

	<!-- Harbor Freight Tools -->
	<item component="ComponentInfo{com.harborfreight.app/com.shopgate.android.view.SGStartupPage}" drawable="harbor_freight_tools" />

	<!-- iHeartRadio -->
	<item component="ComponentInfo{com.clearchannel.iheartradio.controller/com.iheart.activities.NavDrawerActivity}" drawable="iheartradio" />

	<!-- Linux Command Library -->
	<item component="ComponentInfo{com.inspiredandroid.linuxcommandbibliotheca/com.inspiredandroid.linuxcommandbibliotheca.MainActivity}" drawable="linux_command_library" />

	<!-- Midori -->
	<item component="ComponentInfo{org.midorinext.android/org.midorinext.android.App}" drawable="midori" />

	<!-- MoneyCard -->
	<item component="ComponentInfo{com.greendot.walmart.prepaid/com.greendotcorp.core.activity.AntiSpoofingActivity}" drawable="moneycard" />

	<!-- MySites -->
	<item component="ComponentInfo{com.tracfone.generic.mysites/com.tracfone.generic.mysites.MainActivity}" drawable="mysites" />

	<!-- NATO Alphabet Memorizer -->
	<item component="ComponentInfo{br.com.colman.nato/br.com.colman.nato.MainActivity}" drawable="nato_alphabet_memorizer" />

	<!-- OnionShare (beta) -->
	<item component="ComponentInfo{org.onionshare.android.fdroid/org.onionshare.android.ui.MainActivity}" drawable="onionshare_beta_" />

	<!-- Peacock -->
	<item component="ComponentInfo{com.peacocktv.peacockandroid/com.nowtv.view.activity.manhattan.MainActivity}" drawable="peacock" />

	<!-- Pixlr -->
	<item component="ComponentInfo{com.pixlr.express/com.pixlr.express.ui.startup.StartupActivity}" drawable="pixlr" />

	<!-- Pro Construction Calculator -->
	<item component="ComponentInfo{com.learnframing.proconstructioncalculator/com.learnframing.proconstructioncalculator.MainActivity}" drawable="pro_construction_calculator" />

	<!-- Proton Calendar -->
	<item component="ComponentInfo{me.proton.android.calendar/me.proton.android.calendar.presentation.main.MainActivity}" drawable="proton_calendar" />

	<!-- Proton Mail -->
	<item component="ComponentInfo{ch.protonmail.android/ch.protonmail.android.MainActivity}" drawable="proton_mail" />

	<!-- Providers -->
	<item component="ComponentInfo{com.propel.ebenefits/com.propel.ebenefits.MainActivity}" drawable="providers" />

	<!-- Redbox -->
	<item component="ComponentInfo{com.redbox.android.activity/com.redbox.android.activity.SplashActivity}" drawable="redbox" />

	<!-- Samsung TV Plus -->
	<item component="ComponentInfo{com.samsung.android.tvplus/com.samsung.android.tvplus.MainActivity}" drawable="samsung_tv_plus" />

	<!-- Survival Manual -->
	<item component="ComponentInfo{org.ligi.survivalmanual/org.ligi.survivalmanual.ui.MainActivity}" drawable="survival_manual" />

	<!-- Tubi -->
	<item component="ComponentInfo{com.tubitv/com.tubitv.activities.MainActivity}" drawable="tubi" />

	<!-- Turtl -->
	<item component="ComponentInfo{org.xphnx.iconsubmit/org.xphnx.iconsubmit.MainActivity}" drawable="turtl" />

	<!-- U​HC -->
	<item component="ComponentInfo{com.mobile.uhc/com.mobile.uhc.SplashActivity}" drawable="u​hc" />

	<!-- US Topo Maps -->
	<item component="ComponentInfo{com.atlogis.northamerica.free/com.atlogis.mapapp.MapAppStartActivity2}" drawable="us_topo_maps" />

	<!-- Video Downloader -->
	<item component="ComponentInfo{video.downloader.videodownloader/video.downloader.videodownloader.activity.MainActivity}" drawable="video_downloader" />

	<!-- Viewer for Khan Academy -->
	<item component="ComponentInfo{com.concentricsky.android.khan/com.concentricsky.android.khanacademy.app.HomeActivity}" drawable="viewer_for_khan_academy" />

	<!-- Voicemail -->
	<item component="ComponentInfo{com.samsung.vvm/com.samsung.vvm.vvmapp.VVMApplicationAlias}" drawable="voicemail" />

</resources>