<Theme version="1">

	<!-- Arcticons -->
	<AppIcon name="com.donnnno.arcticons/com.donnnno.arcticons.activities.MainActivity" image="arcticons"/>

	<!-- Arcticons Day & Night -->
	<AppIcon name="com.donnnno.arcticons.daynight/com.donnnno.arcticons.activities.MainActivity" image="arcticons_day_and_night"/>

	<!-- AVG AntiVirus -->
	<AppIcon name="com.antivirus/com.avast.android.one.base.ui.main.MainActivity" image="avg_antivirus"/>

	<!-- AVG Cleaner -->
	<AppIcon name="com.avg.cleaner/com.avast.android.cleaner.activity.StartActivity" image="avg_cleaner"/>

	<!-- Bible -->
	<AppIcon name="com.sirma.mobile.bible.android/youversion.bible.app.MainActivity" image="bible"/>

	<!-- Bike Computer -->
	<AppIcon name="io.github.aria_company_0065.bicycle_computer/io.github.aria_company_0065.bicycle_computer.MainActivity" image="bike_computer"/>

	<!-- CallDetector -->
	<AppIcon name="com.privacystar.android.tracfone/com.privacystar.core.ui.SplashActivity" image="calldetector"/>

	<!-- Crackle -->
	<AppIcon name="com.gotv.crackle.handset/com.csse.crackle_android.ui.MainActivity" image="crackle"/>

	<!-- Device Pulse -->
	<AppIcon name="com.tracfone.preload.accountservices/com.tracfone.preload.accountservices.MainActivity" image="device_pulse"/>

	<!-- Dictionary -->
	<AppIcon name="com.tfd.mobile.TfdSearch/com.tfd.activity.MainActivity" image="dictionary"/>

	<!-- Digital Compass -->
	<AppIcon name="com.ktwapps.digitalcompass/com.ktwapps.digitalcompass.MainActivity" image="digital_compass"/>

	<!-- DNS Changer -->
	<AppIcon name="com.burakgon.dnschanger/com.burakgon.dnschanger.activities.LauncherActivity" image="dns_changer"/>

	<!-- e-Sword -->
	<AppIcon name="net.esword.esword/net.esword.esword.MainActivity" image="e_sword"/>

	<!-- Edge Canary -->
	<AppIcon name="com.microsoft.emmx.canary/com.microsoft.ruby.Main" image="edge_canary"/>

	<!-- Files -->
	<AppIcon name="org.aospstudio.files/com.aospstudio.shortcuts.MainActivity" image="files"/>

	<!-- Fivestars -->
	<AppIcon name="com.fivestars.FiveStarsConsumer/com.fivestars.FiveStarsConsumer.feature.launch.LaunchingActivity" image="fivestars"/>

	<!-- Freevee -->
	<AppIcon name="com.amazon.imdb.tv.mobile.app/com.amazon.imdb.tv.mobile.app.rn.PlatformReactNativeActivity" image="freevee"/>

	<!-- Frost -->
	<AppIcon name="com.dkanada.icecons/com.dkanada.icecons.activities.MainActivity" image="frost"/>

	<!-- FrostWire -->
	<AppIcon name="com.frostwire.android/com.frostwire.android.gui.activities.MainActivity" image="frostwire"/>

	<!-- Ham -->
	<AppIcon name="com.smerty.ham/com.smerty.ham.ham" image="ham"/>

	<!-- Harbor Freight Tools -->
	<AppIcon name="com.harborfreight.app/com.shopgate.android.view.SGStartupPage" image="harbor_freight_tools"/>

	<!-- iHeartRadio -->
	<AppIcon name="com.clearchannel.iheartradio.controller/com.iheart.activities.NavDrawerActivity" image="iheartradio"/>

	<!-- Linux Command Library -->
	<AppIcon name="com.inspiredandroid.linuxcommandbibliotheca/com.inspiredandroid.linuxcommandbibliotheca.MainActivity" image="linux_command_library"/>

	<!-- Midori -->
	<AppIcon name="org.midorinext.android/org.midorinext.android.App" image="midori"/>

	<!-- MoneyCard -->
	<AppIcon name="com.greendot.walmart.prepaid/com.greendotcorp.core.activity.AntiSpoofingActivity" image="moneycard"/>

	<!-- MySites -->
	<AppIcon name="com.tracfone.generic.mysites/com.tracfone.generic.mysites.MainActivity" image="mysites"/>

	<!-- NATO Alphabet Memorizer -->
	<AppIcon name="br.com.colman.nato/br.com.colman.nato.MainActivity" image="nato_alphabet_memorizer"/>

	<!-- OnionShare (beta) -->
	<AppIcon name="org.onionshare.android.fdroid/org.onionshare.android.ui.MainActivity" image="onionshare_beta_"/>

	<!-- Peacock -->
	<AppIcon name="com.peacocktv.peacockandroid/com.nowtv.view.activity.manhattan.MainActivity" image="peacock"/>

	<!-- Pixlr -->
	<AppIcon name="com.pixlr.express/com.pixlr.express.ui.startup.StartupActivity" image="pixlr"/>

	<!-- Pro Construction Calculator -->
	<AppIcon name="com.learnframing.proconstructioncalculator/com.learnframing.proconstructioncalculator.MainActivity" image="pro_construction_calculator"/>

	<!-- Proton Calendar -->
	<AppIcon name="me.proton.android.calendar/me.proton.android.calendar.presentation.main.MainActivity" image="proton_calendar"/>

	<!-- Proton Mail -->
	<AppIcon name="ch.protonmail.android/ch.protonmail.android.MainActivity" image="proton_mail"/>

	<!-- Providers -->
	<AppIcon name="com.propel.ebenefits/com.propel.ebenefits.MainActivity" image="providers"/>

	<!-- Redbox -->
	<AppIcon name="com.redbox.android.activity/com.redbox.android.activity.SplashActivity" image="redbox"/>

	<!-- Samsung TV Plus -->
	<AppIcon name="com.samsung.android.tvplus/com.samsung.android.tvplus.MainActivity" image="samsung_tv_plus"/>

	<!-- Survival Manual -->
	<AppIcon name="org.ligi.survivalmanual/org.ligi.survivalmanual.ui.MainActivity" image="survival_manual"/>

	<!-- Tubi -->
	<AppIcon name="com.tubitv/com.tubitv.activities.MainActivity" image="tubi"/>

	<!-- Turtl -->
	<AppIcon name="org.xphnx.iconsubmit/org.xphnx.iconsubmit.MainActivity" image="turtl"/>

	<!-- U​HC -->
	<AppIcon name="com.mobile.uhc/com.mobile.uhc.SplashActivity" image="u​hc"/>

	<!-- US Topo Maps -->
	<AppIcon name="com.atlogis.northamerica.free/com.atlogis.mapapp.MapAppStartActivity2" image="us_topo_maps"/>

	<!-- Video Downloader -->
	<AppIcon name="video.downloader.videodownloader/video.downloader.videodownloader.activity.MainActivity" image="video_downloader"/>

	<!-- Viewer for Khan Academy -->
	<AppIcon name="com.concentricsky.android.khan/com.concentricsky.android.khanacademy.app.HomeActivity" image="viewer_for_khan_academy"/>

	<!-- Voicemail -->
	<AppIcon name="com.samsung.vvm/com.samsung.vvm.vvmapp.VVMApplicationAlias" image="voicemail"/>

</Theme>