<resources>

	<!-- Camera -->
	<item component="ComponentInfo{com.nothing.camera/com.nothing.camera.activity.CameraActivity}" drawable="camera" />

	<!-- Car Report -->
	<item component="ComponentInfo{me.kuehle.carreport/me.kuehle.carreport.gui.MainActivity}" drawable="car_report" />

	<!-- Casio G-Shock Smart Sync -->
	<item component="ComponentInfo{org.avmedia.gshockGoogleSync/org.avmedia.gShockPhoneSync.MainActivity}" drawable="casio_g_shock_smart_sync" />

	<!-- Clock -->
	<item component="ComponentInfo{com.best.deskclock/com.best.deskclock.DeskClock}" drawable="clock" />

	<!-- Contacts -->
	<item component="ComponentInfo{com.goodwy.contacts/com.goodwy.contacts.activities.SplashActivity.Orange}" drawable="contacts" />

	<!-- ECHS Beneficiaries App -->
	<item component="ComponentInfo{com.sourceinfosys.echsbenappv2/com.sourceinfosys.echsbenappv2.MainActivity}" drawable="echs_beneficiaries_app" />

	<!-- Gallery -->
	<item component="ComponentInfo{com.goodwy.gallery/com.goodwy.gallery.activities.SplashActivity.Orange}" drawable="gallery" />

	<!-- IOB Mobile -->
	<item component="ComponentInfo{com.fss.iob6/com.fss.iob6.MainActivity}" drawable="iob_mobile" />

	<!-- Mahavitaran -->
	<item component="ComponentInfo{com.msedcl.app/com.msedcl.callcenter.src.SplashActivity}" drawable="mahavitaran" />

	<!-- Messages -->
	<item component="ComponentInfo{com.goodwy.smsmessenger/com.goodwy.smsmessenger.activities.SplashActivity.Orange}" drawable="messages" />

	<!-- Music Center -->
	<item component="ComponentInfo{com.sony.songpal/com.sony.songpal.app.view.overview.DeviceAndGroupActivity}" drawable="music_center" />

	<!-- MyGate -->
	<item component="ComponentInfo{com.mygate.user/com.mygate.user.modules.shared.SplashActivity}" drawable="mygate" />

	<!-- OpenBoard -->
	<item component="ComponentInfo{org.dslul.openboard.inputmethod.latin/org.dslul.openboard.inputmethod.latin.setup.SetupActivity}" drawable="openboard" />

	<!-- Phone -->
	<item component="ComponentInfo{org.fossify.phone/org.fossify.phone.activities.SplashActivity.Green}" drawable="phone" />

	<!-- Popcorn Time -->
	<item component="ComponentInfo{dp.ws.popcorntime/se.popcorn_time.mobile.ui.MainActivity}" drawable="popcorn_time" />

	<!-- Recorder -->
	<item component="ComponentInfo{com.nothing.soundrecorder/com.nothing.soundrecorder.ui.NewMainActivity}" drawable="recorder" />

	<!-- SatStat -->
	<item component="ComponentInfo{com.vonglasow.michael.satstat/com.vonglasow.michael.satstat.ui.MainActivity}" drawable="satstat" />

	<!-- Silence -->
	<item component="ComponentInfo{me.lucky.silence/me.lucky.silence.MainActivity}" drawable="silence" />

	<!-- SolitaireCG -->
	<item component="ComponentInfo{net.sourceforge.solitaire_cg/net.sourceforge.solitaire_cg.SolitaireCG}" drawable="solitairecg" />

	<!-- TMSC -->
	<item component="ComponentInfo{com.ttl.customersocialapp/com.ttl.customersocialapp.controller.activity.SplashActivity}" drawable="tmsc" />

	<!-- Weather -->
	<item component="ComponentInfo{com.nothing.weather/com.nothing.weather.ui.main.MainActivity}" drawable="weather" />

	<!-- Yono Lite SBI -->
	<item component="ComponentInfo{com.sbi.SBIFreedomPlus/com.sbi.SBIFreedomPlus.SBIYonoLite}" drawable="yono_lite_sbi" />

</resources>