<resources>

	<!-- AnkiDroid -->
	<item component="ComponentInfo{com.ichi2.anki/com.ichi2.anki.IntentHandler}" drawable="ankidroid" />

	<!-- Bunpro -->
	<item component="ComponentInfo{bunpro.jp.bunpro_srs/bunpro.jp.bunpro_srs.MainActivity}" drawable="bunpro" />

	<!-- Choosy -->
	<item component="ComponentInfo{de.choosy.app/de.choosy.app.MainActivity}" drawable="choosy" />

	<!-- dict.cc -->
	<item component="ComponentInfo{cc.dict.dictcc/cc.dict.dictcc.MainActivity}" drawable="dictcc" />

	<!-- ePSXe -->
	<item component="ComponentInfo{com.epsxe.ePSXe/com.epsxe.ePSXe.ePSXe}" drawable="epsxe" />

	<!-- ePSXe opengl plugin -->
	<item component="ComponentInfo{com.epsxe.opengl/com.epsxe.opengl.ePSXeGL}" drawable="epsxe_opengl_plugin" />

	<!-- Jisho -->
	<item component="ComponentInfo{c.example.jisho/com.example.flutterapp.MainActivity}" drawable="jisho" />

	<!-- Kanji Dojo -->
	<item component="ComponentInfo{ua.syt0r.kanji/ua.syt0r.kanji.presentation.screen.main.GooglePlayMainActivity}" drawable="kanji_dojo" />

	<!-- Kanji Study -->
	<item component="ComponentInfo{com.mindtwisted.kanjistudy/com.mindtwisted.kanjistudy.activity.LaunchActivity}" drawable="kanji_study" />

	<!-- Lifesum -->
	<item component="ComponentInfo{com.sillens.shapeupclub/com.lifesum.android.main.MainActivity}" drawable="lifesum" />

	<!-- Meine SBK -->
	<item component="ComponentInfo{de.sbk.meinesbk/de.sbk.meinesbk.ui.splash.SplashActivity}" drawable="meine_sbk" />

	<!-- MeinMagenta -->
	<item component="ComponentInfo{de.telekom.android.customercenter/com.telekom.oneapp.launcher.components.launcher.LauncherActivity}" drawable="meinmagenta" />

	<!-- My Boy! -->
	<item component="ComponentInfo{com.fastemulator.gba/com.fastemulator.gba.RomListActivity}" drawable="my_boy_" />

	<!-- My OldBoy! -->
	<item component="ComponentInfo{com.fastemulator.gbc/com.fastemulator.gbc.RomListActivity}" drawable="my_oldboy_" />

	<!-- Night of the Full Moon -->
	<item component="ComponentInfo{com.ztgame.yyzy/com.ztgame.yyzy.adapternotchwithchannel.AdapterNotch}" drawable="night_of_the_full_moon" />

	<!-- Polytopia -->
	<item component="ComponentInfo{air.com.midjiwan.polytopia/com.google.firebase.MessagingUnityPlayerActivity}" drawable="polytopia" />

	<!-- Z-Lib -->
	<item component="ComponentInfo{com.positron_it.zlib/com.positron_it.zlib.ui.splash.SplashActivity}" drawable="z_lib" />

</resources>