<Theme version="1">

	<!-- AnkiDroid -->
	<AppIcon name="com.ichi2.anki/com.ichi2.anki.IntentHandler" image="ankidroid"/>

	<!-- Bunpro -->
	<AppIcon name="bunpro.jp.bunpro_srs/bunpro.jp.bunpro_srs.MainActivity" image="bunpro"/>

	<!-- Choosy -->
	<AppIcon name="de.choosy.app/de.choosy.app.MainActivity" image="choosy"/>

	<!-- dict.cc -->
	<AppIcon name="cc.dict.dictcc/cc.dict.dictcc.MainActivity" image="dictcc"/>

	<!-- ePSXe -->
	<AppIcon name="com.epsxe.ePSXe/com.epsxe.ePSXe.ePSXe" image="epsxe"/>

	<!-- ePSXe opengl plugin -->
	<AppIcon name="com.epsxe.opengl/com.epsxe.opengl.ePSXeGL" image="epsxe_opengl_plugin"/>

	<!-- Jisho -->
	<AppIcon name="c.example.jisho/com.example.flutterapp.MainActivity" image="jisho"/>

	<!-- Kanji Dojo -->
	<AppIcon name="ua.syt0r.kanji/ua.syt0r.kanji.presentation.screen.main.GooglePlayMainActivity" image="kanji_dojo"/>

	<!-- Kanji Study -->
	<AppIcon name="com.mindtwisted.kanjistudy/com.mindtwisted.kanjistudy.activity.LaunchActivity" image="kanji_study"/>

	<!-- Lifesum -->
	<AppIcon name="com.sillens.shapeupclub/com.lifesum.android.main.MainActivity" image="lifesum"/>

	<!-- Meine SBK -->
	<AppIcon name="de.sbk.meinesbk/de.sbk.meinesbk.ui.splash.SplashActivity" image="meine_sbk"/>

	<!-- MeinMagenta -->
	<AppIcon name="de.telekom.android.customercenter/com.telekom.oneapp.launcher.components.launcher.LauncherActivity" image="meinmagenta"/>

	<!-- My Boy! -->
	<AppIcon name="com.fastemulator.gba/com.fastemulator.gba.RomListActivity" image="my_boy_"/>

	<!-- My OldBoy! -->
	<AppIcon name="com.fastemulator.gbc/com.fastemulator.gbc.RomListActivity" image="my_oldboy_"/>

	<!-- Night of the Full Moon -->
	<AppIcon name="com.ztgame.yyzy/com.ztgame.yyzy.adapternotchwithchannel.AdapterNotch" image="night_of_the_full_moon"/>

	<!-- Polytopia -->
	<AppIcon name="air.com.midjiwan.polytopia/com.google.firebase.MessagingUnityPlayerActivity" image="polytopia"/>

	<!-- Z-Lib -->
	<AppIcon name="com.positron_it.zlib/com.positron_it.zlib.ui.splash.SplashActivity" image="z_lib"/>

</Theme>