<appmap>

	<!-- Amazon -->
	<item class="com.amazon.mShop.home.HomeActivity" name="amazon"/>

	<!-- Apple Music -->
	<item class="com.apple.android.music.onboarding.activities.SplashActivity" name="apple_music"/>

	<!-- Bandcamp -->
	<item class="com.bandcamp.android.view.SplashActivity" name="bandcamp"/>

	<!-- BookMyShow -->
	<item class="com.movie.bms.splashscreen.SplashScreenActivity" name="bookmyshow"/>

	<!-- Brain Waves Pro -->
	<item class="net.luizmello.brainwaves.app.features.MainActivity" name="brain_waves_pro"/>

	<!-- Brilliant -->
	<item class="org.brilliant.android.ui.common.MainActivity" name="brilliant"/>

	<!-- Calculator -->
	<item class="com.android.calculator2.Calculator" name="calculator"/>

	<!-- Camera -->
	<item class="com.oplus.camera.Camera" name="camera"/>

	<!-- Chess Tactics Pro -->
	<item class="net.lrstudios.problemappslib.ui.MainActivity" name="chess_tactics_pro"/>

	<!-- Citibank IN -->
	<item class="com.citiuat.mobeix.MainActivity" name="citibank_in"/>

	<!-- Clock -->
	<item class="com.oplus.alarmclock.AlarmClock" name="clock"/>

	<!-- CoinDCX -->
	<item class="com.coindcx.MainActivity" name="coindcx"/>

	<!-- Dunzo -->
	<item class="in.dunzo.splashScreen.ui.LauncherActivity" name="dunzo"/>

	<!-- Evernote -->
	<item class="com.evernote.SplashActivity" name="evernote"/>

	<!-- Flud+ -->
	<item class="com.delphicoder.flud.MainActivity" name="flud_"/>

	<!-- Ground News -->
	<item class="vc.ucic.SplashActivity" name="ground_news"/>

	<!-- H&M -->
	<item class="com.hm.goe.app.home.HomeActivity" name="h_and_m"/>

	<!-- IKEA -->
	<item class="com.ingka.ikea.app.splash.FirstEntryActivity" name="ikea"/>

	<!-- JUGO -->
	<item class="bubustudio.jugo.pack.activities.SplashActivity" name="jugo"/>

	<!-- Jupiter -->
	<item class="com.zoontek.rnbootsplash.RNBootSplashActivity" name="jupiter"/>

	<!-- Keepa -->
	<item class="com.tns.NativeScriptActivity" name="keepa"/>

	<!-- Laundry Timer -->
	<item class="com.solarr.drytimer.MainActivity" name="laundry_timer"/>

	<!-- m4marry -->
	<item class="com.manoramaonline.m4marry.ui.main.splash.SplashActivity" name="m4marry"/>

	<!-- Math Tricks Workout -->
	<item class="com.sankhyantra.mathstricks.SplashScreensActivity" name="math_tricks_workout"/>

	<!-- MuPDF mini -->
	<item class="com.artifex.mupdf.mini.app.LibraryActivity" name="mupdf_mini"/>

	<!-- Nexo -->
	<item class="com.nexowallet.MainActivity" name="nexo"/>

	<!-- NYTimes -->
	<item class="com.nytimes.android.MainActivity" name="nytimes"/>

	<!-- Ola -->
	<item class="com.olacabs.customer.ui.SplashActivity" name="ola"/>

	<!-- OneFootball -->
	<item class="com.onefootball.android.activity.FastLaunchSplashScreenActivity" name="onefootball"/>

	<!-- OpenBoard -->
	<item class="org.dslul.openboard.inputmethod.latin.setup.SetupActivity" name="openboard"/>

	<!-- Patreon -->
	<item class="com.patreon.android.ui.shared.LauncherActivity" name="patreon"/>

	<!-- Photos -->
	<item class="com.coloros.gallery3d.app.MainActivity" name="photos"/>

	<!-- Plex -->
	<item class="com.plexapp.plex.activities.SplashActivity" name="plex"/>

	<!-- Pocket Casts -->
	<item class="au.com.shiftyjelly.pocketcasts.ui.MainActivity" name="pocket_casts"/>

	<!-- Recorder -->
	<item class="com.soundrecorder.browsefile.BrowseFile" name="recorder"/>

	<!-- SD Maid SE -->
	<item class="eu.darken.sdmse.main.ui.MainActivity" name="sd_maid_se"/>

	<!-- Specie -->
	<item class="org.billthefarmer.specie.Main" name="specie"/>

	<!-- Swiggy -->
	<item class="in.swiggy.android.activities.HomeActivity" name="swiggy"/>

	<!-- TC -->
	<item class="eu.faircode.netguard.ActivityMain" name="tc"/>

	<!-- Tether -->
	<item class="com.tplink.tether.WelcomeActivity" name="tether"/>

	<!-- TradingView -->
	<item class="com.tradingview.tradingviewapp.root.view.RootActivity" name="tradingview"/>

	<!-- UFC -->
	<item class="com.imggaming.dicemobile.MainActivity" name="ufc"/>

	<!-- UNIQLO -->
	<item class="com.uniqlo.ja.catalogue.view.mobile.startup.StartupActivity" name="uniqlo"/>

	<!-- Untracker -->
	<item class="me.zhanghai.android.untracker.MainActivity" name="untracker"/>

	<!-- Voronoi -->
	<item class="com.voronoi.app.voronoiapp.MainActivity" name="voronoi"/>

	<!-- Wynk Music -->
	<item class="com.bsbportal.music.v2.features.main.ui.HomeActivity" name="wynk_music"/>

	<!-- ZARA -->
	<item class="com.inditex.zara.MainActivityDefaultIcon" name="zara"/>

</appmap>