<resources>

	<!-- AdBlock für Samsung Internet -->
	<item component="ComponentInfo{com.betafish.adblocksbrowser/org.adblockplus.adblockplussbrowser.app.ui.LauncherActivity}" drawable="adblock_fur_samsung_internet" />

	<!-- Blitzer.de PRO -->
	<item component="ComponentInfo{de.blitzer.plus/net.graphmasters.blitzerde.activity.splash.SplashActivity}" drawable="blitzerde_pro" />

	<!-- Booking.com -->
	<item component="ComponentInfo{com.booking/com.booking.startup.HomeActivity}" drawable="bookingcom" />

	<!-- Bus & Bahn -->
	<item component="ComponentInfo{de.hafas.android.vbb/de.hafas.main.HafasApp}" drawable="bus_and_bahn" />

	<!-- Celebrate -->
	<item component="ComponentInfo{app.celebrate.celpho/app.celebrate.celpho.MainActivity}" drawable="celebrate" />

	<!-- CHECK24 -->
	<item component="ComponentInfo{de.check24.check24/de.check24.check24.activities.Check24Activity}" drawable="check24" />

	<!-- Diarium -->
	<item component="ComponentInfo{partl.Diarium/crc64379322c6af5bbbbe.MainActivity}" drawable="diarium" />

	<!-- Enya Music -->
	<item component="ComponentInfo{com.enya.enyamusic.national/com.enya.enyamusic.internation.activity.SplashActivity}" drawable="enya_music" />

	<!-- FeWo-direkt -->
	<item component="ComponentInfo{com.vacationrentals.homeaway/com.expedia.bookings.activity.SearchActivity}" drawable="fewo_direkt" />

	<!-- Finanzguru -->
	<item component="ComponentInfo{de.dwins.financeguru/de.dwins.financeguru.SplashActivity}" drawable="finanzguru" />

	<!-- Gaming Hub -->
	<item component="ComponentInfo{com.samsung.android.game.gamehome/com.samsung.android.game.gamehome.app.MainActivity}" drawable="gaming_hub" />

	<!-- Health -->
	<item component="ComponentInfo{com.sec.android.app.shealth/com.samsung.android.app.shealth.home.HomeMainActivity}" drawable="health" />

	<!-- Hue -->
	<item component="ComponentInfo{com.philips.lighting.hue2/com.philips.lighting.hue2.ContentActivity}" drawable="hue" />

	<!-- IPC360 -->
	<item component="ComponentInfo{com.ipc360/com.showmo.activity.OpenSelectActivity}" drawable="ipc360" />

	<!-- Journi Blog -->
	<item component="ComponentInfo{com.journiapp.journi/com.journiapp.journi.ui.launch.LaunchActivity}" drawable="journi_blog" />

	<!-- Legion -->
	<item component="ComponentInfo{fr.thema.wear.watch.legion/fr.thema.wear.watch.legion.WatchFaceCompanionConfigActivity}" drawable="legion" />

	<!-- Master -->
	<item component="ComponentInfo{fr.thema.wear.watch.master/fr.thema.wear.watch.master.WatchFaceCompanionConfigActivity}" drawable="master" />

	<!-- Mein Kochbuch -->
	<item component="ComponentInfo{com.blackapps.kochbuch2/com.blackapps.kochbuch2.MainActivity}" drawable="mein_kochbuch" />

	<!-- MuPDF viewer -->
	<item component="ComponentInfo{com.artifex.mupdf.viewer.app/com.artifex.mupdf.viewer.app.LibraryActivity}" drawable="mupdf_viewer" />

	<!-- MyFRITZ! -->
	<item component="ComponentInfo{de.avm.android.myfritz2/de.avm.android.one.activities.StartActivity}" drawable="myfritz_" />

	<!-- N26 -->
	<item component="ComponentInfo{de.number26.android/de.number26.machete.android.refactor.presentation.settings.customize_icon.launch_aliases.TealActivityLauncher}" drawable="n26" />

	<!-- Notizen -->
	<item component="ComponentInfo{com.simplemobiletools.notes.pro/com.simplemobiletools.notes.pro.activities.SplashActivity.Red}" drawable="notizen" />

	<!-- Notizen -->
	<item component="ComponentInfo{org.secuso.privacyfriendlynotes/org.secuso.privacyfriendlynotes.ui.SplashActivity}" drawable="notizen" />

	<!-- PRINT -->
	<item component="ComponentInfo{jp.co.canon.bsd.ad.pixmaprint/jp.co.canon.bsd.ad.pixmaprint.EulaActivity}" drawable="print" />

	<!-- SELPHY -->
	<item component="ComponentInfo{jp.co.canon.ic.photolayout/jp.co.canon.ic.photolayout.LaunchActivity}" drawable="selphy" />

	<!-- Smart Home -->
	<item component="ComponentInfo{de.avm.android.smarthome/de.avm.android.smarthome.activities.StartActivity}" drawable="smart_home" />

	<!-- TomTom GO -->
	<item component="ComponentInfo{com.tomtom.gplay.navapp/com.tomtom.mobilenavapp.MobileNavAppActivity}" drawable="tomtom_go" />

	<!-- Trade Republic -->
	<item component="ComponentInfo{de.traderepublic.app/de.traderepublic.app.ui.splash.LaunchActivity}" drawable="trade republic" />

	<!-- trale -->
	<item component="ComponentInfo{de.quantumphysique.trale/de.quantumphysique.trale.MainActivity}" drawable="trale" />

	<!-- WallFlow -->
	<item component="ComponentInfo{com.ammar.wallflow/com.ammar.wallflow.activities.main.MainActivity}" drawable="wallflow" />

	<!-- Wochenplaner -->
	<item component="ComponentInfo{com.weeklyplannerapp.weekplan/com.weeklyplannerapp.weekplan.View.Activities.MainActivity}" drawable="wochenplaner" />

	<!-- YAZIO -->
	<item component="ComponentInfo{com.yazio.android/yazio.feature.MainActivity}" drawable="yazio" />

</resources>