<Theme version="1">

	<!-- 0h h1 -->
	<AppIcon name="com.q42.ohhi/com.q42.ohhi.MainActivity" image="_0h_h1"/>

	<!-- Super Resolution Scaler(waifu2x) -->
	<AppIcon name="com.kaede_software.superresolutionwaifu2x/com.kaede_software.superresolutionwaifu2x.SdFileListActivity" image="super_resolution_scaler_waifu2x_"/>

	<!-- 7Zipper -->
	<AppIcon name="org.joa.zipperplus7/org.joa.zipperplus7.StartPageActivity" image="_7zipper"/>

	<!-- 8Vim -->
	<AppIcon name="inc.flide.vi8/inc.flide.vim8.SettingsLauncherAlias" image="_8vim"/>

	<!-- カメラ -->
	<AppIcon name="com.oppo.camera/com.oppo.camera.Camera" image="カメラ"/>

	<!-- ギャラリー -->
	<AppIcon name="com.simplemobiletools.gallery.pro/com.simplemobiletools.gallery.pro.activities.SplashActivity.Teal" image="simplemobiletools_gallery_teal"/>

	<!-- コンパス -->
	<AppIcon name="com.coloros.compass2/com.coloros.compass.flat.FlatCompass" image="コンパス"/>

	<!-- テーマストア -->
	<AppIcon name="com.heytap.themestore/com.nearme.themespace.activities.ThemeActivity" image="テマストア"/>

	<!-- File Manager -->
	<AppIcon name="com.coloros.filemanager/com.coloros.filemanager.filerefactor.ui.main.MainActivity" image="file_manager"/>

	<!-- メッセージ -->
	<AppIcon name="com.android.mms/com.android.mms.ui.ConversationList" image="android_mms_list"/>

	<!-- Calculator -->
	<AppIcon name="com.coloros.calculator/com.android.calculator2.Calculator" image="calculator"/>

	<!-- 電話 -->
	<AppIcon name="com.android.contacts/com.android.contacts.DialtactsActivityAlias" image="android_contacts_dial"/>

	<!-- I Can't Wake Up! Alarm Clock -->
	<AppIcon name="com.kog.alarmclock/com.n7mobile.icantwakeup.ui.MainActivity" image="i_cant_wake_up_alarm_clock"/>

	<!-- AndFTP -->
	<AppIcon name="lysesoft.andftp/lysesoft.andftp.SplashActivity" image="andftp"/>

	<!-- Avast Mobile Security -->
	<AppIcon name="com.avast.android.mobilesecurity/com.avast.android.one.base.ui.main.MainActivity" image="avast_mobile_security"/>

	<!-- Bejeweled3 -->
	<AppIcon name="com.trans.bejeweled3/com.trans.bejeweled3.Bejeweled3" image="bejeweled3"/>

	<!-- CommBank -->
	<AppIcon name="com.commbank.netbank/com.commbank.netbank.application.MainActivity" image="commbank"/>

	<!-- Desmos -->
	<AppIcon name="com.desmos.calculator/com.desmos.calculator.MainActivity" image="desmos"/>

	<!-- dotpict -->
	<AppIcon name="net.dotpicko.dotpict/net.dotpicko.dotpict.RoutingActivity" image="dotpict"/>

	<!-- DualWallpaper -->
	<AppIcon name="de.dlyt.yanndroid.dualwallpaper/de.dlyt.yanndroid.dualwallpaper.ui.activity.MainActivity" image="dualwallpaper"/>

	<!-- DuckStation -->
	<AppIcon name="com.github.stenzek.duckstation/com.github.stenzek.duckstation.MainActivity" image="duckstation"/>

	<!-- Easy xkcd -->
	<AppIcon name="de.tap.easy_xkcd/de.tap.easy_xkcd.mainActivity.MainActivity" image="easy_xkcd"/>

	<!-- easypose -->
	<AppIcon name="com.madcat.easyposer/com.unity3d.player.UnityPlayerActivity" image="easypose"/>

	<!-- FamiStudio -->
	<AppIcon name="org.famistudio/crc64a10958aa5b7794e0.FamiStudioWindow" image="famistudio"/>

	<!-- FreeOTP+ -->
	<AppIcon name="org.liberty.android.freeotpplus/org.fedorahosted.freeotp.ui.MainActivity" image="freeotp_"/>

	<!-- Gacha Life -->
	<AppIcon name="air.com.lunime.gachalife/air.com.lunime.gachalife.AIRAppEntry" image="gacha_life"/>

	<!-- GIFShop -->
	<AppIcon name="com.gif.gifmaker/com.gif.gifmaker.ui.splash.SplashScreen" image="gifshop"/>

	<!-- Hacker's Keyboard -->
	<AppIcon name="org.pocketworkstation.pckeyboard/org.pocketworkstation.pckeyboard.Main" image="hackers_keyboard"/>

	<!-- Keyman -->
	<AppIcon name="com.tavultesoft.kmapro/com.tavultesoft.kmapro.SplashScreenActivity" image="keyman"/>

	<!-- LINE -->
	<AppIcon name="jp.naver.line.android/jp.naver.line.android.activity.SplashActivity" image="line"/>

	<!-- Lovense Remote -->
	<AppIcon name="com.lovense.wear/com.wear.main.FlashActivity" image="lovense_remote"/>

	<!-- MediaFire -->
	<AppIcon name="com.mediafire.android/com.mediafire.android.MainActivity" image="mediafire"/>

	<!-- melonDS -->
	<AppIcon name="me.magnum.melonds/me.magnum.melonds.ui.romlist.RomListActivity" image="melonds"/>

	<!-- Metronome -->
	<AppIcon name="com.eumlab.android.prometronome/com.eumlab.prometronome.MainActivity" image="metronome"/>

	<!-- Minesweeper -->
	<AppIcon name="ee.dustland.android.minesweeper/ee.dustland.android.minesweeper.MinesweeperHostActivity" image="minesweeper"/>

	<!-- Mitch -->
	<AppIcon name="ua.gardenapple.itchupdater/garden.appl.mitch.ui.MainActivity" image="mitch"/>

	<!-- Multiling O Keyboard -->
	<AppIcon name="kl.ime.oh/kl.ime.oh.M" image="multiling_o_keyboard"/>

	<!-- Night Filter -->
	<AppIcon name="com.digipom.nightfilter/com.digipom.nightfilter.activity.StartActivity" image="night_filter"/>

	<!-- Opera GX -->
	<AppIcon name="com.opera.gx/com.opera.gx.MainActivity" image="opera_gx"/>

	<!-- Barcode Scanner -->
	<AppIcon name="com.google.zxing.client.android/com.google.zxing.client.android.CaptureActivity" image="barcode_scanner"/>

	<!-- QuickEdit -->
	<AppIcon name="com.rhmsoft.edit/com.rhmsoft.edit.activity.MainActivity" image="quickedit"/>

	<!-- Replit -->
	<AppIcon name="com.replit.app/com.replit.app.MainActivity" image="replit"/>

	<!-- Revolt -->
	<AppIcon name="chat.revolt.app.twa/chat.revolt.app.twa.LauncherActivity" image="revolt"/>

	<!-- Screen Master -->
	<AppIcon name="pro.capture.screenshot/pro.capture.screenshot.activity.SplashActivity" image="screen_master"/>

	<!-- Senreta Vortaro -->
	<AppIcon name="org.mcxa.vortaro/org.mcxa.vortaro.MainActivity" image="senreta_vortaro"/>

	<!-- Simple Weight Tracker -->
	<AppIcon name="com.gmail.makasewicz.maciej/com.gmail.makasewicz.maciej.ui.activity.MainActivity" image="simple_weight_tracker"/>

	<!-- spacedesk -->
	<AppIcon name="ph.spacedesk.beta/ph.spacedesk.httpwww.spacedesk.SAActivityConnect" image="spacedesk"/>

	<!-- Spell4Wiki -->
	<AppIcon name="com.manimarank.spell4wiki/com.manimarank.spell4wiki.ui.splash.SplashActivity" image="spell4wiki"/>

	<!-- Square Pic -->
	<AppIcon name="nocrop.photoeditor.squarepic/com.shamble.instafit.SplashActivity" image="square_pic"/>

	<!-- tenki.jp -->
	<AppIcon name="jwa.or.jp.tenkijp3/jwa.or.jp.tenkijp3.SplashActivity" image="tenkijp"/>

	<!-- Tinder -->
	<AppIcon name="com.tinder/com.tinder.launch.internal.activities.LoginActivity" image="tinder"/>

	<!-- translator
 -->
	<AppIcon name="de.monocles.translator/de.monocles.translator.ui.MainActivity" image="translator
"/>

	<!-- Tumblr -->
	<AppIcon name="com.tumblr/com.tumblr.ui.activity.JumpoffActivity" image="tumblr"/>

	<!-- TunnelBear -->
	<AppIcon name="com.tunnelbear.android/com.tunnelbear.android.mvvmReDesign.NavGraphActivity" image="tunnelbear"/>

	<!-- Twitch -->
	<AppIcon name="tv.twitch.android.app/tv.twitch.android.app.core.LandingActivity" image="twitch"/>

	<!-- UnicodePad -->
	<AppIcon name="jp.ddo.hotmist.unicodepad/jp.ddo.hotmist.unicodepad.UnicodeActivity" image="unicodepad"/>

	<!-- Vendetta -->
	<AppIcon name="dev.beefers.vendetta/com.discord.main.MainDefault" image="vendetta"/>

	<!-- Vendetta Manager -->
	<AppIcon name="dev.beefers.vendetta.manager/dev.beefers.vendetta.manager.ui.activity.MainActivity" image="vendetta_manager"/>

	<!-- Wordfeud -->
	<AppIcon name="com.hbwares.wordfeud.free/com.hbwares.wordfeud.ui.WordFeudActivity" image="wordfeud"/>

</Theme>