<resources>

	<!-- Symphony -->
	<item component="ComponentInfo{io.github.zyrouge.symphony/io.github.zyrouge.symphony.MainActivity}" drawable="symphony" />

	<!-- Telegram -->
	<item component="ComponentInfo{org.telegram.messenger.web/org.telegram.messenger.DefaultIcon}" drawable="telegram" />

	<!-- Tinder -->
	<item component="ComponentInfo{com.tinder/com.tinder.launch.internal.activities.LoginActivity}" drawable="tinder" />

	<!-- TV Time -->
	<item component="ComponentInfo{com.tozelabs.tvshowtime/com.tozelabs.tvshowtime.MainActivity}" drawable="tv_time" />

	<!-- Web Source -->
	<item component="ComponentInfo{com.shipwebsource.customer.app/com.shipwebsource.customer.app.MainActivity}" drawable="web_source" />

	<!-- WordReference -->
	<item component="ComponentInfo{com.wordreference/com.wordreference.MainApp}" drawable="wordreference" />

	<!-- 내손안에
동의보감 -->
	<item component="ComponentInfo{kr.re.kiom.donguibogam/kr.re.kiom.donguibogam.MainActivity}" drawable="내손안에
동의보감" />

	<!-- 博客來 -->
	<item component="ComponentInfo{tw.com.books.android.plus/tw.com.books.app.books_shop_android.EntryActivity}" drawable="博客來" />

	<!-- 哔哩哔哩 -->
	<item component="ComponentInfo{tv.danmaku.bili/tv.danmaku.bili.MainActivityV2}" drawable="哔哩哔哩" />

	<!-- 百度网盘 -->
	<item component="ComponentInfo{com.baidu.netdisk/com.baidu.netdisk.ui.DefaultMainActivity}" drawable="百度网盘" />

</resources>