<appmap>

	<!-- Symphony -->
	<item class="io.github.zyrouge.symphony.MainActivity" name="symphony"/>

	<!-- Telegram -->
	<item class="org.telegram.messenger.DefaultIcon" name="telegram"/>

	<!-- Tinder -->
	<item class="com.tinder.launch.internal.activities.LoginActivity" name="tinder"/>

	<!-- TV Time -->
	<item class="com.tozelabs.tvshowtime.MainActivity" name="tv_time"/>

	<!-- Web Source -->
	<item class="com.shipwebsource.customer.app.MainActivity" name="web_source"/>

	<!-- WordReference -->
	<item class="com.wordreference.MainApp" name="wordreference"/>

	<!-- 내손안에
동의보감 -->
	<item class="kr.re.kiom.donguibogam.MainActivity" name="내손안에
동의보감"/>

	<!-- 博客來 -->
	<item class="tw.com.books.app.books_shop_android.EntryActivity" name="博客來"/>

	<!-- 哔哩哔哩 -->
	<item class="tv.danmaku.bili.MainActivityV2" name="哔哩哔哩"/>

	<!-- 百度网盘 -->
	<item class="com.baidu.netdisk.ui.DefaultMainActivity" name="百度网盘"/>

</appmap>