<Theme version="1">

	<!-- Symphony -->
	<AppIcon name="io.github.zyrouge.symphony/io.github.zyrouge.symphony.MainActivity" image="symphony"/>

	<!-- Telegram -->
	<AppIcon name="org.telegram.messenger.web/org.telegram.messenger.DefaultIcon" image="telegram"/>

	<!-- Tinder -->
	<AppIcon name="com.tinder/com.tinder.launch.internal.activities.LoginActivity" image="tinder"/>

	<!-- TV Time -->
	<AppIcon name="com.tozelabs.tvshowtime/com.tozelabs.tvshowtime.MainActivity" image="tv_time"/>

	<!-- Web Source -->
	<AppIcon name="com.shipwebsource.customer.app/com.shipwebsource.customer.app.MainActivity" image="web_source"/>

	<!-- WordReference -->
	<AppIcon name="com.wordreference/com.wordreference.MainApp" image="wordreference"/>

	<!-- 내손안에
동의보감 -->
	<AppIcon name="kr.re.kiom.donguibogam/kr.re.kiom.donguibogam.MainActivity" image="내손안에
동의보감"/>

	<!-- 博客來 -->
	<AppIcon name="tw.com.books.android.plus/tw.com.books.app.books_shop_android.EntryActivity" image="博客來"/>

	<!-- 哔哩哔哩 -->
	<AppIcon name="tv.danmaku.bili/tv.danmaku.bili.MainActivityV2" image="哔哩哔哩"/>

	<!-- 百度网盘 -->
	<AppIcon name="com.baidu.netdisk/com.baidu.netdisk.ui.DefaultMainActivity" image="百度网盘"/>

</Theme>