<resources>

	<!-- 17TRACK -->
	<item component="ComponentInfo{yqtrack.app/yqtrack.app.MainActivity}" drawable="_17track" />

	<!-- 1Password -->
	<item component="ComponentInfo{com.onepassword.android/com.onepassword.android.app.StartActivity}" drawable="_1password" />

	<!-- 4AiPaw -->
	<item component="ComponentInfo{com.hitpaw.ai.art/com.hitpaw.ai.art.WelcomeActivity}" drawable="_4aipaw" />

	<!-- 4D Parallax Wallpaper -->
	<item component="ComponentInfo{com.vinwap.parallaxpro/com.vinwap.parallaxpro.OpenActivity}" drawable="_4d_parallax_wallpaper" />

	<!-- 4K Wallpapers -->
	<item component="ComponentInfo{hd.wallpaper.live.parallax/hd.wallpaper.live.parallax.Activity.SplashActivity}" drawable="_4k_wallpapers" />

	<!-- 4shared -->
	<item component="ComponentInfo{com.forshared.files/com.cloud.module.splash.SplashActivity}" drawable="_4shared" />

	<!-- 6thStreet -->
	<item component="ComponentInfo{com.apparel.app6thstreet/com.apparel.app6thstreet.MainActivity}" drawable="_6thstreet" />

	<!-- أرامكس -->
	<item component="ComponentInfo{net.aramex/net.aramex.ui.landingpage.LandingPageActivity}" drawable="أرامكس" />

	<!-- إسعاد -->
	<item component="ComponentInfo{dubaipolice.esaad.ae.esaad_dubaipolice/dubaipolice.esaad.ae.esaad_dubaipolice.ui.activities.SplashActivity}" drawable="إسعاد" />

	<!-- إكسبو 2020 دبي -->
	<item component="ComponentInfo{com.expo2020dubai.android/com.expo2020dubai.android.view.MainActivity}" drawable="إكسبو_2020_دبي" />

	<!-- ابراهيم القرشي للعطور -->
	<item component="ComponentInfo{com.ibrahimalqurashiperfumes.android/webkul.opencart.mobikul.SplashScreen}" drawable="ابراهيم_القرشي_للعطور" />

	<!-- الاتحاد للطيران -->
	<item component="ComponentInfo{com.mttnow.android.etihad/com.amadeus.mdesmdp.activities.LaunchActivity}" drawable="الاتحاد_للطيران" />

	<!-- الاستوديو -->
	<item component="ComponentInfo{com.sec.android.app.vepreload/com.sec.android.app.vepreload.common.activity.ProjectShortcutActivity}" drawable="الاستوديو" />

	<!-- الحالة الرقمية -->
	<item component="ComponentInfo{com.samsung.android.forest/com.samsung.android.forest.launcher.LauncherActivity}" drawable="الحالة_الرقمية" />

	<!-- الربط بـ Windows -->
	<item component="ComponentInfo{com.samsung.android.mdx/com.samsung.android.mdx.windowslink.tileservice.LinkToWidowsLauncherActivityDummy}" drawable="الربط_ب_windows" />

	<!-- الصحة من هواوي -->
	<item component="ComponentInfo{com.huawei.health/com.huawei.health.MainActivity}" drawable="الصحة_من_هواوي" />

	<!-- العناية بالجهاز -->
	<item component="ComponentInfo{com.samsung.android.lool/com.samsung.android.sm.ui.DefaultActivity}" drawable="العناية_بالجهاز" />

	<!-- القياس -->
	<item component="ComponentInfo{com.google.tango.measure/com.google.vr.apps.ornament.measure.MeasureMainActivity}" drawable="القياس" />

	<!-- الكتابة المباشرة -->
	<item component="ComponentInfo{com.google.audio.hearing.visualization.accessibility.scribe/com.google.audio.hearing.visualization.accessibility.scribe.LauncherActivity}" drawable="الكتابة_المباشرة" />

	<!-- المسافر -->
	<item component="ComponentInfo{com.travel.almosafer/com.travel.common.presentation.splash.SplashActivity}" drawable="المسافر" />

	<!-- المصحف الذهبي -->
	<item component="ComponentInfo{org.goldenquran.freesoft/org.goldenquran.freesoft.activity.MainActivity}" drawable="المصحف_الذهبي" />

	<!-- المعاني عربي عربي -->
	<item component="ComponentInfo{com.almaany.arar/com.almaany.arar.MainActivity}" drawable="المعاني_عربي_عربي" />

	<!-- الوسيط -->
	<item component="ComponentInfo{com.awi.waseet/com.awi.waseet.MainActivity}" drawable="الوسيط" />

	<!-- ايكار -->
	<item component="ComponentInfo{ae.ekar/ae.ekar.activity.SplashActivity}" drawable="ايكار" />

	<!-- بائع بأمازون -->
	<item component="ComponentInfo{com.amazon.sellermobile.android/com.amazon.mShop.home.MainActivity}" drawable="بائع_بأمازون" />

	<!-- برايسنا -->
	<item component="ComponentInfo{com.naddad.pricena/com.naddad.pricena.activities.MainActivity_}" drawable="برايسنا" />

	<!-- بروبرتي فايندر -->
	<item component="ComponentInfo{ae.propertyfinder.propertyfinder/ae.propertyfinder.propertyfinder.ui.main.MainActivity}" drawable="بروبرتي_فايندر" />

	<!-- بسمات -->
	<item component="ComponentInfo{ae.etisalat.smiles/ae.etisalat.smiles.kt.presentation.splash.SplashActivity}" drawable="بسمات" />

	<!-- تريفاجو -->
	<item component="ComponentInfo{com.trivago/com.trivago.ft.main.frontend.MainActivity}" drawable="تريفاجو" />

	<!-- تقويم دبي -->
	<item component="ComponentInfo{com.dsf010.v2.dubaievents/com.dsf010.v2.dubaievents.SplashActivity}" drawable="تقويم_دبي" />

</resources>