<resources>

	<!-- Calculator -->
	<item component="ComponentInfo{com.oneplus.calculator/com.android.calculator2.Calculator}" drawable="calculator" />

	<!-- Camera -->
	<item component="ComponentInfo{com.oneplus.camera/com.oneplus.camera.OPCameraActivity}" drawable="camera" />

	<!-- Chooser -->
	<item component="ComponentInfo{com.uravgcode.chooser/com.uravgcode.chooser.MainActivity}" drawable="chooser" />

	<!-- Clock -->
	<item component="ComponentInfo{com.oneplus.deskclock/com.oplus.alarmclock.AlarmClock}" drawable="clock" />

	<!-- LMC8.4 -->
	<item component="ComponentInfo{org.codeaurora.snapcam/com.android.camera.CameraLauncher}" drawable="lmc84" />

	<!-- Poweramp Equalizer -->
	<item component="ComponentInfo{com.maxmpz.equalizer/com.maxmpz.audioplayer.standard_adaptive}" drawable="poweramp_equalizer" />

	<!-- Recorder -->
	<item component="ComponentInfo{com.oneplus.soundrecorder/com.soundrecorder.browsefile.BrowseFile}" drawable="recorder" />

	<!-- Roborock -->
	<item component="ComponentInfo{com.roborock.smart/com.roborock.smart.refactor.ui.splash.SplashActivity}" drawable="roborock" />

	<!-- ScanSnap -->
	<item component="ComponentInfo{com.fujitsu.pfu.ScanSnapConnectApplication/com.fujitsu.pfu.ScanSnapConnectApplication.SplashActivity}" drawable="scansnap" />

</resources>