<appmap>

	<!-- Calculator -->
	<item class="com.android.calculator2.Calculator" name="calculator"/>

	<!-- Camera -->
	<item class="com.oneplus.camera.OPCameraActivity" name="camera"/>

	<!-- Chooser -->
	<item class="com.uravgcode.chooser.MainActivity" name="chooser"/>

	<!-- Clock -->
	<item class="com.oplus.alarmclock.AlarmClock" name="clock"/>

	<!-- LMC8.4 -->
	<item class="com.android.camera.CameraLauncher" name="lmc84"/>

	<!-- Poweramp Equalizer -->
	<item class="com.maxmpz.audioplayer.standard_adaptive" name="poweramp_equalizer"/>

	<!-- Recorder -->
	<item class="com.soundrecorder.browsefile.BrowseFile" name="recorder"/>

	<!-- Roborock -->
	<item class="com.roborock.smart.refactor.ui.splash.SplashActivity" name="roborock"/>

	<!-- ScanSnap -->
	<item class="com.fujitsu.pfu.ScanSnapConnectApplication.SplashActivity" name="scansnap"/>

</appmap>