<Theme version="1">

	<!-- Calculator -->
	<AppIcon name="com.oneplus.calculator/com.android.calculator2.Calculator" image="calculator"/>

	<!-- Camera -->
	<AppIcon name="com.oneplus.camera/com.oneplus.camera.OPCameraActivity" image="camera"/>

	<!-- Chooser -->
	<AppIcon name="com.uravgcode.chooser/com.uravgcode.chooser.MainActivity" image="chooser"/>

	<!-- Clock -->
	<AppIcon name="com.oneplus.deskclock/com.oplus.alarmclock.AlarmClock" image="clock"/>

	<!-- LMC8.4 -->
	<AppIcon name="org.codeaurora.snapcam/com.android.camera.CameraLauncher" image="lmc84"/>

	<!-- Poweramp Equalizer -->
	<AppIcon name="com.maxmpz.equalizer/com.maxmpz.audioplayer.standard_adaptive" image="poweramp_equalizer"/>

	<!-- Recorder -->
	<AppIcon name="com.oneplus.soundrecorder/com.soundrecorder.browsefile.BrowseFile" image="recorder"/>

	<!-- Roborock -->
	<AppIcon name="com.roborock.smart/com.roborock.smart.refactor.ui.splash.SplashActivity" image="roborock"/>

	<!-- ScanSnap -->
	<AppIcon name="com.fujitsu.pfu.ScanSnapConnectApplication/com.fujitsu.pfu.ScanSnapConnectApplication.SplashActivity" image="scansnap"/>

</Theme>