<appmap>

	<!-- Action Launcher -->
	<item class="com.actionlauncher.ActionLauncherActivity" name="action_launcher"/>

	<!-- ADM -->
	<item class="com.dv.get.Main" name="adm"/>

	<!-- Agate -->
	<item class="com.reacstor.agate.activities.SplashActivity" name="agate"/>

	<!-- Alarmy -->
	<item class="droom.sleepIfUCan.activity.MainActivity" name="alarmy"/>

	<!-- Alien Shooter -->
	<item class="com.google.firebase.MessagingUnityPlayerActivity" name="alien_shooter"/>

	<!-- Ango icons -->
	<item class="com.maxpatchs.ango.activities.SplashActivity" name="ango_icons"/>

	<!-- Anime Witcher -->
	<item class="com.example.animewitcher.HomeActivity" name="anime_witcher"/>

	<!-- AppBar -->
	<item class="rk.android.app.appbar.activities.launch.LaunchActivity" name="appbar"/>

	<!-- AppBlock -->
	<item class="cz.mobilesoft.appblock.MainActivity" name="appblock"/>

	<!-- AppDrop -->
	<item class="com.bulk.uninstall.main.LauncherActivity" name="appdrop"/>

	<!-- Ascent -->
	<item class="com.sobol.oneSec.presentation.main.MainActivity" name="ascent"/>

	<!-- Battery Meter Overlay -->
	<item class="jp.gr.java_conf.soboku.batterymeter.ui.SettingsActivity" name="battery_meter_overlay"/>

	<!-- Battery Pods -->
	<item class="com.sumyapplications.bluetoothearphone.MainActivity" name="battery_pods"/>

	<!-- Battery Sound Notification -->
	<item class="com.argonremote.batterynotifier.MainActivity" name="battery_sound_notification"/>

	<!-- Battery Widget -->
	<item class="com.lstapps.batterywidget.MainActivity" name="battery_widget"/>

	<!-- Black Army Omni -->
	<item class="com.osheden.blackarmy.omni.activities.SplashActivity" name="black_army_omni"/>

	<!-- Black Screen -->
	<item class="io.japp.blackscreen.ui.MainActivity" name="black_screen"/>

	<!-- BlockerHero -->
	<item class="com.blockerhero.ui.launcher.LauncherActivity" name="blockerhero"/>

	<!-- BM Wallet -->
	<item class="com.emeint.android.mwallet2.view.StartupActivity" name="bm_wallet"/>

	<!-- Buckwheat -->
	<item class="com.danilkinkin.buckwheat.MainActivity" name="buckwheat"/>

	<!-- CircleDient Icon Pack -->
	<item class="com.gmg.iconpack.circle.gradient.activities.SplashActivity" name="circledient_icon_pack"/>

	<!-- Clipboard -->
	<item class="com.blackstar.apps.clipboard.ui.splash.SplashActivity" name="clipboard"/>

	<!-- Daily Quotes Widget -->
	<item class="com.lstapps.dailymotivationalquotewidget.MainActivity" name="daily_quotes_widget"/>

	<!-- Daylio -->
	<item class="net.daylio.activities.OverviewActivity" name="daylio"/>

	<!-- Device care -->
	<item class="com.samsung.android.sm.ui.DefaultActivity" name="device_care"/>

	<!-- Digital Wellbeing -->
	<item class="com.samsung.android.forest.launcher.LauncherActivity" name="digital_wellbeing"/>

	<!-- Distraction Free -->
	<item class="com.osheden.distraction.free.icon.pack.activities.SplashActivity" name="distraction_free"/>

	<!-- Dockalizer -->
	<item class="color.dev.com.beige.Splash" name="dockalizer"/>

	<!-- Download Progress++ -->
	<item class="com.ceco.sbdp.pro.Settings" name="download_progress_"/>

	<!-- DualWallpaper -->
	<item class="de.dlyt.yanndroid.dualwallpaper.ui.activity.MainActivity" name="dualwallpaper"/>

	<!-- dynamic bird -->
	<item class="com.hfhuaizhi.bird.activity.MainActivity" name="dynamic_bird"/>

	<!-- Dynamic Wallpaper -->
	<item class="rk.android.app.dynamic.wallpaper.activities.home.HomeActivity" name="dynamic_wallpaper"/>

	<!-- dynamic​Spot -->
	<item class="com.jamworks.dynamicspot.SettingsHome" name="dynamic​spot"/>

	<!-- Edge Card Launcher -->
	<item class="com.reactivstudios.android.edge4.ActivityEdge" name="edge_card_launcher"/>

	<!-- Energy Bar -->
	<item class="you.in.spark.energy.WelcomeScreen" name="energy_bar"/>

	<!-- SIM toolkit -->
	<item class="com.android.stk.StkLauncherActivity_DualSim" name="sim_toolkit"/>

	<!-- Fitness Coach -->
	<item class="fitnesscoach.workoutplanner.weightloss.feature.main.SplashActivity" name="fitness_coach"/>

	<!-- Flex Scroll -->
	<item class="com.phonephreak.smartscroll.MainActivity" name="flex_scroll"/>

	<!-- Folder Widget -->
	<item class="com.android.app.ap.h.MainActivity" name="folder_widget"/>

	<!-- gesturePlus -->
	<item class="com.jamworks.bestgesturenavigation.SettingsHome" name="gestureplus"/>

	<!-- Get Current Wallpaper -->
	<item class="dk.appdictive.getcurrentwallpaper.MainActivity" name="get_current_wallpaper"/>

	<!-- I am programmer -->
	<item class="com.putcodes.iamaprogrammer.Splasch_screen" name="i_am_programmer"/>

	<!-- JUGO -->
	<item class="bubustudio.jugo.pack.activities.SplashActivity" name="jugo"/>

	<!-- Keeplink -->
	<item class="org.erikjaen.tidylinksv2.ui.main.MainActivity" name="keeplink"/>

	<!-- Key Mapper -->
	<item class="io.github.sds100.keymapper.SplashActivity" name="key_mapper"/>

	<!-- Kingdom War Premium -->
	<item class="com.google.firebase.MessagingUnityPlayerActivity" name="kingdom_war_premium"/>

	<!-- Lawnchair (Debug) -->
	<item class="app.lawnchair.LawnchairLauncher" name="lawnchair_debug_"/>

	<!-- Lena -->
	<item class="com.candybar.dev.activities.SplashActivity" name="lena"/>

	<!-- LinkSheet -->
	<item class="fe.linksheet.activity.MainActivity" name="linksheet"/>

	<!-- Lock screen -->
	<item class="rk.android.app.lockscreen.activity.HomeActivity" name="lock_screen"/>

	<!-- Lockscreen Widgets -->
	<item class="tk.zwander.lockscreenwidgets.MainActivity" name="lockscreen_widgets"/>

	<!-- Meeye -->
	<item class="com.yeyebbc.play.meeye.iconpack.activities.SplashActivity" name="meeye"/>

	<!-- MetroLand -->
	<item class="com.kiloo.unityutilities.UnityPluginActivity" name="metroland"/>

	<!-- Midnight Dark - Icon Pack -->
	<item class="com.italiano.midnightdark.activities.MainActivity" name="midnight_dark_icon_pack"/>

	<!-- Mihon -->
	<item class="eu.kanade.tachiyomi.ui.main.MainActivity" name="mihon"/>

	<!-- Mimo -->
	<item class="com.getmimo.ui.SplashActivity_default" name="mimo"/>

	<!-- Movie Witcher -->
	<item class="com.example.moviewitcher.activites.HomeActivity" name="movie_witcher"/>

	<!-- Muviz Edge -->
	<item class="com.sparkine.muvizedge.activity.HomeActivity" name="muviz_edge"/>

	<!-- My Etisalat -->
	<item class="com.etisalat.view.splash.SplashActivity" name="my_etisalat"/>

	<!-- Namida -->
	<item class="com.msob7y.namida.NamidaMainActivity" name="namida"/>

	<!-- News -->
	<item class="com.google.apps.dots.android.app.activity.CurrentsStartActivity" name="news"/>

	<!-- Noterly -->
	<item class="uk.co.tdsstudios.noterly.MainActivity" name="noterly"/>

	<!-- Nothing 2.0 KWGT (Adaptive) -->
	<item class="com.nothingadaptive.kwgt.MainActivity" name="nothing_20_kwgt_adaptive_"/>

	<!-- Nothing Plus KWGT -->
	<item class="com.nothingpluskwgt.pack.MainActivity" name="nothing_plus_kwgt"/>

	<!-- Notification Shortcuts -->
	<item class="rk.android.app.notificationshortcuts.activities.launch.LaunchActivity" name="notification_shortcuts"/>

	<!-- NotiGuy -->
	<item class="com.dynamic.notifications.ui.SaCat" name="notiguy"/>

	<!-- Notisave -->
	<item class="com.tenqube.notisave.presentation.splash.SplashActivity" name="notisave"/>

	<!-- Noto -->
	<item class="com.noto.app.DarkRain" name="noto"/>

	<!-- Nuts Vol Booster -->
	<item class="com.coocent.theme.volumebooster.activity.SplashActivity" name="nuts_vol_booster"/>

	<!-- OSS Document Scanner -->
	<item class="com.akylas.documentscanner.MainActivity" name="oss_document_scanner"/>

	<!-- Panels -->
	<item class="com.fossor.panels.MainActivity" name="panels"/>

	<!-- Pocket Casts -->
	<item class="au.com.shiftyjelly.pocketcasts.ui.MainActivity" name="pocket_casts"/>

	<!-- PowerLine -->
	<item class="com.urbandroid.inline.MainActivity" name="powerline"/>

	<!-- Prayer Times -->
	<item class="com.zeedev.islamprayertime.activity.MainActivity" name="prayer_times"/>

	<!-- QR and Barcode Scanner PRO -->
	<item class="com.qrcode.barcode.scanner.reader.generator.pro.activity.MainActivity" name="qr_and_barcode_scanner_pro"/>

	<!-- Quick Settings -->
	<item class="it.simonesestito.ntiles.MainSplash" name="quick_settings"/>

	<!-- Quranly -->
	<item class="com.quranly.app.MainActivity" name="quranly"/>

	<!-- ReZ Launcher -->
	<item class="com.perryoncrack.rez.MainActivity" name="rez_launcher"/>

	<!-- Router Chef -->
	<item class="com.raouf.routerchef.SplashScreen" name="router_chef"/>

	<!-- Ruppu -->
	<item class="it.ruppu.ui.intro.LaunchActivity" name="ruppu"/>

	<!-- Samsung Cloud -->
	<item class="com.samsung.android.scloud.app.ui.splash.launcher" name="samsung_cloud"/>

	<!-- Screen Dimmer -->
	<item class="com.github.ericytsang.screenfilter.app.android.activity.MainActivity" name="screen dimmer"/>

	<!-- ScreenshotGo -->
	<item class="org.mozilla.scryer.MainActivity" name="screenshotgo"/>

	<!-- SD Maid SE -->
	<item class="eu.darken.sdmse.main.ui.MainActivity" name="sd_maid_se"/>

	<!-- Shadow Hero -->
	<item class="com.google.firebase.MessagingUnityPlayerActivity" name="shadow_hero"/>

	<!-- Simplified -->
	<item class="com.simplified.reborn.activities.SplashActivity" name="simplified"/>

	<!-- Simplilearn -->
	<item class="com.mobile.newArch.module.splash.SplashScreenActivity" name="simplilearn"/>

	<!-- Skillshare -->
	<item class="com.skillshare.Skillshare.client.onboarding.onboarding.view.SplashActivity" name="skillshare"/>

	<!-- Smartspacer -->
	<item class="com.kieronquinn.app.smartspacer.ui.activities.MainActivity" name="smartspacer"/>

	<!-- Smashy Duo -->
	<item class="com.unity3d.player.UnityPlayerActivity" name="smashy_duo"/>

	<!-- SongSync -->
	<item class="pl.lambada.songsync.MainActivity" name="songsync"/>

	<!-- Super Status Bar -->
	<item class="com.tombayley.statusbar.app.ui.home.MainActivity" name="super_status_bar"/>

	<!-- Tachiyomi -->
	<item class="eu.kanade.tachiyomi.ui.main.MainActivity" name="tachiyomi"/>

	<!-- Tech Quiz Master -->
	<item class="com.eggies.techquizmaster.MainActivity" name="tech_quiz_master"/>

	<!-- TickTick -->
	<item class="com.ticktick.task.HomeAlia_tick" name="ticktick"/>

	<!-- Transparency - Icon Pack -->
	<item class="com.italiano.transparency.activities.MainActivity" name="transparency_icon_pack"/>

	<!-- True Amps -->
	<item class="com.newgen.trueamps.activities.PreferencesActivity" name="true_amps"/>

	<!-- UC Browser -->
	<item class="com.UCMobile.main.UCMobile" name="uc_browser"/>

	<!-- Ultra Volume -->
	<item class="com.zipoapps.premiumhelper.ui.splash.PHSplashActivity" name="ultra_volume"/>

	<!-- Vinty -->
	<item class="com.esethnet.vinty.LicenseActivity" name="vinty"/>

	<!-- Viorange -->
	<item class="com.panotogomo.lbviorange.activities.SplashActivity" name="viorange"/>

	<!-- Vocabulary -->
	<item class="com.hrd.view.onboarding.SplashScreenActivity_appicon0" name="vocabulary"/>

	<!-- Voice notes -->
	<item class="com.gawk.voicenotes.view.main.MainActivity" name="voice_notes"/>

	<!-- WABox -->
	<item class="com.wabox.start.Welcome" name="wabox"/>

	<!-- Weather -->
	<item class="com.motorola.commandcenter.MainActivity" name="weather"/>

	<!-- آية مختارة -->
	<item class="com.devyahia.randomayah.MainActivity" name="آية_مختارة"/>

	<!-- أذكاري -->
	<item class="com.mbh.azkari.activities.landing.SplashActivity" name="أذكاري"/>

	<!-- الشفيع -->
	<item class="salah.rasoulallah.com.MainActivity" name="الشفيع"/>

	<!-- نختم -->
	<item class="com.karim.khatma.run" name="نختم"/>

	<!-- واعي -->
	<item class="com.m_s_helala.wa3y.MainActivity" name="واعي"/>

</appmap>