<resources>

	<!-- BCA mobile -->
	<item component="ComponentInfo{com.bca/com.bca.mobile.MainActivity}" drawable="bca_mobile" />

	<!-- bima+ -->
	<item component="ComponentInfo{com.linkit.bimatri/com.digitral.modules.splash.SplashActivity}" drawable="bima_" />

	<!-- BNI Mobile Banking -->
	<item component="ComponentInfo{src.com.bni/src.com.bni.Splash}" drawable="bni_mobile_banking" />

	<!-- BRImo -->
	<item component="ComponentInfo{id.co.bri.brimo/id.co.bri.brimo.ui.activities.SplashScreenActivity}" drawable="brimo" />

	<!-- Bukalapak -->
	<item component="ComponentInfo{com.bukalapak.android/com.bukalapak.android.HomeActivity_}" drawable="bukalapak" />

	<!-- Carlcare -->
	<item component="ComponentInfo{com.transsion.carlcare/com.transsion.carlcare.MainActivity}" drawable="carlcare" />

	<!-- Digital Korlantas -->
	<item component="ComponentInfo{id.qoin.korlantas.user/id.qoin.korlantas.user.MainActivity}" drawable="digital_korlantas" />

	<!-- Family Link -->
	<item component="ComponentInfo{com.google.android.apps.kids.familylink/com.google.android.apps.kids.familylink.flutter.standalone.HomeActivity}" drawable="family_link" />

	<!-- Flip -->
	<item component="ComponentInfo{id.flip/id.flip.MainActivity}" drawable="flip" />

	<!-- GoBiz -->
	<item component="ComponentInfo{com.gojek.resto/com.gojek.merchant.splash.GmSplashActivity}" drawable="gobiz" />

	<!-- Gojek -->
	<item component="ComponentInfo{com.gojek.app/com.gojek.home.splash.GojekSplashActivity}" drawable="gojek" />

	<!-- GoPay -->
	<item component="ComponentInfo{com.gojek.gopay/com.gojek.gopay.MainActivity}" drawable="gopay" />

	<!-- Grab Merchant -->
	<item component="ComponentInfo{com.grab.merchant/com.grab.mex.activity.MainActivity}" drawable="grab_merchant" />

	<!-- GrabKios -->
	<item component="ComponentInfo{kudo.mobile.app/kudo.mobile.app.mainmenu.feature.MainMenuNewActivity}" drawable="grabkios" />

	<!-- Identitas Kependudukan Digital -->
	<item component="ComponentInfo{gov.dukcapil.mobile_id/gov.dukcapil.mobile_id.MainActivity}" drawable="identitas_kependudukan_digital" />

	<!-- Jakmall -->
	<item component="ComponentInfo{com.jakmall/com.jakmall.ui.launcher.LauncherActivity}" drawable="jakmall" />

	<!-- Jam -->
	<item component="ComponentInfo{com.transsion.deskclock/com.transsion.deskclock.DeskClock}" drawable="jam" />

	<!-- JMO -->
	<item component="ComponentInfo{com.bpjstku/com.bpjstku.presentation.splash.SplashscreenActivity}" drawable="jmo" />

	<!-- Kompas -->
	<item component="ComponentInfo{com.transsion.compass/com.transsion.compass.CompassActivity}" drawable="kompas" />

	<!-- Lock Screen -->
	<item component="ComponentInfo{net.blumia.pineapple.lockscreen.oss/net.blumia.pineapple.lockscreen.MainActivity}" drawable="lock_screen" />

	<!-- Mitra Bukalapak -->
	<item component="ComponentInfo{com.bukalapak.mitra/com.bukalapak.mitra.activity.HomeActivity}" drawable="mitra_bukalapak" />

	<!-- Mitra Tokopedia -->
	<item component="ComponentInfo{com.tokopedia.kelontongapp/com.tokopedia.kelontongapp.main.view.KelontongMainActivity}" drawable="mitra_tokopedia" />

	<!-- Mobile JKN -->
	<item component="ComponentInfo{app.bpjs.mobile/io.flutter.embedding.android.FlutterFragmentActivity}" drawable="mobile_jkn" />

	<!-- MuPDF viewer -->
	<item component="ComponentInfo{com.artifex.mupdf.viewer.app/com.artifex.mupdf.viewer.app.LibraryActivity}" drawable="mupdf_viewer" />

	<!-- OVO -->
	<item component="ComponentInfo{ovo.id/ovo.id.common.activity.StartingActivity}" drawable="ovo" />

	<!-- Peluncur XOS -->
	<item component="ComponentInfo{com.transsion.XOSLauncher/com.android.launcher3.DynamicVirtualEntryActivity}" drawable="peluncur_xos" />

	<!-- Pemindai Cerdas -->
	<item component="ComponentInfo{com.transsion.scanningrecharger/com.transsion.scanningrecharger.view.activity.textrecognized.TextRecognizedActivity}" drawable="pemindai_cerdas" />

	<!-- PLN Mobile -->
	<item component="ComponentInfo{com.icon.pln123/io.flutter.embedding.android.FlutterActivity}" drawable="pln_mobile" />

	<!-- Plus -->
	<item component="ComponentInfo{org.telegram.plus/org.telegram.messenger.DefaultIcon}" drawable="plus" />

	<!-- Riseup VPN -->
	<item component="ComponentInfo{se.leap.riseupvpn/se.leap.bitmaskclient.base.StartActivity}" drawable="riseup_vpn" />

	<!-- SATUSEHAT -->
	<item component="ComponentInfo{com.telkom.tracencare/com.telkom.tracencare.MainActivity}" drawable="satusehat" />

	<!-- Shopee -->
	<item component="ComponentInfo{com.shopee.id/com.shopee.app.ui.home.HomeActivity_}" drawable="shopee" />

	<!-- Shopee Partner -->
	<item component="ComponentInfo{com.shopeepay.merchant.id/com.shopee.app.ui.splash.SplashActivity}" drawable="shopee_partner" />

	<!-- Stiker pribadi untuk WhatsApp -->
	<item component="ComponentInfo{com.dstukalov.walocalstoragestickers/com.dstukalov.walocalstoragestickers.StickerPacksActivity}" drawable="stiker_pribadi_untuk_whatsapp" />

	<!-- Stiker video untuk WhatsApp -->
	<item component="ComponentInfo{com.dstukalov.wavideostickers/com.dstukalov.wavideostickers.StickerPacksActivity}" drawable="stiker_video_untuk_whatsapp" />

	<!-- Tokopedia -->
	<item component="ComponentInfo{com.tokopedia.tkpd/com.tokopedia.tkpd.ConsumerSplashScreen}" drawable="tokopedia" />

	<!-- Tokopedia Seller -->
	<item component="ComponentInfo{com.tokopedia.sellerapp/com.tokopedia.sellerapp.SplashScreenActivity}" drawable="tokopedia_seller" />

	<!-- TravelBoast -->
	<item component="ComponentInfo{io.urobots.travelboast/io.urobots.travelboast.MapActivity}" drawable="travelboast" />

	<!-- Video Splitter -->
	<item component="ComponentInfo{com.psma.videosplitter/com.psma.videosplitter.main.SplashActivity}" drawable="video_splitter" />

	<!-- Wemoji -->
	<item component="ComponentInfo{com.picmax.wemoji/com.picmax.wemoji.activity.SplashScreenActivity}" drawable="wemoji" />

	<!-- XArena -->
	<item component="ComponentInfo{com.transsion.smartpanel/com.transsion.gamespace.activity.GameSpaceActivity}" drawable="xarena" />

	<!-- YMusic -->
	<item component="ComponentInfo{com.kapp.youtube.final/com.kapp.youtube.ui.MainActivity}" drawable="ymusic" />

	<!-- Zoho Invoice -->
	<item component="ComponentInfo{com.zoho.invoice/com.zoho.invoice.launcher.MainActivity}" drawable="zoho_invoice" />

</resources>