<Theme version="1">

	<!-- BCA mobile -->
	<AppIcon name="com.bca/com.bca.mobile.MainActivity" image="bca_mobile"/>

	<!-- bima+ -->
	<AppIcon name="com.linkit.bimatri/com.digitral.modules.splash.SplashActivity" image="bima_"/>

	<!-- BNI Mobile Banking -->
	<AppIcon name="src.com.bni/src.com.bni.Splash" image="bni_mobile_banking"/>

	<!-- BRImo -->
	<AppIcon name="id.co.bri.brimo/id.co.bri.brimo.ui.activities.SplashScreenActivity" image="brimo"/>

	<!-- Bukalapak -->
	<AppIcon name="com.bukalapak.android/com.bukalapak.android.HomeActivity_" image="bukalapak"/>

	<!-- Carlcare -->
	<AppIcon name="com.transsion.carlcare/com.transsion.carlcare.MainActivity" image="carlcare"/>

	<!-- Digital Korlantas -->
	<AppIcon name="id.qoin.korlantas.user/id.qoin.korlantas.user.MainActivity" image="digital_korlantas"/>

	<!-- Family Link -->
	<AppIcon name="com.google.android.apps.kids.familylink/com.google.android.apps.kids.familylink.flutter.standalone.HomeActivity" image="family_link"/>

	<!-- Flip -->
	<AppIcon name="id.flip/id.flip.MainActivity" image="flip"/>

	<!-- GoBiz -->
	<AppIcon name="com.gojek.resto/com.gojek.merchant.splash.GmSplashActivity" image="gobiz"/>

	<!-- Gojek -->
	<AppIcon name="com.gojek.app/com.gojek.home.splash.GojekSplashActivity" image="gojek"/>

	<!-- GoPay -->
	<AppIcon name="com.gojek.gopay/com.gojek.gopay.MainActivity" image="gopay"/>

	<!-- Grab Merchant -->
	<AppIcon name="com.grab.merchant/com.grab.mex.activity.MainActivity" image="grab_merchant"/>

	<!-- GrabKios -->
	<AppIcon name="kudo.mobile.app/kudo.mobile.app.mainmenu.feature.MainMenuNewActivity" image="grabkios"/>

	<!-- Identitas Kependudukan Digital -->
	<AppIcon name="gov.dukcapil.mobile_id/gov.dukcapil.mobile_id.MainActivity" image="identitas_kependudukan_digital"/>

	<!-- Jakmall -->
	<AppIcon name="com.jakmall/com.jakmall.ui.launcher.LauncherActivity" image="jakmall"/>

	<!-- Jam -->
	<AppIcon name="com.transsion.deskclock/com.transsion.deskclock.DeskClock" image="jam"/>

	<!-- JMO -->
	<AppIcon name="com.bpjstku/com.bpjstku.presentation.splash.SplashscreenActivity" image="jmo"/>

	<!-- Kompas -->
	<AppIcon name="com.transsion.compass/com.transsion.compass.CompassActivity" image="kompas"/>

	<!-- Lock Screen -->
	<AppIcon name="net.blumia.pineapple.lockscreen.oss/net.blumia.pineapple.lockscreen.MainActivity" image="lock_screen"/>

	<!-- Mitra Bukalapak -->
	<AppIcon name="com.bukalapak.mitra/com.bukalapak.mitra.activity.HomeActivity" image="mitra_bukalapak"/>

	<!-- Mitra Tokopedia -->
	<AppIcon name="com.tokopedia.kelontongapp/com.tokopedia.kelontongapp.main.view.KelontongMainActivity" image="mitra_tokopedia"/>

	<!-- Mobile JKN -->
	<AppIcon name="app.bpjs.mobile/io.flutter.embedding.android.FlutterFragmentActivity" image="mobile_jkn"/>

	<!-- MuPDF viewer -->
	<AppIcon name="com.artifex.mupdf.viewer.app/com.artifex.mupdf.viewer.app.LibraryActivity" image="mupdf_viewer"/>

	<!-- OVO -->
	<AppIcon name="ovo.id/ovo.id.common.activity.StartingActivity" image="ovo"/>

	<!-- Peluncur XOS -->
	<AppIcon name="com.transsion.XOSLauncher/com.android.launcher3.DynamicVirtualEntryActivity" image="peluncur_xos"/>

	<!-- Pemindai Cerdas -->
	<AppIcon name="com.transsion.scanningrecharger/com.transsion.scanningrecharger.view.activity.textrecognized.TextRecognizedActivity" image="pemindai_cerdas"/>

	<!-- PLN Mobile -->
	<AppIcon name="com.icon.pln123/io.flutter.embedding.android.FlutterActivity" image="pln_mobile"/>

	<!-- Plus -->
	<AppIcon name="org.telegram.plus/org.telegram.messenger.DefaultIcon" image="plus"/>

	<!-- Riseup VPN -->
	<AppIcon name="se.leap.riseupvpn/se.leap.bitmaskclient.base.StartActivity" image="riseup_vpn"/>

	<!-- SATUSEHAT -->
	<AppIcon name="com.telkom.tracencare/com.telkom.tracencare.MainActivity" image="satusehat"/>

	<!-- Shopee -->
	<AppIcon name="com.shopee.id/com.shopee.app.ui.home.HomeActivity_" image="shopee"/>

	<!-- Shopee Partner -->
	<AppIcon name="com.shopeepay.merchant.id/com.shopee.app.ui.splash.SplashActivity" image="shopee_partner"/>

	<!-- Stiker pribadi untuk WhatsApp -->
	<AppIcon name="com.dstukalov.walocalstoragestickers/com.dstukalov.walocalstoragestickers.StickerPacksActivity" image="stiker_pribadi_untuk_whatsapp"/>

	<!-- Stiker video untuk WhatsApp -->
	<AppIcon name="com.dstukalov.wavideostickers/com.dstukalov.wavideostickers.StickerPacksActivity" image="stiker_video_untuk_whatsapp"/>

	<!-- Tokopedia -->
	<AppIcon name="com.tokopedia.tkpd/com.tokopedia.tkpd.ConsumerSplashScreen" image="tokopedia"/>

	<!-- Tokopedia Seller -->
	<AppIcon name="com.tokopedia.sellerapp/com.tokopedia.sellerapp.SplashScreenActivity" image="tokopedia_seller"/>

	<!-- TravelBoast -->
	<AppIcon name="io.urobots.travelboast/io.urobots.travelboast.MapActivity" image="travelboast"/>

	<!-- Video Splitter -->
	<AppIcon name="com.psma.videosplitter/com.psma.videosplitter.main.SplashActivity" image="video_splitter"/>

	<!-- Wemoji -->
	<AppIcon name="com.picmax.wemoji/com.picmax.wemoji.activity.SplashScreenActivity" image="wemoji"/>

	<!-- XArena -->
	<AppIcon name="com.transsion.smartpanel/com.transsion.gamespace.activity.GameSpaceActivity" image="xarena"/>

	<!-- YMusic -->
	<AppIcon name="com.kapp.youtube.final/com.kapp.youtube.ui.MainActivity" image="ymusic"/>

	<!-- Zoho Invoice -->
	<AppIcon name="com.zoho.invoice/com.zoho.invoice.launcher.MainActivity" image="zoho_invoice"/>

</Theme>