<resources>

	<!-- Audiobookshelf -->
	<item component="ComponentInfo{com.audiobookshelf.app/com.audiobookshelf.app.MainActivity}" drawable="audiobookshelf" />

	<!-- BlueBubbles -->
	<item component="ComponentInfo{com.bluebubbles.messaging/com.bluebubbles.messaging.MainActivity}" drawable="bluebubbles" />

	<!-- Headspace -->
	<item component="ComponentInfo{com.getsomeheadspace.android/com.getsomeheadspace.android.splash.SplashActivity}" drawable="headspace" />

	<!-- Libby -->
	<item component="ComponentInfo{com.overdrive.mobile.android.libby/com.overdrive.mobile.android.nautilus.ui.Activity_Main}" drawable="libby" />

	<!-- MoeMemos -->
	<item component="ComponentInfo{me.mudkip.moememos/me.mudkip.moememos.MainActivity}" drawable="moememos" />

	<!-- Moon+ Reader Pro -->
	<item component="ComponentInfo{com.flyersoft.moonreaderp/com.flyersoft.moonreaderp.ActivityMain}" drawable="moon_reader_pro" />

	<!-- NYT Games -->
	<item component="ComponentInfo{com.nytimes.crossword/com.nytimes.crosswordlib.activity.MainActivity}" drawable="nyt_games" />

	<!-- Scrabble GO -->
	<item component="ComponentInfo{com.pieyel.scrabble/com.scopely.unity.ScopelyUnityActivity}" drawable="scrabble_go" />

	<!-- Syncthing -->
	<item component="ComponentInfo{com.nutomic.syncthingandroid/com.nutomic.syncthingandroid.activities.FirstStartActivity}" drawable="syncthing" />

	<!-- The Athletic -->
	<item component="ComponentInfo{com.theathletic/com.theathletic.activity.SplashActivity}" drawable="the_athletic" />

	<!-- Unexpected Keyboard -->
	<item component="ComponentInfo{juloo.keyboard2/juloo.keyboard2.LauncherActivity}" drawable="unexpected_keyboard" />

	<!-- wallabag -->
	<item component="ComponentInfo{fr.gaulupeau.apps.InThePoche/fr.gaulupeau.apps.Poche.ui.SplashActivity}" drawable="wallabag" />

	<!-- YouTube TV -->
	<item component="ComponentInfo{com.google.android.apps.youtube.unplugged/com.google.android.apps.youtube.unplugged.startup.activity.SplashActivity}" drawable="youtube_tv" />

</resources>