<Theme version="1">

	<!-- Audiobookshelf -->
	<AppIcon name="com.audiobookshelf.app/com.audiobookshelf.app.MainActivity" image="audiobookshelf"/>

	<!-- BlueBubbles -->
	<AppIcon name="com.bluebubbles.messaging/com.bluebubbles.messaging.MainActivity" image="bluebubbles"/>

	<!-- Headspace -->
	<AppIcon name="com.getsomeheadspace.android/com.getsomeheadspace.android.splash.SplashActivity" image="headspace"/>

	<!-- Libby -->
	<AppIcon name="com.overdrive.mobile.android.libby/com.overdrive.mobile.android.nautilus.ui.Activity_Main" image="libby"/>

	<!-- MoeMemos -->
	<AppIcon name="me.mudkip.moememos/me.mudkip.moememos.MainActivity" image="moememos"/>

	<!-- Moon+ Reader Pro -->
	<AppIcon name="com.flyersoft.moonreaderp/com.flyersoft.moonreaderp.ActivityMain" image="moon_reader_pro"/>

	<!-- NYT Games -->
	<AppIcon name="com.nytimes.crossword/com.nytimes.crosswordlib.activity.MainActivity" image="nyt_games"/>

	<!-- Scrabble GO -->
	<AppIcon name="com.pieyel.scrabble/com.scopely.unity.ScopelyUnityActivity" image="scrabble_go"/>

	<!-- Syncthing -->
	<AppIcon name="com.nutomic.syncthingandroid/com.nutomic.syncthingandroid.activities.FirstStartActivity" image="syncthing"/>

	<!-- The Athletic -->
	<AppIcon name="com.theathletic/com.theathletic.activity.SplashActivity" image="the_athletic"/>

	<!-- Unexpected Keyboard -->
	<AppIcon name="juloo.keyboard2/juloo.keyboard2.LauncherActivity" image="unexpected_keyboard"/>

	<!-- wallabag -->
	<AppIcon name="fr.gaulupeau.apps.InThePoche/fr.gaulupeau.apps.Poche.ui.SplashActivity" image="wallabag"/>

	<!-- YouTube TV -->
	<AppIcon name="com.google.android.apps.youtube.unplugged/com.google.android.apps.youtube.unplugged.startup.activity.SplashActivity" image="youtube_tv"/>

</Theme>