<resources>

	<!-- 1DM+ -->
	<item component="ComponentInfo{idm.internet.download.manager.plus/idm.internet.download.manager.MainActivity}" drawable="_1dm_" />

	<!-- 白描 -->
	<item component="ComponentInfo{com.uzero.baimiao/com.uzero.baimiao.Hello}" drawable="白描" />

	<!-- 百度贴吧 -->
	<item component="ComponentInfo{com.baidu.tieba/com.baidu.tieba.tblauncher.MainTabActivity}" drawable="百度贴吧" />

	<!-- 百度网盘 -->
	<item component="ComponentInfo{com.baidu.netdisk/com.baidu.netdisk.ui.DefaultMainActivity}" drawable="百度网盘" />

	<!-- 便签 -->
	<item component="ComponentInfo{com.coloros.note/com.nearme.note.main.MainActivity}" drawable="便签" />

	<!-- 拨号 -->
	<item component="ComponentInfo{com.android.contacts/com.android.contacts.DialtactsActivityAlias}" drawable="拨号" />

	<!-- 布丁扫描 -->
	<item component="ComponentInfo{com.wibo.bigbang.ocr/com.wibo.bigbang.ocr.MainActivity}" drawable="布丁扫描" />

	<!-- 菜鸟 -->
	<item component="ComponentInfo{com.cainiao.wireless/com.cainiao.wireless.homepage.view.activity.WelcomeActivity}" drawable="菜鸟" />

	<!-- 禅定空间 -->
	<item component="ComponentInfo{com.oneplus.brickmode/com.oneplus.brickmode.activity.MainControlActivity}" drawable="禅定空间" />

	<!-- 存储空间清理 -->
	<item component="ComponentInfo{com.ktls.fileinfo/com.ktls.fileinfo.MainSDClear}" drawable="存储空间清理" />

	<!-- 大学搜题酱 -->
	<item component="ComponentInfo{com.zmzx.college.search/com.zmzx.college.search.activity.init.InitActivity}" drawable="大学搜题酱" />

	<!-- 动态壁纸选择器 -->
	<item component="ComponentInfo{com.huaifeng.dc.livepicker/com.huaifeng.dc.livepicker.StartActivity}" drawable="动态壁纸选择器" />

	<!-- 豆瓣 -->
	<item component="ComponentInfo{com.douban.frodo/com.douban.frodo.activity.SplashActivity}" drawable="豆瓣" />

	<!-- 豆包 -->
	<item component="ComponentInfo{com.larus.nova/com.larus.bmhome.MainActivity}" drawable="豆包" />

	<!-- 高德地图 -->
	<item component="ComponentInfo{com.autonavi.minimap/com.autonavi.map.activity.SplashActivity}" drawable="高德地图" />

	<!-- 国家医保服务平台 -->
	<item component="ComponentInfo{cn.hsa.app/cn.hsa.app.login.ui.SplashActivity}" drawable="国家医保服务平台" />

	<!-- 哈啰 -->
	<item component="ComponentInfo{com.jingyao.easybike/com.hellobike.atlas.business.portal.PortalActivity}" drawable="哈啰" />

	<!-- 红外遥控 -->
	<item component="ComponentInfo{com.oplus.consumerIRApp/com.oplus.consumerIRApp.navigation.HomeActivity}" drawable="红外遥控" />

	<!-- 计算器 -->
	<item component="ComponentInfo{com.coloros.calculator/com.android.calculator2.Calculator}" drawable="计算器" />

	<!-- 记得日子 -->
	<item component="ComponentInfo{com.pmm.remember/com.pmm.remember.ui.splash.SplashAy}" drawable="记得日子" />

	<!-- 家庭空间 -->
	<item component="ComponentInfo{com.coloros.familyguard/com.coloros.familyguard.FakeActivity}" drawable="家庭空间" />

	<!-- 健康 -->
	<item component="ComponentInfo{com.heytap.health/com.heytap.health.oobe.LaunchActivity}" drawable="健康" />

	<!-- 交管12123 -->
	<item component="ComponentInfo{com.tmri.app.main/com.tmri.app.ui.activity.main.TmriNewActivity}" drawable="交管12123" />

	<!-- 京东 -->
	<item component="ComponentInfo{com.jingdong.app.mall/com.jingdong.app.mall.main.MainActivity}" drawable="京东" />

	<!-- 可乐记 -->
	<item component="ComponentInfo{com.colanotes.android/com.colanotes.android.activity.LaunchActivity}" drawable="可乐记" />

	<!-- 录音 -->
	<item component="ComponentInfo{com.coloros.soundrecorder/com.soundrecorder.browsefile.BrowseFile}" drawable="录音" />

	<!-- 美团 -->
	<item component="ComponentInfo{com.sankuai.meituan/com.meituan.android.pt.homepage.activity.MainActivity}" drawable="美团" />

	<!-- 胖乖生活 -->
	<item component="ComponentInfo{com.qiekj.user/com.qiekj.user.ui.activity.SplashActivity}" drawable="胖乖生活" />

	<!-- 批改网 -->
	<item component="ComponentInfo{org.pigai.allround/io.dcloud.PandoraEntry}" drawable="批改网" />

	<!-- 拼多多 -->
	<item component="ComponentInfo{com.xunmeng.pinduoduo/com.xunmeng.pinduoduo.ui.activity.MainFrameActivity}" drawable="拼多多" />

	<!-- 企业微信 -->
	<item component="ComponentInfo{com.tencent.wework/com.tencent.wework.launch.LaunchSplashEduActivity}" drawable="企业微信" />

	<!-- 钱包 -->
	<item component="ComponentInfo{com.finshell.wallet/com.nearme.wallet.SplashActivity}" drawable="钱包" />

	<!-- 日历 -->
	<item component="ComponentInfo{com.coloros.calendar/com.android.calendar.AllInOneActivity}" drawable="日历" />

	<!-- 软件商店 -->
	<item component="ComponentInfo{com.heytap.market/com.heytap.market.activity.MainActivity}" drawable="软件商店" />

	<!-- 扫雷 (踩地雷) - Antimine -->
	<item component="ComponentInfo{dev.lucanlm.antimine/dev.lucasnlm.antimine.main.MainActivity}" drawable="扫雷_踩地雷_antimine" />

	<!-- 时钟 -->
	<item component="ComponentInfo{com.coloros.alarmclock/com.oplus.alarmclock.AlarmClock}" drawable="时钟" />

	<!-- 手机搬家 -->
	<item component="ComponentInfo{com.coloros.backuprestore/com.oplus.phoneclone.PhoneCloneMainActivity}" drawable="手机搬家" />

	<!-- 数字人民币 -->
	<item component="ComponentInfo{cn.gov.pbc.dcep/cn.gov.pbc.dcep.DcepLauncherActivity}" drawable="数字人民币" />

	<!-- 苏心 -->
	<item component="ComponentInfo{com.panda.opc.hearthelper/com.panda.opc.hearthelper.MainActivity}" drawable="苏心" />

	<!-- 淘宝 -->
	<item component="ComponentInfo{com.taobao.taobao/com.taobao.tao.welcome.Welcome}" drawable="淘宝" />

	<!-- 腾讯会议 -->
	<item component="ComponentInfo{com.tencent.wemeet.app/com.tencent.wemeet.app.StartupActivity}" drawable="腾讯会议" />

	<!-- 铁路12306 -->
	<item component="ComponentInfo{com.MobileTicket/com.MobileTicket.ui.activity.WelcomeGuideActivity}" drawable="铁路12306" />

	<!-- 通义千问 -->
	<item component="ComponentInfo{com.aliyun.tongyi/com.aliyun.tongyi.MainActivity}" drawable="通义千问" />

	<!-- 通知滤盒 -->
	<item component="ComponentInfo{com.catchingnow.np/com.catchingnow.np.E$W}" drawable="通知滤盒" />

	<!-- 完美校园 -->
	<item component="ComponentInfo{com.newcapec.mobile.ncp/com.wanxiao.basebusiness.activity.SplashActivity}" drawable="完美校园" />

	<!-- 王者荣耀 -->
	<item component="ComponentInfo{com.tencent.tmgp.sgame/com.tencent.tmgp.sgame.SGameActivity}" drawable="王者荣耀" />

	<!-- 微博 -->
	<item component="ComponentInfo{com.sina.weibo/com.sina.weibo.SplashActivity}" drawable="微博" />

	<!-- 微信读书 -->
	<item component="ComponentInfo{com.tencent.weread/com.tencent.weread.LauncherActivity}" drawable="微信读书" />

	<!-- 微信输入法 -->
	<item component="ComponentInfo{com.tencent.wetype/com.tencent.wetype.plugin.hld.reactnative.activity.ImeMainSettingActivity}" drawable="微信输入法" />

	<!-- 我的一加 -->
	<item component="ComponentInfo{com.oneplus.member/com.oppo.usercenter.vip.UCVIPMainActivity}" drawable="我的一加" />

	<!-- 相册 -->
	<item component="ComponentInfo{com.coloros.gallery3d/com.coloros.gallery3d.app.MainActivity}" drawable="相册" />

	<!-- 相机 -->
	<item component="ComponentInfo{com.oplus.camera/com.oplus.camera.Camera}" drawable="相机" />

	<!-- 相机 -->
	<item component="ComponentInfo{com.mediatek.expert.mtkcamhelper/com.android.camera.CameraLauncher}" drawable="相机" />

	<!-- 相机 -->
	<item component="ComponentInfo{org.codeaurora.snapcam/com.android.camera.CameraLauncher}" drawable="相机" />

	<!-- 小布指令 -->
	<item component="ComponentInfo{com.coloros.shortcuts/com.coloros.shortcuts.ui.MainActivity}" drawable="小布指令" />

	<!-- 小布助手 -->
	<item component="ComponentInfo{com.heytap.speechassist/com.heytap.speechassist.launcher.SpeechAssistMainActivity}" drawable="小布助手" />

	<!-- 小黑盒 -->
	<item component="ComponentInfo{com.max.xiaoheihe/com.max.xiaoheihe.SplashActivity}" drawable="小黑盒" />

	<!-- 小红书 -->
	<item component="ComponentInfo{com.xingin.xhs/com.xingin.xhs.index.v2.IndexActivityV2}" drawable="小红书" />

	<!-- 小象记账 -->
	<item component="ComponentInfo{com.glgjing.money.manager.bookkeeping.pro/com.glgjing.quick.HomeActivity}" drawable="小象记账" />

	<!-- 信息 -->
	<item component="ComponentInfo{com.android.mms/com.android.mms.ui.ConversationList}" drawable="信息" />

	<!-- 学习强国 -->
	<item component="ComponentInfo{cn.xuexi.android/com.alibaba.android.rimet.biz.SplashActivity}" drawable="学习强国" />

	<!-- 学习通 -->
	<item component="ComponentInfo{com.chaoxing.mobile/com.chaoxing.mobile.activity.SplashActivity}" drawable="学习通" />

	<!-- 讯飞晓医 -->
	<item component="ComponentInfo{com.iflytek.medical.chatdr/com.iflytek.medical.chatdr.activity.WelcomeActivity}" drawable="讯飞晓医" />

	<!-- 讯飞星火 -->
	<item component="ComponentInfo{com.iflytek.spark/com.iflytek.spark.MainActivity}" drawable="讯飞星火" />

	<!-- 一个木函 -->
	<item component="ComponentInfo{com.One.WoodenLetter/com.One.WoodenLetter.LetterActivity}" drawable="一个木函" />

	<!-- 移除跟踪 -->
	<item component="ComponentInfo{me.zhanghai.android.untracker/me.zhanghai.android.untracker.MainActivity}" drawable="移除跟踪" />

	<!-- 邮件 -->
	<item component="ComponentInfo{com.android.email/com.android.email.login.activity.WelcomeActivity}" drawable="邮件" />

	<!-- 阅读 -->
	<item component="ComponentInfo{io.legado.app.release/io.legado.app.ui.welcome.Launcher4}" drawable="阅读" />

	<!-- 云闪付 -->
	<item component="ComponentInfo{com.unionpay/com.unionpay.activity.UPActivityMain}" drawable="云闪付" />

	<!-- 支付宝 -->
	<item component="ComponentInfo{com.eg.android.AlipayGphone/com.eg.android.AlipayGphone.AlipayLogin}" drawable="支付宝" />

	<!-- 知到 -->
	<item component="ComponentInfo{com.able.wisdomtree/com.able.wisdomtree.jpush.OutLineActivity}" drawable="知到" />

	<!-- 知乎 -->
	<item component="ComponentInfo{com.zhihu.android/com.zhihu.android.app.ui.activity.LauncherActivity}" drawable="知乎" />

	<!-- 指南针 -->
	<item component="ComponentInfo{com.coloros.compass2/com.coloros.compass.flat.FlatCompass}" drawable="指南针" />

	<!-- 智能家居 -->
	<item component="ComponentInfo{com.heytap.smarthome/com.heytap.smarthome.LauncherActivity}" drawable="智能家居" />

	<!-- 智谱清言 -->
	<item component="ComponentInfo{com.zhipuai.qingyan/com.zhipuai.qingyan.MainActivity}" drawable="智谱清言" />

	<!-- 中国工商银行 -->
	<item component="ComponentInfo{com.icbc/com.icbc.activity.init.NewLoadingActivity}" drawable="中国工商银行" />

	<!-- 中国农业银行 -->
	<item component="ComponentInfo{com.android.bankabc/com.alipay.mobile.quinox.LauncherActivity}" drawable="中国农业银行" />

	<!-- 中国移动 -->
	<item component="ComponentInfo{com.greenpoint.android.mc10086.activity/com.mc10086.cmcc.base.StartPageActivity}" drawable="中国移动" />

	<!-- AI Chat -->
	<item component="ComponentInfo{com.facebook.videodownload.videodownloaderforfacebook/com.energysh.aichat.mvvm.ui.activity.SplashActivity}" drawable="ai_chat" />

	<!-- App Ops -->
	<item component="ComponentInfo{rikka.appops/rikka.appops.home.HomeActivity}" drawable="app_ops" />

	<!-- Behance -->
	<item component="ComponentInfo{com.behance.behance/com.behance.network.ui.activities.MainActivity}" drawable="behance" />

	<!-- bilibili -->
	<item component="ComponentInfo{com.bilibili.app.in/tv.danmaku.bili.MainActivityV2}" drawable="bilibili" />

	<!-- blazed cloud -->
	<item component="ComponentInfo{com.chancesoftwarellc.blazedcloud/com.chancesoftwarellc.blazedcloud.MainActivity}" drawable="blazed_cloud" />

	<!-- c001apk -->
	<item component="ComponentInfo{com.example.c001apk/com.example.c001apk.ui.activity.MainActivity}" drawable="c001apk" />

	<!-- ente Photos -->
	<item component="ComponentInfo{io.ente.photos.fdroid/io.ente.photos.MainActivity}" drawable="ente_photos" />

	<!-- Fulguris -->
	<item component="ComponentInfo{net.slions.fulguris.full.fdroid/fulguris.activity.SplashActivity}" drawable="fulguris" />

	<!-- Hammer -->
	<item component="ComponentInfo{com.darkrockstudios.apps.hammer.android/com.darkrockstudios.apps.hammer.android.ProjectSelectActivity}" drawable="hammer" />

	<!-- LibChecker -->
	<item component="ComponentInfo{com.absinthe.libchecker/com.absinthe.libchecker.features.home.ui.MainActivity}" drawable="libchecker" />

	<!-- Microsoft 365 (Office) -->
	<item component="ComponentInfo{com.microsoft.office.officehub/com.microsoft.office.officesuite.OfficeSuiteActivity}" drawable="microsoft_365_office_" />

	<!-- Mini Metro -->
	<item component="ComponentInfo{nz.co.codepoint.minimetro/com.dinopoloclub.minimetro.nbo.LicensedActivity}" drawable="mini_metro" />

	<!-- MT管理器 -->
	<item component="ComponentInfo{bin.mt.plus.canary/bin.mt.plus.MainLightIcon}" drawable="mt管理器" />

	<!-- NOMO CAM -->
	<item component="ComponentInfo{com.blink.academy.nomopro/com.blink.academy.nomo.ui.activity.splash.NomoSplashActivity}" drawable="nomo_cam" />

	<!-- OpenComicVine -->
	<item component="ComponentInfo{org.proninyaroslav.opencomicvine/org.proninyaroslav.opencomicvine.ui.MainActivity}" drawable="opencomicvine" />

	<!-- PDF阅读器 - Hi Read -->
	<item component="ComponentInfo{pdf.reader.pdfviewer.pdfeditor/pdf.reader.pdfviewer.pdfeditor.ui.act.SplashActivity}" drawable="pdf阅读器_hi_read" />

	<!-- Petal 地图 -->
	<item component="ComponentInfo{com.huawei.maps.app/com.huawei.maps.app.petalmaps.splash.SplashActivity}" drawable="petal_地图" />

	<!-- pixiv -->
	<item component="ComponentInfo{jp.pxv.android/jp.pxv.android.activity.RoutingActivity}" drawable="pixiv" />

	<!-- Plague Inc. -->
	<item component="ComponentInfo{com.miniclip.plagueinc/com.miniclip.plagueinc.SplashActivity}" drawable="plague_inc" />

	<!-- Pocket City -->
	<item component="ComponentInfo{com.codebrewgames.pocketcitygame/com.codebrewgames.pocketcitygame.MainActivity}" drawable="pocket_city" />

	<!-- Poppin -->
	<item component="ComponentInfo{bludocs.iconpack.poppin/bludocs.iconpack.poppin.MainActivity}" drawable="poppin" />

	<!-- PU口袋校园 -->
	<item component="ComponentInfo{com.xyhui/com.xyhui.start.PrivacyTipActivity}" drawable="pu口袋校园" />

	<!-- QCY -->
	<item component="ComponentInfo{com.qcymall.earphonesetup/com.qcymall.earphonesetup.ui.FirstStartActivityV2}" drawable="qcy" />

	<!-- QQ -->
	<item component="ComponentInfo{com.tencent.mobileqq/com.tencent.mobileqq.activity.SplashActivity}" drawable="qq" />

	<!-- QQ邮箱 -->
	<item component="ComponentInfo{com.tencent.androidqqmail/com.tencent.qqmail.launcher.desktop.LauncherActivity}" drawable="qq邮箱" />

	<!-- Quora -->
	<item component="ComponentInfo{com.quora.android/com.quora.android.components.activities.LauncherActivity}" drawable="quora" />

	<!-- Read You -->
	<item component="ComponentInfo{me.ash.reader/me.ash.reader.infrastructure.android.MainActivity}" drawable="read_you" />

	<!-- RealSR放大图片 -->
	<item component="ComponentInfo{com.tumuyan.ncnn.realsr/com.tumuyan.ncnn.realsr.MainActivity}" drawable="realsr放大图片" />

	<!-- SIM 卡 1 工具包 -->
	<item component="ComponentInfo{com.android.stk/com.android.stk.OplusStkLauncherActivity1}" drawable="sim_卡_1_工具包" />

	<!-- Sim Companies -->
	<item component="ComponentInfo{com.simcompanies.simcompaniespwa/at.xtools.pwawrapper.MainActivity}" drawable="sim_companies" />

	<!-- SimCity -->
	<item component="ComponentInfo{com.ea.game.simcitymobile_row/com.ea.common.LaunchActivity}" drawable="simcity" />

	<!-- SoEasy智能外语 -->
	<item component="ComponentInfo{com.dingao.soeasy/io.dcloud.PandoraEntry}" drawable="soeasy智能外语" />

	<!-- Stardew Valley -->
	<item component="ComponentInfo{com.chucklefish.stardewvalley/crc64e8b22d3833b21ea5.MainActivity}" drawable="stardew_valley" />

	<!-- Tumblr -->
	<item component="ComponentInfo{com.tumblr/com.tumblr.ui.activity.JumpoffActivity}" drawable="tumblr" />

	<!-- Unciv -->
	<item component="ComponentInfo{com.unciv.app/com.unciv.app.AndroidLauncher}" drawable="unciv" />

	<!-- VSCO -->
	<item component="ComponentInfo{com.vsco.cam/com.vsco.cam.navigation.LithiumActivity}" drawable="vsco" />

	<!-- ヒューマンフォールフラット -->
	<item component="ComponentInfo{com.dmm.games.humanff/com.unity3d.player.UnityPlayerActivity}" drawable="ヒュマンフォルフラット" />

</resources>