<appmap>

	<!-- 1DM+ -->
	<item class="idm.internet.download.manager.MainActivity" name="_1dm_"/>

	<!-- 白描 -->
	<item class="com.uzero.baimiao.Hello" name="白描"/>

	<!-- 百度贴吧 -->
	<item class="com.baidu.tieba.tblauncher.MainTabActivity" name="百度贴吧"/>

	<!-- 百度网盘 -->
	<item class="com.baidu.netdisk.ui.DefaultMainActivity" name="百度网盘"/>

	<!-- 便签 -->
	<item class="com.nearme.note.main.MainActivity" name="便签"/>

	<!-- 拨号 -->
	<item class="com.android.contacts.DialtactsActivityAlias" name="拨号"/>

	<!-- 布丁扫描 -->
	<item class="com.wibo.bigbang.ocr.MainActivity" name="布丁扫描"/>

	<!-- 菜鸟 -->
	<item class="com.cainiao.wireless.homepage.view.activity.WelcomeActivity" name="菜鸟"/>

	<!-- 禅定空间 -->
	<item class="com.oneplus.brickmode.activity.MainControlActivity" name="禅定空间"/>

	<!-- 存储空间清理 -->
	<item class="com.ktls.fileinfo.MainSDClear" name="存储空间清理"/>

	<!-- 大学搜题酱 -->
	<item class="com.zmzx.college.search.activity.init.InitActivity" name="大学搜题酱"/>

	<!-- 动态壁纸选择器 -->
	<item class="com.huaifeng.dc.livepicker.StartActivity" name="动态壁纸选择器"/>

	<!-- 豆瓣 -->
	<item class="com.douban.frodo.activity.SplashActivity" name="豆瓣"/>

	<!-- 豆包 -->
	<item class="com.larus.bmhome.MainActivity" name="豆包"/>

	<!-- 高德地图 -->
	<item class="com.autonavi.map.activity.SplashActivity" name="高德地图"/>

	<!-- 国家医保服务平台 -->
	<item class="cn.hsa.app.login.ui.SplashActivity" name="国家医保服务平台"/>

	<!-- 哈啰 -->
	<item class="com.hellobike.atlas.business.portal.PortalActivity" name="哈啰"/>

	<!-- 红外遥控 -->
	<item class="com.oplus.consumerIRApp.navigation.HomeActivity" name="红外遥控"/>

	<!-- 计算器 -->
	<item class="com.android.calculator2.Calculator" name="计算器"/>

	<!-- 记得日子 -->
	<item class="com.pmm.remember.ui.splash.SplashAy" name="记得日子"/>

	<!-- 家庭空间 -->
	<item class="com.coloros.familyguard.FakeActivity" name="家庭空间"/>

	<!-- 健康 -->
	<item class="com.heytap.health.oobe.LaunchActivity" name="健康"/>

	<!-- 交管12123 -->
	<item class="com.tmri.app.ui.activity.main.TmriNewActivity" name="交管12123"/>

	<!-- 京东 -->
	<item class="com.jingdong.app.mall.main.MainActivity" name="京东"/>

	<!-- 可乐记 -->
	<item class="com.colanotes.android.activity.LaunchActivity" name="可乐记"/>

	<!-- 录音 -->
	<item class="com.soundrecorder.browsefile.BrowseFile" name="录音"/>

	<!-- 美团 -->
	<item class="com.meituan.android.pt.homepage.activity.MainActivity" name="美团"/>

	<!-- 胖乖生活 -->
	<item class="com.qiekj.user.ui.activity.SplashActivity" name="胖乖生活"/>

	<!-- 批改网 -->
	<item class="io.dcloud.PandoraEntry" name="批改网"/>

	<!-- 拼多多 -->
	<item class="com.xunmeng.pinduoduo.ui.activity.MainFrameActivity" name="拼多多"/>

	<!-- 企业微信 -->
	<item class="com.tencent.wework.launch.LaunchSplashEduActivity" name="企业微信"/>

	<!-- 钱包 -->
	<item class="com.nearme.wallet.SplashActivity" name="钱包"/>

	<!-- 日历 -->
	<item class="com.android.calendar.AllInOneActivity" name="日历"/>

	<!-- 软件商店 -->
	<item class="com.heytap.market.activity.MainActivity" name="软件商店"/>

	<!-- 扫雷 (踩地雷) - Antimine -->
	<item class="dev.lucasnlm.antimine.main.MainActivity" name="扫雷_踩地雷_antimine"/>

	<!-- 时钟 -->
	<item class="com.oplus.alarmclock.AlarmClock" name="时钟"/>

	<!-- 手机搬家 -->
	<item class="com.oplus.phoneclone.PhoneCloneMainActivity" name="手机搬家"/>

	<!-- 数字人民币 -->
	<item class="cn.gov.pbc.dcep.DcepLauncherActivity" name="数字人民币"/>

	<!-- 苏心 -->
	<item class="com.panda.opc.hearthelper.MainActivity" name="苏心"/>

	<!-- 淘宝 -->
	<item class="com.taobao.tao.welcome.Welcome" name="淘宝"/>

	<!-- 腾讯会议 -->
	<item class="com.tencent.wemeet.app.StartupActivity" name="腾讯会议"/>

	<!-- 铁路12306 -->
	<item class="com.MobileTicket.ui.activity.WelcomeGuideActivity" name="铁路12306"/>

	<!-- 通义千问 -->
	<item class="com.aliyun.tongyi.MainActivity" name="通义千问"/>

	<!-- 通知滤盒 -->
	<item class="com.catchingnow.np.E$W" name="通知滤盒"/>

	<!-- 完美校园 -->
	<item class="com.wanxiao.basebusiness.activity.SplashActivity" name="完美校园"/>

	<!-- 王者荣耀 -->
	<item class="com.tencent.tmgp.sgame.SGameActivity" name="王者荣耀"/>

	<!-- 微博 -->
	<item class="com.sina.weibo.SplashActivity" name="微博"/>

	<!-- 微信读书 -->
	<item class="com.tencent.weread.LauncherActivity" name="微信读书"/>

	<!-- 微信输入法 -->
	<item class="com.tencent.wetype.plugin.hld.reactnative.activity.ImeMainSettingActivity" name="微信输入法"/>

	<!-- 我的一加 -->
	<item class="com.oppo.usercenter.vip.UCVIPMainActivity" name="我的一加"/>

	<!-- 相册 -->
	<item class="com.coloros.gallery3d.app.MainActivity" name="相册"/>

	<!-- 相机 -->
	<item class="com.oplus.camera.Camera" name="相机"/>

	<!-- 相机 -->
	<item class="com.android.camera.CameraLauncher" name="相机"/>

	<!-- 相机 -->
	<item class="com.android.camera.CameraLauncher" name="相机"/>

	<!-- 小布指令 -->
	<item class="com.coloros.shortcuts.ui.MainActivity" name="小布指令"/>

	<!-- 小布助手 -->
	<item class="com.heytap.speechassist.launcher.SpeechAssistMainActivity" name="小布助手"/>

	<!-- 小黑盒 -->
	<item class="com.max.xiaoheihe.SplashActivity" name="小黑盒"/>

	<!-- 小红书 -->
	<item class="com.xingin.xhs.index.v2.IndexActivityV2" name="小红书"/>

	<!-- 小象记账 -->
	<item class="com.glgjing.quick.HomeActivity" name="小象记账"/>

	<!-- 信息 -->
	<item class="com.android.mms.ui.ConversationList" name="信息"/>

	<!-- 学习强国 -->
	<item class="com.alibaba.android.rimet.biz.SplashActivity" name="学习强国"/>

	<!-- 学习通 -->
	<item class="com.chaoxing.mobile.activity.SplashActivity" name="学习通"/>

	<!-- 讯飞晓医 -->
	<item class="com.iflytek.medical.chatdr.activity.WelcomeActivity" name="讯飞晓医"/>

	<!-- 讯飞星火 -->
	<item class="com.iflytek.spark.MainActivity" name="讯飞星火"/>

	<!-- 一个木函 -->
	<item class="com.One.WoodenLetter.LetterActivity" name="一个木函"/>

	<!-- 移除跟踪 -->
	<item class="me.zhanghai.android.untracker.MainActivity" name="移除跟踪"/>

	<!-- 邮件 -->
	<item class="com.android.email.login.activity.WelcomeActivity" name="邮件"/>

	<!-- 阅读 -->
	<item class="io.legado.app.ui.welcome.Launcher4" name="阅读"/>

	<!-- 云闪付 -->
	<item class="com.unionpay.activity.UPActivityMain" name="云闪付"/>

	<!-- 支付宝 -->
	<item class="com.eg.android.AlipayGphone.AlipayLogin" name="支付宝"/>

	<!-- 知到 -->
	<item class="com.able.wisdomtree.jpush.OutLineActivity" name="知到"/>

	<!-- 知乎 -->
	<item class="com.zhihu.android.app.ui.activity.LauncherActivity" name="知乎"/>

	<!-- 指南针 -->
	<item class="com.coloros.compass.flat.FlatCompass" name="指南针"/>

	<!-- 智能家居 -->
	<item class="com.heytap.smarthome.LauncherActivity" name="智能家居"/>

	<!-- 智谱清言 -->
	<item class="com.zhipuai.qingyan.MainActivity" name="智谱清言"/>

	<!-- 中国工商银行 -->
	<item class="com.icbc.activity.init.NewLoadingActivity" name="中国工商银行"/>

	<!-- 中国农业银行 -->
	<item class="com.alipay.mobile.quinox.LauncherActivity" name="中国农业银行"/>

	<!-- 中国移动 -->
	<item class="com.mc10086.cmcc.base.StartPageActivity" name="中国移动"/>

	<!-- AI Chat -->
	<item class="com.energysh.aichat.mvvm.ui.activity.SplashActivity" name="ai_chat"/>

	<!-- App Ops -->
	<item class="rikka.appops.home.HomeActivity" name="app_ops"/>

	<!-- Behance -->
	<item class="com.behance.network.ui.activities.MainActivity" name="behance"/>

	<!-- bilibili -->
	<item class="tv.danmaku.bili.MainActivityV2" name="bilibili"/>

	<!-- blazed cloud -->
	<item class="com.chancesoftwarellc.blazedcloud.MainActivity" name="blazed_cloud"/>

	<!-- c001apk -->
	<item class="com.example.c001apk.ui.activity.MainActivity" name="c001apk"/>

	<!-- ente Photos -->
	<item class="io.ente.photos.MainActivity" name="ente_photos"/>

	<!-- Fulguris -->
	<item class="fulguris.activity.SplashActivity" name="fulguris"/>

	<!-- Hammer -->
	<item class="com.darkrockstudios.apps.hammer.android.ProjectSelectActivity" name="hammer"/>

	<!-- LibChecker -->
	<item class="com.absinthe.libchecker.features.home.ui.MainActivity" name="libchecker"/>

	<!-- Microsoft 365 (Office) -->
	<item class="com.microsoft.office.officesuite.OfficeSuiteActivity" name="microsoft_365_office_"/>

	<!-- Mini Metro -->
	<item class="com.dinopoloclub.minimetro.nbo.LicensedActivity" name="mini_metro"/>

	<!-- MT管理器 -->
	<item class="bin.mt.plus.MainLightIcon" name="mt管理器"/>

	<!-- NOMO CAM -->
	<item class="com.blink.academy.nomo.ui.activity.splash.NomoSplashActivity" name="nomo_cam"/>

	<!-- OpenComicVine -->
	<item class="org.proninyaroslav.opencomicvine.ui.MainActivity" name="opencomicvine"/>

	<!-- PDF阅读器 - Hi Read -->
	<item class="pdf.reader.pdfviewer.pdfeditor.ui.act.SplashActivity" name="pdf阅读器_hi_read"/>

	<!-- Petal 地图 -->
	<item class="com.huawei.maps.app.petalmaps.splash.SplashActivity" name="petal_地图"/>

	<!-- pixiv -->
	<item class="jp.pxv.android.activity.RoutingActivity" name="pixiv"/>

	<!-- Plague Inc. -->
	<item class="com.miniclip.plagueinc.SplashActivity" name="plague_inc"/>

	<!-- Pocket City -->
	<item class="com.codebrewgames.pocketcitygame.MainActivity" name="pocket_city"/>

	<!-- Poppin -->
	<item class="bludocs.iconpack.poppin.MainActivity" name="poppin"/>

	<!-- PU口袋校园 -->
	<item class="com.xyhui.start.PrivacyTipActivity" name="pu口袋校园"/>

	<!-- QCY -->
	<item class="com.qcymall.earphonesetup.ui.FirstStartActivityV2" name="qcy"/>

	<!-- QQ -->
	<item class="com.tencent.mobileqq.activity.SplashActivity" name="qq"/>

	<!-- QQ邮箱 -->
	<item class="com.tencent.qqmail.launcher.desktop.LauncherActivity" name="qq邮箱"/>

	<!-- Quora -->
	<item class="com.quora.android.components.activities.LauncherActivity" name="quora"/>

	<!-- Read You -->
	<item class="me.ash.reader.infrastructure.android.MainActivity" name="read_you"/>

	<!-- RealSR放大图片 -->
	<item class="com.tumuyan.ncnn.realsr.MainActivity" name="realsr放大图片"/>

	<!-- SIM 卡 1 工具包 -->
	<item class="com.android.stk.OplusStkLauncherActivity1" name="sim_卡_1_工具包"/>

	<!-- Sim Companies -->
	<item class="at.xtools.pwawrapper.MainActivity" name="sim_companies"/>

	<!-- SimCity -->
	<item class="com.ea.common.LaunchActivity" name="simcity"/>

	<!-- SoEasy智能外语 -->
	<item class="io.dcloud.PandoraEntry" name="soeasy智能外语"/>

	<!-- Stardew Valley -->
	<item class="crc64e8b22d3833b21ea5.MainActivity" name="stardew_valley"/>

	<!-- Tumblr -->
	<item class="com.tumblr.ui.activity.JumpoffActivity" name="tumblr"/>

	<!-- Unciv -->
	<item class="com.unciv.app.AndroidLauncher" name="unciv"/>

	<!-- VSCO -->
	<item class="com.vsco.cam.navigation.LithiumActivity" name="vsco"/>

	<!-- ヒューマンフォールフラット -->
	<item class="com.unity3d.player.UnityPlayerActivity" name="ヒュマンフォルフラット"/>

</appmap>