<Theme version="1">

	<!-- 1DM+ -->
	<AppIcon name="idm.internet.download.manager.plus/idm.internet.download.manager.MainActivity" image="_1dm_"/>

	<!-- 白描 -->
	<AppIcon name="com.uzero.baimiao/com.uzero.baimiao.Hello" image="白描"/>

	<!-- 百度贴吧 -->
	<AppIcon name="com.baidu.tieba/com.baidu.tieba.tblauncher.MainTabActivity" image="百度贴吧"/>

	<!-- 百度网盘 -->
	<AppIcon name="com.baidu.netdisk/com.baidu.netdisk.ui.DefaultMainActivity" image="百度网盘"/>

	<!-- 便签 -->
	<AppIcon name="com.coloros.note/com.nearme.note.main.MainActivity" image="便签"/>

	<!-- 拨号 -->
	<AppIcon name="com.android.contacts/com.android.contacts.DialtactsActivityAlias" image="拨号"/>

	<!-- 布丁扫描 -->
	<AppIcon name="com.wibo.bigbang.ocr/com.wibo.bigbang.ocr.MainActivity" image="布丁扫描"/>

	<!-- 菜鸟 -->
	<AppIcon name="com.cainiao.wireless/com.cainiao.wireless.homepage.view.activity.WelcomeActivity" image="菜鸟"/>

	<!-- 禅定空间 -->
	<AppIcon name="com.oneplus.brickmode/com.oneplus.brickmode.activity.MainControlActivity" image="禅定空间"/>

	<!-- 存储空间清理 -->
	<AppIcon name="com.ktls.fileinfo/com.ktls.fileinfo.MainSDClear" image="存储空间清理"/>

	<!-- 大学搜题酱 -->
	<AppIcon name="com.zmzx.college.search/com.zmzx.college.search.activity.init.InitActivity" image="大学搜题酱"/>

	<!-- 动态壁纸选择器 -->
	<AppIcon name="com.huaifeng.dc.livepicker/com.huaifeng.dc.livepicker.StartActivity" image="动态壁纸选择器"/>

	<!-- 豆瓣 -->
	<AppIcon name="com.douban.frodo/com.douban.frodo.activity.SplashActivity" image="豆瓣"/>

	<!-- 豆包 -->
	<AppIcon name="com.larus.nova/com.larus.bmhome.MainActivity" image="豆包"/>

	<!-- 高德地图 -->
	<AppIcon name="com.autonavi.minimap/com.autonavi.map.activity.SplashActivity" image="高德地图"/>

	<!-- 国家医保服务平台 -->
	<AppIcon name="cn.hsa.app/cn.hsa.app.login.ui.SplashActivity" image="国家医保服务平台"/>

	<!-- 哈啰 -->
	<AppIcon name="com.jingyao.easybike/com.hellobike.atlas.business.portal.PortalActivity" image="哈啰"/>

	<!-- 红外遥控 -->
	<AppIcon name="com.oplus.consumerIRApp/com.oplus.consumerIRApp.navigation.HomeActivity" image="红外遥控"/>

	<!-- 计算器 -->
	<AppIcon name="com.coloros.calculator/com.android.calculator2.Calculator" image="计算器"/>

	<!-- 记得日子 -->
	<AppIcon name="com.pmm.remember/com.pmm.remember.ui.splash.SplashAy" image="记得日子"/>

	<!-- 家庭空间 -->
	<AppIcon name="com.coloros.familyguard/com.coloros.familyguard.FakeActivity" image="家庭空间"/>

	<!-- 健康 -->
	<AppIcon name="com.heytap.health/com.heytap.health.oobe.LaunchActivity" image="健康"/>

	<!-- 交管12123 -->
	<AppIcon name="com.tmri.app.main/com.tmri.app.ui.activity.main.TmriNewActivity" image="交管12123"/>

	<!-- 京东 -->
	<AppIcon name="com.jingdong.app.mall/com.jingdong.app.mall.main.MainActivity" image="京东"/>

	<!-- 可乐记 -->
	<AppIcon name="com.colanotes.android/com.colanotes.android.activity.LaunchActivity" image="可乐记"/>

	<!-- 录音 -->
	<AppIcon name="com.coloros.soundrecorder/com.soundrecorder.browsefile.BrowseFile" image="录音"/>

	<!-- 美团 -->
	<AppIcon name="com.sankuai.meituan/com.meituan.android.pt.homepage.activity.MainActivity" image="美团"/>

	<!-- 胖乖生活 -->
	<AppIcon name="com.qiekj.user/com.qiekj.user.ui.activity.SplashActivity" image="胖乖生活"/>

	<!-- 批改网 -->
	<AppIcon name="org.pigai.allround/io.dcloud.PandoraEntry" image="批改网"/>

	<!-- 拼多多 -->
	<AppIcon name="com.xunmeng.pinduoduo/com.xunmeng.pinduoduo.ui.activity.MainFrameActivity" image="拼多多"/>

	<!-- 企业微信 -->
	<AppIcon name="com.tencent.wework/com.tencent.wework.launch.LaunchSplashEduActivity" image="企业微信"/>

	<!-- 钱包 -->
	<AppIcon name="com.finshell.wallet/com.nearme.wallet.SplashActivity" image="钱包"/>

	<!-- 日历 -->
	<AppIcon name="com.coloros.calendar/com.android.calendar.AllInOneActivity" image="日历"/>

	<!-- 软件商店 -->
	<AppIcon name="com.heytap.market/com.heytap.market.activity.MainActivity" image="软件商店"/>

	<!-- 扫雷 (踩地雷) - Antimine -->
	<AppIcon name="dev.lucanlm.antimine/dev.lucasnlm.antimine.main.MainActivity" image="扫雷_踩地雷_antimine"/>

	<!-- 时钟 -->
	<AppIcon name="com.coloros.alarmclock/com.oplus.alarmclock.AlarmClock" image="时钟"/>

	<!-- 手机搬家 -->
	<AppIcon name="com.coloros.backuprestore/com.oplus.phoneclone.PhoneCloneMainActivity" image="手机搬家"/>

	<!-- 数字人民币 -->
	<AppIcon name="cn.gov.pbc.dcep/cn.gov.pbc.dcep.DcepLauncherActivity" image="数字人民币"/>

	<!-- 苏心 -->
	<AppIcon name="com.panda.opc.hearthelper/com.panda.opc.hearthelper.MainActivity" image="苏心"/>

	<!-- 淘宝 -->
	<AppIcon name="com.taobao.taobao/com.taobao.tao.welcome.Welcome" image="淘宝"/>

	<!-- 腾讯会议 -->
	<AppIcon name="com.tencent.wemeet.app/com.tencent.wemeet.app.StartupActivity" image="腾讯会议"/>

	<!-- 铁路12306 -->
	<AppIcon name="com.MobileTicket/com.MobileTicket.ui.activity.WelcomeGuideActivity" image="铁路12306"/>

	<!-- 通义千问 -->
	<AppIcon name="com.aliyun.tongyi/com.aliyun.tongyi.MainActivity" image="通义千问"/>

	<!-- 通知滤盒 -->
	<AppIcon name="com.catchingnow.np/com.catchingnow.np.E$W" image="通知滤盒"/>

	<!-- 完美校园 -->
	<AppIcon name="com.newcapec.mobile.ncp/com.wanxiao.basebusiness.activity.SplashActivity" image="完美校园"/>

	<!-- 王者荣耀 -->
	<AppIcon name="com.tencent.tmgp.sgame/com.tencent.tmgp.sgame.SGameActivity" image="王者荣耀"/>

	<!-- 微博 -->
	<AppIcon name="com.sina.weibo/com.sina.weibo.SplashActivity" image="微博"/>

	<!-- 微信读书 -->
	<AppIcon name="com.tencent.weread/com.tencent.weread.LauncherActivity" image="微信读书"/>

	<!-- 微信输入法 -->
	<AppIcon name="com.tencent.wetype/com.tencent.wetype.plugin.hld.reactnative.activity.ImeMainSettingActivity" image="微信输入法"/>

	<!-- 我的一加 -->
	<AppIcon name="com.oneplus.member/com.oppo.usercenter.vip.UCVIPMainActivity" image="我的一加"/>

	<!-- 相册 -->
	<AppIcon name="com.coloros.gallery3d/com.coloros.gallery3d.app.MainActivity" image="相册"/>

	<!-- 相机 -->
	<AppIcon name="com.oplus.camera/com.oplus.camera.Camera" image="相机"/>

	<!-- 相机 -->
	<AppIcon name="com.mediatek.expert.mtkcamhelper/com.android.camera.CameraLauncher" image="相机"/>

	<!-- 相机 -->
	<AppIcon name="org.codeaurora.snapcam/com.android.camera.CameraLauncher" image="相机"/>

	<!-- 小布指令 -->
	<AppIcon name="com.coloros.shortcuts/com.coloros.shortcuts.ui.MainActivity" image="小布指令"/>

	<!-- 小布助手 -->
	<AppIcon name="com.heytap.speechassist/com.heytap.speechassist.launcher.SpeechAssistMainActivity" image="小布助手"/>

	<!-- 小黑盒 -->
	<AppIcon name="com.max.xiaoheihe/com.max.xiaoheihe.SplashActivity" image="小黑盒"/>

	<!-- 小红书 -->
	<AppIcon name="com.xingin.xhs/com.xingin.xhs.index.v2.IndexActivityV2" image="小红书"/>

	<!-- 小象记账 -->
	<AppIcon name="com.glgjing.money.manager.bookkeeping.pro/com.glgjing.quick.HomeActivity" image="小象记账"/>

	<!-- 信息 -->
	<AppIcon name="com.android.mms/com.android.mms.ui.ConversationList" image="信息"/>

	<!-- 学习强国 -->
	<AppIcon name="cn.xuexi.android/com.alibaba.android.rimet.biz.SplashActivity" image="学习强国"/>

	<!-- 学习通 -->
	<AppIcon name="com.chaoxing.mobile/com.chaoxing.mobile.activity.SplashActivity" image="学习通"/>

	<!-- 讯飞晓医 -->
	<AppIcon name="com.iflytek.medical.chatdr/com.iflytek.medical.chatdr.activity.WelcomeActivity" image="讯飞晓医"/>

	<!-- 讯飞星火 -->
	<AppIcon name="com.iflytek.spark/com.iflytek.spark.MainActivity" image="讯飞星火"/>

	<!-- 一个木函 -->
	<AppIcon name="com.One.WoodenLetter/com.One.WoodenLetter.LetterActivity" image="一个木函"/>

	<!-- 移除跟踪 -->
	<AppIcon name="me.zhanghai.android.untracker/me.zhanghai.android.untracker.MainActivity" image="移除跟踪"/>

	<!-- 邮件 -->
	<AppIcon name="com.android.email/com.android.email.login.activity.WelcomeActivity" image="邮件"/>

	<!-- 阅读 -->
	<AppIcon name="io.legado.app.release/io.legado.app.ui.welcome.Launcher4" image="阅读"/>

	<!-- 云闪付 -->
	<AppIcon name="com.unionpay/com.unionpay.activity.UPActivityMain" image="云闪付"/>

	<!-- 支付宝 -->
	<AppIcon name="com.eg.android.AlipayGphone/com.eg.android.AlipayGphone.AlipayLogin" image="支付宝"/>

	<!-- 知到 -->
	<AppIcon name="com.able.wisdomtree/com.able.wisdomtree.jpush.OutLineActivity" image="知到"/>

	<!-- 知乎 -->
	<AppIcon name="com.zhihu.android/com.zhihu.android.app.ui.activity.LauncherActivity" image="知乎"/>

	<!-- 指南针 -->
	<AppIcon name="com.coloros.compass2/com.coloros.compass.flat.FlatCompass" image="指南针"/>

	<!-- 智能家居 -->
	<AppIcon name="com.heytap.smarthome/com.heytap.smarthome.LauncherActivity" image="智能家居"/>

	<!-- 智谱清言 -->
	<AppIcon name="com.zhipuai.qingyan/com.zhipuai.qingyan.MainActivity" image="智谱清言"/>

	<!-- 中国工商银行 -->
	<AppIcon name="com.icbc/com.icbc.activity.init.NewLoadingActivity" image="中国工商银行"/>

	<!-- 中国农业银行 -->
	<AppIcon name="com.android.bankabc/com.alipay.mobile.quinox.LauncherActivity" image="中国农业银行"/>

	<!-- 中国移动 -->
	<AppIcon name="com.greenpoint.android.mc10086.activity/com.mc10086.cmcc.base.StartPageActivity" image="中国移动"/>

	<!-- AI Chat -->
	<AppIcon name="com.facebook.videodownload.videodownloaderforfacebook/com.energysh.aichat.mvvm.ui.activity.SplashActivity" image="ai_chat"/>

	<!-- App Ops -->
	<AppIcon name="rikka.appops/rikka.appops.home.HomeActivity" image="app_ops"/>

	<!-- Behance -->
	<AppIcon name="com.behance.behance/com.behance.network.ui.activities.MainActivity" image="behance"/>

	<!-- bilibili -->
	<AppIcon name="com.bilibili.app.in/tv.danmaku.bili.MainActivityV2" image="bilibili"/>

	<!-- blazed cloud -->
	<AppIcon name="com.chancesoftwarellc.blazedcloud/com.chancesoftwarellc.blazedcloud.MainActivity" image="blazed_cloud"/>

	<!-- c001apk -->
	<AppIcon name="com.example.c001apk/com.example.c001apk.ui.activity.MainActivity" image="c001apk"/>

	<!-- ente Photos -->
	<AppIcon name="io.ente.photos.fdroid/io.ente.photos.MainActivity" image="ente_photos"/>

	<!-- Fulguris -->
	<AppIcon name="net.slions.fulguris.full.fdroid/fulguris.activity.SplashActivity" image="fulguris"/>

	<!-- Hammer -->
	<AppIcon name="com.darkrockstudios.apps.hammer.android/com.darkrockstudios.apps.hammer.android.ProjectSelectActivity" image="hammer"/>

	<!-- LibChecker -->
	<AppIcon name="com.absinthe.libchecker/com.absinthe.libchecker.features.home.ui.MainActivity" image="libchecker"/>

	<!-- Microsoft 365 (Office) -->
	<AppIcon name="com.microsoft.office.officehub/com.microsoft.office.officesuite.OfficeSuiteActivity" image="microsoft_365_office_"/>

	<!-- Mini Metro -->
	<AppIcon name="nz.co.codepoint.minimetro/com.dinopoloclub.minimetro.nbo.LicensedActivity" image="mini_metro"/>

	<!-- MT管理器 -->
	<AppIcon name="bin.mt.plus.canary/bin.mt.plus.MainLightIcon" image="mt管理器"/>

	<!-- NOMO CAM -->
	<AppIcon name="com.blink.academy.nomopro/com.blink.academy.nomo.ui.activity.splash.NomoSplashActivity" image="nomo_cam"/>

	<!-- OpenComicVine -->
	<AppIcon name="org.proninyaroslav.opencomicvine/org.proninyaroslav.opencomicvine.ui.MainActivity" image="opencomicvine"/>

	<!-- PDF阅读器 - Hi Read -->
	<AppIcon name="pdf.reader.pdfviewer.pdfeditor/pdf.reader.pdfviewer.pdfeditor.ui.act.SplashActivity" image="pdf阅读器_hi_read"/>

	<!-- Petal 地图 -->
	<AppIcon name="com.huawei.maps.app/com.huawei.maps.app.petalmaps.splash.SplashActivity" image="petal_地图"/>

	<!-- pixiv -->
	<AppIcon name="jp.pxv.android/jp.pxv.android.activity.RoutingActivity" image="pixiv"/>

	<!-- Plague Inc. -->
	<AppIcon name="com.miniclip.plagueinc/com.miniclip.plagueinc.SplashActivity" image="plague_inc"/>

	<!-- Pocket City -->
	<AppIcon name="com.codebrewgames.pocketcitygame/com.codebrewgames.pocketcitygame.MainActivity" image="pocket_city"/>

	<!-- Poppin -->
	<AppIcon name="bludocs.iconpack.poppin/bludocs.iconpack.poppin.MainActivity" image="poppin"/>

	<!-- PU口袋校园 -->
	<AppIcon name="com.xyhui/com.xyhui.start.PrivacyTipActivity" image="pu口袋校园"/>

	<!-- QCY -->
	<AppIcon name="com.qcymall.earphonesetup/com.qcymall.earphonesetup.ui.FirstStartActivityV2" image="qcy"/>

	<!-- QQ -->
	<AppIcon name="com.tencent.mobileqq/com.tencent.mobileqq.activity.SplashActivity" image="qq"/>

	<!-- QQ邮箱 -->
	<AppIcon name="com.tencent.androidqqmail/com.tencent.qqmail.launcher.desktop.LauncherActivity" image="qq邮箱"/>

	<!-- Quora -->
	<AppIcon name="com.quora.android/com.quora.android.components.activities.LauncherActivity" image="quora"/>

	<!-- Read You -->
	<AppIcon name="me.ash.reader/me.ash.reader.infrastructure.android.MainActivity" image="read_you"/>

	<!-- RealSR放大图片 -->
	<AppIcon name="com.tumuyan.ncnn.realsr/com.tumuyan.ncnn.realsr.MainActivity" image="realsr放大图片"/>

	<!-- SIM 卡 1 工具包 -->
	<AppIcon name="com.android.stk/com.android.stk.OplusStkLauncherActivity1" image="sim_卡_1_工具包"/>

	<!-- Sim Companies -->
	<AppIcon name="com.simcompanies.simcompaniespwa/at.xtools.pwawrapper.MainActivity" image="sim_companies"/>

	<!-- SimCity -->
	<AppIcon name="com.ea.game.simcitymobile_row/com.ea.common.LaunchActivity" image="simcity"/>

	<!-- SoEasy智能外语 -->
	<AppIcon name="com.dingao.soeasy/io.dcloud.PandoraEntry" image="soeasy智能外语"/>

	<!-- Stardew Valley -->
	<AppIcon name="com.chucklefish.stardewvalley/crc64e8b22d3833b21ea5.MainActivity" image="stardew_valley"/>

	<!-- Tumblr -->
	<AppIcon name="com.tumblr/com.tumblr.ui.activity.JumpoffActivity" image="tumblr"/>

	<!-- Unciv -->
	<AppIcon name="com.unciv.app/com.unciv.app.AndroidLauncher" image="unciv"/>

	<!-- VSCO -->
	<AppIcon name="com.vsco.cam/com.vsco.cam.navigation.LithiumActivity" image="vsco"/>

	<!-- ヒューマンフォールフラット -->
	<AppIcon name="com.dmm.games.humanff/com.unity3d.player.UnityPlayerActivity" image="ヒュマンフォルフラット"/>

</Theme>