<resources>

	<!-- AIDE -->
	<item component="ComponentInfo{com.aide.ui/com.aide.ui.MainActivity}" drawable="aide" />

	<!-- AndroidIDE -->
	<item component="ComponentInfo{com.itsaky.androidide/com.itsaky.androidide.activities.SplashActivity}" drawable="androidide" />

	<!-- Andronix -->
	<item component="ComponentInfo{studio.com.techriz.andronix/studio.com.techriz.andronix.ui.Splash}" drawable="andronix" />

	<!-- Apoteket -->
	<item component="ComponentInfo{se.apoteket.recept/com.mittapotek.MainActivity}" drawable="apoteket" />

	<!-- ASUS Router -->
	<item component="ComponentInfo{com.asus.aihome/com.asus.aihome.MainActivity}" drawable="asus_router" />

	<!-- Authenticator -->
	<item component="ComponentInfo{com.authenticator.authservice2/com.authenticator.authservice.controllers.settings.PasscodeCheckActivity}" drawable="authenticator" />

	<!-- Automower -->
	<item component="ComponentInfo{com.husqvarna.automowerconnect/com.husqvarnagroup.dss.amc.app.SplashScreenActivity}" drawable="automower" />

	<!-- AVNC -->
	<item component="ComponentInfo{com.gaurav.avnc/com.gaurav.avnc.StartupActivity}" drawable="avnc" />

	<!-- BankID -->
	<item component="ComponentInfo{com.bankid.bus/com.bankid.bus.activities.InitActivity}" drawable="bankid" />

	<!-- Bluetooth Device Manager -->
	<item component="ComponentInfo{com.ppn.bluetooth/com.ppn.bluetooth.SplashActivity}" drawable="bluetooth_device_manager" />

	<!-- Calcy IV -->
	<item component="ComponentInfo{tesmath.calcy/com.tesmath.calcy.common.StartupActivity}" drawable="calcy_iv" />

	<!-- Chemgroup -->
	<item component="ComponentInfo{com.chemgroup.app/com.chemgroup.app.ProductList}" drawable="chemgroup" />

	<!-- Coin Watch -->
	<item component="ComponentInfo{st.blackbox.coinwatch/st.blackbox.coinwatch.SplashScreen}" drawable="coin_watch" />

	<!-- CoinsData.io -->
	<item component="ComponentInfo{com.supercrypto.cryptocyrrency/com.supercrypto.cryptocyrrency.SplashActivity}" drawable="coinsdataio" />

	<!-- Color Palette -->
	<item component="ComponentInfo{com.blogspot.yashas003.colorpalette/com.blogspot.yashas003.colorpalette.Activities.SplashScreen}" drawable="color_palette" />

	<!-- Comviq -->
	<item component="ComponentInfo{se.comviq.android/se.comviq.app.ui.main.MainActivity}" drawable="comviq" />

	<!-- Converter -->
	<item component="ComponentInfo{com.mycompany.myapp/com.mycompany.myapp.MainActivity}" drawable="converter" />

	<!-- Custom Quick Settings -->
	<item component="ComponentInfo{com.quinny898.app.customquicksettings/com.quinny898.app.customquicksettings.MainActivity}" drawable="custom_quick_settings" />

	<!-- d/node.js -->
	<item component="ComponentInfo{io.tempage.dorynode/io.tempage.dorynode.MainActivity}" drawable="d_nodejs" />

	<!-- Darker -->
	<item component="ComponentInfo{com.mlhg.screenfilter/com.mlhg.activities.ToggleActivity}" drawable="darker" />

	<!-- DevInfo -->
	<item component="ComponentInfo{com.liuzh.deviceinfo/com.liuzh.deviceinfo.splash.SplashActivity}" drawable="devinfo" />

	<!-- DJI GO 4 -->
	<item component="ComponentInfo{dji.go.v4/dji.pilot.main.activity.DJILauncherActivity}" drawable="dji_go_4" />

	<!-- Drönarguiden -->
	<item component="ComponentInfo{se.dronesweden.dronemap/se.dronesweden.dronemap.MainActivity}" drawable="dronarguiden" />

	<!-- Easy Voice Recorder Pro -->
	<item component="ComponentInfo{com.digipom.easyvoicerecorder.pro/com.digipom.easyvoicerecorder.ui.activity.EasyVoiceRecorderActivity}" drawable="easy_voice_recorder_pro" />

	<!-- Ensliga Sparven -->
	<item component="ComponentInfo{com.pusselbitgames.rpchronicles/com.unity3d.player.UnityPlayerActivity}" drawable="ensliga_sparven" />

	<!-- ESET Betalningsskydd -->
	<item component="ComponentInfo{com.eset.ems2.gp/com.eset.ems.gui.AliasSafeLauncherActivity}" drawable="eset_betalningsskydd" />

	<!-- ESET Security -->
	<item component="ComponentInfo{com.eset.ems2.gp/com.eset.ems.gui.MainActivityAlias}" drawable="eset_security" />

	<!-- Expo Go -->
	<item component="ComponentInfo{host.exp.exponent/host.exp.exponent.experience.HomeActivity}" drawable="expo_go" />

	<!-- Filhanterare -->
	<item component="ComponentInfo{com.asus.filemanager/com.asus.filemanager.activity.FileManagerActivity}" drawable="filhanterare" />

	<!-- Fleet Services -->
	<item component="ComponentInfo{com.husqvarna.hfsmobile/com.husqvarna.hfsmobile.features.splash.SplashActivity}" drawable="fleet_services" />

	<!-- Flipper -->
	<item component="ComponentInfo{com.flipperdevices.app/com.flipperdevices.singleactivity.impl.SingleActivity}" drawable="flipper" />

	<!-- Gadgetbridge -->
	<item component="ComponentInfo{nodomain.freeyourgadget.gadgetbridge/nodomain.freeyourgadget.gadgetbridge.activities.ControlCenterv2}" drawable="gadgetbridge" />

	<!-- Galleri -->
	<item component="ComponentInfo{com.asus.gallery/com.asus.gallery.app.EPhotoActivity}" drawable="galleri" />

	<!-- Goodreads -->
	<item component="ComponentInfo{com.goodreads/com.goodreads.kindle.ui.activity.RoutingActivity}" drawable="goodreads" />

	<!-- HiPER Scientific Calculator -->
	<item component="ComponentInfo{cz.hipercalc/app.hipercalc.CalculatorActivity}" drawable="hiper_scientific_calculator" />

	<!-- ICA -->
	<item component="ComponentInfo{se.ica.handla/se.ica.handla.launcher.LauncherActivity}" drawable="ica" />

	<!-- JuiceSSH -->
	<item component="ComponentInfo{com.sonelli.juicessh/com.sonelli.juicessh.activities.MainActivity}" drawable="juicessh" />

	<!-- Kalkylator -->
	<item component="ComponentInfo{com.asus.calculator/com.asus.calculator.Calculator}" drawable="kalkylator" />

	<!-- Kamera -->
	<item component="ComponentInfo{org.codeaurora.snapcam/com.android.camera.CameraLauncher}" drawable="kamera" />

	<!-- Kamera -->
	<item component="ComponentInfo{com.asus.camera/com.asus.camera.CameraApp}" drawable="kamera" />

	<!-- Kivra -->
	<item component="ComponentInfo{com.kivra.Kivra/com.kivra.android.home.HomeActivity}" drawable="kivra" />

	<!-- Klart -->
	<item component="ComponentInfo{se.klart.weatherapp/se.klart.weatherapp.ui.splash.SplashActivity}" drawable="klart" />

	<!-- Klocka -->
	<item component="ComponentInfo{com.asus.deskclock/com.asus.deskclock.DeskClock}" drawable="klocka" />

	<!-- Krisinformation -->
	<item component="ComponentInfo{se.msb.krisinformation/crc646551b06571d2c94d.SplashActivity}" drawable="krisinformation" />

	<!-- Legimus -->
	<item component="ComponentInfo{com.mtm.android/be.sensotec.daisyonlineandroid.app.ui.activity.SplashActivity}" drawable="legimus" />

	<!-- Ljudinspelaren -->
	<item component="ComponentInfo{com.asus.soundrecorder/com.asus.soundrecorder.AsusRecorder}" drawable="ljudinspelaren" />

	<!-- IA -->
	<item component="ComponentInfo{se.afaforsakring.ia/se.afaforsakring.ia.MainActivity}" drawable="ia" />

	<!-- Mastodon -->
	<item component="ComponentInfo{org.joinmastodon.android/org.joinmastodon.android.MainActivity}" drawable="mastodon" />

	<!-- Material Icon Maker -->
	<item component="ComponentInfo{com.arunsoft.icon/com.arunsoft.icon.MainActivity}" drawable="material_icon_maker" />

	<!-- MaterialX -->
	<item component="ComponentInfo{com.material.components/code.ActivityMainMenu}" drawable="materialx" />

	<!-- MeteoTask -->
	<item component="ComponentInfo{com.balda.meteotask/com.balda.meteotask.ui.MainActivity}" drawable="meteotask" />

	<!-- miMind -->
	<item component="ComponentInfo{com.cryptobees.mimind/com.rlib.GL2JNIActivity}" drawable="mimind" />

	<!-- MyEdenred -->
	<item component="ComponentInfo{com.pgs.ticket.rikskortet/com.pgs.ticket.rikskortet.features.splash.SplashActivity}" drawable="myedenred" />

	<!-- NeoRouter Mesh -->
	<item component="ComponentInfo{com.neorouter.androidmesh/com.neorouter.androidmesh.Mainframe}" drawable="neorouter_mesh" />

	<!-- NetBird -->
	<item component="ComponentInfo{io.netbird.client/io.netbird.client.MainActivity}" drawable="netbird" />

	<!-- nzb360 -->
	<item component="ComponentInfo{com.kevinforeman.nzb360/com.kevinforeman.nzb360.StartupLauncher}" drawable="nzb360" />

	<!-- OpenBoard -->
	<item component="ComponentInfo{org.dslul.openboard.inputmethod.latin/org.dslul.openboard.inputmethod.latin.setup.SetupActivity}" drawable="openboard" />

	<!-- openScale -->
	<item component="ComponentInfo{com.health.openscale/com.health.openscale.gui.MainActivity}" drawable="openscale" />

	<!-- OurGroceries -->
	<item component="ComponentInfo{com.headcode.ourgroceries/com.headcode.ourgroceries.android.LaunchActivity}" drawable="ourgroceries" />

	<!-- Paradise Lust -->
	<item component="ComponentInfo{com.flexiblemedia.paradiselost/com.unity3d.player.UnityPlayerActivity}" drawable="paradise_lust" />

	<!-- Parkering -->
	<item component="ComponentInfo{se.goteborg.pbolaget.android/se.goteborg.pbolaget.android.SplashActivity}" drawable="parkering" />

	<!-- Patreon -->
	<item component="ComponentInfo{com.patreon.android/com.patreon.android.ui.shared.LauncherActivity}" drawable="patreon" />

	<!-- Pedometer -->
	<item component="ComponentInfo{de.j4velin.pedometer/de.j4velin.pedometer.ui.Activity_Main}" drawable="pedometer" />

	<!-- Pokémon GO -->
	<item component="ComponentInfo{com.nianticlabs.pokemongo/com.nianticproject.holoholo.libholoholo.unity.UnityMainActivity}" drawable="pokemon_go" />

	<!-- PostNord -->
	<item component="ComponentInfo{se.postnord.private/com.postnord.MaCMainActivity}" drawable="postnord" />

	<!-- Proton Calendar -->
	<item component="ComponentInfo{me.proton.android.calendar/me.proton.android.calendar.presentation.main.MainActivity}" drawable="proton_calendar" />

	<!-- Proton Pass -->
	<item component="ComponentInfo{proton.android.pass/proton.android.pass.ui.MainActivity}" drawable="proton_pass" />

	<!-- Pushbullet -->
	<item component="ComponentInfo{com.pushbullet.android/com.pushbullet.android.ui.LaunchActivity}" drawable="pushbullet" />

	<!-- RD-klient -->
	<item component="ComponentInfo{com.microsoft.rdc.androidx/com.microsoft.rdc.ui.activities.HomeActivity}" drawable="rd_klient" />

	<!-- RVNC Viewer -->
	<item component="ComponentInfo{com.realvnc.viewer.android/com.realvnc.viewer.android.app.ConnectionChooserActivity}" drawable="rvnc_viewer" />

	<!-- Safello -->
	<item component="ComponentInfo{com.safello.androidsapp/com.safello.androidsapp.MainActivity}" drawable="safello" />

	<!-- Secure Settings -->
	<item component="ComponentInfo{com.intangibleobject.securesettings.plugin/com.intangibleobject.securesettings.plugin.Activities.MainTabsActivity}" drawable="secure_settings" />

	<!-- Simple RSS Widget -->
	<item component="ComponentInfo{de.j4velin.rssWidget/de.j4velin.rssWidget.MainActivity}" drawable="simple_rss_widget" />

	<!-- Skatteverket -->
	<item component="ComponentInfo{se.rsv.ef.mobil.android/se.rsv.ef.mobil.android.SkatteverketActivity}" drawable="skatteverket" />

	<!-- Spck NodeJS -->
	<item component="ComponentInfo{io.spck.editor.node/io.spck.editor.EditorActivity}" drawable="spck_nodejs" />

	<!-- Splitwise -->
	<item component="ComponentInfo{com.Splitwise.SplitwiseMobile/com.Splitwise.SplitwiseMobile.views.SplitwiseSplashScreen}" drawable="splitwise" />

	<!-- SQLite Editor -->
	<item component="ComponentInfo{com.tomminosoftware.sqliteeditor/com.tomminosoftware.sqliteeditor.Main}" drawable="sqlite_editor" />

	<!-- Storytel -->
	<item component="ComponentInfo{grit.storytel.app/grit.storytel.app.MainActivity}" drawable="storytel" />

	<!-- Sudoku -->
	<item component="ComponentInfo{easy.sudoku.puzzle.solver.free/com.meevii.ui.activity.SplashActivity}" drawable="sudoku" />

	<!-- Survival Manual -->
	<item component="ComponentInfo{org.ligi.survivalmanual/org.ligi.survivalmanual.ui.MainActivity}" drawable="survival_manual" />

	<!-- Svenska Skyddsrum -->
	<item component="ComponentInfo{se.steeltownapps.swedishshelters/md5aa094981cb520d877d970fc425d9ca59.SplashActivity}" drawable="svenska_skyddsrum" />

	<!-- Sveriges Radio Play -->
	<item component="ComponentInfo{se.sr.android/se.sr.android.app.boot.BootActivity}" drawable="sveriges_radio_play" />

	<!-- SVT Nyheter -->
	<item component="ComponentInfo{se.svt.svti.android.nyhetsapp/se.svt.svti.android.nyhetsapp.view.activity.SplashScreen}" drawable="svt_nyheter" />

	<!-- SVT Play -->
	<item component="ComponentInfo{se.svt.android.svtplay/se.svt.svtplay.ui.mobile.MainActivity}" drawable="svt_play" />

	<!-- Swedbank -->
	<item component="ComponentInfo{se.swedbank.mobil/se.swedbank.mobilbank.feature.splashscreen.SplashActivity}" drawable="swedbank" />

	<!-- Swish -->
	<item component="ComponentInfo{se.bankgirot.swish/se.bankgirot.swish.ui.SplashActivity}" drawable="swish" />

	<!-- Syncthing -->
	<item component="ComponentInfo{com.nutomic.syncthingandroid/com.nutomic.syncthingandroid.activities.FirstStartActivity}" drawable="syncthing" />

	<!-- Tasker -->
	<item component="ComponentInfo{net.dinglisch.android.taskerm/net.dinglisch.android.taskerm.Tasker}" drawable="tasker" />

	<!-- Tasker Secondary -->
	<item component="ComponentInfo{net.dinglisch.android.taskerm/com.joaomgcd.taskerm.util.ActivitySecondaryApp}" drawable="tasker_secondary" />

	<!-- Telefon -->
	<item component="ComponentInfo{com.asus.dialer/com.android.contacts.activities.DialtactsActivity}" drawable="telefon" />

	<!-- Telldus Live! Mobile -->
	<item component="ComponentInfo{com.telldus.live.mobile/com.telldus.live.mobile.MainActivity}" drawable="telldus_live_mobile" />

	<!-- Termux:Tasker -->
	<item component="ComponentInfo{com.termux.tasker/com.termux.tasker.activities.TermuxTaskerActivity}" drawable="termux_tasker" />

	<!-- Timesheets -->
	<item component="ComponentInfo{com.unit4.timesheet/com.unit4.timesheet.screens.TimesheetLogoActivity}" drawable="timesheets" />

	<!-- Tips -->
	<item component="ComponentInfo{com.asus.tips/com.asus.tips.TipListActivity}" drawable="tips" />

	<!-- Tradera -->
	<item component="ComponentInfo{com.tradera/com.tradera.tradera.screens.home.HomeActivity}" drawable="tradera" />

	<!-- TV Time -->
	<item component="ComponentInfo{com.tozelabs.tvshowtime/com.tozelabs.tvshowtime.MainActivity}" drawable="tv_time" />

	<!-- TV4 Play -->
	<item component="ComponentInfo{se.tv4.tv4playtab/se.tv4.tv4play.ui.common.startup.SplashActivity}" drawable="tv4_play" />

	<!-- Unified Remote -->
	<item component="ComponentInfo{com.Relmtech.Remote/com.unified.v3.frontend.views.MainActivity}" drawable="unified_remote" />

	<!-- Unified Remote Full -->
	<item component="ComponentInfo{com.Relmtech.RemotePaid/com.unified.v3.frontend.views.MainActivity}" drawable="unified_remote_full" />

	<!-- Väder -->
	<item component="ComponentInfo{com.asus.weathertime/com.asus.weathertime.WeatherTimeSettings}" drawable="vader" />

	<!-- Vanilla kwgt -->
	<item component="ComponentInfo{vanillakwgt.kustom.pack/org.kustom.api.dashboard.DashboardActivity}" drawable="vanilla_kwgt" />

	<!-- Västtrafik -->
	<item component="ComponentInfo{com.vaesttrafik.vaesttrafik/se.vasttrafik.togo.core.MainActivity}" drawable="vasttrafik" />

	<!-- Water Sort Quest -->
	<item component="ComponentInfo{com.mobirix.wspuzzle/com.unity3d.player.UnityPlayerActivity}" drawable="water_sort_quest" />

	<!-- Web Video Caster -->
	<item component="ComponentInfo{com.instantbits.cast.webvideo/com.instantbits.cast.webvideo.SplashActivity}" drawable="web_video_caster" />

	<!-- Whicons -->
	<item component="ComponentInfo{com.whicons.iconpack/com.whicons.iconpack.MainActivity}" drawable="whicons" />

</resources>