<appmap>

	<!-- AIDE -->
	<item class="com.aide.ui.MainActivity" name="aide"/>

	<!-- AndroidIDE -->
	<item class="com.itsaky.androidide.activities.SplashActivity" name="androidide"/>

	<!-- Andronix -->
	<item class="studio.com.techriz.andronix.ui.Splash" name="andronix"/>

	<!-- Apoteket -->
	<item class="com.mittapotek.MainActivity" name="apoteket"/>

	<!-- ASUS Router -->
	<item class="com.asus.aihome.MainActivity" name="asus_router"/>

	<!-- Authenticator -->
	<item class="com.authenticator.authservice.controllers.settings.PasscodeCheckActivity" name="authenticator"/>

	<!-- Automower -->
	<item class="com.husqvarnagroup.dss.amc.app.SplashScreenActivity" name="automower"/>

	<!-- AVNC -->
	<item class="com.gaurav.avnc.StartupActivity" name="avnc"/>

	<!-- BankID -->
	<item class="com.bankid.bus.activities.InitActivity" name="bankid"/>

	<!-- Bluetooth Device Manager -->
	<item class="com.ppn.bluetooth.SplashActivity" name="bluetooth_device_manager"/>

	<!-- Calcy IV -->
	<item class="com.tesmath.calcy.common.StartupActivity" name="calcy_iv"/>

	<!-- Chemgroup -->
	<item class="com.chemgroup.app.ProductList" name="chemgroup"/>

	<!-- Coin Watch -->
	<item class="st.blackbox.coinwatch.SplashScreen" name="coin_watch"/>

	<!-- CoinsData.io -->
	<item class="com.supercrypto.cryptocyrrency.SplashActivity" name="coinsdataio"/>

	<!-- Color Palette -->
	<item class="com.blogspot.yashas003.colorpalette.Activities.SplashScreen" name="color_palette"/>

	<!-- Comviq -->
	<item class="se.comviq.app.ui.main.MainActivity" name="comviq"/>

	<!-- Converter -->
	<item class="com.mycompany.myapp.MainActivity" name="converter"/>

	<!-- Custom Quick Settings -->
	<item class="com.quinny898.app.customquicksettings.MainActivity" name="custom_quick_settings"/>

	<!-- d/node.js -->
	<item class="io.tempage.dorynode.MainActivity" name="d_nodejs"/>

	<!-- Darker -->
	<item class="com.mlhg.activities.ToggleActivity" name="darker"/>

	<!-- DevInfo -->
	<item class="com.liuzh.deviceinfo.splash.SplashActivity" name="devinfo"/>

	<!-- DJI GO 4 -->
	<item class="dji.pilot.main.activity.DJILauncherActivity" name="dji_go_4"/>

	<!-- Drönarguiden -->
	<item class="se.dronesweden.dronemap.MainActivity" name="dronarguiden"/>

	<!-- Easy Voice Recorder Pro -->
	<item class="com.digipom.easyvoicerecorder.ui.activity.EasyVoiceRecorderActivity" name="easy_voice_recorder_pro"/>

	<!-- Ensliga Sparven -->
	<item class="com.unity3d.player.UnityPlayerActivity" name="ensliga_sparven"/>

	<!-- ESET Betalningsskydd -->
	<item class="com.eset.ems.gui.AliasSafeLauncherActivity" name="eset_betalningsskydd"/>

	<!-- ESET Security -->
	<item class="com.eset.ems.gui.MainActivityAlias" name="eset_security"/>

	<!-- Expo Go -->
	<item class="host.exp.exponent.experience.HomeActivity" name="expo_go"/>

	<!-- Filhanterare -->
	<item class="com.asus.filemanager.activity.FileManagerActivity" name="filhanterare"/>

	<!-- Fleet Services -->
	<item class="com.husqvarna.hfsmobile.features.splash.SplashActivity" name="fleet_services"/>

	<!-- Flipper -->
	<item class="com.flipperdevices.singleactivity.impl.SingleActivity" name="flipper"/>

	<!-- Gadgetbridge -->
	<item class="nodomain.freeyourgadget.gadgetbridge.activities.ControlCenterv2" name="gadgetbridge"/>

	<!-- Galleri -->
	<item class="com.asus.gallery.app.EPhotoActivity" name="galleri"/>

	<!-- Goodreads -->
	<item class="com.goodreads.kindle.ui.activity.RoutingActivity" name="goodreads"/>

	<!-- HiPER Scientific Calculator -->
	<item class="app.hipercalc.CalculatorActivity" name="hiper_scientific_calculator"/>

	<!-- ICA -->
	<item class="se.ica.handla.launcher.LauncherActivity" name="ica"/>

	<!-- JuiceSSH -->
	<item class="com.sonelli.juicessh.activities.MainActivity" name="juicessh"/>

	<!-- Kalkylator -->
	<item class="com.asus.calculator.Calculator" name="kalkylator"/>

	<!-- Kamera -->
	<item class="com.android.camera.CameraLauncher" name="kamera"/>

	<!-- Kamera -->
	<item class="com.asus.camera.CameraApp" name="kamera"/>

	<!-- Kivra -->
	<item class="com.kivra.android.home.HomeActivity" name="kivra"/>

	<!-- Klart -->
	<item class="se.klart.weatherapp.ui.splash.SplashActivity" name="klart"/>

	<!-- Klocka -->
	<item class="com.asus.deskclock.DeskClock" name="klocka"/>

	<!-- Krisinformation -->
	<item class="crc646551b06571d2c94d.SplashActivity" name="krisinformation"/>

	<!-- Legimus -->
	<item class="be.sensotec.daisyonlineandroid.app.ui.activity.SplashActivity" name="legimus"/>

	<!-- Ljudinspelaren -->
	<item class="com.asus.soundrecorder.AsusRecorder" name="ljudinspelaren"/>

	<!-- IA -->
	<item class="se.afaforsakring.ia.MainActivity" name="ia"/>

	<!-- Mastodon -->
	<item class="org.joinmastodon.android.MainActivity" name="mastodon"/>

	<!-- Material Icon Maker -->
	<item class="com.arunsoft.icon.MainActivity" name="material_icon_maker"/>

	<!-- MaterialX -->
	<item class="code.ActivityMainMenu" name="materialx"/>

	<!-- MeteoTask -->
	<item class="com.balda.meteotask.ui.MainActivity" name="meteotask"/>

	<!-- miMind -->
	<item class="com.rlib.GL2JNIActivity" name="mimind"/>

	<!-- MyEdenred -->
	<item class="com.pgs.ticket.rikskortet.features.splash.SplashActivity" name="myedenred"/>

	<!-- NeoRouter Mesh -->
	<item class="com.neorouter.androidmesh.Mainframe" name="neorouter_mesh"/>

	<!-- NetBird -->
	<item class="io.netbird.client.MainActivity" name="netbird"/>

	<!-- nzb360 -->
	<item class="com.kevinforeman.nzb360.StartupLauncher" name="nzb360"/>

	<!-- OpenBoard -->
	<item class="org.dslul.openboard.inputmethod.latin.setup.SetupActivity" name="openboard"/>

	<!-- openScale -->
	<item class="com.health.openscale.gui.MainActivity" name="openscale"/>

	<!-- OurGroceries -->
	<item class="com.headcode.ourgroceries.android.LaunchActivity" name="ourgroceries"/>

	<!-- Paradise Lust -->
	<item class="com.unity3d.player.UnityPlayerActivity" name="paradise_lust"/>

	<!-- Parkering -->
	<item class="se.goteborg.pbolaget.android.SplashActivity" name="parkering"/>

	<!-- Patreon -->
	<item class="com.patreon.android.ui.shared.LauncherActivity" name="patreon"/>

	<!-- Pedometer -->
	<item class="de.j4velin.pedometer.ui.Activity_Main" name="pedometer"/>

	<!-- Pokémon GO -->
	<item class="com.nianticproject.holoholo.libholoholo.unity.UnityMainActivity" name="pokemon_go"/>

	<!-- PostNord -->
	<item class="com.postnord.MaCMainActivity" name="postnord"/>

	<!-- Proton Calendar -->
	<item class="me.proton.android.calendar.presentation.main.MainActivity" name="proton_calendar"/>

	<!-- Proton Pass -->
	<item class="proton.android.pass.ui.MainActivity" name="proton_pass"/>

	<!-- Pushbullet -->
	<item class="com.pushbullet.android.ui.LaunchActivity" name="pushbullet"/>

	<!-- RD-klient -->
	<item class="com.microsoft.rdc.ui.activities.HomeActivity" name="rd_klient"/>

	<!-- RVNC Viewer -->
	<item class="com.realvnc.viewer.android.app.ConnectionChooserActivity" name="rvnc_viewer"/>

	<!-- Safello -->
	<item class="com.safello.androidsapp.MainActivity" name="safello"/>

	<!-- Secure Settings -->
	<item class="com.intangibleobject.securesettings.plugin.Activities.MainTabsActivity" name="secure_settings"/>

	<!-- Simple RSS Widget -->
	<item class="de.j4velin.rssWidget.MainActivity" name="simple_rss_widget"/>

	<!-- Skatteverket -->
	<item class="se.rsv.ef.mobil.android.SkatteverketActivity" name="skatteverket"/>

	<!-- Spck NodeJS -->
	<item class="io.spck.editor.EditorActivity" name="spck_nodejs"/>

	<!-- Splitwise -->
	<item class="com.Splitwise.SplitwiseMobile.views.SplitwiseSplashScreen" name="splitwise"/>

	<!-- SQLite Editor -->
	<item class="com.tomminosoftware.sqliteeditor.Main" name="sqlite_editor"/>

	<!-- Storytel -->
	<item class="grit.storytel.app.MainActivity" name="storytel"/>

	<!-- Sudoku -->
	<item class="com.meevii.ui.activity.SplashActivity" name="sudoku"/>

	<!-- Survival Manual -->
	<item class="org.ligi.survivalmanual.ui.MainActivity" name="survival_manual"/>

	<!-- Svenska Skyddsrum -->
	<item class="md5aa094981cb520d877d970fc425d9ca59.SplashActivity" name="svenska_skyddsrum"/>

	<!-- Sveriges Radio Play -->
	<item class="se.sr.android.app.boot.BootActivity" name="sveriges_radio_play"/>

	<!-- SVT Nyheter -->
	<item class="se.svt.svti.android.nyhetsapp.view.activity.SplashScreen" name="svt_nyheter"/>

	<!-- SVT Play -->
	<item class="se.svt.svtplay.ui.mobile.MainActivity" name="svt_play"/>

	<!-- Swedbank -->
	<item class="se.swedbank.mobilbank.feature.splashscreen.SplashActivity" name="swedbank"/>

	<!-- Swish -->
	<item class="se.bankgirot.swish.ui.SplashActivity" name="swish"/>

	<!-- Syncthing -->
	<item class="com.nutomic.syncthingandroid.activities.FirstStartActivity" name="syncthing"/>

	<!-- Tasker -->
	<item class="net.dinglisch.android.taskerm.Tasker" name="tasker"/>

	<!-- Tasker Secondary -->
	<item class="com.joaomgcd.taskerm.util.ActivitySecondaryApp" name="tasker_secondary"/>

	<!-- Telefon -->
	<item class="com.android.contacts.activities.DialtactsActivity" name="telefon"/>

	<!-- Telldus Live! Mobile -->
	<item class="com.telldus.live.mobile.MainActivity" name="telldus_live_mobile"/>

	<!-- Termux:Tasker -->
	<item class="com.termux.tasker.activities.TermuxTaskerActivity" name="termux_tasker"/>

	<!-- Timesheets -->
	<item class="com.unit4.timesheet.screens.TimesheetLogoActivity" name="timesheets"/>

	<!-- Tips -->
	<item class="com.asus.tips.TipListActivity" name="tips"/>

	<!-- Tradera -->
	<item class="com.tradera.tradera.screens.home.HomeActivity" name="tradera"/>

	<!-- TV Time -->
	<item class="com.tozelabs.tvshowtime.MainActivity" name="tv_time"/>

	<!-- TV4 Play -->
	<item class="se.tv4.tv4play.ui.common.startup.SplashActivity" name="tv4_play"/>

	<!-- Unified Remote -->
	<item class="com.unified.v3.frontend.views.MainActivity" name="unified_remote"/>

	<!-- Unified Remote Full -->
	<item class="com.unified.v3.frontend.views.MainActivity" name="unified_remote_full"/>

	<!-- Väder -->
	<item class="com.asus.weathertime.WeatherTimeSettings" name="vader"/>

	<!-- Vanilla kwgt -->
	<item class="org.kustom.api.dashboard.DashboardActivity" name="vanilla_kwgt"/>

	<!-- Västtrafik -->
	<item class="se.vasttrafik.togo.core.MainActivity" name="vasttrafik"/>

	<!-- Water Sort Quest -->
	<item class="com.unity3d.player.UnityPlayerActivity" name="water_sort_quest"/>

	<!-- Web Video Caster -->
	<item class="com.instantbits.cast.webvideo.SplashActivity" name="web_video_caster"/>

	<!-- Whicons -->
	<item class="com.whicons.iconpack.MainActivity" name="whicons"/>

</appmap>