<Theme version="1">

	<!-- AIDE -->
	<AppIcon name="com.aide.ui/com.aide.ui.MainActivity" image="aide"/>

	<!-- AndroidIDE -->
	<AppIcon name="com.itsaky.androidide/com.itsaky.androidide.activities.SplashActivity" image="androidide"/>

	<!-- Andronix -->
	<AppIcon name="studio.com.techriz.andronix/studio.com.techriz.andronix.ui.Splash" image="andronix"/>

	<!-- Apoteket -->
	<AppIcon name="se.apoteket.recept/com.mittapotek.MainActivity" image="apoteket"/>

	<!-- ASUS Router -->
	<AppIcon name="com.asus.aihome/com.asus.aihome.MainActivity" image="asus_router"/>

	<!-- Authenticator -->
	<AppIcon name="com.authenticator.authservice2/com.authenticator.authservice.controllers.settings.PasscodeCheckActivity" image="authenticator"/>

	<!-- Automower -->
	<AppIcon name="com.husqvarna.automowerconnect/com.husqvarnagroup.dss.amc.app.SplashScreenActivity" image="automower"/>

	<!-- AVNC -->
	<AppIcon name="com.gaurav.avnc/com.gaurav.avnc.StartupActivity" image="avnc"/>

	<!-- BankID -->
	<AppIcon name="com.bankid.bus/com.bankid.bus.activities.InitActivity" image="bankid"/>

	<!-- Bluetooth Device Manager -->
	<AppIcon name="com.ppn.bluetooth/com.ppn.bluetooth.SplashActivity" image="bluetooth_device_manager"/>

	<!-- Calcy IV -->
	<AppIcon name="tesmath.calcy/com.tesmath.calcy.common.StartupActivity" image="calcy_iv"/>

	<!-- Chemgroup -->
	<AppIcon name="com.chemgroup.app/com.chemgroup.app.ProductList" image="chemgroup"/>

	<!-- Coin Watch -->
	<AppIcon name="st.blackbox.coinwatch/st.blackbox.coinwatch.SplashScreen" image="coin_watch"/>

	<!-- CoinsData.io -->
	<AppIcon name="com.supercrypto.cryptocyrrency/com.supercrypto.cryptocyrrency.SplashActivity" image="coinsdataio"/>

	<!-- Color Palette -->
	<AppIcon name="com.blogspot.yashas003.colorpalette/com.blogspot.yashas003.colorpalette.Activities.SplashScreen" image="color_palette"/>

	<!-- Comviq -->
	<AppIcon name="se.comviq.android/se.comviq.app.ui.main.MainActivity" image="comviq"/>

	<!-- Converter -->
	<AppIcon name="com.mycompany.myapp/com.mycompany.myapp.MainActivity" image="converter"/>

	<!-- Custom Quick Settings -->
	<AppIcon name="com.quinny898.app.customquicksettings/com.quinny898.app.customquicksettings.MainActivity" image="custom_quick_settings"/>

	<!-- d/node.js -->
	<AppIcon name="io.tempage.dorynode/io.tempage.dorynode.MainActivity" image="d_nodejs"/>

	<!-- Darker -->
	<AppIcon name="com.mlhg.screenfilter/com.mlhg.activities.ToggleActivity" image="darker"/>

	<!-- DevInfo -->
	<AppIcon name="com.liuzh.deviceinfo/com.liuzh.deviceinfo.splash.SplashActivity" image="devinfo"/>

	<!-- DJI GO 4 -->
	<AppIcon name="dji.go.v4/dji.pilot.main.activity.DJILauncherActivity" image="dji_go_4"/>

	<!-- Drönarguiden -->
	<AppIcon name="se.dronesweden.dronemap/se.dronesweden.dronemap.MainActivity" image="dronarguiden"/>

	<!-- Easy Voice Recorder Pro -->
	<AppIcon name="com.digipom.easyvoicerecorder.pro/com.digipom.easyvoicerecorder.ui.activity.EasyVoiceRecorderActivity" image="easy_voice_recorder_pro"/>

	<!-- Ensliga Sparven -->
	<AppIcon name="com.pusselbitgames.rpchronicles/com.unity3d.player.UnityPlayerActivity" image="ensliga_sparven"/>

	<!-- ESET Betalningsskydd -->
	<AppIcon name="com.eset.ems2.gp/com.eset.ems.gui.AliasSafeLauncherActivity" image="eset_betalningsskydd"/>

	<!-- ESET Security -->
	<AppIcon name="com.eset.ems2.gp/com.eset.ems.gui.MainActivityAlias" image="eset_security"/>

	<!-- Expo Go -->
	<AppIcon name="host.exp.exponent/host.exp.exponent.experience.HomeActivity" image="expo_go"/>

	<!-- Filhanterare -->
	<AppIcon name="com.asus.filemanager/com.asus.filemanager.activity.FileManagerActivity" image="filhanterare"/>

	<!-- Fleet Services -->
	<AppIcon name="com.husqvarna.hfsmobile/com.husqvarna.hfsmobile.features.splash.SplashActivity" image="fleet_services"/>

	<!-- Flipper -->
	<AppIcon name="com.flipperdevices.app/com.flipperdevices.singleactivity.impl.SingleActivity" image="flipper"/>

	<!-- Gadgetbridge -->
	<AppIcon name="nodomain.freeyourgadget.gadgetbridge/nodomain.freeyourgadget.gadgetbridge.activities.ControlCenterv2" image="gadgetbridge"/>

	<!-- Galleri -->
	<AppIcon name="com.asus.gallery/com.asus.gallery.app.EPhotoActivity" image="galleri"/>

	<!-- Goodreads -->
	<AppIcon name="com.goodreads/com.goodreads.kindle.ui.activity.RoutingActivity" image="goodreads"/>

	<!-- HiPER Scientific Calculator -->
	<AppIcon name="cz.hipercalc/app.hipercalc.CalculatorActivity" image="hiper_scientific_calculator"/>

	<!-- ICA -->
	<AppIcon name="se.ica.handla/se.ica.handla.launcher.LauncherActivity" image="ica"/>

	<!-- JuiceSSH -->
	<AppIcon name="com.sonelli.juicessh/com.sonelli.juicessh.activities.MainActivity" image="juicessh"/>

	<!-- Kalkylator -->
	<AppIcon name="com.asus.calculator/com.asus.calculator.Calculator" image="kalkylator"/>

	<!-- Kamera -->
	<AppIcon name="org.codeaurora.snapcam/com.android.camera.CameraLauncher" image="kamera"/>

	<!-- Kamera -->
	<AppIcon name="com.asus.camera/com.asus.camera.CameraApp" image="kamera"/>

	<!-- Kivra -->
	<AppIcon name="com.kivra.Kivra/com.kivra.android.home.HomeActivity" image="kivra"/>

	<!-- Klart -->
	<AppIcon name="se.klart.weatherapp/se.klart.weatherapp.ui.splash.SplashActivity" image="klart"/>

	<!-- Klocka -->
	<AppIcon name="com.asus.deskclock/com.asus.deskclock.DeskClock" image="klocka"/>

	<!-- Krisinformation -->
	<AppIcon name="se.msb.krisinformation/crc646551b06571d2c94d.SplashActivity" image="krisinformation"/>

	<!-- Legimus -->
	<AppIcon name="com.mtm.android/be.sensotec.daisyonlineandroid.app.ui.activity.SplashActivity" image="legimus"/>

	<!-- Ljudinspelaren -->
	<AppIcon name="com.asus.soundrecorder/com.asus.soundrecorder.AsusRecorder" image="ljudinspelaren"/>

	<!-- IA -->
	<AppIcon name="se.afaforsakring.ia/se.afaforsakring.ia.MainActivity" image="ia"/>

	<!-- Mastodon -->
	<AppIcon name="org.joinmastodon.android/org.joinmastodon.android.MainActivity" image="mastodon"/>

	<!-- Material Icon Maker -->
	<AppIcon name="com.arunsoft.icon/com.arunsoft.icon.MainActivity" image="material_icon_maker"/>

	<!-- MaterialX -->
	<AppIcon name="com.material.components/code.ActivityMainMenu" image="materialx"/>

	<!-- MeteoTask -->
	<AppIcon name="com.balda.meteotask/com.balda.meteotask.ui.MainActivity" image="meteotask"/>

	<!-- miMind -->
	<AppIcon name="com.cryptobees.mimind/com.rlib.GL2JNIActivity" image="mimind"/>

	<!-- MyEdenred -->
	<AppIcon name="com.pgs.ticket.rikskortet/com.pgs.ticket.rikskortet.features.splash.SplashActivity" image="myedenred"/>

	<!-- NeoRouter Mesh -->
	<AppIcon name="com.neorouter.androidmesh/com.neorouter.androidmesh.Mainframe" image="neorouter_mesh"/>

	<!-- NetBird -->
	<AppIcon name="io.netbird.client/io.netbird.client.MainActivity" image="netbird"/>

	<!-- nzb360 -->
	<AppIcon name="com.kevinforeman.nzb360/com.kevinforeman.nzb360.StartupLauncher" image="nzb360"/>

	<!-- OpenBoard -->
	<AppIcon name="org.dslul.openboard.inputmethod.latin/org.dslul.openboard.inputmethod.latin.setup.SetupActivity" image="openboard"/>

	<!-- openScale -->
	<AppIcon name="com.health.openscale/com.health.openscale.gui.MainActivity" image="openscale"/>

	<!-- OurGroceries -->
	<AppIcon name="com.headcode.ourgroceries/com.headcode.ourgroceries.android.LaunchActivity" image="ourgroceries"/>

	<!-- Paradise Lust -->
	<AppIcon name="com.flexiblemedia.paradiselost/com.unity3d.player.UnityPlayerActivity" image="paradise_lust"/>

	<!-- Parkering -->
	<AppIcon name="se.goteborg.pbolaget.android/se.goteborg.pbolaget.android.SplashActivity" image="parkering"/>

	<!-- Patreon -->
	<AppIcon name="com.patreon.android/com.patreon.android.ui.shared.LauncherActivity" image="patreon"/>

	<!-- Pedometer -->
	<AppIcon name="de.j4velin.pedometer/de.j4velin.pedometer.ui.Activity_Main" image="pedometer"/>

	<!-- Pokémon GO -->
	<AppIcon name="com.nianticlabs.pokemongo/com.nianticproject.holoholo.libholoholo.unity.UnityMainActivity" image="pokemon_go"/>

	<!-- PostNord -->
	<AppIcon name="se.postnord.private/com.postnord.MaCMainActivity" image="postnord"/>

	<!-- Proton Calendar -->
	<AppIcon name="me.proton.android.calendar/me.proton.android.calendar.presentation.main.MainActivity" image="proton_calendar"/>

	<!-- Proton Pass -->
	<AppIcon name="proton.android.pass/proton.android.pass.ui.MainActivity" image="proton_pass"/>

	<!-- Pushbullet -->
	<AppIcon name="com.pushbullet.android/com.pushbullet.android.ui.LaunchActivity" image="pushbullet"/>

	<!-- RD-klient -->
	<AppIcon name="com.microsoft.rdc.androidx/com.microsoft.rdc.ui.activities.HomeActivity" image="rd_klient"/>

	<!-- RVNC Viewer -->
	<AppIcon name="com.realvnc.viewer.android/com.realvnc.viewer.android.app.ConnectionChooserActivity" image="rvnc_viewer"/>

	<!-- Safello -->
	<AppIcon name="com.safello.androidsapp/com.safello.androidsapp.MainActivity" image="safello"/>

	<!-- Secure Settings -->
	<AppIcon name="com.intangibleobject.securesettings.plugin/com.intangibleobject.securesettings.plugin.Activities.MainTabsActivity" image="secure_settings"/>

	<!-- Simple RSS Widget -->
	<AppIcon name="de.j4velin.rssWidget/de.j4velin.rssWidget.MainActivity" image="simple_rss_widget"/>

	<!-- Skatteverket -->
	<AppIcon name="se.rsv.ef.mobil.android/se.rsv.ef.mobil.android.SkatteverketActivity" image="skatteverket"/>

	<!-- Spck NodeJS -->
	<AppIcon name="io.spck.editor.node/io.spck.editor.EditorActivity" image="spck_nodejs"/>

	<!-- Splitwise -->
	<AppIcon name="com.Splitwise.SplitwiseMobile/com.Splitwise.SplitwiseMobile.views.SplitwiseSplashScreen" image="splitwise"/>

	<!-- SQLite Editor -->
	<AppIcon name="com.tomminosoftware.sqliteeditor/com.tomminosoftware.sqliteeditor.Main" image="sqlite_editor"/>

	<!-- Storytel -->
	<AppIcon name="grit.storytel.app/grit.storytel.app.MainActivity" image="storytel"/>

	<!-- Sudoku -->
	<AppIcon name="easy.sudoku.puzzle.solver.free/com.meevii.ui.activity.SplashActivity" image="sudoku"/>

	<!-- Survival Manual -->
	<AppIcon name="org.ligi.survivalmanual/org.ligi.survivalmanual.ui.MainActivity" image="survival_manual"/>

	<!-- Svenska Skyddsrum -->
	<AppIcon name="se.steeltownapps.swedishshelters/md5aa094981cb520d877d970fc425d9ca59.SplashActivity" image="svenska_skyddsrum"/>

	<!-- Sveriges Radio Play -->
	<AppIcon name="se.sr.android/se.sr.android.app.boot.BootActivity" image="sveriges_radio_play"/>

	<!-- SVT Nyheter -->
	<AppIcon name="se.svt.svti.android.nyhetsapp/se.svt.svti.android.nyhetsapp.view.activity.SplashScreen" image="svt_nyheter"/>

	<!-- SVT Play -->
	<AppIcon name="se.svt.android.svtplay/se.svt.svtplay.ui.mobile.MainActivity" image="svt_play"/>

	<!-- Swedbank -->
	<AppIcon name="se.swedbank.mobil/se.swedbank.mobilbank.feature.splashscreen.SplashActivity" image="swedbank"/>

	<!-- Swish -->
	<AppIcon name="se.bankgirot.swish/se.bankgirot.swish.ui.SplashActivity" image="swish"/>

	<!-- Syncthing -->
	<AppIcon name="com.nutomic.syncthingandroid/com.nutomic.syncthingandroid.activities.FirstStartActivity" image="syncthing"/>

	<!-- Tasker -->
	<AppIcon name="net.dinglisch.android.taskerm/net.dinglisch.android.taskerm.Tasker" image="tasker"/>

	<!-- Tasker Secondary -->
	<AppIcon name="net.dinglisch.android.taskerm/com.joaomgcd.taskerm.util.ActivitySecondaryApp" image="tasker_secondary"/>

	<!-- Telefon -->
	<AppIcon name="com.asus.dialer/com.android.contacts.activities.DialtactsActivity" image="telefon"/>

	<!-- Telldus Live! Mobile -->
	<AppIcon name="com.telldus.live.mobile/com.telldus.live.mobile.MainActivity" image="telldus_live_mobile"/>

	<!-- Termux:Tasker -->
	<AppIcon name="com.termux.tasker/com.termux.tasker.activities.TermuxTaskerActivity" image="termux_tasker"/>

	<!-- Timesheets -->
	<AppIcon name="com.unit4.timesheet/com.unit4.timesheet.screens.TimesheetLogoActivity" image="timesheets"/>

	<!-- Tips -->
	<AppIcon name="com.asus.tips/com.asus.tips.TipListActivity" image="tips"/>

	<!-- Tradera -->
	<AppIcon name="com.tradera/com.tradera.tradera.screens.home.HomeActivity" image="tradera"/>

	<!-- TV Time -->
	<AppIcon name="com.tozelabs.tvshowtime/com.tozelabs.tvshowtime.MainActivity" image="tv_time"/>

	<!-- TV4 Play -->
	<AppIcon name="se.tv4.tv4playtab/se.tv4.tv4play.ui.common.startup.SplashActivity" image="tv4_play"/>

	<!-- Unified Remote -->
	<AppIcon name="com.Relmtech.Remote/com.unified.v3.frontend.views.MainActivity" image="unified_remote"/>

	<!-- Unified Remote Full -->
	<AppIcon name="com.Relmtech.RemotePaid/com.unified.v3.frontend.views.MainActivity" image="unified_remote_full"/>

	<!-- Väder -->
	<AppIcon name="com.asus.weathertime/com.asus.weathertime.WeatherTimeSettings" image="vader"/>

	<!-- Vanilla kwgt -->
	<AppIcon name="vanillakwgt.kustom.pack/org.kustom.api.dashboard.DashboardActivity" image="vanilla_kwgt"/>

	<!-- Västtrafik -->
	<AppIcon name="com.vaesttrafik.vaesttrafik/se.vasttrafik.togo.core.MainActivity" image="vasttrafik"/>

	<!-- Water Sort Quest -->
	<AppIcon name="com.mobirix.wspuzzle/com.unity3d.player.UnityPlayerActivity" image="water_sort_quest"/>

	<!-- Web Video Caster -->
	<AppIcon name="com.instantbits.cast.webvideo/com.instantbits.cast.webvideo.SplashActivity" image="web_video_caster"/>

	<!-- Whicons -->
	<AppIcon name="com.whicons.iconpack/com.whicons.iconpack.MainActivity" image="whicons"/>

</Theme>