<resources>

	<!-- Amazon -->
	<item component="ComponentInfo{in.amazon.mShop.android.shopping/com.amazon.mShop.home.HomeActivity}" drawable="amazon" />

	<!-- apna -->
	<item component="ComponentInfo{com.apnatime/com.apnatime.activities.splash.SplashActivity}" drawable="apna" />

	<!-- App vault -->
	<item component="ComponentInfo{com.mi.android.globalminusscreen/com.mi.android.globalminusscreen.tab.MainActivity}" drawable="app_vault" />

	<!-- BookMyShow -->
	<item component="ComponentInfo{com.bt.bms/com.movie.bms.splashscreen.SplashScreenActivity}" drawable="bookmyshow" />

	<!-- Clipt -->
	<item component="ComponentInfo{studio.onelab.clipboard/studio.onelab.clipboard.ui.main.MainActivity}" drawable="clipt" />

	<!-- Clock -->
	<item component="ComponentInfo{com.android.deskclock/com.android.deskclock.DeskClockTabActivity}" drawable="clock" />

	<!-- Digital Wellbeing -->
	<item component="ComponentInfo{com.google.android.apps.wellbeing/com.google.android.apps.wellbeing.settings.LauncherActivity}" drawable="digital_wellbeing" />

	<!-- Flud -->
	<item component="ComponentInfo{com.delphicoder.flud/com.delphicoder.flud.MainActivity}" drawable="flud" />

	<!-- FM Radio -->
	<item component="ComponentInfo{com.miui.fm/com.miui.fmradio.FmRadioActivity}" drawable="fm_radio" />

	<!-- ForceDoze -->
	<item component="ComponentInfo{com.suyashsrijan.forcedoze/com.suyashsrijan.forcedoze.MainActivity}" drawable="forcedoze" />

	<!-- FreshWalls -->
	<item component="ComponentInfo{com.techburner.freshwalls/com.oddlyspaced.walls.ui.activity.MainActivity}" drawable="freshwalls" />

	<!-- Gallery -->
	<item component="ComponentInfo{com.miui.gallery/com.miui.gallery.activity.HomePageActivity}" drawable="gallery" />

	<!-- Game Turbo -->
	<item component="ComponentInfo{com.xiaomi.gameboosterglobal/com.xiaomi.gameboosterglobal.home.HomeActivity}" drawable="game_turbo" />

	<!-- GetApps -->
	<item component="ComponentInfo{com.xiaomi.mipicks/com.xiaomi.mipicks.DefaultAlias}" drawable="getapps" />

	<!-- Goodreads -->
	<item component="ComponentInfo{com.goodreads/com.goodreads.kindle.ui.activity.SplashActivity}" drawable="goodreads" />

	<!-- GUVI -->
	<item component="ComponentInfo{com.guviapp/com.guviapp.MainActivity}" drawable="guvi" />

	<!-- Hackerone -->
	<item component="ComponentInfo{com.andropowerinc.hackerone/com.robotemplates.webviewapp.activity.SplashActivity}" drawable="hackerone" />

	<!-- Hotstar -->
	<item component="ComponentInfo{in.startv.hotstar/com.hotstar.MainActivity}" drawable="hotstar" />

	<!-- Indeed Job Search -->
	<item component="ComponentInfo{com.indeed.android.jobsearch/com.indeed.android.jobsearch.LaunchActivity}" drawable="indeed_job_search" />

	<!-- IOB Mobile -->
	<item component="ComponentInfo{com.fss.iob6/com.fss.iob6.MainActivity}" drawable="iob_mobile" />

	<!-- ISS Live Now -->
	<item component="ComponentInfo{com.nicedayapps.iss_free/com.nicedayapps.iss_free.activies.SplashActivity}" drawable="iss_live_now" />

	<!-- Link to MyASUS -->
	<item component="ComponentInfo{com.asus.syncv2/com.asus.linktomyasus.MainActivity}" drawable="link_to_myasus" />

	<!-- Link to Windows -->
	<item component="ComponentInfo{com.microsoft.appmanager/com.microsoft.appmanager.StartUpCoreActivity}" drawable="link_to_windows" />

	<!-- Loom -->
	<item component="ComponentInfo{com.loom.android/com.loom.app.ui.MainActivity}" drawable="loom" />

	<!-- Meesho -->
	<item component="ComponentInfo{com.meesho.supply/com.meesho.supply.main.MainActivity}" drawable="meesho" />

	<!-- Messaging -->
	<item component="ComponentInfo{com.android.mms/com.android.mms.ui.MmsTabActivity}" drawable="messaging" />

	<!-- Mi Pay -->
	<item component="ComponentInfo{com.mipay.wallet.in/com.mipay.home.ui.SplashActivity}" drawable="mi_pay" />

	<!-- Mutify -->
	<item component="ComponentInfo{live.teekamsuthar.mutify/live.teekamsuthar.mutify.MainActivity}" drawable="mutify" />

	<!-- MyASUS -->
	<item component="ComponentInfo{com.asus.ia.asusapp/com.asus.ia.asusapp.Phone.Init.DefaultLauncherActivity}" drawable="myasus" />

	<!-- Naukri.com -->
	<item component="ComponentInfo{naukriApp.appModules.login/com.naukri.splash.SplashActivity}" drawable="naukricom" />

	<!-- PDFelement -->
	<item component="ComponentInfo{com.wondershare.pdfelement/com.wondershare.pdfelement.features.welcome.WelcomeActivity}" drawable="pdfelement" />

	<!-- Phone -->
	<item component="ComponentInfo{com.android.contacts/com.android.contacts.activities.TwelveKeyDialer}" drawable="phone" />

	<!-- POCO Launcher -->
	<item component="ComponentInfo{com.mi.android.globallauncher/com.miui.home.launcher.SplashActivity}" drawable="poco_launcher" />

	<!-- Quikr Jobs -->
	<item component="ComponentInfo{com.quikr.job/com.quikr.job.old.SplashActivity}" drawable="quikr_jobs" />

	<!-- Royal Enfield -->
	<item component="ComponentInfo{com.royalenfield.reprime/com.royalenfield.reprime.ui.splash.activity.MainSplashScreenActivity}" drawable="royal_enfield" />

	<!-- SaverTuner -->
	<item component="ComponentInfo{s1m.savertuner/com.draco.buoy.views.MainActivity}" drawable="savertuner" />

	<!-- Screen Recorder -->
	<item component="ComponentInfo{com.miui.screenrecorder/com.miui.screenrecorder.activity.ScreenRecorderHomeActivity}" drawable="screen_recorder" />

	<!-- Services & feedback -->
	<item component="ComponentInfo{com.miui.miservice/com.miui.miservice.main.MainActivity}" drawable="services_and_feedback" />

	<!-- Shine.com -->
	<item component="ComponentInfo{com.net.shine/com.net.shine.MainActivity}" drawable="shinecom" />

	<!-- Snapdrop -->
	<item component="ComponentInfo{com.fmsys.snapdrop/com.fmsys.snapdrop.MainActivity}" drawable="snapdrop" />

	<!-- Snaptube -->
	<item component="ComponentInfo{com.snaptube.premium/com.snaptube.premium.activity.ExploreActivity}" drawable="snaptube" />

	<!-- Star Walk 2 -->
	<item component="ComponentInfo{com.vitotechnology.StarWalk2Free/com.google.firebase.MessagingUnityPlayerActivity}" drawable="star_walk_2" />

	<!-- Substack Reader -->
	<item component="ComponentInfo{com.substack.app/com.substack.app.ui.AppActivity}" drawable="substack_reader" />

	<!-- Super Sound -->
	<item component="ComponentInfo{com.tianxingjian.supersound/com.tianxingjian.supersound.MainActivity}" drawable="super_sound" />

	<!-- TBL -->
	<item component="ComponentInfo{com.tbl.movies/com.tbl.movies.SplashActivity}" drawable="tbl" />

	<!-- Themes -->
	<item component="ComponentInfo{com.android.thememanager/com.android.thememanager.ThemeResourceTabActivity}" drawable="themes" />

	<!-- TNEPDS -->
	<item component="ComponentInfo{com.omneAgate.PublicApp.activity/com.omneAgate.PublicApp.activity.EntryActivity}" drawable="tnepds" />

</resources>