<resources>

	<!-- Amazon -->
	<item component="ComponentInfo{in.amazon.mShop.android.shopping/com.amazon.mShop.home.HomeActivity}" drawable="amazon" />

	<!-- Bromite -->
	<item component="ComponentInfo{org.bromite.bromite/com.google.android.apps.chrome.Main}" drawable="bromite" />

	<!-- Camera -->
	<item component="ComponentInfo{org.derpfest.flash/org.derpfest.flash.CameraLauncher}" drawable="camera" />

	<!-- Candy Crush Soda -->
	<item component="ComponentInfo{com.king.candycrushsodasaga/com.king.candycrushsodasaga.StritzActivity}" drawable="candy_crush_soda" />

	<!-- CoinTrend -->
	<item component="ComponentInfo{com.cointrend/com.cointrend.presentation.MainActivity}" drawable="cointrend" />

	<!-- DataBackup -->
	<item component="ComponentInfo{com.xayah.databackup.foss/com.xayah.databackup.SplashActivity}" drawable="databackup" />

	<!-- Diusagar -->
	<item component="ComponentInfo{com.df.users/com.fisheriesowner.activity.SplashActivity}" drawable="diusagar" />

	<!-- FM Radio -->
	<item component="ComponentInfo{com.caf.fmradio/com.caf.fmradio.FMRadio}" drawable="fm_radio" />

	<!-- Gramophone -->
	<item component="ComponentInfo{org.akanework.gramophone/org.akanework.gramophone.ui.MainActivity}" drawable="gramophone" />

	<!-- Intelligent CV -->
	<item component="ComponentInfo{icv.resume.curriculumvitae/com.icv.resume.StartupActivity}" drawable="intelligent_cv" />

	<!-- MR -->
	<item component="ComponentInfo{h.vjkf/xn.o4A.Ppy.YgN}" drawable="mr" />

</resources>