<appmap>

	<!-- Amazon -->
	<item class="com.amazon.mShop.home.HomeActivity" name="amazon"/>

	<!-- Bromite -->
	<item class="com.google.android.apps.chrome.Main" name="bromite"/>

	<!-- Camera -->
	<item class="org.derpfest.flash.CameraLauncher" name="camera"/>

	<!-- Candy Crush Soda -->
	<item class="com.king.candycrushsodasaga.StritzActivity" name="candy_crush_soda"/>

	<!-- CoinTrend -->
	<item class="com.cointrend.presentation.MainActivity" name="cointrend"/>

	<!-- DataBackup -->
	<item class="com.xayah.databackup.SplashActivity" name="databackup"/>

	<!-- Diusagar -->
	<item class="com.fisheriesowner.activity.SplashActivity" name="diusagar"/>

	<!-- FM Radio -->
	<item class="com.caf.fmradio.FMRadio" name="fm_radio"/>

	<!-- Gramophone -->
	<item class="org.akanework.gramophone.ui.MainActivity" name="gramophone"/>

	<!-- Intelligent CV -->
	<item class="com.icv.resume.StartupActivity" name="intelligent_cv"/>

	<!-- MR -->
	<item class="xn.o4A.Ppy.YgN" name="mr"/>

</appmap>