<Theme version="1">

	<!-- Amazon -->
	<AppIcon name="in.amazon.mShop.android.shopping/com.amazon.mShop.home.HomeActivity" image="amazon"/>

	<!-- Bromite -->
	<AppIcon name="org.bromite.bromite/com.google.android.apps.chrome.Main" image="bromite"/>

	<!-- Camera -->
	<AppIcon name="org.derpfest.flash/org.derpfest.flash.CameraLauncher" image="camera"/>

	<!-- Candy Crush Soda -->
	<AppIcon name="com.king.candycrushsodasaga/com.king.candycrushsodasaga.StritzActivity" image="candy_crush_soda"/>

	<!-- CoinTrend -->
	<AppIcon name="com.cointrend/com.cointrend.presentation.MainActivity" image="cointrend"/>

	<!-- DataBackup -->
	<AppIcon name="com.xayah.databackup.foss/com.xayah.databackup.SplashActivity" image="databackup"/>

	<!-- Diusagar -->
	<AppIcon name="com.df.users/com.fisheriesowner.activity.SplashActivity" image="diusagar"/>

	<!-- FM Radio -->
	<AppIcon name="com.caf.fmradio/com.caf.fmradio.FMRadio" image="fm_radio"/>

	<!-- Gramophone -->
	<AppIcon name="org.akanework.gramophone/org.akanework.gramophone.ui.MainActivity" image="gramophone"/>

	<!-- Intelligent CV -->
	<AppIcon name="icv.resume.curriculumvitae/com.icv.resume.StartupActivity" image="intelligent_cv"/>

	<!-- MR -->
	<AppIcon name="h.vjkf/xn.o4A.Ppy.YgN" image="mr"/>

</Theme>