<resources>

	<!-- AccuBattery -->
	<item component="ComponentInfo{com.digibites.accubattery/com.digibites.abatterysaver.BatterySaverActivity}" drawable="accubattery" />

	<!-- Air Aware -->
	<item component="ComponentInfo{ai.aloft.airaware/ai.aloft.airaware.ui.airspace.MainActivity}" drawable="air_aware" />

	<!-- Alga -->
	<item component="ComponentInfo{tech.laihz.alga/tech.laihz.alga.MainActivity}" drawable="alga" />

	<!-- Brainf -->
	<item component="ComponentInfo{com.fredhappyface.brainf/com.fredhappyface.brainf.ActivityMain}" drawable="brainf" />

	<!-- Chroma -->
	<item component="ComponentInfo{cafe.adriel.chroma/cafe.adriel.chroma.view.tuner.TunerActivity}" drawable="chroma" />

	<!-- Expo Go -->
	<item component="ComponentInfo{host.exp.exponent/host.exp.exponent.experience.HomeActivity}" drawable="expo_go" />

	<!-- Fissure -->
	<item component="ComponentInfo{com.workingagenda.fissure/com.workingagenda.fissure.MainActivity}" drawable="fissure" />

	<!-- Flat -->
	<item component="ComponentInfo{com.tutteo.flat/com.tutteo.flat.presentation.activities.MainActivity}" drawable="flat" />

	<!-- Geekbench 6 -->
	<item component="ComponentInfo{com.primatelabs.geekbench6/com.primatelabs.geekbench.HomeActivity}" drawable="geekbench_6" />

	<!-- Geocaching -->
	<item component="ComponentInfo{com.groundspeak.geocaching.intro/com.groundspeak.geocaching.intro.main.MainActivity}" drawable="geocaching" />

	<!-- HS GPS V5 -->
	<item component="ComponentInfo{com.hy.hs_fly2/com.hy.syma.activity.LauncherActivity}" drawable="hs_gps_v5" />

	<!-- Jamboard -->
	<item component="ComponentInfo{com.google.android.apps.jam/com.google.android.apps.jam.jelly.home.HomeActivity}" drawable="jamboard" />

	<!-- Magnifier -->
	<item component="ComponentInfo{com.google.android.apps.accessibility.magnifier/com.google.android.apps.accessibility.magnifier.home.HomeActivity}" drawable="magnifier" />

	<!-- Metronaut -->
	<item component="ComponentInfo{com.antescofo.metronaut/antescofo.metronaut.root.RootActivity}" drawable="metronaut" />

	<!-- Metronome -->
	<item component="ComponentInfo{com.bobek.metronome/com.bobek.metronome.MainActivity}" drawable="metronome" />

	<!-- myQ -->
	<item component="ComponentInfo{com.chamberlain.android.liftmaster.myq/com.chamberlain.myq.features.splashscreen.SplashActivity}" drawable="myq" />

	<!-- NASA -->
	<item component="ComponentInfo{gov.nasa/gov.nasa.MainActivity}" drawable="nasa" />

	<!-- NYT Games -->
	<item component="ComponentInfo{com.nytimes.crossword/com.nytimes.crosswordlib.activity.MainActivity}" drawable="nyt_games" />

	<!-- Onshape -->
	<item component="ComponentInfo{com.onshape.app/com.belmonttech.app.activities.BTSplashActivity}" drawable="onshape" />

	<!-- Pixel Tips -->
	<item component="ComponentInfo{com.google.android.apps.tips/com.google.android.apps.tips.TipsMain}" drawable="pixel_tips" />

	<!-- Remind -->
	<item component="ComponentInfo{com.remind101/com.remind101.splash.SplashActivity}" drawable="remind" />

	<!-- Sensorkraken -->
	<item component="ComponentInfo{org.sensorkraken/org.sensorkraken.MainActivity}" drawable="sensorkraken" />

	<!-- SkyView Free -->
	<item component="ComponentInfo{com.t11.skyviewfree/com.t11.skyview.MainActivity}" drawable="skyview_free" />

	<!-- Stern IC -->
	<item component="ComponentInfo{com.stern.insiderconnected.android/com.stern.insiderconnected.android.MainActivity}" drawable="stern_ic" />

	<!-- Tabs -->
	<item component="ComponentInfo{com.ultimateguitar.tabs/com.ultimateguitar.ugpro.ui.activity.StartUpActivity}" drawable="tabs" />

	<!-- Toybox -->
	<item component="ComponentInfo{com.toybox/com.toybox.MainActivity}" drawable="toybox" />

	<!-- YouCut - Video Editor -->
	<item component="ComponentInfo{com.camerasideas.trimmer/com.camerasideas.instashot.MainActivity}" drawable="youcut_video_editor" />

</resources>