<Theme version="1">

	<!-- AccuBattery -->
	<AppIcon name="com.digibites.accubattery/com.digibites.abatterysaver.BatterySaverActivity" image="accubattery"/>

	<!-- Air Aware -->
	<AppIcon name="ai.aloft.airaware/ai.aloft.airaware.ui.airspace.MainActivity" image="air_aware"/>

	<!-- Alga -->
	<AppIcon name="tech.laihz.alga/tech.laihz.alga.MainActivity" image="alga"/>

	<!-- Brainf -->
	<AppIcon name="com.fredhappyface.brainf/com.fredhappyface.brainf.ActivityMain" image="brainf"/>

	<!-- Chroma -->
	<AppIcon name="cafe.adriel.chroma/cafe.adriel.chroma.view.tuner.TunerActivity" image="chroma"/>

	<!-- Expo Go -->
	<AppIcon name="host.exp.exponent/host.exp.exponent.experience.HomeActivity" image="expo_go"/>

	<!-- Fissure -->
	<AppIcon name="com.workingagenda.fissure/com.workingagenda.fissure.MainActivity" image="fissure"/>

	<!-- Flat -->
	<AppIcon name="com.tutteo.flat/com.tutteo.flat.presentation.activities.MainActivity" image="flat"/>

	<!-- Geekbench 6 -->
	<AppIcon name="com.primatelabs.geekbench6/com.primatelabs.geekbench.HomeActivity" image="geekbench_6"/>

	<!-- Geocaching -->
	<AppIcon name="com.groundspeak.geocaching.intro/com.groundspeak.geocaching.intro.main.MainActivity" image="geocaching"/>

	<!-- HS GPS V5 -->
	<AppIcon name="com.hy.hs_fly2/com.hy.syma.activity.LauncherActivity" image="hs_gps_v5"/>

	<!-- Jamboard -->
	<AppIcon name="com.google.android.apps.jam/com.google.android.apps.jam.jelly.home.HomeActivity" image="jamboard"/>

	<!-- Magnifier -->
	<AppIcon name="com.google.android.apps.accessibility.magnifier/com.google.android.apps.accessibility.magnifier.home.HomeActivity" image="magnifier"/>

	<!-- Metronaut -->
	<AppIcon name="com.antescofo.metronaut/antescofo.metronaut.root.RootActivity" image="metronaut"/>

	<!-- Metronome -->
	<AppIcon name="com.bobek.metronome/com.bobek.metronome.MainActivity" image="metronome"/>

	<!-- myQ -->
	<AppIcon name="com.chamberlain.android.liftmaster.myq/com.chamberlain.myq.features.splashscreen.SplashActivity" image="myq"/>

	<!-- NASA -->
	<AppIcon name="gov.nasa/gov.nasa.MainActivity" image="nasa"/>

	<!-- NYT Games -->
	<AppIcon name="com.nytimes.crossword/com.nytimes.crosswordlib.activity.MainActivity" image="nyt_games"/>

	<!-- Onshape -->
	<AppIcon name="com.onshape.app/com.belmonttech.app.activities.BTSplashActivity" image="onshape"/>

	<!-- Pixel Tips -->
	<AppIcon name="com.google.android.apps.tips/com.google.android.apps.tips.TipsMain" image="pixel_tips"/>

	<!-- Remind -->
	<AppIcon name="com.remind101/com.remind101.splash.SplashActivity" image="remind"/>

	<!-- Sensorkraken -->
	<AppIcon name="org.sensorkraken/org.sensorkraken.MainActivity" image="sensorkraken"/>

	<!-- SkyView Free -->
	<AppIcon name="com.t11.skyviewfree/com.t11.skyview.MainActivity" image="skyview_free"/>

	<!-- Stern IC -->
	<AppIcon name="com.stern.insiderconnected.android/com.stern.insiderconnected.android.MainActivity" image="stern_ic"/>

	<!-- Tabs -->
	<AppIcon name="com.ultimateguitar.tabs/com.ultimateguitar.ugpro.ui.activity.StartUpActivity" image="tabs"/>

	<!-- Toybox -->
	<AppIcon name="com.toybox/com.toybox.MainActivity" image="toybox"/>

	<!-- YouCut - Video Editor -->
	<AppIcon name="com.camerasideas.trimmer/com.camerasideas.instashot.MainActivity" image="youcut_video_editor"/>

</Theme>