<resources>

	<!-- Jazztel TV -->
	<item component="ComponentInfo{com.jazztel.es.jazzteltv/com.orange.es.orangetv.presentation.view.feature.splash.activity.SplashActivity}" drawable="jazztel_tv" />

	<!-- Mi Lowi -->
	<item component="ComponentInfo{com.milowi.app/app.presentation.features.splash.SplashActivity}" drawable="mi_lowi" />

	<!-- Mi Vodafone -->
	<item component="ComponentInfo{es.vodafone.mobile.mivodafone/com.tsse.spain.myvodafone.splash.view.VfSplashActivity}" drawable="mi_vodafone" />

	<!-- Mi Yoigo -->
	<item component="ComponentInfo{com.yoigo.miyoigo/com.ragnarok.apps.ui.base.MainActivity}" drawable="mi_yoigo" />

	<!-- Movistar Plus+ -->
	<item component="ComponentInfo{es.plus.yomvi/com.movistar.android.views.HomeActivity}" drawable="movistar_plus_" />

	<!-- O2 Cloud -->
	<item component="ComponentInfo{es.o2online.cloud/com.funambol.android.activities.AndroidHomeScreen}" drawable="o2_cloud" />

	<!-- simyo -->
	<item component="ComponentInfo{com.simyo/simyo.presentation.features.MainActivity}" drawable="simyo" />

	<!-- WhatWeather -->
	<item component="ComponentInfo{com.kolov.weatherstation/com.kolov.weatherstation.SplashScreenActivity}" drawable="whatweather" />

</resources>