<Theme version="1">

	<!-- Jazztel TV -->
	<AppIcon name="com.jazztel.es.jazzteltv/com.orange.es.orangetv.presentation.view.feature.splash.activity.SplashActivity" image="jazztel_tv"/>

	<!-- Mi Lowi -->
	<AppIcon name="com.milowi.app/app.presentation.features.splash.SplashActivity" image="mi_lowi"/>

	<!-- Mi Vodafone -->
	<AppIcon name="es.vodafone.mobile.mivodafone/com.tsse.spain.myvodafone.splash.view.VfSplashActivity" image="mi_vodafone"/>

	<!-- Mi Yoigo -->
	<AppIcon name="com.yoigo.miyoigo/com.ragnarok.apps.ui.base.MainActivity" image="mi_yoigo"/>

	<!-- Movistar Plus+ -->
	<AppIcon name="es.plus.yomvi/com.movistar.android.views.HomeActivity" image="movistar_plus_"/>

	<!-- O2 Cloud -->
	<AppIcon name="es.o2online.cloud/com.funambol.android.activities.AndroidHomeScreen" image="o2_cloud"/>

	<!-- simyo -->
	<AppIcon name="com.simyo/simyo.presentation.features.MainActivity" image="simyo"/>

	<!-- WhatWeather -->
	<AppIcon name="com.kolov.weatherstation/com.kolov.weatherstation.SplashScreenActivity" image="whatweather"/>

</Theme>