<resources>

	<!-- 2Office -->
	<item component="ComponentInfo{com.tcs.toOffice/com.tcs.toOffice.activities.LoginActivity}" drawable="_2office" />

	<!-- AccumPDF -->
	<item component="ComponentInfo{com.org.jvp7.accumulator_pdfcreator/com.org.jvp7.accumulator_pdfcreator.Start_Activity}" drawable="accumpdf" />

	<!-- Amazon -->
	<item component="ComponentInfo{in.amazon.mShop.android.shopping/com.amazon.mShop.home.HomeActivity}" drawable="amazon" />

	<!-- AniHyou -->
	<item component="ComponentInfo{com.axiel7.anihyou/com.axiel7.anihyou.ui.screens.main.MainActivity}" drawable="anihyou" />

	<!-- App vault -->
	<item component="ComponentInfo{com.mi.globalminusscreen/com.mi.globalminusscreen.MainActivity}" drawable="app_vault" />

	<!-- APSRTC -->
	<item component="ComponentInfo{com.apsrtc.online/com.abhibus.app.apsrtc.MainActivity}" drawable="apsrtc" />

	<!-- Audio Video Factory -->
	<item component="ComponentInfo{com.keerby.formatfactory/com.keerby.formatfactory.launchScreenActivity}" drawable="audio_video_factory" />

	<!-- AudioLab -->
	<item component="ComponentInfo{com.hitrolab.audioeditor/com.hitrolab.audioeditor.MainActivity}" drawable="audiolab" />

	<!-- Authenticator -->
	<item component="ComponentInfo{com.tcs.totp/com.tcs.totp.activity.Splashscreen}" drawable="authenticator" />

	<!-- Blinkit -->
	<item component="ComponentInfo{com.grofers.customerapp/com.grofers.customerapp.DEFAULT}" drawable="blinkit" />

	<!-- boAt Crest -->
	<item component="ComponentInfo{com.coveiot.android.boat/com.coveiot.android.leonardo.onboarding.splash.activities.ActivitySplash}" drawable="boat_crest" />

	<!-- Calculator -->
	<item component="ComponentInfo{all.in.one.calculator/app.calculator.ui.activities.feed.FeedActivity}" drawable="calculator" />

	<!-- Call Log Analytics -->
	<item component="ComponentInfo{com.qohlo.ca/com.qohlo.ca.ui.components.main.MainActivity}" drawable="call_log_analytics" />

	<!-- Camera -->
	<item component="ComponentInfo{com.google.android.apps.cameralite/com.google.android.apps.cameralite.capture.CaptureActivity}" drawable="camera" />

	<!-- Castle -->
	<item component="ComponentInfo{com.external.castle/com.gxgx.daqiandy.ui.splash.SplashActivity}" drawable="castle" />

	<!-- Clock -->
	<item component="ComponentInfo{com.android.deskclock/com.android.deskclock.DeskClockTabActivity}" drawable="clock" />

	<!-- Company Portal -->
	<item component="ComponentInfo{com.microsoft.windowsintune.companyportal/com.microsoft.windowsintune.companyportal.views.SplashActivity}" drawable="company_portal" />

	<!-- Dantotsu β -->
	<item component="ComponentInfo{ani.dantotsu.beta/ani.dantotsu.MainActivity}" drawable="dantotsu_β" />

	<!-- Downloads -->
	<item component="ComponentInfo{com.android.providers.downloads.ui/com.android.providers.downloads.ui.activity.DownloadListEntry}" drawable="downloads" />

	<!-- Drik Panchang -->
	<item component="ComponentInfo{com.drikp.core/com.drikp.core.views.activity.base.DpPanchangActivity}" drawable="drik_panchang" />

	<!-- Electron -->
	<item component="ComponentInfo{com.mahersafadi.electron/com.mahersafadi.electron.MainActivity}" drawable="electron" />

	<!-- EPIK -->
	<item component="ComponentInfo{com.snowcorp.epik/com.yrk.photovision.SplashActivity}" drawable="epik" />

	<!-- Foxit PDF Editor -->
	<item component="ComponentInfo{com.foxit.mobile.pdf.lite/com.fx.app.ui.AppActivity}" drawable="foxit_pdf_editor" />

	<!-- Gallery -->
	<item component="ComponentInfo{com.miui.gallery/com.miui.gallery.activity.HomePageActivity}" drawable="gallery" />

	<!-- Hermit -->
	<item component="ComponentInfo{com.chimbori.hermitcrab/com.chimbori.hermitcrab.AdminActivity}" drawable="hermit" />

	<!-- HungerBox Cafe -->
	<item component="ComponentInfo{com.hungerbox.customer.common/com.hungerbox.customer.prelogin.activity.MainActivity}" drawable="hungerbox_cafe" />

	<!-- Image Toolbox (Resizer) -->
	<item component="ComponentInfo{ru.tech.imageresizershrinker/ru.tech.imageresizershrinker.presentation.AppActivity}" drawable="image_toolbox_resizer_" />

	<!-- Kotatsu -->
	<item component="ComponentInfo{org.koitharu.kotatsu/org.koitharu.kotatsu.main.ui.MainActivity}" drawable="kotatsu" />

	<!-- LTE Cleaner -->
	<item component="ComponentInfo{theredspy15.ltecleanerfoss/theredspy15.ltecleanerfoss.controllers.MainActivity}" drawable="lte_cleaner" />

	<!-- Mappls MapmyIndia -->
	<item component="ComponentInfo{com.mmi.maps/com.mmi.maps.ui.activities.HomeScreenActivity}" drawable="mappls_mapmyindia" />

	<!-- MediBuddy -->
	<item component="ComponentInfo{in.medibuddy/in.medibuddy.ui.splash.SplashActivity}" drawable="medibuddy" />

	<!-- Meesho -->
	<item component="ComponentInfo{com.meesho.supply/com.meesho.supply.main.MainActivity}" drawable="meesho" />

	<!-- Mezo SMS -->
	<item component="ComponentInfo{com.mezo/com.mezo.TestTabs.ActivityBlockVer99}" drawable="mezo_sms" />

	<!-- Mi Remote -->
	<item component="ComponentInfo{com.duokan.phone.remotecontroller/com.xiaomi.mitv.phone.remotecontroller.HoriWidgetMainActivityV2}" drawable="mi_remote" />

	<!-- Nagram -->
	<item component="ComponentInfo{xyz.nextalone.nagram/org.telegram.messenger.DefaultIcon}" drawable="nagram" />

	<!-- Neo Store -->
	<item component="ComponentInfo{com.machiav3lli.fdroid/com.machiav3lli.fdroid.NeoActivity}" drawable="neo_store" />

	<!-- NextDNS -->
	<item component="ComponentInfo{io.nextdns.NextDNS/io.nextdns.NextDNS.MainActivity}" drawable="nextdns" />

	<!-- Notion -->
	<item component="ComponentInfo{notion.id/notion.local.id.MainActivity}" drawable="notion" />

	<!-- Notisave -->
	<item component="ComponentInfo{com.tenqube.notisave/com.tenqube.notisave.presentation.splash.SplashActivity}" drawable="notisave" />

	<!-- OneScore -->
	<item component="ComponentInfo{tech.fplabs.score/tech.fplabs.score.MainActivity}" drawable="onescore" />

	<!-- Pix Material Colors -->
	<item component="ComponentInfo{com.pashapuma.pix.material.color/com.pashapuma.pix.material.color.activities.SplashActivity}" drawable="pix_material_colors" />

	<!-- PlayBox -->
	<item component="ComponentInfo{com.box.app.virtual/com.waxmoon.mobile.module.home.MainActivity}" drawable="playbox" />

	<!-- PowerDirector -->
	<item component="ComponentInfo{com.cyberlink.powerdirector.DRA140225_01/com.cyberlink.powerdirector.splash.SplashActivity}" drawable="powerdirector" />

	<!-- Proton Pass -->
	<item component="ComponentInfo{proton.android.pass/proton.android.pass.ui.MainActivity}" drawable="proton_pass" />

	<!-- Raindrop -->
	<item component="ComponentInfo{io.raindrop.raindropio/io.raindrop.raindropio.MainActivity}" drawable="raindrop" />

	<!-- Search Duplicate File -->
	<item component="ComponentInfo{com.needjava.findersuper/com.needjava.findersuper.MainActivity}" drawable="search_duplicate_file" />

	<!-- Smart Tools -->
	<item component="ComponentInfo{com.droidfoundry.tools/com.droidfoundry.tools.MainActivity}" drawable="smart_tools" />

	<!-- SPEED -->
	<item component="ComponentInfo{com.tcs.speed/com.tcs.speed.mframelogin.LoginActivity}" drawable="speed" />

	<!-- Tata Neu -->
	<item component="ComponentInfo{com.tatadigital.tcp/com.tatadigital.tcp.MainActivity}" drawable="tata_neu" />

	<!-- Testy -->
	<item component="ComponentInfo{com.robertlevonyan.testy/com.robertlevonyan.testy.base.MainActivity}" drawable="testy" />

	<!-- Timesheet -->
	<item component="ComponentInfo{com.tcs.ipms/com.tcs.ipms.MainActivity}" drawable="timesheet" />

	<!-- Tooly -->
	<item component="ComponentInfo{com.yousx.thetoolsapp/com.yousx.thetoolsapp.SplashScreenActivity}" drawable="tooly" />

	<!-- UMANG -->
	<item component="ComponentInfo{in.gov.umang.negd.g2c/in.gov.umang.negd.g2c.kotlin.ui.splash.SplashActivity}" drawable="umang" />

	<!-- Unlim Cloud -->
	<item component="ComponentInfo{com.kratosle.unlim/com.kratosle.unlim.scenes.login.LoginScene}" drawable="unlim_cloud" />

	<!-- Ux Apps -->
	<item component="ComponentInfo{com.tcs.android.tcsappstore/com.tcs.android.tcsappstore.activities.SplashActivity}" drawable="ux_apps" />

	<!-- Video Maker -->
	<item component="ComponentInfo{videoeditor.videomaker.videoeditorforyoutube/com.camerasideas.instashot.main.MainActivity}" drawable="video_maker" />

	<!-- Vocal Remover -->
	<item component="ComponentInfo{ai.vocal.remover.splitter.karaoke.instrumental/ai.vocal.remover.splitter.ui.activity.MainActivity}" drawable="vocal_remover" />

	<!-- Vyom -->
	<item component="ComponentInfo{com.infrasoft.uboi/com.infrasoft.uboi.VyomProdNovUIUX}" drawable="vyom" />

	<!-- WoodBox -->
	<item component="ComponentInfo{com.One.WoodenLetter/com.One.WoodenLetter.LauncherIconOLDV7}" drawable="woodbox" />

</resources>