<appmap>

	<!-- 2Office -->
	<item class="com.tcs.toOffice.activities.LoginActivity" name="_2office"/>

	<!-- AccumPDF -->
	<item class="com.org.jvp7.accumulator_pdfcreator.Start_Activity" name="accumpdf"/>

	<!-- Amazon -->
	<item class="com.amazon.mShop.home.HomeActivity" name="amazon"/>

	<!-- AniHyou -->
	<item class="com.axiel7.anihyou.ui.screens.main.MainActivity" name="anihyou"/>

	<!-- App vault -->
	<item class="com.mi.globalminusscreen.MainActivity" name="app_vault"/>

	<!-- APSRTC -->
	<item class="com.abhibus.app.apsrtc.MainActivity" name="apsrtc"/>

	<!-- Audio Video Factory -->
	<item class="com.keerby.formatfactory.launchScreenActivity" name="audio_video_factory"/>

	<!-- AudioLab -->
	<item class="com.hitrolab.audioeditor.MainActivity" name="audiolab"/>

	<!-- Authenticator -->
	<item class="com.tcs.totp.activity.Splashscreen" name="authenticator"/>

	<!-- Blinkit -->
	<item class="com.grofers.customerapp.DEFAULT" name="blinkit"/>

	<!-- boAt Crest -->
	<item class="com.coveiot.android.leonardo.onboarding.splash.activities.ActivitySplash" name="boat_crest"/>

	<!-- Calculator -->
	<item class="app.calculator.ui.activities.feed.FeedActivity" name="calculator"/>

	<!-- Call Log Analytics -->
	<item class="com.qohlo.ca.ui.components.main.MainActivity" name="call_log_analytics"/>

	<!-- Camera -->
	<item class="com.google.android.apps.cameralite.capture.CaptureActivity" name="camera"/>

	<!-- Castle -->
	<item class="com.gxgx.daqiandy.ui.splash.SplashActivity" name="castle"/>

	<!-- Clock -->
	<item class="com.android.deskclock.DeskClockTabActivity" name="clock"/>

	<!-- Company Portal -->
	<item class="com.microsoft.windowsintune.companyportal.views.SplashActivity" name="company_portal"/>

	<!-- Dantotsu β -->
	<item class="ani.dantotsu.MainActivity" name="dantotsu_β"/>

	<!-- Downloads -->
	<item class="com.android.providers.downloads.ui.activity.DownloadListEntry" name="downloads"/>

	<!-- Drik Panchang -->
	<item class="com.drikp.core.views.activity.base.DpPanchangActivity" name="drik_panchang"/>

	<!-- Electron -->
	<item class="com.mahersafadi.electron.MainActivity" name="electron"/>

	<!-- EPIK -->
	<item class="com.yrk.photovision.SplashActivity" name="epik"/>

	<!-- Foxit PDF Editor -->
	<item class="com.fx.app.ui.AppActivity" name="foxit_pdf_editor"/>

	<!-- Gallery -->
	<item class="com.miui.gallery.activity.HomePageActivity" name="gallery"/>

	<!-- Hermit -->
	<item class="com.chimbori.hermitcrab.AdminActivity" name="hermit"/>

	<!-- HungerBox Cafe -->
	<item class="com.hungerbox.customer.prelogin.activity.MainActivity" name="hungerbox_cafe"/>

	<!-- Image Toolbox (Resizer) -->
	<item class="ru.tech.imageresizershrinker.presentation.AppActivity" name="image_toolbox_resizer_"/>

	<!-- Kotatsu -->
	<item class="org.koitharu.kotatsu.main.ui.MainActivity" name="kotatsu"/>

	<!-- LTE Cleaner -->
	<item class="theredspy15.ltecleanerfoss.controllers.MainActivity" name="lte_cleaner"/>

	<!-- Mappls MapmyIndia -->
	<item class="com.mmi.maps.ui.activities.HomeScreenActivity" name="mappls_mapmyindia"/>

	<!-- MediBuddy -->
	<item class="in.medibuddy.ui.splash.SplashActivity" name="medibuddy"/>

	<!-- Meesho -->
	<item class="com.meesho.supply.main.MainActivity" name="meesho"/>

	<!-- Mezo SMS -->
	<item class="com.mezo.TestTabs.ActivityBlockVer99" name="mezo_sms"/>

	<!-- Mi Remote -->
	<item class="com.xiaomi.mitv.phone.remotecontroller.HoriWidgetMainActivityV2" name="mi_remote"/>

	<!-- Nagram -->
	<item class="org.telegram.messenger.DefaultIcon" name="nagram"/>

	<!-- Neo Store -->
	<item class="com.machiav3lli.fdroid.NeoActivity" name="neo_store"/>

	<!-- NextDNS -->
	<item class="io.nextdns.NextDNS.MainActivity" name="nextdns"/>

	<!-- Notion -->
	<item class="notion.local.id.MainActivity" name="notion"/>

	<!-- Notisave -->
	<item class="com.tenqube.notisave.presentation.splash.SplashActivity" name="notisave"/>

	<!-- OneScore -->
	<item class="tech.fplabs.score.MainActivity" name="onescore"/>

	<!-- Pix Material Colors -->
	<item class="com.pashapuma.pix.material.color.activities.SplashActivity" name="pix_material_colors"/>

	<!-- PlayBox -->
	<item class="com.waxmoon.mobile.module.home.MainActivity" name="playbox"/>

	<!-- PowerDirector -->
	<item class="com.cyberlink.powerdirector.splash.SplashActivity" name="powerdirector"/>

	<!-- Proton Pass -->
	<item class="proton.android.pass.ui.MainActivity" name="proton_pass"/>

	<!-- Raindrop -->
	<item class="io.raindrop.raindropio.MainActivity" name="raindrop"/>

	<!-- Search Duplicate File -->
	<item class="com.needjava.findersuper.MainActivity" name="search_duplicate_file"/>

	<!-- Smart Tools -->
	<item class="com.droidfoundry.tools.MainActivity" name="smart_tools"/>

	<!-- SPEED -->
	<item class="com.tcs.speed.mframelogin.LoginActivity" name="speed"/>

	<!-- Tata Neu -->
	<item class="com.tatadigital.tcp.MainActivity" name="tata_neu"/>

	<!-- Testy -->
	<item class="com.robertlevonyan.testy.base.MainActivity" name="testy"/>

	<!-- Timesheet -->
	<item class="com.tcs.ipms.MainActivity" name="timesheet"/>

	<!-- Tooly -->
	<item class="com.yousx.thetoolsapp.SplashScreenActivity" name="tooly"/>

	<!-- UMANG -->
	<item class="in.gov.umang.negd.g2c.kotlin.ui.splash.SplashActivity" name="umang"/>

	<!-- Unlim Cloud -->
	<item class="com.kratosle.unlim.scenes.login.LoginScene" name="unlim_cloud"/>

	<!-- Ux Apps -->
	<item class="com.tcs.android.tcsappstore.activities.SplashActivity" name="ux_apps"/>

	<!-- Video Maker -->
	<item class="com.camerasideas.instashot.main.MainActivity" name="video_maker"/>

	<!-- Vocal Remover -->
	<item class="ai.vocal.remover.splitter.ui.activity.MainActivity" name="vocal_remover"/>

	<!-- Vyom -->
	<item class="com.infrasoft.uboi.VyomProdNovUIUX" name="vyom"/>

	<!-- WoodBox -->
	<item class="com.One.WoodenLetter.LauncherIconOLDV7" name="woodbox"/>

</appmap>