<Theme version="1">

	<!-- 2Office -->
	<AppIcon name="com.tcs.toOffice/com.tcs.toOffice.activities.LoginActivity" image="_2office"/>

	<!-- AccumPDF -->
	<AppIcon name="com.org.jvp7.accumulator_pdfcreator/com.org.jvp7.accumulator_pdfcreator.Start_Activity" image="accumpdf"/>

	<!-- Amazon -->
	<AppIcon name="in.amazon.mShop.android.shopping/com.amazon.mShop.home.HomeActivity" image="amazon"/>

	<!-- AniHyou -->
	<AppIcon name="com.axiel7.anihyou/com.axiel7.anihyou.ui.screens.main.MainActivity" image="anihyou"/>

	<!-- App vault -->
	<AppIcon name="com.mi.globalminusscreen/com.mi.globalminusscreen.MainActivity" image="app_vault"/>

	<!-- APSRTC -->
	<AppIcon name="com.apsrtc.online/com.abhibus.app.apsrtc.MainActivity" image="apsrtc"/>

	<!-- Audio Video Factory -->
	<AppIcon name="com.keerby.formatfactory/com.keerby.formatfactory.launchScreenActivity" image="audio_video_factory"/>

	<!-- AudioLab -->
	<AppIcon name="com.hitrolab.audioeditor/com.hitrolab.audioeditor.MainActivity" image="audiolab"/>

	<!-- Authenticator -->
	<AppIcon name="com.tcs.totp/com.tcs.totp.activity.Splashscreen" image="authenticator"/>

	<!-- Blinkit -->
	<AppIcon name="com.grofers.customerapp/com.grofers.customerapp.DEFAULT" image="blinkit"/>

	<!-- boAt Crest -->
	<AppIcon name="com.coveiot.android.boat/com.coveiot.android.leonardo.onboarding.splash.activities.ActivitySplash" image="boat_crest"/>

	<!-- Calculator -->
	<AppIcon name="all.in.one.calculator/app.calculator.ui.activities.feed.FeedActivity" image="calculator"/>

	<!-- Call Log Analytics -->
	<AppIcon name="com.qohlo.ca/com.qohlo.ca.ui.components.main.MainActivity" image="call_log_analytics"/>

	<!-- Camera -->
	<AppIcon name="com.google.android.apps.cameralite/com.google.android.apps.cameralite.capture.CaptureActivity" image="camera"/>

	<!-- Castle -->
	<AppIcon name="com.external.castle/com.gxgx.daqiandy.ui.splash.SplashActivity" image="castle"/>

	<!-- Clock -->
	<AppIcon name="com.android.deskclock/com.android.deskclock.DeskClockTabActivity" image="clock"/>

	<!-- Company Portal -->
	<AppIcon name="com.microsoft.windowsintune.companyportal/com.microsoft.windowsintune.companyportal.views.SplashActivity" image="company_portal"/>

	<!-- Dantotsu β -->
	<AppIcon name="ani.dantotsu.beta/ani.dantotsu.MainActivity" image="dantotsu_β"/>

	<!-- Downloads -->
	<AppIcon name="com.android.providers.downloads.ui/com.android.providers.downloads.ui.activity.DownloadListEntry" image="downloads"/>

	<!-- Drik Panchang -->
	<AppIcon name="com.drikp.core/com.drikp.core.views.activity.base.DpPanchangActivity" image="drik_panchang"/>

	<!-- Electron -->
	<AppIcon name="com.mahersafadi.electron/com.mahersafadi.electron.MainActivity" image="electron"/>

	<!-- EPIK -->
	<AppIcon name="com.snowcorp.epik/com.yrk.photovision.SplashActivity" image="epik"/>

	<!-- Foxit PDF Editor -->
	<AppIcon name="com.foxit.mobile.pdf.lite/com.fx.app.ui.AppActivity" image="foxit_pdf_editor"/>

	<!-- Gallery -->
	<AppIcon name="com.miui.gallery/com.miui.gallery.activity.HomePageActivity" image="gallery"/>

	<!-- Hermit -->
	<AppIcon name="com.chimbori.hermitcrab/com.chimbori.hermitcrab.AdminActivity" image="hermit"/>

	<!-- HungerBox Cafe -->
	<AppIcon name="com.hungerbox.customer.common/com.hungerbox.customer.prelogin.activity.MainActivity" image="hungerbox_cafe"/>

	<!-- Image Toolbox (Resizer) -->
	<AppIcon name="ru.tech.imageresizershrinker/ru.tech.imageresizershrinker.presentation.AppActivity" image="image_toolbox_resizer_"/>

	<!-- Kotatsu -->
	<AppIcon name="org.koitharu.kotatsu/org.koitharu.kotatsu.main.ui.MainActivity" image="kotatsu"/>

	<!-- LTE Cleaner -->
	<AppIcon name="theredspy15.ltecleanerfoss/theredspy15.ltecleanerfoss.controllers.MainActivity" image="lte_cleaner"/>

	<!-- Mappls MapmyIndia -->
	<AppIcon name="com.mmi.maps/com.mmi.maps.ui.activities.HomeScreenActivity" image="mappls_mapmyindia"/>

	<!-- MediBuddy -->
	<AppIcon name="in.medibuddy/in.medibuddy.ui.splash.SplashActivity" image="medibuddy"/>

	<!-- Meesho -->
	<AppIcon name="com.meesho.supply/com.meesho.supply.main.MainActivity" image="meesho"/>

	<!-- Mezo SMS -->
	<AppIcon name="com.mezo/com.mezo.TestTabs.ActivityBlockVer99" image="mezo_sms"/>

	<!-- Mi Remote -->
	<AppIcon name="com.duokan.phone.remotecontroller/com.xiaomi.mitv.phone.remotecontroller.HoriWidgetMainActivityV2" image="mi_remote"/>

	<!-- Nagram -->
	<AppIcon name="xyz.nextalone.nagram/org.telegram.messenger.DefaultIcon" image="nagram"/>

	<!-- Neo Store -->
	<AppIcon name="com.machiav3lli.fdroid/com.machiav3lli.fdroid.NeoActivity" image="neo_store"/>

	<!-- NextDNS -->
	<AppIcon name="io.nextdns.NextDNS/io.nextdns.NextDNS.MainActivity" image="nextdns"/>

	<!-- Notion -->
	<AppIcon name="notion.id/notion.local.id.MainActivity" image="notion"/>

	<!-- Notisave -->
	<AppIcon name="com.tenqube.notisave/com.tenqube.notisave.presentation.splash.SplashActivity" image="notisave"/>

	<!-- OneScore -->
	<AppIcon name="tech.fplabs.score/tech.fplabs.score.MainActivity" image="onescore"/>

	<!-- Pix Material Colors -->
	<AppIcon name="com.pashapuma.pix.material.color/com.pashapuma.pix.material.color.activities.SplashActivity" image="pix_material_colors"/>

	<!-- PlayBox -->
	<AppIcon name="com.box.app.virtual/com.waxmoon.mobile.module.home.MainActivity" image="playbox"/>

	<!-- PowerDirector -->
	<AppIcon name="com.cyberlink.powerdirector.DRA140225_01/com.cyberlink.powerdirector.splash.SplashActivity" image="powerdirector"/>

	<!-- Proton Pass -->
	<AppIcon name="proton.android.pass/proton.android.pass.ui.MainActivity" image="proton_pass"/>

	<!-- Raindrop -->
	<AppIcon name="io.raindrop.raindropio/io.raindrop.raindropio.MainActivity" image="raindrop"/>

	<!-- Search Duplicate File -->
	<AppIcon name="com.needjava.findersuper/com.needjava.findersuper.MainActivity" image="search_duplicate_file"/>

	<!-- Smart Tools -->
	<AppIcon name="com.droidfoundry.tools/com.droidfoundry.tools.MainActivity" image="smart_tools"/>

	<!-- SPEED -->
	<AppIcon name="com.tcs.speed/com.tcs.speed.mframelogin.LoginActivity" image="speed"/>

	<!-- Tata Neu -->
	<AppIcon name="com.tatadigital.tcp/com.tatadigital.tcp.MainActivity" image="tata_neu"/>

	<!-- Testy -->
	<AppIcon name="com.robertlevonyan.testy/com.robertlevonyan.testy.base.MainActivity" image="testy"/>

	<!-- Timesheet -->
	<AppIcon name="com.tcs.ipms/com.tcs.ipms.MainActivity" image="timesheet"/>

	<!-- Tooly -->
	<AppIcon name="com.yousx.thetoolsapp/com.yousx.thetoolsapp.SplashScreenActivity" image="tooly"/>

	<!-- UMANG -->
	<AppIcon name="in.gov.umang.negd.g2c/in.gov.umang.negd.g2c.kotlin.ui.splash.SplashActivity" image="umang"/>

	<!-- Unlim Cloud -->
	<AppIcon name="com.kratosle.unlim/com.kratosle.unlim.scenes.login.LoginScene" image="unlim_cloud"/>

	<!-- Ux Apps -->
	<AppIcon name="com.tcs.android.tcsappstore/com.tcs.android.tcsappstore.activities.SplashActivity" image="ux_apps"/>

	<!-- Video Maker -->
	<AppIcon name="videoeditor.videomaker.videoeditorforyoutube/com.camerasideas.instashot.main.MainActivity" image="video_maker"/>

	<!-- Vocal Remover -->
	<AppIcon name="ai.vocal.remover.splitter.karaoke.instrumental/ai.vocal.remover.splitter.ui.activity.MainActivity" image="vocal_remover"/>

	<!-- Vyom -->
	<AppIcon name="com.infrasoft.uboi/com.infrasoft.uboi.VyomProdNovUIUX" image="vyom"/>

	<!-- WoodBox -->
	<AppIcon name="com.One.WoodenLetter/com.One.WoodenLetter.LauncherIconOLDV7" image="woodbox"/>

</Theme>