<resources>

	<!-- CK Club -->
	<item component="ComponentInfo{com.app.ckvietnam/com.app.SplashScreenActivity}" drawable="ck_club" />

	<!-- Cờ Ziga -->
	<item component="ComponentInfo{ziga.cotuong.coup/org.cocos2dx.javascript.AppActivity}" drawable="co_ziga" />

	<!-- Connect -->
	<item component="ComponentInfo{com.garmin.android.apps.connectmobile/com.garmin.android.apps.connectmobile.GCMActivityStartup}" drawable="connect" />

	<!-- De-Bloater -->
	<item component="ComponentInfo{com.sunilpaulmathew.debloater/com.sunilpaulmathew.debloater.activities.StartActivity}" drawable="de_bloater" />

	<!-- EZVIZ -->
	<item component="ComponentInfo{com.ezviz/com.ezviz.main.LoadingActivity}" drawable="ezviz" />

	<!-- Family Link -->
	<item component="ComponentInfo{com.google.android.apps.kids.familylink/com.google.android.apps.kids.familylink.flutter.standalone.HomeActivity}" drawable="family_link" />

	<!-- FamiPoint -->
	<item component="ComponentInfo{jp.co.toshiba.famipoint.membership.mobile.android/jp.co.toshiba.famipoint.membership.mobile.android.MainActivity}" drawable="famipoint" />

	<!-- Fp Downloader -->
	<item component="ComponentInfo{com.fp.downloader/net.dinglisch.android.taskerm.Kid}" drawable="fp_downloader" />

	<!-- GiotMauVang -->
	<item component="ComponentInfo{vn.intelin.giotmauvang/vn.intelin.giotmauvang.view.splash_screen.SplashScreenActivity}" drawable="giotmauvang" />

	<!-- Hi FPT -->
	<item component="ComponentInfo{com.rad.hifpt/com.rad.hifpt.screens_boarding.activities.BeginApplicationActivity}" drawable="hi_fpt" />

	<!-- Mahjong -->
	<item component="ComponentInfo{com.microsoft.mahjong/com.smokingguninc.engine.framework.SgiLauncherActivity}" drawable="mahjong" />

	<!-- Mi Home -->
	<item component="ComponentInfo{com.xiaomi.smarthome/com.xiaomi.smarthome.SmartHomeMainActivity}" drawable="mi_home" />

	<!-- Minesweeper Pro -->
	<item component="ComponentInfo{mindware.minegamespro/mindware.minegamespro.main}" drawable="minesweeper_pro" />

	<!-- MoMo -->
	<item component="ComponentInfo{com.mservice.momotransfer/vn.momo.platform.entry.MainActivity}" drawable="momo" />

	<!-- MRepo -->
	<item component="ComponentInfo{com.sanmer.mrepo/com.sanmer.mrepo.ui.activity.MainActivity}" drawable="mrepo" />

	<!-- Music -->
	<item component="ComponentInfo{com.maxfour.music/com.maxfour.music.ui.activities.MainActivity}" drawable="music" />

	<!-- Pixel Xpert -->
	<item component="ComponentInfo{sh.siava.pixelxpert/sh.siava.pixelxpert.SplashScreenActivityNormalIcon}" drawable="pixel_xpert" />

	<!-- Plants vs. Zombies FREE -->
	<item component="ComponentInfo{com.ea.game.pvzfree_row/com.ea.game.pvzfree_row.PvZActivity}" drawable="plants_vs_zombies_free" />

	<!-- Remote Desktop -->
	<item component="ComponentInfo{com.google.chromeremotedesktop/com.google.remoting.androidwrapper.MainActivity}" drawable="remote_desktop" />

	<!-- Shopee -->
	<item component="ComponentInfo{com.shopee.vn/com.shopee.app.ui.home.HomeActivity_}" drawable="shopee" />

	<!-- TB Checker -->
	<item component="ComponentInfo{krypton.tbsafetychecker/krypton.tbsafetychecker.main.MainActivity}" drawable="tb_checker" />

	<!-- TGɾαɱHσσƙʂ -->
	<item component="ComponentInfo{com.simo.tgramhooks/com.simo.tgramhooks.splash}" drawable="tgɾαɱhσσƙʂ" />

	<!-- TTV -->
	<item component="ComponentInfo{com.book.truyen.tangthuvien/com.book.truyen.tangthuvien.ui.splash.SplashAct}" drawable="ttv" />

	<!-- Viettel Money -->
	<item component="ComponentInfo{com.bplus.vtpay/com.bplus.vtpay.activity.SplashScreen}" drawable="viettel_money" />

	<!-- Viral -->
	<item component="ComponentInfo{vintage.icon.pack.ddt/vintage.icon.pack.ddt.MainActivity}" drawable="viral" />

	<!-- VssID -->
	<item component="ComponentInfo{com.bhxhapp/com.bhxhapp.MainActivity}" drawable="vssid" />

	<!-- Wattpad -->
	<item component="ComponentInfo{wp.wattpad/wp.wattpad.ui.activities.LoginActivity}" drawable="wattpad" />

	<!-- yoyoschool -->
	<item component="ComponentInfo{com.yoyoschool/com.yoyoschool.MainActivity}" drawable="yoyoschool" />

	<!-- Zalo -->
	<item component="ComponentInfo{com.zing.zalo/com.zing.zalo.ui.SplashActivity}" drawable="zalo" />

</resources>