<appmap>

	<!-- CK Club -->
	<item class="com.app.SplashScreenActivity" name="ck_club"/>

	<!-- Cờ Ziga -->
	<item class="org.cocos2dx.javascript.AppActivity" name="co_ziga"/>

	<!-- Connect -->
	<item class="com.garmin.android.apps.connectmobile.GCMActivityStartup" name="connect"/>

	<!-- De-Bloater -->
	<item class="com.sunilpaulmathew.debloater.activities.StartActivity" name="de_bloater"/>

	<!-- EZVIZ -->
	<item class="com.ezviz.main.LoadingActivity" name="ezviz"/>

	<!-- Family Link -->
	<item class="com.google.android.apps.kids.familylink.flutter.standalone.HomeActivity" name="family_link"/>

	<!-- FamiPoint -->
	<item class="jp.co.toshiba.famipoint.membership.mobile.android.MainActivity" name="famipoint"/>

	<!-- Fp Downloader -->
	<item class="net.dinglisch.android.taskerm.Kid" name="fp_downloader"/>

	<!-- GiotMauVang -->
	<item class="vn.intelin.giotmauvang.view.splash_screen.SplashScreenActivity" name="giotmauvang"/>

	<!-- Hi FPT -->
	<item class="com.rad.hifpt.screens_boarding.activities.BeginApplicationActivity" name="hi_fpt"/>

	<!-- Mahjong -->
	<item class="com.smokingguninc.engine.framework.SgiLauncherActivity" name="mahjong"/>

	<!-- Mi Home -->
	<item class="com.xiaomi.smarthome.SmartHomeMainActivity" name="mi_home"/>

	<!-- Minesweeper Pro -->
	<item class="mindware.minegamespro.main" name="minesweeper_pro"/>

	<!-- MoMo -->
	<item class="vn.momo.platform.entry.MainActivity" name="momo"/>

	<!-- MRepo -->
	<item class="com.sanmer.mrepo.ui.activity.MainActivity" name="mrepo"/>

	<!-- Music -->
	<item class="com.maxfour.music.ui.activities.MainActivity" name="music"/>

	<!-- Pixel Xpert -->
	<item class="sh.siava.pixelxpert.SplashScreenActivityNormalIcon" name="pixel_xpert"/>

	<!-- Plants vs. Zombies FREE -->
	<item class="com.ea.game.pvzfree_row.PvZActivity" name="plants_vs_zombies_free"/>

	<!-- Remote Desktop -->
	<item class="com.google.remoting.androidwrapper.MainActivity" name="remote_desktop"/>

	<!-- Shopee -->
	<item class="com.shopee.app.ui.home.HomeActivity_" name="shopee"/>

	<!-- TB Checker -->
	<item class="krypton.tbsafetychecker.main.MainActivity" name="tb_checker"/>

	<!-- TGɾαɱHσσƙʂ -->
	<item class="com.simo.tgramhooks.splash" name="tgɾαɱhσσƙʂ"/>

	<!-- TTV -->
	<item class="com.book.truyen.tangthuvien.ui.splash.SplashAct" name="ttv"/>

	<!-- Viettel Money -->
	<item class="com.bplus.vtpay.activity.SplashScreen" name="viettel_money"/>

	<!-- Viral -->
	<item class="vintage.icon.pack.ddt.MainActivity" name="viral"/>

	<!-- VssID -->
	<item class="com.bhxhapp.MainActivity" name="vssid"/>

	<!-- Wattpad -->
	<item class="wp.wattpad.ui.activities.LoginActivity" name="wattpad"/>

	<!-- yoyoschool -->
	<item class="com.yoyoschool.MainActivity" name="yoyoschool"/>

	<!-- Zalo -->
	<item class="com.zing.zalo.ui.SplashActivity" name="zalo"/>

</appmap>