<Theme version="1">

	<!-- CK Club -->
	<AppIcon name="com.app.ckvietnam/com.app.SplashScreenActivity" image="ck_club"/>

	<!-- Cờ Ziga -->
	<AppIcon name="ziga.cotuong.coup/org.cocos2dx.javascript.AppActivity" image="co_ziga"/>

	<!-- Connect -->
	<AppIcon name="com.garmin.android.apps.connectmobile/com.garmin.android.apps.connectmobile.GCMActivityStartup" image="connect"/>

	<!-- De-Bloater -->
	<AppIcon name="com.sunilpaulmathew.debloater/com.sunilpaulmathew.debloater.activities.StartActivity" image="de_bloater"/>

	<!-- EZVIZ -->
	<AppIcon name="com.ezviz/com.ezviz.main.LoadingActivity" image="ezviz"/>

	<!-- Family Link -->
	<AppIcon name="com.google.android.apps.kids.familylink/com.google.android.apps.kids.familylink.flutter.standalone.HomeActivity" image="family_link"/>

	<!-- FamiPoint -->
	<AppIcon name="jp.co.toshiba.famipoint.membership.mobile.android/jp.co.toshiba.famipoint.membership.mobile.android.MainActivity" image="famipoint"/>

	<!-- Fp Downloader -->
	<AppIcon name="com.fp.downloader/net.dinglisch.android.taskerm.Kid" image="fp_downloader"/>

	<!-- GiotMauVang -->
	<AppIcon name="vn.intelin.giotmauvang/vn.intelin.giotmauvang.view.splash_screen.SplashScreenActivity" image="giotmauvang"/>

	<!-- Hi FPT -->
	<AppIcon name="com.rad.hifpt/com.rad.hifpt.screens_boarding.activities.BeginApplicationActivity" image="hi_fpt"/>

	<!-- Mahjong -->
	<AppIcon name="com.microsoft.mahjong/com.smokingguninc.engine.framework.SgiLauncherActivity" image="mahjong"/>

	<!-- Mi Home -->
	<AppIcon name="com.xiaomi.smarthome/com.xiaomi.smarthome.SmartHomeMainActivity" image="mi_home"/>

	<!-- Minesweeper Pro -->
	<AppIcon name="mindware.minegamespro/mindware.minegamespro.main" image="minesweeper_pro"/>

	<!-- MoMo -->
	<AppIcon name="com.mservice.momotransfer/vn.momo.platform.entry.MainActivity" image="momo"/>

	<!-- MRepo -->
	<AppIcon name="com.sanmer.mrepo/com.sanmer.mrepo.ui.activity.MainActivity" image="mrepo"/>

	<!-- Music -->
	<AppIcon name="com.maxfour.music/com.maxfour.music.ui.activities.MainActivity" image="music"/>

	<!-- Pixel Xpert -->
	<AppIcon name="sh.siava.pixelxpert/sh.siava.pixelxpert.SplashScreenActivityNormalIcon" image="pixel_xpert"/>

	<!-- Plants vs. Zombies FREE -->
	<AppIcon name="com.ea.game.pvzfree_row/com.ea.game.pvzfree_row.PvZActivity" image="plants_vs_zombies_free"/>

	<!-- Remote Desktop -->
	<AppIcon name="com.google.chromeremotedesktop/com.google.remoting.androidwrapper.MainActivity" image="remote_desktop"/>

	<!-- Shopee -->
	<AppIcon name="com.shopee.vn/com.shopee.app.ui.home.HomeActivity_" image="shopee"/>

	<!-- TB Checker -->
	<AppIcon name="krypton.tbsafetychecker/krypton.tbsafetychecker.main.MainActivity" image="tb_checker"/>

	<!-- TGɾαɱHσσƙʂ -->
	<AppIcon name="com.simo.tgramhooks/com.simo.tgramhooks.splash" image="tgɾαɱhσσƙʂ"/>

	<!-- TTV -->
	<AppIcon name="com.book.truyen.tangthuvien/com.book.truyen.tangthuvien.ui.splash.SplashAct" image="ttv"/>

	<!-- Viettel Money -->
	<AppIcon name="com.bplus.vtpay/com.bplus.vtpay.activity.SplashScreen" image="viettel_money"/>

	<!-- Viral -->
	<AppIcon name="vintage.icon.pack.ddt/vintage.icon.pack.ddt.MainActivity" image="viral"/>

	<!-- VssID -->
	<AppIcon name="com.bhxhapp/com.bhxhapp.MainActivity" image="vssid"/>

	<!-- Wattpad -->
	<AppIcon name="wp.wattpad/wp.wattpad.ui.activities.LoginActivity" image="wattpad"/>

	<!-- yoyoschool -->
	<AppIcon name="com.yoyoschool/com.yoyoschool.MainActivity" image="yoyoschool"/>

	<!-- Zalo -->
	<AppIcon name="com.zing.zalo/com.zing.zalo.ui.SplashActivity" image="zalo"/>

</Theme>