<appmap>

	<!-- Adobe Fill & Sign -->
	<item class="com.adobe.fas.Home.FillAndSign" name="adobe_fill_and_sign"/>

	<!-- Alibaba.com -->
	<item class="com.alibaba.intl.android.apps.poseidon.app.activity.ActivityMainMaterial" name="alibabacom"/>

	<!-- Blockchain -->
	<item class="piuk.blockchain.android.ui.launcher.LauncherActivity" name="blockchain"/>

	<!-- Booking.com -->
	<item class="com.booking.startup.HomeActivity" name="bookingcom"/>

	<!-- Credit Karma -->
	<item class="com.creditkarma.mobile.welcome.ui.WelcomeActivity" name="credit_karma"/>

	<!-- Credit One -->
	<item class="com.creditonebank.mobile.phase3.onboarding.activity.SplashScreen" name="credit_one"/>

	<!-- DoorDash -->
	<item class="com.doordash.consumer.ui.login.LauncherActivity" name="doordash"/>

	<!-- Dunkin' -->
	<item class="com.cardfree.android.dunkindonuts.activities.LauncherActivity" name="dunkin"/>

	<!-- Expedia -->
	<item class="com.expedia.bookings.activity.SearchActivity" name="expedia"/>

	<!-- FirstProgress -->
	<item class="com.firstprogress.ui.splash.SplashActivity" name="firstprogress"/>

	<!-- Gaming Hub -->
	<item class="com.samsung.android.game.gamehome.app.MainActivity" name="gaming_hub"/>

	<!-- glinet -->
	<item class="xyz.goodcloud.glinet.MainActivity" name="glinet"/>

	<!-- Global Goals -->
	<item class="com.samsung.sree.ui.MainActivity" name="global_goals"/>

	<!-- Govee Home -->
	<item class="com.govee.home.HomeActivity" name="govee_home"/>

	<!-- Health -->
	<item class="com.samsung.android.app.shealth.home.HomeMainActivity" name="health"/>

	<!-- Hotels.com -->
	<item class="com.expedia.bookings.activity.SearchActivity" name="hotelscom"/>

	<!-- IHOP -->
	<item class="com.wearehathway.apps.NomNomStock.Views.Splash.SplashActivity" name="ihop"/>

	<!-- Instacart -->
	<item class="com.instacart.client.browse.ICBrowseActivity" name="instacart"/>

	<!-- Latch -->
	<item class="com.latch.android.latchapp.screen.splash.SplashActivity" name="latch"/>

	<!-- Lyft -->
	<item class="me.lyft.android.ui.MainActivity" name="lyft"/>

	<!-- McAfee Security -->
	<item class="com.android.mcafee.ui.framework.BaseActivity" name="mcafee_security"/>

	<!-- Mission Lane -->
	<item class="com.lcard_app.MainActivity" name="mission_lane"/>

	<!-- MoneyLion -->
	<item class="com.moneylion.MainActivityDefault" name="moneylion"/>

	<!-- Nanoleaf -->
	<item class="me.nanoleaf.nanoleaf.activities.SplashActivity" name="nanoleaf"/>

	<!-- Nest -->
	<item class="com.obsidian.v4.activity.LoginActivity" name="nest"/>

	<!-- NewsBreak -->
	<item class="com.particlemedia.ui.guide.UserGuideActivity" name="newsbreak"/>

	<!-- OfferUp -->
	<item class="com.offerup.MainActivity" name="offerup"/>

	<!-- Pandora -->
	<item class="com.pandora.android.LauncherActivity" name="pandora"/>

	<!-- Poshmark -->
	<item class="com.poshmark.ui.MainActivity" name="poshmark"/>

	<!-- Priceline -->
	<item class="com.priceline.android.negotiator.Launcher" name="priceline"/>

	<!-- Public Storage -->
	<item class="crc640c5ad777eafaadde.MainActivity" name="public_storage"/>

	<!-- realtor.com -->
	<item class="com.move.realtor.splash.SplashActivity" name="realtorcom"/>

	<!-- Robinhood -->
	<item class="com.robinhood.android.activity.WelcomeActivity" name="robinhood"/>

	<!-- Samsung Health Monitor -->
	<item class="com.samsung.android.shealthmonitor.ui.activity.MainActivity" name="samsung_health_monitor"/>

	<!-- Scam Shield -->
	<item class="com.tmobile.services.nameid.Startup.IdentifyingNumbersActivity" name="scam_shield"/>

	<!-- Shop Samsung -->
	<item class="com.samsung.ecomm.MainActivity" name="shop_samsung"/>

	<!-- SocialGood -->
	<item class="com.sg.android.MainActivity" name="socialgood"/>

	<!-- SoFi -->
	<item class="com.sofi.mobile.login.splashscreen.SplashScreenActivity" name="sofi"/>

	<!-- Solitaire -->
	<item class="com.unity3d.player.UnityPlayerActivity" name="solitaire"/>

	<!-- Solitaire -->
	<item class="com.playtika.unity.plugincomposition.CompositeActivity" name="solitaire"/>

	<!-- Sonder -->
	<item class="com.sonder.mahalo.MainActivity" name="sonder"/>

	<!-- T-Mobile -->
	<item class="com.tmobile.pr.mytmobile.MyTMobileActivity" name="t_mobile"/>

	<!-- T-Mobile Play -->
	<item class="com.sliide.content.MainActivity" name="t_mobile_play"/>

	<!-- Target -->
	<item class="com.target.ui.activity.NavigationActivity" name="target"/>

	<!-- Telegram -->
	<item class="org.telegram.messenger.NoxIcon" name="telegram"/>

	<!-- TV -->
	<item class="com.samsung.android.tvplus.MainActivity" name="tv"/>

	<!-- Varo Bank -->
	<item class="com.varomoney.bank.presentation.main.activity.MainActivity" name="varo_bank"/>

	<!-- Venmo -->
	<item class="com.venmo.AppExperienceLauncherActivity" name="venmo"/>

	<!-- Visual Voicemail -->
	<item class="com.tmobile.vvm.application.activity.setup.WelcomeActivity" name="visual_voicemail"/>

	<!-- Vrbo -->
	<item class="com.expedia.bookings.activity.SearchActivity" name="vrbo"/>

	<!-- Wallet -->
	<item class="org.toshi.MainActivity" name="wallet"/>

	<!-- Walmart -->
	<item class="com.walmart.glass.integration.splash.SplashActivity" name="walmart"/>

	<!-- Wells Fargo -->
	<item class="com.wf.wellsfargomobile.LauncherActivity" name="wells_fargo"/>

	<!-- Woodoku -->
	<item class="com.unity3d.player.UnityPlayerActivity" name="woodoku"/>

	<!-- Wyze -->
	<item class="com.hualai.home.StartActivity" name="wyze"/>

	<!-- Zettle -->
	<item class="com.izettle.android.ActivitySplash" name="zettle"/>

	<!-- Zillow -->
	<item class="com.zillow.android.re.ui.SplashScreenActivity" name="zillow"/>

</appmap>