<Theme version="1">

	<!-- Adobe Fill & Sign -->
	<AppIcon name="com.adobe.fas/com.adobe.fas.Home.FillAndSign" image="adobe_fill_and_sign"/>

	<!-- Alibaba.com -->
	<AppIcon name="com.alibaba.intl.android.apps.poseidon/com.alibaba.intl.android.apps.poseidon.app.activity.ActivityMainMaterial" image="alibabacom"/>

	<!-- Blockchain -->
	<AppIcon name="piuk.blockchain.android/piuk.blockchain.android.ui.launcher.LauncherActivity" image="blockchain"/>

	<!-- Booking.com -->
	<AppIcon name="com.booking/com.booking.startup.HomeActivity" image="bookingcom"/>

	<!-- Credit Karma -->
	<AppIcon name="com.creditkarma.mobile/com.creditkarma.mobile.welcome.ui.WelcomeActivity" image="credit_karma"/>

	<!-- Credit One -->
	<AppIcon name="com.creditonebank.mobile/com.creditonebank.mobile.phase3.onboarding.activity.SplashScreen" image="credit_one"/>

	<!-- DoorDash -->
	<AppIcon name="com.dd.doordash/com.doordash.consumer.ui.login.LauncherActivity" image="doordash"/>

	<!-- Dunkin' -->
	<AppIcon name="com.dunkinbrands.otgo/com.cardfree.android.dunkindonuts.activities.LauncherActivity" image="dunkin"/>

	<!-- Expedia -->
	<AppIcon name="com.expedia.bookings/com.expedia.bookings.activity.SearchActivity" image="expedia"/>

	<!-- FirstProgress -->
	<AppIcon name="com.firstprogress/com.firstprogress.ui.splash.SplashActivity" image="firstprogress"/>

	<!-- Gaming Hub -->
	<AppIcon name="com.samsung.android.game.gamehome/com.samsung.android.game.gamehome.app.MainActivity" image="gaming_hub"/>

	<!-- glinet -->
	<AppIcon name="xyz.goodcloud.glinet/xyz.goodcloud.glinet.MainActivity" image="glinet"/>

	<!-- Global Goals -->
	<AppIcon name="com.samsung.sree/com.samsung.sree.ui.MainActivity" image="global_goals"/>

	<!-- Govee Home -->
	<AppIcon name="com.govee.home/com.govee.home.HomeActivity" image="govee_home"/>

	<!-- Health -->
	<AppIcon name="com.sec.android.app.shealth/com.samsung.android.app.shealth.home.HomeMainActivity" image="health"/>

	<!-- Hotels.com -->
	<AppIcon name="com.hcom.android/com.expedia.bookings.activity.SearchActivity" image="hotelscom"/>

	<!-- IHOP -->
	<AppIcon name="com.olo.ihop/com.wearehathway.apps.NomNomStock.Views.Splash.SplashActivity" image="ihop"/>

	<!-- Instacart -->
	<AppIcon name="com.instacart.client/com.instacart.client.browse.ICBrowseActivity" image="instacart"/>

	<!-- Latch -->
	<AppIcon name="com.latch.android.latchapp/com.latch.android.latchapp.screen.splash.SplashActivity" image="latch"/>

	<!-- Lyft -->
	<AppIcon name="me.lyft.android/me.lyft.android.ui.MainActivity" image="lyft"/>

	<!-- McAfee Security -->
	<AppIcon name="com.wsandroid.suite.tmobile/com.android.mcafee.ui.framework.BaseActivity" image="mcafee_security"/>

	<!-- Mission Lane -->
	<AppIcon name="com.lcard_app/com.lcard_app.MainActivity" image="mission_lane"/>

	<!-- MoneyLion -->
	<AppIcon name="com.moneylion/com.moneylion.MainActivityDefault" image="moneylion"/>

	<!-- Nanoleaf -->
	<AppIcon name="me.nanoleaf.nanoleaf/me.nanoleaf.nanoleaf.activities.SplashActivity" image="nanoleaf"/>

	<!-- Nest -->
	<AppIcon name="com.nest.android/com.obsidian.v4.activity.LoginActivity" image="nest"/>

	<!-- NewsBreak -->
	<AppIcon name="com.particlenews.newsbreak/com.particlemedia.ui.guide.UserGuideActivity" image="newsbreak"/>

	<!-- OfferUp -->
	<AppIcon name="com.offerup/com.offerup.MainActivity" image="offerup"/>

	<!-- Pandora -->
	<AppIcon name="com.pandora.android/com.pandora.android.LauncherActivity" image="pandora"/>

	<!-- Poshmark -->
	<AppIcon name="com.poshmark.app/com.poshmark.ui.MainActivity" image="poshmark"/>

	<!-- Priceline -->
	<AppIcon name="com.priceline.android.negotiator/com.priceline.android.negotiator.Launcher" image="priceline"/>

	<!-- Public Storage -->
	<AppIcon name="com.publicstorage.officialapp/crc640c5ad777eafaadde.MainActivity" image="public_storage"/>

	<!-- realtor.com -->
	<AppIcon name="com.move.realtor/com.move.realtor.splash.SplashActivity" image="realtorcom"/>

	<!-- Robinhood -->
	<AppIcon name="com.robinhood.android/com.robinhood.android.activity.WelcomeActivity" image="robinhood"/>

	<!-- Samsung Health Monitor -->
	<AppIcon name="com.samsung.android.shealthmonitor/com.samsung.android.shealthmonitor.ui.activity.MainActivity" image="samsung_health_monitor"/>

	<!-- Scam Shield -->
	<AppIcon name="com.tmobile.services.nameid/com.tmobile.services.nameid.Startup.IdentifyingNumbersActivity" image="scam_shield"/>

	<!-- Shop Samsung -->
	<AppIcon name="com.samsung.ecomm/com.samsung.ecomm.MainActivity" image="shop_samsung"/>

	<!-- SocialGood -->
	<AppIcon name="com.socialgood_foundation.sg_app_android/com.sg.android.MainActivity" image="socialgood"/>

	<!-- SoFi -->
	<AppIcon name="com.sofi.mobile/com.sofi.mobile.login.splashscreen.SplashScreenActivity" image="sofi"/>

	<!-- Solitaire -->
	<AppIcon name="com.dna.solitaireapp/com.unity3d.player.UnityPlayerActivity" image="solitaire"/>

	<!-- Solitaire -->
	<AppIcon name="net.supertreat.solitaire/com.playtika.unity.plugincomposition.CompositeActivity" image="solitaire"/>

	<!-- Sonder -->
	<AppIcon name="com.sonder.mahalo/com.sonder.mahalo.MainActivity" image="sonder"/>

	<!-- T-Mobile -->
	<AppIcon name="com.tmobile.pr.mytmobile/com.tmobile.pr.mytmobile.MyTMobileActivity" image="t_mobile"/>

	<!-- T-Mobile Play -->
	<AppIcon name="com.tmobile.m1/com.sliide.content.MainActivity" image="t_mobile_play"/>

	<!-- Target -->
	<AppIcon name="com.target.ui/com.target.ui.activity.NavigationActivity" image="target"/>

	<!-- Telegram -->
	<AppIcon name="org.telegram.messenger/org.telegram.messenger.NoxIcon" image="telegram"/>

	<!-- TV -->
	<AppIcon name="com.samsung.android.tvplus/com.samsung.android.tvplus.MainActivity" image="tv"/>

	<!-- Varo Bank -->
	<AppIcon name="com.varomoney.bank/com.varomoney.bank.presentation.main.activity.MainActivity" image="varo_bank"/>

	<!-- Venmo -->
	<AppIcon name="com.venmo/com.venmo.AppExperienceLauncherActivity" image="venmo"/>

	<!-- Visual Voicemail -->
	<AppIcon name="com.tmobile.vvm.application/com.tmobile.vvm.application.activity.setup.WelcomeActivity" image="visual_voicemail"/>

	<!-- Vrbo -->
	<AppIcon name="com.vrbo.android/com.expedia.bookings.activity.SearchActivity" image="vrbo"/>

	<!-- Wallet -->
	<AppIcon name="org.toshi/org.toshi.MainActivity" image="wallet"/>

	<!-- Walmart -->
	<AppIcon name="com.walmart.android/com.walmart.glass.integration.splash.SplashActivity" image="walmart"/>

	<!-- Wells Fargo -->
	<AppIcon name="com.wf.wellsfargomobile/com.wf.wellsfargomobile.LauncherActivity" image="wells_fargo"/>

	<!-- Woodoku -->
	<AppIcon name="com.tripledot.woodoku/com.unity3d.player.UnityPlayerActivity" image="woodoku"/>

	<!-- Wyze -->
	<AppIcon name="com.hualai/com.hualai.home.StartActivity" image="wyze"/>

	<!-- Zettle -->
	<AppIcon name="com.izettle.android/com.izettle.android.ActivitySplash" image="zettle"/>

	<!-- Zillow -->
	<AppIcon name="com.zillow.android.zillowmap/com.zillow.android.re.ui.SplashScreenActivity" image="zillow"/>

</Theme>