<appmap>

	<!-- Camera -->
	<item class="com.android.camera.CameraLauncher" name="camera"/>

	<!-- Cromite -->
	<item class="com.google.android.apps.chrome.Main" name="cromite"/>

	<!-- Fleksy -->
	<item class="com.syntellia.fleksy.settings.activities.SplashActivity" name="fleksy"/>

	<!-- Mercado Libre -->
	<item class="com.mercadolibre.splash.SplashActivity" name="mercado_libre"/>

	<!-- Molly -->
	<item class="org.thoughtcrime.securesms.RoutingActivity" name="molly"/>

	<!-- Musicolet -->
	<item class="in.krosbits.musicolet.MusicActivity" name="musicolet"/>

	<!-- Orgzly Revived -->
	<item class="com.orgzly.android.ui.LauncherActivity" name="orgzly_revived"/>

	<!-- Password Store -->
	<item class="app.passwordstore.ui.main.LaunchActivity" name="password_store"/>

	<!-- Perfect Viewer -->
	<item class="com.rookiestudio.perfectviewer.TStartup" name="perfect_viewer"/>

	<!-- Syncthing-Fork -->
	<item class="com.nutomic.syncthingandroid.activities.FirstStartActivity" name="syncthing_fork"/>

</appmap>