<resources>

	<!-- ∞ ENERGY -->
	<item component="ComponentInfo{com.infinitygames.loopenergy/com.google.firebase.MessagingUnityPlayerActivity}" drawable="∞_energy" />

	<!-- Alfa -->
	<item component="ComponentInfo{com.base.bankalfalah/com.base.bankalfalah.openalfa.home.views.SplashActivity}" drawable="alfa" />

	<!-- Arcticons Material You -->
	<item component="ComponentInfo{com.donnnno.arcticons.you/com.donnnno.arcticons.activities.MainActivity}" drawable="arcticons_material_you" />

	<!-- Avast Secure Browser -->
	<item component="ComponentInfo{com.avast.android.secure.browser/com.tenta.android.activities.MainActivity}" drawable="avast_secure_browser" />

	<!-- Bayt.com -->
	<item component="ComponentInfo{com.bayt/com.baytjs.MainActivity}" drawable="baytcom" />

	<!-- Bookkaru -->
	<item component="ComponentInfo{com.bookkaru/com.bookkaru.MainActivity}" drawable="bookkaru" />

	<!-- BookMe -->
	<item component="ComponentInfo{com.macropaks.bookme/com.bookmev3.MainActivity}" drawable="bookme" />

	<!-- Broadway Pizza -->
	<item component="ComponentInfo{com.broadwaypizza.app/com.broadwaypizza.app.MainActivity}" drawable="broadway_pizza" />

	<!-- Byte -->
	<item component="ComponentInfo{com.byte.customer/com.thebyte.customer.android.presentation.ui.auth.AuthenticationActivity}" drawable="byte" />

	<!-- Cheetay -->
	<item component="ComponentInfo{com.app.cheetay/com.app.cheetay.activities.SplashActivity}" drawable="cheetay" />

	<!-- Cheezious -->
	<item component="ComponentInfo{com.blink.cheezious/com.blink.cheezious.StartActivity}" drawable="cheezious" />

	<!-- DarkModeLiveWallpaper -->
	<item component="ComponentInfo{com.github.cvzi.darkmodewallpaper/com.github.cvzi.darkmodewallpaper.activity.MainActivity}" drawable="darkmodelivewallpaper" />

	<!-- Downloads -->
	<item component="ComponentInfo{com.android.providers.downloads.ui/com.android.providers.downloads.ui.activity.DownloadListEntry}" drawable="downloads" />

	<!-- easypaisa -->
	<item component="ComponentInfo{pk.com.telenor.phoenix/pk.com.telenor.phoenix.views.home.SplashActivity}" drawable="easypaisa" />

	<!-- FM Radio -->
	<item component="ComponentInfo{com.miui.fm/com.miui.fmradio.activity.LauncherActivity}" drawable="fm_radio" />

	<!-- Golootlo -->
	<item component="ComponentInfo{com.menuspring.eet.golootlo/modules.splash.SplashScreen}" drawable="golootlo" />

	<!-- Hill Climb Racing -->
	<item component="ComponentInfo{com.fingersoft.hillclimb/com.fingersoft.game.MainActivity}" drawable="hill_climb_racing" />

	<!-- Home Workout -->
	<item component="ComponentInfo{homeworkout.homeworkouts.noequipment/homeworkout.homeworkouts.noequipment.SplashActivity}" drawable="home_workout" />

	<!-- Islam360 -->
	<item component="ComponentInfo{com.islam360/com.islam360.splash.RoutingActivity}" drawable="islam360" />

	<!-- JazzCash -->
	<item component="ComponentInfo{com.techlogix.mobilinkcustomer/com.ibm.jazzcashconsumer.view.splash.SplashActivity}" drawable="jazzcash" />

	<!-- Jobstreet -->
	<item component="ComponentInfo{com.jobstreet.jobstreet/seek.base.deeplink.presentation.DeeplinkActivity}" drawable="jobstreet" />

	<!-- Libre Memory Game -->
	<item component="ComponentInfo{org.quentin_bettoum.librememorygame/com.godot.game.GodotApp}" drawable="libre_memory_game" />

	<!-- Lunar Launcher -->
	<item component="ComponentInfo{rasel.lunar.launcher/rasel.lunar.launcher.LauncherActivity}" drawable="lunar_launcher" />

	<!-- Magic Tiles 3 -->
	<item component="ComponentInfo{com.youmusic.magictiles/com.youmusic.magictiles.AmaUnityPlayerActivity}" drawable="magic_tiles_3" />

	<!-- MEGA -->
	<item component="ComponentInfo{org.chromium.webapk.a7fca37bcd8250d50_v2/org.chromium.webapk.shell_apk.h2o.H2OOpaqueMainActivity}" drawable="mega" />

	<!-- Mibro Fit -->
	<item component="ComponentInfo{com.xiaoxun.xunoversea.mibrofit/com.xiaoxun.xunoversea.mibrofit.view.app.LauncherActivity}" drawable="mibro_fit" />

	<!-- mLauncher -->
	<item component="ComponentInfo{app.mlauncher/com.github.hecodes2much.mlauncher.MainActivity}" drawable="mlauncher" />

	<!-- MuscleMonster -->
	<item component="ComponentInfo{musclemonster.fitness.workout.home.gym.planner/musclemonster.fitness.workout.home.gym.planner.MainActivity}" drawable="musclemonster" />

	<!-- Muzz -->
	<item component="ComponentInfo{com.muzmatch.muzmatchapp/com.muzz.marriage.misc.presentation.routing.RoutingActivity}" drawable="muzz" />

	<!-- myABL -->
	<item component="ComponentInfo{com.ofss.digx.mobile.android.allied/com.ofss.digx.mobile.android.allied.SplashActivity}" drawable="myabl" />

	<!-- MyZong -->
	<item component="ComponentInfo{com.zong.customercare/com.zong.customercare.SplashActivity}" drawable="myzong" />

	<!-- NayaPay -->
	<item component="ComponentInfo{com.nayapay.app/com.nayapay.app.kotlin.SplashActivity}" drawable="nayapay" />

	<!-- No Crop -->
	<item component="ComponentInfo{com.rcplatform.nocrop/com.rcplatform.nocrop.activity.LogoActivity}" drawable="no_crop" />

	<!-- Onic -->
	<item component="ComponentInfo{pk.com.onic/com.circles.selfcare.v2.splash.LaunchActivity}" drawable="onic" />

	<!-- OpenPods -->
	<item component="ComponentInfo{com.dosse.airpods/com.dosse.airpods.ui.MainActivity}" drawable="openpods" />

	<!-- PakWheels -->
	<item component="ComponentInfo{com.pakwheels/com.pakwheels.activities.other.SplashScreenActivity}" drawable="pakwheels" />

	<!-- Payoneer -->
	<item component="ComponentInfo{com.payoneer.android/com.payoneer.SplashActivity}" drawable="payoneer" />

	<!-- PictionaryAir -->
	<item component="ComponentInfo{com.mattel.pictionaryair/com.google.firebase.MessagingUnityPlayerActivity}" drawable="pictionaryair" />

	<!-- PodsBattery -->
	<item component="ComponentInfo{com.yugongkeji.podstool/com.shufeng.podstool.view.splash.SplashActivity}" drawable="podsbattery" />

	<!-- Qibla Direction -->
	<item component="ComponentInfo{qibla.compass.finddirection.hijricalendar/qibla.compass.finddirection.hijricalendar.activities.SplashActivity}" drawable="qibla_direction" />

	<!-- Reasily -->
	<item component="ComponentInfo{com.gmail.jxlab.app.reasily/com.gmail.jxlab.app.epub_mark.MainActivity}" drawable="reasily" />

	<!-- SIMOSA (Jazz World) -->
	<item component="ComponentInfo{com.jazz.jazzworld/com.jazz.jazzworld.presentation.ui.main.MainActivity}" drawable="simosa_jazz_world_" />

	<!-- Solitaire -->
	<item component="ComponentInfo{com.agedstudio.card.solitaire.klondike/com.unity3d.player.UnityPlayerActivity}" drawable="solitaire" />

	<!-- Speedcheck -->
	<item component="ComponentInfo{org.speedspot.speedanalytics/org.speedcheck.sclibrary.MainActivity}" drawable="speedcheck" />

	<!-- Tesla Proxy -->
	<item component="ComponentInfo{com.nocardteam.tesla.proxy/com.nocardteam.tesla.proxy.MainActivity}" drawable="tesla_proxy" />

	<!-- TTSLexx -->
	<item component="ComponentInfo{sia.netttsengine.ttslexx/sia.netttsengine.ttslexx.Open}" drawable="ttslexx" />

	<!-- VidMate -->
	<item component="ComponentInfo{com.video.fun.app/com.nemo.vidmate.host.WelcomeActivity}" drawable="vidmate" />

	<!-- Wordscapes -->
	<item component="ComponentInfo{com.peoplefun.wordcross/com.peoplefun.wordcross.MonkeyGame}" drawable="wordscapes" />

	<!-- Yango -->
	<item component="ComponentInfo{com.yandex.yango/ru.yandex.taxi.activity.StartActivity}" drawable="yango" />

	<!-- ZipRecruiter -->
	<item component="ComponentInfo{com.ziprecruiter.android.release/com.ziprecruiter.android.features.startup.activity.SplashScreenActivity}" drawable="ziprecruiter" />

</resources>