<Theme version="1">

	<!-- ∞ ENERGY -->
	<AppIcon name="com.infinitygames.loopenergy/com.google.firebase.MessagingUnityPlayerActivity" image="∞_energy"/>

	<!-- Alfa -->
	<AppIcon name="com.base.bankalfalah/com.base.bankalfalah.openalfa.home.views.SplashActivity" image="alfa"/>

	<!-- Arcticons Material You -->
	<AppIcon name="com.donnnno.arcticons.you/com.donnnno.arcticons.activities.MainActivity" image="arcticons_material_you"/>

	<!-- Avast Secure Browser -->
	<AppIcon name="com.avast.android.secure.browser/com.tenta.android.activities.MainActivity" image="avast_secure_browser"/>

	<!-- Bayt.com -->
	<AppIcon name="com.bayt/com.baytjs.MainActivity" image="baytcom"/>

	<!-- Bookkaru -->
	<AppIcon name="com.bookkaru/com.bookkaru.MainActivity" image="bookkaru"/>

	<!-- BookMe -->
	<AppIcon name="com.macropaks.bookme/com.bookmev3.MainActivity" image="bookme"/>

	<!-- Broadway Pizza -->
	<AppIcon name="com.broadwaypizza.app/com.broadwaypizza.app.MainActivity" image="broadway_pizza"/>

	<!-- Byte -->
	<AppIcon name="com.byte.customer/com.thebyte.customer.android.presentation.ui.auth.AuthenticationActivity" image="byte"/>

	<!-- Cheetay -->
	<AppIcon name="com.app.cheetay/com.app.cheetay.activities.SplashActivity" image="cheetay"/>

	<!-- Cheezious -->
	<AppIcon name="com.blink.cheezious/com.blink.cheezious.StartActivity" image="cheezious"/>

	<!-- DarkModeLiveWallpaper -->
	<AppIcon name="com.github.cvzi.darkmodewallpaper/com.github.cvzi.darkmodewallpaper.activity.MainActivity" image="darkmodelivewallpaper"/>

	<!-- Downloads -->
	<AppIcon name="com.android.providers.downloads.ui/com.android.providers.downloads.ui.activity.DownloadListEntry" image="downloads"/>

	<!-- easypaisa -->
	<AppIcon name="pk.com.telenor.phoenix/pk.com.telenor.phoenix.views.home.SplashActivity" image="easypaisa"/>

	<!-- FM Radio -->
	<AppIcon name="com.miui.fm/com.miui.fmradio.activity.LauncherActivity" image="fm_radio"/>

	<!-- Golootlo -->
	<AppIcon name="com.menuspring.eet.golootlo/modules.splash.SplashScreen" image="golootlo"/>

	<!-- Hill Climb Racing -->
	<AppIcon name="com.fingersoft.hillclimb/com.fingersoft.game.MainActivity" image="hill_climb_racing"/>

	<!-- Home Workout -->
	<AppIcon name="homeworkout.homeworkouts.noequipment/homeworkout.homeworkouts.noequipment.SplashActivity" image="home_workout"/>

	<!-- Islam360 -->
	<AppIcon name="com.islam360/com.islam360.splash.RoutingActivity" image="islam360"/>

	<!-- JazzCash -->
	<AppIcon name="com.techlogix.mobilinkcustomer/com.ibm.jazzcashconsumer.view.splash.SplashActivity" image="jazzcash"/>

	<!-- Jobstreet -->
	<AppIcon name="com.jobstreet.jobstreet/seek.base.deeplink.presentation.DeeplinkActivity" image="jobstreet"/>

	<!-- Libre Memory Game -->
	<AppIcon name="org.quentin_bettoum.librememorygame/com.godot.game.GodotApp" image="libre_memory_game"/>

	<!-- Lunar Launcher -->
	<AppIcon name="rasel.lunar.launcher/rasel.lunar.launcher.LauncherActivity" image="lunar_launcher"/>

	<!-- Magic Tiles 3 -->
	<AppIcon name="com.youmusic.magictiles/com.youmusic.magictiles.AmaUnityPlayerActivity" image="magic_tiles_3"/>

	<!-- MEGA -->
	<AppIcon name="org.chromium.webapk.a7fca37bcd8250d50_v2/org.chromium.webapk.shell_apk.h2o.H2OOpaqueMainActivity" image="mega"/>

	<!-- Mibro Fit -->
	<AppIcon name="com.xiaoxun.xunoversea.mibrofit/com.xiaoxun.xunoversea.mibrofit.view.app.LauncherActivity" image="mibro_fit"/>

	<!-- mLauncher -->
	<AppIcon name="app.mlauncher/com.github.hecodes2much.mlauncher.MainActivity" image="mlauncher"/>

	<!-- MuscleMonster -->
	<AppIcon name="musclemonster.fitness.workout.home.gym.planner/musclemonster.fitness.workout.home.gym.planner.MainActivity" image="musclemonster"/>

	<!-- Muzz -->
	<AppIcon name="com.muzmatch.muzmatchapp/com.muzz.marriage.misc.presentation.routing.RoutingActivity" image="muzz"/>

	<!-- myABL -->
	<AppIcon name="com.ofss.digx.mobile.android.allied/com.ofss.digx.mobile.android.allied.SplashActivity" image="myabl"/>

	<!-- MyZong -->
	<AppIcon name="com.zong.customercare/com.zong.customercare.SplashActivity" image="myzong"/>

	<!-- NayaPay -->
	<AppIcon name="com.nayapay.app/com.nayapay.app.kotlin.SplashActivity" image="nayapay"/>

	<!-- No Crop -->
	<AppIcon name="com.rcplatform.nocrop/com.rcplatform.nocrop.activity.LogoActivity" image="no_crop"/>

	<!-- Onic -->
	<AppIcon name="pk.com.onic/com.circles.selfcare.v2.splash.LaunchActivity" image="onic"/>

	<!-- OpenPods -->
	<AppIcon name="com.dosse.airpods/com.dosse.airpods.ui.MainActivity" image="openpods"/>

	<!-- PakWheels -->
	<AppIcon name="com.pakwheels/com.pakwheels.activities.other.SplashScreenActivity" image="pakwheels"/>

	<!-- Payoneer -->
	<AppIcon name="com.payoneer.android/com.payoneer.SplashActivity" image="payoneer"/>

	<!-- PictionaryAir -->
	<AppIcon name="com.mattel.pictionaryair/com.google.firebase.MessagingUnityPlayerActivity" image="pictionaryair"/>

	<!-- PodsBattery -->
	<AppIcon name="com.yugongkeji.podstool/com.shufeng.podstool.view.splash.SplashActivity" image="podsbattery"/>

	<!-- Qibla Direction -->
	<AppIcon name="qibla.compass.finddirection.hijricalendar/qibla.compass.finddirection.hijricalendar.activities.SplashActivity" image="qibla_direction"/>

	<!-- Reasily -->
	<AppIcon name="com.gmail.jxlab.app.reasily/com.gmail.jxlab.app.epub_mark.MainActivity" image="reasily"/>

	<!-- SIMOSA (Jazz World) -->
	<AppIcon name="com.jazz.jazzworld/com.jazz.jazzworld.presentation.ui.main.MainActivity" image="simosa_jazz_world_"/>

	<!-- Solitaire -->
	<AppIcon name="com.agedstudio.card.solitaire.klondike/com.unity3d.player.UnityPlayerActivity" image="solitaire"/>

	<!-- Speedcheck -->
	<AppIcon name="org.speedspot.speedanalytics/org.speedcheck.sclibrary.MainActivity" image="speedcheck"/>

	<!-- Tesla Proxy -->
	<AppIcon name="com.nocardteam.tesla.proxy/com.nocardteam.tesla.proxy.MainActivity" image="tesla_proxy"/>

	<!-- TTSLexx -->
	<AppIcon name="sia.netttsengine.ttslexx/sia.netttsengine.ttslexx.Open" image="ttslexx"/>

	<!-- VidMate -->
	<AppIcon name="com.video.fun.app/com.nemo.vidmate.host.WelcomeActivity" image="vidmate"/>

	<!-- Wordscapes -->
	<AppIcon name="com.peoplefun.wordcross/com.peoplefun.wordcross.MonkeyGame" image="wordscapes"/>

	<!-- Yango -->
	<AppIcon name="com.yandex.yango/ru.yandex.taxi.activity.StartActivity" image="yango"/>

	<!-- ZipRecruiter -->
	<AppIcon name="com.ziprecruiter.android.release/com.ziprecruiter.android.features.startup.activity.SplashScreenActivity" image="ziprecruiter"/>

</Theme>