<resources>

	<!-- ギャラリー -->
	<item component="ComponentInfo{com.simplemobiletools.gallery.pro/com.simplemobiletools.gallery.pro.activities.SplashActivity.Purple}" drawable="simplemobiletools_gallery_purple" />

	<!-- メール -->
	<item component="ComponentInfo{jp.co.yahoo.android.ymobile.mail/jp.co.yahoo.android.ymobile.mail.ui.SplashActivity}" drawable="メール" />

	<!-- 四駆伝説 -->
	<item component="ComponentInfo{com.twitchyfinger.google.minilegend/com.unity3d.player.UnityPlayerActivity}" drawable="四駆伝説" />

	<!-- Acode -->
	<item component="ComponentInfo{com.foxdebug.acode/com.foxdebug.acode.MainActivity}" drawable="acode" />

	<!-- Clipious -->
	<item component="ComponentInfo{com.github.lamarios.clipious/com.github.lamarios.clipious.MainActivity}" drawable="clipious" />

	<!-- Fake Traveler -->
	<item component="ComponentInfo{cl.coders.faketraveler/cl.coders.faketraveler.MainActivity}" drawable="fake_traveler" />

	<!-- HexViewer -->
	<item component="ComponentInfo{fr.ralala.hexviewer/fr.ralala.hexviewer.ui.activities.MainActivity}" drawable="hexviewer" />

	<!-- KOReader -->
	<item component="ComponentInfo{org.koreader.launcher.fdroid/org.koreader.launcher.MainActivity}" drawable="koreader" />

	<!-- LibreTube -->
	<item component="ComponentInfo{com.github.libretube/com.github.libretube.IconTorch}" drawable="libretube_torch" />

	<!-- Pluma -->
	<item component="ComponentInfo{com.qflair.browserq/com.qflair.browserq.tabs.view.BrowserActivity}" drawable="pluma" />

	<!-- Twitter -->
	<item component="ComponentInfo{com.twitter.android/com.twitter.android.StartActivity}" drawable="twitter" />

	<!-- Urban VPN -->
	<item component="ComponentInfo{com.urbanvpn.android/com.urbanvpn.android.ui.payment.PaymentActivity}" drawable="urban_vpn" />

	<!-- WinZip -->
	<item component="ComponentInfo{com.winzip.android/com.winzip.android.LoadingActivity}" drawable="winzip" />

</resources>