<appmap>

	<!-- ギャラリー -->
	<item class="com.simplemobiletools.gallery.pro.activities.SplashActivity.Purple" name="simplemobiletools_gallery_purple"/>

	<!-- メール -->
	<item class="jp.co.yahoo.android.ymobile.mail.ui.SplashActivity" name="メール"/>

	<!-- 四駆伝説 -->
	<item class="com.unity3d.player.UnityPlayerActivity" name="四駆伝説"/>

	<!-- Acode -->
	<item class="com.foxdebug.acode.MainActivity" name="acode"/>

	<!-- Clipious -->
	<item class="com.github.lamarios.clipious.MainActivity" name="clipious"/>

	<!-- Fake Traveler -->
	<item class="cl.coders.faketraveler.MainActivity" name="fake_traveler"/>

	<!-- HexViewer -->
	<item class="fr.ralala.hexviewer.ui.activities.MainActivity" name="hexviewer"/>

	<!-- KOReader -->
	<item class="org.koreader.launcher.MainActivity" name="koreader"/>

	<!-- LibreTube -->
	<item class="com.github.libretube.IconTorch" name="libretube_torch"/>

	<!-- Pluma -->
	<item class="com.qflair.browserq.tabs.view.BrowserActivity" name="pluma"/>

	<!-- Twitter -->
	<item class="com.twitter.android.StartActivity" name="twitter"/>

	<!-- Urban VPN -->
	<item class="com.urbanvpn.android.ui.payment.PaymentActivity" name="urban_vpn"/>

	<!-- WinZip -->
	<item class="com.winzip.android.LoadingActivity" name="winzip"/>

</appmap>