<resources>

	<!-- BHIM -->
	<item component="ComponentInfo{in.org.npci.upiapp/mpacjhvlt.n}" drawable="bhim" />

	<!-- Blinkit -->
	<item component="ComponentInfo{com.grofers.customerapp/com.grofers.customerapp.DEFAULT}" drawable="blinkit" />

	<!-- BSNL Selfcare -->
	<item component="ComponentInfo{com.digital.bsnl.selfcare/com.digital.bsnl.selfcare.MainActivity}" drawable="bsnl_selfcare" />

	<!-- Calculator -->
	<item component="ComponentInfo{com.calculator.hideu/com.calculator.hideu.SplashActivity}" drawable="calculator" />

	<!-- DrinkPrime -->
	<item component="ComponentInfo{waterwala.com.prime/waterwala.com.prime.screens.StartActivity}" drawable="drinkprime" />

	<!-- Fastrack Smart -->
	<item component="ComponentInfo{com.titan.fastrack.reflex/fastrack.reflex.activity.SplashActivity}" drawable="fastrack_smart" />

	<!-- Home Workout -->
	<item component="ComponentInfo{homeworkout.homeworkouts.noequipment/homeworkout.homeworkouts.noequipment.SplashActivity}" drawable="home_workout" />

	<!-- Hotstar -->
	<item component="ComponentInfo{in.startv.hotstar/com.hotstar.MainActivity}" drawable="hotstar" />

	<!-- microG Settings -->
	<item component="ComponentInfo{com.mgoogle.android.gms/org.microg.gms.ui.SettingsActivity}" drawable="microg_settings" />

	<!-- Namma Metro -->
	<item component="ComponentInfo{com.aum.nammametro/com.aum.nammametro.Activity.SplashScreen}" drawable="namma_metro" />

	<!-- Pydroid 3 -->
	<item component="ComponentInfo{ru.iiec.pydroid3/ru.iiec.pydroid.MainActivity}" drawable="pydroid_3" />

	<!-- YouCut - Video Editor -->
	<item component="ComponentInfo{com.camerasideas.trimmer/com.camerasideas.instashot.MainActivity}" drawable="youcut_video_editor" />

	<!-- Zepto -->
	<item component="ComponentInfo{com.zeptoconsumerapp/com.zeptoconsumerapp.MainActivity}" drawable="zepto" />

</resources>