<Theme version="1">

	<!-- BHIM -->
	<AppIcon name="in.org.npci.upiapp/mpacjhvlt.n" image="bhim"/>

	<!-- Blinkit -->
	<AppIcon name="com.grofers.customerapp/com.grofers.customerapp.DEFAULT" image="blinkit"/>

	<!-- BSNL Selfcare -->
	<AppIcon name="com.digital.bsnl.selfcare/com.digital.bsnl.selfcare.MainActivity" image="bsnl_selfcare"/>

	<!-- Calculator -->
	<AppIcon name="com.calculator.hideu/com.calculator.hideu.SplashActivity" image="calculator"/>

	<!-- DrinkPrime -->
	<AppIcon name="waterwala.com.prime/waterwala.com.prime.screens.StartActivity" image="drinkprime"/>

	<!-- Fastrack Smart -->
	<AppIcon name="com.titan.fastrack.reflex/fastrack.reflex.activity.SplashActivity" image="fastrack_smart"/>

	<!-- Home Workout -->
	<AppIcon name="homeworkout.homeworkouts.noequipment/homeworkout.homeworkouts.noequipment.SplashActivity" image="home_workout"/>

	<!-- Hotstar -->
	<AppIcon name="in.startv.hotstar/com.hotstar.MainActivity" image="hotstar"/>

	<!-- microG Settings -->
	<AppIcon name="com.mgoogle.android.gms/org.microg.gms.ui.SettingsActivity" image="microg_settings"/>

	<!-- Namma Metro -->
	<AppIcon name="com.aum.nammametro/com.aum.nammametro.Activity.SplashScreen" image="namma_metro"/>

	<!-- Pydroid 3 -->
	<AppIcon name="ru.iiec.pydroid3/ru.iiec.pydroid.MainActivity" image="pydroid_3"/>

	<!-- YouCut - Video Editor -->
	<AppIcon name="com.camerasideas.trimmer/com.camerasideas.instashot.MainActivity" image="youcut_video_editor"/>

	<!-- Zepto -->
	<AppIcon name="com.zeptoconsumerapp/com.zeptoconsumerapp.MainActivity" image="zepto"/>

</Theme>