<appmap>

	<!-- 2Cuentas -->
	<item class="com.yqox.u4t.epr54wtc.rlv72yj10anaa" name="_2cuentas"/>

	<!-- 4D Wallpaper Free - Live Themes Parallax Wallpaper -->
	<item class="com.apptech.pixel4d.activity.SplashActivity" name="_4d_wallpaper_free_live_themes_parallax_wallpaper"/>

	<!-- Achromatic KWGT -->
	<item class="org.kustom.api.dashboard.DashboardActivity" name="achromatic_kwgt"/>

	<!-- Alibaba.com -->
	<item class="com.alibaba.intl.android.apps.poseidon.app.activity.ActivityMainMaterial" name="alibabacom"/>

	<!-- Barcode Scanner -->
	<item class="com.sushant.barcodescanner.SplashActivity" name="barcode_scanner"/>

	<!-- BearingCatalog -->
	<item class="com.lackjin.br.MainActivity" name="bearingcatalog"/>

	<!-- bearinGO -->
	<item class="com.destiny.bearingo.SplashScreen" name="bearingo"/>

	<!-- BeSoccer -->
	<item class="com.rdf.resultados_futbol.ui.splash.SplashActivity" name="besoccer"/>

	<!-- Calculadora CCR -->
	<item class="com.jedemm.resistorcalculator.actividades.PantallaBienvenida" name="calculadora_ccr"/>

	<!-- Calendar -->
	<item class="com.android.calendar.homepage.AllInOneActivity" name="calendar"/>

	<!-- Convertfiles.ai -->
	<item class="com.pixelbin.convertfiles.ai.MainActivity" name="convertfilesai"/>

	<!-- DJ Mixer -->
	<item class="com.ijoysoft.mix.activity.WelcomeActivity" name="dj_mixer"/>

	<!-- Earth 3D Map -->
	<item class="com.think.earth.guide.GuideActivity" name="earth_3d_map"/>

	<!-- Espejo de pantalla 5 -->
	<item class="com.cast.to.samsung.tv.chromecast.views.activities.SplashActivity" name="espejo_de_pantalla_5"/>

	<!-- ETK -->
	<item class="com.starcubandev.etk.Views.Main.MainActivity" name="etk"/>

	<!-- Evolve for KWGT -->
	<item class="evolve.kustom.pack.MainActivity" name="evolve_for_kwgt"/>

	<!-- Feast KWGT -->
	<item class="feastkwgt.kustom.pack.MainActivity" name="feast_kwgt"/>

	<!-- Fórmulas Free -->
	<item class="com.nsc.mathformulas.MainActivity" name="formulas_free"/>

	<!-- Gestor de archivos -->
	<item class="com.android.fileexplorer.FileExplorerTabActivity" name="gestor_de_archivos"/>

	<!-- HOS Checker -->
	<item class="com.niotron.lazydevelopers_inc.HyperOS_Eligibility_Tester.Screen1" name="hos_checker"/>

	<!-- huk kwgt -->
	<item class="org.kustom.api.dashboard.DashboardActivity" name="huk_kwgt"/>

	<!-- Human skeleton (Anatomy) -->
	<item class="com.unity3d.player.UnityPlayerActivity" name="human_skeleton_anatomy_"/>

	<!-- HyperOS Updater -->
	<item class="net.xiaomiui.hyperosupdater.MainActivity" name="hyperos_updater"/>

	<!-- Internal Organs 3D (Anatomy) -->
	<item class="com.unity3d.player.UnityPlayerActivity" name="internal_organs_3d_anatomy_"/>

	<!-- iScanner -->
	<item class="com.bpmobile.scanner.presentation.activity.SplashActivity" name="iscanner"/>

	<!-- Koda for Kustom -->
	<item class="kodaforkustom.droidbeauty.pack.MainActivity" name="koda_for_kustom"/>

	<!-- Línea de la mandíbula -->
	<item class="jawline.exercises.slim.face.yoga.activity.SplashActivity" name="linea_de_la_mandibula"/>

	<!-- Lines Free -->
	<item class="com.natewren.dashboard.SplashScreen" name="lines_free"/>

	<!-- Math Games -->
	<item class="com.agandeev.mathgames.free.MainActivityFree" name="math_games"/>

	<!-- Mi Pay -->
	<item class="com.mipay.home.ui.SplashActivity" name="mi_pay"/>

	<!-- Mi Picks -->
	<item class="com.xiaomi.mipicks.MiPicksAlias" name="mi_picks"/>

	<!-- Minesweeper -->
	<item class="minesweeper.Button.Mines.BoardViewActivity" name="minesweeper"/>

	<!-- Minimal VL1 -->
	<item class="org.kustom.api.dashboard.DashboardActivity" name="minimal_vl1"/>

	<!-- MIUI Downloader -->
	<item class="com.famametric.miui.MainActivity" name="miui_downloader"/>

	<!-- MIUIes -->
	<item class="com.miuies.SplashScreen" name="miuies"/>

	<!-- Odisea KWGT -->
	<item class="org.kustom.api.dashboard.DashboardActivity" name="odisea_kwgt"/>

	<!-- One4KWGT Ultimate -->
	<item class="cs14.pixelperfect.kwgtwidget.one4kwgtultimate.MainActivity" name="one4kwgt_ultimate"/>

	<!-- Overdrop -->
	<item class="widget.dd.com.overdrop.free.alias.RainbowIconAlias" name="overdrop"/>

	<!-- Photomath -->
	<item class="com.microblink.photomath.main.activity.LauncherActivity" name="photomath"/>

	<!-- PixelLab -->
	<item class="com.imaginstudio.imagetools.pixellab.MainActivity" name="pixellab"/>

	<!-- Precise Level -->
	<item class="com.unity3d.player.UnityPlayerActivity" name="precise_level"/>

	<!-- QR & Barcode Scanner -->
	<item class="com.gamma.barcodeapp.ui.BarcodeCaptureActivity" name="qr_and_barcode_scanner"/>

	<!-- Ref Tools -->
	<item class="crc646cc10707b7d55a66.MainActivity" name="ref_tools"/>

	<!-- Referencia de rumbo -->
	<item class="ru.bearings.Exit" name="referencia_de_rumbo"/>

	<!-- Reloj -->
	<item class="com.android.deskclock.DeskClockTabActivity" name="reloj"/>

	<!-- Revolico -->
	<item class="com.revolico.MainActivity" name="revolico"/>

	<!-- RL KWGT -->
	<item class="org.kustom.api.dashboard.DashboardActivity" name="rl_kwgt"/>

	<!-- Secure VPN -->
	<item class="com.signallab.secure.activity.SplashActivity" name="secure_vpn"/>

	<!-- Seguimiento de Hábitos -->
	<item class="habittracker.todolist.tickit.daily.planner.feature.main.SplashActivity" name="seguimiento_de_habitos"/>

	<!-- Servicios y comentarios -->
	<item class="com.miui.miservice.main.MainActivity" name="servicios_y_comentarios"/>

	<!-- Smart View -->
	<item class="com.smartview.castto.screenmirror.appfor.miracast.views.activities.SplashActivity" name="smart_view"/>

	<!-- SMD Bible -->
	<item class="ru.romavaleev.smdbible.MainActivity" name="smd_bible"/>

	<!-- SMD DataSheet -->
	<item class="ru.bootcode.smddatasheet.MainActivity" name="smd_datasheet"/>

	<!-- SMD Marking Codes -->
	<item class="com.example.test.MainActivity" name="smd_marking_codes"/>

	<!-- Sonómetro -->
	<item class="com.splendapps.decibel.MainActivity" name="sonometro"/>

	<!-- StayFree -->
	<item class="com.burockgames.timeclocker.main.MainActivity" name="stayfree"/>

	<!-- Sudoku -->
	<item class="com.scn.sudokuchamp.SplashActivity" name="sudoku"/>

	<!-- Time KWGT -->
	<item class="org.kustom.api.dashboard.DashboardActivity" name="time_kwgt"/>

	<!-- Timken -->
	<item class="com.phonegap.timken.MainActivity" name="timken"/>

	<!-- toy -->
	<item class="org.kustom.api.dashboard.DashboardActivity" name="toy"/>

	<!-- Transfermóvil -->
	<item class="cu.etecsa.cubacel.tr.tm.UmUVg1RnzC" name="transfermovil"/>

	<!-- Trust Wallet -->
	<item class="com.wallet.crypto.trustapp.ui.start.activity.RootHostActivity" name="trust_wallet"/>

	<!-- TuneFM -->
	<item class="fm.radio.sanity.radiofm.activities.SplashActivity" name="tunefm"/>

	<!-- Unidades -->
	<item class="kr.sira.unit.Intro" name="unidades"/>

	<!-- UniMote -->
	<item class="sensustech.universal.tv.remote.control.activities.SplashActivity" name="unimote"/>

	<!-- Velocímetro -->
	<item class="gps.speedometer.gpsspeedometer.odometer.activity.SplashActivity" name="velocimetro"/>

	<!-- Wide Launcher -->
	<item class="com.shouter.widelauncher.MainActivity" name="wide_launcher"/>

	<!-- WPDF Lector de Documentos -->
	<item class="com.wpdf.lector.ui.activities.onboarding.SplashScreenActivity" name="wpdf_lector_de_documentos"/>

	<!-- Xiaomi Earbuds -->
	<item class="com.xiaomi.fitness.login.SplashActivity" name="xiaomi_earbuds"/>

	<!-- Zapya -->
	<item class="com.dewmobile.kuaiya.act.DmStartupActivity" name="zapya"/>

</appmap>