<Theme version="1">

	<!-- 2Cuentas -->
	<AppIcon name="com.excelliance.multiaccount/com.yqox.u4t.epr54wtc.rlv72yj10anaa" image="_2cuentas"/>

	<!-- 4D Wallpaper Free - Live Themes Parallax Wallpaper -->
	<AppIcon name="com.apptech.pixel4d/com.apptech.pixel4d.activity.SplashActivity" image="_4d_wallpaper_free_live_themes_parallax_wallpaper"/>

	<!-- Achromatic KWGT -->
	<AppIcon name="achromatickwgt.kustom.pack/org.kustom.api.dashboard.DashboardActivity" image="achromatic_kwgt"/>

	<!-- Alibaba.com -->
	<AppIcon name="com.alibaba.intl.android.apps.poseidon/com.alibaba.intl.android.apps.poseidon.app.activity.ActivityMainMaterial" image="alibabacom"/>

	<!-- Barcode Scanner -->
	<AppIcon name="com.sushant.barcodescanner/com.sushant.barcodescanner.SplashActivity" image="barcode_scanner"/>

	<!-- BearingCatalog -->
	<AppIcon name="com.lackjin.br/com.lackjin.br.MainActivity" image="bearingcatalog"/>

	<!-- bearinGO -->
	<AppIcon name="com.destiny.bearingo/com.destiny.bearingo.SplashScreen" image="bearingo"/>

	<!-- BeSoccer -->
	<AppIcon name="com.resultadosfutbol.mobile/com.rdf.resultados_futbol.ui.splash.SplashActivity" image="besoccer"/>

	<!-- Calculadora CCR -->
	<AppIcon name="com.jedemm.resistorcalculator/com.jedemm.resistorcalculator.actividades.PantallaBienvenida" image="calculadora_ccr"/>

	<!-- Calendar -->
	<AppIcon name="com.android.calendar/com.android.calendar.homepage.AllInOneActivity" image="calendar"/>

	<!-- Convertfiles.ai -->
	<AppIcon name="com.pixelbin.convertfiles.ai/com.pixelbin.convertfiles.ai.MainActivity" image="convertfilesai"/>

	<!-- DJ Mixer -->
	<AppIcon name="dj.music.mixer.sound.effects/com.ijoysoft.mix.activity.WelcomeActivity" image="dj_mixer"/>

	<!-- Earth 3D Map -->
	<AppIcon name="com.think.earth/com.think.earth.guide.GuideActivity" image="earth_3d_map"/>

	<!-- Espejo de pantalla 5 -->
	<AppIcon name="com.cast.to.samsung.tv.chromecast/com.cast.to.samsung.tv.chromecast.views.activities.SplashActivity" image="espejo_de_pantalla_5"/>

	<!-- ETK -->
	<AppIcon name="com.starcubandev.etk/com.starcubandev.etk.Views.Main.MainActivity" image="etk"/>

	<!-- Evolve for KWGT -->
	<AppIcon name="evolve.kustom.pack/evolve.kustom.pack.MainActivity" image="evolve_for_kwgt"/>

	<!-- Feast KWGT -->
	<AppIcon name="feastkwgt.kustom.pack/feastkwgt.kustom.pack.MainActivity" image="feast_kwgt"/>

	<!-- Fórmulas Free -->
	<AppIcon name="com.nsc.mathformulas.lite/com.nsc.mathformulas.MainActivity" image="formulas_free"/>

	<!-- Gestor de archivos -->
	<AppIcon name="com.android.fileexplorer/com.android.fileexplorer.FileExplorerTabActivity" image="gestor_de_archivos"/>

	<!-- HOS Checker -->
	<AppIcon name="com.androidevs.hos/com.niotron.lazydevelopers_inc.HyperOS_Eligibility_Tester.Screen1" image="hos_checker"/>

	<!-- huk kwgt -->
	<AppIcon name="hukkwgt.kustom.pack/org.kustom.api.dashboard.DashboardActivity" image="huk_kwgt"/>

	<!-- Human skeleton (Anatomy) -->
	<AppIcon name="com.androiddevelopermx.blogspot.bones3d/com.unity3d.player.UnityPlayerActivity" image="human_skeleton_anatomy_"/>

	<!-- HyperOS Updater -->
	<AppIcon name="net.xiaomiui.hyperosupdater/net.xiaomiui.hyperosupdater.MainActivity" image="hyperos_updater"/>

	<!-- Internal Organs 3D (Anatomy) -->
	<AppIcon name="com.androiddevelopermx.blogspot.organos3d/com.unity3d.player.UnityPlayerActivity" image="internal_organs_3d_anatomy_"/>

	<!-- iScanner -->
	<AppIcon name="com.bpmobile.iscanner.free/com.bpmobile.scanner.presentation.activity.SplashActivity" image="iscanner"/>

	<!-- Koda for Kustom -->
	<AppIcon name="kodaforkustom.droidbeauty.pack/kodaforkustom.droidbeauty.pack.MainActivity" image="koda_for_kustom"/>

	<!-- Línea de la mandíbula -->
	<AppIcon name="jawline.exercises.slim.face.yoga/jawline.exercises.slim.face.yoga.activity.SplashActivity" image="linea_de_la_mandibula"/>

	<!-- Lines Free -->
	<AppIcon name="com.natewren.linesfree/com.natewren.dashboard.SplashScreen" image="lines_free"/>

	<!-- Math Games -->
	<AppIcon name="com.agandeev.mathgames.free/com.agandeev.mathgames.free.MainActivityFree" image="math_games"/>

	<!-- Mi Pay -->
	<AppIcon name="com.mipay.wallet.in/com.mipay.home.ui.SplashActivity" image="mi_pay"/>

	<!-- Mi Picks -->
	<AppIcon name="com.xiaomi.mipicks/com.xiaomi.mipicks.MiPicksAlias" image="mi_picks"/>

	<!-- Minesweeper -->
	<AppIcon name="Draziw.Button.Mines/minesweeper.Button.Mines.BoardViewActivity" image="minesweeper"/>

	<!-- Minimal VL1 -->
	<AppIcon name="kustom.arkive.minimalvl1/org.kustom.api.dashboard.DashboardActivity" image="minimal_vl1"/>

	<!-- MIUI Downloader -->
	<AppIcon name="com.famametric.miui/com.famametric.miui.MainActivity" image="miui_downloader"/>

	<!-- MIUIes -->
	<AppIcon name="com.miuies/com.miuies.SplashScreen" image="miuies"/>

	<!-- Odisea KWGT -->
	<AppIcon name="odiseakwgt.kustom.pack/org.kustom.api.dashboard.DashboardActivity" image="odisea_kwgt"/>

	<!-- One4KWGT Ultimate -->
	<AppIcon name="cs14.pixelperfect.kwgtwidget.one4kwgtultimate/cs14.pixelperfect.kwgtwidget.one4kwgtultimate.MainActivity" image="one4kwgt_ultimate"/>

	<!-- Overdrop -->
	<AppIcon name="widget.dd.com.overdrop.free/widget.dd.com.overdrop.free.alias.RainbowIconAlias" image="overdrop"/>

	<!-- Photomath -->
	<AppIcon name="com.microblink.photomath/com.microblink.photomath.main.activity.LauncherActivity" image="photomath"/>

	<!-- PixelLab -->
	<AppIcon name="com.imaginstudio.imagetools.pixellab/com.imaginstudio.imagetools.pixellab.MainActivity" image="pixellab"/>

	<!-- Precise Level -->
	<AppIcon name="com.jonyups.poziomicagen/com.unity3d.player.UnityPlayerActivity" image="precise_level"/>

	<!-- QR & Barcode Scanner -->
	<AppIcon name="com.gamma.scan/com.gamma.barcodeapp.ui.BarcodeCaptureActivity" image="qr_and_barcode_scanner"/>

	<!-- Ref Tools -->
	<AppIcon name="com.danfoss.koolapp/crc646cc10707b7d55a66.MainActivity" image="ref_tools"/>

	<!-- Referencia de rumbo -->
	<AppIcon name="ru.bearings/ru.bearings.Exit" image="referencia_de_rumbo"/>

	<!-- Reloj -->
	<AppIcon name="com.android.deskclock/com.android.deskclock.DeskClockTabActivity" image="reloj"/>

	<!-- Revolico -->
	<AppIcon name="com.revolico/com.revolico.MainActivity" image="revolico"/>

	<!-- RL KWGT -->
	<AppIcon name="kustom.archive.rlkwgtdesigns/org.kustom.api.dashboard.DashboardActivity" image="rl_kwgt"/>

	<!-- Secure VPN -->
	<AppIcon name="com.fast.free.unblock.secure.vpn/com.signallab.secure.activity.SplashActivity" image="secure_vpn"/>

	<!-- Seguimiento de Hábitos -->
	<AppIcon name="habittracker.todolist.tickit.daily.planner/habittracker.todolist.tickit.daily.planner.feature.main.SplashActivity" image="seguimiento_de_habitos"/>

	<!-- Servicios y comentarios -->
	<AppIcon name="com.miui.miservice/com.miui.miservice.main.MainActivity" image="servicios_y_comentarios"/>

	<!-- Smart View -->
	<AppIcon name="com.smartview.castto.screenmirror.appfor.miracast/com.smartview.castto.screenmirror.appfor.miracast.views.activities.SplashActivity" image="smart_view"/>

	<!-- SMD Bible -->
	<AppIcon name="ru.romavaleev.smdbible/ru.romavaleev.smdbible.MainActivity" image="smd_bible"/>

	<!-- SMD DataSheet -->
	<AppIcon name="ru.bootcode.smddatasheet/ru.bootcode.smddatasheet.MainActivity" image="smd_datasheet"/>

	<!-- SMD Marking Codes -->
	<AppIcon name="com.rilixtech.test/com.example.test.MainActivity" image="smd_marking_codes"/>

	<!-- Sonómetro -->
	<AppIcon name="com.splendapps.decibel/com.splendapps.decibel.MainActivity" image="sonometro"/>

	<!-- StayFree -->
	<AppIcon name="com.burockgames.timeclocker/com.burockgames.timeclocker.main.MainActivity" image="stayfree"/>

	<!-- Sudoku -->
	<AppIcon name="com.scn.sudokuchamp/com.scn.sudokuchamp.SplashActivity" image="sudoku"/>

	<!-- Time KWGT -->
	<AppIcon name="kustom.arkive.surajhodi.time/org.kustom.api.dashboard.DashboardActivity" image="time_kwgt"/>

	<!-- Timken -->
	<AppIcon name="com.phonegap.timken/com.phonegap.timken.MainActivity" image="timken"/>

	<!-- toy -->
	<AppIcon name="toy.kustom.pack/org.kustom.api.dashboard.DashboardActivity" image="toy"/>

	<!-- Transfermóvil -->
	<AppIcon name="cu.etecsa.cubacel.tr.tm/cu.etecsa.cubacel.tr.tm.UmUVg1RnzC" image="transfermovil"/>

	<!-- Trust Wallet -->
	<AppIcon name="com.wallet.crypto.trustapp/com.wallet.crypto.trustapp.ui.start.activity.RootHostActivity" image="trust_wallet"/>

	<!-- TuneFM -->
	<AppIcon name="fm.radio.sanity.radiofm/fm.radio.sanity.radiofm.activities.SplashActivity" image="tunefm"/>

	<!-- Unidades -->
	<AppIcon name="kr.sira.unit/kr.sira.unit.Intro" image="unidades"/>

	<!-- UniMote -->
	<AppIcon name="sensustech.universal.tv.remote.control/sensustech.universal.tv.remote.control.activities.SplashActivity" image="unimote"/>

	<!-- Velocímetro -->
	<AppIcon name="gps.speedometer.gpsspeedometer.odometer/gps.speedometer.gpsspeedometer.odometer.activity.SplashActivity" image="velocimetro"/>

	<!-- Wide Launcher -->
	<AppIcon name="com.shouter.widelauncher/com.shouter.widelauncher.MainActivity" image="wide_launcher"/>

	<!-- WPDF Lector de Documentos -->
	<AppIcon name="com.wpdf.lector/com.wpdf.lector.ui.activities.onboarding.SplashScreenActivity" image="wpdf_lector_de_documentos"/>

	<!-- Xiaomi Earbuds -->
	<AppIcon name="com.mi.earphone/com.xiaomi.fitness.login.SplashActivity" image="xiaomi_earbuds"/>

	<!-- Zapya -->
	<AppIcon name="com.dewmobile.kuaiya.play/com.dewmobile.kuaiya.act.DmStartupActivity" image="zapya"/>

</Theme>