<resources>

	<!-- AccuBattery -->
	<item component="ComponentInfo{com.digibites.accubattery/com.digibites.abatterysaver.BatterySaverActivity}" drawable="accubattery" />

	<!-- ACKO -->
	<item component="ComponentInfo{com.acko.android/com.acko.android.AckoActivity}" drawable="acko" />

	<!-- Adaptive Toons -->
	<item component="ComponentInfo{adaptive.toons.app/adaptive.toons.app.MainActivity}" drawable="adaptive_toons" />

	<!-- Adaptive You -->
	<item component="ComponentInfo{com.jndapp.adaptive.material.you.iconpack/com.jndapp.adaptive.material.you.iconpack.MainActivity}" drawable="adaptive_you" />

	<!-- ADW Launcher -->
	<item component="ComponentInfo{org.adw.launcher/org.adw.launcher.LauncherActivity}" drawable="adw_launcher" />

	<!-- Amazon -->
	<item component="ComponentInfo{in.amazon.mShop.android.shopping/com.amazon.mShop.home.HomeActivity}" drawable="amazon" />

	<!-- Amons -->
	<item component="ComponentInfo{com.amons.iconpack.theme/com.amons.iconpack.theme.activities.SplashActivity}" drawable="amons" />

	<!-- Apollo 247 -->
	<item component="ComponentInfo{com.apollo.patientapp/com.apollopatient.MainActivity}" drawable="apollo_247" />

	<!-- Arcticons -->
	<item component="ComponentInfo{com.donnnno.arcticons/com.donnnno.arcticons.activities.MainActivity}" drawable="arcticons" />

	<!-- Arcticons Black -->
	<item component="ComponentInfo{com.donnnno.arcticons.light/com.donnnno.arcticons.activities.MainActivity}" drawable="arcticons_black" />

	<!-- Arcticons Material You -->
	<item component="ComponentInfo{com.donnnno.arcticons.you.play/com.donnnno.arcticons.activities.MainActivity}" drawable="arcticons_material_you" />

	<!-- Atom -->
	<item component="ComponentInfo{com.asn360.atom.iconpack/com.asn360.atom.iconpack.MainActivity}" drawable="atom" />

	<!-- Atomic -->
	<item component="ComponentInfo{atomic.black.icon.pack/atomic.black.icon.pack.MainActivity}" drawable="atomic" />

	<!-- AVG AntiVirus -->
	<item component="ComponentInfo{com.antivirus/com.avast.android.one.base.ui.main.MainActivity}" drawable="avg_antivirus" />

	<!-- AVG Cleaner -->
	<item component="ComponentInfo{com.avg.cleaner/com.avast.android.cleaner.activity.StartActivity}" drawable="avg_cleaner" />

	<!-- AVG Secure Browser -->
	<item component="ComponentInfo{com.avg.android.secure.browser/com.tenta.android.activities.MainActivity}" drawable="avg_secure_browser" />

	<!-- Axis Mobile -->
	<item component="ComponentInfo{com.axis.mobile/com.axis.mobile.MainActivity}" drawable="axis_mobile" />

	<!-- BHIM -->
	<item component="ComponentInfo{in.org.npci.upiapp/mpacjhvlt.n}" drawable="bhim" />

	<!-- BlackLight -->
	<item component="ComponentInfo{black.light.icons.ddt/black.light.icons.ddt.MainActivity}" drawable="blacklight" />

	<!-- Blinkit -->
	<item component="ComponentInfo{com.grofers.customerapp/com.grofers.customerapp.REPUBLIC_DAY}" drawable="blinkit" />

	<!-- Bloom -->
	<item component="ComponentInfo{com.jndapp.bloom.circle.iconpack/com.jndapp.bloom.circle.iconpack.MainActivity}" drawable="bloom" />

	<!-- Bolt -->
	<item component="ComponentInfo{com.circle.bolt.iconpack/com.circle.bolt.iconpack.MainActivity}" drawable="bolt" />

	<!-- BSNL Selfcare -->
	<item component="ComponentInfo{com.digital.bsnl.selfcare/com.selfcare.mybsnl.activities.SplashActivity}" drawable="bsnl_selfcare" />

	<!-- Caelus -->
	<item component="ComponentInfo{studio14.application.caelus/com.candybar.dev.activities.SplashActivity}" drawable="caelus" />

	<!-- Caelus Duotone -->
	<item component="ComponentInfo{one4studio.iconpack.caelusduotone/com.candybar.dev.activities.SplashActivity}" drawable="caelus_duotone" />

	<!-- Calculator -->
	<item component="ComponentInfo{com.coloros.calculator/com.android.calculator2.Calculator}" drawable="calculator" />

	<!-- Camera -->
	<item component="ComponentInfo{com.oplus.camera/com.oplus.camera.Camera}" drawable="camera" />

	<!-- Canara ai1 -->
	<item component="ComponentInfo{com.canarabank.mobility/com.canarabank.mobility.MainActivity}" drawable="canara_ai1" />

	<!-- Clock -->
	<item component="ComponentInfo{com.coloros.alarmclock/com.oplus.alarmclock.AlarmClock}" drawable="clock" />

	<!-- Compass -->
	<item component="ComponentInfo{com.coloros.compass2/com.coloros.compass.flat.FlatCompass}" drawable="compass" />

	<!-- Corvy icons -->
	<item component="ComponentInfo{com.maxpatchs.corvy/com.maxpatchs.corvy.activities.SplashActivity}" drawable="corvy_icons" />

	<!-- Cream IconPack -->
	<item component="ComponentInfo{cream.icon.pack/cream.icon.pack.MainActivity}" drawable="cream_iconpack" />

	<!-- Crispy -->
	<item component="ComponentInfo{com.crispy.icons.flatedge.iconpack/com.crispy.icons.flatedge.iconpack.activities.SplashActivity}" drawable="crispy" />

	<!-- CrispyDark -->
	<item component="ComponentInfo{com.crispydark.icons.flatedge.iconpack/com.crispydark.icons.flatedge.iconpack.activities.SplashActivity}" drawable="crispydark" />

	<!-- DarkUnicorn -->
	<item component="ComponentInfo{dark.unicorn.icons.ddt/dark.unicorn.icons.ddt.MainActivity}" drawable="darkunicorn" />

	<!-- Date Calculator Pro -->
	<item component="ComponentInfo{com.ng_labs.dateandtime.pro/com.ng_labs.dateandtime.pro.SplashActivity}" drawable="date_calculator_pro" />

	<!-- Daylio -->
	<item component="ComponentInfo{net.daylio/net.daylio.activities.OverviewActivity}" drawable="daylio" />

	<!-- Desaturate -->
	<item component="ComponentInfo{ddt.destroyer.icon.pack/ddt.destroyer.icon.pack.MainActivity}" drawable="desaturate" />

	<!-- Diligent -->
	<item component="ComponentInfo{com.diligent.icons.flatedge.iconpack/com.diligent.icons.flatedge.iconpack.activities.SplashActivity}" drawable="diligent" />

	<!-- Dominion -->
	<item component="ComponentInfo{ddt.dominion.icon.pack/ddt.dominion.icon.pack.MainActivity}" drawable="dominion" />

	<!-- Dynasty -->
	<item component="ComponentInfo{ddt.dynasty.icon.pack/ddt.dynasty.icon.pack.MainActivity}" drawable="dynasty" />

	<!-- Earth -->
	<item component="ComponentInfo{com.panotogomo.lbearth/com.panotogomo.lbearth.activities.SplashActivity}" drawable="earth" />

	<!-- ELEV8 -->
	<item component="ComponentInfo{ddt.best.icon.pack/ddt.best.icon.pack.MainActivity}" drawable="elev8" />

	<!-- Emperial -->
	<item component="ComponentInfo{theme.drumdestroyer.emperial.launcher/theme.drumdestroyer.emperial.launcher.MainActivity}" drawable="emperial" />

	<!-- Empire -->
	<item component="ComponentInfo{theme.drumdestroyer.empire.launcher/theme.drumdestroyer.empire.launcher.MainActivity}" drawable="empire" />

	<!-- Enpass -->
	<item component="ComponentInfo{io.enpass.app/io.enpass.app.SplashScreenActivity}" drawable="enpass" />

	<!-- EPIK -->
	<item component="ComponentInfo{com.lknninex.epik/com.lknninex.epik.MainActivity}" drawable="epik" />

	<!-- Fruti -->
	<item component="ComponentInfo{com.b16h22.fruti/com.b16h22.fruti.MainActivity}" drawable="fruti" />

	<!-- Games -->
	<item component="ComponentInfo{com.oplus.games/com.oplus.games.ui.main.MainGameActivity}" drawable="games" />

	<!-- Graphite Icon Pack -->
	<item component="ComponentInfo{com.stark.graphite/com.stark.graphite.MainActivity}" drawable="graphite_icon_pack" />

	<!-- Halo -->
	<item component="ComponentInfo{free.pastel.icons.ddt/free.pastel.icons.ddt.MainActivity}" drawable="halo" />

	<!-- Honey Line -->
	<item component="ComponentInfo{com.panotogomo.nbyellow/com.panotogomo.nbyellow.activities.SplashActivity}" drawable="honey_line" />

	<!-- Hotstar -->
	<item component="ComponentInfo{in.startv.hotstar/com.hotstar.MainActivity}" drawable="hotstar" />

	<!-- iLook -->
	<item component="ComponentInfo{com.jndapp.apple.ilook.iconpack/com.jndapp.apple.ilook.iconpack.MainActivity}" drawable="ilook" />

	<!-- iOSXPC Wallpapers -->
	<item component="ComponentInfo{com.iosxpc.wallpapers/com.iosxpc.wallpapers.MainActivity}" drawable="iosxpc_wallpapers" />

	<!-- Klepon -->
	<item component="ComponentInfo{com.bandot.klepon.darkiconpack/com.bandot.klepon.darkiconpack.activities.SplashActivity}" drawable="klepon" />

	<!-- Klepon Wheel -->
	<item component="ComponentInfo{com.bandot.klepon.wheel.darkiconpack/com.bandot.klepon.wheel.darkiconpack.activities.SplashActivity}" drawable="klepon_wheel" />

	<!-- Launcher Ops -->
	<item component="ComponentInfo{com.flea.gsd.flea/com.flea.gsd.activities.MainActivity}" drawable="launcher_ops" />

	<!-- Lena -->
	<item component="ComponentInfo{one4studio.iconpack.lena/com.candybar.dev.activities.SplashActivity}" drawable="lena" />

	<!-- Lena Adaptive -->
	<item component="ComponentInfo{one4studio.iconpack.lenaadaptive/com.candybar.dev.activities.SplashActivity}" drawable="lena_adaptive" />

	<!-- Lena Black -->
	<item component="ComponentInfo{one4studio.iconpack.lenablack/com.candybar.dev.activities.SplashActivity}" drawable="lena_black" />

	<!-- Lena Dark -->
	<item component="ComponentInfo{one4studio.iconpack.lenadark/com.candybar.dev.activities.SplashActivity}" drawable="lena_dark" />

	<!-- Lena White -->
	<item component="ComponentInfo{one4studio.iconpack.lenawhite/com.candybar.dev.activities.SplashActivity}" drawable="lena_white" />

	<!-- Lenyo icons -->
	<item component="ComponentInfo{com.maxpatchs.lenyo/com.maxpatchs.lenyo.activities.SplashActivity}" drawable="lenyo_icons" />

	<!-- LineX White -->
	<item component="ComponentInfo{com.jndapp.linex.white.iconpack/com.jndapp.linex.white.iconpack.MainActivity}" drawable="linex_white" />

	<!-- LuX -->
	<item component="ComponentInfo{com.jndapp.lux.iconpack/com.jndapp.lux.iconpack.MainActivity}" drawable="lux" />

	<!-- LuX Free -->
	<item component="ComponentInfo{com.jndapp.lux.free.iconpack/com.jndapp.lux.free.iconpack.MainActivity}" drawable="lux_free" />

	<!-- Lynx Launcher -->
	<item component="ComponentInfo{org.n277.lynxlauncher/org.n277.lynxlauncher.HomeActivity}" drawable="lynx_launcher" />

	<!-- Manual Camera DSLR Pro -->
	<item component="ComponentInfo{com.lensesdev.manual.camera.pro/com.antafunny.burstcamera.MainActivity}" drawable="manual_camera_dslr_pro" />

	<!-- Mappls MapmyIndia -->
	<item component="ComponentInfo{com.mmi.maps/com.mmi.maps.ui.activities.HomeScreenActivity}" drawable="mappls_mapmyindia" />

	<!-- MATION -->
	<item component="ComponentInfo{com.lknninex.mation/com.lknninex.mation.MainActivity}" drawable="mation" />

	<!-- Mermaid -->
	<item component="ComponentInfo{mermaid.launcher.theme.ddt/mermaid.launcher.theme.ddt.MainActivity}" drawable="mermaid" />

	<!-- Minimal O -->
	<item component="ComponentInfo{com.jndapp.minimal.o.iconpack/com.jndapp.minimal.o.iconpack.MainActivity}" drawable="minimal_o" />

	<!-- Minimalist -->
	<item component="ComponentInfo{com.jndapp.iconpack.minimalist/com.jndapp.iconpack.minimalist.MainActivity}" drawable="minimalist" />

	<!-- Monoic -->
	<item component="ComponentInfo{com.kdpixels.iconpacks.monoic/com.kdpixels.iconpacks.monoic.activities.SplashActivity}" drawable="monoic" />

	<!-- Monoic Black -->
	<item component="ComponentInfo{com.kdpixels.iconpacks.monoicblack/com.kdpixels.iconpacks.monoicblack.activities.SplashActivity}" drawable="monoic_black" />

	<!-- Monoic SQ -->
	<item component="ComponentInfo{com.kdpixels.iconpacks.monoicsq/com.kdpixels.iconpacks.monoicsq.activities.SplashActivity}" drawable="monoic_sq" />

	<!-- Monoic SQ Black -->
	<item component="ComponentInfo{com.kdpixels.iconpacks.monoicsqblack/com.kdpixels.iconpacks.monoicsqblack.activities.SplashActivity}" drawable="monoic_sq_black" />

	<!-- Moonrise Pro -->
	<item component="ComponentInfo{com.moonrise.msitestudio.theme/com.moonrise.msitestudio.theme.activities.SplashActivity}" drawable="moonrise_pro" />

	<!-- Moxy icons -->
	<item component="ComponentInfo{com.maxpatchs.moxy/com.maxpatchs.moxy.activities.SplashActivity}" drawable="moxy_icons" />

	<!-- Multi App Uninstaller -->
	<item component="ComponentInfo{com.spencerstudios.multiappuninstaller/com.spencerstudios.multiappuninstaller.activities.MainActivity}" drawable="multi_app_uninstaller" />

	<!-- MyMoney Pro -->
	<item component="ComponentInfo{com.raha.app.mymoney.pro/com.raha.app.mymoney.ui.activity.SplashActivity}" drawable="mymoney_pro" />

	<!-- MyTherapy -->
	<item component="ComponentInfo{eu.smartpatient.mytherapy/eu.smartpatient.mytherapy.feature.account.presentation.onboarding.WelcomeActivity}" drawable="mytherapy" />

	<!-- Narendra Modi App -->
	<item component="ComponentInfo{com.narendramodiapp/com.narendramodiapp.SplashActivity}" drawable="narendra_modi_app" />

	<!-- NeoTrack -->
	<item component="ComponentInfo{com.neotrack.app/com.neotrack.app.MainActivity}" drawable="neotrack" />

	<!-- News -->
	<item component="ComponentInfo{com.google.android.apps.magazines/com.google.apps.dots.android.app.activity.CurrentsStartActivity}" drawable="news" />

	<!-- NextGen mParivahan -->
	<item component="ComponentInfo{com.nic.mparivahan/com.nic.mparivahan.Welcome.SplashScreen}" drawable="nextgen_mparivahan" />

	<!-- Nippon India Mutual Fund -->
	<item component="ComponentInfo{com.godbtech.reliancemf/com.zoontek.rnbootsplash.RNBootSplashActivity}" drawable="nippon_india_mutual_fund" />

	<!-- Nothing -->
	<item component="ComponentInfo{com.jndapp.nothing.white.dots.iconpack/com.jndapp.nothing.white.dots.iconpack.MainActivity}" drawable="nothing" />

	<!-- Nothing Neon -->
	<item component="ComponentInfo{com.jndapp.nothing.neon.dots.iconpack/com.jndapp.nothing.neon.dots.iconpack.MainActivity}" drawable="nothing_neon" />

	<!-- NOU -->
	<item component="ComponentInfo{ddt.material.icon.pack/ddt.material.icon.pack.MainActivity}" drawable="nou" />

	<!-- OneUI Circle -->
	<item component="ComponentInfo{com.onelook.oneui.circle.iconpack/com.onelook.oneui.circle.iconpack.MainActivity}" drawable="oneui_circle" />

	<!-- OneUI Dark -->
	<item component="ComponentInfo{com.one.ui.dark.s10.iconpack/com.one.ui.dark.s10.iconpack.MainActivity}" drawable="oneui_dark" />

	<!-- OwLine -->
	<item component="ComponentInfo{com.asn360.owline.iconpack.new/com.asn360.owline.iconpack.new.MainActivity}" drawable="owline" />

	<!-- PastelLine -->
	<item component="ComponentInfo{com.arrow.icons.pastelline/com.arrow.icons.pastelline.MainActivity}" drawable="pastelline" />

	<!-- Pear Launcher Pro -->
	<item component="ComponentInfo{com.pearlauncher.pearlauncherpro/com.pearlauncher.pearlauncherpro.MainActivity}" drawable="pear_launcher_pro" />

	<!-- Perfect -->
	<item component="ComponentInfo{perfect.icon.pack.ddt/perfect.icon.pack.ddt.MainActivity}" drawable="perfect" />

	<!-- Photos -->
	<item component="ComponentInfo{com.coloros.gallery3d/com.coloros.gallery3d.app.MainActivity}" drawable="photos" />

	<!-- PieCons -->
	<item component="ComponentInfo{pie.icon.pack.ddt/pie.icon.pack.ddt.MainActivity}" drawable="piecons" />

	<!-- Pix Material You Light/Dark -->
	<item component="ComponentInfo{com.pashapuma.pix.material.you.dark/com.pashapuma.pix.material.you.dark.activities.SplashActivity}" drawable="pix_material_you_light_dark" />

	<!-- Pix Wallpapers -->
	<item component="ComponentInfo{com.pashapuma.pix.wallpapers/com.pashapuma.pix.wallpapers.MainActivity}" drawable="pix_wallpapers" />

	<!-- Pixelation -->
	<item component="ComponentInfo{black.pixel.icons.ddt/black.pixel.icons.ddt.MainActivity}" drawable="pixelation" />

	<!-- Pixelicious -->
	<item component="ComponentInfo{pixel.circle.launcher.icons/pixel.circle.launcher.icons.MainActivity}" drawable="pixelicious" />

	<!-- Pixly Square -->
	<item component="ComponentInfo{com.cris87.pixelsquare/com.candybar.dev.activities.SplashActivity}" drawable="pixly_square" />

	<!-- Policybazaar -->
	<item component="ComponentInfo{com.policybazaar/com.policybazaar.MainActivity}" drawable="policybazaar" />

	<!-- Poweramp -->
	<item component="ComponentInfo{com.maxmpz.audioplayer/com.maxmpz.audioplayer.standard_adaptive}" drawable="poweramp" />

	<!-- Poweramp Equalizer -->
	<item component="ComponentInfo{com.maxmpz.equalizer/com.maxmpz.audioplayer.standard_adaptive}" drawable="poweramp_equalizer" />

	<!-- Poweramp Unlocker -->
	<item component="ComponentInfo{com.maxmpz.audioplayer.unlock/com.maxmpz.audioplayer.unlock.LauncherRedirectorActivity}" drawable="poweramp_unlocker" />

	<!-- ProCam X -->
	<item component="ComponentInfo{com.intermedia.hd.camera.pro/com.antafunny.burstcamera.MainActivity}" drawable="procam_x" />

	<!-- Project X -->
	<item component="ComponentInfo{black.nougat.icons.ddt/black.nougat.icons.ddt.MainActivity}" drawable="project_x" />

	<!-- QR & Barcode Scanner PRO -->
	<item component="ComponentInfo{com.gamma.scan2/com.gamma.barcodeapp.ui.BarcodeCaptureActivity}" drawable="qr_and_barcode_scanner_pro" />

	<!-- QR and Barcode Scanner PRO -->
	<item component="ComponentInfo{com.qrcode.barcode.scanner.reader.generator.pro/com.qrcode.barcode.scanner.reader.generator.pro.activity.MainActivity}" drawable="qr_and_barcode_scanner_pro" />

	<!-- Recticons -->
	<item component="ComponentInfo{com.jndapp.recticons.iconpack/com.jndapp.recticons.iconpack.MainActivity}" drawable="recticons" />

	<!-- Rest -->
	<item component="ComponentInfo{erega74.sltheme.rest/erega74.sltheme.rest.activities.SplashActivity}" drawable="rest" />

	<!-- Retrofit -->
	<item component="ComponentInfo{com.drumdestroyer.retrofit/com.drumdestroyer.retrofit.MainActivity}" drawable="retrofit" />

	<!-- Sagon -->
	<item component="ComponentInfo{com.bandot.sagon.dark.iconpack/com.bandot.sagon.dark.iconpack.activities.SplashActivity}" drawable="sagon" />

	<!-- Sagon Circle -->
	<item component="ComponentInfo{com.bandot.sagon.circle.darkiconpack/com.bandot.sagon.circle.darkiconpack.activities.SplashActivity}" drawable="sagon_circle" />

	<!-- Saturate -->
	<item component="ComponentInfo{ddt.free.icon.packs/ddt.free.icon.packs.MainActivity}" drawable="saturate" />

	<!-- Shapy -->
	<item component="ComponentInfo{com.osheden.shapy/com.osheden.shapy.activities.SplashActivity}" drawable="shapy" />

	<!-- Shimu -->
	<item component="ComponentInfo{com.erega74.shimu.iconpack/com.erega74.shimu.iconpack.activities.SplashActivity}" drawable="shimu" />

	<!-- Simplicon -->
	<item component="ComponentInfo{com.jndapp.iconpack.simplicon/com.jndapp.iconpack.simplicon.MainActivity}" drawable="simplicon" />

	<!-- SkyLine -->
	<item component="ComponentInfo{com.jndapp.skyline.linex.iconpack/com.jndapp.skyline.linex.iconpack.MainActivity}" drawable="skyline" />

	<!-- Sliced -->
	<item component="ComponentInfo{com.b16h22.sliced/com.b16h22.sliced.MainActivity}" drawable="sliced" />

	<!-- Softy -->
	<item component="ComponentInfo{com.asn360.softy.iconpack/com.asn360.softy.iconpack.MainActivity}" drawable="softy" />

	<!-- Stario Launcher -->
	<item component="ComponentInfo{com.stario.launcher/com.stario.launcher.Launcher}" drawable="stario_launcher" />

	<!-- Sunrise Pro -->
	<item component="ComponentInfo{com.sunrise.msitestudio.theme/com.sunrise.msitestudio.theme.activities.SplashActivity}" drawable="sunrise_pro" />

	<!-- SUPER -->
	<item component="ComponentInfo{one.icon.pack.ddt/one.icon.pack.ddt.MainActivity}" drawable="super" />

	<!-- Supreme -->
	<item component="ComponentInfo{supreme.icon.pack.ddt/supreme.icon.pack.ddt.MainActivity}" drawable="supreme" />

	<!-- Theme Store -->
	<item component="ComponentInfo{com.oplus.themestore/com.nearme.themespace.activities.ThemeActivity}" drawable="theme_store" />

	<!-- Tigad -->
	<item component="ComponentInfo{com.indigomadina.tigadpro/com.indigomadina.tigadpro.activities.SplashActivity}" drawable="tigad" />

	<!-- UMANG -->
	<item component="ComponentInfo{in.gov.umang.negd.g2c/in.gov.umang.negd.g2c.kotlin.ui.splash.SplashActivity}" drawable="umang" />

	<!-- Unicorn -->
	<item component="ComponentInfo{unicorn.icons.theme.ddt/unicorn.icons.theme.ddt.MainActivity}" drawable="unicorn" />

	<!-- Urban Company -->
	<item component="ComponentInfo{com.urbanclap.urbanclap/com.urbanclap.urbanclap.core.app_icon.NormalUser}" drawable="urban_company" />

	<!-- Verticons Icon pack -->
	<item component="ComponentInfo{com.spaceman.verticonspro/com.spaceman.verticonspro.MainActivity}" drawable="verticons_icon_pack" />

	<!-- Viral -->
	<item component="ComponentInfo{vintage.icon.pack.ddt/vintage.icon.pack.ddt.MainActivity}" drawable="viral" />

	<!-- Win10 - Icon Pack -->
	<item component="ComponentInfo{com.olivera.win10/com.olivera.win10.activities.SplashActivity}" drawable="win10_icon_pack" />

	<!-- Xperia -->
	<item component="ComponentInfo{com.cris87.xperia/com.candybar.dev.activities.SplashActivity}" drawable="xperia" />

	<!-- YouLine -->
	<item component="ComponentInfo{com.asn360.youline.iconpack/com.asn360.youline.iconpack.MainActivity}" drawable="youline" />

	<!-- Zepp Life -->
	<item component="ComponentInfo{com.xiaomi.hm.health/com.xiaomi.hm.health.activity.StartUpActivity}" drawable="zepp_life" />

	<!-- Zepto -->
	<item component="ComponentInfo{com.zeptoconsumerapp/com.zeptoconsumerapp.MainActivity}" drawable="zepto" />

	<!-- Zoho Daybook -->
	<item component="ComponentInfo{com.zoho.daybook/com.zoho.daybook.launcher.LauncherActivity}" drawable="zoho_daybook" />

</resources>