<appmap>

	<!-- AccuBattery -->
	<item class="com.digibites.abatterysaver.BatterySaverActivity" name="accubattery"/>

	<!-- ACKO -->
	<item class="com.acko.android.AckoActivity" name="acko"/>

	<!-- Adaptive Toons -->
	<item class="adaptive.toons.app.MainActivity" name="adaptive_toons"/>

	<!-- Adaptive You -->
	<item class="com.jndapp.adaptive.material.you.iconpack.MainActivity" name="adaptive_you"/>

	<!-- ADW Launcher -->
	<item class="org.adw.launcher.LauncherActivity" name="adw_launcher"/>

	<!-- Amazon -->
	<item class="com.amazon.mShop.home.HomeActivity" name="amazon"/>

	<!-- Amons -->
	<item class="com.amons.iconpack.theme.activities.SplashActivity" name="amons"/>

	<!-- Apollo 247 -->
	<item class="com.apollopatient.MainActivity" name="apollo_247"/>

	<!-- Arcticons -->
	<item class="com.donnnno.arcticons.activities.MainActivity" name="arcticons"/>

	<!-- Arcticons Black -->
	<item class="com.donnnno.arcticons.activities.MainActivity" name="arcticons_black"/>

	<!-- Arcticons Material You -->
	<item class="com.donnnno.arcticons.activities.MainActivity" name="arcticons_material_you"/>

	<!-- Atom -->
	<item class="com.asn360.atom.iconpack.MainActivity" name="atom"/>

	<!-- Atomic -->
	<item class="atomic.black.icon.pack.MainActivity" name="atomic"/>

	<!-- AVG AntiVirus -->
	<item class="com.avast.android.one.base.ui.main.MainActivity" name="avg_antivirus"/>

	<!-- AVG Cleaner -->
	<item class="com.avast.android.cleaner.activity.StartActivity" name="avg_cleaner"/>

	<!-- AVG Secure Browser -->
	<item class="com.tenta.android.activities.MainActivity" name="avg_secure_browser"/>

	<!-- Axis Mobile -->
	<item class="com.axis.mobile.MainActivity" name="axis_mobile"/>

	<!-- BHIM -->
	<item class="mpacjhvlt.n" name="bhim"/>

	<!-- BlackLight -->
	<item class="black.light.icons.ddt.MainActivity" name="blacklight"/>

	<!-- Blinkit -->
	<item class="com.grofers.customerapp.REPUBLIC_DAY" name="blinkit"/>

	<!-- Bloom -->
	<item class="com.jndapp.bloom.circle.iconpack.MainActivity" name="bloom"/>

	<!-- Bolt -->
	<item class="com.circle.bolt.iconpack.MainActivity" name="bolt"/>

	<!-- BSNL Selfcare -->
	<item class="com.selfcare.mybsnl.activities.SplashActivity" name="bsnl_selfcare"/>

	<!-- Caelus -->
	<item class="com.candybar.dev.activities.SplashActivity" name="caelus"/>

	<!-- Caelus Duotone -->
	<item class="com.candybar.dev.activities.SplashActivity" name="caelus_duotone"/>

	<!-- Calculator -->
	<item class="com.android.calculator2.Calculator" name="calculator"/>

	<!-- Camera -->
	<item class="com.oplus.camera.Camera" name="camera"/>

	<!-- Canara ai1 -->
	<item class="com.canarabank.mobility.MainActivity" name="canara_ai1"/>

	<!-- Clock -->
	<item class="com.oplus.alarmclock.AlarmClock" name="clock"/>

	<!-- Compass -->
	<item class="com.coloros.compass.flat.FlatCompass" name="compass"/>

	<!-- Corvy icons -->
	<item class="com.maxpatchs.corvy.activities.SplashActivity" name="corvy_icons"/>

	<!-- Cream IconPack -->
	<item class="cream.icon.pack.MainActivity" name="cream_iconpack"/>

	<!-- Crispy -->
	<item class="com.crispy.icons.flatedge.iconpack.activities.SplashActivity" name="crispy"/>

	<!-- CrispyDark -->
	<item class="com.crispydark.icons.flatedge.iconpack.activities.SplashActivity" name="crispydark"/>

	<!-- DarkUnicorn -->
	<item class="dark.unicorn.icons.ddt.MainActivity" name="darkunicorn"/>

	<!-- Date Calculator Pro -->
	<item class="com.ng_labs.dateandtime.pro.SplashActivity" name="date_calculator_pro"/>

	<!-- Daylio -->
	<item class="net.daylio.activities.OverviewActivity" name="daylio"/>

	<!-- Desaturate -->
	<item class="ddt.destroyer.icon.pack.MainActivity" name="desaturate"/>

	<!-- Diligent -->
	<item class="com.diligent.icons.flatedge.iconpack.activities.SplashActivity" name="diligent"/>

	<!-- Dominion -->
	<item class="ddt.dominion.icon.pack.MainActivity" name="dominion"/>

	<!-- Dynasty -->
	<item class="ddt.dynasty.icon.pack.MainActivity" name="dynasty"/>

	<!-- Earth -->
	<item class="com.panotogomo.lbearth.activities.SplashActivity" name="earth"/>

	<!-- ELEV8 -->
	<item class="ddt.best.icon.pack.MainActivity" name="elev8"/>

	<!-- Emperial -->
	<item class="theme.drumdestroyer.emperial.launcher.MainActivity" name="emperial"/>

	<!-- Empire -->
	<item class="theme.drumdestroyer.empire.launcher.MainActivity" name="empire"/>

	<!-- Enpass -->
	<item class="io.enpass.app.SplashScreenActivity" name="enpass"/>

	<!-- EPIK -->
	<item class="com.lknninex.epik.MainActivity" name="epik"/>

	<!-- Fruti -->
	<item class="com.b16h22.fruti.MainActivity" name="fruti"/>

	<!-- Games -->
	<item class="com.oplus.games.ui.main.MainGameActivity" name="games"/>

	<!-- Graphite Icon Pack -->
	<item class="com.stark.graphite.MainActivity" name="graphite_icon_pack"/>

	<!-- Halo -->
	<item class="free.pastel.icons.ddt.MainActivity" name="halo"/>

	<!-- Honey Line -->
	<item class="com.panotogomo.nbyellow.activities.SplashActivity" name="honey_line"/>

	<!-- Hotstar -->
	<item class="com.hotstar.MainActivity" name="hotstar"/>

	<!-- iLook -->
	<item class="com.jndapp.apple.ilook.iconpack.MainActivity" name="ilook"/>

	<!-- iOSXPC Wallpapers -->
	<item class="com.iosxpc.wallpapers.MainActivity" name="iosxpc_wallpapers"/>

	<!-- Klepon -->
	<item class="com.bandot.klepon.darkiconpack.activities.SplashActivity" name="klepon"/>

	<!-- Klepon Wheel -->
	<item class="com.bandot.klepon.wheel.darkiconpack.activities.SplashActivity" name="klepon_wheel"/>

	<!-- Launcher Ops -->
	<item class="com.flea.gsd.activities.MainActivity" name="launcher_ops"/>

	<!-- Lena -->
	<item class="com.candybar.dev.activities.SplashActivity" name="lena"/>

	<!-- Lena Adaptive -->
	<item class="com.candybar.dev.activities.SplashActivity" name="lena_adaptive"/>

	<!-- Lena Black -->
	<item class="com.candybar.dev.activities.SplashActivity" name="lena_black"/>

	<!-- Lena Dark -->
	<item class="com.candybar.dev.activities.SplashActivity" name="lena_dark"/>

	<!-- Lena White -->
	<item class="com.candybar.dev.activities.SplashActivity" name="lena_white"/>

	<!-- Lenyo icons -->
	<item class="com.maxpatchs.lenyo.activities.SplashActivity" name="lenyo_icons"/>

	<!-- LineX White -->
	<item class="com.jndapp.linex.white.iconpack.MainActivity" name="linex_white"/>

	<!-- LuX -->
	<item class="com.jndapp.lux.iconpack.MainActivity" name="lux"/>

	<!-- LuX Free -->
	<item class="com.jndapp.lux.free.iconpack.MainActivity" name="lux_free"/>

	<!-- Lynx Launcher -->
	<item class="org.n277.lynxlauncher.HomeActivity" name="lynx_launcher"/>

	<!-- Manual Camera DSLR Pro -->
	<item class="com.antafunny.burstcamera.MainActivity" name="manual_camera_dslr_pro"/>

	<!-- Mappls MapmyIndia -->
	<item class="com.mmi.maps.ui.activities.HomeScreenActivity" name="mappls_mapmyindia"/>

	<!-- MATION -->
	<item class="com.lknninex.mation.MainActivity" name="mation"/>

	<!-- Mermaid -->
	<item class="mermaid.launcher.theme.ddt.MainActivity" name="mermaid"/>

	<!-- Minimal O -->
	<item class="com.jndapp.minimal.o.iconpack.MainActivity" name="minimal_o"/>

	<!-- Minimalist -->
	<item class="com.jndapp.iconpack.minimalist.MainActivity" name="minimalist"/>

	<!-- Monoic -->
	<item class="com.kdpixels.iconpacks.monoic.activities.SplashActivity" name="monoic"/>

	<!-- Monoic Black -->
	<item class="com.kdpixels.iconpacks.monoicblack.activities.SplashActivity" name="monoic_black"/>

	<!-- Monoic SQ -->
	<item class="com.kdpixels.iconpacks.monoicsq.activities.SplashActivity" name="monoic_sq"/>

	<!-- Monoic SQ Black -->
	<item class="com.kdpixels.iconpacks.monoicsqblack.activities.SplashActivity" name="monoic_sq_black"/>

	<!-- Moonrise Pro -->
	<item class="com.moonrise.msitestudio.theme.activities.SplashActivity" name="moonrise_pro"/>

	<!-- Moxy icons -->
	<item class="com.maxpatchs.moxy.activities.SplashActivity" name="moxy_icons"/>

	<!-- Multi App Uninstaller -->
	<item class="com.spencerstudios.multiappuninstaller.activities.MainActivity" name="multi_app_uninstaller"/>

	<!-- MyMoney Pro -->
	<item class="com.raha.app.mymoney.ui.activity.SplashActivity" name="mymoney_pro"/>

	<!-- MyTherapy -->
	<item class="eu.smartpatient.mytherapy.feature.account.presentation.onboarding.WelcomeActivity" name="mytherapy"/>

	<!-- Narendra Modi App -->
	<item class="com.narendramodiapp.SplashActivity" name="narendra_modi_app"/>

	<!-- NeoTrack -->
	<item class="com.neotrack.app.MainActivity" name="neotrack"/>

	<!-- News -->
	<item class="com.google.apps.dots.android.app.activity.CurrentsStartActivity" name="news"/>

	<!-- NextGen mParivahan -->
	<item class="com.nic.mparivahan.Welcome.SplashScreen" name="nextgen_mparivahan"/>

	<!-- Nippon India Mutual Fund -->
	<item class="com.zoontek.rnbootsplash.RNBootSplashActivity" name="nippon_india_mutual_fund"/>

	<!-- Nothing -->
	<item class="com.jndapp.nothing.white.dots.iconpack.MainActivity" name="nothing"/>

	<!-- Nothing Neon -->
	<item class="com.jndapp.nothing.neon.dots.iconpack.MainActivity" name="nothing_neon"/>

	<!-- NOU -->
	<item class="ddt.material.icon.pack.MainActivity" name="nou"/>

	<!-- OneUI Circle -->
	<item class="com.onelook.oneui.circle.iconpack.MainActivity" name="oneui_circle"/>

	<!-- OneUI Dark -->
	<item class="com.one.ui.dark.s10.iconpack.MainActivity" name="oneui_dark"/>

	<!-- OwLine -->
	<item class="com.asn360.owline.iconpack.new.MainActivity" name="owline"/>

	<!-- PastelLine -->
	<item class="com.arrow.icons.pastelline.MainActivity" name="pastelline"/>

	<!-- Pear Launcher Pro -->
	<item class="com.pearlauncher.pearlauncherpro.MainActivity" name="pear_launcher_pro"/>

	<!-- Perfect -->
	<item class="perfect.icon.pack.ddt.MainActivity" name="perfect"/>

	<!-- Photos -->
	<item class="com.coloros.gallery3d.app.MainActivity" name="photos"/>

	<!-- PieCons -->
	<item class="pie.icon.pack.ddt.MainActivity" name="piecons"/>

	<!-- Pix Material You Light/Dark -->
	<item class="com.pashapuma.pix.material.you.dark.activities.SplashActivity" name="pix_material_you_light_dark"/>

	<!-- Pix Wallpapers -->
	<item class="com.pashapuma.pix.wallpapers.MainActivity" name="pix_wallpapers"/>

	<!-- Pixelation -->
	<item class="black.pixel.icons.ddt.MainActivity" name="pixelation"/>

	<!-- Pixelicious -->
	<item class="pixel.circle.launcher.icons.MainActivity" name="pixelicious"/>

	<!-- Pixly Square -->
	<item class="com.candybar.dev.activities.SplashActivity" name="pixly_square"/>

	<!-- Policybazaar -->
	<item class="com.policybazaar.MainActivity" name="policybazaar"/>

	<!-- Poweramp -->
	<item class="com.maxmpz.audioplayer.standard_adaptive" name="poweramp"/>

	<!-- Poweramp Equalizer -->
	<item class="com.maxmpz.audioplayer.standard_adaptive" name="poweramp_equalizer"/>

	<!-- Poweramp Unlocker -->
	<item class="com.maxmpz.audioplayer.unlock.LauncherRedirectorActivity" name="poweramp_unlocker"/>

	<!-- ProCam X -->
	<item class="com.antafunny.burstcamera.MainActivity" name="procam_x"/>

	<!-- Project X -->
	<item class="black.nougat.icons.ddt.MainActivity" name="project_x"/>

	<!-- QR & Barcode Scanner PRO -->
	<item class="com.gamma.barcodeapp.ui.BarcodeCaptureActivity" name="qr_and_barcode_scanner_pro"/>

	<!-- QR and Barcode Scanner PRO -->
	<item class="com.qrcode.barcode.scanner.reader.generator.pro.activity.MainActivity" name="qr_and_barcode_scanner_pro"/>

	<!-- Recticons -->
	<item class="com.jndapp.recticons.iconpack.MainActivity" name="recticons"/>

	<!-- Rest -->
	<item class="erega74.sltheme.rest.activities.SplashActivity" name="rest"/>

	<!-- Retrofit -->
	<item class="com.drumdestroyer.retrofit.MainActivity" name="retrofit"/>

	<!-- Sagon -->
	<item class="com.bandot.sagon.dark.iconpack.activities.SplashActivity" name="sagon"/>

	<!-- Sagon Circle -->
	<item class="com.bandot.sagon.circle.darkiconpack.activities.SplashActivity" name="sagon_circle"/>

	<!-- Saturate -->
	<item class="ddt.free.icon.packs.MainActivity" name="saturate"/>

	<!-- Shapy -->
	<item class="com.osheden.shapy.activities.SplashActivity" name="shapy"/>

	<!-- Shimu -->
	<item class="com.erega74.shimu.iconpack.activities.SplashActivity" name="shimu"/>

	<!-- Simplicon -->
	<item class="com.jndapp.iconpack.simplicon.MainActivity" name="simplicon"/>

	<!-- SkyLine -->
	<item class="com.jndapp.skyline.linex.iconpack.MainActivity" name="skyline"/>

	<!-- Sliced -->
	<item class="com.b16h22.sliced.MainActivity" name="sliced"/>

	<!-- Softy -->
	<item class="com.asn360.softy.iconpack.MainActivity" name="softy"/>

	<!-- Stario Launcher -->
	<item class="com.stario.launcher.Launcher" name="stario_launcher"/>

	<!-- Sunrise Pro -->
	<item class="com.sunrise.msitestudio.theme.activities.SplashActivity" name="sunrise_pro"/>

	<!-- SUPER -->
	<item class="one.icon.pack.ddt.MainActivity" name="super"/>

	<!-- Supreme -->
	<item class="supreme.icon.pack.ddt.MainActivity" name="supreme"/>

	<!-- Theme Store -->
	<item class="com.nearme.themespace.activities.ThemeActivity" name="theme_store"/>

	<!-- Tigad -->
	<item class="com.indigomadina.tigadpro.activities.SplashActivity" name="tigad"/>

	<!-- UMANG -->
	<item class="in.gov.umang.negd.g2c.kotlin.ui.splash.SplashActivity" name="umang"/>

	<!-- Unicorn -->
	<item class="unicorn.icons.theme.ddt.MainActivity" name="unicorn"/>

	<!-- Urban Company -->
	<item class="com.urbanclap.urbanclap.core.app_icon.NormalUser" name="urban_company"/>

	<!-- Verticons Icon pack -->
	<item class="com.spaceman.verticonspro.MainActivity" name="verticons_icon_pack"/>

	<!-- Viral -->
	<item class="vintage.icon.pack.ddt.MainActivity" name="viral"/>

	<!-- Win10 - Icon Pack -->
	<item class="com.olivera.win10.activities.SplashActivity" name="win10_icon_pack"/>

	<!-- Xperia -->
	<item class="com.candybar.dev.activities.SplashActivity" name="xperia"/>

	<!-- YouLine -->
	<item class="com.asn360.youline.iconpack.MainActivity" name="youline"/>

	<!-- Zepp Life -->
	<item class="com.xiaomi.hm.health.activity.StartUpActivity" name="zepp_life"/>

	<!-- Zepto -->
	<item class="com.zeptoconsumerapp.MainActivity" name="zepto"/>

	<!-- Zoho Daybook -->
	<item class="com.zoho.daybook.launcher.LauncherActivity" name="zoho_daybook"/>

</appmap>