<Theme version="1">

	<!-- AccuBattery -->
	<AppIcon name="com.digibites.accubattery/com.digibites.abatterysaver.BatterySaverActivity" image="accubattery"/>

	<!-- ACKO -->
	<AppIcon name="com.acko.android/com.acko.android.AckoActivity" image="acko"/>

	<!-- Adaptive Toons -->
	<AppIcon name="adaptive.toons.app/adaptive.toons.app.MainActivity" image="adaptive_toons"/>

	<!-- Adaptive You -->
	<AppIcon name="com.jndapp.adaptive.material.you.iconpack/com.jndapp.adaptive.material.you.iconpack.MainActivity" image="adaptive_you"/>

	<!-- ADW Launcher -->
	<AppIcon name="org.adw.launcher/org.adw.launcher.LauncherActivity" image="adw_launcher"/>

	<!-- Amazon -->
	<AppIcon name="in.amazon.mShop.android.shopping/com.amazon.mShop.home.HomeActivity" image="amazon"/>

	<!-- Amons -->
	<AppIcon name="com.amons.iconpack.theme/com.amons.iconpack.theme.activities.SplashActivity" image="amons"/>

	<!-- Apollo 247 -->
	<AppIcon name="com.apollo.patientapp/com.apollopatient.MainActivity" image="apollo_247"/>

	<!-- Arcticons -->
	<AppIcon name="com.donnnno.arcticons/com.donnnno.arcticons.activities.MainActivity" image="arcticons"/>

	<!-- Arcticons Black -->
	<AppIcon name="com.donnnno.arcticons.light/com.donnnno.arcticons.activities.MainActivity" image="arcticons_black"/>

	<!-- Arcticons Material You -->
	<AppIcon name="com.donnnno.arcticons.you.play/com.donnnno.arcticons.activities.MainActivity" image="arcticons_material_you"/>

	<!-- Atom -->
	<AppIcon name="com.asn360.atom.iconpack/com.asn360.atom.iconpack.MainActivity" image="atom"/>

	<!-- Atomic -->
	<AppIcon name="atomic.black.icon.pack/atomic.black.icon.pack.MainActivity" image="atomic"/>

	<!-- AVG AntiVirus -->
	<AppIcon name="com.antivirus/com.avast.android.one.base.ui.main.MainActivity" image="avg_antivirus"/>

	<!-- AVG Cleaner -->
	<AppIcon name="com.avg.cleaner/com.avast.android.cleaner.activity.StartActivity" image="avg_cleaner"/>

	<!-- AVG Secure Browser -->
	<AppIcon name="com.avg.android.secure.browser/com.tenta.android.activities.MainActivity" image="avg_secure_browser"/>

	<!-- Axis Mobile -->
	<AppIcon name="com.axis.mobile/com.axis.mobile.MainActivity" image="axis_mobile"/>

	<!-- BHIM -->
	<AppIcon name="in.org.npci.upiapp/mpacjhvlt.n" image="bhim"/>

	<!-- BlackLight -->
	<AppIcon name="black.light.icons.ddt/black.light.icons.ddt.MainActivity" image="blacklight"/>

	<!-- Blinkit -->
	<AppIcon name="com.grofers.customerapp/com.grofers.customerapp.REPUBLIC_DAY" image="blinkit"/>

	<!-- Bloom -->
	<AppIcon name="com.jndapp.bloom.circle.iconpack/com.jndapp.bloom.circle.iconpack.MainActivity" image="bloom"/>

	<!-- Bolt -->
	<AppIcon name="com.circle.bolt.iconpack/com.circle.bolt.iconpack.MainActivity" image="bolt"/>

	<!-- BSNL Selfcare -->
	<AppIcon name="com.digital.bsnl.selfcare/com.selfcare.mybsnl.activities.SplashActivity" image="bsnl_selfcare"/>

	<!-- Caelus -->
	<AppIcon name="studio14.application.caelus/com.candybar.dev.activities.SplashActivity" image="caelus"/>

	<!-- Caelus Duotone -->
	<AppIcon name="one4studio.iconpack.caelusduotone/com.candybar.dev.activities.SplashActivity" image="caelus_duotone"/>

	<!-- Calculator -->
	<AppIcon name="com.coloros.calculator/com.android.calculator2.Calculator" image="calculator"/>

	<!-- Camera -->
	<AppIcon name="com.oplus.camera/com.oplus.camera.Camera" image="camera"/>

	<!-- Canara ai1 -->
	<AppIcon name="com.canarabank.mobility/com.canarabank.mobility.MainActivity" image="canara_ai1"/>

	<!-- Clock -->
	<AppIcon name="com.coloros.alarmclock/com.oplus.alarmclock.AlarmClock" image="clock"/>

	<!-- Compass -->
	<AppIcon name="com.coloros.compass2/com.coloros.compass.flat.FlatCompass" image="compass"/>

	<!-- Corvy icons -->
	<AppIcon name="com.maxpatchs.corvy/com.maxpatchs.corvy.activities.SplashActivity" image="corvy_icons"/>

	<!-- Cream IconPack -->
	<AppIcon name="cream.icon.pack/cream.icon.pack.MainActivity" image="cream_iconpack"/>

	<!-- Crispy -->
	<AppIcon name="com.crispy.icons.flatedge.iconpack/com.crispy.icons.flatedge.iconpack.activities.SplashActivity" image="crispy"/>

	<!-- CrispyDark -->
	<AppIcon name="com.crispydark.icons.flatedge.iconpack/com.crispydark.icons.flatedge.iconpack.activities.SplashActivity" image="crispydark"/>

	<!-- DarkUnicorn -->
	<AppIcon name="dark.unicorn.icons.ddt/dark.unicorn.icons.ddt.MainActivity" image="darkunicorn"/>

	<!-- Date Calculator Pro -->
	<AppIcon name="com.ng_labs.dateandtime.pro/com.ng_labs.dateandtime.pro.SplashActivity" image="date_calculator_pro"/>

	<!-- Daylio -->
	<AppIcon name="net.daylio/net.daylio.activities.OverviewActivity" image="daylio"/>

	<!-- Desaturate -->
	<AppIcon name="ddt.destroyer.icon.pack/ddt.destroyer.icon.pack.MainActivity" image="desaturate"/>

	<!-- Diligent -->
	<AppIcon name="com.diligent.icons.flatedge.iconpack/com.diligent.icons.flatedge.iconpack.activities.SplashActivity" image="diligent"/>

	<!-- Dominion -->
	<AppIcon name="ddt.dominion.icon.pack/ddt.dominion.icon.pack.MainActivity" image="dominion"/>

	<!-- Dynasty -->
	<AppIcon name="ddt.dynasty.icon.pack/ddt.dynasty.icon.pack.MainActivity" image="dynasty"/>

	<!-- Earth -->
	<AppIcon name="com.panotogomo.lbearth/com.panotogomo.lbearth.activities.SplashActivity" image="earth"/>

	<!-- ELEV8 -->
	<AppIcon name="ddt.best.icon.pack/ddt.best.icon.pack.MainActivity" image="elev8"/>

	<!-- Emperial -->
	<AppIcon name="theme.drumdestroyer.emperial.launcher/theme.drumdestroyer.emperial.launcher.MainActivity" image="emperial"/>

	<!-- Empire -->
	<AppIcon name="theme.drumdestroyer.empire.launcher/theme.drumdestroyer.empire.launcher.MainActivity" image="empire"/>

	<!-- Enpass -->
	<AppIcon name="io.enpass.app/io.enpass.app.SplashScreenActivity" image="enpass"/>

	<!-- EPIK -->
	<AppIcon name="com.lknninex.epik/com.lknninex.epik.MainActivity" image="epik"/>

	<!-- Fruti -->
	<AppIcon name="com.b16h22.fruti/com.b16h22.fruti.MainActivity" image="fruti"/>

	<!-- Games -->
	<AppIcon name="com.oplus.games/com.oplus.games.ui.main.MainGameActivity" image="games"/>

	<!-- Graphite Icon Pack -->
	<AppIcon name="com.stark.graphite/com.stark.graphite.MainActivity" image="graphite_icon_pack"/>

	<!-- Halo -->
	<AppIcon name="free.pastel.icons.ddt/free.pastel.icons.ddt.MainActivity" image="halo"/>

	<!-- Honey Line -->
	<AppIcon name="com.panotogomo.nbyellow/com.panotogomo.nbyellow.activities.SplashActivity" image="honey_line"/>

	<!-- Hotstar -->
	<AppIcon name="in.startv.hotstar/com.hotstar.MainActivity" image="hotstar"/>

	<!-- iLook -->
	<AppIcon name="com.jndapp.apple.ilook.iconpack/com.jndapp.apple.ilook.iconpack.MainActivity" image="ilook"/>

	<!-- iOSXPC Wallpapers -->
	<AppIcon name="com.iosxpc.wallpapers/com.iosxpc.wallpapers.MainActivity" image="iosxpc_wallpapers"/>

	<!-- Klepon -->
	<AppIcon name="com.bandot.klepon.darkiconpack/com.bandot.klepon.darkiconpack.activities.SplashActivity" image="klepon"/>

	<!-- Klepon Wheel -->
	<AppIcon name="com.bandot.klepon.wheel.darkiconpack/com.bandot.klepon.wheel.darkiconpack.activities.SplashActivity" image="klepon_wheel"/>

	<!-- Launcher Ops -->
	<AppIcon name="com.flea.gsd.flea/com.flea.gsd.activities.MainActivity" image="launcher_ops"/>

	<!-- Lena -->
	<AppIcon name="one4studio.iconpack.lena/com.candybar.dev.activities.SplashActivity" image="lena"/>

	<!-- Lena Adaptive -->
	<AppIcon name="one4studio.iconpack.lenaadaptive/com.candybar.dev.activities.SplashActivity" image="lena_adaptive"/>

	<!-- Lena Black -->
	<AppIcon name="one4studio.iconpack.lenablack/com.candybar.dev.activities.SplashActivity" image="lena_black"/>

	<!-- Lena Dark -->
	<AppIcon name="one4studio.iconpack.lenadark/com.candybar.dev.activities.SplashActivity" image="lena_dark"/>

	<!-- Lena White -->
	<AppIcon name="one4studio.iconpack.lenawhite/com.candybar.dev.activities.SplashActivity" image="lena_white"/>

	<!-- Lenyo icons -->
	<AppIcon name="com.maxpatchs.lenyo/com.maxpatchs.lenyo.activities.SplashActivity" image="lenyo_icons"/>

	<!-- LineX White -->
	<AppIcon name="com.jndapp.linex.white.iconpack/com.jndapp.linex.white.iconpack.MainActivity" image="linex_white"/>

	<!-- LuX -->
	<AppIcon name="com.jndapp.lux.iconpack/com.jndapp.lux.iconpack.MainActivity" image="lux"/>

	<!-- LuX Free -->
	<AppIcon name="com.jndapp.lux.free.iconpack/com.jndapp.lux.free.iconpack.MainActivity" image="lux_free"/>

	<!-- Lynx Launcher -->
	<AppIcon name="org.n277.lynxlauncher/org.n277.lynxlauncher.HomeActivity" image="lynx_launcher"/>

	<!-- Manual Camera DSLR Pro -->
	<AppIcon name="com.lensesdev.manual.camera.pro/com.antafunny.burstcamera.MainActivity" image="manual_camera_dslr_pro"/>

	<!-- Mappls MapmyIndia -->
	<AppIcon name="com.mmi.maps/com.mmi.maps.ui.activities.HomeScreenActivity" image="mappls_mapmyindia"/>

	<!-- MATION -->
	<AppIcon name="com.lknninex.mation/com.lknninex.mation.MainActivity" image="mation"/>

	<!-- Mermaid -->
	<AppIcon name="mermaid.launcher.theme.ddt/mermaid.launcher.theme.ddt.MainActivity" image="mermaid"/>

	<!-- Minimal O -->
	<AppIcon name="com.jndapp.minimal.o.iconpack/com.jndapp.minimal.o.iconpack.MainActivity" image="minimal_o"/>

	<!-- Minimalist -->
	<AppIcon name="com.jndapp.iconpack.minimalist/com.jndapp.iconpack.minimalist.MainActivity" image="minimalist"/>

	<!-- Monoic -->
	<AppIcon name="com.kdpixels.iconpacks.monoic/com.kdpixels.iconpacks.monoic.activities.SplashActivity" image="monoic"/>

	<!-- Monoic Black -->
	<AppIcon name="com.kdpixels.iconpacks.monoicblack/com.kdpixels.iconpacks.monoicblack.activities.SplashActivity" image="monoic_black"/>

	<!-- Monoic SQ -->
	<AppIcon name="com.kdpixels.iconpacks.monoicsq/com.kdpixels.iconpacks.monoicsq.activities.SplashActivity" image="monoic_sq"/>

	<!-- Monoic SQ Black -->
	<AppIcon name="com.kdpixels.iconpacks.monoicsqblack/com.kdpixels.iconpacks.monoicsqblack.activities.SplashActivity" image="monoic_sq_black"/>

	<!-- Moonrise Pro -->
	<AppIcon name="com.moonrise.msitestudio.theme/com.moonrise.msitestudio.theme.activities.SplashActivity" image="moonrise_pro"/>

	<!-- Moxy icons -->
	<AppIcon name="com.maxpatchs.moxy/com.maxpatchs.moxy.activities.SplashActivity" image="moxy_icons"/>

	<!-- Multi App Uninstaller -->
	<AppIcon name="com.spencerstudios.multiappuninstaller/com.spencerstudios.multiappuninstaller.activities.MainActivity" image="multi_app_uninstaller"/>

	<!-- MyMoney Pro -->
	<AppIcon name="com.raha.app.mymoney.pro/com.raha.app.mymoney.ui.activity.SplashActivity" image="mymoney_pro"/>

	<!-- MyTherapy -->
	<AppIcon name="eu.smartpatient.mytherapy/eu.smartpatient.mytherapy.feature.account.presentation.onboarding.WelcomeActivity" image="mytherapy"/>

	<!-- Narendra Modi App -->
	<AppIcon name="com.narendramodiapp/com.narendramodiapp.SplashActivity" image="narendra_modi_app"/>

	<!-- NeoTrack -->
	<AppIcon name="com.neotrack.app/com.neotrack.app.MainActivity" image="neotrack"/>

	<!-- News -->
	<AppIcon name="com.google.android.apps.magazines/com.google.apps.dots.android.app.activity.CurrentsStartActivity" image="news"/>

	<!-- NextGen mParivahan -->
	<AppIcon name="com.nic.mparivahan/com.nic.mparivahan.Welcome.SplashScreen" image="nextgen_mparivahan"/>

	<!-- Nippon India Mutual Fund -->
	<AppIcon name="com.godbtech.reliancemf/com.zoontek.rnbootsplash.RNBootSplashActivity" image="nippon_india_mutual_fund"/>

	<!-- Nothing -->
	<AppIcon name="com.jndapp.nothing.white.dots.iconpack/com.jndapp.nothing.white.dots.iconpack.MainActivity" image="nothing"/>

	<!-- Nothing Neon -->
	<AppIcon name="com.jndapp.nothing.neon.dots.iconpack/com.jndapp.nothing.neon.dots.iconpack.MainActivity" image="nothing_neon"/>

	<!-- NOU -->
	<AppIcon name="ddt.material.icon.pack/ddt.material.icon.pack.MainActivity" image="nou"/>

	<!-- OneUI Circle -->
	<AppIcon name="com.onelook.oneui.circle.iconpack/com.onelook.oneui.circle.iconpack.MainActivity" image="oneui_circle"/>

	<!-- OneUI Dark -->
	<AppIcon name="com.one.ui.dark.s10.iconpack/com.one.ui.dark.s10.iconpack.MainActivity" image="oneui_dark"/>

	<!-- OwLine -->
	<AppIcon name="com.asn360.owline.iconpack.new/com.asn360.owline.iconpack.new.MainActivity" image="owline"/>

	<!-- PastelLine -->
	<AppIcon name="com.arrow.icons.pastelline/com.arrow.icons.pastelline.MainActivity" image="pastelline"/>

	<!-- Pear Launcher Pro -->
	<AppIcon name="com.pearlauncher.pearlauncherpro/com.pearlauncher.pearlauncherpro.MainActivity" image="pear_launcher_pro"/>

	<!-- Perfect -->
	<AppIcon name="perfect.icon.pack.ddt/perfect.icon.pack.ddt.MainActivity" image="perfect"/>

	<!-- Photos -->
	<AppIcon name="com.coloros.gallery3d/com.coloros.gallery3d.app.MainActivity" image="photos"/>

	<!-- PieCons -->
	<AppIcon name="pie.icon.pack.ddt/pie.icon.pack.ddt.MainActivity" image="piecons"/>

	<!-- Pix Material You Light/Dark -->
	<AppIcon name="com.pashapuma.pix.material.you.dark/com.pashapuma.pix.material.you.dark.activities.SplashActivity" image="pix_material_you_light_dark"/>

	<!-- Pix Wallpapers -->
	<AppIcon name="com.pashapuma.pix.wallpapers/com.pashapuma.pix.wallpapers.MainActivity" image="pix_wallpapers"/>

	<!-- Pixelation -->
	<AppIcon name="black.pixel.icons.ddt/black.pixel.icons.ddt.MainActivity" image="pixelation"/>

	<!-- Pixelicious -->
	<AppIcon name="pixel.circle.launcher.icons/pixel.circle.launcher.icons.MainActivity" image="pixelicious"/>

	<!-- Pixly Square -->
	<AppIcon name="com.cris87.pixelsquare/com.candybar.dev.activities.SplashActivity" image="pixly_square"/>

	<!-- Policybazaar -->
	<AppIcon name="com.policybazaar/com.policybazaar.MainActivity" image="policybazaar"/>

	<!-- Poweramp -->
	<AppIcon name="com.maxmpz.audioplayer/com.maxmpz.audioplayer.standard_adaptive" image="poweramp"/>

	<!-- Poweramp Equalizer -->
	<AppIcon name="com.maxmpz.equalizer/com.maxmpz.audioplayer.standard_adaptive" image="poweramp_equalizer"/>

	<!-- Poweramp Unlocker -->
	<AppIcon name="com.maxmpz.audioplayer.unlock/com.maxmpz.audioplayer.unlock.LauncherRedirectorActivity" image="poweramp_unlocker"/>

	<!-- ProCam X -->
	<AppIcon name="com.intermedia.hd.camera.pro/com.antafunny.burstcamera.MainActivity" image="procam_x"/>

	<!-- Project X -->
	<AppIcon name="black.nougat.icons.ddt/black.nougat.icons.ddt.MainActivity" image="project_x"/>

	<!-- QR & Barcode Scanner PRO -->
	<AppIcon name="com.gamma.scan2/com.gamma.barcodeapp.ui.BarcodeCaptureActivity" image="qr_and_barcode_scanner_pro"/>

	<!-- QR and Barcode Scanner PRO -->
	<AppIcon name="com.qrcode.barcode.scanner.reader.generator.pro/com.qrcode.barcode.scanner.reader.generator.pro.activity.MainActivity" image="qr_and_barcode_scanner_pro"/>

	<!-- Recticons -->
	<AppIcon name="com.jndapp.recticons.iconpack/com.jndapp.recticons.iconpack.MainActivity" image="recticons"/>

	<!-- Rest -->
	<AppIcon name="erega74.sltheme.rest/erega74.sltheme.rest.activities.SplashActivity" image="rest"/>

	<!-- Retrofit -->
	<AppIcon name="com.drumdestroyer.retrofit/com.drumdestroyer.retrofit.MainActivity" image="retrofit"/>

	<!-- Sagon -->
	<AppIcon name="com.bandot.sagon.dark.iconpack/com.bandot.sagon.dark.iconpack.activities.SplashActivity" image="sagon"/>

	<!-- Sagon Circle -->
	<AppIcon name="com.bandot.sagon.circle.darkiconpack/com.bandot.sagon.circle.darkiconpack.activities.SplashActivity" image="sagon_circle"/>

	<!-- Saturate -->
	<AppIcon name="ddt.free.icon.packs/ddt.free.icon.packs.MainActivity" image="saturate"/>

	<!-- Shapy -->
	<AppIcon name="com.osheden.shapy/com.osheden.shapy.activities.SplashActivity" image="shapy"/>

	<!-- Shimu -->
	<AppIcon name="com.erega74.shimu.iconpack/com.erega74.shimu.iconpack.activities.SplashActivity" image="shimu"/>

	<!-- Simplicon -->
	<AppIcon name="com.jndapp.iconpack.simplicon/com.jndapp.iconpack.simplicon.MainActivity" image="simplicon"/>

	<!-- SkyLine -->
	<AppIcon name="com.jndapp.skyline.linex.iconpack/com.jndapp.skyline.linex.iconpack.MainActivity" image="skyline"/>

	<!-- Sliced -->
	<AppIcon name="com.b16h22.sliced/com.b16h22.sliced.MainActivity" image="sliced"/>

	<!-- Softy -->
	<AppIcon name="com.asn360.softy.iconpack/com.asn360.softy.iconpack.MainActivity" image="softy"/>

	<!-- Stario Launcher -->
	<AppIcon name="com.stario.launcher/com.stario.launcher.Launcher" image="stario_launcher"/>

	<!-- Sunrise Pro -->
	<AppIcon name="com.sunrise.msitestudio.theme/com.sunrise.msitestudio.theme.activities.SplashActivity" image="sunrise_pro"/>

	<!-- SUPER -->
	<AppIcon name="one.icon.pack.ddt/one.icon.pack.ddt.MainActivity" image="super"/>

	<!-- Supreme -->
	<AppIcon name="supreme.icon.pack.ddt/supreme.icon.pack.ddt.MainActivity" image="supreme"/>

	<!-- Theme Store -->
	<AppIcon name="com.oplus.themestore/com.nearme.themespace.activities.ThemeActivity" image="theme_store"/>

	<!-- Tigad -->
	<AppIcon name="com.indigomadina.tigadpro/com.indigomadina.tigadpro.activities.SplashActivity" image="tigad"/>

	<!-- UMANG -->
	<AppIcon name="in.gov.umang.negd.g2c/in.gov.umang.negd.g2c.kotlin.ui.splash.SplashActivity" image="umang"/>

	<!-- Unicorn -->
	<AppIcon name="unicorn.icons.theme.ddt/unicorn.icons.theme.ddt.MainActivity" image="unicorn"/>

	<!-- Urban Company -->
	<AppIcon name="com.urbanclap.urbanclap/com.urbanclap.urbanclap.core.app_icon.NormalUser" image="urban_company"/>

	<!-- Verticons Icon pack -->
	<AppIcon name="com.spaceman.verticonspro/com.spaceman.verticonspro.MainActivity" image="verticons_icon_pack"/>

	<!-- Viral -->
	<AppIcon name="vintage.icon.pack.ddt/vintage.icon.pack.ddt.MainActivity" image="viral"/>

	<!-- Win10 - Icon Pack -->
	<AppIcon name="com.olivera.win10/com.olivera.win10.activities.SplashActivity" image="win10_icon_pack"/>

	<!-- Xperia -->
	<AppIcon name="com.cris87.xperia/com.candybar.dev.activities.SplashActivity" image="xperia"/>

	<!-- YouLine -->
	<AppIcon name="com.asn360.youline.iconpack/com.asn360.youline.iconpack.MainActivity" image="youline"/>

	<!-- Zepp Life -->
	<AppIcon name="com.xiaomi.hm.health/com.xiaomi.hm.health.activity.StartUpActivity" image="zepp_life"/>

	<!-- Zepto -->
	<AppIcon name="com.zeptoconsumerapp/com.zeptoconsumerapp.MainActivity" image="zepto"/>

	<!-- Zoho Daybook -->
	<AppIcon name="com.zoho.daybook/com.zoho.daybook.launcher.LauncherActivity" image="zoho_daybook"/>

</Theme>