<resources>

	<!-- 123云盘 -->
	<item component="ComponentInfo{com.mfcloudcalculate.networkdisk/com.mfcloudcalculate.networkdisk.activity.SplashActivity}" drawable="_123云盘" />

	<!-- 阿里巴巴 -->
	<item component="ComponentInfo{com.alibaba.wireless/com.alibaba.wireless.launch.LauncherActivity}" drawable="阿里巴巴" />

	<!-- 阿里云盘 -->
	<item component="ComponentInfo{com.alicloud.databox/com.alicloud.databox.launcher.splash.SplashActivity}" drawable="阿里云盘" />

	<!-- 安卓清理君 -->
	<item component="ComponentInfo{com.magicalstory.cleaner/com.magicalstory.cleaner.main.MainActivity}" drawable="安卓清理君" />

	<!-- 百度网盘 -->
	<item component="ComponentInfo{com.baidu.netdisk/com.baidu.netdisk.ui.OPLauncherActivity}" drawable="百度网盘" />

	<!-- 崩坏：星穹铁道 -->
	<item component="ComponentInfo{com.miHoYo.hkrpg/com.mihoyo.combosdk.ComboSDKActivity}" drawable="崩坏：星穹铁道" />

	<!-- 必胜客 -->
	<item component="ComponentInfo{com.yumc.phsuperapp/com.yum.ph.SplashAct}" drawable="必胜客" />

	<!-- 哔哩哔哩 -->
	<item component="ComponentInfo{tv.danmaku.bili/tv.danmaku.bili.MainActivityV2}" drawable="哔哩哔哩" />

	<!-- 便签 -->
	<item component="ComponentInfo{com.coloros.note/com.nearme.note.main.MainActivity}" drawable="便签" />

	<!-- 才士题库 -->
	<item component="ComponentInfo{com.cswx.doorknowquestionbank/com.cswx.doorknowquestionbank.ui.LaunchActivity}" drawable="才士题库" />

	<!-- 菜鸟 -->
	<item component="ComponentInfo{com.cainiao.wireless/com.cainiao.wireless.homepage.view.activity.WelcomeActivity}" drawable="菜鸟" />

	<!-- 禅定空间 -->
	<item component="ComponentInfo{com.oneplus.brickmode/com.oneplus.brickmode.activity.MainControlActivity}" drawable="禅定空间" />

	<!-- 锤锤 -->
	<item component="ComponentInfo{com.fuck.android.rimet/com.fuck.android.rimet.MainActivity}" drawable="锤锤" />

	<!-- 存储空间隔离 -->
	<item component="ComponentInfo{moe.shizuku.redirectstorage/moe.shizuku.redirectstorage.MainActivity}" drawable="存储空间隔离" />

	<!-- 叨鱼 -->
	<item component="ComponentInfo{com.sdo.sdaccountkey/com.sdo.sdaccountkey.ui.welcome.WelcomeActivity}" drawable="叨鱼" />

	<!-- 滴滴出行 -->
	<item component="ComponentInfo{com.sdu.didi.psnger/com.didi.sdk.app.launch.splash.SplashActivity}" drawable="滴滴出行" />

	<!-- 钉钉 -->
	<item component="ComponentInfo{com.alibaba.android.rimet/com.alibaba.android.rimet.biz.LaunchHomeActivity}" drawable="钉钉" />

	<!-- 懂车帝 -->
	<item component="ComponentInfo{com.ss.android.auto/com.ss.android.auto.policy.AutoPrivacyActivity}" drawable="懂车帝" />

	<!-- 抖音 -->
	<item component="ComponentInfo{com.ss.android.ugc.aweme/com.ss.android.ugc.aweme.splash.SplashActivity}" drawable="抖音" />

	<!-- 飞智游戏厅 -->
	<item component="ComponentInfo{com.fdg.flashplay.farsee/com.game.motionelf.activity.ActivityStart}" drawable="飞智游戏厅" />

	<!-- 高德地图 -->
	<item component="ComponentInfo{com.autonavi.minimap/com.autonavi.map.activity.SplashActivity}" drawable="高德地图" />

	<!-- 航旅纵横 -->
	<item component="ComponentInfo{com.umetrip.android.msky.app/com.umetrip.android.msky.app.module.startup.SplashActivity}" drawable="航旅纵横" />

	<!-- 好游快爆 -->
	<item component="ComponentInfo{com.xmcy.hykb/com.xmcy.hykb.app.ui.splash.SplashActivity}" drawable="好游快爆" />

	<!-- 黑料网 -->
	<item component="ComponentInfo{jp.arnli.becuap/com.mater.ct.mater.MainActivity}" drawable="黑料网" />

	<!-- 红薯猪手 -->
	<item component="ComponentInfo{com.skyhand.redbookhelper/com.skyhand.redbookhelper.MainActivityAlias}" drawable="红薯猪手" />

	<!-- 红外遥控 -->
	<item component="ComponentInfo{com.oplus.consumerIRApp/com.oplus.consumerIRApp.navigation.HomeActivity}" drawable="红外遥控" />

	<!-- 火星搜题 -->
	<item component="ComponentInfo{com.fenbi.android.souti/com.fenbi.android.souti.WelcomeActivity}" drawable="火星搜题" />

	<!-- 家庭空间 -->
	<item component="ComponentInfo{com.coloros.familyguard/com.coloros.familyguard.FakeActivity}" drawable="家庭空间" />

	<!-- 减掉腹部脂肪 -->
	<item component="ComponentInfo{losebellyfat.flatstomach.absworkout.fatburning/losebellyfat.flatstomach.absworkout.fatburning.activity.StartActivity}" drawable="减掉腹部脂肪" />

	<!-- 健康 -->
	<item component="ComponentInfo{com.heytap.health/com.heytap.health.oobe.LaunchActivity}" drawable="健康" />

	<!-- 京东 -->
	<item component="ComponentInfo{com.jingdong.app.mall/com.jingdong.app.mall.main.MainActivity}" drawable="京东" />

	<!-- 考拉海购 -->
	<item component="ComponentInfo{com.kaola/com.kaola.modules.main.controller.MainActivity}" drawable="考拉海购" />

	<!-- 夸克 -->
	<item component="ComponentInfo{com.quark.browser/com.ucpro.MainActivity}" drawable="夸克" />

	<!-- 夸克扫描王 -->
	<item component="ComponentInfo{com.quark.scanking/com.ucpro.MainActivity}" drawable="夸克扫描王" />

	<!-- 快捷方式 -->
	<item component="ComponentInfo{com.syyf.quickpay/com.syyf.quickpay.MainActivity}" drawable="快捷方式" />

	<!-- 慢慢买 -->
	<item component="ComponentInfo{com.manmanbuy.bijia/com.manmanbuy.bijia.StartActivity}" drawable="慢慢买" />

	<!-- 芒果TV -->
	<item component="ComponentInfo{com.hunantv.imgo.activity/com.hunantv.imgo.activity.MainActivity}" drawable="芒果tv" />

	<!-- 猫眼 -->
	<item component="ComponentInfo{com.sankuai.movie/com.sankuai.movie.welcome.Welcome}" drawable="猫眼" />

	<!-- 猫爪 -->
	<item component="ComponentInfo{com.xiyou.miao/com.xiyou.miao.SplashActivity}" drawable="猫爪" />

	<!-- 美团 -->
	<item component="ComponentInfo{com.sankuai.meituan/com.meituan.android.pt.homepage.activity.MainActivity}" drawable="美团" />

	<!-- 美团外卖 -->
	<item component="ComponentInfo{com.sankuai.meituan.takeoutnew/com.sankuai.meituan.takeoutnew.ui.page.boot.WelcomeActivity}" drawable="美团外卖" />

	<!-- 霓虹深渊：无限 -->
	<item component="ComponentInfo{com.shangyoo.neon/com.tpf.sdk.activity.TPFSplashActivity}" drawable="霓虹深渊：无限" />

	<!-- 泡泡 -->
	<item component="ComponentInfo{com.picacomic.PicacomicChatApp/com.example.picacomic_audio_chat_mobile_app.MainActivity}" drawable="泡泡" />

	<!-- 拼多多 -->
	<item component="ComponentInfo{com.xunmeng.pinduoduo/com.xunmeng.pinduoduo.ui.activity.MainFrameActivity}" drawable="拼多多" />

	<!-- 起点读书 -->
	<item component="ComponentInfo{com.qidian.QDReader/com.qidian.QDReader.ui.activity.SplashActivity}" drawable="起点读书" />

	<!-- 钱包 -->
	<item component="ComponentInfo{com.finshell.wallet/com.finshell.icon.activity.CNYIconActivity}" drawable="钱包" />

	<!-- 钱迹 -->
	<item component="ComponentInfo{com.mutangtech.qianji/com.mutangtech.qianji.ui.main.MainActivity}" drawable="钱迹" />

	<!-- 清浊 -->
	<item component="ComponentInfo{com.farplace.qingzhuo/com.farplace.qingzhuo.views.SplashActivity}" drawable="清浊" />

	<!-- 全境封锁2配装工具 -->
	<item component="ComponentInfo{com.mauiapp.division2app/crc64f5769658b188c6b7.MainActivity}" drawable="全境封锁2配装工具" />

	<!-- 人卫 -->
	<item component="ComponentInfo{com.pmph.irenwei/cn.pmph.splash.SplashActivity}" drawable="人卫" />

	<!-- 日历 -->
	<item component="ComponentInfo{com.coloros.calendar/com.android.calendar.AllInOneActivity}" drawable="日历" />

	<!-- 什么值得买 -->
	<item component="ComponentInfo{com.smzdm.client.android/com.smzdm.client.android.app.WelComeActivity}" drawable="什么值得买" />

	<!-- 视频 -->
	<item component="ComponentInfo{com.heytap.yoli/com.heytap.yoli.icon_org}" drawable="视频" />

	<!-- 手机搬家 -->
	<item component="ComponentInfo{com.coloros.backuprestore/com.oplus.phoneclone.PhoneCloneMainActivity}" drawable="手机搬家" />

	<!-- 书城 -->
	<item component="ComponentInfo{com.heytap.book/com.qq.reader.activity.SplashActivity}" drawable="书城" />

	<!-- 数据备份 -->
	<item component="ComponentInfo{com.xayah.databackup.premium/com.xayah.databackup.ui.activity.splash.SplashActivity}" drawable="数据备份" />

	<!-- 淘宝 -->
	<item component="ComponentInfo{com.taobao.taobao/com.taobao.tao.welcome.Welcome}" drawable="淘宝" />

	<!-- 腾讯会议 -->
	<item component="ComponentInfo{com.tencent.wemeet.app/com.tencent.wemeet.app.StartupActivity}" drawable="腾讯会议" />

	<!-- 铁路12306 -->
	<item component="ComponentInfo{com.MobileTicket/com.MobileTicket.ui.activity.WelcomeGuideActivity}" drawable="铁路12306" />

	<!-- 通知滤盒 -->
	<item component="ComponentInfo{com.catchingnow.np/com.catchingnow.np.E$W}" drawable="通知滤盒" />

	<!-- 王者荣耀 -->
	<item component="ComponentInfo{com.tencent.tmgp.sgame/com.tencent.tmgp.sgame.SGameActivity}" drawable="王者荣耀" />

	<!-- 王者营地 -->
	<item component="ComponentInfo{com.tencent.gamehelper.smoba/com.tencent.gamehelper.biz.launcher.ui.SplashActivity}" drawable="王者营地" />

	<!-- 网易云音乐 -->
	<item component="ComponentInfo{com.netease.cloudmusic/com.netease.cloudmusic.activity.IconChangeDefaultAlias}" drawable="网易云音乐" />

	<!-- 微博 -->
	<item component="ComponentInfo{com.sina.weibo/com.sina.weibo.SplashActivity}" drawable="微博" />

	<!-- 微光 -->
	<item component="ComponentInfo{com.qingqi.dianbo/com.qingqi.dianbo.DefaultAliasActivity}" drawable="微光" />

	<!-- 微信输入法 -->
	<item component="ComponentInfo{com.tencent.wetype/com.tencent.wetype.plugin.hld.reactnative.activity.ImeMainSettingActivity}" drawable="微信输入法" />

	<!-- 微X模块 -->
	<item component="ComponentInfo{com.fkzhang.wechatxposed/com.fkzhang.wechatxposed.MainActivityAlias}" drawable="微x模块" />

	<!-- 我的电视 -->
	<item component="ComponentInfo{com.lizongying.mytv/com.lizongying.mytv.MainActivity}" drawable="我的电视" />

	<!-- 我的一加 -->
	<item component="ComponentInfo{com.oneplus.member/com.oppo.usercenter.vip.UCVIPMainActivity}" drawable="我的一加" />

	<!-- 闲鱼 -->
	<item component="ComponentInfo{com.taobao.idlefish/com.taobao.fleamarket.home.activity.InitActivity}" drawable="闲鱼" />

	<!-- 相机 -->
	<item component="ComponentInfo{com.oplus.camera/com.oplus.camera.Camera}" drawable="相机" />

	<!-- 相机 -->
	<item component="ComponentInfo{com.agc.gcam91/com.android.camera.CameraLauncher}" drawable="相机" />

	<!-- 小布指令 -->
	<item component="ComponentInfo{com.coloros.shortcuts/com.coloros.shortcuts.ui.MainActivity}" drawable="小布指令" />

	<!-- 小布助手 -->
	<item component="ComponentInfo{com.heytap.speechassist/com.heytap.speechassist.launcher.SpeechAssistMainActivity}" drawable="小布助手" />

	<!-- 小鸡游戏世界 -->
	<item component="ComponentInfo{com.xiaoji.xtouch/com.xiaoji.gameworld.activity.EntryActivity}" drawable="小鸡游戏世界" />

	<!-- 小游戏 -->
	<item component="ComponentInfo{com.oplus.play/com.nearme.play.module.main.LauncherActivity}" drawable="小游戏" />

	<!-- 携程旅行 -->
	<item component="ComponentInfo{ctrip.android.view/ctrip.business.splash.CtripSplashActivity}" drawable="携程旅行" />

	<!-- 心悦俱乐部 -->
	<item component="ComponentInfo{com.tencent.tgclub/com.tencent.tgclub.business.appframe.WelcomeActivity}" drawable="心悦俱乐部" />

	<!-- 星返 -->
	<item component="ComponentInfo{com.xingfan1.app/com.waquan.ui.LauncherActivity}" drawable="星返" />

	<!-- 星河避难所 -->
	<item component="ComponentInfo{vip.kirakira.starcitizenlite/vip.kirakira.starcitizenlite.MainActivity}" drawable="星河避难所" />

	<!-- 学习强国 -->
	<item component="ComponentInfo{cn.xuexi.android/com.alibaba.android.rimet.biz.SplashActivity}" drawable="学习强国" />

	<!-- 一加全能盒子 -->
	<item component="ComponentInfo{com.daxiaamu.op7mutools/com.e4a.runtime.android.mainActivity}" drawable="一加全能盒子" />

	<!-- 一加社区 -->
	<item component="ComponentInfo{com.oneplus.bbs/com.oplus.community.activity.LauncherActivity}" drawable="一加社区" />

	<!-- 医学电子书包 -->
	<item component="ComponentInfo{com.mvw.nationalmedicalPhone/com.mvw.nationalmedicalPhone.activity.SplashActivity}" drawable="医学电子书包" />

	<!-- 影像解剖图谱 -->
	<item component="ComponentInfo{cn.osmk.imgmedical/cn.osmk.imgmedical.MainActivity}" drawable="影像解剖图谱" />

	<!-- 邮件 -->
	<item component="ComponentInfo{com.android.email/com.android.email.login.activity.WelcomeActivity}" drawable="邮件" />

	<!-- 元力FUN -->
	<item component="ComponentInfo{com.tryfun.intelligent/com.tryfun.intelligent.MainActivity}" drawable="元力fun" />

	<!-- 阅读 -->
	<item component="ComponentInfo{com.heytap.reader/com.chaozh.iReader.ui.activity.WelcomeActivity}" drawable="阅读" />

	<!-- 阅读 -->
	<item component="ComponentInfo{io.legado.app.release/io.legado.app.ui.welcome.WelcomeActivity}" drawable="阅读" />

	<!-- 阅读工具箱 -->
	<item component="ComponentInfo{com.zeroworld.yuedu.tool/com.zeroworld.tool.MainActivity}" drawable="阅读工具箱" />

	<!-- 运动模拟器 -->
	<item component="ComponentInfo{com.zhufucdev.motion_emulator/com.zhufucdev.motion_emulator.ui.MainActivity}" drawable="运动模拟器" />

	<!-- 运动模拟器模拟位置插件 -->
	<item component="ComponentInfo{com.zhufucdev.mock_location_plugin/com.zhufucdev.mock_location_plugin.ui.MainActivity}" drawable="运动模拟器模拟位置插件" />

	<!-- 掌上道聚城 -->
	<item component="ComponentInfo{com.tencent.djcity/com.tencent.djcity.activities.homepage.PortalActivity}" drawable="掌上道聚城" />

	<!-- 掌医课堂 -->
	<item component="ComponentInfo{com.zgnet.eClass/com.zgnet.eClass.ui.SplashActivity}" drawable="掌医课堂" />

	<!-- 支付宝 -->
	<item component="ComponentInfo{com.eg.android.AlipayGphone/com.eg.android.AlipayGphone.AlipayLogin}" drawable="支付宝" />

	<!-- 知乎 -->
	<item component="ComponentInfo{com.zhihu.android/com.zhihu.android.app.ui.activity.LauncherActivity}" drawable="知乎" />

	<!-- 智能家居 -->
	<item component="ComponentInfo{com.heytap.smarthome/com.heytap.smarthome.LauncherActivity}" drawable="智能家居" />

	<!-- 智谱清言 -->
	<item component="ComponentInfo{com.zhipuai.qingyan/com.zhipuai.qingyan.MainActivity}" drawable="智谱清言" />

	<!-- 中国电信 -->
	<item component="ComponentInfo{com.ct.client/com.ct.client.activity.SplashActivity}" drawable="中国电信" />

	<!-- 中国建设银行 -->
	<item component="ComponentInfo{com.chinamworld.main/com.ccb.start.MainActivity}" drawable="中国建设银行" />

	<!-- 中国银行 -->
	<item component="ComponentInfo{com.chinamworld.bocmbci/com.boc.bocsoft.mobile.bocmobile.buss.system.splash.SplashActivity}" drawable="中国银行" />

	<!-- 主题商店 -->
	<item component="ComponentInfo{com.heytap.themestore/com.nearme.themespace.activities.ThemeActivity}" drawable="主题商店" />

	<!-- 自动记账 -->
	<item component="ComponentInfo{cn.dreamn.qianji_auto/cn.dreamn.qianji_auto.ui.activity.MainActivity}" drawable="自动记账" />

	<!-- AccA -->
	<item component="ComponentInfo{mattecarra.accapp/mattecarra.accapp.activities.MainActivity}" drawable="acca" />

	<!-- AccuBattery -->
	<item component="ComponentInfo{com.digibites.accubattery/com.digibites.abatterysaver.BatterySaverActivity}" drawable="accubattery" />

	<!-- AGC ToolKit -->
	<item component="ComponentInfo{com.agc.gcam_tools/com.agc.gcam_tools.MainActivity}" drawable="agc_toolkit" />

	<!-- Alpha -->
	<item component="ComponentInfo{io.github.vvb2060.magisk/com.topjohnwu.magisk.ui.MainActivity}" drawable="alpha" />

	<!-- App Ops -->
	<item component="ComponentInfo{rikka.appops/rikka.appops.home.HomeActivity}" drawable="app_ops" />

	<!-- c001apk -->
	<item component="ComponentInfo{com.example.c001apk/com.example.c001apk.ui.activity.MainActivity}" drawable="c001apk" />

	<!-- Clash Meta -->
	<item component="ComponentInfo{com.github.metacubex.clash.meta/com.github.kr328.clash.MainActivity}" drawable="clash_meta" />

	<!-- DJI Mimo -->
	<item component="ComponentInfo{dji.mimo/dji.mimo.main.DJILaunchActivity}" drawable="dji_mimo" />

	<!-- Fake Location -->
	<item component="ComponentInfo{com.lerist.fakelocation/com.lerist.fakelocation.ui.activity.MainActivity}" drawable="fake_location" />

	<!-- FakeStandby -->
	<item component="ComponentInfo{android.jonas.fakestandby/android.jonas.fakestandby.settings.SettingsActivity}" drawable="fakestandby" />

	<!-- Filmic Pro -->
	<item component="ComponentInfo{com.filmic.filmicpro/com.filmic.activity.FilmicActivity}" drawable="filmic_pro" />

	<!-- GKD -->
	<item component="ComponentInfo{li.songe.gkd/li.songe.gkd.MainActivity}" drawable="gkd" />

	<!-- Gopeed -->
	<item component="ComponentInfo{com.gopeed/com.gopeed.MainActivity}" drawable="gopeed" />

	<!-- GPS Locker -->
	<item component="ComponentInfo{com.silentlexx.gpslock/com.silentlexx.gpslock.MainActivity}" drawable="gps_locker" />

	<!-- H3C魔术家 -->
	<item component="ComponentInfo{com.h3c.android.h3cmagic/com.h3c.magic.app.mvp.ui.activity.SplashActivity}" drawable="h3c魔术家" />

	<!-- Horizon Kernel Flasher -->
	<item component="ComponentInfo{xzr.hkf/xzr.hkf.MainActivity}" drawable="horizon_kernel_flasher" />

	<!-- Ingress -->
	<item component="ComponentInfo{com.nianticproject.ingress/com.nianticproject.ingress.IngressActivity}" drawable="ingress" />

	<!-- KOOK -->
	<item component="ComponentInfo{cn.kaiheila/cn.kaiheila.ui.main.SplashActivity}" drawable="kook" />

	<!-- LSPosed -->
	<item component="ComponentInfo{org.lsposed.manager/org.lsposed.manager.ui.activity.MainActivity}" drawable="lsposed" />

	<!-- LuckyTool -->
	<item component="ComponentInfo{com.luckyzyx.luckytool/com.luckyzyx.luckytool.Hide}" drawable="luckytool" />

	<!-- Mantis Gamepad Pro -->
	<item component="ComponentInfo{app.mantispro.gamepad/app.mantispro.gamepad.MainActivity}" drawable="mantis_gamepad_pro" />

	<!-- MCC -->
	<item component="ComponentInfo{module.config.control/module.config.control.SplashActivity}" drawable="mcc" />

	<!-- mediaScanner -->
	<item component="ComponentInfo{awais.media.scanner/awais.media.scanner.Main}" drawable="mediascanner" />

	<!-- MHW伙伴 -->
	<item component="ComponentInfo{com.wonderplay.mhwo/com.wonderplay.mhwo.MainActivity}" drawable="mhw伙伴" />

	<!-- Mihon -->
	<item component="ComponentInfo{app.mihon/eu.kanade.tachiyomi.ui.main.MainActivity}" drawable="mihon" />

	<!-- Momo -->
	<item component="ComponentInfo{io.github.vvb2060.mahoshojo/io.github.vvb2060.mahoshojo.home.HomeActivity}" drawable="momo" />

	<!-- MultiTTS -->
	<item component="ComponentInfo{org.nobody.multitts/org.nobody.multitts.ui.main.MainActivity}" drawable="multitts" />

	<!-- MuPDF mini -->
	<item component="ComponentInfo{com.artifex.mupdf.mini.app/com.artifex.mupdf.mini.app.LibraryActivity}" drawable="mupdf_mini" />

	<!-- Nagram -->
	<item component="ComponentInfo{xyz.nextalone.nagram/org.telegram.messenger.DefaultIcon}" drawable="nagram" />

	<!-- Native Test -->
	<item component="ComponentInfo{icu.nullptr.nativetest/android.app.NativeActivity}" drawable="native_test" />

	<!-- NekoBox -->
	<item component="ComponentInfo{moe.nb4a/io.nekohasekai.sagernet.ui.MainActivity}" drawable="nekobox" />

	<!-- NGA客户端 -->
	<item component="ComponentInfo{gov.anzong.androidnga/gov.anzong.androidnga.activity.MainActivity}" drawable="nga客户端" />

	<!-- OneSync -->
	<item component="ComponentInfo{com.ttxapps.onesyncv2/com.ttxapps.sync.app.MainActivity}" drawable="onesync" />

	<!-- OPPO 商城 -->
	<item component="ComponentInfo{com.oppo.store/com.oppo.store.InitActivity}" drawable="oppo_商城" />

	<!-- PlusNE -->
	<item component="ComponentInfo{com.nnnen.plusne/com.nnnen.plusne.MainActivity}" drawable="plusne" />

	<!-- PlusNE -->
	<item component="ComponentInfo{me.plusne/me.plusne.MainActivity}" drawable="plusne" />

	<!-- Poweramp 均衡器 -->
	<item component="ComponentInfo{com.maxmpz.equalizer/com.maxmpz.audioplayer.standard_adaptive}" drawable="poweramp_均衡器" />

	<!-- QAuxiliary -->
	<item component="ComponentInfo{io.github.qauxv/io.github.qauxv.activity.ConfigV2ActivityAlias}" drawable="qauxiliary" />

	<!-- QDReadHook -->
	<item component="ComponentInfo{cn.xihan.qdds/cn.xihan.qdds.MainActivity}" drawable="qdreadhook" />

	<!-- QQ -->
	<item component="ComponentInfo{com.tencent.mobileqq/com.tencent.mobileqq.activity.SplashActivity}" drawable="qq" />

	<!-- QQ音乐 -->
	<item component="ComponentInfo{com.tencent.qqmusic/com.tencent.qqmusic.activity.AppStarterActivity}" drawable="qq音乐" />

	<!-- Scene -->
	<item component="ComponentInfo{com.omarea.vtools/com.omarea.vtools.activities.ActivityMain}" drawable="scene" />

	<!-- Securify -->
	<item component="ComponentInfo{io.github.rabahx.securify/io.github.rabahx.securify.ui.activity.MainActivity}" drawable="securify" />

	<!-- SmarGate -->
	<item component="ComponentInfo{com.smarGate.huawei/com.smarGate.MainActivity}" drawable="smargate" />

	<!-- Soul -->
	<item component="ComponentInfo{cn.soulapp.android/cn.soulapp.android.component.startup.main.MainActivity}" drawable="soul" />

	<!-- SteamPY -->
	<item component="ComponentInfo{com.steampy.app/com.steampy.app.activity.common.splash.SplashActivity}" drawable="steampy" />

	<!-- Tachiyomi -->
	<item component="ComponentInfo{eu.kanade.tachiyomi/eu.kanade.tachiyomi.ui.main.MainActivity}" drawable="tachiyomi" />

	<!-- Tailscale -->
	<item component="ComponentInfo{com.tailscale.ipn/com.tailscale.ipn.IPNActivity}" drawable="tailscale" />

	<!-- TapTap -->
	<item component="ComponentInfo{com.taptap/com.play.taptap.ui.SplashAct}" drawable="taptap" />

	<!-- TGStickerProvider -->
	<item component="ComponentInfo{cc.microblock.TGStickerProvider/cc.microblock.TGStickerProvider.Home}" drawable="tgstickerprovider" />

	<!-- TSBattery -->
	<item component="ComponentInfo{com.fankes.tsbattery/com.fankes.tsbattery.Home}" drawable="tsbattery" />

	<!-- Ubisoft Connect -->
	<item component="ComponentInfo{com.ubisoft.uplay/com.zoontek.rnbootsplash.RNBootSplashActivity}" drawable="ubisoft_connect" />

	<!-- UU加速器 -->
	<item component="ComponentInfo{com.netease.uu/com.netease.uu.activity.LaunchActivity}" drawable="uu加速器" />

	<!-- Xbox Beta -->
	<item component="ComponentInfo{com.microsoft.xboxone.smartglass.beta/com.microsoft.xbox.MainActivity}" drawable="xbox_beta" />

	<!-- YC调度管理 -->
	<item component="ComponentInfo{com.sulisong.uperf/com.sulisong.uperf.MainActivity}" drawable="yc调度管理" />

	<!-- yuzu -->
	<item component="ComponentInfo{org.yuzu.yuzu_emu/org.yuzu.yuzu_emu.ui.main.MainActivity}" drawable="yuzu" />

</resources>