<resources>

	<!-- 3F -->
	<item component="ComponentInfo{com.threesome.swingers.threefun/com.threesome.swingers.threefun.mainLauncher}" drawable="_3f" />

	<!-- Adobe Capture -->
	<item component="ComponentInfo{com.adobe.creativeapps.gather/com.adobe.creativeapps.gather.activity.GatherSplashScreenActivity}" drawable="adobe_capture" />

	<!-- Adobe Fill & Sign -->
	<item component="ComponentInfo{com.adobe.fas/com.adobe.fas.Home.FillAndSign}" drawable="adobe_fill_and_sign" />

	<!-- Aisle -->
	<item component="ComponentInfo{com.aisle.app/com.aisle.app.activity.SplashScreen}" drawable="aisle" />

	<!-- Amazon -->
	<item component="ComponentInfo{in.amazon.mShop.android.shopping/com.amazon.mShop.home.HomeActivity}" drawable="amazon" />

	<!-- Ambience -->
	<item component="ComponentInfo{it.mm.android.ambience/it.mm.android.ambience.MainActivity}" drawable="ambience" />

	<!-- Android Samba Client -->
	<item component="ComponentInfo{com.google.android.sambadocumentsprovider/com.google.android.sambadocumentsprovider.mount.MountServerActivity}" drawable="android_samba_client" />

	<!-- Apollo 247 -->
	<item component="ComponentInfo{com.apollo.patientapp/com.apollopatient.MainActivity}" drawable="apollo_247" />

	<!-- Aurora Droid -->
	<item component="ComponentInfo{com.aurora.adroid/com.aurora.adroid.ui.generic.activity.SplashActivity}" drawable="aurora_droid" />

	<!-- Authenticator -->
	<item component="ComponentInfo{com.tcs.totp/com.tcs.totp.activity.Splashscreen}" drawable="authenticator" />

	<!-- Barbeque Nation -->
	<item component="ComponentInfo{com.jamhub.barbeque/com.jamhub.barbeque.activity.login.SplashActivity}" drawable="barbeque_nation" />

	<!-- bbdaily -->
	<item component="ComponentInfo{com.raincan.android.hybrid/com.raincan.app.v2.splash.activity.SplashActivity}" drawable="bbdaily" />

	<!-- Bewakoof -->
	<item component="ComponentInfo{com.bewakoof.bewakoof/com.bewakoof.bewakoof.MainActivity}" drawable="bewakoof" />

	<!-- BharatPe -->
	<item component="ComponentInfo{com.bharatpe.app/com.bharatpe.app.appUseCases.splash.activities.ActivitySplashMain}" drawable="bharatpe" />

	<!-- BHIM -->
	<item component="ComponentInfo{in.org.npci.upiapp/mpacjhvlt.n}" drawable="bhim" />

	<!-- Bhim SBI Pay -->
	<item component="ComponentInfo{com.sbi.upi/com.sbi.upi.customerMode.modules.initial.splash.SplashActivity}" drawable="bhim_sbi_pay" />

	<!-- Bitcoin -->
	<item component="ComponentInfo{de.schildbach.wallet/de.schildbach.wallet.WalletActivity}" drawable="bitcoin" />

	<!-- Bitcoin Cash Register -->
	<item component="ComponentInfo{com.bitcoin.merchant.app/com.bitcoin.merchant.app.SplashActivity}" drawable="bitcoin_cash_register" />

	<!-- Bitcoin.com Wallet -->
	<item component="ComponentInfo{com.bitcoin.mwallet/com.bitcoin.mwallet.DeepLinkActivity}" drawable="bitcoincom_wallet" />

	<!-- Blinkit -->
	<item component="ComponentInfo{com.grofers.customerapp/com.grofers.customerapp.DEFAULT}" drawable="blinkit" />

	<!-- boodmo -->
	<item component="ComponentInfo{com.opsway.boodmo/com.opsway.boodmo.MainActivity}" drawable="boodmo" />

	<!-- BroadLink -->
	<item component="ComponentInfo{cn.com.broadlink.econtrol.international/cn.com.broadlink.unify.app.main.activity.LoadingActivity}" drawable="broadlink" />

	<!-- Business Card Maker -->
	<item component="ComponentInfo{com.bhima.businesscardmaker/com.bhima.businesscardmaker.SplashActivity}" drawable="business_card_maker" />

	<!-- Business Suite -->
	<item component="ComponentInfo{com.facebook.pages.app/com.facebook.pages.app.auth.PagesManagerLoginActivity}" drawable="business_suite" />

	<!-- Calculator -->
	<item component="ComponentInfo{all.in.one.calculator/app.calculator.ui.activities.feed.FeedActivity}" drawable="calculator" />

	<!-- Calculator -->
	<item component="ComponentInfo{com.oneplus.calculator/com.android.calculator2.Calculator}" drawable="calculator" />

	<!-- Camera -->
	<item component="ComponentInfo{com.oplus.camera/com.oplus.camera.Camera}" drawable="camera" />

	<!-- CamScanner -->
	<item component="ComponentInfo{com.intsig.camscanner/com.intsig.camscanner.mainmenu.mainactivity.MainActivity}" drawable="camscanner" />

	<!-- Click to chat -->
	<item component="ComponentInfo{com.trianguloy.openInWhatsapp/com.trianguloy.openInWhatsapp.activities.main.Main}" drawable="click_to_chat" />

	<!-- Clock -->
	<item component="ComponentInfo{com.oneplus.deskclock/com.oplus.alarmclock.AlarmClock}" drawable="clock" />

	<!-- Clone Phone -->
	<item component="ComponentInfo{com.oneplus.backuprestore/com.oplus.phoneclone.PhoneCloneMainActivity}" drawable="clone_phone" />

	<!-- CoinSwitch -->
	<item component="ComponentInfo{com.coinswitch.kuber/com.coinswitch.kuber.SplashActivity}" drawable="coinswitch" />

	<!-- Community -->
	<item component="ComponentInfo{net.oneplus.forums/com.oplus.community.activity.LauncherActivity}" drawable="community" />

	<!-- Company Portal -->
	<item component="ComponentInfo{com.microsoft.windowsintune.companyportal/com.microsoft.windowsintune.companyportal.views.SplashActivity}" drawable="company_portal" />

	<!-- CPGRAMS -->
	<item component="ComponentInfo{nic.org.mygrievance/nic.org.mygrievance.SplashActivity}" drawable="cpgrams" />

	<!-- Cross DJ Pro -->
	<item component="ComponentInfo{com.mixvibes.crossdjapp/com.mixvibes.crossdj.SplashScreenActivity}" drawable="cross_dj_pro" />

	<!-- Decathlon -->
	<item component="ComponentInfo{com.evamall.evacustomer/com.evamall.evacustomer.splash.SplashActivity}" drawable="decathlon" />

	<!-- Deco -->
	<item component="ComponentInfo{com.tplink.tpm5/com.tplink.tpm5.component.account.welcome.view.WelcomeActivity}" drawable="deco" />

	<!-- Digi Yatra -->
	<item component="ComponentInfo{in.dataevolve.digiyatra/in.dataevolve.digiyatra.MainActivity}" drawable="digi_yatra" />

	<!-- Digital Rupee By ICICI Bank -->
	<item component="ComponentInfo{com.icici.digitalrupee/com.icici.digitalrupee.launcher_82ebc589674e8e0b07c27a0ce8bfa2dccf70dcdca3bf3300b8498b8164aac438}" drawable="digital_rupee_by_icici_bank" />

	<!-- Digital Rupee by Kotak Bank -->
	<item component="ComponentInfo{org.npci.erupeeKOTAK/org.npci.token.MainActivity}" drawable="digital_rupee_by_kotak_bank" />

	<!-- Epson iPrint -->
	<item component="ComponentInfo{epson.print/epson.print.WellcomeScreenActivity}" drawable="epson_iprint" />

	<!-- Family Link -->
	<item component="ComponentInfo{com.google.android.apps.kids.familylink/com.google.android.apps.kids.familylink.flutter.standalone.HomeActivity}" drawable="family_link" />

	<!-- Food on Track -->
	<item component="ComponentInfo{com.irctc.fot/com.irctc.fot.ui.screens.main.MainActivity}" drawable="food_on_track" />

	<!-- Games -->
	<item component="ComponentInfo{com.oplus.games/com.oplus.games.ui.main.MainGameActivity}" drawable="games" />

	<!-- Google Ads -->
	<item component="ComponentInfo{com.google.android.apps.adwords/com.google.android.apps.adwords.InitialLoadingActivity}" drawable="google_ads" />

	<!-- Google Pay for Business -->
	<item component="ComponentInfo{com.google.android.apps.nbu.paisa.merchant/com.google.android.apps.nbu.paisa.merchant.launcher.MerchantLauncherActivity}" drawable="google_pay_for_business" />

	<!-- Google Wifi -->
	<item component="ComponentInfo{com.google.android.apps.access.wifi.consumer/com.google.android.apps.access.wifi.consumer.app.MainActivity}" drawable="google_wifi" />

	<!-- happn -->
	<item component="ComponentInfo{com.ftw_and_co.happn/com.ftw_and_co.happn.ui.splash.SplashActivity}" drawable="happn" />

	<!-- HiHello -->
	<item component="ComponentInfo{play.me.hihello.app/com.zoontek.rnbootsplash.RNBootSplashActivity}" drawable="hihello" />

	<!-- hike -->
	<item component="ComponentInfo{com.bsb.hike/com.bsb.hike.ui.HomeActivity}" drawable="hike" />

	<!-- Hike -->
	<item component="ComponentInfo{com.hike.chat.stickers/com.bsb.hike.default}" drawable="hike" />

	<!-- hoichoi -->
	<item component="ComponentInfo{com.viewlift.hoichoi/com.viewlift.hoichoi.framework.presentation.splash.SplashActivity}" drawable="hoichoi" />

	<!-- Home Assistant -->
	<item component="ComponentInfo{io.homeassistant.companion.android.minimal/io.homeassistant.companion.android.launch.LaunchActivity}" drawable="home_assistant" />

	<!-- Hotstar -->
	<item component="ComponentInfo{in.startv.hotstar/com.hotstar.MainActivity}" drawable="hotstar" />

	<!-- Hunch -->
	<item component="ComponentInfo{social.hunch.app/social.hunch.app.MainActivity}" drawable="hunch" />

	<!-- HungerBox Cafe -->
	<item component="ComponentInfo{com.hungerbox.customer.common/com.hungerbox.customer.prelogin.activity.MainActivity}" drawable="hungerbox_cafe" />

	<!-- Identity -->
	<item component="ComponentInfo{com.entrust.identityGuard.mobile/com.entrust.identityGuard.mobile.MainActivity}" drawable="identity" />

	<!-- IndianOil ONE -->
	<item component="ComponentInfo{cx.indianoil.in/cx.indianoil.in.lpg.view.login.WelcomeActivity}" drawable="indianoil_one" />

	<!-- INDmoney -->
	<item component="ComponentInfo{in.indwealth/splash.SplashActivity}" drawable="indmoney" />

	<!-- Insider Business -->
	<item component="ComponentInfo{in.insider.business/in.insider.business.activity.HomeActivity}" drawable="insider_business" />

	<!-- Ivy Wallet -->
	<item component="ComponentInfo{com.ivy.wallet/com.ivy.wallet.RootActivity}" drawable="ivy_wallet" />

	<!-- Jellyfin -->
	<item component="ComponentInfo{org.jellyfin.mobile/org.jellyfin.mobile.MainActivity}" drawable="jellyfin" />

	<!-- JoinMyTrip -->
	<item component="ComponentInfo{com.joinmytrip.www/com.joinmytrip.www.MainActivity}" drawable="joinmytrip" />

	<!-- Jupiter -->
	<item component="ComponentInfo{money.jupiter/money.jupiter.MainActivity}" drawable="jupiter" />

	<!-- Kaizala -->
	<item component="ComponentInfo{com.microsoft.mobile.polymer/com.microsoft.mobile.polymer.ui.MainActivity}" drawable="kaizala" />

	<!-- KhadyaSathi -->
	<item component="ComponentInfo{com.fns.khadyasathi_aamarration/com.fns.khadyasathi_aamarration.Activity.WelcomePage}" drawable="khadyasathi" />

	<!-- Kindle -->
	<item component="ComponentInfo{com.amazon.kindle/com.amazon.kindle.UpgradePage}" drawable="kindle" />

	<!-- Klikk -->
	<item component="ComponentInfo{com.angel.klikk/com.angel.klikk.ui.activity.SplashActivity}" drawable="klikk" />

	<!-- KODAK Mobile Film Scanner -->
	<item component="ComponentInfo{com.pictoscanner.android.kodak/com.pictoscanner.android.StartActivity}" drawable="kodak_mobile_film_scanner" />

	<!-- Koo -->
	<item component="ComponentInfo{com.koo.app/com.koo.onboarding.OnBoardingActivity}" drawable="koo" />

	<!-- Kotak Bank -->
	<item component="ComponentInfo{com.msf.kbank.mobile/com.msf.kbank.mobile.launcher_d5e15a74df3d33e17b26d16a879646bfef34a86881463b2b8442d76af1f6f1f4}" drawable="kotak_bank" />

	<!-- Live DV -->
	<item component="ComponentInfo{com.dlk.IPCamViewer/cn.lucas.sport.dv.activity.MainActivity}" drawable="live_dv" />

	<!-- MakeMyTrip -->
	<item component="ComponentInfo{com.makemytrip/com.mmt.travel.app.home.ui.SplashActivity}" drawable="makemytrip" />

	<!-- Maruti Suzuki -->
	<item component="ComponentInfo{com.marutisuzuki.rewards/com.marutisuzuki.rewards.activity.SplashActivity}" drawable="maruti_suzuki" />

	<!-- MediBuddy -->
	<item component="ComponentInfo{in.medibuddy/in.medibuddy.ui.splash.SplashActivity}" drawable="medibuddy" />

	<!-- Meta ads -->
	<item component="ComponentInfo{com.facebook.adsmanager/com.facebook.adsmanager.AdsManagerLoginActivity}" drawable="meta_ads" />

	<!-- Metro -->
	<item component="ComponentInfo{in.co.metro.customerappmetro/in.co.metro.customerappmetro.aNewLogin.activities.MetroSplashActivity}" drawable="metro" />

	<!-- Metro Ride Kolkata -->
	<item component="ComponentInfo{org.cris.kmmts/org.cris.kmmts.activity.SplashScreen}" drawable="metro_ride_kolkata" />

	<!-- MIFARE Classic Tool -->
	<item component="ComponentInfo{de.syss.MifareClassicTool/de.syss.MifareClassicTool.Activities.MainMenu}" drawable="mifare_classic_tool" />

	<!-- Moon+ Reader Pro -->
	<item component="ComponentInfo{com.flyersoft.moonreaderp/com.flyersoft.moonreaderp.ActivityMain}" drawable="moon_reader_pro" />

	<!-- My Business -->
	<item component="ComponentInfo{com.google.android.apps.vega/com.google.android.apps.vega.VegaMainActivity}" drawable="my_business" />

	<!-- My Expenses -->
	<item component="ComponentInfo{org.totschnig.myexpenses/org.totschnig.myexpenses.activity.SplashActivity}" drawable="my_expenses" />

	<!-- My FASTag -->
	<item component="ComponentInfo{com.fastaguser/com.fastaguser.ui.SplashActivity}" drawable="my_fastag" />

	<!-- My Files -->
	<item component="ComponentInfo{com.oneplus.filemanager/com.oplus.filemanager.main.ui.MainActivity}" drawable="my_files" />

	<!-- My IFB -->
	<item component="ComponentInfo{com.sqt_smartapp.ifb_remote/com.sqt_smartapp.ifb_remote.activity.Login_Register.SplashActivity}" drawable="my_ifb" />

	<!-- MyTonWallet -->
	<item component="ComponentInfo{org.mytonwallet.app/org.mytonwallet.app.MainActivity}" drawable="mytonwallet" />

	<!-- NextGen mParivahan -->
	<item component="ComponentInfo{com.nic.mparivahan/com.nic.mparivahan.Welcome.SplashScreen}" drawable="nextgen_mparivahan" />

	<!-- NiyoX -->
	<item component="ComponentInfo{com.niyo.equitassavingsaccount/com.niyo.equitassavingsaccount.MainActivity}" drawable="niyox" />

	<!-- Notes -->
	<item component="ComponentInfo{com.oneplus.note/com.nearme.note.main.MainActivity}" drawable="notes" />

	<!-- OkCupid -->
	<item component="ComponentInfo{com.okcupid.okcupid/com.okcupid.okcupid.activity.MainActivity}" drawable="okcupid" />

	<!-- Ola -->
	<item component="ComponentInfo{com.olacabs.customer/com.olacabs.customer.ui.SplashActivity}" drawable="ola" />

	<!-- OnePlus Store -->
	<item component="ComponentInfo{com.oneplus.mall/com.oneplus.mall.view.SplashActivity}" drawable="oneplus_store" />

	<!-- Open Money -->
	<item component="ComponentInfo{com.open.openmoney/com.open.openmoney.MainActivity}" drawable="open_money" />

	<!-- OurGroceries -->
	<item component="ComponentInfo{com.headcode.ourgroceries/com.headcode.ourgroceries.android.LaunchActivity}" drawable="ourgroceries" />

	<!-- Outlook Lite -->
	<item component="ComponentInfo{com.microsoft.outlooklite/com.microsoft.outlooklite.sms.SmsMainActivity}" drawable="outlook_lite" />

	<!-- OYO -->
	<item component="ComponentInfo{com.oyo.consumer/com.oyo.consumer.activity.LauncherActivity}" drawable="oyo" />

	<!-- Park+ -->
	<item component="ComponentInfo{com.ovunque.parkwheels/com.ovunque.parkwheels.activities.SplashActivity}" drawable="park_" />

	<!-- Payoneer -->
	<item component="ComponentInfo{com.payoneer.android/com.payoneer.SplashActivity}" drawable="payoneer" />

	<!-- PayPal Business -->
	<item component="ComponentInfo{com.paypal.merchant.client/com.paypal.merchant.client.features.startup.StartUpActivity}" drawable="paypal_business" />

	<!-- Paytm for Business -->
	<item component="ComponentInfo{com.paytm.business/com.paytm.business.splash.SplashActivity}" drawable="paytm_for_business" />

	<!-- Paytm Money -->
	<item component="ComponentInfo{com.paytmmoney/com.paytmmoney.ui.splash.BaseSplashActivity}" drawable="paytm_money" />

	<!-- PharmEasy -->
	<item component="ComponentInfo{com.phonegap.rxpal/com.pharmeasy.ui.activities.SplashActivity}" drawable="pharmeasy" />

	<!-- PhonePe Business -->
	<item component="ComponentInfo{com.phonepe.app.business/com.phonepe.app.business.SplashActivity}" drawable="phonepe_business" />

	<!-- Photos -->
	<item component="ComponentInfo{com.oneplus.gallery/com.coloros.gallery3d.app.MainActivity}" drawable="photos" />

	<!-- Pixelup -->
	<item component="ComponentInfo{com.codeway.pixelup/com.codeway.pixelup.MainActivity}" drawable="pixelup" />

	<!-- Pockets -->
	<item component="ComponentInfo{com.icicibank.pockets/com.icicibank.pockets.launcher_c112af5fa2b84e16823b23a5f9d92524d62009fb9a702e08f472609eb40b4241}" drawable="pockets" />

	<!-- PowerSMB -->
	<item component="ComponentInfo{app.medialux.powersmb/app.medialux.powersmb.activities.MainActivity}" drawable="powersmb" />

	<!-- Profile Pic -->
	<item component="ComponentInfo{com.vicman.newprofilepic/com.vicman.photolab.activities.MainActivity}" drawable="profile_pic" />

	<!-- Proxmox Virtual Environment -->
	<item component="ComponentInfo{com.proxmox.app.pve_flutter_frontend/com.proxmox.app.pve_flutter_frontend.MainActivity}" drawable="proxmox_virtual_environment" />

	<!-- PVR -->
	<item component="ComponentInfo{com.net.pvr/com.net.pvr.ui.splash.SplashActivity}" drawable="pvr" />

	<!-- Quik -->
	<item component="ComponentInfo{com.stupeflix.replay/com.stupeflix.replay.features.home.SplashActivity}" drawable="quik" />

	<!-- RawBT -->
	<item component="ComponentInfo{ru.a402d.rawbtprinter/ru.a402d.rawbtprinter.activity.MainActivity}" drawable="rawbt" />

	<!-- Razorpay -->
	<item component="ComponentInfo{com.razorpay.payments.app/com.razorpay.payments.app.MainActivity}" drawable="razorpay" />

	<!-- RD Client -->
	<item component="ComponentInfo{com.microsoft.rdc.androidx/com.microsoft.rdc.ui.activities.HomeActivity}" drawable="rd_client" />

	<!-- Recorder -->
	<item component="ComponentInfo{com.oneplus.soundrecorder/com.soundrecorder.browsefile.BrowseFile}" drawable="recorder" />

	<!-- redBus -->
	<item component="ComponentInfo{in.redbus.android/in.redbus.android.root.SplashScreen}" drawable="redbus" />

	<!-- Robu.in -->
	<item component="ComponentInfo{com.tmstore.robu.in/com.tmstore.robu.in.MainActivity}" drawable="robuin" />

	<!-- Royal Enfield -->
	<item component="ComponentInfo{com.royalenfield.reprime/com.royalenfield.reprime.ui.splash.activity.MainSplashScreenActivity}" drawable="royal_enfield" />

	<!-- SBI Secure OTP -->
	<item component="ComponentInfo{com.sbi.SBISecure/com.sbi.SBISecure.OnlineOTP}" drawable="sbi_secure_otp" />

	<!-- SBI Yono Business -->
	<item component="ComponentInfo{com.sbi.SBAnywhereCorporate/com.sbi.SBAnywhereCorporate.permissions.RuntimePermissions}" drawable="sbi_yono_business" />

	<!-- Shiprocket -->
	<item component="ComponentInfo{com.shiprocket.shiprocket/com.shiprocket.shiprocket.activity.SplashActivityMain}" drawable="shiprocket" />

	<!-- Skyscanner -->
	<item component="ComponentInfo{net.skyscanner.android.main/net.skyscanner.shell.ui.activity.SplashActivity}" drawable="skyscanner" />

	<!-- Smart Life -->
	<item component="ComponentInfo{com.tuya.smartlife/com.smart.ThingSplashActivity}" drawable="smart_life" />

	<!-- SMS Backup & Restore -->
	<item component="ComponentInfo{com.riteshsahu.SMSBackupRestore/com.riteshsahu.SMSBackupRestore.activities.IntroActivity}" drawable="sms_backup_and_restore" />

	<!-- SMS Organizer -->
	<item component="ComponentInfo{com.microsoft.android.smsorganizer/com.microsoft.android.smsorganizer.StartupActivity}" drawable="sms_organizer" />

	<!-- SnapBridge -->
	<item component="ComponentInfo{com.nikon.snapbridge.cmru/com.nikon.snapbridge.cmru.ui.init.NkLLicenceActivity}" drawable="snapbridge" />

	<!-- Sony LIV -->
	<item component="ComponentInfo{com.sonyliv/com.sonyliv.ui.splash.SplashActivity}" drawable="sony_liv" />

	<!-- Spencers -->
	<item component="ComponentInfo{com.bsl.spencers.activity/com.bsl.spencers.activity.MainActivity}" drawable="spencers" />

	<!-- sRide -->
	<item component="ComponentInfo{co.sride/co.sride.splash.view.ui.SplashActivity}" drawable="sride" />

	<!-- STAT. -->
	<item component="ComponentInfo{com.milieu.prescription/com.milieu.prescription.MainActivity}" drawable="stat" />

	<!-- Stickers -->
	<item component="ComponentInfo{com.hike.stickers.hike/com.hike.stickers.wa.ui.activity.StickerActivity}" drawable="stickers" />

	<!-- Stripe -->
	<item component="ComponentInfo{com.stripe.android.dashboard/com.stripe.dashboard.ui.launch.MainActivity}" drawable="stripe" />

	<!-- Tailscale -->
	<item component="ComponentInfo{com.tailscale.ipn/com.tailscale.ipn.IPNActivity}" drawable="tailscale" />

	<!-- Tasker -->
	<item component="ComponentInfo{net.dinglisch.android.taskerm/net.dinglisch.android.taskerm.Tasker}" drawable="tasker" />

	<!-- Tasker Secondary -->
	<item component="ComponentInfo{net.dinglisch.android.taskerm/com.joaomgcd.taskerm.util.ActivitySecondaryApp}" drawable="tasker_secondary" />

	<!-- Tata Capital -->
	<item component="ComponentInfo{com.snapwork.tcl/com.snapwork.tcl.MainActivity}" drawable="tata_capital" />

	<!-- Tata Neu -->
	<item component="ComponentInfo{com.tatadigital.tcp/com.tatadigital.tcp.MainActivity}" drawable="tata_neu" />

	<!-- Termius -->
	<item component="ComponentInfo{com.server.auditor.ssh.client/com.server.auditor.ssh.client.navigation.SplashScreenActivity}" drawable="termius" />

	<!-- Theme Store -->
	<item component="ComponentInfo{com.oplus.themestore/com.nearme.themespace.activities.ThemeActivity}" drawable="theme_store" />

	<!-- Timesheet -->
	<item component="ComponentInfo{com.tcs.ipms/com.tcs.ipms.MainActivity}" drawable="timesheet" />

	<!-- Tinder -->
	<item component="ComponentInfo{com.tinder/com.tinder.launch.internal.activities.LoginActivity}" drawable="tinder" />

	<!-- TravelBuddy -->
	<item component="ComponentInfo{com.beatravelbuddy.travelbuddy/com.beatravelbuddy.travelbuddy.MainActivity}" drawable="travelbuddy" />

	<!-- UC Turbo -->
	<item component="ComponentInfo{com.ucturbo/com.ucturbo.MainActivityNew}" drawable="uc_turbo" />

	<!-- Urban Company -->
	<item component="ComponentInfo{com.urbanclap.urbanclap/com.urbanclap.urbanclap.core.app_icon.NormalUser}" drawable="urban_company" />

	<!-- UTS -->
	<item component="ComponentInfo{com.cris.utsmobile/com.cris.ima.utsonmobile.mainmenuitems.SplashActivity}" drawable="uts" />

	<!-- Ux Apps -->
	<item component="ComponentInfo{com.tcs.android.tcsappstore/com.tcs.android.tcsappstore.activities.SplashActivity}" drawable="ux_apps" />

	<!-- UxAssistant -->
	<item component="ComponentInfo{com.tcs.chatbot.yuva/com.tcs.chatbot.yuva.SplashActivity}" drawable="uxassistant" />

	<!-- Vauld -->
	<item component="ComponentInfo{com.bankofhodlers.mobile/com.bankofhodlers.mobile.MainActivity}" drawable="vauld" />

	<!-- VideoShow -->
	<item component="ComponentInfo{com.xvideostudio.videoeditorpro/com.xvideostudio.videoeditor.activity.SplashActivityImpl}" drawable="videoshow" />

	<!-- Vidyut Sahayogi -->
	<item component="ComponentInfo{in.wbsedcl.sahayogi/in.wbsedcl.sahayogi.MainActivity}" drawable="vidyut_sahayogi" />

	<!-- Viva Engage -->
	<item component="ComponentInfo{com.yammer.v1/com.yammer.droid.ui.LauncherActivity}" drawable="viva_engage" />

	<!-- Vivv -->
	<item component="ComponentInfo{com.aol.mobile.vivv/com.aol.mobile.vivv.MainActivity}" drawable="vivv" />

	<!-- Weather -->
	<item component="ComponentInfo{net.oneplus.weather/com.oplus.weather.main.view.WeatherMainActivity}" drawable="weather" />

	<!-- Webex Meet -->
	<item component="ComponentInfo{com.cisco.webex.meetings/com.cisco.webex.meetings.ui.premeeting.welcome.WebExMeeting}" drawable="webex_meet" />

	<!-- Wi-Fi Toolkit -->
	<item component="ComponentInfo{com.tplink.networktoolsbox/com.tplink.networktoolsbox.ui.init.SplashActivity}" drawable="wi_fi_toolkit" />

	<!-- Workspace -->
	<item component="ComponentInfo{com.citrix.Receiver/com.citrix.client.Receiver.ui.activities.SplashActivity}" drawable="workspace" />

	<!-- Xiaomi Home -->
	<item component="ComponentInfo{com.xiaomi.smarthome/com.xiaomi.smarthome.SmartHomeMainActivity}" drawable="xiaomi_home" />

	<!-- Yatri Sathi -->
	<item component="ComponentInfo{in.juspay.jatrisaathi/in.juspay.mobility.MainActivity}" drawable="yatri_sathi" />

	<!-- Yono Lite SBI -->
	<item component="ComponentInfo{com.sbi.SBIFreedomPlus/com.sbi.SBIFreedomPlus.SBIYonoLite}" drawable="yono_lite_sbi" />

	<!-- ZEE5 -->
	<item component="ComponentInfo{com.graymatrix.did/com.zee5.splash.SplashActivity}" drawable="zee5" />

	<!-- Zen Space -->
	<item component="ComponentInfo{com.oneplus.brickmode/com.oneplus.brickmode.activity.MainControlActivity}" drawable="zen_space" />

	<!-- Zepto -->
	<item component="ComponentInfo{com.zeptoconsumerapp/com.zeptoconsumerapp.MainActivity}" drawable="zepto" />

	<!-- ZestMoney -->
	<item component="ComponentInfo{in.zestmoney.android.zestlife/in.zestmoney.zestlife.ui.journey.LaunchActivity}" drawable="zestmoney" />

</resources>