<appmap>

	<!-- 3F -->
	<item class="com.threesome.swingers.threefun.mainLauncher" name="_3f"/>

	<!-- Adobe Capture -->
	<item class="com.adobe.creativeapps.gather.activity.GatherSplashScreenActivity" name="adobe_capture"/>

	<!-- Adobe Fill & Sign -->
	<item class="com.adobe.fas.Home.FillAndSign" name="adobe_fill_and_sign"/>

	<!-- Aisle -->
	<item class="com.aisle.app.activity.SplashScreen" name="aisle"/>

	<!-- Amazon -->
	<item class="com.amazon.mShop.home.HomeActivity" name="amazon"/>

	<!-- Ambience -->
	<item class="it.mm.android.ambience.MainActivity" name="ambience"/>

	<!-- Android Samba Client -->
	<item class="com.google.android.sambadocumentsprovider.mount.MountServerActivity" name="android_samba_client"/>

	<!-- Apollo 247 -->
	<item class="com.apollopatient.MainActivity" name="apollo_247"/>

	<!-- Aurora Droid -->
	<item class="com.aurora.adroid.ui.generic.activity.SplashActivity" name="aurora_droid"/>

	<!-- Authenticator -->
	<item class="com.tcs.totp.activity.Splashscreen" name="authenticator"/>

	<!-- Barbeque Nation -->
	<item class="com.jamhub.barbeque.activity.login.SplashActivity" name="barbeque_nation"/>

	<!-- bbdaily -->
	<item class="com.raincan.app.v2.splash.activity.SplashActivity" name="bbdaily"/>

	<!-- Bewakoof -->
	<item class="com.bewakoof.bewakoof.MainActivity" name="bewakoof"/>

	<!-- BharatPe -->
	<item class="com.bharatpe.app.appUseCases.splash.activities.ActivitySplashMain" name="bharatpe"/>

	<!-- BHIM -->
	<item class="mpacjhvlt.n" name="bhim"/>

	<!-- Bhim SBI Pay -->
	<item class="com.sbi.upi.customerMode.modules.initial.splash.SplashActivity" name="bhim_sbi_pay"/>

	<!-- Bitcoin -->
	<item class="de.schildbach.wallet.WalletActivity" name="bitcoin"/>

	<!-- Bitcoin Cash Register -->
	<item class="com.bitcoin.merchant.app.SplashActivity" name="bitcoin_cash_register"/>

	<!-- Bitcoin.com Wallet -->
	<item class="com.bitcoin.mwallet.DeepLinkActivity" name="bitcoincom_wallet"/>

	<!-- Blinkit -->
	<item class="com.grofers.customerapp.DEFAULT" name="blinkit"/>

	<!-- boodmo -->
	<item class="com.opsway.boodmo.MainActivity" name="boodmo"/>

	<!-- BroadLink -->
	<item class="cn.com.broadlink.unify.app.main.activity.LoadingActivity" name="broadlink"/>

	<!-- Business Card Maker -->
	<item class="com.bhima.businesscardmaker.SplashActivity" name="business_card_maker"/>

	<!-- Business Suite -->
	<item class="com.facebook.pages.app.auth.PagesManagerLoginActivity" name="business_suite"/>

	<!-- Calculator -->
	<item class="app.calculator.ui.activities.feed.FeedActivity" name="calculator"/>

	<!-- Calculator -->
	<item class="com.android.calculator2.Calculator" name="calculator"/>

	<!-- Camera -->
	<item class="com.oplus.camera.Camera" name="camera"/>

	<!-- CamScanner -->
	<item class="com.intsig.camscanner.mainmenu.mainactivity.MainActivity" name="camscanner"/>

	<!-- Click to chat -->
	<item class="com.trianguloy.openInWhatsapp.activities.main.Main" name="click_to_chat"/>

	<!-- Clock -->
	<item class="com.oplus.alarmclock.AlarmClock" name="clock"/>

	<!-- Clone Phone -->
	<item class="com.oplus.phoneclone.PhoneCloneMainActivity" name="clone_phone"/>

	<!-- CoinSwitch -->
	<item class="com.coinswitch.kuber.SplashActivity" name="coinswitch"/>

	<!-- Community -->
	<item class="com.oplus.community.activity.LauncherActivity" name="community"/>

	<!-- Company Portal -->
	<item class="com.microsoft.windowsintune.companyportal.views.SplashActivity" name="company_portal"/>

	<!-- CPGRAMS -->
	<item class="nic.org.mygrievance.SplashActivity" name="cpgrams"/>

	<!-- Cross DJ Pro -->
	<item class="com.mixvibes.crossdj.SplashScreenActivity" name="cross_dj_pro"/>

	<!-- Decathlon -->
	<item class="com.evamall.evacustomer.splash.SplashActivity" name="decathlon"/>

	<!-- Deco -->
	<item class="com.tplink.tpm5.component.account.welcome.view.WelcomeActivity" name="deco"/>

	<!-- Digi Yatra -->
	<item class="in.dataevolve.digiyatra.MainActivity" name="digi_yatra"/>

	<!-- Digital Rupee By ICICI Bank -->
	<item class="com.icici.digitalrupee.launcher_82ebc589674e8e0b07c27a0ce8bfa2dccf70dcdca3bf3300b8498b8164aac438" name="digital_rupee_by_icici_bank"/>

	<!-- Digital Rupee by Kotak Bank -->
	<item class="org.npci.token.MainActivity" name="digital_rupee_by_kotak_bank"/>

	<!-- Epson iPrint -->
	<item class="epson.print.WellcomeScreenActivity" name="epson_iprint"/>

	<!-- Family Link -->
	<item class="com.google.android.apps.kids.familylink.flutter.standalone.HomeActivity" name="family_link"/>

	<!-- Food on Track -->
	<item class="com.irctc.fot.ui.screens.main.MainActivity" name="food_on_track"/>

	<!-- Games -->
	<item class="com.oplus.games.ui.main.MainGameActivity" name="games"/>

	<!-- Google Ads -->
	<item class="com.google.android.apps.adwords.InitialLoadingActivity" name="google_ads"/>

	<!-- Google Pay for Business -->
	<item class="com.google.android.apps.nbu.paisa.merchant.launcher.MerchantLauncherActivity" name="google_pay_for_business"/>

	<!-- Google Wifi -->
	<item class="com.google.android.apps.access.wifi.consumer.app.MainActivity" name="google_wifi"/>

	<!-- happn -->
	<item class="com.ftw_and_co.happn.ui.splash.SplashActivity" name="happn"/>

	<!-- HiHello -->
	<item class="com.zoontek.rnbootsplash.RNBootSplashActivity" name="hihello"/>

	<!-- hike -->
	<item class="com.bsb.hike.ui.HomeActivity" name="hike"/>

	<!-- Hike -->
	<item class="com.bsb.hike.default" name="hike"/>

	<!-- hoichoi -->
	<item class="com.viewlift.hoichoi.framework.presentation.splash.SplashActivity" name="hoichoi"/>

	<!-- Home Assistant -->
	<item class="io.homeassistant.companion.android.launch.LaunchActivity" name="home_assistant"/>

	<!-- Hotstar -->
	<item class="com.hotstar.MainActivity" name="hotstar"/>

	<!-- Hunch -->
	<item class="social.hunch.app.MainActivity" name="hunch"/>

	<!-- HungerBox Cafe -->
	<item class="com.hungerbox.customer.prelogin.activity.MainActivity" name="hungerbox_cafe"/>

	<!-- Identity -->
	<item class="com.entrust.identityGuard.mobile.MainActivity" name="identity"/>

	<!-- IndianOil ONE -->
	<item class="cx.indianoil.in.lpg.view.login.WelcomeActivity" name="indianoil_one"/>

	<!-- INDmoney -->
	<item class="splash.SplashActivity" name="indmoney"/>

	<!-- Insider Business -->
	<item class="in.insider.business.activity.HomeActivity" name="insider_business"/>

	<!-- Ivy Wallet -->
	<item class="com.ivy.wallet.RootActivity" name="ivy_wallet"/>

	<!-- Jellyfin -->
	<item class="org.jellyfin.mobile.MainActivity" name="jellyfin"/>

	<!-- JoinMyTrip -->
	<item class="com.joinmytrip.www.MainActivity" name="joinmytrip"/>

	<!-- Jupiter -->
	<item class="money.jupiter.MainActivity" name="jupiter"/>

	<!-- Kaizala -->
	<item class="com.microsoft.mobile.polymer.ui.MainActivity" name="kaizala"/>

	<!-- KhadyaSathi -->
	<item class="com.fns.khadyasathi_aamarration.Activity.WelcomePage" name="khadyasathi"/>

	<!-- Kindle -->
	<item class="com.amazon.kindle.UpgradePage" name="kindle"/>

	<!-- Klikk -->
	<item class="com.angel.klikk.ui.activity.SplashActivity" name="klikk"/>

	<!-- KODAK Mobile Film Scanner -->
	<item class="com.pictoscanner.android.StartActivity" name="kodak_mobile_film_scanner"/>

	<!-- Koo -->
	<item class="com.koo.onboarding.OnBoardingActivity" name="koo"/>

	<!-- Kotak Bank -->
	<item class="com.msf.kbank.mobile.launcher_d5e15a74df3d33e17b26d16a879646bfef34a86881463b2b8442d76af1f6f1f4" name="kotak_bank"/>

	<!-- Live DV -->
	<item class="cn.lucas.sport.dv.activity.MainActivity" name="live_dv"/>

	<!-- MakeMyTrip -->
	<item class="com.mmt.travel.app.home.ui.SplashActivity" name="makemytrip"/>

	<!-- Maruti Suzuki -->
	<item class="com.marutisuzuki.rewards.activity.SplashActivity" name="maruti_suzuki"/>

	<!-- MediBuddy -->
	<item class="in.medibuddy.ui.splash.SplashActivity" name="medibuddy"/>

	<!-- Meta ads -->
	<item class="com.facebook.adsmanager.AdsManagerLoginActivity" name="meta_ads"/>

	<!-- Metro -->
	<item class="in.co.metro.customerappmetro.aNewLogin.activities.MetroSplashActivity" name="metro"/>

	<!-- Metro Ride Kolkata -->
	<item class="org.cris.kmmts.activity.SplashScreen" name="metro_ride_kolkata"/>

	<!-- MIFARE Classic Tool -->
	<item class="de.syss.MifareClassicTool.Activities.MainMenu" name="mifare_classic_tool"/>

	<!-- Moon+ Reader Pro -->
	<item class="com.flyersoft.moonreaderp.ActivityMain" name="moon_reader_pro"/>

	<!-- My Business -->
	<item class="com.google.android.apps.vega.VegaMainActivity" name="my_business"/>

	<!-- My Expenses -->
	<item class="org.totschnig.myexpenses.activity.SplashActivity" name="my_expenses"/>

	<!-- My FASTag -->
	<item class="com.fastaguser.ui.SplashActivity" name="my_fastag"/>

	<!-- My Files -->
	<item class="com.oplus.filemanager.main.ui.MainActivity" name="my_files"/>

	<!-- My IFB -->
	<item class="com.sqt_smartapp.ifb_remote.activity.Login_Register.SplashActivity" name="my_ifb"/>

	<!-- MyTonWallet -->
	<item class="org.mytonwallet.app.MainActivity" name="mytonwallet"/>

	<!-- NextGen mParivahan -->
	<item class="com.nic.mparivahan.Welcome.SplashScreen" name="nextgen_mparivahan"/>

	<!-- NiyoX -->
	<item class="com.niyo.equitassavingsaccount.MainActivity" name="niyox"/>

	<!-- Notes -->
	<item class="com.nearme.note.main.MainActivity" name="notes"/>

	<!-- OkCupid -->
	<item class="com.okcupid.okcupid.activity.MainActivity" name="okcupid"/>

	<!-- Ola -->
	<item class="com.olacabs.customer.ui.SplashActivity" name="ola"/>

	<!-- OnePlus Store -->
	<item class="com.oneplus.mall.view.SplashActivity" name="oneplus_store"/>

	<!-- Open Money -->
	<item class="com.open.openmoney.MainActivity" name="open_money"/>

	<!-- OurGroceries -->
	<item class="com.headcode.ourgroceries.android.LaunchActivity" name="ourgroceries"/>

	<!-- Outlook Lite -->
	<item class="com.microsoft.outlooklite.sms.SmsMainActivity" name="outlook_lite"/>

	<!-- OYO -->
	<item class="com.oyo.consumer.activity.LauncherActivity" name="oyo"/>

	<!-- Park+ -->
	<item class="com.ovunque.parkwheels.activities.SplashActivity" name="park_"/>

	<!-- Payoneer -->
	<item class="com.payoneer.SplashActivity" name="payoneer"/>

	<!-- PayPal Business -->
	<item class="com.paypal.merchant.client.features.startup.StartUpActivity" name="paypal_business"/>

	<!-- Paytm for Business -->
	<item class="com.paytm.business.splash.SplashActivity" name="paytm_for_business"/>

	<!-- Paytm Money -->
	<item class="com.paytmmoney.ui.splash.BaseSplashActivity" name="paytm_money"/>

	<!-- PharmEasy -->
	<item class="com.pharmeasy.ui.activities.SplashActivity" name="pharmeasy"/>

	<!-- PhonePe Business -->
	<item class="com.phonepe.app.business.SplashActivity" name="phonepe_business"/>

	<!-- Photos -->
	<item class="com.coloros.gallery3d.app.MainActivity" name="photos"/>

	<!-- Pixelup -->
	<item class="com.codeway.pixelup.MainActivity" name="pixelup"/>

	<!-- Pockets -->
	<item class="com.icicibank.pockets.launcher_c112af5fa2b84e16823b23a5f9d92524d62009fb9a702e08f472609eb40b4241" name="pockets"/>

	<!-- PowerSMB -->
	<item class="app.medialux.powersmb.activities.MainActivity" name="powersmb"/>

	<!-- Profile Pic -->
	<item class="com.vicman.photolab.activities.MainActivity" name="profile_pic"/>

	<!-- Proxmox Virtual Environment -->
	<item class="com.proxmox.app.pve_flutter_frontend.MainActivity" name="proxmox_virtual_environment"/>

	<!-- PVR -->
	<item class="com.net.pvr.ui.splash.SplashActivity" name="pvr"/>

	<!-- Quik -->
	<item class="com.stupeflix.replay.features.home.SplashActivity" name="quik"/>

	<!-- RawBT -->
	<item class="ru.a402d.rawbtprinter.activity.MainActivity" name="rawbt"/>

	<!-- Razorpay -->
	<item class="com.razorpay.payments.app.MainActivity" name="razorpay"/>

	<!-- RD Client -->
	<item class="com.microsoft.rdc.ui.activities.HomeActivity" name="rd_client"/>

	<!-- Recorder -->
	<item class="com.soundrecorder.browsefile.BrowseFile" name="recorder"/>

	<!-- redBus -->
	<item class="in.redbus.android.root.SplashScreen" name="redbus"/>

	<!-- Robu.in -->
	<item class="com.tmstore.robu.in.MainActivity" name="robuin"/>

	<!-- Royal Enfield -->
	<item class="com.royalenfield.reprime.ui.splash.activity.MainSplashScreenActivity" name="royal_enfield"/>

	<!-- SBI Secure OTP -->
	<item class="com.sbi.SBISecure.OnlineOTP" name="sbi_secure_otp"/>

	<!-- SBI Yono Business -->
	<item class="com.sbi.SBAnywhereCorporate.permissions.RuntimePermissions" name="sbi_yono_business"/>

	<!-- Shiprocket -->
	<item class="com.shiprocket.shiprocket.activity.SplashActivityMain" name="shiprocket"/>

	<!-- Skyscanner -->
	<item class="net.skyscanner.shell.ui.activity.SplashActivity" name="skyscanner"/>

	<!-- Smart Life -->
	<item class="com.smart.ThingSplashActivity" name="smart_life"/>

	<!-- SMS Backup & Restore -->
	<item class="com.riteshsahu.SMSBackupRestore.activities.IntroActivity" name="sms_backup_and_restore"/>

	<!-- SMS Organizer -->
	<item class="com.microsoft.android.smsorganizer.StartupActivity" name="sms_organizer"/>

	<!-- SnapBridge -->
	<item class="com.nikon.snapbridge.cmru.ui.init.NkLLicenceActivity" name="snapbridge"/>

	<!-- Sony LIV -->
	<item class="com.sonyliv.ui.splash.SplashActivity" name="sony_liv"/>

	<!-- Spencers -->
	<item class="com.bsl.spencers.activity.MainActivity" name="spencers"/>

	<!-- sRide -->
	<item class="co.sride.splash.view.ui.SplashActivity" name="sride"/>

	<!-- STAT. -->
	<item class="com.milieu.prescription.MainActivity" name="stat"/>

	<!-- Stickers -->
	<item class="com.hike.stickers.wa.ui.activity.StickerActivity" name="stickers"/>

	<!-- Stripe -->
	<item class="com.stripe.dashboard.ui.launch.MainActivity" name="stripe"/>

	<!-- Tailscale -->
	<item class="com.tailscale.ipn.IPNActivity" name="tailscale"/>

	<!-- Tasker -->
	<item class="net.dinglisch.android.taskerm.Tasker" name="tasker"/>

	<!-- Tasker Secondary -->
	<item class="com.joaomgcd.taskerm.util.ActivitySecondaryApp" name="tasker_secondary"/>

	<!-- Tata Capital -->
	<item class="com.snapwork.tcl.MainActivity" name="tata_capital"/>

	<!-- Tata Neu -->
	<item class="com.tatadigital.tcp.MainActivity" name="tata_neu"/>

	<!-- Termius -->
	<item class="com.server.auditor.ssh.client.navigation.SplashScreenActivity" name="termius"/>

	<!-- Theme Store -->
	<item class="com.nearme.themespace.activities.ThemeActivity" name="theme_store"/>

	<!-- Timesheet -->
	<item class="com.tcs.ipms.MainActivity" name="timesheet"/>

	<!-- Tinder -->
	<item class="com.tinder.launch.internal.activities.LoginActivity" name="tinder"/>

	<!-- TravelBuddy -->
	<item class="com.beatravelbuddy.travelbuddy.MainActivity" name="travelbuddy"/>

	<!-- UC Turbo -->
	<item class="com.ucturbo.MainActivityNew" name="uc_turbo"/>

	<!-- Urban Company -->
	<item class="com.urbanclap.urbanclap.core.app_icon.NormalUser" name="urban_company"/>

	<!-- UTS -->
	<item class="com.cris.ima.utsonmobile.mainmenuitems.SplashActivity" name="uts"/>

	<!-- Ux Apps -->
	<item class="com.tcs.android.tcsappstore.activities.SplashActivity" name="ux_apps"/>

	<!-- UxAssistant -->
	<item class="com.tcs.chatbot.yuva.SplashActivity" name="uxassistant"/>

	<!-- Vauld -->
	<item class="com.bankofhodlers.mobile.MainActivity" name="vauld"/>

	<!-- VideoShow -->
	<item class="com.xvideostudio.videoeditor.activity.SplashActivityImpl" name="videoshow"/>

	<!-- Vidyut Sahayogi -->
	<item class="in.wbsedcl.sahayogi.MainActivity" name="vidyut_sahayogi"/>

	<!-- Viva Engage -->
	<item class="com.yammer.droid.ui.LauncherActivity" name="viva_engage"/>

	<!-- Vivv -->
	<item class="com.aol.mobile.vivv.MainActivity" name="vivv"/>

	<!-- Weather -->
	<item class="com.oplus.weather.main.view.WeatherMainActivity" name="weather"/>

	<!-- Webex Meet -->
	<item class="com.cisco.webex.meetings.ui.premeeting.welcome.WebExMeeting" name="webex_meet"/>

	<!-- Wi-Fi Toolkit -->
	<item class="com.tplink.networktoolsbox.ui.init.SplashActivity" name="wi_fi_toolkit"/>

	<!-- Workspace -->
	<item class="com.citrix.client.Receiver.ui.activities.SplashActivity" name="workspace"/>

	<!-- Xiaomi Home -->
	<item class="com.xiaomi.smarthome.SmartHomeMainActivity" name="xiaomi_home"/>

	<!-- Yatri Sathi -->
	<item class="in.juspay.mobility.MainActivity" name="yatri_sathi"/>

	<!-- Yono Lite SBI -->
	<item class="com.sbi.SBIFreedomPlus.SBIYonoLite" name="yono_lite_sbi"/>

	<!-- ZEE5 -->
	<item class="com.zee5.splash.SplashActivity" name="zee5"/>

	<!-- Zen Space -->
	<item class="com.oneplus.brickmode.activity.MainControlActivity" name="zen_space"/>

	<!-- Zepto -->
	<item class="com.zeptoconsumerapp.MainActivity" name="zepto"/>

	<!-- ZestMoney -->
	<item class="in.zestmoney.zestlife.ui.journey.LaunchActivity" name="zestmoney"/>

</appmap>