<Theme version="1">

	<!-- 3F -->
	<AppIcon name="com.threesome.swingers.threefun/com.threesome.swingers.threefun.mainLauncher" image="_3f"/>

	<!-- Adobe Capture -->
	<AppIcon name="com.adobe.creativeapps.gather/com.adobe.creativeapps.gather.activity.GatherSplashScreenActivity" image="adobe_capture"/>

	<!-- Adobe Fill & Sign -->
	<AppIcon name="com.adobe.fas/com.adobe.fas.Home.FillAndSign" image="adobe_fill_and_sign"/>

	<!-- Aisle -->
	<AppIcon name="com.aisle.app/com.aisle.app.activity.SplashScreen" image="aisle"/>

	<!-- Amazon -->
	<AppIcon name="in.amazon.mShop.android.shopping/com.amazon.mShop.home.HomeActivity" image="amazon"/>

	<!-- Ambience -->
	<AppIcon name="it.mm.android.ambience/it.mm.android.ambience.MainActivity" image="ambience"/>

	<!-- Android Samba Client -->
	<AppIcon name="com.google.android.sambadocumentsprovider/com.google.android.sambadocumentsprovider.mount.MountServerActivity" image="android_samba_client"/>

	<!-- Apollo 247 -->
	<AppIcon name="com.apollo.patientapp/com.apollopatient.MainActivity" image="apollo_247"/>

	<!-- Aurora Droid -->
	<AppIcon name="com.aurora.adroid/com.aurora.adroid.ui.generic.activity.SplashActivity" image="aurora_droid"/>

	<!-- Authenticator -->
	<AppIcon name="com.tcs.totp/com.tcs.totp.activity.Splashscreen" image="authenticator"/>

	<!-- Barbeque Nation -->
	<AppIcon name="com.jamhub.barbeque/com.jamhub.barbeque.activity.login.SplashActivity" image="barbeque_nation"/>

	<!-- bbdaily -->
	<AppIcon name="com.raincan.android.hybrid/com.raincan.app.v2.splash.activity.SplashActivity" image="bbdaily"/>

	<!-- Bewakoof -->
	<AppIcon name="com.bewakoof.bewakoof/com.bewakoof.bewakoof.MainActivity" image="bewakoof"/>

	<!-- BharatPe -->
	<AppIcon name="com.bharatpe.app/com.bharatpe.app.appUseCases.splash.activities.ActivitySplashMain" image="bharatpe"/>

	<!-- BHIM -->
	<AppIcon name="in.org.npci.upiapp/mpacjhvlt.n" image="bhim"/>

	<!-- Bhim SBI Pay -->
	<AppIcon name="com.sbi.upi/com.sbi.upi.customerMode.modules.initial.splash.SplashActivity" image="bhim_sbi_pay"/>

	<!-- Bitcoin -->
	<AppIcon name="de.schildbach.wallet/de.schildbach.wallet.WalletActivity" image="bitcoin"/>

	<!-- Bitcoin Cash Register -->
	<AppIcon name="com.bitcoin.merchant.app/com.bitcoin.merchant.app.SplashActivity" image="bitcoin_cash_register"/>

	<!-- Bitcoin.com Wallet -->
	<AppIcon name="com.bitcoin.mwallet/com.bitcoin.mwallet.DeepLinkActivity" image="bitcoincom_wallet"/>

	<!-- Blinkit -->
	<AppIcon name="com.grofers.customerapp/com.grofers.customerapp.DEFAULT" image="blinkit"/>

	<!-- boodmo -->
	<AppIcon name="com.opsway.boodmo/com.opsway.boodmo.MainActivity" image="boodmo"/>

	<!-- BroadLink -->
	<AppIcon name="cn.com.broadlink.econtrol.international/cn.com.broadlink.unify.app.main.activity.LoadingActivity" image="broadlink"/>

	<!-- Business Card Maker -->
	<AppIcon name="com.bhima.businesscardmaker/com.bhima.businesscardmaker.SplashActivity" image="business_card_maker"/>

	<!-- Business Suite -->
	<AppIcon name="com.facebook.pages.app/com.facebook.pages.app.auth.PagesManagerLoginActivity" image="business_suite"/>

	<!-- Calculator -->
	<AppIcon name="all.in.one.calculator/app.calculator.ui.activities.feed.FeedActivity" image="calculator"/>

	<!-- Calculator -->
	<AppIcon name="com.oneplus.calculator/com.android.calculator2.Calculator" image="calculator"/>

	<!-- Camera -->
	<AppIcon name="com.oplus.camera/com.oplus.camera.Camera" image="camera"/>

	<!-- CamScanner -->
	<AppIcon name="com.intsig.camscanner/com.intsig.camscanner.mainmenu.mainactivity.MainActivity" image="camscanner"/>

	<!-- Click to chat -->
	<AppIcon name="com.trianguloy.openInWhatsapp/com.trianguloy.openInWhatsapp.activities.main.Main" image="click_to_chat"/>

	<!-- Clock -->
	<AppIcon name="com.oneplus.deskclock/com.oplus.alarmclock.AlarmClock" image="clock"/>

	<!-- Clone Phone -->
	<AppIcon name="com.oneplus.backuprestore/com.oplus.phoneclone.PhoneCloneMainActivity" image="clone_phone"/>

	<!-- CoinSwitch -->
	<AppIcon name="com.coinswitch.kuber/com.coinswitch.kuber.SplashActivity" image="coinswitch"/>

	<!-- Community -->
	<AppIcon name="net.oneplus.forums/com.oplus.community.activity.LauncherActivity" image="community"/>

	<!-- Company Portal -->
	<AppIcon name="com.microsoft.windowsintune.companyportal/com.microsoft.windowsintune.companyportal.views.SplashActivity" image="company_portal"/>

	<!-- CPGRAMS -->
	<AppIcon name="nic.org.mygrievance/nic.org.mygrievance.SplashActivity" image="cpgrams"/>

	<!-- Cross DJ Pro -->
	<AppIcon name="com.mixvibes.crossdjapp/com.mixvibes.crossdj.SplashScreenActivity" image="cross_dj_pro"/>

	<!-- Decathlon -->
	<AppIcon name="com.evamall.evacustomer/com.evamall.evacustomer.splash.SplashActivity" image="decathlon"/>

	<!-- Deco -->
	<AppIcon name="com.tplink.tpm5/com.tplink.tpm5.component.account.welcome.view.WelcomeActivity" image="deco"/>

	<!-- Digi Yatra -->
	<AppIcon name="in.dataevolve.digiyatra/in.dataevolve.digiyatra.MainActivity" image="digi_yatra"/>

	<!-- Digital Rupee By ICICI Bank -->
	<AppIcon name="com.icici.digitalrupee/com.icici.digitalrupee.launcher_82ebc589674e8e0b07c27a0ce8bfa2dccf70dcdca3bf3300b8498b8164aac438" image="digital_rupee_by_icici_bank"/>

	<!-- Digital Rupee by Kotak Bank -->
	<AppIcon name="org.npci.erupeeKOTAK/org.npci.token.MainActivity" image="digital_rupee_by_kotak_bank"/>

	<!-- Epson iPrint -->
	<AppIcon name="epson.print/epson.print.WellcomeScreenActivity" image="epson_iprint"/>

	<!-- Family Link -->
	<AppIcon name="com.google.android.apps.kids.familylink/com.google.android.apps.kids.familylink.flutter.standalone.HomeActivity" image="family_link"/>

	<!-- Food on Track -->
	<AppIcon name="com.irctc.fot/com.irctc.fot.ui.screens.main.MainActivity" image="food_on_track"/>

	<!-- Games -->
	<AppIcon name="com.oplus.games/com.oplus.games.ui.main.MainGameActivity" image="games"/>

	<!-- Google Ads -->
	<AppIcon name="com.google.android.apps.adwords/com.google.android.apps.adwords.InitialLoadingActivity" image="google_ads"/>

	<!-- Google Pay for Business -->
	<AppIcon name="com.google.android.apps.nbu.paisa.merchant/com.google.android.apps.nbu.paisa.merchant.launcher.MerchantLauncherActivity" image="google_pay_for_business"/>

	<!-- Google Wifi -->
	<AppIcon name="com.google.android.apps.access.wifi.consumer/com.google.android.apps.access.wifi.consumer.app.MainActivity" image="google_wifi"/>

	<!-- happn -->
	<AppIcon name="com.ftw_and_co.happn/com.ftw_and_co.happn.ui.splash.SplashActivity" image="happn"/>

	<!-- HiHello -->
	<AppIcon name="play.me.hihello.app/com.zoontek.rnbootsplash.RNBootSplashActivity" image="hihello"/>

	<!-- hike -->
	<AppIcon name="com.bsb.hike/com.bsb.hike.ui.HomeActivity" image="hike"/>

	<!-- Hike -->
	<AppIcon name="com.hike.chat.stickers/com.bsb.hike.default" image="hike"/>

	<!-- hoichoi -->
	<AppIcon name="com.viewlift.hoichoi/com.viewlift.hoichoi.framework.presentation.splash.SplashActivity" image="hoichoi"/>

	<!-- Home Assistant -->
	<AppIcon name="io.homeassistant.companion.android.minimal/io.homeassistant.companion.android.launch.LaunchActivity" image="home_assistant"/>

	<!-- Hotstar -->
	<AppIcon name="in.startv.hotstar/com.hotstar.MainActivity" image="hotstar"/>

	<!-- Hunch -->
	<AppIcon name="social.hunch.app/social.hunch.app.MainActivity" image="hunch"/>

	<!-- HungerBox Cafe -->
	<AppIcon name="com.hungerbox.customer.common/com.hungerbox.customer.prelogin.activity.MainActivity" image="hungerbox_cafe"/>

	<!-- Identity -->
	<AppIcon name="com.entrust.identityGuard.mobile/com.entrust.identityGuard.mobile.MainActivity" image="identity"/>

	<!-- IndianOil ONE -->
	<AppIcon name="cx.indianoil.in/cx.indianoil.in.lpg.view.login.WelcomeActivity" image="indianoil_one"/>

	<!-- INDmoney -->
	<AppIcon name="in.indwealth/splash.SplashActivity" image="indmoney"/>

	<!-- Insider Business -->
	<AppIcon name="in.insider.business/in.insider.business.activity.HomeActivity" image="insider_business"/>

	<!-- Ivy Wallet -->
	<AppIcon name="com.ivy.wallet/com.ivy.wallet.RootActivity" image="ivy_wallet"/>

	<!-- Jellyfin -->
	<AppIcon name="org.jellyfin.mobile/org.jellyfin.mobile.MainActivity" image="jellyfin"/>

	<!-- JoinMyTrip -->
	<AppIcon name="com.joinmytrip.www/com.joinmytrip.www.MainActivity" image="joinmytrip"/>

	<!-- Jupiter -->
	<AppIcon name="money.jupiter/money.jupiter.MainActivity" image="jupiter"/>

	<!-- Kaizala -->
	<AppIcon name="com.microsoft.mobile.polymer/com.microsoft.mobile.polymer.ui.MainActivity" image="kaizala"/>

	<!-- KhadyaSathi -->
	<AppIcon name="com.fns.khadyasathi_aamarration/com.fns.khadyasathi_aamarration.Activity.WelcomePage" image="khadyasathi"/>

	<!-- Kindle -->
	<AppIcon name="com.amazon.kindle/com.amazon.kindle.UpgradePage" image="kindle"/>

	<!-- Klikk -->
	<AppIcon name="com.angel.klikk/com.angel.klikk.ui.activity.SplashActivity" image="klikk"/>

	<!-- KODAK Mobile Film Scanner -->
	<AppIcon name="com.pictoscanner.android.kodak/com.pictoscanner.android.StartActivity" image="kodak_mobile_film_scanner"/>

	<!-- Koo -->
	<AppIcon name="com.koo.app/com.koo.onboarding.OnBoardingActivity" image="koo"/>

	<!-- Kotak Bank -->
	<AppIcon name="com.msf.kbank.mobile/com.msf.kbank.mobile.launcher_d5e15a74df3d33e17b26d16a879646bfef34a86881463b2b8442d76af1f6f1f4" image="kotak_bank"/>

	<!-- Live DV -->
	<AppIcon name="com.dlk.IPCamViewer/cn.lucas.sport.dv.activity.MainActivity" image="live_dv"/>

	<!-- MakeMyTrip -->
	<AppIcon name="com.makemytrip/com.mmt.travel.app.home.ui.SplashActivity" image="makemytrip"/>

	<!-- Maruti Suzuki -->
	<AppIcon name="com.marutisuzuki.rewards/com.marutisuzuki.rewards.activity.SplashActivity" image="maruti_suzuki"/>

	<!-- MediBuddy -->
	<AppIcon name="in.medibuddy/in.medibuddy.ui.splash.SplashActivity" image="medibuddy"/>

	<!-- Meta ads -->
	<AppIcon name="com.facebook.adsmanager/com.facebook.adsmanager.AdsManagerLoginActivity" image="meta_ads"/>

	<!-- Metro -->
	<AppIcon name="in.co.metro.customerappmetro/in.co.metro.customerappmetro.aNewLogin.activities.MetroSplashActivity" image="metro"/>

	<!-- Metro Ride Kolkata -->
	<AppIcon name="org.cris.kmmts/org.cris.kmmts.activity.SplashScreen" image="metro_ride_kolkata"/>

	<!-- MIFARE Classic Tool -->
	<AppIcon name="de.syss.MifareClassicTool/de.syss.MifareClassicTool.Activities.MainMenu" image="mifare_classic_tool"/>

	<!-- Moon+ Reader Pro -->
	<AppIcon name="com.flyersoft.moonreaderp/com.flyersoft.moonreaderp.ActivityMain" image="moon_reader_pro"/>

	<!-- My Business -->
	<AppIcon name="com.google.android.apps.vega/com.google.android.apps.vega.VegaMainActivity" image="my_business"/>

	<!-- My Expenses -->
	<AppIcon name="org.totschnig.myexpenses/org.totschnig.myexpenses.activity.SplashActivity" image="my_expenses"/>

	<!-- My FASTag -->
	<AppIcon name="com.fastaguser/com.fastaguser.ui.SplashActivity" image="my_fastag"/>

	<!-- My Files -->
	<AppIcon name="com.oneplus.filemanager/com.oplus.filemanager.main.ui.MainActivity" image="my_files"/>

	<!-- My IFB -->
	<AppIcon name="com.sqt_smartapp.ifb_remote/com.sqt_smartapp.ifb_remote.activity.Login_Register.SplashActivity" image="my_ifb"/>

	<!-- MyTonWallet -->
	<AppIcon name="org.mytonwallet.app/org.mytonwallet.app.MainActivity" image="mytonwallet"/>

	<!-- NextGen mParivahan -->
	<AppIcon name="com.nic.mparivahan/com.nic.mparivahan.Welcome.SplashScreen" image="nextgen_mparivahan"/>

	<!-- NiyoX -->
	<AppIcon name="com.niyo.equitassavingsaccount/com.niyo.equitassavingsaccount.MainActivity" image="niyox"/>

	<!-- Notes -->
	<AppIcon name="com.oneplus.note/com.nearme.note.main.MainActivity" image="notes"/>

	<!-- OkCupid -->
	<AppIcon name="com.okcupid.okcupid/com.okcupid.okcupid.activity.MainActivity" image="okcupid"/>

	<!-- Ola -->
	<AppIcon name="com.olacabs.customer/com.olacabs.customer.ui.SplashActivity" image="ola"/>

	<!-- OnePlus Store -->
	<AppIcon name="com.oneplus.mall/com.oneplus.mall.view.SplashActivity" image="oneplus_store"/>

	<!-- Open Money -->
	<AppIcon name="com.open.openmoney/com.open.openmoney.MainActivity" image="open_money"/>

	<!-- OurGroceries -->
	<AppIcon name="com.headcode.ourgroceries/com.headcode.ourgroceries.android.LaunchActivity" image="ourgroceries"/>

	<!-- Outlook Lite -->
	<AppIcon name="com.microsoft.outlooklite/com.microsoft.outlooklite.sms.SmsMainActivity" image="outlook_lite"/>

	<!-- OYO -->
	<AppIcon name="com.oyo.consumer/com.oyo.consumer.activity.LauncherActivity" image="oyo"/>

	<!-- Park+ -->
	<AppIcon name="com.ovunque.parkwheels/com.ovunque.parkwheels.activities.SplashActivity" image="park_"/>

	<!-- Payoneer -->
	<AppIcon name="com.payoneer.android/com.payoneer.SplashActivity" image="payoneer"/>

	<!-- PayPal Business -->
	<AppIcon name="com.paypal.merchant.client/com.paypal.merchant.client.features.startup.StartUpActivity" image="paypal_business"/>

	<!-- Paytm for Business -->
	<AppIcon name="com.paytm.business/com.paytm.business.splash.SplashActivity" image="paytm_for_business"/>

	<!-- Paytm Money -->
	<AppIcon name="com.paytmmoney/com.paytmmoney.ui.splash.BaseSplashActivity" image="paytm_money"/>

	<!-- PharmEasy -->
	<AppIcon name="com.phonegap.rxpal/com.pharmeasy.ui.activities.SplashActivity" image="pharmeasy"/>

	<!-- PhonePe Business -->
	<AppIcon name="com.phonepe.app.business/com.phonepe.app.business.SplashActivity" image="phonepe_business"/>

	<!-- Photos -->
	<AppIcon name="com.oneplus.gallery/com.coloros.gallery3d.app.MainActivity" image="photos"/>

	<!-- Pixelup -->
	<AppIcon name="com.codeway.pixelup/com.codeway.pixelup.MainActivity" image="pixelup"/>

	<!-- Pockets -->
	<AppIcon name="com.icicibank.pockets/com.icicibank.pockets.launcher_c112af5fa2b84e16823b23a5f9d92524d62009fb9a702e08f472609eb40b4241" image="pockets"/>

	<!-- PowerSMB -->
	<AppIcon name="app.medialux.powersmb/app.medialux.powersmb.activities.MainActivity" image="powersmb"/>

	<!-- Profile Pic -->
	<AppIcon name="com.vicman.newprofilepic/com.vicman.photolab.activities.MainActivity" image="profile_pic"/>

	<!-- Proxmox Virtual Environment -->
	<AppIcon name="com.proxmox.app.pve_flutter_frontend/com.proxmox.app.pve_flutter_frontend.MainActivity" image="proxmox_virtual_environment"/>

	<!-- PVR -->
	<AppIcon name="com.net.pvr/com.net.pvr.ui.splash.SplashActivity" image="pvr"/>

	<!-- Quik -->
	<AppIcon name="com.stupeflix.replay/com.stupeflix.replay.features.home.SplashActivity" image="quik"/>

	<!-- RawBT -->
	<AppIcon name="ru.a402d.rawbtprinter/ru.a402d.rawbtprinter.activity.MainActivity" image="rawbt"/>

	<!-- Razorpay -->
	<AppIcon name="com.razorpay.payments.app/com.razorpay.payments.app.MainActivity" image="razorpay"/>

	<!-- RD Client -->
	<AppIcon name="com.microsoft.rdc.androidx/com.microsoft.rdc.ui.activities.HomeActivity" image="rd_client"/>

	<!-- Recorder -->
	<AppIcon name="com.oneplus.soundrecorder/com.soundrecorder.browsefile.BrowseFile" image="recorder"/>

	<!-- redBus -->
	<AppIcon name="in.redbus.android/in.redbus.android.root.SplashScreen" image="redbus"/>

	<!-- Robu.in -->
	<AppIcon name="com.tmstore.robu.in/com.tmstore.robu.in.MainActivity" image="robuin"/>

	<!-- Royal Enfield -->
	<AppIcon name="com.royalenfield.reprime/com.royalenfield.reprime.ui.splash.activity.MainSplashScreenActivity" image="royal_enfield"/>

	<!-- SBI Secure OTP -->
	<AppIcon name="com.sbi.SBISecure/com.sbi.SBISecure.OnlineOTP" image="sbi_secure_otp"/>

	<!-- SBI Yono Business -->
	<AppIcon name="com.sbi.SBAnywhereCorporate/com.sbi.SBAnywhereCorporate.permissions.RuntimePermissions" image="sbi_yono_business"/>

	<!-- Shiprocket -->
	<AppIcon name="com.shiprocket.shiprocket/com.shiprocket.shiprocket.activity.SplashActivityMain" image="shiprocket"/>

	<!-- Skyscanner -->
	<AppIcon name="net.skyscanner.android.main/net.skyscanner.shell.ui.activity.SplashActivity" image="skyscanner"/>

	<!-- Smart Life -->
	<AppIcon name="com.tuya.smartlife/com.smart.ThingSplashActivity" image="smart_life"/>

	<!-- SMS Backup & Restore -->
	<AppIcon name="com.riteshsahu.SMSBackupRestore/com.riteshsahu.SMSBackupRestore.activities.IntroActivity" image="sms_backup_and_restore"/>

	<!-- SMS Organizer -->
	<AppIcon name="com.microsoft.android.smsorganizer/com.microsoft.android.smsorganizer.StartupActivity" image="sms_organizer"/>

	<!-- SnapBridge -->
	<AppIcon name="com.nikon.snapbridge.cmru/com.nikon.snapbridge.cmru.ui.init.NkLLicenceActivity" image="snapbridge"/>

	<!-- Sony LIV -->
	<AppIcon name="com.sonyliv/com.sonyliv.ui.splash.SplashActivity" image="sony_liv"/>

	<!-- Spencers -->
	<AppIcon name="com.bsl.spencers.activity/com.bsl.spencers.activity.MainActivity" image="spencers"/>

	<!-- sRide -->
	<AppIcon name="co.sride/co.sride.splash.view.ui.SplashActivity" image="sride"/>

	<!-- STAT. -->
	<AppIcon name="com.milieu.prescription/com.milieu.prescription.MainActivity" image="stat"/>

	<!-- Stickers -->
	<AppIcon name="com.hike.stickers.hike/com.hike.stickers.wa.ui.activity.StickerActivity" image="stickers"/>

	<!-- Stripe -->
	<AppIcon name="com.stripe.android.dashboard/com.stripe.dashboard.ui.launch.MainActivity" image="stripe"/>

	<!-- Tailscale -->
	<AppIcon name="com.tailscale.ipn/com.tailscale.ipn.IPNActivity" image="tailscale"/>

	<!-- Tasker -->
	<AppIcon name="net.dinglisch.android.taskerm/net.dinglisch.android.taskerm.Tasker" image="tasker"/>

	<!-- Tasker Secondary -->
	<AppIcon name="net.dinglisch.android.taskerm/com.joaomgcd.taskerm.util.ActivitySecondaryApp" image="tasker_secondary"/>

	<!-- Tata Capital -->
	<AppIcon name="com.snapwork.tcl/com.snapwork.tcl.MainActivity" image="tata_capital"/>

	<!-- Tata Neu -->
	<AppIcon name="com.tatadigital.tcp/com.tatadigital.tcp.MainActivity" image="tata_neu"/>

	<!-- Termius -->
	<AppIcon name="com.server.auditor.ssh.client/com.server.auditor.ssh.client.navigation.SplashScreenActivity" image="termius"/>

	<!-- Theme Store -->
	<AppIcon name="com.oplus.themestore/com.nearme.themespace.activities.ThemeActivity" image="theme_store"/>

	<!-- Timesheet -->
	<AppIcon name="com.tcs.ipms/com.tcs.ipms.MainActivity" image="timesheet"/>

	<!-- Tinder -->
	<AppIcon name="com.tinder/com.tinder.launch.internal.activities.LoginActivity" image="tinder"/>

	<!-- TravelBuddy -->
	<AppIcon name="com.beatravelbuddy.travelbuddy/com.beatravelbuddy.travelbuddy.MainActivity" image="travelbuddy"/>

	<!-- UC Turbo -->
	<AppIcon name="com.ucturbo/com.ucturbo.MainActivityNew" image="uc_turbo"/>

	<!-- Urban Company -->
	<AppIcon name="com.urbanclap.urbanclap/com.urbanclap.urbanclap.core.app_icon.NormalUser" image="urban_company"/>

	<!-- UTS -->
	<AppIcon name="com.cris.utsmobile/com.cris.ima.utsonmobile.mainmenuitems.SplashActivity" image="uts"/>

	<!-- Ux Apps -->
	<AppIcon name="com.tcs.android.tcsappstore/com.tcs.android.tcsappstore.activities.SplashActivity" image="ux_apps"/>

	<!-- UxAssistant -->
	<AppIcon name="com.tcs.chatbot.yuva/com.tcs.chatbot.yuva.SplashActivity" image="uxassistant"/>

	<!-- Vauld -->
	<AppIcon name="com.bankofhodlers.mobile/com.bankofhodlers.mobile.MainActivity" image="vauld"/>

	<!-- VideoShow -->
	<AppIcon name="com.xvideostudio.videoeditorpro/com.xvideostudio.videoeditor.activity.SplashActivityImpl" image="videoshow"/>

	<!-- Vidyut Sahayogi -->
	<AppIcon name="in.wbsedcl.sahayogi/in.wbsedcl.sahayogi.MainActivity" image="vidyut_sahayogi"/>

	<!-- Viva Engage -->
	<AppIcon name="com.yammer.v1/com.yammer.droid.ui.LauncherActivity" image="viva_engage"/>

	<!-- Vivv -->
	<AppIcon name="com.aol.mobile.vivv/com.aol.mobile.vivv.MainActivity" image="vivv"/>

	<!-- Weather -->
	<AppIcon name="net.oneplus.weather/com.oplus.weather.main.view.WeatherMainActivity" image="weather"/>

	<!-- Webex Meet -->
	<AppIcon name="com.cisco.webex.meetings/com.cisco.webex.meetings.ui.premeeting.welcome.WebExMeeting" image="webex_meet"/>

	<!-- Wi-Fi Toolkit -->
	<AppIcon name="com.tplink.networktoolsbox/com.tplink.networktoolsbox.ui.init.SplashActivity" image="wi_fi_toolkit"/>

	<!-- Workspace -->
	<AppIcon name="com.citrix.Receiver/com.citrix.client.Receiver.ui.activities.SplashActivity" image="workspace"/>

	<!-- Xiaomi Home -->
	<AppIcon name="com.xiaomi.smarthome/com.xiaomi.smarthome.SmartHomeMainActivity" image="xiaomi_home"/>

	<!-- Yatri Sathi -->
	<AppIcon name="in.juspay.jatrisaathi/in.juspay.mobility.MainActivity" image="yatri_sathi"/>

	<!-- Yono Lite SBI -->
	<AppIcon name="com.sbi.SBIFreedomPlus/com.sbi.SBIFreedomPlus.SBIYonoLite" image="yono_lite_sbi"/>

	<!-- ZEE5 -->
	<AppIcon name="com.graymatrix.did/com.zee5.splash.SplashActivity" image="zee5"/>

	<!-- Zen Space -->
	<AppIcon name="com.oneplus.brickmode/com.oneplus.brickmode.activity.MainControlActivity" image="zen_space"/>

	<!-- Zepto -->
	<AppIcon name="com.zeptoconsumerapp/com.zeptoconsumerapp.MainActivity" image="zepto"/>

	<!-- ZestMoney -->
	<AppIcon name="in.zestmoney.android.zestlife/in.zestmoney.zestlife.ui.journey.LaunchActivity" image="zestmoney"/>

</Theme>