<resources>

	<!-- Сканер штрих-кодов -->
	<item component="ComponentInfo{com.google.zxing.client.android/com.google.zxing.client.android.CaptureActivity}" drawable="сканер_штрих_кодов" />

	<!-- Удобное Чтение -->
	<item component="ComponentInfo{ru.yanus171.feedexfork/ru.yanus171.feedexfork.activity.HomeActivity}" drawable="удобное_чтение" />

	<!-- Шахматы -->
	<item component="ComponentInfo{jwtc.android.chess/jwtc.android.chess.start}" drawable="шахматы" />

	<!-- AirGuard -->
	<item component="ComponentInfo{de.seemoo.at_tracking_detection/de.seemoo.at_tracking_detection.ui.MainActivity}" drawable="airguard" />

	<!-- Amaze -->
	<item component="ComponentInfo{com.amaze.filemanager/com.amaze.filemanager.ui.activities.MainActivity}" drawable="amaze" />

	<!-- AnkiDroid -->
	<item component="ComponentInfo{com.ichi2.anki/com.ichi2.anki.IntentHandler}" drawable="ankidroid" />

	<!-- Audile -->
	<item component="ComponentInfo{com.mrsep.musicrecognizer/com.mrsep.musicrecognizer.presentation.MainActivity}" drawable="audile" />

	<!-- Aurora Droid -->
	<item component="ComponentInfo{com.aurora.adroid/com.aurora.adroid.ui.generic.activity.SplashActivity}" drawable="aurora_droid" />

	<!-- BatteryBot Pro -->
	<item component="ComponentInfo{com.darshancomputing.BatteryIndicatorPro/com.darshancomputing.BatteryIndicatorPro.BatteryInfoActivity}" drawable="batterybot_pro" />

	<!-- Bible Notify -->
	<item component="ComponentInfo{com.correctsyntax.biblenotify/com.correctsyntax.biblenotify.MainActivity}" drawable="bible_notify" />

	<!-- BLE-Monitor -->
	<item component="ComponentInfo{com.huc.android_ble_monitor/com.huc.android_ble_monitor.activities.MainActivity}" drawable="ble_monitor" />

	<!-- BLExplorer -->
	<item component="ComponentInfo{org.ligi.blexplorer/org.ligi.blexplorer.ui.DeviceListActivity}" drawable="blexplorer" />

	<!-- Bluetooth terminal -->
	<item component="ComponentInfo{ru.sash0k.bluetooth_terminal/ru.sash0k.bluetooth_terminal.activity.DeviceControlActivity}" drawable="bluetooth_terminal" />

	<!-- Cards With Cats -->
	<item component="ComponentInfo{com.dozingcatsoftware.cardswithcats/com.dozingcatsoftware.cardswithcats.MainActivity}" drawable="cards_with_cats" />

	<!-- Circles -->
	<item component="ComponentInfo{org.futo.circles/org.futo.circles.MainActivity}" drawable="circles" />

	<!-- ControlDLNA -->
	<item component="ComponentInfo{com.github.nutomic.controldlna/com.github.nutomic.controldlna.gui.MainActivity}" drawable="controldlna" />

	<!-- Cool Reader -->
	<item component="ComponentInfo{org.coolreader/org.coolreader.CoolReader}" drawable="cool_reader" />

	<!-- Dicio -->
	<item component="ComponentInfo{org.stypox.dicio/org.stypox.dicio.MainActivity}" drawable="dicio" />

	<!-- Easer (beta) -->
	<item component="ComponentInfo{ryey.easer.beta/ryey.easer.core.ui.MainActivity}" drawable="easer_beta_" />

	<!-- Equate -->
	<item component="ComponentInfo{com.llamacorp.equate/com.llamacorp.equate.view.CalcActivity}" drawable="equate" />

	<!-- FBReader -->
	<item component="ComponentInfo{org.geometerplus.zlibrary.ui.android/org.geometerplus.android.fbreader.FBReader}" drawable="fbreader" />

	<!-- Flowit! -->
	<item component="ComponentInfo{com.bytehamster.flowitgame/com.bytehamster.flowitgame.Main}" drawable="flowit_" />

	<!-- Freebloks -->
	<item component="ComponentInfo{de.saschahlusiak.freebloks/de.saschahlusiak.freebloks.game.FreebloksActivity}" drawable="freebloks" />

	<!-- Funkwhale -->
	<item component="ComponentInfo{audio.funkwhale.ffa/audio.funkwhale.ffa.activities.SplashActivity}" drawable="funkwhale" />

	<!-- Gobandroid -->
	<item component="ComponentInfo{org.ligi.gobandroid_hd/org.ligi.gobandroid_hd.ui.game_setup.GoSetupActivity}" drawable="gobandroid" />

	<!-- gptAssist -->
	<item component="ComponentInfo{org.woheller69.gptassist/org.woheller69.gptassist.MainActivity}" drawable="gptassist" />

	<!-- Key Mapper -->
	<item component="ComponentInfo{io.github.sds100.keymapper/io.github.sds100.keymapper.SplashActivity}" drawable="key_mapper" />

	<!-- LabCoat -->
	<item component="ComponentInfo{com.commit451.gitlab/com.commit451.gitlab.activity.LaunchActivity}" drawable="labcoat" />

	<!-- Lexica -->
	<item component="ComponentInfo{com.serwylo.lexica/com.serwylo.lexica.MainMenuActivity}" drawable="lexica" />

	<!-- Markor -->
	<item component="ComponentInfo{net.gsantner.markor/net.gsantner.markor.activity.MainActivity}" drawable="markor" />

	<!-- MuPDF -->
	<item component="ComponentInfo{com.artifex.mupdfdemo/com.artifex.mupdfdemo.ChoosePDFActivity}" drawable="mupdf" />

	<!-- My App List -->
	<item component="ComponentInfo{com.projectsexception.myapplist.open/com.projectsexception.myapplist.MainActivity}" drawable="my_app_list" />

	<!-- OctoDroid -->
	<item component="ComponentInfo{com.gh4a/com.gh4a.activities.Github4AndroidActivity}" drawable="octodroid" />

	<!-- OpenBoard -->
	<item component="ComponentInfo{org.dslul.openboard.inputmethod.latin/org.dslul.openboard.inputmethod.latin.setup.SetupActivity}" drawable="openboard" />

	<!-- Phonograph Plus -->
	<item component="ComponentInfo{player.phonograph.plus/player.phonograph.ui.activities.LauncherActivity}" drawable="phonograph_plus" />

	<!-- Puzzles -->
	<item component="ComponentInfo{name.boyle.chris.sgtpuzzles/name.boyle.chris.sgtpuzzles.SGTPuzzles}" drawable="puzzles" />

	<!-- SCEE -->
	<item component="ComponentInfo{de.westnordost.streetcomplete.expert/de.westnordost.streetcomplete.screens.MainActivity}" drawable="scee" />

	<!-- SMS Backup+ -->
	<item component="ComponentInfo{com.zegoggles.smssync/com.zegoggles.smssync.activity.MainActivity}" drawable="sms_backup_" />

	<!-- Spotube -->
	<item component="ComponentInfo{oss.krtirtho.spotube/com.ryanheise.audioservice.AudioServiceActivity}" drawable="spotube" />

	<!-- TIC-80 -->
	<item component="ComponentInfo{com.nesbox.tic/com.nesbox.tic.TIC}" drawable="tic_80" />

	<!-- Todo Agenda -->
	<item component="ComponentInfo{org.andstatus.todoagenda/org.andstatus.todoagenda.MainActivity}" drawable="todo_agenda" />

	<!-- Ultrasonic -->
	<item component="ComponentInfo{org.moire.ultrasonic/org.moire.ultrasonic.activity.NavigationActivity}" drawable="ultrasonic" />

	<!-- Vanilla Music -->
	<item component="ComponentInfo{ch.blinkenlights.android.vanilla/ch.blinkenlights.android.vanilla.LibraryActivity}" drawable="vanilla_music" />

	<!-- Vinyl -->
	<item component="ComponentInfo{com.poupa.vinylmusicplayer/com.poupa.vinylmusicplayer.ui.activities.MainActivity}" drawable="vinyl" />

	<!-- Wi-Fi напоминания -->
	<item component="ComponentInfo{ru.glesik.wifireminders/ru.glesik.wifireminders.RemindersListActivity}" drawable="wi_fi_напоминания" />

	<!-- YAACC -->
	<item component="ComponentInfo{de.yaacc/de.yaacc.browser.TabBrowserActivity}" drawable="yaacc" />

</resources>