<appmap>

	<!-- Сканер штрих-кодов -->
	<item class="com.google.zxing.client.android.CaptureActivity" name="сканер_штрих_кодов"/>

	<!-- Удобное Чтение -->
	<item class="ru.yanus171.feedexfork.activity.HomeActivity" name="удобное_чтение"/>

	<!-- Шахматы -->
	<item class="jwtc.android.chess.start" name="шахматы"/>

	<!-- AirGuard -->
	<item class="de.seemoo.at_tracking_detection.ui.MainActivity" name="airguard"/>

	<!-- Amaze -->
	<item class="com.amaze.filemanager.ui.activities.MainActivity" name="amaze"/>

	<!-- AnkiDroid -->
	<item class="com.ichi2.anki.IntentHandler" name="ankidroid"/>

	<!-- Audile -->
	<item class="com.mrsep.musicrecognizer.presentation.MainActivity" name="audile"/>

	<!-- Aurora Droid -->
	<item class="com.aurora.adroid.ui.generic.activity.SplashActivity" name="aurora_droid"/>

	<!-- BatteryBot Pro -->
	<item class="com.darshancomputing.BatteryIndicatorPro.BatteryInfoActivity" name="batterybot_pro"/>

	<!-- Bible Notify -->
	<item class="com.correctsyntax.biblenotify.MainActivity" name="bible_notify"/>

	<!-- BLE-Monitor -->
	<item class="com.huc.android_ble_monitor.activities.MainActivity" name="ble_monitor"/>

	<!-- BLExplorer -->
	<item class="org.ligi.blexplorer.ui.DeviceListActivity" name="blexplorer"/>

	<!-- Bluetooth terminal -->
	<item class="ru.sash0k.bluetooth_terminal.activity.DeviceControlActivity" name="bluetooth_terminal"/>

	<!-- Cards With Cats -->
	<item class="com.dozingcatsoftware.cardswithcats.MainActivity" name="cards_with_cats"/>

	<!-- Circles -->
	<item class="org.futo.circles.MainActivity" name="circles"/>

	<!-- ControlDLNA -->
	<item class="com.github.nutomic.controldlna.gui.MainActivity" name="controldlna"/>

	<!-- Cool Reader -->
	<item class="org.coolreader.CoolReader" name="cool_reader"/>

	<!-- Dicio -->
	<item class="org.stypox.dicio.MainActivity" name="dicio"/>

	<!-- Easer (beta) -->
	<item class="ryey.easer.core.ui.MainActivity" name="easer_beta_"/>

	<!-- Equate -->
	<item class="com.llamacorp.equate.view.CalcActivity" name="equate"/>

	<!-- FBReader -->
	<item class="org.geometerplus.android.fbreader.FBReader" name="fbreader"/>

	<!-- Flowit! -->
	<item class="com.bytehamster.flowitgame.Main" name="flowit_"/>

	<!-- Freebloks -->
	<item class="de.saschahlusiak.freebloks.game.FreebloksActivity" name="freebloks"/>

	<!-- Funkwhale -->
	<item class="audio.funkwhale.ffa.activities.SplashActivity" name="funkwhale"/>

	<!-- Gobandroid -->
	<item class="org.ligi.gobandroid_hd.ui.game_setup.GoSetupActivity" name="gobandroid"/>

	<!-- gptAssist -->
	<item class="org.woheller69.gptassist.MainActivity" name="gptassist"/>

	<!-- Key Mapper -->
	<item class="io.github.sds100.keymapper.SplashActivity" name="key_mapper"/>

	<!-- LabCoat -->
	<item class="com.commit451.gitlab.activity.LaunchActivity" name="labcoat"/>

	<!-- Lexica -->
	<item class="com.serwylo.lexica.MainMenuActivity" name="lexica"/>

	<!-- Markor -->
	<item class="net.gsantner.markor.activity.MainActivity" name="markor"/>

	<!-- MuPDF -->
	<item class="com.artifex.mupdfdemo.ChoosePDFActivity" name="mupdf"/>

	<!-- My App List -->
	<item class="com.projectsexception.myapplist.MainActivity" name="my_app_list"/>

	<!-- OctoDroid -->
	<item class="com.gh4a.activities.Github4AndroidActivity" name="octodroid"/>

	<!-- OpenBoard -->
	<item class="org.dslul.openboard.inputmethod.latin.setup.SetupActivity" name="openboard"/>

	<!-- Phonograph Plus -->
	<item class="player.phonograph.ui.activities.LauncherActivity" name="phonograph_plus"/>

	<!-- Puzzles -->
	<item class="name.boyle.chris.sgtpuzzles.SGTPuzzles" name="puzzles"/>

	<!-- SCEE -->
	<item class="de.westnordost.streetcomplete.screens.MainActivity" name="scee"/>

	<!-- SMS Backup+ -->
	<item class="com.zegoggles.smssync.activity.MainActivity" name="sms_backup_"/>

	<!-- Spotube -->
	<item class="com.ryanheise.audioservice.AudioServiceActivity" name="spotube"/>

	<!-- TIC-80 -->
	<item class="com.nesbox.tic.TIC" name="tic_80"/>

	<!-- Todo Agenda -->
	<item class="org.andstatus.todoagenda.MainActivity" name="todo_agenda"/>

	<!-- Ultrasonic -->
	<item class="org.moire.ultrasonic.activity.NavigationActivity" name="ultrasonic"/>

	<!-- Vanilla Music -->
	<item class="ch.blinkenlights.android.vanilla.LibraryActivity" name="vanilla_music"/>

	<!-- Vinyl -->
	<item class="com.poupa.vinylmusicplayer.ui.activities.MainActivity" name="vinyl"/>

	<!-- Wi-Fi напоминания -->
	<item class="ru.glesik.wifireminders.RemindersListActivity" name="wi_fi_напоминания"/>

	<!-- YAACC -->
	<item class="de.yaacc.browser.TabBrowserActivity" name="yaacc"/>

</appmap>