<Theme version="1">

	<!-- Сканер штрих-кодов -->
	<AppIcon name="com.google.zxing.client.android/com.google.zxing.client.android.CaptureActivity" image="сканер_штрих_кодов"/>

	<!-- Удобное Чтение -->
	<AppIcon name="ru.yanus171.feedexfork/ru.yanus171.feedexfork.activity.HomeActivity" image="удобное_чтение"/>

	<!-- Шахматы -->
	<AppIcon name="jwtc.android.chess/jwtc.android.chess.start" image="шахматы"/>

	<!-- AirGuard -->
	<AppIcon name="de.seemoo.at_tracking_detection/de.seemoo.at_tracking_detection.ui.MainActivity" image="airguard"/>

	<!-- Amaze -->
	<AppIcon name="com.amaze.filemanager/com.amaze.filemanager.ui.activities.MainActivity" image="amaze"/>

	<!-- AnkiDroid -->
	<AppIcon name="com.ichi2.anki/com.ichi2.anki.IntentHandler" image="ankidroid"/>

	<!-- Audile -->
	<AppIcon name="com.mrsep.musicrecognizer/com.mrsep.musicrecognizer.presentation.MainActivity" image="audile"/>

	<!-- Aurora Droid -->
	<AppIcon name="com.aurora.adroid/com.aurora.adroid.ui.generic.activity.SplashActivity" image="aurora_droid"/>

	<!-- BatteryBot Pro -->
	<AppIcon name="com.darshancomputing.BatteryIndicatorPro/com.darshancomputing.BatteryIndicatorPro.BatteryInfoActivity" image="batterybot_pro"/>

	<!-- Bible Notify -->
	<AppIcon name="com.correctsyntax.biblenotify/com.correctsyntax.biblenotify.MainActivity" image="bible_notify"/>

	<!-- BLE-Monitor -->
	<AppIcon name="com.huc.android_ble_monitor/com.huc.android_ble_monitor.activities.MainActivity" image="ble_monitor"/>

	<!-- BLExplorer -->
	<AppIcon name="org.ligi.blexplorer/org.ligi.blexplorer.ui.DeviceListActivity" image="blexplorer"/>

	<!-- Bluetooth terminal -->
	<AppIcon name="ru.sash0k.bluetooth_terminal/ru.sash0k.bluetooth_terminal.activity.DeviceControlActivity" image="bluetooth_terminal"/>

	<!-- Cards With Cats -->
	<AppIcon name="com.dozingcatsoftware.cardswithcats/com.dozingcatsoftware.cardswithcats.MainActivity" image="cards_with_cats"/>

	<!-- Circles -->
	<AppIcon name="org.futo.circles/org.futo.circles.MainActivity" image="circles"/>

	<!-- ControlDLNA -->
	<AppIcon name="com.github.nutomic.controldlna/com.github.nutomic.controldlna.gui.MainActivity" image="controldlna"/>

	<!-- Cool Reader -->
	<AppIcon name="org.coolreader/org.coolreader.CoolReader" image="cool_reader"/>

	<!-- Dicio -->
	<AppIcon name="org.stypox.dicio/org.stypox.dicio.MainActivity" image="dicio"/>

	<!-- Easer (beta) -->
	<AppIcon name="ryey.easer.beta/ryey.easer.core.ui.MainActivity" image="easer_beta_"/>

	<!-- Equate -->
	<AppIcon name="com.llamacorp.equate/com.llamacorp.equate.view.CalcActivity" image="equate"/>

	<!-- FBReader -->
	<AppIcon name="org.geometerplus.zlibrary.ui.android/org.geometerplus.android.fbreader.FBReader" image="fbreader"/>

	<!-- Flowit! -->
	<AppIcon name="com.bytehamster.flowitgame/com.bytehamster.flowitgame.Main" image="flowit_"/>

	<!-- Freebloks -->
	<AppIcon name="de.saschahlusiak.freebloks/de.saschahlusiak.freebloks.game.FreebloksActivity" image="freebloks"/>

	<!-- Funkwhale -->
	<AppIcon name="audio.funkwhale.ffa/audio.funkwhale.ffa.activities.SplashActivity" image="funkwhale"/>

	<!-- Gobandroid -->
	<AppIcon name="org.ligi.gobandroid_hd/org.ligi.gobandroid_hd.ui.game_setup.GoSetupActivity" image="gobandroid"/>

	<!-- gptAssist -->
	<AppIcon name="org.woheller69.gptassist/org.woheller69.gptassist.MainActivity" image="gptassist"/>

	<!-- Key Mapper -->
	<AppIcon name="io.github.sds100.keymapper/io.github.sds100.keymapper.SplashActivity" image="key_mapper"/>

	<!-- LabCoat -->
	<AppIcon name="com.commit451.gitlab/com.commit451.gitlab.activity.LaunchActivity" image="labcoat"/>

	<!-- Lexica -->
	<AppIcon name="com.serwylo.lexica/com.serwylo.lexica.MainMenuActivity" image="lexica"/>

	<!-- Markor -->
	<AppIcon name="net.gsantner.markor/net.gsantner.markor.activity.MainActivity" image="markor"/>

	<!-- MuPDF -->
	<AppIcon name="com.artifex.mupdfdemo/com.artifex.mupdfdemo.ChoosePDFActivity" image="mupdf"/>

	<!-- My App List -->
	<AppIcon name="com.projectsexception.myapplist.open/com.projectsexception.myapplist.MainActivity" image="my_app_list"/>

	<!-- OctoDroid -->
	<AppIcon name="com.gh4a/com.gh4a.activities.Github4AndroidActivity" image="octodroid"/>

	<!-- OpenBoard -->
	<AppIcon name="org.dslul.openboard.inputmethod.latin/org.dslul.openboard.inputmethod.latin.setup.SetupActivity" image="openboard"/>

	<!-- Phonograph Plus -->
	<AppIcon name="player.phonograph.plus/player.phonograph.ui.activities.LauncherActivity" image="phonograph_plus"/>

	<!-- Puzzles -->
	<AppIcon name="name.boyle.chris.sgtpuzzles/name.boyle.chris.sgtpuzzles.SGTPuzzles" image="puzzles"/>

	<!-- SCEE -->
	<AppIcon name="de.westnordost.streetcomplete.expert/de.westnordost.streetcomplete.screens.MainActivity" image="scee"/>

	<!-- SMS Backup+ -->
	<AppIcon name="com.zegoggles.smssync/com.zegoggles.smssync.activity.MainActivity" image="sms_backup_"/>

	<!-- Spotube -->
	<AppIcon name="oss.krtirtho.spotube/com.ryanheise.audioservice.AudioServiceActivity" image="spotube"/>

	<!-- TIC-80 -->
	<AppIcon name="com.nesbox.tic/com.nesbox.tic.TIC" image="tic_80"/>

	<!-- Todo Agenda -->
	<AppIcon name="org.andstatus.todoagenda/org.andstatus.todoagenda.MainActivity" image="todo_agenda"/>

	<!-- Ultrasonic -->
	<AppIcon name="org.moire.ultrasonic/org.moire.ultrasonic.activity.NavigationActivity" image="ultrasonic"/>

	<!-- Vanilla Music -->
	<AppIcon name="ch.blinkenlights.android.vanilla/ch.blinkenlights.android.vanilla.LibraryActivity" image="vanilla_music"/>

	<!-- Vinyl -->
	<AppIcon name="com.poupa.vinylmusicplayer/com.poupa.vinylmusicplayer.ui.activities.MainActivity" image="vinyl"/>

	<!-- Wi-Fi напоминания -->
	<AppIcon name="ru.glesik.wifireminders/ru.glesik.wifireminders.RemindersListActivity" image="wi_fi_напоминания"/>

	<!-- YAACC -->
	<AppIcon name="de.yaacc/de.yaacc.browser.TabBrowserActivity" image="yaacc"/>

</Theme>