<resources>

	<!-- AI ChatLab -->
	<item component="ComponentInfo{com.ChatLab.AI.Toolbox/com.appsgeyser.multiTabApp.MainNavigationActivity}" drawable="ai_chatlab" />

	<!-- Avira PWM -->
	<item component="ComponentInfo{com.avira.passwordmanager/com.avira.passwordmanager.activities.SplashActivity}" drawable="avira_pwm" />

	<!-- Azar -->
	<item component="ComponentInfo{com.azarlive.android/com.azarlive.android.presentation.login.LoginActivity}" drawable="azar" />

	<!-- Bdjobs -->
	<item component="ComponentInfo{com.bdjobs.app/com.bdjobs.app.SplashActivity}" drawable="bdjobs" />

	<!-- Camera -->
	<item component="ComponentInfo{com.oplus.camera/com.oplus.camera.Camera}" drawable="camera" />

	<!-- CleverType -->
	<item component="ComponentInfo{com.clevertype.ai.keyboard/com.clevertype.ai.keyboard.app.MainActivity}" drawable="clevertype" />

	<!-- Clone Phone -->
	<item component="ComponentInfo{com.coloros.backuprestore/com.oplus.phoneclone.PhoneCloneMainActivity}" drawable="clone_phone" />

	<!-- Cuto -->
	<item component="ComponentInfo{com.sspai.cuto.android/net.dchdc.cuto.ui.main.SplashActivity}" drawable="cuto" />

	<!-- Diary Vault -->
	<item component="ComponentInfo{me.sankethbk.dairyapp/com.example.dairy_app.MainActivity}" drawable="diary_vault" />

	<!-- dynamic bird -->
	<item component="ComponentInfo{com.hfhuaizhi.bird/com.hfhuaizhi.bird.activity.MainActivity}" drawable="dynamic_bird" />

	<!-- Equalizer -->
	<item component="ComponentInfo{com.jazibkhan.equalizer/com.zipoapps.premiumhelper.ui.splash.PHSplashActivity}" drawable="equalizer" />

	<!-- Gallery -->
	<item component="ComponentInfo{com.simplemobiletools.gallery.pro/com.simplemobiletools.gallery.pro.activities.SplashActivity.Grey_black}" drawable="gallery" />

	<!-- Games -->
	<item component="ComponentInfo{com.oplus.games/com.oplus.games.ui.main.MainGameActivity}" drawable="games" />

	<!-- Image Toolbox -->
	<item component="ComponentInfo{ru.tech.imageresizershrinker/ru.tech.imageresizershrinker.presentation.AppActivity}" drawable="image_toolbox" />

	<!-- Instander -->
	<item component="ComponentInfo{com.instander.android/com.instagram.android.activity.MainTabActivity}" drawable="instander" />

	<!-- Loc -->
	<item component="ComponentInfo{xyz.abdeltwabmf.loc/xyz.abdeltwabmf.loc.MainActivity}" drawable="loc" />

	<!-- Luminous Black -->
	<item component="ComponentInfo{com.poweramp.v3.luminousblack/com.poweramp.v3.luminousblack.SkinInfoActivity}" drawable="luminous_black" />

	<!-- MagnetX -->
	<item component="ComponentInfo{app.magnetx.magnetx/app.magnetx.magnetx.MainActivity}" drawable="magnetx" />

	<!-- Messenger Pro -->
	<item component="ComponentInfo{tn.amin.mpro2/tn.amin.mpro2.AboutActivity}" drawable="messenger_pro" />

	<!-- Mibro Fit -->
	<item component="ComponentInfo{com.xiaoxun.xunoversea.mibrofit/com.xiaoxun.xunoversea.mibrofit.view.app.LauncherActivity}" drawable="mibro_fit" />

	<!-- Musify -->
	<item component="ComponentInfo{com.gokadzev.musify.fdroid/com.ryanheise.audioservice.AudioServiceActivity}" drawable="musify" />

	<!-- Nagad -->
	<item component="ComponentInfo{com.konasl.nagad/com.konasl.dfs.ui.splash.SplashActivity}" drawable="nagad" />

	<!-- Nekogram -->
	<item component="ComponentInfo{tw.nekomimi.nekogram/org.telegram.messenger.MerioIcon}" drawable="nekogram" />

	<!-- Notes -->
	<item component="ComponentInfo{com.coloros.note/com.nearme.note.main.MainActivity}" drawable="notes" />

	<!-- Nothing Adaptive -->
	<item component="ComponentInfo{dev.narikdesign.nothingadaptive/dev.narikdesign.nothingadaptive.MainActivity}" drawable="nothing_adaptive" />

	<!-- Nothing Material You -->
	<item component="ComponentInfo{dev.narikdesign.nothingmaterialyou/dev.narikdesign.nothingmaterialyou.MainActivity}" drawable="nothing_material_you" />

	<!-- Obhai -->
	<item component="ComponentInfo{com.obhai/com.obhai.presenter.view.splash.SplashNewActivity}" drawable="obhai" />

	<!-- OLEDBuddy -->
	<item component="ComponentInfo{me.mikecroall.oledbuddy/me.mikecroall.oledbuddy.HomeActivity}" drawable="oledbuddy" />

	<!-- PairDrop -->
	<item component="ComponentInfo{org.chromium.webapk.ac9ada432e3cc0c8e_v2/org.chromium.webapk.shell_apk.h2o.H2OOpaqueMainActivity}" drawable="pairdrop" />

	<!-- Pathao -->
	<item component="ComponentInfo{com.pathao.user/com.pathao.user.ui.core.splash.view.SplashActivity}" drawable="pathao" />

	<!-- Picsart -->
	<item component="ComponentInfo{com.picsart.studio/com.socialin.android.photo.picsinphoto.MainPagerActivity}" drawable="picsart" />

	<!-- Pix Wallpapers -->
	<item component="ComponentInfo{com.pashapuma.pix.wallpapers/com.pashapuma.pix.wallpapers.MainActivity}" drawable="pix_wallpapers" />

	<!-- Pixel Walls -->
	<item component="ComponentInfo{dev.wacko1805.pixel.wallpapers/dev.jahir.frames.app.MainActivity}" drawable="pixel_walls" />

	<!-- Poweramp Equalizer -->
	<item component="ComponentInfo{com.maxmpz.equalizer/com.maxmpz.audioplayer.standard_adaptive}" drawable="poweramp_equalizer" />

	<!-- PowerVPN -->
	<item component="ComponentInfo{com.vpn.powervpn2/com.vpn.power.SplashActivity}" drawable="powervpn" />

	<!-- qBittorrent -->
	<item component="ComponentInfo{com.delphicoder.fludd/com.delphicoder.flud.MainActivity}" drawable="qbittorrent" />

	<!-- QR & Barcode Scanner PRO -->
	<item component="ComponentInfo{com.gamma.scan2/com.gamma.barcodeapp.ui.BarcodeCaptureActivity}" drawable="qr_and_barcode_scanner_pro" />

	<!-- QuickTiles -->
	<item component="ComponentInfo{com.asdoi.quicktiles/com.asdoi.quicksettings.SettingsActivity}" drawable="quicktiles" />

	<!-- Ready Set Golf -->
	<item component="ComponentInfo{com.pikpok.golf.play/com.pikpok.PikPokUnityActivity}" drawable="ready_set_golf" />

	<!-- Relay Pro -->
	<item component="ComponentInfo{reddit.news/reddit.news.RedditNavigation}" drawable="relay_pro" />

	<!-- Ringtone Maker -->
	<item component="ComponentInfo{com.herman.ringtone/com.herman.ringtone.MusicPicker}" drawable="ringtone_maker" />

	<!-- Secret Screenshots -->
	<item component="ComponentInfo{com.lware.secret_screenshots/com.lware.secret_screenshots.MainActivity}" drawable="secret_screenshots" />

	<!-- Send Files To TV -->
	<item component="ComponentInfo{com.yablio.sendfilestotv/com.yablio.sendfilestotv.ui.MainActivity}" drawable="send_files_to_tv" />

	<!-- Show Volume Panel -->
	<item component="ComponentInfo{leedroiddevelopments.volumepanelads/leedroiddevelopments.volumepanelads.OpenPanel}" drawable="show_volume_panel" />

	<!-- Smart Life -->
	<item component="ComponentInfo{com.tuya.smartlife/com.smart.ThingSplashActivity}" drawable="smart_life" />

	<!-- Soloop Cut -->
	<item component="ComponentInfo{com.oplus.videoeditor/com.coloros.videoeditor.SplashActivity}" drawable="soloop_cut" />

	<!-- Starlio -->
	<item component="ComponentInfo{ru.murzify.everynasa/ru.murzify.everynasa.activities.MainActivity}" drawable="starlio" />

	<!-- TeraBox -->
	<item component="ComponentInfo{com.dubox.drive/com.dubox.drive.ui.Logo0LauncherActivity}" drawable="terabox" />

	<!-- Theme Store -->
	<item component="ComponentInfo{com.oplus.themestore/com.nearme.themespace.activities.ThemeActivity}" drawable="theme_store" />

	<!-- TikTok Plugin -->
	<item component="ComponentInfo{com.rezvorck.tiktokplugin/com.rezvorck.tiktokplugin.MainActivity}" drawable="tiktok_plugin" />

	<!-- Tubular -->
	<item component="ComponentInfo{org.polymorphicshade.tubular/org.schabi.newpipe.MainActivity}" drawable="tubular" />

	<!-- UtopiaWalls+ -->
	<item component="ComponentInfo{wpx.galahad.utopia/dev.jahir.frames.app.MainActivity}" drawable="utopiawalls_" />

	<!-- Vector Full -->
	<item component="ComponentInfo{com.nekki.vector.paid/com.unity3d.player.UnityPlayerActivity}" drawable="vector_full" />

	<!-- Video & TV SideView -->
	<item component="ComponentInfo{com.sony.tvsideview.phone/com.sony.tvsideview.MainActivity}" drawable="video_and_tv_sideview" />

	<!-- Volume Panel -->
	<item component="ComponentInfo{leedroiddevelopments.volumepanelads/leedroiddevelopments.volumepanelads.VolumePanelMain}" drawable="volume_panel" />

	<!-- Walton Smart Appliances -->
	<item component="ComponentInfo{com.waltonsmartac/com.smart.ThingSplashActivity}" drawable="walton_smart_appliances" />

	<!-- Wavelet -->
	<item component="ComponentInfo{com.pittvandewitt.wavelet/com.pittvandewitt.wavelet.MainActivity}" drawable="wavelet" />

	<!-- Wearfit Pro -->
	<item component="ComponentInfo{com.wakeup.howear/com.wakeup.howear.view.app.SplashActivity}" drawable="wearfit_pro" />

	<!-- WebApp -->
	<item component="ComponentInfo{md.elway.webapp/md.elway.webapp.screen.launcher.LauncherActivity}" drawable="webapp" />

	<!-- WiFi Mouse Pro -->
	<item component="ComponentInfo{com.necta.wifimouse/com.necta.wifimousefree.material.MainActivity}" drawable="wifi_mouse_pro" />

	<!-- XSCamera -->
	<item component="ComponentInfo{me.jagar.xscamera/me.jagar.xscamera.activities.MainActivity}" drawable="xscamera" />

	<!-- সহীহ্ (SAHiH) -->
	<item component="ComponentInfo{com.itsolution.namazshikka/com.itsolution.namazshikka.SplashScreen_Activity}" drawable="সহীহ্_sahih_" />

</resources>