<Theme version="1">

	<!-- AI ChatLab -->
	<AppIcon name="com.ChatLab.AI.Toolbox/com.appsgeyser.multiTabApp.MainNavigationActivity" image="ai_chatlab"/>

	<!-- Avira PWM -->
	<AppIcon name="com.avira.passwordmanager/com.avira.passwordmanager.activities.SplashActivity" image="avira_pwm"/>

	<!-- Azar -->
	<AppIcon name="com.azarlive.android/com.azarlive.android.presentation.login.LoginActivity" image="azar"/>

	<!-- Bdjobs -->
	<AppIcon name="com.bdjobs.app/com.bdjobs.app.SplashActivity" image="bdjobs"/>

	<!-- Camera -->
	<AppIcon name="com.oplus.camera/com.oplus.camera.Camera" image="camera"/>

	<!-- CleverType -->
	<AppIcon name="com.clevertype.ai.keyboard/com.clevertype.ai.keyboard.app.MainActivity" image="clevertype"/>

	<!-- Clone Phone -->
	<AppIcon name="com.coloros.backuprestore/com.oplus.phoneclone.PhoneCloneMainActivity" image="clone_phone"/>

	<!-- Cuto -->
	<AppIcon name="com.sspai.cuto.android/net.dchdc.cuto.ui.main.SplashActivity" image="cuto"/>

	<!-- Diary Vault -->
	<AppIcon name="me.sankethbk.dairyapp/com.example.dairy_app.MainActivity" image="diary_vault"/>

	<!-- dynamic bird -->
	<AppIcon name="com.hfhuaizhi.bird/com.hfhuaizhi.bird.activity.MainActivity" image="dynamic_bird"/>

	<!-- Equalizer -->
	<AppIcon name="com.jazibkhan.equalizer/com.zipoapps.premiumhelper.ui.splash.PHSplashActivity" image="equalizer"/>

	<!-- Gallery -->
	<AppIcon name="com.simplemobiletools.gallery.pro/com.simplemobiletools.gallery.pro.activities.SplashActivity.Grey_black" image="gallery"/>

	<!-- Games -->
	<AppIcon name="com.oplus.games/com.oplus.games.ui.main.MainGameActivity" image="games"/>

	<!-- Image Toolbox -->
	<AppIcon name="ru.tech.imageresizershrinker/ru.tech.imageresizershrinker.presentation.AppActivity" image="image_toolbox"/>

	<!-- Instander -->
	<AppIcon name="com.instander.android/com.instagram.android.activity.MainTabActivity" image="instander"/>

	<!-- Loc -->
	<AppIcon name="xyz.abdeltwabmf.loc/xyz.abdeltwabmf.loc.MainActivity" image="loc"/>

	<!-- Luminous Black -->
	<AppIcon name="com.poweramp.v3.luminousblack/com.poweramp.v3.luminousblack.SkinInfoActivity" image="luminous_black"/>

	<!-- MagnetX -->
	<AppIcon name="app.magnetx.magnetx/app.magnetx.magnetx.MainActivity" image="magnetx"/>

	<!-- Messenger Pro -->
	<AppIcon name="tn.amin.mpro2/tn.amin.mpro2.AboutActivity" image="messenger_pro"/>

	<!-- Mibro Fit -->
	<AppIcon name="com.xiaoxun.xunoversea.mibrofit/com.xiaoxun.xunoversea.mibrofit.view.app.LauncherActivity" image="mibro_fit"/>

	<!-- Musify -->
	<AppIcon name="com.gokadzev.musify.fdroid/com.ryanheise.audioservice.AudioServiceActivity" image="musify"/>

	<!-- Nagad -->
	<AppIcon name="com.konasl.nagad/com.konasl.dfs.ui.splash.SplashActivity" image="nagad"/>

	<!-- Nekogram -->
	<AppIcon name="tw.nekomimi.nekogram/org.telegram.messenger.MerioIcon" image="nekogram"/>

	<!-- Notes -->
	<AppIcon name="com.coloros.note/com.nearme.note.main.MainActivity" image="notes"/>

	<!-- Nothing Adaptive -->
	<AppIcon name="dev.narikdesign.nothingadaptive/dev.narikdesign.nothingadaptive.MainActivity" image="nothing_adaptive"/>

	<!-- Nothing Material You -->
	<AppIcon name="dev.narikdesign.nothingmaterialyou/dev.narikdesign.nothingmaterialyou.MainActivity" image="nothing_material_you"/>

	<!-- Obhai -->
	<AppIcon name="com.obhai/com.obhai.presenter.view.splash.SplashNewActivity" image="obhai"/>

	<!-- OLEDBuddy -->
	<AppIcon name="me.mikecroall.oledbuddy/me.mikecroall.oledbuddy.HomeActivity" image="oledbuddy"/>

	<!-- PairDrop -->
	<AppIcon name="org.chromium.webapk.ac9ada432e3cc0c8e_v2/org.chromium.webapk.shell_apk.h2o.H2OOpaqueMainActivity" image="pairdrop"/>

	<!-- Pathao -->
	<AppIcon name="com.pathao.user/com.pathao.user.ui.core.splash.view.SplashActivity" image="pathao"/>

	<!-- Picsart -->
	<AppIcon name="com.picsart.studio/com.socialin.android.photo.picsinphoto.MainPagerActivity" image="picsart"/>

	<!-- Pix Wallpapers -->
	<AppIcon name="com.pashapuma.pix.wallpapers/com.pashapuma.pix.wallpapers.MainActivity" image="pix_wallpapers"/>

	<!-- Pixel Walls -->
	<AppIcon name="dev.wacko1805.pixel.wallpapers/dev.jahir.frames.app.MainActivity" image="pixel_walls"/>

	<!-- Poweramp Equalizer -->
	<AppIcon name="com.maxmpz.equalizer/com.maxmpz.audioplayer.standard_adaptive" image="poweramp_equalizer"/>

	<!-- PowerVPN -->
	<AppIcon name="com.vpn.powervpn2/com.vpn.power.SplashActivity" image="powervpn"/>

	<!-- qBittorrent -->
	<AppIcon name="com.delphicoder.fludd/com.delphicoder.flud.MainActivity" image="qbittorrent"/>

	<!-- QR & Barcode Scanner PRO -->
	<AppIcon name="com.gamma.scan2/com.gamma.barcodeapp.ui.BarcodeCaptureActivity" image="qr_and_barcode_scanner_pro"/>

	<!-- QuickTiles -->
	<AppIcon name="com.asdoi.quicktiles/com.asdoi.quicksettings.SettingsActivity" image="quicktiles"/>

	<!-- Ready Set Golf -->
	<AppIcon name="com.pikpok.golf.play/com.pikpok.PikPokUnityActivity" image="ready_set_golf"/>

	<!-- Relay Pro -->
	<AppIcon name="reddit.news/reddit.news.RedditNavigation" image="relay_pro"/>

	<!-- Ringtone Maker -->
	<AppIcon name="com.herman.ringtone/com.herman.ringtone.MusicPicker" image="ringtone_maker"/>

	<!-- Secret Screenshots -->
	<AppIcon name="com.lware.secret_screenshots/com.lware.secret_screenshots.MainActivity" image="secret_screenshots"/>

	<!-- Send Files To TV -->
	<AppIcon name="com.yablio.sendfilestotv/com.yablio.sendfilestotv.ui.MainActivity" image="send_files_to_tv"/>

	<!-- Show Volume Panel -->
	<AppIcon name="leedroiddevelopments.volumepanelads/leedroiddevelopments.volumepanelads.OpenPanel" image="show_volume_panel"/>

	<!-- Smart Life -->
	<AppIcon name="com.tuya.smartlife/com.smart.ThingSplashActivity" image="smart_life"/>

	<!-- Soloop Cut -->
	<AppIcon name="com.oplus.videoeditor/com.coloros.videoeditor.SplashActivity" image="soloop_cut"/>

	<!-- Starlio -->
	<AppIcon name="ru.murzify.everynasa/ru.murzify.everynasa.activities.MainActivity" image="starlio"/>

	<!-- TeraBox -->
	<AppIcon name="com.dubox.drive/com.dubox.drive.ui.Logo0LauncherActivity" image="terabox"/>

	<!-- Theme Store -->
	<AppIcon name="com.oplus.themestore/com.nearme.themespace.activities.ThemeActivity" image="theme_store"/>

	<!-- TikTok Plugin -->
	<AppIcon name="com.rezvorck.tiktokplugin/com.rezvorck.tiktokplugin.MainActivity" image="tiktok_plugin"/>

	<!-- Tubular -->
	<AppIcon name="org.polymorphicshade.tubular/org.schabi.newpipe.MainActivity" image="tubular"/>

	<!-- UtopiaWalls+ -->
	<AppIcon name="wpx.galahad.utopia/dev.jahir.frames.app.MainActivity" image="utopiawalls_"/>

	<!-- Vector Full -->
	<AppIcon name="com.nekki.vector.paid/com.unity3d.player.UnityPlayerActivity" image="vector_full"/>

	<!-- Video & TV SideView -->
	<AppIcon name="com.sony.tvsideview.phone/com.sony.tvsideview.MainActivity" image="video_and_tv_sideview"/>

	<!-- Volume Panel -->
	<AppIcon name="leedroiddevelopments.volumepanelads/leedroiddevelopments.volumepanelads.VolumePanelMain" image="volume_panel"/>

	<!-- Walton Smart Appliances -->
	<AppIcon name="com.waltonsmartac/com.smart.ThingSplashActivity" image="walton_smart_appliances"/>

	<!-- Wavelet -->
	<AppIcon name="com.pittvandewitt.wavelet/com.pittvandewitt.wavelet.MainActivity" image="wavelet"/>

	<!-- Wearfit Pro -->
	<AppIcon name="com.wakeup.howear/com.wakeup.howear.view.app.SplashActivity" image="wearfit_pro"/>

	<!-- WebApp -->
	<AppIcon name="md.elway.webapp/md.elway.webapp.screen.launcher.LauncherActivity" image="webapp"/>

	<!-- WiFi Mouse Pro -->
	<AppIcon name="com.necta.wifimouse/com.necta.wifimousefree.material.MainActivity" image="wifi_mouse_pro"/>

	<!-- XSCamera -->
	<AppIcon name="me.jagar.xscamera/me.jagar.xscamera.activities.MainActivity" image="xscamera"/>

	<!-- সহীহ্ (SAHiH) -->
	<AppIcon name="com.itsolution.namazshikka/com.itsolution.namazshikka.SplashScreen_Activity" image="সহীহ্_sahih_"/>

</Theme>