<resources>

	<!-- ADB -->
	<item component="ComponentInfo{com.github.standardadb/com.github.standardadb.SplashActivity}" drawable="adb" />

	<!-- Allstate -->
	<item component="ComponentInfo{com.allstate.view/com.allstate.accountmanagementlibrary.SplashActivity}" drawable="allstate" />

	<!-- AnExplorer -->
	<item component="ComponentInfo{dev.dworks.apps.anexplorer.free/dev.dworks.apps.anexplorer.DocumentsActivity}" drawable="anexplorer" />

	<!-- App Ops -->
	<item component="ComponentInfo{rikka.appops/rikka.appops.home.HomeActivity}" drawable="app_ops" />

	<!-- Arcticons -->
	<item component="ComponentInfo{com.donnnno.arcticons/com.donnnno.arcticons.activities.MainActivity}" drawable="arcticons" />

	<!-- Arcticons Material You -->
	<item component="ComponentInfo{com.donnnno.arcticons.you/com.donnnno.arcticons.activities.MainActivity}" drawable="arcticons_material_you" />

	<!-- Asphalt 9 -->
	<item component="ComponentInfo{com.gameloft.android.ANMP.GloftA9HM/com.gameloft.android.ANMP.GloftA9HM.MainActivity}" drawable="asphalt_9" />

	<!-- Boost One -->
	<item component="ComponentInfo{com.dish.wireless.boostone/com.dish.wireless.ui.screens.splash.SplashActivity}" drawable="boost_one" />

	<!-- Calculator -->
	<item component="ComponentInfo{com.simplemobiletools.calculator/com.simplemobiletools.calculator.activities.SplashActivity.Deep_purple}" drawable="calculator" />

	<!-- Call of Duty -->
	<item component="ComponentInfo{com.activision.callofduty.shooter/com.tencent.tmgp.cod.CODMPrivatePermissionActivity}" drawable="call_of_duty" />

	<!-- Camera -->
	<item component="ComponentInfo{com.android.camera/com.android.camera.CameraLauncher}" drawable="camera" />

	<!-- Card Manager -->
	<item component="ComponentInfo{com.a84302932.cardhubapp/com.ondotsystems.mcs.views.LandingPageActivity}" drawable="card_manager" />

	<!-- Clock -->
	<item component="ComponentInfo{zte.com.cn.alarmclock/zte.com.cn.alarmclock.activity.AlarmClockActivity}" drawable="clock" />

	<!-- Credit One -->
	<item component="ComponentInfo{com.creditonebank.mobile/com.creditonebank.mobile.phase3.onboarding.activity.SplashScreen}" drawable="credit_one" />

	<!-- Crunchyroll -->
	<item component="ComponentInfo{com.crunchyroll.crunchyroid/com.ellation.crunchyroll.presentation.startup.StartupActivity}" drawable="crunchyroll" />

	<!-- DTS sound -->
	<item component="ComponentInfo{com.dts.dtsxultra/com.dts.dtsxultra.activities.SplashActivity}" drawable="dts_sound" />

	<!-- EarFun Audio -->
	<item component="ComponentInfo{com.corelink.earfun/com.corelink.earfun.page.activity.LoadingActivity}" drawable="earfun_audio" />

	<!-- Fetch -->
	<item component="ComponentInfo{com.fetchrewards.fetchrewards.hop/com.fetchrewards.fetchrewards.splash.activities.SplashActivity}" drawable="fetch" />

	<!-- File Manager -->
	<item component="ComponentInfo{zte.com.cn.filer/zte.com.cn.filer.FileMgrActivity}" drawable="file_manager" />

	<!-- Flowrator -->
	<item component="ComponentInfo{com.magalichflowrator.com/com.magalichflowrator.com.FlowratorActivity}" drawable="flowrator" />

	<!-- Fred Meyer -->
	<item component="ComponentInfo{com.fredmeyer.mobile/com.kroger.mobile.BannerSelectionActivity}" drawable="fred_meyer" />

	<!-- Gallery -->
	<item component="ComponentInfo{com.dot.gallery/com.dot.gallery.feature_node.presentation.main.MainActivity}" drawable="gallery" />

	<!-- Game Pass -->
	<item component="ComponentInfo{com.gamepass/com.gamepass.MainActivity}" drawable="game_pass" />

	<!-- GeminiMan WearOS Manager -->
	<item component="ComponentInfo{com.geminiman.wearosmanager/com.geminiman.wearosmanager.MainActivity}" drawable="geminiman_wearos_manager" />

	<!-- HeliBoard -->
	<item component="ComponentInfo{helium314.keyboard/helium314.keyboard.latin.setup.SetupActivity}" drawable="heliboard" />

	<!-- Hop Fastpass -->
	<item component="ComponentInfo{org.trimet.mt.accounts/com.moovel.rider.AuthActivity}" drawable="hop_fastpass" />

	<!-- Hulu -->
	<item component="ComponentInfo{com.hulu.plus/com.hulu.features.splash.SplashActivity}" drawable="hulu" />

	<!-- Image Toolbox -->
	<item component="ComponentInfo{ru.tech.imageresizershrinker/ru.tech.imageresizershrinker.presentation.AppActivity}" drawable="image_toolbox" />

	<!-- iSmart DV2 -->
	<item component="ComponentInfo{com.icatchtek.app.ismartdv2/com.icatchtek.app.ismartdv2.HomeActivity}" drawable="ismart_dv2" />

	<!-- KWCH -->
	<item component="ComponentInfo{org.kustom.watchface/org.kustom.app.OnBoardingActivity}" drawable="kwch" />

	<!-- Kweather -->
	<item component="ComponentInfo{org.kustom.weather/org.kustom.weather.MainActivity}" drawable="kweather" />

	<!-- LineX -->
	<item component="ComponentInfo{com.jndapp.line.x.iconpack/com.jndapp.line.x.iconpack.MainActivity}" drawable="linex" />

	<!-- Lotus Lantern -->
	<item component="ComponentInfo{wl.smartled/com.easylink.colorful.activity.LaunchActivity}" drawable="lotus_lantern" />

	<!-- Mahjong Solitaire Titan -->
	<item component="ComponentInfo{com.kristanix.android.mahjongsolitairetitan/com.unity3d.player.UnityPlayerActivity}" drawable="mahjong_solitaire_titan" />

	<!-- Meteored Pro -->
	<item component="ComponentInfo{aplicacionpago.tiempo/aplicacion.InicialActivity}" drawable="meteored_pro" />

	<!-- MiUI 14 Widgets + Supericons -->
	<item component="ComponentInfo{miui14.rad.kwgt/miui14.rad.kwgt.MainActivity}" drawable="miui_14_widgets_supericons" />

	<!-- Nothing 2.0 KWGT -->
	<item component="ComponentInfo{nothing.kwgt.app/nothing.kwgt.app.MainActivity}" drawable="nothing_20_kwgt" />

	<!-- Nothing 2.0 KWGT -->
	<item component="ComponentInfo{nothing2.rad.kwgt/nothing2.rad.kwgt.MainActivity}" drawable="nothing_20_kwgt" />

	<!-- Nothing 2.0 KWGT (Adaptive) -->
	<item component="ComponentInfo{com.nothingadaptive.kwgt/com.nothingadaptive.kwgt.MainActivity}" drawable="nothing_20_kwgt_adaptive_" />

	<!-- Nothing But Different -->
	<item component="ComponentInfo{nothing.at4u.kwgt/nothing.at4u.kwgt.MainActivity}" drawable="nothing_but_different" />

	<!-- Nothing Material You -->
	<item component="ComponentInfo{dev.narikdesign.nothingmaterialyou/dev.narikdesign.nothingmaterialyou.MainActivity}" drawable="nothing_material_you" />

	<!-- Nothing Neon -->
	<item component="ComponentInfo{com.jndapp.nothing.neon.dots.iconpack/com.jndapp.nothing.neon.dots.iconpack.MainActivity}" drawable="nothing_neon" />

	<!-- Nothing Weather KOMP -->
	<item component="ComponentInfo{beehomie.nothingweather.komp/beehomie.nothingweather.komp.MainActivity}" drawable="nothing_weather_komp" />

	<!-- OnPoint -->
	<item component="ComponentInfo{com.onpointcommunitycreditunion5123.mobile/com.q2.app.core.ui.LauncherActivity}" drawable="onpoint" />

	<!-- Phone Switch -->
	<item component="ComponentInfo{com.zte.onekeycp/com.ume.weshare.activity.NewMainActivity}" drawable="phone_switch" />

	<!-- PI -->
	<item component="ComponentInfo{dev.sanmer.pi/dev.sanmer.pi.ui.activity.MainActivity}" drawable="pi" />

	<!-- Pix-EzViewer -->
	<item component="ComponentInfo{com.perol.asdpl.play.pixivez.libre/com.perol.asdpl.pixivez.triangle}" drawable="pix_ezviewer" />

	<!-- PixAI.Art -->
	<item component="ComponentInfo{art.pixai.pixai/art.pixai.pixai.ui.splash.SplashActivity}" drawable="pixaiart" />

	<!-- PixDots KWGT -->
	<item component="ComponentInfo{pixelinspired.wigebox.kwgt/com.example.novel.MainActivity}" drawable="pixdots_kwgt" />

	<!-- Private Space -->
	<item component="ComponentInfo{com.zte.privacyzone/com.zte.privacyzone.privacy.PrivacyStartActivity}" drawable="private_space" />

	<!-- Sengled Home -->
	<item component="ComponentInfo{com.sengled.life2/com.sengled.life2.MainActivity}" drawable="sengled_home" />

	<!-- Shared Theme Collection for Klwp Vol 2 -->
	<item component="ComponentInfo{sharedthemecollectionforklwpvol2.kustom.pack/sharedthemecollectionforklwpvol2.kustom.pack.MainActivity}" drawable="shared_theme_collection_for_klwp_vol_2" />

	<!-- Something KWGT -->
	<item component="ComponentInfo{beehomie.something.app/beehomie.something.kwgt.MainActivity}" drawable="something_kwgt" />

	<!-- TeraBox -->
	<item component="ComponentInfo{com.dubox.drive/com.dubox.drive.ui.LogoNewLauncherActivity}" drawable="terabox" />

	<!-- Ticketmaster -->
	<item component="ComponentInfo{com.ticketmaster.mobile.android.na/com.ticketmaster.mobile.android.library.activity.MainActivity}" drawable="ticketmaster" />

	<!-- Tiles Widgets -->
	<item component="ComponentInfo{com.dezumondo.twidgets.kustom.pack/com.dezumondo.twidgets.kustom.pack.MainActivity}" drawable="tiles_widgets" />

	<!-- TriMet Go -->
	<item component="ComponentInfo{com.something15525.trimetgo.trimet_go/com.something15525.trimetgo.trimet_go.activities.TriMetGo}" drawable="trimet_go" />

	<!-- TurboTax -->
	<item component="ComponentInfo{com.intuit.turbotax.mobile/com.intuit.turbotaxuniversal.startup.StartUpActivity}" drawable="turbotax" />

	<!-- Visual Voicemail -->
	<item component="ComponentInfo{com.dish.vvm/com.coremobility.app.vnotes.CM_VnoteInbox}" drawable="visual_voicemail" />

	<!-- Voice Recorder -->
	<item component="ComponentInfo{cn.zte.recorder/cn.zte.recorder.RecordHomeActivity}" drawable="voice_recorder" />

	<!-- Xfinity -->
	<item component="ComponentInfo{com.xfinity.digitalhome/com.xfinity.digitalhome.features.launch.splash.SplashActivity}" drawable="xfinity" />

	<!-- µTorrent -->
	<item component="ComponentInfo{com.utorrent.client/com.bittorrent.app.Main}" drawable="µtorrent" />

</resources>