<Theme version="1">

	<!-- ADB -->
	<AppIcon name="com.github.standardadb/com.github.standardadb.SplashActivity" image="adb"/>

	<!-- Allstate -->
	<AppIcon name="com.allstate.view/com.allstate.accountmanagementlibrary.SplashActivity" image="allstate"/>

	<!-- AnExplorer -->
	<AppIcon name="dev.dworks.apps.anexplorer.free/dev.dworks.apps.anexplorer.DocumentsActivity" image="anexplorer"/>

	<!-- App Ops -->
	<AppIcon name="rikka.appops/rikka.appops.home.HomeActivity" image="app_ops"/>

	<!-- Arcticons -->
	<AppIcon name="com.donnnno.arcticons/com.donnnno.arcticons.activities.MainActivity" image="arcticons"/>

	<!-- Arcticons Material You -->
	<AppIcon name="com.donnnno.arcticons.you/com.donnnno.arcticons.activities.MainActivity" image="arcticons_material_you"/>

	<!-- Asphalt 9 -->
	<AppIcon name="com.gameloft.android.ANMP.GloftA9HM/com.gameloft.android.ANMP.GloftA9HM.MainActivity" image="asphalt_9"/>

	<!-- Boost One -->
	<AppIcon name="com.dish.wireless.boostone/com.dish.wireless.ui.screens.splash.SplashActivity" image="boost_one"/>

	<!-- Calculator -->
	<AppIcon name="com.simplemobiletools.calculator/com.simplemobiletools.calculator.activities.SplashActivity.Deep_purple" image="calculator"/>

	<!-- Call of Duty -->
	<AppIcon name="com.activision.callofduty.shooter/com.tencent.tmgp.cod.CODMPrivatePermissionActivity" image="call_of_duty"/>

	<!-- Camera -->
	<AppIcon name="com.android.camera/com.android.camera.CameraLauncher" image="camera"/>

	<!-- Card Manager -->
	<AppIcon name="com.a84302932.cardhubapp/com.ondotsystems.mcs.views.LandingPageActivity" image="card_manager"/>

	<!-- Clock -->
	<AppIcon name="zte.com.cn.alarmclock/zte.com.cn.alarmclock.activity.AlarmClockActivity" image="clock"/>

	<!-- Credit One -->
	<AppIcon name="com.creditonebank.mobile/com.creditonebank.mobile.phase3.onboarding.activity.SplashScreen" image="credit_one"/>

	<!-- Crunchyroll -->
	<AppIcon name="com.crunchyroll.crunchyroid/com.ellation.crunchyroll.presentation.startup.StartupActivity" image="crunchyroll"/>

	<!-- DTS sound -->
	<AppIcon name="com.dts.dtsxultra/com.dts.dtsxultra.activities.SplashActivity" image="dts_sound"/>

	<!-- EarFun Audio -->
	<AppIcon name="com.corelink.earfun/com.corelink.earfun.page.activity.LoadingActivity" image="earfun_audio"/>

	<!-- Fetch -->
	<AppIcon name="com.fetchrewards.fetchrewards.hop/com.fetchrewards.fetchrewards.splash.activities.SplashActivity" image="fetch"/>

	<!-- File Manager -->
	<AppIcon name="zte.com.cn.filer/zte.com.cn.filer.FileMgrActivity" image="file_manager"/>

	<!-- Flowrator -->
	<AppIcon name="com.magalichflowrator.com/com.magalichflowrator.com.FlowratorActivity" image="flowrator"/>

	<!-- Fred Meyer -->
	<AppIcon name="com.fredmeyer.mobile/com.kroger.mobile.BannerSelectionActivity" image="fred_meyer"/>

	<!-- Gallery -->
	<AppIcon name="com.dot.gallery/com.dot.gallery.feature_node.presentation.main.MainActivity" image="gallery"/>

	<!-- Game Pass -->
	<AppIcon name="com.gamepass/com.gamepass.MainActivity" image="game_pass"/>

	<!-- GeminiMan WearOS Manager -->
	<AppIcon name="com.geminiman.wearosmanager/com.geminiman.wearosmanager.MainActivity" image="geminiman_wearos_manager"/>

	<!-- HeliBoard -->
	<AppIcon name="helium314.keyboard/helium314.keyboard.latin.setup.SetupActivity" image="heliboard"/>

	<!-- Hop Fastpass -->
	<AppIcon name="org.trimet.mt.accounts/com.moovel.rider.AuthActivity" image="hop_fastpass"/>

	<!-- Hulu -->
	<AppIcon name="com.hulu.plus/com.hulu.features.splash.SplashActivity" image="hulu"/>

	<!-- Image Toolbox -->
	<AppIcon name="ru.tech.imageresizershrinker/ru.tech.imageresizershrinker.presentation.AppActivity" image="image_toolbox"/>

	<!-- iSmart DV2 -->
	<AppIcon name="com.icatchtek.app.ismartdv2/com.icatchtek.app.ismartdv2.HomeActivity" image="ismart_dv2"/>

	<!-- KWCH -->
	<AppIcon name="org.kustom.watchface/org.kustom.app.OnBoardingActivity" image="kwch"/>

	<!-- Kweather -->
	<AppIcon name="org.kustom.weather/org.kustom.weather.MainActivity" image="kweather"/>

	<!-- LineX -->
	<AppIcon name="com.jndapp.line.x.iconpack/com.jndapp.line.x.iconpack.MainActivity" image="linex"/>

	<!-- Lotus Lantern -->
	<AppIcon name="wl.smartled/com.easylink.colorful.activity.LaunchActivity" image="lotus_lantern"/>

	<!-- Mahjong Solitaire Titan -->
	<AppIcon name="com.kristanix.android.mahjongsolitairetitan/com.unity3d.player.UnityPlayerActivity" image="mahjong_solitaire_titan"/>

	<!-- Meteored Pro -->
	<AppIcon name="aplicacionpago.tiempo/aplicacion.InicialActivity" image="meteored_pro"/>

	<!-- MiUI 14 Widgets + Supericons -->
	<AppIcon name="miui14.rad.kwgt/miui14.rad.kwgt.MainActivity" image="miui_14_widgets_supericons"/>

	<!-- Nothing 2.0 KWGT -->
	<AppIcon name="nothing.kwgt.app/nothing.kwgt.app.MainActivity" image="nothing_20_kwgt"/>

	<!-- Nothing 2.0 KWGT -->
	<AppIcon name="nothing2.rad.kwgt/nothing2.rad.kwgt.MainActivity" image="nothing_20_kwgt"/>

	<!-- Nothing 2.0 KWGT (Adaptive) -->
	<AppIcon name="com.nothingadaptive.kwgt/com.nothingadaptive.kwgt.MainActivity" image="nothing_20_kwgt_adaptive_"/>

	<!-- Nothing But Different -->
	<AppIcon name="nothing.at4u.kwgt/nothing.at4u.kwgt.MainActivity" image="nothing_but_different"/>

	<!-- Nothing Material You -->
	<AppIcon name="dev.narikdesign.nothingmaterialyou/dev.narikdesign.nothingmaterialyou.MainActivity" image="nothing_material_you"/>

	<!-- Nothing Neon -->
	<AppIcon name="com.jndapp.nothing.neon.dots.iconpack/com.jndapp.nothing.neon.dots.iconpack.MainActivity" image="nothing_neon"/>

	<!-- Nothing Weather KOMP -->
	<AppIcon name="beehomie.nothingweather.komp/beehomie.nothingweather.komp.MainActivity" image="nothing_weather_komp"/>

	<!-- OnPoint -->
	<AppIcon name="com.onpointcommunitycreditunion5123.mobile/com.q2.app.core.ui.LauncherActivity" image="onpoint"/>

	<!-- Phone Switch -->
	<AppIcon name="com.zte.onekeycp/com.ume.weshare.activity.NewMainActivity" image="phone_switch"/>

	<!-- PI -->
	<AppIcon name="dev.sanmer.pi/dev.sanmer.pi.ui.activity.MainActivity" image="pi"/>

	<!-- Pix-EzViewer -->
	<AppIcon name="com.perol.asdpl.play.pixivez.libre/com.perol.asdpl.pixivez.triangle" image="pix_ezviewer"/>

	<!-- PixAI.Art -->
	<AppIcon name="art.pixai.pixai/art.pixai.pixai.ui.splash.SplashActivity" image="pixaiart"/>

	<!-- PixDots KWGT -->
	<AppIcon name="pixelinspired.wigebox.kwgt/com.example.novel.MainActivity" image="pixdots_kwgt"/>

	<!-- Private Space -->
	<AppIcon name="com.zte.privacyzone/com.zte.privacyzone.privacy.PrivacyStartActivity" image="private_space"/>

	<!-- Sengled Home -->
	<AppIcon name="com.sengled.life2/com.sengled.life2.MainActivity" image="sengled_home"/>

	<!-- Shared Theme Collection for Klwp Vol 2 -->
	<AppIcon name="sharedthemecollectionforklwpvol2.kustom.pack/sharedthemecollectionforklwpvol2.kustom.pack.MainActivity" image="shared_theme_collection_for_klwp_vol_2"/>

	<!-- Something KWGT -->
	<AppIcon name="beehomie.something.app/beehomie.something.kwgt.MainActivity" image="something_kwgt"/>

	<!-- TeraBox -->
	<AppIcon name="com.dubox.drive/com.dubox.drive.ui.LogoNewLauncherActivity" image="terabox"/>

	<!-- Ticketmaster -->
	<AppIcon name="com.ticketmaster.mobile.android.na/com.ticketmaster.mobile.android.library.activity.MainActivity" image="ticketmaster"/>

	<!-- Tiles Widgets -->
	<AppIcon name="com.dezumondo.twidgets.kustom.pack/com.dezumondo.twidgets.kustom.pack.MainActivity" image="tiles_widgets"/>

	<!-- TriMet Go -->
	<AppIcon name="com.something15525.trimetgo.trimet_go/com.something15525.trimetgo.trimet_go.activities.TriMetGo" image="trimet_go"/>

	<!-- TurboTax -->
	<AppIcon name="com.intuit.turbotax.mobile/com.intuit.turbotaxuniversal.startup.StartUpActivity" image="turbotax"/>

	<!-- Visual Voicemail -->
	<AppIcon name="com.dish.vvm/com.coremobility.app.vnotes.CM_VnoteInbox" image="visual_voicemail"/>

	<!-- Voice Recorder -->
	<AppIcon name="cn.zte.recorder/cn.zte.recorder.RecordHomeActivity" image="voice_recorder"/>

	<!-- Xfinity -->
	<AppIcon name="com.xfinity.digitalhome/com.xfinity.digitalhome.features.launch.splash.SplashActivity" image="xfinity"/>

	<!-- µTorrent -->
	<AppIcon name="com.utorrent.client/com.bittorrent.app.Main" image="µtorrent"/>

</Theme>