<resources>

	<!-- Adaptive You -->
	<item component="ComponentInfo{com.jndapp.adaptive.material.you.iconpack/com.jndapp.adaptive.material.you.iconpack.MainActivity}" drawable="adaptive_you" />

	<!-- Arcticons Material You -->
	<item component="ComponentInfo{com.donnnno.arcticons.you.play/com.donnnno.arcticons.activities.MainActivity}" drawable="arcticons_material_you" />

	<!-- BASIT -->
	<item component="ComponentInfo{com.thomasdemirgil.basit.app/com.thomasdemirgil.basit.app.MainActivity}" drawable="basit" />

	<!-- Caelus Adaptive -->
	<item component="ComponentInfo{one4studio.iconpack.caelusadaptive/com.candybar.dev.activities.SplashActivity}" drawable="caelus_adaptive" />

	<!-- Delta -->
	<item component="ComponentInfo{website.leifs.delta/website.leifs.delta.activities.MainActivity}" drawable="delta" />

	<!-- Foxit PDF Editor -->
	<item component="ComponentInfo{com.foxit.mobile.pdf.lite/com.fx.app.ui.AppActivity}" drawable="foxit_pdf_editor" />

	<!-- FRAG -->
	<item component="ComponentInfo{com.ohbibi.fps/com.ohbibi.AndroidActivity.OhbibiUnityPlayerActivity}" drawable="frag" />

	<!-- Gemini -->
	<item component="ComponentInfo{com.google.android.apps.bard/com.google.android.apps.bard.shellapp.BardEntryPointActivity}" drawable="gemini" />

	<!-- Hidden Lands -->
	<item component="ComponentInfo{tv.avix.hiddenlands/com.unity3d.player.UnityPlayerActivity}" drawable="hidden_lands" />

	<!-- LibreTube -->
	<item component="ComponentInfo{com.github.libretube/com.github.libretube.IconGradient}" drawable="libretube" />

	<!-- PastelLine -->
	<item component="ComponentInfo{com.arrow.icons.pastelline/com.arrow.icons.pastelline.MainActivity}" drawable="pastelline" />

	<!-- Ski Safari 2 -->
	<item component="ComponentInfo{com.sleepyzstudios.skisafari2/com.unity3d.player.UnityPlayerActivity}" drawable="ski_safari_2" />

	<!-- Sticko -->
	<item component="ComponentInfo{com.esethnet.sticko/com.esethnet.sticko.LicenseActivity}" drawable="sticko" />

	<!-- Vera Material You -->
	<item component="ComponentInfo{one4studio.iconpack.veramaterialyou/com.candybar.dev.activities.SplashActivity}" drawable="vera_material_you" />

	<!-- كتب -->
	<item component="ComponentInfo{org.hindawi.booksapp/org.hindawi.booksapp.MainActivity}" drawable="كتب" />

</resources>