<appmap>

	<!-- Adaptive You -->
	<item class="com.jndapp.adaptive.material.you.iconpack.MainActivity" name="adaptive_you"/>

	<!-- Arcticons Material You -->
	<item class="com.donnnno.arcticons.activities.MainActivity" name="arcticons_material_you"/>

	<!-- BASIT -->
	<item class="com.thomasdemirgil.basit.app.MainActivity" name="basit"/>

	<!-- Caelus Adaptive -->
	<item class="com.candybar.dev.activities.SplashActivity" name="caelus_adaptive"/>

	<!-- Delta -->
	<item class="website.leifs.delta.activities.MainActivity" name="delta"/>

	<!-- Foxit PDF Editor -->
	<item class="com.fx.app.ui.AppActivity" name="foxit_pdf_editor"/>

	<!-- FRAG -->
	<item class="com.ohbibi.AndroidActivity.OhbibiUnityPlayerActivity" name="frag"/>

	<!-- Gemini -->
	<item class="com.google.android.apps.bard.shellapp.BardEntryPointActivity" name="gemini"/>

	<!-- Hidden Lands -->
	<item class="com.unity3d.player.UnityPlayerActivity" name="hidden_lands"/>

	<!-- LibreTube -->
	<item class="com.github.libretube.IconGradient" name="libretube"/>

	<!-- PastelLine -->
	<item class="com.arrow.icons.pastelline.MainActivity" name="pastelline"/>

	<!-- Ski Safari 2 -->
	<item class="com.unity3d.player.UnityPlayerActivity" name="ski_safari_2"/>

	<!-- Sticko -->
	<item class="com.esethnet.sticko.LicenseActivity" name="sticko"/>

	<!-- Vera Material You -->
	<item class="com.candybar.dev.activities.SplashActivity" name="vera_material_you"/>

	<!-- كتب -->
	<item class="org.hindawi.booksapp.MainActivity" name="كتب"/>

</appmap>