<Theme version="1">

	<!-- Adaptive You -->
	<AppIcon name="com.jndapp.adaptive.material.you.iconpack/com.jndapp.adaptive.material.you.iconpack.MainActivity" image="adaptive_you"/>

	<!-- Arcticons Material You -->
	<AppIcon name="com.donnnno.arcticons.you.play/com.donnnno.arcticons.activities.MainActivity" image="arcticons_material_you"/>

	<!-- BASIT -->
	<AppIcon name="com.thomasdemirgil.basit.app/com.thomasdemirgil.basit.app.MainActivity" image="basit"/>

	<!-- Caelus Adaptive -->
	<AppIcon name="one4studio.iconpack.caelusadaptive/com.candybar.dev.activities.SplashActivity" image="caelus_adaptive"/>

	<!-- Delta -->
	<AppIcon name="website.leifs.delta/website.leifs.delta.activities.MainActivity" image="delta"/>

	<!-- Foxit PDF Editor -->
	<AppIcon name="com.foxit.mobile.pdf.lite/com.fx.app.ui.AppActivity" image="foxit_pdf_editor"/>

	<!-- FRAG -->
	<AppIcon name="com.ohbibi.fps/com.ohbibi.AndroidActivity.OhbibiUnityPlayerActivity" image="frag"/>

	<!-- Gemini -->
	<AppIcon name="com.google.android.apps.bard/com.google.android.apps.bard.shellapp.BardEntryPointActivity" image="gemini"/>

	<!-- Hidden Lands -->
	<AppIcon name="tv.avix.hiddenlands/com.unity3d.player.UnityPlayerActivity" image="hidden_lands"/>

	<!-- LibreTube -->
	<AppIcon name="com.github.libretube/com.github.libretube.IconGradient" image="libretube"/>

	<!-- PastelLine -->
	<AppIcon name="com.arrow.icons.pastelline/com.arrow.icons.pastelline.MainActivity" image="pastelline"/>

	<!-- Ski Safari 2 -->
	<AppIcon name="com.sleepyzstudios.skisafari2/com.unity3d.player.UnityPlayerActivity" image="ski_safari_2"/>

	<!-- Sticko -->
	<AppIcon name="com.esethnet.sticko/com.esethnet.sticko.LicenseActivity" image="sticko"/>

	<!-- Vera Material You -->
	<AppIcon name="one4studio.iconpack.veramaterialyou/com.candybar.dev.activities.SplashActivity" image="vera_material_you"/>

	<!-- كتب -->
	<AppIcon name="org.hindawi.booksapp/org.hindawi.booksapp.MainActivity" image="كتب"/>

</Theme>