<appmap>

	<!-- alfacast x -->
	<item class="net.alfacast.mobile.AlfacastActivity" name="alfacast_x"/>

	<!-- Big Digital -->
	<item class="com.amoledwatchfaces.bigdigital.MainActivity" name="big_digital"/>

	<!-- Clear Square Icon Pack -->
	<item class="com.panotogomo.squareclear.activities.SplashActivity" name="clear_square_icon_pack"/>

	<!-- Clear Square White Icon Pack -->
	<item class="com.panotogomo.clwsquare.activities.SplashActivity" name="clear_square_white_icon_pack"/>

	<!-- Cyandiant -->
	<item class="com.panotogomo.bdtosca.activities.SplashActivity" name="cyandiant"/>

	<!-- Emerald -->
	<item class="com.panotogomo.darktosca.activities.SplashActivity" name="emerald"/>

	<!-- Fledermaus Icon Pack -->
	<item class="com.panotogomo.fledermaus.activities.SplashActivity" name="fledermaus_icon_pack"/>

	<!-- GeminiMan WearOS Manager -->
	<item class="com.geminiman.wearosmanager.MainActivity" name="geminiman_wearos_manager"/>

	<!-- Light Blue -->
	<item class="com.panotogomo.blue.activities.SplashActivity" name="light_blue"/>

	<!-- Light Green -->
	<item class="com.panotogomo.green.activities.SplashActivity" name="light_green"/>

	<!-- LimeLine -->
	<item class="com.panotogomo.lbgreen.activities.SplashActivity" name="limeline"/>

	<!-- n-Digital: Watch face -->
	<item class="com.watchfacestudio.awfnewdigital.MainMobileActivity" name="n_digital_watch_face"/>

	<!-- One Swipe Notes -->
	<item class="com.greatapps.oneswipenotes.activities.MainActivity" name="one_swipe_notes"/>

	<!-- Shapy -->
	<item class="com.osheden.shapy.activities.MainActivity" name="shapy"/>

	<!-- Sharp Icon Pack -->
	<item class="com.sharp.square.iconpack.activities.SplashActivity" name="sharp_icon_pack"/>

	<!-- Shiny Ski Resort -->
	<item class="main.Main" name="shiny_ski_resort"/>

	<!-- Sound Meter -->
	<item class="cn.coocent.tools.soundmeter.app.LaunchActivity" name="sound_meter"/>

	<!-- Square Dark Icon Pack -->
	<item class="com.square.dark.iconpack.activities.SplashActivity" name="square_dark_icon_pack"/>

	<!-- YouR Square Icon Pack -->
	<item class="com.gmg.you.r.square.icon.pack.theme.activities.SplashActivity" name="your_square_icon_pack"/>

</appmap>