<Theme version="1">

	<!-- alfacast x -->
	<AppIcon name="net.alfacast.x/net.alfacast.mobile.AlfacastActivity" image="alfacast_x"/>

	<!-- Big Digital -->
	<AppIcon name="com.amoledwatchfaces.bigdigital/com.amoledwatchfaces.bigdigital.MainActivity" image="big_digital"/>

	<!-- Clear Square Icon Pack -->
	<AppIcon name="com.panotogomo.squareclear/com.panotogomo.squareclear.activities.SplashActivity" image="clear_square_icon_pack"/>

	<!-- Clear Square White Icon Pack -->
	<AppIcon name="com.panotogomo.clwsquare/com.panotogomo.clwsquare.activities.SplashActivity" image="clear_square_white_icon_pack"/>

	<!-- Cyandiant -->
	<AppIcon name="com.panotogomo.bdtosca/com.panotogomo.bdtosca.activities.SplashActivity" image="cyandiant"/>

	<!-- Emerald -->
	<AppIcon name="com.panotogomo.darktosca/com.panotogomo.darktosca.activities.SplashActivity" image="emerald"/>

	<!-- Fledermaus Icon Pack -->
	<AppIcon name="com.panotogomo.fledermaus/com.panotogomo.fledermaus.activities.SplashActivity" image="fledermaus_icon_pack"/>

	<!-- GeminiMan WearOS Manager -->
	<AppIcon name="com.geminiman.wearosmanager/com.geminiman.wearosmanager.MainActivity" image="geminiman_wearos_manager"/>

	<!-- Light Blue -->
	<AppIcon name="com.panotogomo.blue/com.panotogomo.blue.activities.SplashActivity" image="light_blue"/>

	<!-- Light Green -->
	<AppIcon name="com.panotogomo.green/com.panotogomo.green.activities.SplashActivity" image="light_green"/>

	<!-- LimeLine -->
	<AppIcon name="com.panotogomo.lbgreen/com.panotogomo.lbgreen.activities.SplashActivity" image="limeline"/>

	<!-- n-Digital: Watch face -->
	<AppIcon name="com.watchfacestudio.awfnewdigital/com.watchfacestudio.awfnewdigital.MainMobileActivity" image="n_digital_watch_face"/>

	<!-- One Swipe Notes -->
	<AppIcon name="com.greatapps.oneswipenotes/com.greatapps.oneswipenotes.activities.MainActivity" image="one_swipe_notes"/>

	<!-- Shapy -->
	<AppIcon name="com.osheden.shapy/com.osheden.shapy.activities.MainActivity" image="shapy"/>

	<!-- Sharp Icon Pack -->
	<AppIcon name="com.sharp.square.iconpack/com.sharp.square.iconpack.activities.SplashActivity" image="sharp_icon_pack"/>

	<!-- Shiny Ski Resort -->
	<AppIcon name="net.kairosoft.android.ski_en/main.Main" image="shiny_ski_resort"/>

	<!-- Sound Meter -->
	<AppIcon name="app.tools.soundmeter.decibel.noisedetector.pro/cn.coocent.tools.soundmeter.app.LaunchActivity" image="sound_meter"/>

	<!-- Square Dark Icon Pack -->
	<AppIcon name="com.square.dark.iconpack/com.square.dark.iconpack.activities.SplashActivity" image="square_dark_icon_pack"/>

	<!-- YouR Square Icon Pack -->
	<AppIcon name="com.gmg.you.r.square.icon.pack.theme/com.gmg.you.r.square.icon.pack.theme.activities.SplashActivity" image="your_square_icon_pack"/>

</Theme>