<Theme version="1">

	<!-- Accrescent -->
	<AppIcon name="app.accrescent.client/app.accrescent.client.ui.MainActivity" image="accrescent"/>

	<!-- AR Emoji Studio -->
	<AppIcon name="com.samsung.android.aremoji/com.samsung.android.aremoji.home.ShortcutActivity" image="ar_emoji_studio"/>

	<!-- Arcticons Material You -->
	<AppIcon name="com.donnnno.arcticons.you/com.donnnno.arcticons.activities.SplashActivity" image="arcticons_material_you"/>

	<!-- Atlas: Earth -->
	<AppIcon name="ci.atlasearth.client/io.branch.unity.BranchUnityActivity" image="atlas_earth"/>

	<!-- Aurora Services -->
	<AppIcon name="com.aurora.services/com.aurora.services.view.ui.activities.AuroraActivity" image="aurora_services"/>

	<!-- Aurora Store -->
	<AppIcon name="com.aurora.store.nightly/com.aurora.store.MainActivity" image="aurora_store"/>

	<!-- Axonify -->
	<AppIcon name="com.axonify.axonify/com.axonify.base.AxonifyActivity" image="axonify"/>

	<!-- barq -->
	<AppIcon name="com.furryapp/com.furryapp.MainActivity" image="barq"/>

	<!-- Bluesky -->
	<AppIcon name="xyz.blueskyweb.app/xyz.blueskyweb.app.MainActivity" image="bluesky"/>

	<!-- Chrome Beta -->
	<AppIcon name="com.chrome.beta/com.google.android.apps.chrome.Main" image="chrome_beta"/>

	<!-- CPU-Z -->
	<AppIcon name="com.cpuid.cpu_z/com.cpuid.cpu_z.MainActivity" image="cpu_z"/>

	<!-- Digital Wellbeing -->
	<AppIcon name="com.samsung.android.forest/com.samsung.android.forest.launcher.LauncherActivity" image="digital_wellbeing"/>

	<!-- Discordo -->
	<AppIcon name="dev.beefers.vendetta/com.discord.main.MainDefault" image="discordo"/>

	<!-- Dollar General -->
	<AppIcon name="com.dollargeneral.android/dgapp2.dollargeneral.com.dgapp2_android.SplashActivity" image="dollar_general"/>

	<!-- DoorDash -->
	<AppIcon name="com.dd.doordash/com.doordash.consumer.ui.login.LauncherActivity" image="doordash"/>

	<!-- Fine Lock -->
	<AppIcon name="yuh.yuh.finelock/yuh.yuh.finelock.T" image="fine_lock"/>

	<!-- Fur Affinity NOC -->
	<AppIcon name="com.net.furaffrate.furaffinity/one.furaffnoc.android.activity.start.StartActivity" image="fur_affinity_noc"/>

	<!-- Gacha Life 2 -->
	<AppIcon name="air.com.lunime.gachalife2/air.com.lunime.gachalife2.AIRAppEntry" image="gacha_life_2"/>

	<!-- Gaming Hub -->
	<AppIcon name="com.samsung.android.game.gamehome/com.samsung.android.game.gamehome.app.MainActivity" image="gaming_hub"/>

	<!-- Grow Guides -->
	<AppIcon name="com.grow.grow_guides/com.example.grow_guides.MainActivity" image="grow_guides"/>

	<!-- Growtopia -->
	<AppIcon name="com.rtsoft.growtopia/com.rtsoft.growtopia.Main" image="growtopia"/>

	<!-- Growtopia Marketplace -->
	<AppIcon name="com.regular_dev.growtopia_marketplace_pro/com.regular_dev.growtopia_marketplace_pro.MainActivity" image="growtopia_marketplace"/>

	<!-- Guilded -->
	<AppIcon name="com.gg.guilded/com.guilded.guildedapp.MainActivity" image="guilded"/>

	<!-- Hentoid -->
	<AppIcon name="me.devsaki.hentoid/me.devsaki.hentoid.activities.SplashActivity" image="hentoid"/>

	<!-- HomePass® -->
	<AppIcon name="com.plumewifi.plume/com.plume.residential.ui.main.MainActivity" image="homepass®"/>

	<!-- ibisPaint -->
	<AppIcon name="jp.ne.ibis.ibispaint.app/jp.ne.ibis.ibispaintx.app.market.MarketAuthenticationActivity" image="ibispaint"/>

	<!-- Kick -->
	<AppIcon name="com.kick.mobile/com.kick.mobile.MainActivity" image="kick"/>

	<!-- KineMaster -->
	<AppIcon name="com.nexstreaming.app.kinemasterfree/com.kinemaster.app.screen.splash.SplashActivity" image="kinemaster"/>

	<!-- LabyMod -->
	<AppIcon name="net.labymod.app/net.labymod.app.MainActivity" image="labymod"/>

	<!-- Legion -->
	<AppIcon name="co.legion.client/co.legion.client.activities.newloginsplash.InitialScreenActivity" image="legion"/>

	<!-- LinkLoom -->
	<AppIcon name="com.yazantarifi.linkloom.mobile/com.yazantarifi.mobile.MainActivity" image="linkloom"/>

	<!-- McDonald's -->
	<AppIcon name="com.mcdonalds.app/com.mcdonalds.mcdcoreapp.common.activity.SplashActivity" image="mcdonalds"/>

	<!-- myCricket -->
	<AppIcon name="com.mizmowireless.acctmgt/com.streamezzo.android.richmedia.RichMedia" image="mycricket"/>

	<!-- NewsBreak -->
	<AppIcon name="com.particlenews.newsbreak/com.particlemedia.ui.guide.UserGuideActivity" image="newsbreak"/>

	<!-- NFC Tools Plugin : Reuse Tag -->
	<AppIcon name="com.wakdev.nfctools.plugin.reuse/com.wakdev.nfctools.plugin.reuse.HelpActivity" image="nfc_tools_plugin_reuse_tag"/>

	<!-- NotiStar -->
	<AppIcon name="com.samsung.systemui.notilus/com.samsung.systemui.notilus.NotiCenterPage" image="notistar"/>

	<!-- PA Driver's Practice Exam -->
	<AppIcon name="com.nicusa.pdt/com.nicusa.pdt.AIRAppEntry" image="pa_drivers_practice_exam"/>

	<!-- Parsec -->
	<AppIcon name="tv.parsec.client/tv.parsec.client.MainActivity" image="parsec"/>

	<!-- pixiv -->
	<AppIcon name="jp.pxv.android/jp.pxv.android.activity.RoutingActivity" image="pixiv"/>

	<!-- Pizza Boy GBA Pro -->
	<AppIcon name="it.dbtecno.pizzaboygbapro/it.dbtecno.pizzaboygbapro.MainActivity" image="pizza_boy_gba_pro"/>

	<!-- Rewards -->
	<AppIcon name="com.google.android.apps.paidtasks/com.google.android.apps.paidtasks.activity.LaunchActivity" image="rewards"/>

	<!-- Scrolller -->
	<AppIcon name="org.chromium.webapk.adf4690a60aba446c_v2/org.chromium.webapk.shell_apk.h2o.H2OOpaqueMainActivity" image="scrolller"/>

	<!-- Sheetz -->
	<AppIcon name="com.ust.sheetzretapp/com.sheetz.consumermobile.login.SplashActivity" image="sheetz"/>

	<!-- Shippity -->
	<AppIcon name="com.shippity/com.shippity.MainActivity" image="shippity"/>

	<!-- Shizuku -->
	<AppIcon name="moe.shizuku.privileged.api/moe.shizuku.manager.MainActivity" image="shizuku"/>

	<!-- Skinseed -->
	<AppIcon name="com.africasunrise.skinseed/com.africasunrise.skinseed.SplashActivity" image="skinseed"/>

	<!-- Smart Home -->
	<AppIcon name="com.roku.rokuhome/com.hualai.home.StartActivity" image="smart_home"/>

	<!-- Snapchat -->
	<AppIcon name="com.snapchat.android/com.snapchat.android.HarvestMoonAlias" image="snapchat"/>

	<!-- SPlayer -->
	<AppIcon name="com.ttee.leeplayer/com.ttee.leeplayer.ui.splash.SplashActivity" image="splayer"/>

	<!-- TapTap -->
	<AppIcon name="com.taptap.global/com.play.taptap.ui.SplashAct" image="taptap"/>

	<!-- Telegram -->
	<AppIcon name="org.telegram.messenger.web/org.telegram.messenger.DefaultIcon" image="telegram"/>

	<!-- The Weather Channel for Samsung -->
	<AppIcon name="com.weather.samsung/com.weather.Weather.app.SplashScreenActivity" image="the_weather_channel_for_samsung"/>

	<!-- The Wolf's Stash -->
	<AppIcon name="se.zepiwolf.tws.play/se.zepiwolf.tws.REGULAR" image="the_wolfs_stash"/>

	<!-- Twitch -->
	<AppIcon name="tv.twitch.android.app/tv.twitch.android.app.core.LandingActivity" image="twitch"/>

	<!-- Vendetta Manager -->
	<AppIcon name="dev.beefers.vendetta.manager/dev.beefers.vendetta.manager.ui.activity.MainActivity" image="vendetta_manager"/>

	<!-- Visual Voicemail -->
	<AppIcon name="com.mizmowireless.vvm/com.att.mobile.android.vvm.screen.WelcomeActivity" image="visual_voicemail"/>

	<!-- Voice Tools -->
	<AppIcon name="com.DevExtras.VoiceTools/crc6424aa7cfad14660ae.SplashActivity" image="voice_tools"/>

	<!-- Walmart -->
	<AppIcon name="com.walmart.android/com.walmart.glass.integration.splash.SplashActivity" image="walmart"/>

	<!-- Waze -->
	<AppIcon name="com.waze/com.waze.FreeMapAppActivity" image="waze"/>

	<!-- WEBTOON -->
	<AppIcon name="com.naver.linewebtoon/com.naver.linewebtoon.splash.SplashActivity" image="webtoon"/>

	<!-- Widgetshare -->
	<AppIcon name="com.galew.widgetshare/com.galew.widgetshare.MainActivity" image="widgetshare"/>

	<!-- WLs Wallet -->
	<AppIcon name="com.grow.world_locks_wallet/com.example.world_locks_wallet.MainActivity" image="wls_wallet"/>

	<!-- Wonderland -->
	<AppIcon name="com.samsung.android.wonderland.wallpaper/com.samsung.android.wonderland.wallpaper.settings.StartupActivity" image="wonderland"/>

	<!-- Workvivo -->
	<AppIcon name="com.workvivo.android/com.workvivo.android.MainActivitydollargeneral" image="workvivo"/>

	<!-- Xbox -->
	<AppIcon name="com.microsoft.xboxone.smartglass/com.microsoft.xbox.MainActivity" image="xbox"/>

	<!-- zFile -->
	<AppIcon name="com.htetznaing.zfile/com.htetznaing.zfile.ui.MainActivity" image="zfile"/>

</Theme>