<resources>

	<!-- 7-Eleven -->
	<item component="ComponentInfo{com.sei.android/com.sei.android.MainActivity}" drawable="_7_eleven" />

	<!-- A Cloud Guru -->
	<item component="ComponentInfo{com.acloudguru/com.acloudguru.MainActivity}" drawable="a_cloud_guru" />

	<!-- AccuBattery -->
	<item component="ComponentInfo{com.digibites.accubattery/com.digibites.abatterysaver.BatterySaverActivity}" drawable="accubattery" />

	<!-- Acorns -->
	<item component="ComponentInfo{com.acorns.android/com.acorns.android.splash.SplashActivity}" drawable="acorns" />

	<!-- Affirm -->
	<item component="ComponentInfo{com.affirm.central/com.affirm.central.RootActivity}" drawable="affirm" />

	<!-- Ally -->
	<item component="ComponentInfo{com.ally.MobileBanking/com.ally.MobileBanking.SplashScreen}" drawable="ally" />

	<!-- Appstract -->
	<item component="ComponentInfo{com.melon.appstract/com.candybar.sample.activities.SplashActivity}" drawable="appstract" />

	<!-- ASUS Router -->
	<item component="ComponentInfo{com.asus.aihome/com.asus.aihome.MainActivity}" drawable="asus_router" />

	<!-- Atom -->
	<item component="ComponentInfo{org.gamatech.androidclient.app/org.gamatech.androidclient.app.activities.gateway.HomeActivity}" drawable="atom" />

	<!-- Azure -->
	<item component="ComponentInfo{com.microsoft.azure/crc6431cd41aa6ada328a.SplashScreenActivity}" drawable="azure" />

	<!-- BaconReader Premium -->
	<item component="ComponentInfo{com.onelouder.baconreader.premium/com.onelouder.baconreader.ui.main.MainActivity}" drawable="baconreader_premium" />

	<!-- Ballpark -->
	<item component="ComponentInfo{com.bamnetworks.mobile.android.ballpark/com.bamnetworks.mobile.android.ballpark.activity.MainActivity}" drawable="ballpark" />

	<!-- BCBSIL -->
	<item component="ComponentInfo{com.hcsc.android.providerfinderil/com.hcsc.dep.digitalengagementplatform.startup.StartupActivity}" drawable="bcbsil" />

	<!-- BeeLine -->
	<item component="ComponentInfo{com.alphaone.beeline.iconpack/com.alphaone.beeline.iconpack.MainActivity}" drawable="beeline" />

	<!-- BeeLine White -->
	<item component="ComponentInfo{com.alphaone.beeline.white.iconpack/com.alphaone.beeline.white.iconpack.MainActivity}" drawable="beeline_white" />

	<!-- BenefitWallet -->
	<item component="ComponentInfo{com.conduent.bw/com.conduent.bw.modules.login.SplashActivity}" drawable="benefitwallet" />

	<!-- Black Pie -->
	<item component="ComponentInfo{com.fldesign.black.pie.iconpack/com.fldesign.black.pie.iconpack.activities.SplashActivity}" drawable="black_pie" />

	<!-- BlackVue -->
	<item component="ComponentInfo{comb.blackvuec/comb.blackvuec.LoadingActivity}" drawable="blackvue" />

	<!-- CARFAX Car Care -->
	<item component="ComponentInfo{com.carfax.mycarfax/com.carfax.mycarfax.MainActivity}" drawable="carfax_car_care" />

	<!-- Citizen -->
	<item component="ComponentInfo{sp0n.citizen/sp0n.citizen.splash.SplashActivity}" drawable="citizen" />

	<!-- Clarity -->
	<item component="ComponentInfo{com.dexcom.clarity.mobile/com.dexcom.clarity.mobile.activities.Authenticate}" drawable="clarity" />

	<!-- Clearcover -->
	<item component="ComponentInfo{com.clearcover.app/com.clearcover.app.MainActivity}" drawable="clearcover" />

	<!-- Coinbase -->
	<item component="ComponentInfo{com.coinbase.android/com.coinbase.android.LaunchActivity}" drawable="coinbase" />

	<!-- ComEd -->
	<item component="ComponentInfo{com.comed.mobile/com.exelon.mobile.ui.unauthenticated.splash.SplashActivity}" drawable="comed" />

	<!-- Compacticons HD -->
	<item component="ComponentInfo{com.blaze.iconpack/gridview.Main}" drawable="compacticons_hd" />

	<!-- Costco -->
	<item component="ComponentInfo{com.costco.app.android/com.costco.app.android.ui.main.MainActivity}" drawable="costco" />

	<!-- Crayon -->
	<item component="ComponentInfo{com.jndapp.cartoon.crayon.iconpack/com.jndapp.cartoon.crayon.iconpack.MainActivity}" drawable="crayon" />

	<!-- CyberGhost -->
	<item component="ComponentInfo{de.mobileconcepts.cyberghost/de.mobileconcepts.cyberghost.view.app.AppActivity}" drawable="cyberghost" />

	<!-- Cyberpunk 2077 FAN Tool -->
	<item component="ComponentInfo{com.bluespiritbox.cyberpunktool/com.unity3d.player.UnityPlayerActivity}" drawable="cyberpunk_2077_fan_tool" />

	<!-- Daikin One Home -->
	<item component="ComponentInfo{com.daikincomfort.daikinonehome/com.daikincomfort.daikinonehome.MainActivity}" drawable="daikin_one_home" />

	<!-- DocuSign -->
	<item component="ComponentInfo{com.docusign.ink/com.docusign.onboarding.OnboardingSplash}" drawable="docusign" />

	<!-- Dolly -->
	<item component="ComponentInfo{com.dolly.dolly/com.dolly.dolly.screens.splashScreen.SplashScreenActivity}" drawable="dolly" />

	<!-- Duo Mobile -->
	<item component="ComponentInfo{com.duosecurity.duomobile/com.duosecurity.duomobile.account_list.AccountListActivity}" drawable="duo_mobile" />

	<!-- E85 Blend -->
	<item component="ComponentInfo{com.ProfiSoft.EthanolBlendCalculator/com.unity3d.player.UnityPlayerActivity}" drawable="e85_blend" />

	<!-- Express Scripts -->
	<item component="ComponentInfo{com.medco.medcopharmacy/com.express_scripts.patient.ui.launch.SplashActivity}" drawable="express_scripts" />

	<!-- Fantasy -->
	<item component="ComponentInfo{com.espn.fantasy.lm.football/com.espn.fantasy.activity.main.MainActivity}" drawable="fantasy" />

	<!-- Freshservice -->
	<item component="ComponentInfo{com.freshservice.helpdesk/com.freshservice.helpdesk.ui.login.activity.SplashActivity}" drawable="freshservice" />

	<!-- Fuel Rewards -->
	<item component="ComponentInfo{com.excentus.frn.android/com.excentus.ccmd.ui.SplashActivity}" drawable="fuel_rewards" />

	<!-- Fuelio -->
	<item component="ComponentInfo{com.kajda.fuelio/com.kajda.fuelio.DashboardActivity}" drawable="fuelio" />

	<!-- Gaming Hub -->
	<item component="ComponentInfo{com.samsung.android.game.gamehome/com.samsung.android.game.gamehome.app.MainActivity}" drawable="gaming_hub" />

	<!-- GasBuddy -->
	<item component="ComponentInfo{gbis.gbandroid/gbis.gbandroid.MainActivity}" drawable="gasbuddy" />

	<!-- Headphones -->
	<item component="ComponentInfo{com.sony.songpal.mdr/com.sony.songpal.mdr.vim.activity.MdrMainActivity}" drawable="headphones" />

	<!-- Hulu -->
	<item component="ComponentInfo{com.hulu.plus/com.hulu.features.splash.SplashActivity}" drawable="hulu" />

	<!-- Hyatt -->
	<item component="ComponentInfo{com.Hyatt.hyt/com.hyt.auth.activities.SplashActivity}" drawable="hyatt" />

	<!-- Iceraven -->
	<item component="ComponentInfo{io.github.forkmaintainers.iceraven/io.github.forkmaintainers.iceraven.App}" drawable="iceraven" />

	<!-- IHG -->
	<item component="ComponentInfo{com.ihg.apps.android/com.ihg.apps.android.activity.MainActivity}" drawable="ihg" />

	<!-- Jimmy John's -->
	<item component="ComponentInfo{com.jimmyjohns/com.launcher.jimmyjohns.ui.activities.Splash.SplashActivity}" drawable="jimmy_johns" />

	<!-- Libby -->
	<item component="ComponentInfo{com.overdrive.mobile.android.libby/com.overdrive.mobile.android.nautilus.ui.Activity_Main}" drawable="libby" />

	<!-- LoR -->
	<item component="ComponentInfo{com.riotgames.legendsofruneterra/com.riotgames.legendsofruneterra.LoRActivity}" drawable="lor" />

	<!-- Lowe's -->
	<item component="ComponentInfo{com.lowes.android/com.lowes.android.controller.util.OnboardingActivity}" drawable="lowes" />

	<!-- M1 Finance -->
	<item component="ComponentInfo{com.m1finance.android/com.m1finance.android.controller.SplashActivity}" drawable="m1_finance" />

	<!-- magicplan -->
	<item component="ComponentInfo{com.sensopia.magicplan/com.sensopia.magicplan.ui.splash.activities.SplashActivity}" drawable="magicplan" />

	<!-- Mariano's -->
	<item component="ComponentInfo{com.marianos.android/com.kroger.mobile.BannerSelectionActivity}" drawable="marianos" />

	<!-- Marriott -->
	<item component="ComponentInfo{com.marriott.mrt/com.marriott.mrt.v10.features.common.splash_screen.SplashScreenActivity}" drawable="marriott" />

	<!-- Max -->
	<item component="ComponentInfo{com.wbd.stream/com.wbd.stream.MainActivity}" drawable="max" />

	<!-- Meet Me in St. Louis -->
	<item component="ComponentInfo{com.mmisl.swingdance/com.mmisl.swingdance.MainActivity}" drawable="meet_me_in_st_louis" />

	<!-- MileagePlus X -->
	<item component="ComponentInfo{com.united.mpx.app/com.united.mpx.app.view.activity.SplashActivity}" drawable="mileageplus_x" />

	<!-- Mint -->
	<item component="ComponentInfo{com.mint/com.mint.core.overview.RouterActivity}" drawable="mint" />

	<!-- Mint Mobile -->
	<item component="ComponentInfo{com.uvnv.mintsim/com.ultramobile.mint.initial.InitialSelectionActivity}" drawable="mint_mobile" />

	<!-- Mobvoi -->
	<item component="ComponentInfo{com.mobvoi.companion.aw/com.mobvoi.companion.aw.StartEntry}" drawable="mobvoi" />

	<!-- Moises -->
	<item component="ComponentInfo{ai.moises/ai.moises.ui.splashscreen.SplashScreen}" drawable="moises" />

	<!-- Moonshine -->
	<item component="ComponentInfo{nexbit.icons.moonshine/com.natewren.dashboard.SplashScreen}" drawable="moonshine" />

	<!-- Music Center -->
	<item component="ComponentInfo{com.sony.songpal/com.sony.songpal.app.view.overview.DeviceAndGroupActivity}" drawable="music_center" />

	<!-- myQ -->
	<item component="ComponentInfo{com.chamberlain.android.liftmaster.myq/com.chamberlain.myq.features.splashscreen.SplashActivity}" drawable="myq" />

	<!-- MySubaru -->
	<item component="ComponentInfo{com.subaru.telematics.app.remote/com.subaru.telematics.app.remote.MainActivity}" drawable="mysubaru" />

	<!-- mySunrun -->
	<item component="ComponentInfo{com.sunrun.mysunrun/com.sunrun.mysunrun.MainActivity}" drawable="mysunrun" />

	<!-- MyTSA -->
	<item component="ComponentInfo{gov.dhs.tsa.mytsa/gov.dhs.mytsa.ui.splash.SplashActivity}" drawable="mytsa" />

	<!-- Navy Federal -->
	<item component="ComponentInfo{com.navyfederal.android/com.navyfederal.android.home.activity.SplashScreenActivity}" drawable="navy_federal" />

	<!-- NFL -->
	<item component="ComponentInfo{com.gotv.nflgamecenter.us.lite/com.nfl.mobile.SplashActivity}" drawable="nfl" />

	<!-- Nimbus Note -->
	<item component="ComponentInfo{com.bvblogic.nimbusnote/co.nimbusweb.note.activity.SplashActivity}" drawable="nimbus_note" />

	<!-- NorthShore -->
	<item component="ComponentInfo{org.northshore.northshoreconnect/org.northshore.feature.signin.ui.SignInActivity}" drawable="northshore" />

	<!-- Notes -->
	<item component="ComponentInfo{com.oneplus.note/com.nearme.note.main.MainActivity}" drawable="notes" />

	<!-- Nothing -->
	<item component="ComponentInfo{com.jndapp.nothing.white.dots.iconpack/com.jndapp.nothing.white.dots.iconpack.MainActivity}" drawable="nothing" />

	<!-- OpenTable -->
	<item component="ComponentInfo{com.opentable/com.opentable.activities.search.SearchResults}" drawable="opentable" />

	<!-- Outline Icons -->
	<item component="ComponentInfo{uk.co.randomvector.outline/uk.co.randomvector.outline.activities.SplashActivity}" drawable="outline_icons" />

	<!-- OverDrive -->
	<item component="ComponentInfo{com.overdrive.mobile.android.mediaconsole/com.overdrive.mobile.android.mediaconsole.Activity_Splash}" drawable="overdrive" />

	<!-- Paramount+ -->
	<item component="ComponentInfo{com.cbs.app/com.paramount.android.pplus.splash.mobile.integration.SplashActivity}" drawable="paramount_" />

	<!-- ParkChicago -->
	<item component="ComponentInfo{com.passportparking.mobile.parkchicago/com.passportparking.mobile.SplashActivityChicago}" drawable="parkchicago" />

	<!-- ParkEvanston -->
	<item component="ComponentInfo{com.passportparking.mobile.parkevanston/io.parking.core.ui.activities.SplashActivity}" drawable="parkevanston" />

	<!-- Parking -->
	<item component="ComponentInfo{com.spplus.parking/com.spplus.parking.presentation.splash.SplashActivity}" drawable="parking" />

	<!-- ParkMobile -->
	<item component="ComponentInfo{net.sharewire.parkmobilev2/com.parkmobile.android.client.activity.ZoneActivity}" drawable="parkmobile" />

	<!-- PC Builder -->
	<item component="ComponentInfo{com.indraanisa.pcbuilder/com.indraanisa.pcbuilder.pcbuild.PcBuildActivity}" drawable="pc_builder" />

	<!-- Peacock -->
	<item component="ComponentInfo{com.peacocktv.peacockandroid/com.nowtv.view.activity.manhattan.MainActivity}" drawable="peacock" />

	<!-- PlanSource -->
	<item component="ComponentInfo{com.plansource.android2/com.plansource.android.ui.activity.MainWebViewActivity}" drawable="plansource" />

	<!-- Principal -->
	<item component="ComponentInfo{gokart.com.principal/gokart.com.principal.SplashActivity}" drawable="principal" />

	<!-- Qudelix -->
	<item component="ComponentInfo{com.qudelix.qudelix/com.qudelix.qudelix.App.Main.MainActivity}" drawable="qudelix" />

	<!-- Ratio -->
	<item component="ComponentInfo{com.bllocosn/com.bllocosn.MainActivity}" drawable="ratio" />

	<!-- Retromatic Icon Pack -->
	<item component="ComponentInfo{com.nodeshaper.retromatic/com.nodeshaper.retromatic.MainActivity}" drawable="retromatic_icon_pack" />

	<!-- Ritual -->
	<item component="ComponentInfo{co.ritual.app/co.ritual.app.screens.InitializeActivity}" drawable="ritual" />

	<!-- Robinhood -->
	<item component="ComponentInfo{com.robinhood.android/com.robinhood.android.activity.WelcomeActivity}" drawable="robinhood" />

	<!-- Safeco Insurance -->
	<item component="ComponentInfo{com.safecoinsurance.consumer/com.safecoinsurance.consumer.presentation.activity.MainActivity}" drawable="safeco_insurance" />

	<!-- Sam's Club -->
	<item component="ComponentInfo{com.rfi.sams.android/com.rfi.sams.android.main.SplashActivity}" drawable="sams_club" />

	<!-- SAP Concur -->
	<item component="ComponentInfo{com.concur.breeze/com.concur.mobile.legacy.corp.home.login.Startup}" drawable="sap_concur" />

	<!-- Secure SignIn -->
	<item component="ComponentInfo{com.synology.securesignin/com.synology.securesignin.MainActivity}" drawable="secure_signin" />

	<!-- Smart Home Manager -->
	<item component="ComponentInfo{com.att.shm/com.att.shm.activities.HaloCLoginActivity}" drawable="smart_home_manager" />

	<!-- Sound+ -->
	<item component="ComponentInfo{com.jabra.moments/com.jabra.moments.ui.splash.SplashActivity}" drawable="sound_" />

	<!-- SpotHero -->
	<item component="ComponentInfo{com.spothero.spothero/com.spothero.android.spothero.HomeActivity}" drawable="spothero" />

	<!-- Stack -->
	<item component="ComponentInfo{com.area120.paperwork/com.google.area120.paperwork.android.main.MainActivity}" drawable="stack" />

	<!-- Starbucks -->
	<item component="ComponentInfo{com.starbucks.mobilecard/com.starbucks.mobilecard.main.activity.LandingPageActivity}" drawable="starbucks" />

	<!-- Sunrun -->
	<item component="ComponentInfo{com.sunrun.customerapp/com.sunrun.customerapp.MainActivity}" drawable="sunrun" />

	<!-- Taco Bell -->
	<item component="ComponentInfo{com.tacobell.ordering/com.tacobell.splash.SplashActivity}" drawable="taco_bell" />

	<!-- TFT -->
	<item component="ComponentInfo{com.riotgames.league.teamfighttactics/com.riotgames.leagueoflegends.RiotNativeActivity}" drawable="tft" />

	<!-- The ZO App -->
	<item component="ComponentInfo{com.findyourzo.zomobile/com.findyourzo.zomobile.MainActivity}" drawable="the_zo_app" />

	<!-- Ticketmaster -->
	<item component="ComponentInfo{com.ticketmaster.mobile.android.na/com.ticketmaster.mobile.android.library.activity.MainActivity}" drawable="ticketmaster" />

	<!-- Twitch -->
	<item component="ComponentInfo{tv.twitch.android.app/tv.twitch.android.app.core.LandingActivity}" drawable="twitch" />

	<!-- UKG Dimensions -->
	<item component="ComponentInfo{com.kronos.dimensions.enterprise/com.kronos.dimensions.enterprise.MainActivity}" drawable="ukg_dimensions" />

	<!-- United Airlines -->
	<item component="ComponentInfo{com.united.mobile.android/com.united.mobile.android.ui.splash.SplashActivity}" drawable="united_airlines" />

	<!-- Uphold -->
	<item component="ComponentInfo{com.uphold.wallet/com.uphold.wallet.MainActivity}" drawable="uphold" />

	<!-- USAA -->
	<item component="ComponentInfo{com.usaa.mobile.android.usaa/com.usaa.mobile.android.app.MainEntryActivity}" drawable="usaa" />

	<!-- USPS Mobile -->
	<item component="ComponentInfo{com.usps/com.usps.mobile.SplashScreenActivity}" drawable="usps_mobile" />

	<!-- V﻿A -->
	<item component="ComponentInfo{gov.va.mobileapp/gov.va.mobileapp.MainActivity}" drawable="v﻿a" />

	<!-- Ventra -->
	<item component="ComponentInfo{com.ventrachicago.riderapp/com.cmtventra.MainActivity}" drawable="ventra" />

	<!-- Viral -->
	<item component="ComponentInfo{vintage.icon.pack.ddt/vintage.icon.pack.ddt.MainActivity}" drawable="viral" />

	<!-- Walgreens -->
	<item component="ComponentInfo{com.usablenet.mobile.walgreen/com.usablenet.mobile.walgreen.AppStart}" drawable="walgreens" />

	<!-- Wavelet -->
	<item component="ComponentInfo{com.pittvandewitt.wavelet/com.pittvandewitt.wavelet.MainActivity}" drawable="wavelet" />

	<!-- Wendy's -->
	<item component="ComponentInfo{com.wendys.nutritiontool/com.wendys.mobile.presentation.activity.SplashActivity}" drawable="wendys" />

	<!-- Whova -->
	<item component="ComponentInfo{com.whova.event/com.whova.activity.IntroPageSwipeActivity}" drawable="whova" />

	<!-- Wingstop -->
	<item component="ComponentInfo{com.mobilaurus.wingstopandroid/com.wearehathway.apps.nomnomstock.views.splash.StartActivity}" drawable="wingstop" />

	<!-- WishList -->
	<item component="ComponentInfo{com.wishlist.add2wishlistcom/org.mozilla.samples.browser.SplashScreenActivity}" drawable="wishlist" />

	<!-- Xeno Configurator -->
	<item component="ComponentInfo{com.xeno.configurator/com.damien.damiensaber.ui.activity.SplashActivity}" drawable="xeno_configurator" />

	<!-- Yahoo Fantasy -->
	<item component="ComponentInfo{com.yahoo.mobile.client.android.fantasyfootball/com.yahoo.mobile.client.android.fantasyfootball.ui.FantasyHomeActivity}" drawable="yahoo_fantasy" />

	<!-- YouR Drop Icon Pack -->
	<item component="ComponentInfo{com.gmg.you.r.drop.icon.pack.theme/com.gmg.you.r.drop.icon.pack.theme.activities.SplashActivity}" drawable="your_drop_icon_pack" />

</resources>