<appmap>

	<!-- 7-Eleven -->
	<item class="com.sei.android.MainActivity" name="_7_eleven"/>

	<!-- A Cloud Guru -->
	<item class="com.acloudguru.MainActivity" name="a_cloud_guru"/>

	<!-- AccuBattery -->
	<item class="com.digibites.abatterysaver.BatterySaverActivity" name="accubattery"/>

	<!-- Acorns -->
	<item class="com.acorns.android.splash.SplashActivity" name="acorns"/>

	<!-- Affirm -->
	<item class="com.affirm.central.RootActivity" name="affirm"/>

	<!-- Ally -->
	<item class="com.ally.MobileBanking.SplashScreen" name="ally"/>

	<!-- Appstract -->
	<item class="com.candybar.sample.activities.SplashActivity" name="appstract"/>

	<!-- ASUS Router -->
	<item class="com.asus.aihome.MainActivity" name="asus_router"/>

	<!-- Atom -->
	<item class="org.gamatech.androidclient.app.activities.gateway.HomeActivity" name="atom"/>

	<!-- Azure -->
	<item class="crc6431cd41aa6ada328a.SplashScreenActivity" name="azure"/>

	<!-- BaconReader Premium -->
	<item class="com.onelouder.baconreader.ui.main.MainActivity" name="baconreader_premium"/>

	<!-- Ballpark -->
	<item class="com.bamnetworks.mobile.android.ballpark.activity.MainActivity" name="ballpark"/>

	<!-- BCBSIL -->
	<item class="com.hcsc.dep.digitalengagementplatform.startup.StartupActivity" name="bcbsil"/>

	<!-- BeeLine -->
	<item class="com.alphaone.beeline.iconpack.MainActivity" name="beeline"/>

	<!-- BeeLine White -->
	<item class="com.alphaone.beeline.white.iconpack.MainActivity" name="beeline_white"/>

	<!-- BenefitWallet -->
	<item class="com.conduent.bw.modules.login.SplashActivity" name="benefitwallet"/>

	<!-- Black Pie -->
	<item class="com.fldesign.black.pie.iconpack.activities.SplashActivity" name="black_pie"/>

	<!-- BlackVue -->
	<item class="comb.blackvuec.LoadingActivity" name="blackvue"/>

	<!-- CARFAX Car Care -->
	<item class="com.carfax.mycarfax.MainActivity" name="carfax_car_care"/>

	<!-- Citizen -->
	<item class="sp0n.citizen.splash.SplashActivity" name="citizen"/>

	<!-- Clarity -->
	<item class="com.dexcom.clarity.mobile.activities.Authenticate" name="clarity"/>

	<!-- Clearcover -->
	<item class="com.clearcover.app.MainActivity" name="clearcover"/>

	<!-- Coinbase -->
	<item class="com.coinbase.android.LaunchActivity" name="coinbase"/>

	<!-- ComEd -->
	<item class="com.exelon.mobile.ui.unauthenticated.splash.SplashActivity" name="comed"/>

	<!-- Compacticons HD -->
	<item class="gridview.Main" name="compacticons_hd"/>

	<!-- Costco -->
	<item class="com.costco.app.android.ui.main.MainActivity" name="costco"/>

	<!-- Crayon -->
	<item class="com.jndapp.cartoon.crayon.iconpack.MainActivity" name="crayon"/>

	<!-- CyberGhost -->
	<item class="de.mobileconcepts.cyberghost.view.app.AppActivity" name="cyberghost"/>

	<!-- Cyberpunk 2077 FAN Tool -->
	<item class="com.unity3d.player.UnityPlayerActivity" name="cyberpunk_2077_fan_tool"/>

	<!-- Daikin One Home -->
	<item class="com.daikincomfort.daikinonehome.MainActivity" name="daikin_one_home"/>

	<!-- DocuSign -->
	<item class="com.docusign.onboarding.OnboardingSplash" name="docusign"/>

	<!-- Dolly -->
	<item class="com.dolly.dolly.screens.splashScreen.SplashScreenActivity" name="dolly"/>

	<!-- Duo Mobile -->
	<item class="com.duosecurity.duomobile.account_list.AccountListActivity" name="duo_mobile"/>

	<!-- E85 Blend -->
	<item class="com.unity3d.player.UnityPlayerActivity" name="e85_blend"/>

	<!-- Express Scripts -->
	<item class="com.express_scripts.patient.ui.launch.SplashActivity" name="express_scripts"/>

	<!-- Fantasy -->
	<item class="com.espn.fantasy.activity.main.MainActivity" name="fantasy"/>

	<!-- Freshservice -->
	<item class="com.freshservice.helpdesk.ui.login.activity.SplashActivity" name="freshservice"/>

	<!-- Fuel Rewards -->
	<item class="com.excentus.ccmd.ui.SplashActivity" name="fuel_rewards"/>

	<!-- Fuelio -->
	<item class="com.kajda.fuelio.DashboardActivity" name="fuelio"/>

	<!-- Gaming Hub -->
	<item class="com.samsung.android.game.gamehome.app.MainActivity" name="gaming_hub"/>

	<!-- GasBuddy -->
	<item class="gbis.gbandroid.MainActivity" name="gasbuddy"/>

	<!-- Headphones -->
	<item class="com.sony.songpal.mdr.vim.activity.MdrMainActivity" name="headphones"/>

	<!-- Hulu -->
	<item class="com.hulu.features.splash.SplashActivity" name="hulu"/>

	<!-- Hyatt -->
	<item class="com.hyt.auth.activities.SplashActivity" name="hyatt"/>

	<!-- Iceraven -->
	<item class="io.github.forkmaintainers.iceraven.App" name="iceraven"/>

	<!-- IHG -->
	<item class="com.ihg.apps.android.activity.MainActivity" name="ihg"/>

	<!-- Jimmy John's -->
	<item class="com.launcher.jimmyjohns.ui.activities.Splash.SplashActivity" name="jimmy_johns"/>

	<!-- Libby -->
	<item class="com.overdrive.mobile.android.nautilus.ui.Activity_Main" name="libby"/>

	<!-- LoR -->
	<item class="com.riotgames.legendsofruneterra.LoRActivity" name="lor"/>

	<!-- Lowe's -->
	<item class="com.lowes.android.controller.util.OnboardingActivity" name="lowes"/>

	<!-- M1 Finance -->
	<item class="com.m1finance.android.controller.SplashActivity" name="m1_finance"/>

	<!-- magicplan -->
	<item class="com.sensopia.magicplan.ui.splash.activities.SplashActivity" name="magicplan"/>

	<!-- Mariano's -->
	<item class="com.kroger.mobile.BannerSelectionActivity" name="marianos"/>

	<!-- Marriott -->
	<item class="com.marriott.mrt.v10.features.common.splash_screen.SplashScreenActivity" name="marriott"/>

	<!-- Max -->
	<item class="com.wbd.stream.MainActivity" name="max"/>

	<!-- Meet Me in St. Louis -->
	<item class="com.mmisl.swingdance.MainActivity" name="meet_me_in_st_louis"/>

	<!-- MileagePlus X -->
	<item class="com.united.mpx.app.view.activity.SplashActivity" name="mileageplus_x"/>

	<!-- Mint -->
	<item class="com.mint.core.overview.RouterActivity" name="mint"/>

	<!-- Mint Mobile -->
	<item class="com.ultramobile.mint.initial.InitialSelectionActivity" name="mint_mobile"/>

	<!-- Mobvoi -->
	<item class="com.mobvoi.companion.aw.StartEntry" name="mobvoi"/>

	<!-- Moises -->
	<item class="ai.moises.ui.splashscreen.SplashScreen" name="moises"/>

	<!-- Moonshine -->
	<item class="com.natewren.dashboard.SplashScreen" name="moonshine"/>

	<!-- Music Center -->
	<item class="com.sony.songpal.app.view.overview.DeviceAndGroupActivity" name="music_center"/>

	<!-- myQ -->
	<item class="com.chamberlain.myq.features.splashscreen.SplashActivity" name="myq"/>

	<!-- MySubaru -->
	<item class="com.subaru.telematics.app.remote.MainActivity" name="mysubaru"/>

	<!-- mySunrun -->
	<item class="com.sunrun.mysunrun.MainActivity" name="mysunrun"/>

	<!-- MyTSA -->
	<item class="gov.dhs.mytsa.ui.splash.SplashActivity" name="mytsa"/>

	<!-- Navy Federal -->
	<item class="com.navyfederal.android.home.activity.SplashScreenActivity" name="navy_federal"/>

	<!-- NFL -->
	<item class="com.nfl.mobile.SplashActivity" name="nfl"/>

	<!-- Nimbus Note -->
	<item class="co.nimbusweb.note.activity.SplashActivity" name="nimbus_note"/>

	<!-- NorthShore -->
	<item class="org.northshore.feature.signin.ui.SignInActivity" name="northshore"/>

	<!-- Notes -->
	<item class="com.nearme.note.main.MainActivity" name="notes"/>

	<!-- Nothing -->
	<item class="com.jndapp.nothing.white.dots.iconpack.MainActivity" name="nothing"/>

	<!-- OpenTable -->
	<item class="com.opentable.activities.search.SearchResults" name="opentable"/>

	<!-- Outline Icons -->
	<item class="uk.co.randomvector.outline.activities.SplashActivity" name="outline_icons"/>

	<!-- OverDrive -->
	<item class="com.overdrive.mobile.android.mediaconsole.Activity_Splash" name="overdrive"/>

	<!-- Paramount+ -->
	<item class="com.paramount.android.pplus.splash.mobile.integration.SplashActivity" name="paramount_"/>

	<!-- ParkChicago -->
	<item class="com.passportparking.mobile.SplashActivityChicago" name="parkchicago"/>

	<!-- ParkEvanston -->
	<item class="io.parking.core.ui.activities.SplashActivity" name="parkevanston"/>

	<!-- Parking -->
	<item class="com.spplus.parking.presentation.splash.SplashActivity" name="parking"/>

	<!-- ParkMobile -->
	<item class="com.parkmobile.android.client.activity.ZoneActivity" name="parkmobile"/>

	<!-- PC Builder -->
	<item class="com.indraanisa.pcbuilder.pcbuild.PcBuildActivity" name="pc_builder"/>

	<!-- Peacock -->
	<item class="com.nowtv.view.activity.manhattan.MainActivity" name="peacock"/>

	<!-- PlanSource -->
	<item class="com.plansource.android.ui.activity.MainWebViewActivity" name="plansource"/>

	<!-- Principal -->
	<item class="gokart.com.principal.SplashActivity" name="principal"/>

	<!-- Qudelix -->
	<item class="com.qudelix.qudelix.App.Main.MainActivity" name="qudelix"/>

	<!-- Ratio -->
	<item class="com.bllocosn.MainActivity" name="ratio"/>

	<!-- Retromatic Icon Pack -->
	<item class="com.nodeshaper.retromatic.MainActivity" name="retromatic_icon_pack"/>

	<!-- Ritual -->
	<item class="co.ritual.app.screens.InitializeActivity" name="ritual"/>

	<!-- Robinhood -->
	<item class="com.robinhood.android.activity.WelcomeActivity" name="robinhood"/>

	<!-- Safeco Insurance -->
	<item class="com.safecoinsurance.consumer.presentation.activity.MainActivity" name="safeco_insurance"/>

	<!-- Sam's Club -->
	<item class="com.rfi.sams.android.main.SplashActivity" name="sams_club"/>

	<!-- SAP Concur -->
	<item class="com.concur.mobile.legacy.corp.home.login.Startup" name="sap_concur"/>

	<!-- Secure SignIn -->
	<item class="com.synology.securesignin.MainActivity" name="secure_signin"/>

	<!-- Smart Home Manager -->
	<item class="com.att.shm.activities.HaloCLoginActivity" name="smart_home_manager"/>

	<!-- Sound+ -->
	<item class="com.jabra.moments.ui.splash.SplashActivity" name="sound_"/>

	<!-- SpotHero -->
	<item class="com.spothero.android.spothero.HomeActivity" name="spothero"/>

	<!-- Stack -->
	<item class="com.google.area120.paperwork.android.main.MainActivity" name="stack"/>

	<!-- Starbucks -->
	<item class="com.starbucks.mobilecard.main.activity.LandingPageActivity" name="starbucks"/>

	<!-- Sunrun -->
	<item class="com.sunrun.customerapp.MainActivity" name="sunrun"/>

	<!-- Taco Bell -->
	<item class="com.tacobell.splash.SplashActivity" name="taco_bell"/>

	<!-- TFT -->
	<item class="com.riotgames.leagueoflegends.RiotNativeActivity" name="tft"/>

	<!-- The ZO App -->
	<item class="com.findyourzo.zomobile.MainActivity" name="the_zo_app"/>

	<!-- Ticketmaster -->
	<item class="com.ticketmaster.mobile.android.library.activity.MainActivity" name="ticketmaster"/>

	<!-- Twitch -->
	<item class="tv.twitch.android.app.core.LandingActivity" name="twitch"/>

	<!-- UKG Dimensions -->
	<item class="com.kronos.dimensions.enterprise.MainActivity" name="ukg_dimensions"/>

	<!-- United Airlines -->
	<item class="com.united.mobile.android.ui.splash.SplashActivity" name="united_airlines"/>

	<!-- Uphold -->
	<item class="com.uphold.wallet.MainActivity" name="uphold"/>

	<!-- USAA -->
	<item class="com.usaa.mobile.android.app.MainEntryActivity" name="usaa"/>

	<!-- USPS Mobile -->
	<item class="com.usps.mobile.SplashScreenActivity" name="usps_mobile"/>

	<!-- V﻿A -->
	<item class="gov.va.mobileapp.MainActivity" name="v﻿a"/>

	<!-- Ventra -->
	<item class="com.cmtventra.MainActivity" name="ventra"/>

	<!-- Viral -->
	<item class="vintage.icon.pack.ddt.MainActivity" name="viral"/>

	<!-- Walgreens -->
	<item class="com.usablenet.mobile.walgreen.AppStart" name="walgreens"/>

	<!-- Wavelet -->
	<item class="com.pittvandewitt.wavelet.MainActivity" name="wavelet"/>

	<!-- Wendy's -->
	<item class="com.wendys.mobile.presentation.activity.SplashActivity" name="wendys"/>

	<!-- Whova -->
	<item class="com.whova.activity.IntroPageSwipeActivity" name="whova"/>

	<!-- Wingstop -->
	<item class="com.wearehathway.apps.nomnomstock.views.splash.StartActivity" name="wingstop"/>

	<!-- WishList -->
	<item class="org.mozilla.samples.browser.SplashScreenActivity" name="wishlist"/>

	<!-- Xeno Configurator -->
	<item class="com.damien.damiensaber.ui.activity.SplashActivity" name="xeno_configurator"/>

	<!-- Yahoo Fantasy -->
	<item class="com.yahoo.mobile.client.android.fantasyfootball.ui.FantasyHomeActivity" name="yahoo_fantasy"/>

	<!-- YouR Drop Icon Pack -->
	<item class="com.gmg.you.r.drop.icon.pack.theme.activities.SplashActivity" name="your_drop_icon_pack"/>

</appmap>