<Theme version="1">

	<!-- 7-Eleven -->
	<AppIcon name="com.sei.android/com.sei.android.MainActivity" image="_7_eleven"/>

	<!-- A Cloud Guru -->
	<AppIcon name="com.acloudguru/com.acloudguru.MainActivity" image="a_cloud_guru"/>

	<!-- AccuBattery -->
	<AppIcon name="com.digibites.accubattery/com.digibites.abatterysaver.BatterySaverActivity" image="accubattery"/>

	<!-- Acorns -->
	<AppIcon name="com.acorns.android/com.acorns.android.splash.SplashActivity" image="acorns"/>

	<!-- Affirm -->
	<AppIcon name="com.affirm.central/com.affirm.central.RootActivity" image="affirm"/>

	<!-- Ally -->
	<AppIcon name="com.ally.MobileBanking/com.ally.MobileBanking.SplashScreen" image="ally"/>

	<!-- Appstract -->
	<AppIcon name="com.melon.appstract/com.candybar.sample.activities.SplashActivity" image="appstract"/>

	<!-- ASUS Router -->
	<AppIcon name="com.asus.aihome/com.asus.aihome.MainActivity" image="asus_router"/>

	<!-- Atom -->
	<AppIcon name="org.gamatech.androidclient.app/org.gamatech.androidclient.app.activities.gateway.HomeActivity" image="atom"/>

	<!-- Azure -->
	<AppIcon name="com.microsoft.azure/crc6431cd41aa6ada328a.SplashScreenActivity" image="azure"/>

	<!-- BaconReader Premium -->
	<AppIcon name="com.onelouder.baconreader.premium/com.onelouder.baconreader.ui.main.MainActivity" image="baconreader_premium"/>

	<!-- Ballpark -->
	<AppIcon name="com.bamnetworks.mobile.android.ballpark/com.bamnetworks.mobile.android.ballpark.activity.MainActivity" image="ballpark"/>

	<!-- BCBSIL -->
	<AppIcon name="com.hcsc.android.providerfinderil/com.hcsc.dep.digitalengagementplatform.startup.StartupActivity" image="bcbsil"/>

	<!-- BeeLine -->
	<AppIcon name="com.alphaone.beeline.iconpack/com.alphaone.beeline.iconpack.MainActivity" image="beeline"/>

	<!-- BeeLine White -->
	<AppIcon name="com.alphaone.beeline.white.iconpack/com.alphaone.beeline.white.iconpack.MainActivity" image="beeline_white"/>

	<!-- BenefitWallet -->
	<AppIcon name="com.conduent.bw/com.conduent.bw.modules.login.SplashActivity" image="benefitwallet"/>

	<!-- Black Pie -->
	<AppIcon name="com.fldesign.black.pie.iconpack/com.fldesign.black.pie.iconpack.activities.SplashActivity" image="black_pie"/>

	<!-- BlackVue -->
	<AppIcon name="comb.blackvuec/comb.blackvuec.LoadingActivity" image="blackvue"/>

	<!-- CARFAX Car Care -->
	<AppIcon name="com.carfax.mycarfax/com.carfax.mycarfax.MainActivity" image="carfax_car_care"/>

	<!-- Citizen -->
	<AppIcon name="sp0n.citizen/sp0n.citizen.splash.SplashActivity" image="citizen"/>

	<!-- Clarity -->
	<AppIcon name="com.dexcom.clarity.mobile/com.dexcom.clarity.mobile.activities.Authenticate" image="clarity"/>

	<!-- Clearcover -->
	<AppIcon name="com.clearcover.app/com.clearcover.app.MainActivity" image="clearcover"/>

	<!-- Coinbase -->
	<AppIcon name="com.coinbase.android/com.coinbase.android.LaunchActivity" image="coinbase"/>

	<!-- ComEd -->
	<AppIcon name="com.comed.mobile/com.exelon.mobile.ui.unauthenticated.splash.SplashActivity" image="comed"/>

	<!-- Compacticons HD -->
	<AppIcon name="com.blaze.iconpack/gridview.Main" image="compacticons_hd"/>

	<!-- Costco -->
	<AppIcon name="com.costco.app.android/com.costco.app.android.ui.main.MainActivity" image="costco"/>

	<!-- Crayon -->
	<AppIcon name="com.jndapp.cartoon.crayon.iconpack/com.jndapp.cartoon.crayon.iconpack.MainActivity" image="crayon"/>

	<!-- CyberGhost -->
	<AppIcon name="de.mobileconcepts.cyberghost/de.mobileconcepts.cyberghost.view.app.AppActivity" image="cyberghost"/>

	<!-- Cyberpunk 2077 FAN Tool -->
	<AppIcon name="com.bluespiritbox.cyberpunktool/com.unity3d.player.UnityPlayerActivity" image="cyberpunk_2077_fan_tool"/>

	<!-- Daikin One Home -->
	<AppIcon name="com.daikincomfort.daikinonehome/com.daikincomfort.daikinonehome.MainActivity" image="daikin_one_home"/>

	<!-- DocuSign -->
	<AppIcon name="com.docusign.ink/com.docusign.onboarding.OnboardingSplash" image="docusign"/>

	<!-- Dolly -->
	<AppIcon name="com.dolly.dolly/com.dolly.dolly.screens.splashScreen.SplashScreenActivity" image="dolly"/>

	<!-- Duo Mobile -->
	<AppIcon name="com.duosecurity.duomobile/com.duosecurity.duomobile.account_list.AccountListActivity" image="duo_mobile"/>

	<!-- E85 Blend -->
	<AppIcon name="com.ProfiSoft.EthanolBlendCalculator/com.unity3d.player.UnityPlayerActivity" image="e85_blend"/>

	<!-- Express Scripts -->
	<AppIcon name="com.medco.medcopharmacy/com.express_scripts.patient.ui.launch.SplashActivity" image="express_scripts"/>

	<!-- Fantasy -->
	<AppIcon name="com.espn.fantasy.lm.football/com.espn.fantasy.activity.main.MainActivity" image="fantasy"/>

	<!-- Freshservice -->
	<AppIcon name="com.freshservice.helpdesk/com.freshservice.helpdesk.ui.login.activity.SplashActivity" image="freshservice"/>

	<!-- Fuel Rewards -->
	<AppIcon name="com.excentus.frn.android/com.excentus.ccmd.ui.SplashActivity" image="fuel_rewards"/>

	<!-- Fuelio -->
	<AppIcon name="com.kajda.fuelio/com.kajda.fuelio.DashboardActivity" image="fuelio"/>

	<!-- Gaming Hub -->
	<AppIcon name="com.samsung.android.game.gamehome/com.samsung.android.game.gamehome.app.MainActivity" image="gaming_hub"/>

	<!-- GasBuddy -->
	<AppIcon name="gbis.gbandroid/gbis.gbandroid.MainActivity" image="gasbuddy"/>

	<!-- Headphones -->
	<AppIcon name="com.sony.songpal.mdr/com.sony.songpal.mdr.vim.activity.MdrMainActivity" image="headphones"/>

	<!-- Hulu -->
	<AppIcon name="com.hulu.plus/com.hulu.features.splash.SplashActivity" image="hulu"/>

	<!-- Hyatt -->
	<AppIcon name="com.Hyatt.hyt/com.hyt.auth.activities.SplashActivity" image="hyatt"/>

	<!-- Iceraven -->
	<AppIcon name="io.github.forkmaintainers.iceraven/io.github.forkmaintainers.iceraven.App" image="iceraven"/>

	<!-- IHG -->
	<AppIcon name="com.ihg.apps.android/com.ihg.apps.android.activity.MainActivity" image="ihg"/>

	<!-- Jimmy John's -->
	<AppIcon name="com.jimmyjohns/com.launcher.jimmyjohns.ui.activities.Splash.SplashActivity" image="jimmy_johns"/>

	<!-- Libby -->
	<AppIcon name="com.overdrive.mobile.android.libby/com.overdrive.mobile.android.nautilus.ui.Activity_Main" image="libby"/>

	<!-- LoR -->
	<AppIcon name="com.riotgames.legendsofruneterra/com.riotgames.legendsofruneterra.LoRActivity" image="lor"/>

	<!-- Lowe's -->
	<AppIcon name="com.lowes.android/com.lowes.android.controller.util.OnboardingActivity" image="lowes"/>

	<!-- M1 Finance -->
	<AppIcon name="com.m1finance.android/com.m1finance.android.controller.SplashActivity" image="m1_finance"/>

	<!-- magicplan -->
	<AppIcon name="com.sensopia.magicplan/com.sensopia.magicplan.ui.splash.activities.SplashActivity" image="magicplan"/>

	<!-- Mariano's -->
	<AppIcon name="com.marianos.android/com.kroger.mobile.BannerSelectionActivity" image="marianos"/>

	<!-- Marriott -->
	<AppIcon name="com.marriott.mrt/com.marriott.mrt.v10.features.common.splash_screen.SplashScreenActivity" image="marriott"/>

	<!-- Max -->
	<AppIcon name="com.wbd.stream/com.wbd.stream.MainActivity" image="max"/>

	<!-- Meet Me in St. Louis -->
	<AppIcon name="com.mmisl.swingdance/com.mmisl.swingdance.MainActivity" image="meet_me_in_st_louis"/>

	<!-- MileagePlus X -->
	<AppIcon name="com.united.mpx.app/com.united.mpx.app.view.activity.SplashActivity" image="mileageplus_x"/>

	<!-- Mint -->
	<AppIcon name="com.mint/com.mint.core.overview.RouterActivity" image="mint"/>

	<!-- Mint Mobile -->
	<AppIcon name="com.uvnv.mintsim/com.ultramobile.mint.initial.InitialSelectionActivity" image="mint_mobile"/>

	<!-- Mobvoi -->
	<AppIcon name="com.mobvoi.companion.aw/com.mobvoi.companion.aw.StartEntry" image="mobvoi"/>

	<!-- Moises -->
	<AppIcon name="ai.moises/ai.moises.ui.splashscreen.SplashScreen" image="moises"/>

	<!-- Moonshine -->
	<AppIcon name="nexbit.icons.moonshine/com.natewren.dashboard.SplashScreen" image="moonshine"/>

	<!-- Music Center -->
	<AppIcon name="com.sony.songpal/com.sony.songpal.app.view.overview.DeviceAndGroupActivity" image="music_center"/>

	<!-- myQ -->
	<AppIcon name="com.chamberlain.android.liftmaster.myq/com.chamberlain.myq.features.splashscreen.SplashActivity" image="myq"/>

	<!-- MySubaru -->
	<AppIcon name="com.subaru.telematics.app.remote/com.subaru.telematics.app.remote.MainActivity" image="mysubaru"/>

	<!-- mySunrun -->
	<AppIcon name="com.sunrun.mysunrun/com.sunrun.mysunrun.MainActivity" image="mysunrun"/>

	<!-- MyTSA -->
	<AppIcon name="gov.dhs.tsa.mytsa/gov.dhs.mytsa.ui.splash.SplashActivity" image="mytsa"/>

	<!-- Navy Federal -->
	<AppIcon name="com.navyfederal.android/com.navyfederal.android.home.activity.SplashScreenActivity" image="navy_federal"/>

	<!-- NFL -->
	<AppIcon name="com.gotv.nflgamecenter.us.lite/com.nfl.mobile.SplashActivity" image="nfl"/>

	<!-- Nimbus Note -->
	<AppIcon name="com.bvblogic.nimbusnote/co.nimbusweb.note.activity.SplashActivity" image="nimbus_note"/>

	<!-- NorthShore -->
	<AppIcon name="org.northshore.northshoreconnect/org.northshore.feature.signin.ui.SignInActivity" image="northshore"/>

	<!-- Notes -->
	<AppIcon name="com.oneplus.note/com.nearme.note.main.MainActivity" image="notes"/>

	<!-- Nothing -->
	<AppIcon name="com.jndapp.nothing.white.dots.iconpack/com.jndapp.nothing.white.dots.iconpack.MainActivity" image="nothing"/>

	<!-- OpenTable -->
	<AppIcon name="com.opentable/com.opentable.activities.search.SearchResults" image="opentable"/>

	<!-- Outline Icons -->
	<AppIcon name="uk.co.randomvector.outline/uk.co.randomvector.outline.activities.SplashActivity" image="outline_icons"/>

	<!-- OverDrive -->
	<AppIcon name="com.overdrive.mobile.android.mediaconsole/com.overdrive.mobile.android.mediaconsole.Activity_Splash" image="overdrive"/>

	<!-- Paramount+ -->
	<AppIcon name="com.cbs.app/com.paramount.android.pplus.splash.mobile.integration.SplashActivity" image="paramount_"/>

	<!-- ParkChicago -->
	<AppIcon name="com.passportparking.mobile.parkchicago/com.passportparking.mobile.SplashActivityChicago" image="parkchicago"/>

	<!-- ParkEvanston -->
	<AppIcon name="com.passportparking.mobile.parkevanston/io.parking.core.ui.activities.SplashActivity" image="parkevanston"/>

	<!-- Parking -->
	<AppIcon name="com.spplus.parking/com.spplus.parking.presentation.splash.SplashActivity" image="parking"/>

	<!-- ParkMobile -->
	<AppIcon name="net.sharewire.parkmobilev2/com.parkmobile.android.client.activity.ZoneActivity" image="parkmobile"/>

	<!-- PC Builder -->
	<AppIcon name="com.indraanisa.pcbuilder/com.indraanisa.pcbuilder.pcbuild.PcBuildActivity" image="pc_builder"/>

	<!-- Peacock -->
	<AppIcon name="com.peacocktv.peacockandroid/com.nowtv.view.activity.manhattan.MainActivity" image="peacock"/>

	<!-- PlanSource -->
	<AppIcon name="com.plansource.android2/com.plansource.android.ui.activity.MainWebViewActivity" image="plansource"/>

	<!-- Principal -->
	<AppIcon name="gokart.com.principal/gokart.com.principal.SplashActivity" image="principal"/>

	<!-- Qudelix -->
	<AppIcon name="com.qudelix.qudelix/com.qudelix.qudelix.App.Main.MainActivity" image="qudelix"/>

	<!-- Ratio -->
	<AppIcon name="com.bllocosn/com.bllocosn.MainActivity" image="ratio"/>

	<!-- Retromatic Icon Pack -->
	<AppIcon name="com.nodeshaper.retromatic/com.nodeshaper.retromatic.MainActivity" image="retromatic_icon_pack"/>

	<!-- Ritual -->
	<AppIcon name="co.ritual.app/co.ritual.app.screens.InitializeActivity" image="ritual"/>

	<!-- Robinhood -->
	<AppIcon name="com.robinhood.android/com.robinhood.android.activity.WelcomeActivity" image="robinhood"/>

	<!-- Safeco Insurance -->
	<AppIcon name="com.safecoinsurance.consumer/com.safecoinsurance.consumer.presentation.activity.MainActivity" image="safeco_insurance"/>

	<!-- Sam's Club -->
	<AppIcon name="com.rfi.sams.android/com.rfi.sams.android.main.SplashActivity" image="sams_club"/>

	<!-- SAP Concur -->
	<AppIcon name="com.concur.breeze/com.concur.mobile.legacy.corp.home.login.Startup" image="sap_concur"/>

	<!-- Secure SignIn -->
	<AppIcon name="com.synology.securesignin/com.synology.securesignin.MainActivity" image="secure_signin"/>

	<!-- Smart Home Manager -->
	<AppIcon name="com.att.shm/com.att.shm.activities.HaloCLoginActivity" image="smart_home_manager"/>

	<!-- Sound+ -->
	<AppIcon name="com.jabra.moments/com.jabra.moments.ui.splash.SplashActivity" image="sound_"/>

	<!-- SpotHero -->
	<AppIcon name="com.spothero.spothero/com.spothero.android.spothero.HomeActivity" image="spothero"/>

	<!-- Stack -->
	<AppIcon name="com.area120.paperwork/com.google.area120.paperwork.android.main.MainActivity" image="stack"/>

	<!-- Starbucks -->
	<AppIcon name="com.starbucks.mobilecard/com.starbucks.mobilecard.main.activity.LandingPageActivity" image="starbucks"/>

	<!-- Sunrun -->
	<AppIcon name="com.sunrun.customerapp/com.sunrun.customerapp.MainActivity" image="sunrun"/>

	<!-- Taco Bell -->
	<AppIcon name="com.tacobell.ordering/com.tacobell.splash.SplashActivity" image="taco_bell"/>

	<!-- TFT -->
	<AppIcon name="com.riotgames.league.teamfighttactics/com.riotgames.leagueoflegends.RiotNativeActivity" image="tft"/>

	<!-- The ZO App -->
	<AppIcon name="com.findyourzo.zomobile/com.findyourzo.zomobile.MainActivity" image="the_zo_app"/>

	<!-- Ticketmaster -->
	<AppIcon name="com.ticketmaster.mobile.android.na/com.ticketmaster.mobile.android.library.activity.MainActivity" image="ticketmaster"/>

	<!-- Twitch -->
	<AppIcon name="tv.twitch.android.app/tv.twitch.android.app.core.LandingActivity" image="twitch"/>

	<!-- UKG Dimensions -->
	<AppIcon name="com.kronos.dimensions.enterprise/com.kronos.dimensions.enterprise.MainActivity" image="ukg_dimensions"/>

	<!-- United Airlines -->
	<AppIcon name="com.united.mobile.android/com.united.mobile.android.ui.splash.SplashActivity" image="united_airlines"/>

	<!-- Uphold -->
	<AppIcon name="com.uphold.wallet/com.uphold.wallet.MainActivity" image="uphold"/>

	<!-- USAA -->
	<AppIcon name="com.usaa.mobile.android.usaa/com.usaa.mobile.android.app.MainEntryActivity" image="usaa"/>

	<!-- USPS Mobile -->
	<AppIcon name="com.usps/com.usps.mobile.SplashScreenActivity" image="usps_mobile"/>

	<!-- V﻿A -->
	<AppIcon name="gov.va.mobileapp/gov.va.mobileapp.MainActivity" image="v﻿a"/>

	<!-- Ventra -->
	<AppIcon name="com.ventrachicago.riderapp/com.cmtventra.MainActivity" image="ventra"/>

	<!-- Viral -->
	<AppIcon name="vintage.icon.pack.ddt/vintage.icon.pack.ddt.MainActivity" image="viral"/>

	<!-- Walgreens -->
	<AppIcon name="com.usablenet.mobile.walgreen/com.usablenet.mobile.walgreen.AppStart" image="walgreens"/>

	<!-- Wavelet -->
	<AppIcon name="com.pittvandewitt.wavelet/com.pittvandewitt.wavelet.MainActivity" image="wavelet"/>

	<!-- Wendy's -->
	<AppIcon name="com.wendys.nutritiontool/com.wendys.mobile.presentation.activity.SplashActivity" image="wendys"/>

	<!-- Whova -->
	<AppIcon name="com.whova.event/com.whova.activity.IntroPageSwipeActivity" image="whova"/>

	<!-- Wingstop -->
	<AppIcon name="com.mobilaurus.wingstopandroid/com.wearehathway.apps.nomnomstock.views.splash.StartActivity" image="wingstop"/>

	<!-- WishList -->
	<AppIcon name="com.wishlist.add2wishlistcom/org.mozilla.samples.browser.SplashScreenActivity" image="wishlist"/>

	<!-- Xeno Configurator -->
	<AppIcon name="com.xeno.configurator/com.damien.damiensaber.ui.activity.SplashActivity" image="xeno_configurator"/>

	<!-- Yahoo Fantasy -->
	<AppIcon name="com.yahoo.mobile.client.android.fantasyfootball/com.yahoo.mobile.client.android.fantasyfootball.ui.FantasyHomeActivity" image="yahoo_fantasy"/>

	<!-- YouR Drop Icon Pack -->
	<AppIcon name="com.gmg.you.r.drop.icon.pack.theme/com.gmg.you.r.drop.icon.pack.theme.activities.SplashActivity" image="your_drop_icon_pack"/>

</Theme>