<resources>

	<!-- #hex_ -->
	<item component="ComponentInfo{project.vivid.hex.bodhi/project.vivid.hex.bodhi.activities.HexLauncherActivity}" drawable="_hex_" />

	<!-- 1DM -->
	<item component="ComponentInfo{idm.internet.download.manager/idm.internet.download.manager.MainActivity}" drawable="_1dm" />

	<!-- AIMP -->
	<item component="ComponentInfo{com.aimp.player/com.aimp.player.ui.activities.main.MainActivity}" drawable="aimp" />

	<!-- Airtel -->
	<item component="ComponentInfo{com.myairtelapp/com.myairtelapp.home.views.activities.SplashScreenActivity}" drawable="airtel" />

	<!-- Amazon -->
	<item component="ComponentInfo{in.amazon.mShop.android.shopping/com.amazon.mShop.home.HomeActivity}" drawable="amazon" />

	<!-- Bajaj Finserv -->
	<item component="ComponentInfo{org.altruist.BajajExperia/com.bfl.superapp.onboarding.SplashActivity}" drawable="bajaj_finserv" />

	<!-- BlackHole -->
	<item component="ComponentInfo{com.shadow.blackhole/com.ryanheise.audioservice.AudioServiceActivity}" drawable="blackhole" />

	<!-- BSNL Selfcare -->
	<item component="ComponentInfo{com.digital.bsnl.selfcare/com.selfcare.mybsnl.activities.SplashActivity}" drawable="bsnl_selfcare" />

	<!-- Canara e-Passbook -->
	<item component="ComponentInfo{com.mobile.canaraepassbook/com.mobile.canaraepassbook.EbookSplashActivity}" drawable="canara_e_passbook" />

	<!-- Cent m-Passbook -->
	<item component="ComponentInfo{com.mobile.cbiepassbook/com.mobile.cbiepassbook.EbookSplashActivity}" drawable="cent_m_passbook" />

	<!-- CRED -->
	<item component="ComponentInfo{com.dreamplug.androidapp/com.dreamplug.androidapp.SplashActivity}" drawable="cred" />

	<!-- Droid-ify -->
	<item component="ComponentInfo{com.looker.droidify/com.looker.droidify.MainActivity}" drawable="droid_ify" />

	<!-- Fi -->
	<item component="ComponentInfo{com.epifi.paisa/com.epifi.paisa.ui.splash.SplashActivity}" drawable="fi" />

	<!-- Freecharge -->
	<item component="ComponentInfo{com.freecharge.android/com.freecharge.activities.main.MainActivity}" drawable="freecharge" />

	<!-- Groww -->
	<item component="ComponentInfo{com.nextbillion.groww/com.nextbillion.groww.genesys.loginsignup.activities.LoginActivity}" drawable="groww" />

	<!-- IndianOil ONE -->
	<item component="ComponentInfo{cx.indianoil.in/cx.indianoil.in.lpg.view.login.WelcomeActivity}" drawable="indianoil_one" />

	<!-- JioPOS Lite -->
	<item component="ComponentInfo{com.jio.poslite/com.jio.poslite.activities.SplashScreenActivity}" drawable="jiopos_lite" />

	<!-- KISS launcher -->
	<item component="ComponentInfo{fr.neamar.kiss/fr.neamar.kiss.MainActivity}" drawable="kiss_launcher" />

	<!-- Kotak Bank -->
	<item component="ComponentInfo{com.msf.kbank.mobile/com.msf.kbank.mobile.launcher_d5e15a74df3d33e17b26d16a879646bfef34a86881463b2b8442d76af1f6f1f4}" drawable="kotak_bank" />

	<!-- MJ PDF -->
	<item component="ComponentInfo{com.gitlab.mudlej.MjPdfReader/com.gitlab.mudlej.MjPdfReader.LauncherAlias}" drawable="mj_pdf" />

	<!-- MobiKwik -->
	<item component="ComponentInfo{com.mobikwik_new/com.mobikwik_new.MobikwikMain}" drawable="mobikwik" />

	<!-- Niagara Launcher -->
	<item component="ComponentInfo{bitpit.launcher/bitpit.launcher.ui.HomeActivity}" drawable="niagara_launcher" />

	<!-- NTES -->
	<item component="ComponentInfo{cris.icms.ntes/cris.icms.ntes.LaunchApp}" drawable="ntes" />

	<!-- Open In WhatsApp -->
	<item component="ComponentInfo{io.github.subhamtyagi.openinwhatsapp/io.github.subhamtyagi.openinwhatsapp.MainActivity}" drawable="open_in_whatsapp" />

	<!-- Paytm -->
	<item component="ComponentInfo{net.one97.paytm/net.one97.paytm.landingpage.activity.AJRMainActivity}" drawable="paytm" />

	<!-- Paytm for Business -->
	<item component="ComponentInfo{com.paytm.business/com.paytm.business.splash.SplashActivity}" drawable="paytm_for_business" />

	<!-- PayZapp -->
	<item component="ComponentInfo{com.hdfcbank.payzapp/com.apollorncontainer.activities.SplashActivity}" drawable="payzapp" />

	<!-- PDF Converter -->
	<item component="ComponentInfo{swati4star.createpdf/swati4star.createpdf.activity.SplashActivity}" drawable="pdf_converter" />

	<!-- Pix-Pie Icon Pack -->
	<item component="ComponentInfo{com.pashapuma.pixp.iconpack/com.pashapuma.pixp.iconpack.activities.SplashActivity}" drawable="pix_pie_icon_pack" />

	<!-- Pulsar -->
	<item component="ComponentInfo{com.rhmsoft.pulsar/com.rhmsoft.play.MainActivity}" drawable="pulsar" />

	<!-- Quillpad -->
	<item component="ComponentInfo{io.github.quillpad/org.qosp.notes.ui.MainActivity}" drawable="quillpad" />

	<!-- Simple Keyboard -->
	<item component="ComponentInfo{rkr.simplekeyboard.inputmethod/rkr.simplekeyboard.inputmethod.latin.settings.SettingsActivity}" drawable="simple_keyboard" />

	<!-- Transparent Widget -->
	<item component="ComponentInfo{com.easwareapps.transparentwidget/com.easwareapps.transparentwidget.MainActivity}" drawable="transparent_widget" />

	<!-- Vi App -->
	<item component="ComponentInfo{com.mventus.selfcare.activity/com.mventus.selfcare.activity.MainActivityic_launcher}" drawable="vi_app" />

	<!-- Xodo -->
	<item component="ComponentInfo{com.xodo.pdf.reader/viewer.CompleteReaderMainActivity}" drawable="xodo" />

</resources>