<appmap>

	<!-- #hex_ -->
	<item class="project.vivid.hex.bodhi.activities.HexLauncherActivity" name="_hex_"/>

	<!-- 1DM -->
	<item class="idm.internet.download.manager.MainActivity" name="_1dm"/>

	<!-- AIMP -->
	<item class="com.aimp.player.ui.activities.main.MainActivity" name="aimp"/>

	<!-- Airtel -->
	<item class="com.myairtelapp.home.views.activities.SplashScreenActivity" name="airtel"/>

	<!-- Amazon -->
	<item class="com.amazon.mShop.home.HomeActivity" name="amazon"/>

	<!-- Bajaj Finserv -->
	<item class="com.bfl.superapp.onboarding.SplashActivity" name="bajaj_finserv"/>

	<!-- BlackHole -->
	<item class="com.ryanheise.audioservice.AudioServiceActivity" name="blackhole"/>

	<!-- BSNL Selfcare -->
	<item class="com.selfcare.mybsnl.activities.SplashActivity" name="bsnl_selfcare"/>

	<!-- Canara e-Passbook -->
	<item class="com.mobile.canaraepassbook.EbookSplashActivity" name="canara_e_passbook"/>

	<!-- Cent m-Passbook -->
	<item class="com.mobile.cbiepassbook.EbookSplashActivity" name="cent_m_passbook"/>

	<!-- CRED -->
	<item class="com.dreamplug.androidapp.SplashActivity" name="cred"/>

	<!-- Droid-ify -->
	<item class="com.looker.droidify.MainActivity" name="droid_ify"/>

	<!-- Fi -->
	<item class="com.epifi.paisa.ui.splash.SplashActivity" name="fi"/>

	<!-- Freecharge -->
	<item class="com.freecharge.activities.main.MainActivity" name="freecharge"/>

	<!-- Groww -->
	<item class="com.nextbillion.groww.genesys.loginsignup.activities.LoginActivity" name="groww"/>

	<!-- IndianOil ONE -->
	<item class="cx.indianoil.in.lpg.view.login.WelcomeActivity" name="indianoil_one"/>

	<!-- JioPOS Lite -->
	<item class="com.jio.poslite.activities.SplashScreenActivity" name="jiopos_lite"/>

	<!-- KISS launcher -->
	<item class="fr.neamar.kiss.MainActivity" name="kiss_launcher"/>

	<!-- Kotak Bank -->
	<item class="com.msf.kbank.mobile.launcher_d5e15a74df3d33e17b26d16a879646bfef34a86881463b2b8442d76af1f6f1f4" name="kotak_bank"/>

	<!-- MJ PDF -->
	<item class="com.gitlab.mudlej.MjPdfReader.LauncherAlias" name="mj_pdf"/>

	<!-- MobiKwik -->
	<item class="com.mobikwik_new.MobikwikMain" name="mobikwik"/>

	<!-- Niagara Launcher -->
	<item class="bitpit.launcher.ui.HomeActivity" name="niagara_launcher"/>

	<!-- NTES -->
	<item class="cris.icms.ntes.LaunchApp" name="ntes"/>

	<!-- Open In WhatsApp -->
	<item class="io.github.subhamtyagi.openinwhatsapp.MainActivity" name="open_in_whatsapp"/>

	<!-- Paytm -->
	<item class="net.one97.paytm.landingpage.activity.AJRMainActivity" name="paytm"/>

	<!-- Paytm for Business -->
	<item class="com.paytm.business.splash.SplashActivity" name="paytm_for_business"/>

	<!-- PayZapp -->
	<item class="com.apollorncontainer.activities.SplashActivity" name="payzapp"/>

	<!-- PDF Converter -->
	<item class="swati4star.createpdf.activity.SplashActivity" name="pdf_converter"/>

	<!-- Pix-Pie Icon Pack -->
	<item class="com.pashapuma.pixp.iconpack.activities.SplashActivity" name="pix_pie_icon_pack"/>

	<!-- Pulsar -->
	<item class="com.rhmsoft.play.MainActivity" name="pulsar"/>

	<!-- Quillpad -->
	<item class="org.qosp.notes.ui.MainActivity" name="quillpad"/>

	<!-- Simple Keyboard -->
	<item class="rkr.simplekeyboard.inputmethod.latin.settings.SettingsActivity" name="simple_keyboard"/>

	<!-- Transparent Widget -->
	<item class="com.easwareapps.transparentwidget.MainActivity" name="transparent_widget"/>

	<!-- Vi App -->
	<item class="com.mventus.selfcare.activity.MainActivityic_launcher" name="vi_app"/>

	<!-- Xodo -->
	<item class="viewer.CompleteReaderMainActivity" name="xodo"/>

</appmap>