<Theme version="1">

	<!-- #hex_ -->
	<AppIcon name="project.vivid.hex.bodhi/project.vivid.hex.bodhi.activities.HexLauncherActivity" image="_hex_"/>

	<!-- 1DM -->
	<AppIcon name="idm.internet.download.manager/idm.internet.download.manager.MainActivity" image="_1dm"/>

	<!-- AIMP -->
	<AppIcon name="com.aimp.player/com.aimp.player.ui.activities.main.MainActivity" image="aimp"/>

	<!-- Airtel -->
	<AppIcon name="com.myairtelapp/com.myairtelapp.home.views.activities.SplashScreenActivity" image="airtel"/>

	<!-- Amazon -->
	<AppIcon name="in.amazon.mShop.android.shopping/com.amazon.mShop.home.HomeActivity" image="amazon"/>

	<!-- Bajaj Finserv -->
	<AppIcon name="org.altruist.BajajExperia/com.bfl.superapp.onboarding.SplashActivity" image="bajaj_finserv"/>

	<!-- BlackHole -->
	<AppIcon name="com.shadow.blackhole/com.ryanheise.audioservice.AudioServiceActivity" image="blackhole"/>

	<!-- BSNL Selfcare -->
	<AppIcon name="com.digital.bsnl.selfcare/com.selfcare.mybsnl.activities.SplashActivity" image="bsnl_selfcare"/>

	<!-- Canara e-Passbook -->
	<AppIcon name="com.mobile.canaraepassbook/com.mobile.canaraepassbook.EbookSplashActivity" image="canara_e_passbook"/>

	<!-- Cent m-Passbook -->
	<AppIcon name="com.mobile.cbiepassbook/com.mobile.cbiepassbook.EbookSplashActivity" image="cent_m_passbook"/>

	<!-- CRED -->
	<AppIcon name="com.dreamplug.androidapp/com.dreamplug.androidapp.SplashActivity" image="cred"/>

	<!-- Droid-ify -->
	<AppIcon name="com.looker.droidify/com.looker.droidify.MainActivity" image="droid_ify"/>

	<!-- Fi -->
	<AppIcon name="com.epifi.paisa/com.epifi.paisa.ui.splash.SplashActivity" image="fi"/>

	<!-- Freecharge -->
	<AppIcon name="com.freecharge.android/com.freecharge.activities.main.MainActivity" image="freecharge"/>

	<!-- Groww -->
	<AppIcon name="com.nextbillion.groww/com.nextbillion.groww.genesys.loginsignup.activities.LoginActivity" image="groww"/>

	<!-- IndianOil ONE -->
	<AppIcon name="cx.indianoil.in/cx.indianoil.in.lpg.view.login.WelcomeActivity" image="indianoil_one"/>

	<!-- JioPOS Lite -->
	<AppIcon name="com.jio.poslite/com.jio.poslite.activities.SplashScreenActivity" image="jiopos_lite"/>

	<!-- KISS launcher -->
	<AppIcon name="fr.neamar.kiss/fr.neamar.kiss.MainActivity" image="kiss_launcher"/>

	<!-- Kotak Bank -->
	<AppIcon name="com.msf.kbank.mobile/com.msf.kbank.mobile.launcher_d5e15a74df3d33e17b26d16a879646bfef34a86881463b2b8442d76af1f6f1f4" image="kotak_bank"/>

	<!-- MJ PDF -->
	<AppIcon name="com.gitlab.mudlej.MjPdfReader/com.gitlab.mudlej.MjPdfReader.LauncherAlias" image="mj_pdf"/>

	<!-- MobiKwik -->
	<AppIcon name="com.mobikwik_new/com.mobikwik_new.MobikwikMain" image="mobikwik"/>

	<!-- Niagara Launcher -->
	<AppIcon name="bitpit.launcher/bitpit.launcher.ui.HomeActivity" image="niagara_launcher"/>

	<!-- NTES -->
	<AppIcon name="cris.icms.ntes/cris.icms.ntes.LaunchApp" image="ntes"/>

	<!-- Open In WhatsApp -->
	<AppIcon name="io.github.subhamtyagi.openinwhatsapp/io.github.subhamtyagi.openinwhatsapp.MainActivity" image="open_in_whatsapp"/>

	<!-- Paytm -->
	<AppIcon name="net.one97.paytm/net.one97.paytm.landingpage.activity.AJRMainActivity" image="paytm"/>

	<!-- Paytm for Business -->
	<AppIcon name="com.paytm.business/com.paytm.business.splash.SplashActivity" image="paytm_for_business"/>

	<!-- PayZapp -->
	<AppIcon name="com.hdfcbank.payzapp/com.apollorncontainer.activities.SplashActivity" image="payzapp"/>

	<!-- PDF Converter -->
	<AppIcon name="swati4star.createpdf/swati4star.createpdf.activity.SplashActivity" image="pdf_converter"/>

	<!-- Pix-Pie Icon Pack -->
	<AppIcon name="com.pashapuma.pixp.iconpack/com.pashapuma.pixp.iconpack.activities.SplashActivity" image="pix_pie_icon_pack"/>

	<!-- Pulsar -->
	<AppIcon name="com.rhmsoft.pulsar/com.rhmsoft.play.MainActivity" image="pulsar"/>

	<!-- Quillpad -->
	<AppIcon name="io.github.quillpad/org.qosp.notes.ui.MainActivity" image="quillpad"/>

	<!-- Simple Keyboard -->
	<AppIcon name="rkr.simplekeyboard.inputmethod/rkr.simplekeyboard.inputmethod.latin.settings.SettingsActivity" image="simple_keyboard"/>

	<!-- Transparent Widget -->
	<AppIcon name="com.easwareapps.transparentwidget/com.easwareapps.transparentwidget.MainActivity" image="transparent_widget"/>

	<!-- Vi App -->
	<AppIcon name="com.mventus.selfcare.activity/com.mventus.selfcare.activity.MainActivityic_launcher" image="vi_app"/>

	<!-- Xodo -->
	<AppIcon name="com.xodo.pdf.reader/viewer.CompleteReaderMainActivity" image="xodo"/>

</Theme>