<resources>

	<!-- Angkas -->
	<item component="ComponentInfo{com.angkas.passenger/com.whitewidget.angkas.customer.floodgatesplash.FloodgateSplashActivity}" drawable="angkas" />

	<!-- Anti Spy -->
	<item component="ComponentInfo{com.protectstar.antispy.android/com.protectstar.antispy.activity.ActivityFirstlaunch}" drawable="anti_spy" />

	<!-- atome -->
	<item component="ComponentInfo{ph.atome.paylater/com.atome.paylater.moudle.launcher.LaunchActivity}" drawable="atome" />

	<!-- BPI -->
	<item component="ComponentInfo{com.bpi.ng.app/q08f636d3.jfc620542.ng.bdf890f7f.h59960637.adf032f61.k0776baf4}" drawable="bpi" />

	<!-- GCash -->
	<item component="ComponentInfo{com.globe.gcash.android/com.globe.gcash.android.Default}" drawable="gcash" />

	<!-- GoTyme Bank -->
	<item component="ComponentInfo{ph.com.gotyme/com.tyme.digital.Default}" drawable="gotyme_bank" />

	<!-- JoyRide Superapp -->
	<item component="ComponentInfo{com.joyride.rider/com.joyride.rider.MainActivity}" drawable="joyride_superapp" />

	<!-- Move It -->
	<item component="ComponentInfo{com.moveit.app.customer/com.grab.pax.newface.presentation.newface.NewFace}" drawable="move_it" />

	<!-- Shopee -->
	<item component="ComponentInfo{com.shopee.ph/com.shopee.app.ui.home.HomeActivity_}" drawable="shopee" />

</resources>