<Theme version="1">

	<!-- Angkas -->
	<AppIcon name="com.angkas.passenger/com.whitewidget.angkas.customer.floodgatesplash.FloodgateSplashActivity" image="angkas"/>

	<!-- Anti Spy -->
	<AppIcon name="com.protectstar.antispy.android/com.protectstar.antispy.activity.ActivityFirstlaunch" image="anti_spy"/>

	<!-- atome -->
	<AppIcon name="ph.atome.paylater/com.atome.paylater.moudle.launcher.LaunchActivity" image="atome"/>

	<!-- BPI -->
	<AppIcon name="com.bpi.ng.app/q08f636d3.jfc620542.ng.bdf890f7f.h59960637.adf032f61.k0776baf4" image="bpi"/>

	<!-- GCash -->
	<AppIcon name="com.globe.gcash.android/com.globe.gcash.android.Default" image="gcash"/>

	<!-- GoTyme Bank -->
	<AppIcon name="ph.com.gotyme/com.tyme.digital.Default" image="gotyme_bank"/>

	<!-- JoyRide Superapp -->
	<AppIcon name="com.joyride.rider/com.joyride.rider.MainActivity" image="joyride_superapp"/>

	<!-- Move It -->
	<AppIcon name="com.moveit.app.customer/com.grab.pax.newface.presentation.newface.NewFace" image="move_it"/>

	<!-- Shopee -->
	<AppIcon name="com.shopee.ph/com.shopee.app.ui.home.HomeActivity_" image="shopee"/>

</Theme>