<resources>

	<!-- AR Emoji Studio -->
	<item component="ComponentInfo{com.samsung.android.aremoji/com.samsung.android.aremoji.home.ShortcutActivity}" drawable="ar_emoji_studio" />

	<!-- AT&T Photo Storage -->
	<item component="ComponentInfo{com.asurion.android.mediabackup.vault.att/com.asurion.android.mediabackup.vault.activity.SplashActivity}" drawable="at_and_t_photo_storage" />

	<!-- Bible Hub -->
	<item component="ComponentInfo{com.biblehub.app/com.biblehub.app.ui.main.MainActivity}" drawable="bible_hub" />

	<!-- BLB -->
	<item component="ComponentInfo{org.blueletterbible.blb/org.blueletterbible.blb.MainAppLauncher}" drawable="blb" />

	<!-- Credit Karma -->
	<item component="ComponentInfo{com.creditkarma.mobile/com.creditkarma.mobile.welcome.ui.WelcomeActivity}" drawable="credit_karma" />

	<!-- EarFun Audio -->
	<item component="ComponentInfo{com.corelink.earfun/com.corelink.earfun.page.activity.LoadingActivity}" drawable="earfun_audio" />

	<!-- Edge Apps -->
	<item component="ComponentInfo{com.edgepro.edgeappspanel/com.edgepro.edgeappspanel.activity.MainActivity}" drawable="edge_apps" />

	<!-- ESPN -->
	<item component="ComponentInfo{com.espn.score_center/com.espn.sportscenter.ui.EspnLaunchActivity}" drawable="espn" />

	<!-- FAI -->
	<item component="ComponentInfo{com.subsplashconsulting.s_RS3KMP/com.subsplash.thechurchapp.SplashActivity}" drawable="fai" />

	<!-- Fildo -->
	<item component="ComponentInfo{searcher.lyrics.com/crc6408ad57c5246dbb85.SplashScreen}" drawable="fildo" />

	<!-- Folder Widget -->
	<item component="ComponentInfo{pub.hanks.appfolderwidget/com.android.app.ap.h.MainActivity}" drawable="folder_widget" />

	<!-- ICCU -->
	<item component="ComponentInfo{com.iccu.iccu/com.iccu.iccu.MainActivity}" drawable="iccu" />

	<!-- Interstellar File Manager -->
	<item component="ComponentInfo{com.lans.interstellar_file_manager/com.galaxy.filemanager.MainActivity}" drawable="interstellar_file_manager" />

	<!-- IRS2Go -->
	<item component="ComponentInfo{gov.irs/gov.irs.irs2go.activity.IRS2GoActivity}" drawable="irs2go" />

	<!-- LG TONE Free -->
	<item component="ComponentInfo{com.lge.tonentalkplus.tonentalkfree/com.lge.tonentalkfree.activity.IntroActivity}" drawable="lg_tone_free" />

	<!-- MacArthur Commentary -->
	<item component="ComponentInfo{com.sky.macarthurbiblecommentary/com.sky.macarthurbiblecommentary.MainActivity}" drawable="macarthur_commentary" />

	<!-- Maverik Rewards -->
	<item component="ComponentInfo{com.maverik.rewards/com.maverik.rewards.MainActivity}" drawable="maverik_rewards" />

	<!-- metroZone -->
	<item component="ComponentInfo{com.metropcs.metrozone/com.ironsource.aura.news.presentation.splash_activity.SplashActivity}" drawable="metrozone" />

	<!-- mLauncher -->
	<item component="ComponentInfo{app.mlauncher/com.github.hecodes2much.mlauncher.MainActivity}" drawable="mlauncher" />

	<!-- MONEY -->
	<item component="ComponentInfo{com.tmobile.money/crc64944e23a50535ca4e.MainActivity}" drawable="money" />

	<!-- MueTube -->
	<item component="ComponentInfo{in.a5ach.muetubepre/in.a5ach.muetubepre.activities.mainActivity.MainActivity}" drawable="muetube" />

	<!-- NFL -->
	<item component="ComponentInfo{net.mobscores.nfl/net.mobscores.nfl.ui.MainActivity}" drawable="nfl" />

	<!-- NotiStar -->
	<item component="ComponentInfo{com.samsung.systemui.notilus/com.samsung.systemui.notilus.NotiCenterPage}" drawable="notistar" />

	<!-- Now Playing -->
	<item component="ComponentInfo{irheral.edge.nowplaying/edge.irheral.nowplaying.MainActivity}" drawable="now_playing" />

	<!-- Paramount+ -->
	<item component="ComponentInfo{com.cbs.app/com.paramount.android.pplus.splash.mobile.integration.SplashActivity}" drawable="paramount_" />

	<!-- Peacock -->
	<item component="ComponentInfo{com.peacocktv.peacockandroid/com.nowtv.view.activity.manhattan.MainActivity}" drawable="peacock" />

	<!-- Pi Music Player -->
	<item component="ComponentInfo{com.Project100Pi.themusicplayer/com.project100Pi.themusicplayer.ui.activity.SplashActivity}" drawable="pi_music_player" />

	<!-- Pixel+ -->
	<item component="ComponentInfo{it.ncaferra.pixelplayerpaid/it.pixel.ui.activity.PixelMainActivity}" drawable="pixel_" />

	<!-- POF -->
	<item component="ComponentInfo{com.pof.android/com.pof.android.core.intentrouting.IntentRoutingActivity}" drawable="pof" />

	<!-- Poweramp Equalizer -->
	<item component="ComponentInfo{com.maxmpz.equalizer/com.maxmpz.audioplayer.zap_plain_adaptive}" drawable="poweramp_equalizer" />

	<!-- Recent Calls Edge -->
	<item component="ComponentInfo{edge.irheral.recentcallsedge/edge.irheral.recentcallsedge.MainActivity}" drawable="recent_calls_edge" />

	<!-- Rewards+ -->
	<item component="ComponentInfo{com.metro.minus1/com.applovin.array.rewardsplus.main_app.main.HomeActivity}" drawable="rewards_" />

	<!-- Rumble -->
	<item component="ComponentInfo{com.rumble.battles/com.rumble.battles.landing.LandingActivity}" drawable="rumble" />

	<!-- Samsung -->
	<item component="ComponentInfo{com.samsung.goodvibes/com.unity3d.player.UnityPlayerActivity}" drawable="samsung" />

	<!-- SimpMusic -->
	<item component="ComponentInfo{com.anakajayip.simpmusic/com.anakajayip.simpmusic.ui.activities.MainActivity}" drawable="simpmusic" />

	<!-- SmartNews -->
	<item component="ComponentInfo{jp.gocro.smartnews.android/jp.gocro.smartnews.android.activity.SmartNewsActivity}" drawable="smartnews" />

	<!-- Study Bible -->
	<item component="ComponentInfo{com.gty.macarthurstudybible/com.gty.macarthurstudybible.SplashActivity}" drawable="study_bible" />

	<!-- T-Mobile Dining Rewards -->
	<item component="ComponentInfo{org.chromium.webapk.a00a0006938f84130_v2/org.chromium.webapk.shell_apk.h2o.H2OOpaqueMainActivity}" drawable="t_mobile_dining_rewards" />

	<!-- TurboTax -->
	<item component="ComponentInfo{com.intuit.turbotax.mobile/com.intuit.turbotaxuniversal.startup.StartUpActivity}" drawable="turbotax" />

	<!-- TV -->
	<item component="ComponentInfo{com.samsung.android.tvplus/com.samsung.android.tvplus.MainActivity}" drawable="tv" />

	<!-- Umo -->
	<item component="ComponentInfo{com.cubic.ctp.app/com.moovit.app.home.HomeActivity}" drawable="umo" />

	<!-- Umpqua -->
	<item component="ComponentInfo{com.umpquabank.mobilebanking/com.q2.app.core.ui.LauncherActivity}" drawable="umpqua" />

	<!-- Video Wallpaper -->
	<item component="ComponentInfo{xyz.anim.video.livewallpaper/xyz.anim.video.livewallpaper.ui.MainActivity}" drawable="video_wallpaper" />

	<!-- Visual Voicemail -->
	<item component="ComponentInfo{com.metropcs.service.vvm/com.tmobile.vvm.application.activity.setup.WelcomeActivity}" drawable="visual_voicemail" />

	<!-- VRT Booking -->
	<item component="ComponentInfo{vrt.ondemand/via.rider.features.splash.SplashActivityKt}" drawable="vrt_booking" />

	<!-- WINEPRESS -->
	<item component="ComponentInfo{com.subsplashconsulting.s_6TQS54/com.subsplash.thechurchapp.SplashActivity}" drawable="winepress" />

	<!-- Wonderland -->
	<item component="ComponentInfo{com.samsung.android.wonderland.wallpaper/com.samsung.android.wonderland.wallpaper.settings.StartupActivity}" drawable="wonderland" />

	<!-- xHamster -->
	<item component="ComponentInfo{org.chromium.webapk.ad4db378986920df5_v2/org.chromium.webapk.shell_apk.h2o.H2OOpaqueMainActivity}" drawable="xhamster" />

	<!-- YT TV -->
	<item component="ComponentInfo{com.google.android.apps.youtube.unplugged/com.google.android.apps.youtube.unplugged.startup.activity.SplashActivity}" drawable="yt_tv" />

</resources>