<Theme version="1">

	<!-- AR Emoji Studio -->
	<AppIcon name="com.samsung.android.aremoji/com.samsung.android.aremoji.home.ShortcutActivity" image="ar_emoji_studio"/>

	<!-- AT&T Photo Storage -->
	<AppIcon name="com.asurion.android.mediabackup.vault.att/com.asurion.android.mediabackup.vault.activity.SplashActivity" image="at_and_t_photo_storage"/>

	<!-- Bible Hub -->
	<AppIcon name="com.biblehub.app/com.biblehub.app.ui.main.MainActivity" image="bible_hub"/>

	<!-- BLB -->
	<AppIcon name="org.blueletterbible.blb/org.blueletterbible.blb.MainAppLauncher" image="blb"/>

	<!-- Credit Karma -->
	<AppIcon name="com.creditkarma.mobile/com.creditkarma.mobile.welcome.ui.WelcomeActivity" image="credit_karma"/>

	<!-- EarFun Audio -->
	<AppIcon name="com.corelink.earfun/com.corelink.earfun.page.activity.LoadingActivity" image="earfun_audio"/>

	<!-- Edge Apps -->
	<AppIcon name="com.edgepro.edgeappspanel/com.edgepro.edgeappspanel.activity.MainActivity" image="edge_apps"/>

	<!-- ESPN -->
	<AppIcon name="com.espn.score_center/com.espn.sportscenter.ui.EspnLaunchActivity" image="espn"/>

	<!-- FAI -->
	<AppIcon name="com.subsplashconsulting.s_RS3KMP/com.subsplash.thechurchapp.SplashActivity" image="fai"/>

	<!-- Fildo -->
	<AppIcon name="searcher.lyrics.com/crc6408ad57c5246dbb85.SplashScreen" image="fildo"/>

	<!-- Folder Widget -->
	<AppIcon name="pub.hanks.appfolderwidget/com.android.app.ap.h.MainActivity" image="folder_widget"/>

	<!-- ICCU -->
	<AppIcon name="com.iccu.iccu/com.iccu.iccu.MainActivity" image="iccu"/>

	<!-- Interstellar File Manager -->
	<AppIcon name="com.lans.interstellar_file_manager/com.galaxy.filemanager.MainActivity" image="interstellar_file_manager"/>

	<!-- IRS2Go -->
	<AppIcon name="gov.irs/gov.irs.irs2go.activity.IRS2GoActivity" image="irs2go"/>

	<!-- LG TONE Free -->
	<AppIcon name="com.lge.tonentalkplus.tonentalkfree/com.lge.tonentalkfree.activity.IntroActivity" image="lg_tone_free"/>

	<!-- MacArthur Commentary -->
	<AppIcon name="com.sky.macarthurbiblecommentary/com.sky.macarthurbiblecommentary.MainActivity" image="macarthur_commentary"/>

	<!-- Maverik Rewards -->
	<AppIcon name="com.maverik.rewards/com.maverik.rewards.MainActivity" image="maverik_rewards"/>

	<!-- metroZone -->
	<AppIcon name="com.metropcs.metrozone/com.ironsource.aura.news.presentation.splash_activity.SplashActivity" image="metrozone"/>

	<!-- mLauncher -->
	<AppIcon name="app.mlauncher/com.github.hecodes2much.mlauncher.MainActivity" image="mlauncher"/>

	<!-- MONEY -->
	<AppIcon name="com.tmobile.money/crc64944e23a50535ca4e.MainActivity" image="money"/>

	<!-- MueTube -->
	<AppIcon name="in.a5ach.muetubepre/in.a5ach.muetubepre.activities.mainActivity.MainActivity" image="muetube"/>

	<!-- NFL -->
	<AppIcon name="net.mobscores.nfl/net.mobscores.nfl.ui.MainActivity" image="nfl"/>

	<!-- NotiStar -->
	<AppIcon name="com.samsung.systemui.notilus/com.samsung.systemui.notilus.NotiCenterPage" image="notistar"/>

	<!-- Now Playing -->
	<AppIcon name="irheral.edge.nowplaying/edge.irheral.nowplaying.MainActivity" image="now_playing"/>

	<!-- Paramount+ -->
	<AppIcon name="com.cbs.app/com.paramount.android.pplus.splash.mobile.integration.SplashActivity" image="paramount_"/>

	<!-- Peacock -->
	<AppIcon name="com.peacocktv.peacockandroid/com.nowtv.view.activity.manhattan.MainActivity" image="peacock"/>

	<!-- Pi Music Player -->
	<AppIcon name="com.Project100Pi.themusicplayer/com.project100Pi.themusicplayer.ui.activity.SplashActivity" image="pi_music_player"/>

	<!-- Pixel+ -->
	<AppIcon name="it.ncaferra.pixelplayerpaid/it.pixel.ui.activity.PixelMainActivity" image="pixel_"/>

	<!-- POF -->
	<AppIcon name="com.pof.android/com.pof.android.core.intentrouting.IntentRoutingActivity" image="pof"/>

	<!-- Poweramp Equalizer -->
	<AppIcon name="com.maxmpz.equalizer/com.maxmpz.audioplayer.zap_plain_adaptive" image="poweramp_equalizer"/>

	<!-- Recent Calls Edge -->
	<AppIcon name="edge.irheral.recentcallsedge/edge.irheral.recentcallsedge.MainActivity" image="recent_calls_edge"/>

	<!-- Rewards+ -->
	<AppIcon name="com.metro.minus1/com.applovin.array.rewardsplus.main_app.main.HomeActivity" image="rewards_"/>

	<!-- Rumble -->
	<AppIcon name="com.rumble.battles/com.rumble.battles.landing.LandingActivity" image="rumble"/>

	<!-- Samsung -->
	<AppIcon name="com.samsung.goodvibes/com.unity3d.player.UnityPlayerActivity" image="samsung"/>

	<!-- SimpMusic -->
	<AppIcon name="com.anakajayip.simpmusic/com.anakajayip.simpmusic.ui.activities.MainActivity" image="simpmusic"/>

	<!-- SmartNews -->
	<AppIcon name="jp.gocro.smartnews.android/jp.gocro.smartnews.android.activity.SmartNewsActivity" image="smartnews"/>

	<!-- Study Bible -->
	<AppIcon name="com.gty.macarthurstudybible/com.gty.macarthurstudybible.SplashActivity" image="study_bible"/>

	<!-- T-Mobile Dining Rewards -->
	<AppIcon name="org.chromium.webapk.a00a0006938f84130_v2/org.chromium.webapk.shell_apk.h2o.H2OOpaqueMainActivity" image="t_mobile_dining_rewards"/>

	<!-- TurboTax -->
	<AppIcon name="com.intuit.turbotax.mobile/com.intuit.turbotaxuniversal.startup.StartUpActivity" image="turbotax"/>

	<!-- TV -->
	<AppIcon name="com.samsung.android.tvplus/com.samsung.android.tvplus.MainActivity" image="tv"/>

	<!-- Umo -->
	<AppIcon name="com.cubic.ctp.app/com.moovit.app.home.HomeActivity" image="umo"/>

	<!-- Umpqua -->
	<AppIcon name="com.umpquabank.mobilebanking/com.q2.app.core.ui.LauncherActivity" image="umpqua"/>

	<!-- Video Wallpaper -->
	<AppIcon name="xyz.anim.video.livewallpaper/xyz.anim.video.livewallpaper.ui.MainActivity" image="video_wallpaper"/>

	<!-- Visual Voicemail -->
	<AppIcon name="com.metropcs.service.vvm/com.tmobile.vvm.application.activity.setup.WelcomeActivity" image="visual_voicemail"/>

	<!-- VRT Booking -->
	<AppIcon name="vrt.ondemand/via.rider.features.splash.SplashActivityKt" image="vrt_booking"/>

	<!-- WINEPRESS -->
	<AppIcon name="com.subsplashconsulting.s_6TQS54/com.subsplash.thechurchapp.SplashActivity" image="winepress"/>

	<!-- Wonderland -->
	<AppIcon name="com.samsung.android.wonderland.wallpaper/com.samsung.android.wonderland.wallpaper.settings.StartupActivity" image="wonderland"/>

	<!-- xHamster -->
	<AppIcon name="org.chromium.webapk.ad4db378986920df5_v2/org.chromium.webapk.shell_apk.h2o.H2OOpaqueMainActivity" image="xhamster"/>

	<!-- YT TV -->
	<AppIcon name="com.google.android.apps.youtube.unplugged/com.google.android.apps.youtube.unplugged.startup.activity.SplashActivity" image="yt_tv"/>

</Theme>