<resources>

	<!-- AdGuard -->
	<item component="ComponentInfo{com.adguard.android/com.adguard.android.ui.SplashActivity}" drawable="adguard" />

	<!-- Administrador de archivos -->
	<item component="ComponentInfo{com.simplemobiletools.filemanager.pro/com.simplemobiletools.filemanager.pro.activities.SplashActivity.Orange}" drawable="administrador_de_archivos" />

	<!-- Asistente -->
	<item component="ComponentInfo{com.google.android.apps.googleassistant/com.google.android.apps.googleassistant.AssistantActivity}" drawable="asistente" />

	<!-- Ayuda del dispositivo -->
	<item component="ComponentInfo{com.motorola.genie/com.motorola.genie.main.start.LaunchActivity}" drawable="ayuda_del_dispositivo" />

	<!-- Calculadora -->
	<item component="ComponentInfo{com.google.android.calculator/com.android.calculator2.Calculator}" drawable="calculadora" />

	<!-- Calendar -->
	<item component="ComponentInfo{com.google.android.calendar/com.android.calendar.AllInOneActivity}" drawable="calendar" />

	<!-- Cámara -->
	<item component="ComponentInfo{com.motorola.camera3/com.motorola.camera.Camera}" drawable="camara" />

	<!-- Contactos -->
	<item component="ComponentInfo{com.google.android.contacts/com.android.contacts.activities.PeopleActivity}" drawable="contactos" />

	<!-- D-Link Wi-Fi -->
	<item component="ComponentInfo{com.dlink.dlinkwifi/com.mydlink.unify.activity.Launch2Activity}" drawable="d_link_wi_fi" />

	<!-- Documentos -->
	<item component="ComponentInfo{com.google.android.apps.docs.editors.docs/com.google.android.apps.docs.app.NewMainProxyActivity}" drawable="documentos" />

	<!-- FAST -->
	<item component="ComponentInfo{com.netflix.Speedtest/com.netflix.Speedtest.MainActivity}" drawable="fast" />

	<!-- Files -->
	<item component="ComponentInfo{com.google.android.apps.nbu.files/com.google.android.apps.nbu.files.home.HomeActivity}" drawable="files" />

	<!-- Fing -->
	<item component="ComponentInfo{com.overlook.android.fing/com.overlook.android.fing.ui.main.SplashActivity}" drawable="fing" />

	<!-- Fondos de pantalla -->
	<item component="ComponentInfo{com.google.android.apps.wallpaper/com.google.android.apps.wallpaper.picker.CategoryPickerActivity}" drawable="fondos_de_pantalla" />

	<!-- Fondos interactivos -->
	<item component="ComponentInfo{com.motorola.livewallpaper3/com.motorola.livewallpaper3.ui.menu.WallpaperMenuTrampolineActivity}" drawable="fondos_interactivos" />

	<!-- Galería -->
	<item component="ComponentInfo{com.simplemobiletools.gallery.pro/com.simplemobiletools.gallery.pro.activities.SplashActivity.Orange}" drawable="galeria" />

	<!-- Gestor de Redes -->
	<item component="ComponentInfo{com.eakteam.networkmanager.pro/com.eakteam.networkmanager.pro.activities.paneli_kryesor}" drawable="gestor_de_redes" />

	<!-- Google One -->
	<item component="ComponentInfo{com.google.android.apps.subscriptions.red/com.google.android.apps.subscriptions.red.LauncherActivity}" drawable="google_one" />

	<!-- Google TV -->
	<item component="ComponentInfo{com.google.android.videos/com.google.android.videos.GoogleTvEntryPoint}" drawable="google_tv" />

	<!-- iwscan -->
	<item component="ComponentInfo{com.evbadroid.iwscan/com.evbadroid.iwscan.ScanActivity}" drawable="iwscan" />

	<!-- Juegos -->
	<item component="ComponentInfo{com.motorola.gamemode/com.motorola.gamemode.ui.launcher.main.GameCenterActivity}" drawable="juegos" />

	<!-- Kiwi Browser -->
	<item component="ComponentInfo{com.kiwibrowser.browser/com.google.android.apps.chrome.Main}" drawable="kiwi_browser" />

	<!-- Mi O2 -->
	<item component="ComponentInfo{es.o2.mio2/com.movistar.android.mimovistar.es.presentation.MainActivity}" drawable="mi_o2" />

	<!-- Mi WiFi -->
	<item component="ComponentInfo{com.xiaomi.router/com.xiaomi.router.module.splash.SplashActivity}" drawable="mi_wifi" />

	<!-- Moto -->
	<item component="ComponentInfo{com.motorola.moto/com.motorola.assist.ui.screens.MainActivity}" drawable="moto" />

	<!-- Mou-te -->
	<item component="ComponentInfo{cat.gencat.mouteapp/cat.gencat.mouteapp.MainActivity}" drawable="mou_te" />

	<!-- Notificaciones de Motorola -->
	<item component="ComponentInfo{com.motorola.ccc.notification/com.motorola.engageapp.ui.EngageActivity}" drawable="notificaciones_de_motorola" />

	<!-- Nova Launcher -->
	<item component="ComponentInfo{com.teslacoilsw.launcher/com.teslacoilsw.launcher.NovaShortcutHandler}" drawable="nova_launcher" />

	<!-- Nova Launcher Prime -->
	<item component="ComponentInfo{com.teslacoilsw.launcher.prime/com.teslacoilsw.launcher.prime.NovaLauncherPrimeActivity}" drawable="nova_launcher_prime" />

	<!-- Port Authority -->
	<item component="ComponentInfo{com.aaronjwood.portauthority.free/com.aaronjwood.portauthority.activity.MainActivity}" drawable="port_authority" />

	<!-- Radio FM -->
	<item component="ComponentInfo{com.motorola.fmplayer/com.motorola.fmplayer.ChangeThemeActivity}" drawable="radio_fm" />

	<!-- Reloj -->
	<item component="ComponentInfo{com.google.android.deskclock/com.android.deskclock.DeskClock}" drawable="reloj" />

	<!-- Sweech -->
	<item component="ComponentInfo{com.sweech/com.sweech.MainActivity}" drawable="sweech" />

	<!-- Teléfono -->
	<item component="ComponentInfo{com.google.android.dialer/com.google.android.dialer.extensions.GoogleDialtactsActivity}" drawable="telefono" />

	<!-- WeeNet -->
	<item component="ComponentInfo{com.sangiorgisrl.wifimanagertool/com.sangiorgisrl.wifimanagertool.ui.intro.LaunchActivity}" drawable="weenet" />

	<!-- WiFi Monitor Pro -->
	<item component="ComponentInfo{com.signalmonitoring.wifimonitoringpro/com.signalmonitoring.wifilib.ui.activities.MonitoringActivity}" drawable="wifi_monitor_pro" />

	<!-- WiFiAnalyzer -->
	<item component="ComponentInfo{com.vrem.wifianalyzer/com.vrem.wifianalyzer.MainActivity}" drawable="wifianalyzer" />

	<!-- WiFiman -->
	<item component="ComponentInfo{com.ubnt.usurvey/com.ubnt.usurvey.ui.app.splash.SplashActivity}" drawable="wifiman" />

	<!-- WLAN -->
	<item component="ComponentInfo{de.avm.android.wlanapp/de.avm.android.wlanapp.permissions.LocationPermissionActivity}" drawable="wlan" />

	<!-- WLANScanner -->
	<item component="ComponentInfo{org.bitbatzen.wlanscanner/org.bitbatzen.wlanscanner.MainActivity}" drawable="wlanscanner" />

	<!-- WlanScanner by Latetech -->
	<item component="ComponentInfo{com.Latetech.WlanScanner/com.Latetech.WlanScanner.MainActivity}" drawable="wlanscanner_by_latetech" />

	<!-- YouTube -->
	<item component="ComponentInfo{com.google.android.youtube/com.google.android.youtube.app.honeycomb.ShellHomeActivity}" drawable="youtube" />

	<!-- YT Music -->
	<item component="ComponentInfo{com.google.android.apps.youtube.music/com.google.android.apps.youtube.music.activities.MusicActivity}" drawable="yt_music" />

</resources>