<appmap>

	<!-- AdGuard -->
	<item class="com.adguard.android.ui.SplashActivity" name="adguard"/>

	<!-- Administrador de archivos -->
	<item class="com.simplemobiletools.filemanager.pro.activities.SplashActivity.Orange" name="administrador_de_archivos"/>

	<!-- Asistente -->
	<item class="com.google.android.apps.googleassistant.AssistantActivity" name="asistente"/>

	<!-- Ayuda del dispositivo -->
	<item class="com.motorola.genie.main.start.LaunchActivity" name="ayuda_del_dispositivo"/>

	<!-- Calculadora -->
	<item class="com.android.calculator2.Calculator" name="calculadora"/>

	<!-- Calendar -->
	<item class="com.android.calendar.AllInOneActivity" name="calendar"/>

	<!-- Cámara -->
	<item class="com.motorola.camera.Camera" name="camara"/>

	<!-- Contactos -->
	<item class="com.android.contacts.activities.PeopleActivity" name="contactos"/>

	<!-- D-Link Wi-Fi -->
	<item class="com.mydlink.unify.activity.Launch2Activity" name="d_link_wi_fi"/>

	<!-- Documentos -->
	<item class="com.google.android.apps.docs.app.NewMainProxyActivity" name="documentos"/>

	<!-- FAST -->
	<item class="com.netflix.Speedtest.MainActivity" name="fast"/>

	<!-- Files -->
	<item class="com.google.android.apps.nbu.files.home.HomeActivity" name="files"/>

	<!-- Fing -->
	<item class="com.overlook.android.fing.ui.main.SplashActivity" name="fing"/>

	<!-- Fondos de pantalla -->
	<item class="com.google.android.apps.wallpaper.picker.CategoryPickerActivity" name="fondos_de_pantalla"/>

	<!-- Fondos interactivos -->
	<item class="com.motorola.livewallpaper3.ui.menu.WallpaperMenuTrampolineActivity" name="fondos_interactivos"/>

	<!-- Galería -->
	<item class="com.simplemobiletools.gallery.pro.activities.SplashActivity.Orange" name="galeria"/>

	<!-- Gestor de Redes -->
	<item class="com.eakteam.networkmanager.pro.activities.paneli_kryesor" name="gestor_de_redes"/>

	<!-- Google One -->
	<item class="com.google.android.apps.subscriptions.red.LauncherActivity" name="google_one"/>

	<!-- Google TV -->
	<item class="com.google.android.videos.GoogleTvEntryPoint" name="google_tv"/>

	<!-- iwscan -->
	<item class="com.evbadroid.iwscan.ScanActivity" name="iwscan"/>

	<!-- Juegos -->
	<item class="com.motorola.gamemode.ui.launcher.main.GameCenterActivity" name="juegos"/>

	<!-- Kiwi Browser -->
	<item class="com.google.android.apps.chrome.Main" name="kiwi_browser"/>

	<!-- Mi O2 -->
	<item class="com.movistar.android.mimovistar.es.presentation.MainActivity" name="mi_o2"/>

	<!-- Mi WiFi -->
	<item class="com.xiaomi.router.module.splash.SplashActivity" name="mi_wifi"/>

	<!-- Moto -->
	<item class="com.motorola.assist.ui.screens.MainActivity" name="moto"/>

	<!-- Mou-te -->
	<item class="cat.gencat.mouteapp.MainActivity" name="mou_te"/>

	<!-- Notificaciones de Motorola -->
	<item class="com.motorola.engageapp.ui.EngageActivity" name="notificaciones_de_motorola"/>

	<!-- Nova Launcher -->
	<item class="com.teslacoilsw.launcher.NovaShortcutHandler" name="nova_launcher"/>

	<!-- Nova Launcher Prime -->
	<item class="com.teslacoilsw.launcher.prime.NovaLauncherPrimeActivity" name="nova_launcher_prime"/>

	<!-- Port Authority -->
	<item class="com.aaronjwood.portauthority.activity.MainActivity" name="port_authority"/>

	<!-- Radio FM -->
	<item class="com.motorola.fmplayer.ChangeThemeActivity" name="radio_fm"/>

	<!-- Reloj -->
	<item class="com.android.deskclock.DeskClock" name="reloj"/>

	<!-- Sweech -->
	<item class="com.sweech.MainActivity" name="sweech"/>

	<!-- Teléfono -->
	<item class="com.google.android.dialer.extensions.GoogleDialtactsActivity" name="telefono"/>

	<!-- WeeNet -->
	<item class="com.sangiorgisrl.wifimanagertool.ui.intro.LaunchActivity" name="weenet"/>

	<!-- WiFi Monitor Pro -->
	<item class="com.signalmonitoring.wifilib.ui.activities.MonitoringActivity" name="wifi_monitor_pro"/>

	<!-- WiFiAnalyzer -->
	<item class="com.vrem.wifianalyzer.MainActivity" name="wifianalyzer"/>

	<!-- WiFiman -->
	<item class="com.ubnt.usurvey.ui.app.splash.SplashActivity" name="wifiman"/>

	<!-- WLAN -->
	<item class="de.avm.android.wlanapp.permissions.LocationPermissionActivity" name="wlan"/>

	<!-- WLANScanner -->
	<item class="org.bitbatzen.wlanscanner.MainActivity" name="wlanscanner"/>

	<!-- WlanScanner by Latetech -->
	<item class="com.Latetech.WlanScanner.MainActivity" name="wlanscanner_by_latetech"/>

	<!-- YouTube -->
	<item class="com.google.android.youtube.app.honeycomb.Shell$HomeActivity" name="youtube"/>

	<!-- YT Music -->
	<item class="com.google.android.apps.youtube.music.activities.MusicActivity" name="yt_music"/>

</appmap>