<Theme version="1">

	<!-- AdGuard -->
	<AppIcon name="com.adguard.android/com.adguard.android.ui.SplashActivity" image="adguard"/>

	<!-- Administrador de archivos -->
	<AppIcon name="com.simplemobiletools.filemanager.pro/com.simplemobiletools.filemanager.pro.activities.SplashActivity.Orange" image="administrador_de_archivos"/>

	<!-- Asistente -->
	<AppIcon name="com.google.android.apps.googleassistant/com.google.android.apps.googleassistant.AssistantActivity" image="asistente"/>

	<!-- Ayuda del dispositivo -->
	<AppIcon name="com.motorola.genie/com.motorola.genie.main.start.LaunchActivity" image="ayuda_del_dispositivo"/>

	<!-- Calculadora -->
	<AppIcon name="com.google.android.calculator/com.android.calculator2.Calculator" image="calculadora"/>

	<!-- Calendar -->
	<AppIcon name="com.google.android.calendar/com.android.calendar.AllInOneActivity" image="calendar"/>

	<!-- Cámara -->
	<AppIcon name="com.motorola.camera3/com.motorola.camera.Camera" image="camara"/>

	<!-- Contactos -->
	<AppIcon name="com.google.android.contacts/com.android.contacts.activities.PeopleActivity" image="contactos"/>

	<!-- D-Link Wi-Fi -->
	<AppIcon name="com.dlink.dlinkwifi/com.mydlink.unify.activity.Launch2Activity" image="d_link_wi_fi"/>

	<!-- Documentos -->
	<AppIcon name="com.google.android.apps.docs.editors.docs/com.google.android.apps.docs.app.NewMainProxyActivity" image="documentos"/>

	<!-- FAST -->
	<AppIcon name="com.netflix.Speedtest/com.netflix.Speedtest.MainActivity" image="fast"/>

	<!-- Files -->
	<AppIcon name="com.google.android.apps.nbu.files/com.google.android.apps.nbu.files.home.HomeActivity" image="files"/>

	<!-- Fing -->
	<AppIcon name="com.overlook.android.fing/com.overlook.android.fing.ui.main.SplashActivity" image="fing"/>

	<!-- Fondos de pantalla -->
	<AppIcon name="com.google.android.apps.wallpaper/com.google.android.apps.wallpaper.picker.CategoryPickerActivity" image="fondos_de_pantalla"/>

	<!-- Fondos interactivos -->
	<AppIcon name="com.motorola.livewallpaper3/com.motorola.livewallpaper3.ui.menu.WallpaperMenuTrampolineActivity" image="fondos_interactivos"/>

	<!-- Galería -->
	<AppIcon name="com.simplemobiletools.gallery.pro/com.simplemobiletools.gallery.pro.activities.SplashActivity.Orange" image="galeria"/>

	<!-- Gestor de Redes -->
	<AppIcon name="com.eakteam.networkmanager.pro/com.eakteam.networkmanager.pro.activities.paneli_kryesor" image="gestor_de_redes"/>

	<!-- Google One -->
	<AppIcon name="com.google.android.apps.subscriptions.red/com.google.android.apps.subscriptions.red.LauncherActivity" image="google_one"/>

	<!-- Google TV -->
	<AppIcon name="com.google.android.videos/com.google.android.videos.GoogleTvEntryPoint" image="google_tv"/>

	<!-- iwscan -->
	<AppIcon name="com.evbadroid.iwscan/com.evbadroid.iwscan.ScanActivity" image="iwscan"/>

	<!-- Juegos -->
	<AppIcon name="com.motorola.gamemode/com.motorola.gamemode.ui.launcher.main.GameCenterActivity" image="juegos"/>

	<!-- Kiwi Browser -->
	<AppIcon name="com.kiwibrowser.browser/com.google.android.apps.chrome.Main" image="kiwi_browser"/>

	<!-- Mi O2 -->
	<AppIcon name="es.o2.mio2/com.movistar.android.mimovistar.es.presentation.MainActivity" image="mi_o2"/>

	<!-- Mi WiFi -->
	<AppIcon name="com.xiaomi.router/com.xiaomi.router.module.splash.SplashActivity" image="mi_wifi"/>

	<!-- Moto -->
	<AppIcon name="com.motorola.moto/com.motorola.assist.ui.screens.MainActivity" image="moto"/>

	<!-- Mou-te -->
	<AppIcon name="cat.gencat.mouteapp/cat.gencat.mouteapp.MainActivity" image="mou_te"/>

	<!-- Notificaciones de Motorola -->
	<AppIcon name="com.motorola.ccc.notification/com.motorola.engageapp.ui.EngageActivity" image="notificaciones_de_motorola"/>

	<!-- Nova Launcher -->
	<AppIcon name="com.teslacoilsw.launcher/com.teslacoilsw.launcher.NovaShortcutHandler" image="nova_launcher"/>

	<!-- Nova Launcher Prime -->
	<AppIcon name="com.teslacoilsw.launcher.prime/com.teslacoilsw.launcher.prime.NovaLauncherPrimeActivity" image="nova_launcher_prime"/>

	<!-- Port Authority -->
	<AppIcon name="com.aaronjwood.portauthority.free/com.aaronjwood.portauthority.activity.MainActivity" image="port_authority"/>

	<!-- Radio FM -->
	<AppIcon name="com.motorola.fmplayer/com.motorola.fmplayer.ChangeThemeActivity" image="radio_fm"/>

	<!-- Reloj -->
	<AppIcon name="com.google.android.deskclock/com.android.deskclock.DeskClock" image="reloj"/>

	<!-- Sweech -->
	<AppIcon name="com.sweech/com.sweech.MainActivity" image="sweech"/>

	<!-- Teléfono -->
	<AppIcon name="com.google.android.dialer/com.google.android.dialer.extensions.GoogleDialtactsActivity" image="telefono"/>

	<!-- WeeNet -->
	<AppIcon name="com.sangiorgisrl.wifimanagertool/com.sangiorgisrl.wifimanagertool.ui.intro.LaunchActivity" image="weenet"/>

	<!-- WiFi Monitor Pro -->
	<AppIcon name="com.signalmonitoring.wifimonitoringpro/com.signalmonitoring.wifilib.ui.activities.MonitoringActivity" image="wifi_monitor_pro"/>

	<!-- WiFiAnalyzer -->
	<AppIcon name="com.vrem.wifianalyzer/com.vrem.wifianalyzer.MainActivity" image="wifianalyzer"/>

	<!-- WiFiman -->
	<AppIcon name="com.ubnt.usurvey/com.ubnt.usurvey.ui.app.splash.SplashActivity" image="wifiman"/>

	<!-- WLAN -->
	<AppIcon name="de.avm.android.wlanapp/de.avm.android.wlanapp.permissions.LocationPermissionActivity" image="wlan"/>

	<!-- WLANScanner -->
	<AppIcon name="org.bitbatzen.wlanscanner/org.bitbatzen.wlanscanner.MainActivity" image="wlanscanner"/>

	<!-- WlanScanner by Latetech -->
	<AppIcon name="com.Latetech.WlanScanner/com.Latetech.WlanScanner.MainActivity" image="wlanscanner_by_latetech"/>

	<!-- YouTube -->
	<AppIcon name="com.google.android.youtube/com.google.android.youtube.app.honeycomb.Shell$HomeActivity" image="youtube"/>

	<!-- YT Music -->
	<AppIcon name="com.google.android.apps.youtube.music/com.google.android.apps.youtube.music.activities.MusicActivity" image="yt_music"/>

</Theme>