<resources>

	<!-- Banco Galicia -->
	<item component="ComponentInfo{com.mosync.app_Banco_Galicia/ar.com.galicia.core.ui.SplashActivity}" drawable="banco_galicia" />

	<!-- Blackboard -->
	<item component="ComponentInfo{com.blackboard.android.bbstudent/com.blackboard.android.bbstudent.splash.SplashActivity}" drawable="blackboard" />

	<!-- Brubank -->
	<item component="ComponentInfo{com.brubank/com.brubank.android.landing.ui.splash.SplashActivity}" drawable="brubank" />

	<!-- Caja Notarial Asistencial -->
	<item component="ComponentInfo{com.zonta.cnapp/com.zonta.cnapp.MainActivity}" drawable="caja_notarial_asistencial" />

	<!-- Carga SUBE -->
	<item component="ComponentInfo{com.sube.cargasube/com.sube.cargasube.gui.splash.view.SplashActivity}" drawable="carga_sube" />

	<!-- ClipboardCleaner -->
	<item component="ComponentInfo{io.github.deweyreed.clipboardcleaner/io.github.deweyreed.clipboardcleaner.MainActivity}" drawable="clipboardcleaner" />

	<!-- Crunchyroll -->
	<item component="ComponentInfo{com.crunchyroll.crunchyroid/com.ellation.crunchyroll.presentation.startup.StartupActivity}" drawable="crunchyroll" />

	<!-- Delta -->
	<item component="ComponentInfo{website.leifs.delta.foss/website.leifs.delta.activities.MainActivity}" drawable="delta" />

	<!-- Dim Portal -->
	<item component="ComponentInfo{ar.com.dim.portalturnos/ar.com.dim.portalturnos.MainActivity}" drawable="dim_portal" />

	<!-- Dropsync -->
	<item component="ComponentInfo{com.ttxapps.dropsync/com.ttxapps.sync.app.MainActivity}" drawable="dropsync" />

	<!-- Family Link -->
	<item component="ComponentInfo{com.google.android.apps.kids.familylink/com.google.android.apps.kids.familylink.flutter.standalone.HomeActivity}" drawable="family_link" />

	<!-- Geddit -->
	<item component="ComponentInfo{geddit.buzl.uk/geddit.buzl.uk.MainActivity}" drawable="geddit" />

	<!-- Gems of War -->
	<item component="ComponentInfo{air.com.and.games505.gemsofwar/com.unity3d.player.UnityPlayerActivity}" drawable="gems_of_war" />

	<!-- LinkSheet -->
	<item component="ComponentInfo{fe.linksheet/fe.linksheet.activity.MainActivity}" drawable="linksheet" />

	<!-- Macro BMA -->
	<item component="ComponentInfo{ar.com.itau.mobilepersonas/ar.com.itau.mobilepersonas.MainActivity}" drawable="macro_bma" />

	<!-- Mercado Libre -->
	<item component="ComponentInfo{com.mercadolibre/com.mercadolibre.splash.SplashActivity}" drawable="mercado_libre" />

	<!-- Mercado Pago -->
	<item component="ComponentInfo{com.mercadopago.wallet/com.mercadopago.wallet.splash.SplashActivity}" drawable="mercado_pago" />

	<!-- Mi AFIP -->
	<item component="ComponentInfo{ar.gob.afip.mobile.android.contribuyentes.mi_afip/ar.gob.afip.mobile.android.contribuyentes.mi_afip.activities.SplashActivity}" drawable="mi_afip" />

	<!-- Mi Argentina -->
	<item component="ComponentInfo{ar.gob.argentinagobar/com.miargentina.mobile.feature.landing.LandingActivity}" drawable="mi_argentina" />

	<!-- Mi Movistar -->
	<item component="ComponentInfo{com.services.movistar.ar/com.services.movistar.ar.MainActivity}" drawable="mi_movistar" />

	<!-- Mi Personal Flow -->
	<item component="ComponentInfo{ar.com.personal/ar.com.telecom.autogestion.view.SplashActivity}" drawable="mi_personal_flow" />

	<!-- Mi Picks -->
	<item component="ComponentInfo{com.xiaomi.mipicks/com.xiaomi.mipicks.MiPicksAlias}" drawable="mi_picks" />

	<!-- Mural -->
	<item component="ComponentInfo{com.mural/com.mural.MainActivity}" drawable="mural" />

	<!-- MyUP -->
	<item component="ComponentInfo{edu.palermo.myup/edu.palermo.myup.MainActivity}" drawable="myup" />

	<!-- OpenHIIT -->
	<item component="ComponentInfo{com.codepup.workout_timer/com.codepup.workout_timer.MainActivity}" drawable="openhiit" />

	<!-- OSDE -->
	<item component="ComponentInfo{ar.com.osde.ads/ar.j28c5e6f6.e2afc9058.d5148aed8.pdd22f583}" drawable="osde" />

	<!-- PedidosYa -->
	<item component="ComponentInfo{com.pedidosya/com.pedidosya.main.access.initialization.SplashActivity}" drawable="pedidosya" />

	<!-- personalDNSfilter -->
	<item component="ComponentInfo{dnsfilter.android/dnsfilter.android.DNSProxyActivity}" drawable="personaldnsfilter" />

	<!-- Photo Editor -->
	<item component="ComponentInfo{com.burhanrashid52.photoediting/com.burhanrashid52.photoediting.EditImageActivity}" drawable="photo_editor" />

	<!-- Pronto -->
	<item component="ComponentInfo{com.hitlabs.pronto/com.hitlabs.pronto.onboarding.legacy.OnboardingActivity}" drawable="pronto" />

	<!-- Proton Calendar -->
	<item component="ComponentInfo{me.proton.android.calendar/me.proton.android.calendar.presentation.main.MainActivity}" drawable="proton_calendar" />

	<!-- Seeneva -->
	<item component="ComponentInfo{app.seeneva.reader/app.seeneva.reader.screen.MainActivity}" drawable="seeneva" />

	<!-- Smiling Mind -->
	<item component="ComponentInfo{com.smilingmind.app/com.smilingmind.app.MainActivity}" drawable="smiling_mind" />

	<!-- Stardew Valley -->
	<item component="ComponentInfo{com.chucklefish.stardewvalley/crc64e8b22d3833b21ea5.MainActivity}" drawable="stardew_valley" />

	<!-- Tournant -->
	<item component="ComponentInfo{eu.zimbelstern.tournant/eu.zimbelstern.tournant.ui.MainActivity}" drawable="tournant" />

	<!-- Tuenti -->
	<item component="ComponentInfo{com.tuentiargentina/com.tuentiargentina.MainActivity}" drawable="tuenti" />

	<!-- Vampire Survivors -->
	<item component="ComponentInfo{com.poncle.vampiresurvivors/com.unity3d.player.UnityPlayerActivity}" drawable="vampire_survivors" />

</resources>