<appmap>

	<!-- Banco Galicia -->
	<item class="ar.com.galicia.core.ui.SplashActivity" name="banco_galicia"/>

	<!-- Blackboard -->
	<item class="com.blackboard.android.bbstudent.splash.SplashActivity" name="blackboard"/>

	<!-- Brubank -->
	<item class="com.brubank.android.landing.ui.splash.SplashActivity" name="brubank"/>

	<!-- Caja Notarial Asistencial -->
	<item class="com.zonta.cnapp.MainActivity" name="caja_notarial_asistencial"/>

	<!-- Carga SUBE -->
	<item class="com.sube.cargasube.gui.splash.view.SplashActivity" name="carga_sube"/>

	<!-- ClipboardCleaner -->
	<item class="io.github.deweyreed.clipboardcleaner.MainActivity" name="clipboardcleaner"/>

	<!-- Crunchyroll -->
	<item class="com.ellation.crunchyroll.presentation.startup.StartupActivity" name="crunchyroll"/>

	<!-- Delta -->
	<item class="website.leifs.delta.activities.MainActivity" name="delta"/>

	<!-- Dim Portal -->
	<item class="ar.com.dim.portalturnos.MainActivity" name="dim_portal"/>

	<!-- Dropsync -->
	<item class="com.ttxapps.sync.app.MainActivity" name="dropsync"/>

	<!-- Family Link -->
	<item class="com.google.android.apps.kids.familylink.flutter.standalone.HomeActivity" name="family_link"/>

	<!-- Geddit -->
	<item class="geddit.buzl.uk.MainActivity" name="geddit"/>

	<!-- Gems of War -->
	<item class="com.unity3d.player.UnityPlayerActivity" name="gems_of_war"/>

	<!-- LinkSheet -->
	<item class="fe.linksheet.activity.MainActivity" name="linksheet"/>

	<!-- Macro BMA -->
	<item class="ar.com.itau.mobilepersonas.MainActivity" name="macro_bma"/>

	<!-- Mercado Libre -->
	<item class="com.mercadolibre.splash.SplashActivity" name="mercado_libre"/>

	<!-- Mercado Pago -->
	<item class="com.mercadopago.wallet.splash.SplashActivity" name="mercado_pago"/>

	<!-- Mi AFIP -->
	<item class="ar.gob.afip.mobile.android.contribuyentes.mi_afip.activities.SplashActivity" name="mi_afip"/>

	<!-- Mi Argentina -->
	<item class="com.miargentina.mobile.feature.landing.LandingActivity" name="mi_argentina"/>

	<!-- Mi Movistar -->
	<item class="com.services.movistar.ar.MainActivity" name="mi_movistar"/>

	<!-- Mi Personal Flow -->
	<item class="ar.com.telecom.autogestion.view.SplashActivity" name="mi_personal_flow"/>

	<!-- Mi Picks -->
	<item class="com.xiaomi.mipicks.MiPicksAlias" name="mi_picks"/>

	<!-- Mural -->
	<item class="com.mural.MainActivity" name="mural"/>

	<!-- MyUP -->
	<item class="edu.palermo.myup.MainActivity" name="myup"/>

	<!-- OpenHIIT -->
	<item class="com.codepup.workout_timer.MainActivity" name="openhiit"/>

	<!-- OSDE -->
	<item class="ar.j28c5e6f6.e2afc9058.d5148aed8.pdd22f583" name="osde"/>

	<!-- PedidosYa -->
	<item class="com.pedidosya.main.access.initialization.SplashActivity" name="pedidosya"/>

	<!-- personalDNSfilter -->
	<item class="dnsfilter.android.DNSProxyActivity" name="personaldnsfilter"/>

	<!-- Photo Editor -->
	<item class="com.burhanrashid52.photoediting.EditImageActivity" name="photo_editor"/>

	<!-- Pronto -->
	<item class="com.hitlabs.pronto.onboarding.legacy.OnboardingActivity" name="pronto"/>

	<!-- Proton Calendar -->
	<item class="me.proton.android.calendar.presentation.main.MainActivity" name="proton_calendar"/>

	<!-- Seeneva -->
	<item class="app.seeneva.reader.screen.MainActivity" name="seeneva"/>

	<!-- Smiling Mind -->
	<item class="com.smilingmind.app.MainActivity" name="smiling_mind"/>

	<!-- Stardew Valley -->
	<item class="crc64e8b22d3833b21ea5.MainActivity" name="stardew_valley"/>

	<!-- Tournant -->
	<item class="eu.zimbelstern.tournant.ui.MainActivity" name="tournant"/>

	<!-- Tuenti -->
	<item class="com.tuentiargentina.MainActivity" name="tuenti"/>

	<!-- Vampire Survivors -->
	<item class="com.unity3d.player.UnityPlayerActivity" name="vampire_survivors"/>

</appmap>