<Theme version="1">

	<!-- Banco Galicia -->
	<AppIcon name="com.mosync.app_Banco_Galicia/ar.com.galicia.core.ui.SplashActivity" image="banco_galicia"/>

	<!-- Blackboard -->
	<AppIcon name="com.blackboard.android.bbstudent/com.blackboard.android.bbstudent.splash.SplashActivity" image="blackboard"/>

	<!-- Brubank -->
	<AppIcon name="com.brubank/com.brubank.android.landing.ui.splash.SplashActivity" image="brubank"/>

	<!-- Caja Notarial Asistencial -->
	<AppIcon name="com.zonta.cnapp/com.zonta.cnapp.MainActivity" image="caja_notarial_asistencial"/>

	<!-- Carga SUBE -->
	<AppIcon name="com.sube.cargasube/com.sube.cargasube.gui.splash.view.SplashActivity" image="carga_sube"/>

	<!-- ClipboardCleaner -->
	<AppIcon name="io.github.deweyreed.clipboardcleaner/io.github.deweyreed.clipboardcleaner.MainActivity" image="clipboardcleaner"/>

	<!-- Crunchyroll -->
	<AppIcon name="com.crunchyroll.crunchyroid/com.ellation.crunchyroll.presentation.startup.StartupActivity" image="crunchyroll"/>

	<!-- Delta -->
	<AppIcon name="website.leifs.delta.foss/website.leifs.delta.activities.MainActivity" image="delta"/>

	<!-- Dim Portal -->
	<AppIcon name="ar.com.dim.portalturnos/ar.com.dim.portalturnos.MainActivity" image="dim_portal"/>

	<!-- Dropsync -->
	<AppIcon name="com.ttxapps.dropsync/com.ttxapps.sync.app.MainActivity" image="dropsync"/>

	<!-- Family Link -->
	<AppIcon name="com.google.android.apps.kids.familylink/com.google.android.apps.kids.familylink.flutter.standalone.HomeActivity" image="family_link"/>

	<!-- Geddit -->
	<AppIcon name="geddit.buzl.uk/geddit.buzl.uk.MainActivity" image="geddit"/>

	<!-- Gems of War -->
	<AppIcon name="air.com.and.games505.gemsofwar/com.unity3d.player.UnityPlayerActivity" image="gems_of_war"/>

	<!-- LinkSheet -->
	<AppIcon name="fe.linksheet/fe.linksheet.activity.MainActivity" image="linksheet"/>

	<!-- Macro BMA -->
	<AppIcon name="ar.com.itau.mobilepersonas/ar.com.itau.mobilepersonas.MainActivity" image="macro_bma"/>

	<!-- Mercado Libre -->
	<AppIcon name="com.mercadolibre/com.mercadolibre.splash.SplashActivity" image="mercado_libre"/>

	<!-- Mercado Pago -->
	<AppIcon name="com.mercadopago.wallet/com.mercadopago.wallet.splash.SplashActivity" image="mercado_pago"/>

	<!-- Mi AFIP -->
	<AppIcon name="ar.gob.afip.mobile.android.contribuyentes.mi_afip/ar.gob.afip.mobile.android.contribuyentes.mi_afip.activities.SplashActivity" image="mi_afip"/>

	<!-- Mi Argentina -->
	<AppIcon name="ar.gob.argentinagobar/com.miargentina.mobile.feature.landing.LandingActivity" image="mi_argentina"/>

	<!-- Mi Movistar -->
	<AppIcon name="com.services.movistar.ar/com.services.movistar.ar.MainActivity" image="mi_movistar"/>

	<!-- Mi Personal Flow -->
	<AppIcon name="ar.com.personal/ar.com.telecom.autogestion.view.SplashActivity" image="mi_personal_flow"/>

	<!-- Mi Picks -->
	<AppIcon name="com.xiaomi.mipicks/com.xiaomi.mipicks.MiPicksAlias" image="mi_picks"/>

	<!-- Mural -->
	<AppIcon name="com.mural/com.mural.MainActivity" image="mural"/>

	<!-- MyUP -->
	<AppIcon name="edu.palermo.myup/edu.palermo.myup.MainActivity" image="myup"/>

	<!-- OpenHIIT -->
	<AppIcon name="com.codepup.workout_timer/com.codepup.workout_timer.MainActivity" image="openhiit"/>

	<!-- OSDE -->
	<AppIcon name="ar.com.osde.ads/ar.j28c5e6f6.e2afc9058.d5148aed8.pdd22f583" image="osde"/>

	<!-- PedidosYa -->
	<AppIcon name="com.pedidosya/com.pedidosya.main.access.initialization.SplashActivity" image="pedidosya"/>

	<!-- personalDNSfilter -->
	<AppIcon name="dnsfilter.android/dnsfilter.android.DNSProxyActivity" image="personaldnsfilter"/>

	<!-- Photo Editor -->
	<AppIcon name="com.burhanrashid52.photoediting/com.burhanrashid52.photoediting.EditImageActivity" image="photo_editor"/>

	<!-- Pronto -->
	<AppIcon name="com.hitlabs.pronto/com.hitlabs.pronto.onboarding.legacy.OnboardingActivity" image="pronto"/>

	<!-- Proton Calendar -->
	<AppIcon name="me.proton.android.calendar/me.proton.android.calendar.presentation.main.MainActivity" image="proton_calendar"/>

	<!-- Seeneva -->
	<AppIcon name="app.seeneva.reader/app.seeneva.reader.screen.MainActivity" image="seeneva"/>

	<!-- Smiling Mind -->
	<AppIcon name="com.smilingmind.app/com.smilingmind.app.MainActivity" image="smiling_mind"/>

	<!-- Stardew Valley -->
	<AppIcon name="com.chucklefish.stardewvalley/crc64e8b22d3833b21ea5.MainActivity" image="stardew_valley"/>

	<!-- Tournant -->
	<AppIcon name="eu.zimbelstern.tournant/eu.zimbelstern.tournant.ui.MainActivity" image="tournant"/>

	<!-- Tuenti -->
	<AppIcon name="com.tuentiargentina/com.tuentiargentina.MainActivity" image="tuenti"/>

	<!-- Vampire Survivors -->
	<AppIcon name="com.poncle.vampiresurvivors/com.unity3d.player.UnityPlayerActivity" image="vampire_survivors"/>

</Theme>