<resources>

	<!-- App Lounge -->
	<item component="ComponentInfo{foundation.e.apps/foundation.e.apps.MainActivity}" drawable="app_lounge" />

	<!-- Aves Libre -->
	<item component="ComponentInfo{deckers.thibault.aves.libre/deckers.thibault.aves.MainActivity}" drawable="aves_libre" />

	<!-- Bale -->
	<item component="ComponentInfo{ir.nasim/ir.nasim.features.MainActivity}" drawable="bale" />

	<!-- Browser -->
	<item component="ComponentInfo{foundation.e.browser/com.google.android.apps.chrome.Main}" drawable="browser" />

	<!-- Cache Cleaner -->
	<item component="ComponentInfo{com.github.bmx666.appcachecleaner/com.github.bmx666.appcachecleaner.ui.activity.LauncherActivity}" drawable="cache_cleaner" />

	<!-- Calendar -->
	<item component="ComponentInfo{foundation.e.calendar/com.android.calendar.AllInOneActivity}" drawable="calendar" />

	<!-- Camera -->
	<item component="ComponentInfo{foundation.e.camera/net.sourceforge.opencamera.MainActivity}" drawable="camera" />

	<!-- Ceno -->
	<item component="ComponentInfo{ie.equalit.ceno/ie.equalit.ceno.Launcher}" drawable="ceno" />

	<!-- Clipious -->
	<item component="ComponentInfo{com.github.lamarios.clipious/com.github.lamarios.clipious.MainActivity}" drawable="clipious" />

	<!-- FM Radio -->
	<item component="ComponentInfo{com.caf.fmradio/com.caf.fmradio.FMRadio}" drawable="fm_radio" />

	<!-- Gap Messenger -->
	<item component="ComponentInfo{com.gapafzar.messenger/com.gapafzar.messenger.activity.MainActivity}" drawable="gap_messenger" />

	<!-- Gerdoo plus -->
	<item component="ComponentInfo{me.gerdoo.browser_plus/com.google.android.apps.chrome.Main}" drawable="gerdoo_plus" />

	<!-- Magic Earth -->
	<item component="ComponentInfo{com.generalmagic.magicearth/com.magiclane.androidsphere.map.MapActivity}" drawable="magic_earth" />

	<!-- Mail -->
	<item component="ComponentInfo{foundation.e.mail/com.fsck.k9.activity.MessageList}" drawable="mail" />

	<!-- Message -->
	<item component="ComponentInfo{foundation.e.message/com.moez.QKSMS.feature.main.MainActivity}" drawable="message" />

	<!-- Mobile Banking -->
	<item component="ComponentInfo{com.bki.mobilebanking.android/com.persianswitch.apmb.app.ui.activity.main.SplashScreenActivity}" drawable="mobile_banking" />

	<!-- My Angela 2 -->
	<item component="ComponentInfo{com.outfit7.mytalkingangela2/com.outfit7.sabretooth.MainActivity}" drawable="my_angela_2" />

	<!-- Myket -->
	<item component="ComponentInfo{ir.mservices.market/ir.mservices.market.activity.LaunchContentActivity}" drawable="myket" />

	<!-- Nekogram X -->
	<item component="ComponentInfo{nekox.messenger/org.telegram.messenger.DefaultIcon}" drawable="nekogram_x" />

	<!-- Neo Backup -->
	<item component="ComponentInfo{com.machiav3lli.backup/com.machiav3lli.backup.activities.SplashActivity}" drawable="neo_backup" />

	<!-- Notes -->
	<item component="ComponentInfo{foundation.e.notes/it.niedermann.owncloud.notes.main.MainActivity}" drawable="notes" />

	<!-- OpenKeychain -->
	<item component="ComponentInfo{org.sufficientlysecure.keychain/org.sufficientlysecure.keychain.ui.MainActivity}" drawable="openkeychain" />

	<!-- Pdf Viewer Plus -->
	<item component="ComponentInfo{foundation.e.pdfviewer/com.gsnathan.pdfviewer.LauncherAlias}" drawable="pdf_viewer_plus" />

	<!-- PipePipe -->
	<item component="ComponentInfo{InfinityLoop1309.NewPipeEnhanced/org.schabi.newpipe.MainActivity}" drawable="pipepipe" />

	<!-- PlainApp -->
	<item component="ComponentInfo{com.ismartcoding.plain/com.ismartcoding.plain.ui.MainActivity}" drawable="plainapp" />

	<!-- Power Girls - Fantastic Heroes -->
	<item component="ComponentInfo{com.tutotoons.app.powergirlsfantasticheroes/com.unity3d.player.UnityPlayerActivity}" drawable="power_girls_fantastic_heroes" />

	<!-- PsTube -->
	<item component="ComponentInfo{com.prateekmedia.pstube/com.prateekmedia.pstube.MainActivity}" drawable="pstube" />

	<!-- QR Scanner -->
	<item component="ComponentInfo{com.secuso.privacyFriendlyCodeScanner/com.secuso.privacyfriendlycodescanner.qrscanner.ui.activities.SplashActivity}" drawable="qr_scanner" />

	<!-- QuickWeather -->
	<item component="ComponentInfo{com.ominous.quickweather/com.ominous.quickweather.activity.MainActivity}" drawable="quickweather" />

	<!-- Rescue Lover -->
	<item component="ComponentInfo{com.MegaJoy.Rescue/com.unity3d.player.UnityPlayerActivity}" drawable="rescue_lover" />

	<!-- Tasks -->
	<item component="ComponentInfo{foundation.e.tasks/org.dmfs.tasks.TaskListActivity}" drawable="tasks" />

	<!-- v2rayNG -->
	<item component="ComponentInfo{com.v2ray.ang/com.v2ray.ang.ui.MainActivity}" drawable="v2rayng" />

	<!-- Virasty -->
	<item component="ComponentInfo{com.virasty.app/com.microblog.app.MainActivity}" drawable="virasty" />

	<!-- ایران صدا -->
	<item component="ComponentInfo{ir.iribradio.iranseda3/ir.iranseda.ChannelPage}" drawable="ایران_صدا" />

	<!-- پازل شاهزاده یخی -->
	<item component="ComponentInfo{app.puzzle.frozen/app.puzzle.frozen.HomeActivity}" drawable="پازل_شاهزاده_یخی" />

	<!-- والعصر -->
	<item component="ComponentInfo{ir.valasr.android/ir.valasr.android.MainActivity}" drawable="والعصر" />

</resources>