<appmap>

	<!-- App Lounge -->
	<item class="foundation.e.apps.MainActivity" name="app_lounge"/>

	<!-- Aves Libre -->
	<item class="deckers.thibault.aves.MainActivity" name="aves_libre"/>

	<!-- Bale -->
	<item class="ir.nasim.features.MainActivity" name="bale"/>

	<!-- Browser -->
	<item class="com.google.android.apps.chrome.Main" name="browser"/>

	<!-- Cache Cleaner -->
	<item class="com.github.bmx666.appcachecleaner.ui.activity.LauncherActivity" name="cache_cleaner"/>

	<!-- Calendar -->
	<item class="com.android.calendar.AllInOneActivity" name="calendar"/>

	<!-- Camera -->
	<item class="net.sourceforge.opencamera.MainActivity" name="camera"/>

	<!-- Ceno -->
	<item class="ie.equalit.ceno.Launcher" name="ceno"/>

	<!-- Clipious -->
	<item class="com.github.lamarios.clipious.MainActivity" name="clipious"/>

	<!-- FM Radio -->
	<item class="com.caf.fmradio.FMRadio" name="fm_radio"/>

	<!-- Gap Messenger -->
	<item class="com.gapafzar.messenger.activity.MainActivity" name="gap_messenger"/>

	<!-- Gerdoo plus -->
	<item class="com.google.android.apps.chrome.Main" name="gerdoo_plus"/>

	<!-- Magic Earth -->
	<item class="com.magiclane.androidsphere.map.MapActivity" name="magic_earth"/>

	<!-- Mail -->
	<item class="com.fsck.k9.activity.MessageList" name="mail"/>

	<!-- Message -->
	<item class="com.moez.QKSMS.feature.main.MainActivity" name="message"/>

	<!-- Mobile Banking -->
	<item class="com.persianswitch.apmb.app.ui.activity.main.SplashScreenActivity" name="mobile_banking"/>

	<!-- My Angela 2 -->
	<item class="com.outfit7.sabretooth.MainActivity" name="my_angela_2"/>

	<!-- Myket -->
	<item class="ir.mservices.market.activity.LaunchContentActivity" name="myket"/>

	<!-- Nekogram X -->
	<item class="org.telegram.messenger.DefaultIcon" name="nekogram_x"/>

	<!-- Neo Backup -->
	<item class="com.machiav3lli.backup.activities.SplashActivity" name="neo_backup"/>

	<!-- Notes -->
	<item class="it.niedermann.owncloud.notes.main.MainActivity" name="notes"/>

	<!-- OpenKeychain -->
	<item class="org.sufficientlysecure.keychain.ui.MainActivity" name="openkeychain"/>

	<!-- Pdf Viewer Plus -->
	<item class="com.gsnathan.pdfviewer.LauncherAlias" name="pdf_viewer_plus"/>

	<!-- PipePipe -->
	<item class="org.schabi.newpipe.MainActivity" name="pipepipe"/>

	<!-- PlainApp -->
	<item class="com.ismartcoding.plain.ui.MainActivity" name="plainapp"/>

	<!-- Power Girls - Fantastic Heroes -->
	<item class="com.unity3d.player.UnityPlayerActivity" name="power_girls_fantastic_heroes"/>

	<!-- PsTube -->
	<item class="com.prateekmedia.pstube.MainActivity" name="pstube"/>

	<!-- QR Scanner -->
	<item class="com.secuso.privacyfriendlycodescanner.qrscanner.ui.activities.SplashActivity" name="qr_scanner"/>

	<!-- QuickWeather -->
	<item class="com.ominous.quickweather.activity.MainActivity" name="quickweather"/>

	<!-- Rescue Lover -->
	<item class="com.unity3d.player.UnityPlayerActivity" name="rescue_lover"/>

	<!-- Tasks -->
	<item class="org.dmfs.tasks.TaskListActivity" name="tasks"/>

	<!-- v2rayNG -->
	<item class="com.v2ray.ang.ui.MainActivity" name="v2rayng"/>

	<!-- Virasty -->
	<item class="com.microblog.app.MainActivity" name="virasty"/>

	<!-- ایران صدا -->
	<item class="ir.iranseda.ChannelPage" name="ایران_صدا"/>

	<!-- پازل شاهزاده یخی -->
	<item class="app.puzzle.frozen.HomeActivity" name="پازل_شاهزاده_یخی"/>

	<!-- والعصر -->
	<item class="ir.valasr.android.MainActivity" name="والعصر"/>

</appmap>