<Theme version="1">

	<!-- App Lounge -->
	<AppIcon name="foundation.e.apps/foundation.e.apps.MainActivity" image="app_lounge"/>

	<!-- Aves Libre -->
	<AppIcon name="deckers.thibault.aves.libre/deckers.thibault.aves.MainActivity" image="aves_libre"/>

	<!-- Bale -->
	<AppIcon name="ir.nasim/ir.nasim.features.MainActivity" image="bale"/>

	<!-- Browser -->
	<AppIcon name="foundation.e.browser/com.google.android.apps.chrome.Main" image="browser"/>

	<!-- Cache Cleaner -->
	<AppIcon name="com.github.bmx666.appcachecleaner/com.github.bmx666.appcachecleaner.ui.activity.LauncherActivity" image="cache_cleaner"/>

	<!-- Calendar -->
	<AppIcon name="foundation.e.calendar/com.android.calendar.AllInOneActivity" image="calendar"/>

	<!-- Camera -->
	<AppIcon name="foundation.e.camera/net.sourceforge.opencamera.MainActivity" image="camera"/>

	<!-- Ceno -->
	<AppIcon name="ie.equalit.ceno/ie.equalit.ceno.Launcher" image="ceno"/>

	<!-- Clipious -->
	<AppIcon name="com.github.lamarios.clipious/com.github.lamarios.clipious.MainActivity" image="clipious"/>

	<!-- FM Radio -->
	<AppIcon name="com.caf.fmradio/com.caf.fmradio.FMRadio" image="fm_radio"/>

	<!-- Gap Messenger -->
	<AppIcon name="com.gapafzar.messenger/com.gapafzar.messenger.activity.MainActivity" image="gap_messenger"/>

	<!-- Gerdoo plus -->
	<AppIcon name="me.gerdoo.browser_plus/com.google.android.apps.chrome.Main" image="gerdoo_plus"/>

	<!-- Magic Earth -->
	<AppIcon name="com.generalmagic.magicearth/com.magiclane.androidsphere.map.MapActivity" image="magic_earth"/>

	<!-- Mail -->
	<AppIcon name="foundation.e.mail/com.fsck.k9.activity.MessageList" image="mail"/>

	<!-- Message -->
	<AppIcon name="foundation.e.message/com.moez.QKSMS.feature.main.MainActivity" image="message"/>

	<!-- Mobile Banking -->
	<AppIcon name="com.bki.mobilebanking.android/com.persianswitch.apmb.app.ui.activity.main.SplashScreenActivity" image="mobile_banking"/>

	<!-- My Angela 2 -->
	<AppIcon name="com.outfit7.mytalkingangela2/com.outfit7.sabretooth.MainActivity" image="my_angela_2"/>

	<!-- Myket -->
	<AppIcon name="ir.mservices.market/ir.mservices.market.activity.LaunchContentActivity" image="myket"/>

	<!-- Nekogram X -->
	<AppIcon name="nekox.messenger/org.telegram.messenger.DefaultIcon" image="nekogram_x"/>

	<!-- Neo Backup -->
	<AppIcon name="com.machiav3lli.backup/com.machiav3lli.backup.activities.SplashActivity" image="neo_backup"/>

	<!-- Notes -->
	<AppIcon name="foundation.e.notes/it.niedermann.owncloud.notes.main.MainActivity" image="notes"/>

	<!-- OpenKeychain -->
	<AppIcon name="org.sufficientlysecure.keychain/org.sufficientlysecure.keychain.ui.MainActivity" image="openkeychain"/>

	<!-- Pdf Viewer Plus -->
	<AppIcon name="foundation.e.pdfviewer/com.gsnathan.pdfviewer.LauncherAlias" image="pdf_viewer_plus"/>

	<!-- PipePipe -->
	<AppIcon name="InfinityLoop1309.NewPipeEnhanced/org.schabi.newpipe.MainActivity" image="pipepipe"/>

	<!-- PlainApp -->
	<AppIcon name="com.ismartcoding.plain/com.ismartcoding.plain.ui.MainActivity" image="plainapp"/>

	<!-- Power Girls - Fantastic Heroes -->
	<AppIcon name="com.tutotoons.app.powergirlsfantasticheroes/com.unity3d.player.UnityPlayerActivity" image="power_girls_fantastic_heroes"/>

	<!-- PsTube -->
	<AppIcon name="com.prateekmedia.pstube/com.prateekmedia.pstube.MainActivity" image="pstube"/>

	<!-- QR Scanner -->
	<AppIcon name="com.secuso.privacyFriendlyCodeScanner/com.secuso.privacyfriendlycodescanner.qrscanner.ui.activities.SplashActivity" image="qr_scanner"/>

	<!-- QuickWeather -->
	<AppIcon name="com.ominous.quickweather/com.ominous.quickweather.activity.MainActivity" image="quickweather"/>

	<!-- Rescue Lover -->
	<AppIcon name="com.MegaJoy.Rescue/com.unity3d.player.UnityPlayerActivity" image="rescue_lover"/>

	<!-- Tasks -->
	<AppIcon name="foundation.e.tasks/org.dmfs.tasks.TaskListActivity" image="tasks"/>

	<!-- v2rayNG -->
	<AppIcon name="com.v2ray.ang/com.v2ray.ang.ui.MainActivity" image="v2rayng"/>

	<!-- Virasty -->
	<AppIcon name="com.virasty.app/com.microblog.app.MainActivity" image="virasty"/>

	<!-- ایران صدا -->
	<AppIcon name="ir.iribradio.iranseda3/ir.iranseda.ChannelPage" image="ایران_صدا"/>

	<!-- پازل شاهزاده یخی -->
	<AppIcon name="app.puzzle.frozen/app.puzzle.frozen.HomeActivity" image="پازل_شاهزاده_یخی"/>

	<!-- والعصر -->
	<AppIcon name="ir.valasr.android/ir.valasr.android.MainActivity" image="والعصر"/>

</Theme>