<resources>

	<!-- Adobe Photoshop Express -->
	<item component="ComponentInfo{com.adobe.psmobile/com.adobe.psmobile.MainActivity}" drawable="adobe_photoshop_express" />

	<!-- Alovoa -->
	<item component="ComponentInfo{com.alovoa.expo/com.alovoa.expo.MainActivity}" drawable="alovoa" />

	<!-- Amazon -->
	<item component="ComponentInfo{in.amazon.mShop.android.shopping/com.amazon.mShop.home.HomeActivity}" drawable="amazon" />

	<!-- Angel One -->
	<item component="ComponentInfo{com.msf.angelmobile/com.angelbroking.spark.splash.SplashActivity}" drawable="angel_one" />

	<!-- Atomic Bomber -->
	<item component="ComponentInfo{org.lukeallen.bomberfull/org.lukeallen.bomberfull.Bomber}" drawable="atomic_bomber" />

	<!-- AutomaTag -->
	<item component="ComponentInfo{com.fillobotto.mp3tagger/activities.MainActivity}" drawable="automatag" />

	<!-- Bubble -->
	<item component="ComponentInfo{org.woheller69.level/org.woheller69.level.Level}" drawable="bubble" />

	<!-- Caller ID -->
	<item component="ComponentInfo{com.callblocker.whocalledme/com.callblocker.whocalledme.mvc.controller.StartActivityTest}" drawable="caller_id" />

	<!-- ClicFlyer -->
	<item component="ComponentInfo{main.ClicFlyer/main.ClicFlyer.Login.Splash}" drawable="clicflyer" />

	<!-- Coffee -->
	<item component="ComponentInfo{com.github.muellerma.coffee/com.github.muellerma.coffee.activities.MainActivity}" drawable="coffee" />

	<!-- Digital Detox -->
	<item component="ComponentInfo{com.urbandroid.ddc/com.urbandroid.ddc.activity.TourActivity}" drawable="digital_detox" />

	<!-- Drik Panchang -->
	<item component="ComponentInfo{com.drikp.core/com.drikp.core.views.activity.base.DpPanchangActivity}" drawable="drik_panchang" />

	<!-- DroidRec -->
	<item component="ComponentInfo{com.yakovlevegor.DroidRec/com.yakovlevegor.DroidRec.MainActivity}" drawable="droidrec" />

	<!-- FlashDim -->
	<item component="ComponentInfo{com.cyb3rko.flashdim/com.cyb3rko.flashdim.activities.MainActivity}" drawable="flashdim" />

	<!-- FolderSync Pro -->
	<item component="ComponentInfo{dk.tacit.android.foldersync.full/dk.tacit.android.foldersync.activity.MainActivity}" drawable="foldersync_pro" />

	<!-- FrontPage -->
	<item component="ComponentInfo{in.crowdware.one/in.crowdware.one.ui.LauncherActivity}" drawable="frontpage" />

	<!-- Gaming Hub -->
	<item component="ComponentInfo{com.samsung.android.game.gamehome/com.samsung.android.game.gamehome.app.MainActivity}" drawable="gaming_hub" />

	<!-- HiPER Calc Pro -->
	<item component="ComponentInfo{cz.hipercalc.pro/app.hipercalc.CalculatorActivity}" drawable="hiper_calc_pro" />

	<!-- Kuwait Mobile ID -->
	<item component="ComponentInfo{kw.gov.paci.PACIMobileID/kw.gov.paci.PACIMobileID.activities.SplashScreenActivity}" drawable="kuwait_mobile_id" />

	<!-- MacroDroid -->
	<item component="ComponentInfo{com.arlosoft.macrodroid/com.arlosoft.macrodroid.intro.IntroActivity}" drawable="macrodroid" />

	<!-- Markor -->
	<item component="ComponentInfo{net.gsantner.markor/net.gsantner.markor.activity.MainActivity}" drawable="markor" />

	<!-- Mathrubhumi Calendar -->
	<item component="ComponentInfo{com.mathrubhumi.calendar2019/com.mathrubhumi.calendar2019.SplashScreen}" drawable="mathrubhumi_calendar" />

	<!-- Musicolet -->
	<item component="ComponentInfo{in.krosbits.musicolet/in.krosbits.musicolet.MusicActivity}" drawable="musicolet" />

	<!-- Nair Sangam -->
	<item component="ComponentInfo{com.sangam.nair/com.communityshaadi.android.ui.splash.SplashActivity}" drawable="nair_sangam" />

	<!-- NairMatrimony -->
	<item component="ComponentInfo{com.nairmatrimony/com.domaininstance.ui.activities.Splash}" drawable="nairmatrimony" />

	<!-- Ooredoo Kuwait -->
	<item component="ComponentInfo{com.wataniya/com.wataniya.MainActivity}" drawable="ooredoo_kuwait" />

	<!-- PUBG MOBILE -->
	<item component="ComponentInfo{com.tencent.ig/com.epicgames.ue4.SplashActivity}" drawable="pubg_mobile" />

	<!-- Quick Calculation -->
	<item component="ComponentInfo{io.github.subhamtyagi.quickcalculation/io.github.subhamtyagi.quickcalculation.LaunchActivity}" drawable="quick_calculation" />

	<!-- ReadEra Premium -->
	<item component="ComponentInfo{org.readera.premium/com.readera.MainActivity}" drawable="readera_premium" />

	<!-- Reckoning Skills -->
	<item component="ComponentInfo{org.secuso.privacyfriendlyrecknoningskills/org.secuso.privacyfriendlyreckoningskills.activities.SplashActivity}" drawable="reckoning_skills" />

	<!-- Resplash -->
	<item component="ComponentInfo{com.b_lam.resplash/com.b_lam.resplash.ui.main.MainActivity}" drawable="resplash" />

	<!-- SC-OS6 -->
	<item component="ComponentInfo{com.jwork.camera6/com.jwork.camera6.SpyCamActivity}" drawable="sc_os6" />

	<!-- Unit Converter Pro Plus -->
	<item component="ComponentInfo{com.unitconverterpro.ucp/com.unitconverterpro.ucp_universal.CategoryActivity}" drawable="unit_converter_pro_plus" />

	<!-- Upstox -->
	<item component="ComponentInfo{in.upstox.app/in.upstox.pro.beta.app.UpstoxMainActivity}" drawable="upstox" />

	<!-- VES - Image and Photo Compare -->
	<item component="ComponentInfo{com.vincentengelsoftware.vesandroidimagecompare/com.vincentengelsoftware.androidimagecompare.Activities.MainActivity}" drawable="ves_image_and_photo_compare" />

	<!-- Windscribe -->
	<item component="ComponentInfo{com.windscribe.vpn/com.windscribe.mobile.splash.SplashActivity}" drawable="windscribe" />

</resources>