<appmap>

	<!-- Adobe Photoshop Express -->
	<item class="com.adobe.psmobile.MainActivity" name="adobe_photoshop_express"/>

	<!-- Alovoa -->
	<item class="com.alovoa.expo.MainActivity" name="alovoa"/>

	<!-- Amazon -->
	<item class="com.amazon.mShop.home.HomeActivity" name="amazon"/>

	<!-- Angel One -->
	<item class="com.angelbroking.spark.splash.SplashActivity" name="angel_one"/>

	<!-- Atomic Bomber -->
	<item class="org.lukeallen.bomberfull.Bomber" name="atomic_bomber"/>

	<!-- AutomaTag -->
	<item class="activities.MainActivity" name="automatag"/>

	<!-- Bubble -->
	<item class="org.woheller69.level.Level" name="bubble"/>

	<!-- Caller ID -->
	<item class="com.callblocker.whocalledme.mvc.controller.StartActivityTest" name="caller_id"/>

	<!-- ClicFlyer -->
	<item class="main.ClicFlyer.Login.Splash" name="clicflyer"/>

	<!-- Coffee -->
	<item class="com.github.muellerma.coffee.activities.MainActivity" name="coffee"/>

	<!-- Digital Detox -->
	<item class="com.urbandroid.ddc.activity.TourActivity" name="digital_detox"/>

	<!-- Drik Panchang -->
	<item class="com.drikp.core.views.activity.base.DpPanchangActivity" name="drik_panchang"/>

	<!-- DroidRec -->
	<item class="com.yakovlevegor.DroidRec.MainActivity" name="droidrec"/>

	<!-- FlashDim -->
	<item class="com.cyb3rko.flashdim.activities.MainActivity" name="flashdim"/>

	<!-- FolderSync Pro -->
	<item class="dk.tacit.android.foldersync.activity.MainActivity" name="foldersync_pro"/>

	<!-- FrontPage -->
	<item class="in.crowdware.one.ui.LauncherActivity" name="frontpage"/>

	<!-- Gaming Hub -->
	<item class="com.samsung.android.game.gamehome.app.MainActivity" name="gaming_hub"/>

	<!-- HiPER Calc Pro -->
	<item class="app.hipercalc.CalculatorActivity" name="hiper_calc_pro"/>

	<!-- Kuwait Mobile ID -->
	<item class="kw.gov.paci.PACIMobileID.activities.SplashScreenActivity" name="kuwait_mobile_id"/>

	<!-- MacroDroid -->
	<item class="com.arlosoft.macrodroid.intro.IntroActivity" name="macrodroid"/>

	<!-- Markor -->
	<item class="net.gsantner.markor.activity.MainActivity" name="markor"/>

	<!-- Mathrubhumi Calendar -->
	<item class="com.mathrubhumi.calendar2019.SplashScreen" name="mathrubhumi_calendar"/>

	<!-- Musicolet -->
	<item class="in.krosbits.musicolet.MusicActivity" name="musicolet"/>

	<!-- Nair Sangam -->
	<item class="com.communityshaadi.android.ui.splash.SplashActivity" name="nair_sangam"/>

	<!-- NairMatrimony -->
	<item class="com.domaininstance.ui.activities.Splash" name="nairmatrimony"/>

	<!-- Ooredoo Kuwait -->
	<item class="com.wataniya.MainActivity" name="ooredoo_kuwait"/>

	<!-- PUBG MOBILE -->
	<item class="com.epicgames.ue4.SplashActivity" name="pubg_mobile"/>

	<!-- Quick Calculation -->
	<item class="io.github.subhamtyagi.quickcalculation.LaunchActivity" name="quick_calculation"/>

	<!-- ReadEra Premium -->
	<item class="com.readera.MainActivity" name="readera_premium"/>

	<!-- Reckoning Skills -->
	<item class="org.secuso.privacyfriendlyreckoningskills.activities.SplashActivity" name="reckoning_skills"/>

	<!-- Resplash -->
	<item class="com.b_lam.resplash.ui.main.MainActivity" name="resplash"/>

	<!-- SC-OS6 -->
	<item class="com.jwork.camera6.SpyCamActivity" name="sc_os6"/>

	<!-- Unit Converter Pro Plus -->
	<item class="com.unitconverterpro.ucp_universal.CategoryActivity" name="unit_converter_pro_plus"/>

	<!-- Upstox -->
	<item class="in.upstox.pro.beta.app.UpstoxMainActivity" name="upstox"/>

	<!-- VES - Image and Photo Compare -->
	<item class="com.vincentengelsoftware.androidimagecompare.Activities.MainActivity" name="ves_image_and_photo_compare"/>

	<!-- Windscribe -->
	<item class="com.windscribe.mobile.splash.SplashActivity" name="windscribe"/>

</appmap>