<Theme version="1">

	<!-- Adobe Photoshop Express -->
	<AppIcon name="com.adobe.psmobile/com.adobe.psmobile.MainActivity" image="adobe_photoshop_express"/>

	<!-- Alovoa -->
	<AppIcon name="com.alovoa.expo/com.alovoa.expo.MainActivity" image="alovoa"/>

	<!-- Amazon -->
	<AppIcon name="in.amazon.mShop.android.shopping/com.amazon.mShop.home.HomeActivity" image="amazon"/>

	<!-- Angel One -->
	<AppIcon name="com.msf.angelmobile/com.angelbroking.spark.splash.SplashActivity" image="angel_one"/>

	<!-- Atomic Bomber -->
	<AppIcon name="org.lukeallen.bomberfull/org.lukeallen.bomberfull.Bomber" image="atomic_bomber"/>

	<!-- AutomaTag -->
	<AppIcon name="com.fillobotto.mp3tagger/activities.MainActivity" image="automatag"/>

	<!-- Bubble -->
	<AppIcon name="org.woheller69.level/org.woheller69.level.Level" image="bubble"/>

	<!-- Caller ID -->
	<AppIcon name="com.callblocker.whocalledme/com.callblocker.whocalledme.mvc.controller.StartActivityTest" image="caller_id"/>

	<!-- ClicFlyer -->
	<AppIcon name="main.ClicFlyer/main.ClicFlyer.Login.Splash" image="clicflyer"/>

	<!-- Coffee -->
	<AppIcon name="com.github.muellerma.coffee/com.github.muellerma.coffee.activities.MainActivity" image="coffee"/>

	<!-- Digital Detox -->
	<AppIcon name="com.urbandroid.ddc/com.urbandroid.ddc.activity.TourActivity" image="digital_detox"/>

	<!-- Drik Panchang -->
	<AppIcon name="com.drikp.core/com.drikp.core.views.activity.base.DpPanchangActivity" image="drik_panchang"/>

	<!-- DroidRec -->
	<AppIcon name="com.yakovlevegor.DroidRec/com.yakovlevegor.DroidRec.MainActivity" image="droidrec"/>

	<!-- FlashDim -->
	<AppIcon name="com.cyb3rko.flashdim/com.cyb3rko.flashdim.activities.MainActivity" image="flashdim"/>

	<!-- FolderSync Pro -->
	<AppIcon name="dk.tacit.android.foldersync.full/dk.tacit.android.foldersync.activity.MainActivity" image="foldersync_pro"/>

	<!-- FrontPage -->
	<AppIcon name="in.crowdware.one/in.crowdware.one.ui.LauncherActivity" image="frontpage"/>

	<!-- Gaming Hub -->
	<AppIcon name="com.samsung.android.game.gamehome/com.samsung.android.game.gamehome.app.MainActivity" image="gaming_hub"/>

	<!-- HiPER Calc Pro -->
	<AppIcon name="cz.hipercalc.pro/app.hipercalc.CalculatorActivity" image="hiper_calc_pro"/>

	<!-- Kuwait Mobile ID -->
	<AppIcon name="kw.gov.paci.PACIMobileID/kw.gov.paci.PACIMobileID.activities.SplashScreenActivity" image="kuwait_mobile_id"/>

	<!-- MacroDroid -->
	<AppIcon name="com.arlosoft.macrodroid/com.arlosoft.macrodroid.intro.IntroActivity" image="macrodroid"/>

	<!-- Markor -->
	<AppIcon name="net.gsantner.markor/net.gsantner.markor.activity.MainActivity" image="markor"/>

	<!-- Mathrubhumi Calendar -->
	<AppIcon name="com.mathrubhumi.calendar2019/com.mathrubhumi.calendar2019.SplashScreen" image="mathrubhumi_calendar"/>

	<!-- Musicolet -->
	<AppIcon name="in.krosbits.musicolet/in.krosbits.musicolet.MusicActivity" image="musicolet"/>

	<!-- Nair Sangam -->
	<AppIcon name="com.sangam.nair/com.communityshaadi.android.ui.splash.SplashActivity" image="nair_sangam"/>

	<!-- NairMatrimony -->
	<AppIcon name="com.nairmatrimony/com.domaininstance.ui.activities.Splash" image="nairmatrimony"/>

	<!-- Ooredoo Kuwait -->
	<AppIcon name="com.wataniya/com.wataniya.MainActivity" image="ooredoo_kuwait"/>

	<!-- PUBG MOBILE -->
	<AppIcon name="com.tencent.ig/com.epicgames.ue4.SplashActivity" image="pubg_mobile"/>

	<!-- Quick Calculation -->
	<AppIcon name="io.github.subhamtyagi.quickcalculation/io.github.subhamtyagi.quickcalculation.LaunchActivity" image="quick_calculation"/>

	<!-- ReadEra Premium -->
	<AppIcon name="org.readera.premium/com.readera.MainActivity" image="readera_premium"/>

	<!-- Reckoning Skills -->
	<AppIcon name="org.secuso.privacyfriendlyrecknoningskills/org.secuso.privacyfriendlyreckoningskills.activities.SplashActivity" image="reckoning_skills"/>

	<!-- Resplash -->
	<AppIcon name="com.b_lam.resplash/com.b_lam.resplash.ui.main.MainActivity" image="resplash"/>

	<!-- SC-OS6 -->
	<AppIcon name="com.jwork.camera6/com.jwork.camera6.SpyCamActivity" image="sc_os6"/>

	<!-- Unit Converter Pro Plus -->
	<AppIcon name="com.unitconverterpro.ucp/com.unitconverterpro.ucp_universal.CategoryActivity" image="unit_converter_pro_plus"/>

	<!-- Upstox -->
	<AppIcon name="in.upstox.app/in.upstox.pro.beta.app.UpstoxMainActivity" image="upstox"/>

	<!-- VES - Image and Photo Compare -->
	<AppIcon name="com.vincentengelsoftware.vesandroidimagecompare/com.vincentengelsoftware.androidimagecompare.Activities.MainActivity" image="ves_image_and_photo_compare"/>

	<!-- Windscribe -->
	<AppIcon name="com.windscribe.vpn/com.windscribe.mobile.splash.SplashActivity" image="windscribe"/>

</Theme>