<resources>

	<!-- Anuto TD -->
	<item component="ComponentInfo{ch.logixisland.anuto/ch.logixisland.anuto.view.game.GameActivity}" drawable="anuto_td" />

	<!-- Camera -->
	<item component="ComponentInfo{com.hmdglobal.app.camera/com.hmdglobal.app.camera.GuideActivity}" drawable="camera" />

	<!-- Experienced Pixel Dungeon -->
	<item component="ComponentInfo{com.trashboxbobylev.experiencedpixeldungeon.redone/com.shatteredpixel.shatteredpixeldungeon.android.AndroidLauncher}" drawable="experienced_pixel_dungeon" />

	<!-- FM Radio -->
	<item component="ComponentInfo{com.hmdglobal.app.fmradio/com.hmdglobal.app.fmradio.FMRadio}" drawable="fm_radio" />

	<!-- Freedoom -->
	<item component="ComponentInfo{net.nullsum.freedoom/net.nullsum.freedoom.EntryActivity}" drawable="freedoom" />

	<!-- Markor -->
	<item component="ComponentInfo{net.gsantner.markor/net.gsantner.markor.activity.MainActivity}" drawable="markor" />

	<!-- Mijn Simyo -->
	<item component="ComponentInfo{nl.simyo.mijnsimyo/nl.simyo.mijnsimyo.controller.activities.SplashActivity}" drawable="mijn_simyo" />

	<!-- OpenBoard -->
	<item component="ComponentInfo{org.dslul.openboard.inputmethod.latin/org.dslul.openboard.inputmethod.latin.setup.SetupActivity}" drawable="openboard" />

	<!-- Pie Launcher -->
	<item component="ComponentInfo{de.markusfisch.android.pielauncher/de.markusfisch.android.pielauncher.activity.HomeActivity}" drawable="pie_launcher" />

	<!-- Rabobank -->
	<item component="ComponentInfo{nl.rabomobiel/nl.rabobank.bankierenplus.URActivity}" drawable="rabobank" />

</resources>