<Theme version="1">

	<!-- Anuto TD -->
	<AppIcon name="ch.logixisland.anuto/ch.logixisland.anuto.view.game.GameActivity" image="anuto_td"/>

	<!-- Camera -->
	<AppIcon name="com.hmdglobal.app.camera/com.hmdglobal.app.camera.GuideActivity" image="camera"/>

	<!-- Experienced Pixel Dungeon -->
	<AppIcon name="com.trashboxbobylev.experiencedpixeldungeon.redone/com.shatteredpixel.shatteredpixeldungeon.android.AndroidLauncher" image="experienced_pixel_dungeon"/>

	<!-- FM Radio -->
	<AppIcon name="com.hmdglobal.app.fmradio/com.hmdglobal.app.fmradio.FMRadio" image="fm_radio"/>

	<!-- Freedoom -->
	<AppIcon name="net.nullsum.freedoom/net.nullsum.freedoom.EntryActivity" image="freedoom"/>

	<!-- Markor -->
	<AppIcon name="net.gsantner.markor/net.gsantner.markor.activity.MainActivity" image="markor"/>

	<!-- Mijn Simyo -->
	<AppIcon name="nl.simyo.mijnsimyo/nl.simyo.mijnsimyo.controller.activities.SplashActivity" image="mijn_simyo"/>

	<!-- OpenBoard -->
	<AppIcon name="org.dslul.openboard.inputmethod.latin/org.dslul.openboard.inputmethod.latin.setup.SetupActivity" image="openboard"/>

	<!-- Pie Launcher -->
	<AppIcon name="de.markusfisch.android.pielauncher/de.markusfisch.android.pielauncher.activity.HomeActivity" image="pie_launcher"/>

	<!-- Rabobank -->
	<AppIcon name="nl.rabomobiel/nl.rabobank.bankierenplus.URActivity" image="rabobank"/>

</Theme>