<resources>

	<!-- Books -->
	<item component="ComponentInfo{com.huawei.hwread.dz/com.huawei.reader.launch.impl.splash.SplashScreenActivity}" drawable="books" />

	<!-- Findmykids -->
	<item component="ComponentInfo{org.findmykids.app/org.findmykids.app.activityes.launcher.LauncherActivity}" drawable="findmykids" />

	<!-- Greene King -->
	<item component="ComponentInfo{com.greeneking.orderandpay/com.xibis.txdvenues.EntryActivity}" drawable="greene_king" />

	<!-- Kingdom App -->
	<item component="ComponentInfo{com.fourth.kingdom/com.fourth.fourthapp.MainActivity}" drawable="kingdom_app" />

	<!-- Learn Linux with examples -->
	<item component="ComponentInfo{com.learn_linux_with_examples/com.learn_linux_with_examples.SplashScreen}" drawable="learn_linux_with_examples" />

	<!-- Measure Tools -->
	<item component="ComponentInfo{com.craftars.measuretools/com.unity3d.player.UnityPlayerActivity}" drawable="measure_tools" />

	<!-- Okta Verify -->
	<item component="ComponentInfo{com.okta.android.auth/com.okta.android.auth.activity.SplashActivity}" drawable="okta_verify" />

	<!-- PingID -->
	<item component="ComponentInfo{prod.com.pingidentity.pingid/com.pingidentity.v2.ui.screens.splash.PingIdSplashActivity}" drawable="pingid" />

	<!-- Siksilk -->
	<item component="ComponentInfo{co.tapcart.app.id_EMR52gtHtx/co.tapcart.app.MainActivity}" drawable="siksilk" />

	<!-- Speaker Cleaner -->
	<item component="ComponentInfo{ioapp.speaker.dustwater/com.zipoapps.premiumhelper.ui.splash.PHSplashActivity}" drawable="speaker_cleaner" />

	<!-- TrainPal -->
	<item component="ComponentInfo{com.pal.train/com.pal.common.business.home.activity.MainActivity}" drawable="trainpal" />

</resources>