<Theme version="1">

	<!-- Books -->
	<AppIcon name="com.huawei.hwread.dz/com.huawei.reader.launch.impl.splash.SplashScreenActivity" image="books"/>

	<!-- Findmykids -->
	<AppIcon name="org.findmykids.app/org.findmykids.app.activityes.launcher.LauncherActivity" image="findmykids"/>

	<!-- Greene King -->
	<AppIcon name="com.greeneking.orderandpay/com.xibis.txdvenues.EntryActivity" image="greene_king"/>

	<!-- Kingdom App -->
	<AppIcon name="com.fourth.kingdom/com.fourth.fourthapp.MainActivity" image="kingdom_app"/>

	<!-- Learn Linux with examples -->
	<AppIcon name="com.learn_linux_with_examples/com.learn_linux_with_examples.SplashScreen" image="learn_linux_with_examples"/>

	<!-- Measure Tools -->
	<AppIcon name="com.craftars.measuretools/com.unity3d.player.UnityPlayerActivity" image="measure_tools"/>

	<!-- Okta Verify -->
	<AppIcon name="com.okta.android.auth/com.okta.android.auth.activity.SplashActivity" image="okta_verify"/>

	<!-- PingID -->
	<AppIcon name="prod.com.pingidentity.pingid/com.pingidentity.v2.ui.screens.splash.PingIdSplashActivity" image="pingid"/>

	<!-- Siksilk -->
	<AppIcon name="co.tapcart.app.id_EMR52gtHtx/co.tapcart.app.MainActivity" image="siksilk"/>

	<!-- Speaker Cleaner -->
	<AppIcon name="ioapp.speaker.dustwater/com.zipoapps.premiumhelper.ui.splash.PHSplashActivity" image="speaker_cleaner"/>

	<!-- TrainPal -->
	<AppIcon name="com.pal.train/com.pal.common.business.home.activity.MainActivity" image="trainpal"/>

</Theme>