<resources>

	<!-- Panda Express -->
	<item component="ComponentInfo{com.pandaexpress.app/com.pandaexpress.app.MainActivity}" drawable="panda_express" />

	<!-- ABRP -->
	<item component="ComponentInfo{com.iternio.abrpapp/com.iternio.abrpapp.MainActivity}" drawable="abrp" />

	<!-- AndrOBD -->
	<item component="ComponentInfo{com.fr3ts0n.ecu.gui.androbd/com.fr3ts0n.ecu.gui.androbd.MainActivity}" drawable="androbd" />

	<!-- Blackboard -->
	<item component="ComponentInfo{com.blackboard.android.bbstudent/com.blackboard.android.bbstudent.splash.SplashActivity}" drawable="blackboard" />

	<!-- Carrion -->
	<item component="ComponentInfo{us.spotco.carrion/us.spotco.carrion.MainActivity}" drawable="carrion" />

	<!-- Chargie -->
	<item component="ComponentInfo{com.ble.chargie/com.ble.chargie.activities.Scanner.ScanActivity}" drawable="chargie" />

	<!-- ChipDefense -->
	<item component="ComponentInfo{de.chadenas.cpudefense/com.example.cpudefense.WelcomeActivity}" drawable="chipdefense" />

	<!-- Citizens Access -->
	<item component="ComponentInfo{com.citizens.mobile.national/com.citizens.reference.view.LaunchActivity}" drawable="citizens_access" />

	<!-- City Bank -->
	<item component="ComponentInfo{com.citybank336202.mobile/com.q2.app.core.ui.LauncherActivity}" drawable="city_bank" />

	<!-- Clima -->
	<item component="ComponentInfo{co.prestosole.clima/io.flutter.embedding.android.FlutterActivity}" drawable="clima" />

	<!-- Contacts -->
	<item component="ComponentInfo{org.fossify.contacts/org.fossify.contacts.activities.SplashActivity.Purple}" drawable="contacts" />

	<!-- Delta -->
	<item component="ComponentInfo{website.leifs.delta.foss/website.leifs.delta.activities.MainActivity}" drawable="delta" />

	<!-- Dollar General -->
	<item component="ComponentInfo{com.dollargeneral.android/dgapp2.dollargeneral.com.dgapp2_android.SplashActivity}" drawable="dollar_general" />

	<!-- Duo Mobile -->
	<item component="ComponentInfo{com.duosecurity.duomobile/com.duosecurity.duomobile.account_list.AccountListActivity}" drawable="duo_mobile" />

	<!-- Dutch Bros -->
	<item component="ComponentInfo{com.dutchbros.loyalty/com.wearehathway.apps.stock.views.splash.SplashActivity}" drawable="dutch_bros" />

	<!-- Electrify America -->
	<item component="ComponentInfo{com.ea.evowner/com.sulzerus.electrifyamerica.SplashActivity}" drawable="electrify_america" />

	<!-- EV Connect -->
	<item component="ComponentInfo{com.evconnect.ionic/com.driverportal.MainActivity}" drawable="ev_connect" />

	<!-- Faction Randomizer for SmashUp -->
	<item component="ComponentInfo{com.stefvar.smashupfactionrandomizer/com.stefvar.smashupfactionrandomizer.MainActivity}" drawable="faction_randomizer_for_smashup" />

	<!-- Fidelity -->
	<item component="ComponentInfo{com.fidelity.android/com.fidelity.android.activity.AppConfigLoaderActivity}" drawable="fidelity" />

	<!-- File Manager -->
	<item component="ComponentInfo{org.fossify.filemanager/org.fossify.filemanager.activities.SplashActivity.Deep_purple}" drawable="file_manager" />

	<!-- Fitbit -->
	<item component="ComponentInfo{com.fitbit.FitbitMobile/com.fitbit.FirstActivity}" drawable="fitbit" />

	<!-- Gallery -->
	<item component="ComponentInfo{org.fossify.gallery/org.fossify.gallery.activities.SplashActivity.Deep_purple}" drawable="gallery" />

	<!-- GroupMe -->
	<item component="ComponentInfo{com.groupme.android/com.groupme.android.HomeActivity}" drawable="groupme" />

	<!-- HTeaO -->
	<item component="ComponentInfo{com.hteao.app/com.punchhapp.MainActivity}" drawable="hteao" />

	<!-- Iceraven -->
	<item component="ComponentInfo{io.github.forkmaintainers.iceraven/io.github.forkmaintainers.iceraven.App}" drawable="iceraven" />

	<!-- IYPS -->
	<item component="ComponentInfo{com.iyps/com.iyps.activities.MainActivity}" drawable="iyps" />

	<!-- Keep Alive -->
	<item component="ComponentInfo{io.keepalive.android/io.keepalive.android.MainActivity}" drawable="keep_alive" />

	<!-- Life360 -->
	<item component="ComponentInfo{com.life360.android.safetymapd/com.life360.koko.root.RootActivity}" drawable="life360" />

	<!-- LifeCounter -->
	<item component="ComponentInfo{com.marceljurtz.lifecounter/com.marceljurtz.lifecounter.views.Game.GameActivity}" drawable="lifecounter" />

	<!-- McAlisters -->
	<item component="ComponentInfo{com.snapfinger.mobile.mcalisters/com.snapfinger.mobile.mcalisters.SplashScreenActivity}" drawable="mcalisters" />

	<!-- Messages -->
	<item component="ComponentInfo{org.fossify.messages/org.fossify.messages.activities.SplashActivity.Deep_purple}" drawable="messages" />

	<!-- Mini Metro -->
	<item component="ComponentInfo{nz.co.codepoint.minimetro/com.dinopoloclub.minimetro.nbo.LicensedActivity}" drawable="mini_metro" />

	<!-- MONOPOLY GO -->
	<item component="ComponentInfo{com.scopely.monopolygo/com.scopely.unity.ScopelyUnityActivity}" drawable="monopoly_go" />

	<!-- MyGreenVolt -->
	<item component="ComponentInfo{net.MyGreenVolt/com.MyGreenVolt.MainActivity}" drawable="mygreenvolt" />

	<!-- myQ -->
	<item component="ComponentInfo{com.chamberlain.android.liftmaster.myq/com.chamberlain.myq.features.splashscreen.SplashActivity}" drawable="myq" />

	<!-- NetBenefits -->
	<item component="ComponentInfo{com.fidelity.wi.activity/com.fidelity.wi.activity.MainActivity}" drawable="netbenefits" />

	<!-- OpenBoard -->
	<item component="ComponentInfo{org.dslul.openboard.inputmethod.latin/org.dslul.openboard.inputmethod.latin.setup.SetupActivity}" drawable="openboard" />

	<!-- Papa's Freezeria To Go -->
	<item component="ComponentInfo{air.com.flipline.papasfreezeriatogo/air.com.flipline.papasfreezeriatogo.AIRAppEntry}" drawable="papas_freezeria_to_go" />

	<!-- Papa's Sushiria To Go -->
	<item component="ComponentInfo{air.com.flipline.papassushiriatogo/air.com.flipline.papassushiriatogo.AIRAppEntry}" drawable="papas_sushiria_to_go" />

	<!-- Phone -->
	<item component="ComponentInfo{org.fossify.phone/org.fossify.phone.activities.SplashActivity.Deep_purple}" drawable="phone" />

	<!-- Redbubble -->
	<item component="ComponentInfo{com.redbubble/com.redbubble.ui.MainActivity}" drawable="redbubble" />

	<!-- Rosco MyColor -->
	<item component="ComponentInfo{com.rosco.app.mycolor/com.rosco.app.mycolor.app.presentation.MainActivity}" drawable="rosco_mycolor" />

	<!-- Sam's Club -->
	<item component="ComponentInfo{com.rfi.sams.android/com.rfi.sams.android.main.SplashActivity}" drawable="sams_club" />

	<!-- Shop Marketstreet -->
	<item component="ComponentInfo{com.united.marketstreetrs/com.united.marketstreetrs.MainActivity}" drawable="shop_marketstreet" />

	<!-- Shop United Supermarkets -->
	<item component="ComponentInfo{sysnify.com.dfwrelationshop/sysnify.com.dfwrelationshop.MainActivity}" drawable="shop_united_supermarkets" />

	<!-- SoFi -->
	<item component="ComponentInfo{com.sofi.mobile/com.sofi.mobile.login.splashscreen.SplashScreenActivity}" drawable="sofi" />

	<!-- Sonic -->
	<item component="ComponentInfo{com.sonic.sonicdrivein/com.inspirebrandsapp.MainActivity}" drawable="sonic" />

	<!-- Stardew Valley -->
	<item component="ComponentInfo{com.chucklefish.stardewvalley/crc64e8b22d3833b21ea5.MainActivity}" drawable="stardew_valley" />

	<!-- stats.fm -->
	<item component="ComponentInfo{dev.netlob.spotistats/dev.netlob.spotistats.MainActivity}" drawable="statsfm" />

	<!-- System UI Tuner -->
	<item component="ComponentInfo{com.bryancandi.android.uituner/com.bryancandi.android.uituner.MainActivity}" drawable="system_ui_tuner" />

	<!-- Tabletop Tools -->
	<item component="ComponentInfo{com.github.muellerma.tabletoptools/com.github.muellerma.tabletoptools.ui.MainActivity}" drawable="tabletop_tools" />

	<!-- Target -->
	<item component="ComponentInfo{com.target.ui/com.target.ui.activity.NavigationActivity}" drawable="target" />

	<!-- Vivint -->
	<item component="ComponentInfo{com.vivint.vivintsky/com.vivint.vivintsky.login.ui.StartActivity}" drawable="vivint" />

	<!-- Wendy's -->
	<item component="ComponentInfo{com.wendys.nutritiontool/com.wendys.mobile.presentation.activity.SplashActivity}" drawable="wendys" />

	<!-- Whataburger -->
	<item component="ComponentInfo{wb.mobile.cx.client.droid/crc6482ea12e3f319a2d7.SplashScreen}" drawable="whataburger" />

</resources>