<appmap>

	<!-- Panda Express -->
	<item class="com.pandaexpress.app.MainActivity" name="panda_express"/>

	<!-- ABRP -->
	<item class="com.iternio.abrpapp.MainActivity" name="abrp"/>

	<!-- AndrOBD -->
	<item class="com.fr3ts0n.ecu.gui.androbd.MainActivity" name="androbd"/>

	<!-- Blackboard -->
	<item class="com.blackboard.android.bbstudent.splash.SplashActivity" name="blackboard"/>

	<!-- Carrion -->
	<item class="us.spotco.carrion.MainActivity" name="carrion"/>

	<!-- Chargie -->
	<item class="com.ble.chargie.activities.Scanner.ScanActivity" name="chargie"/>

	<!-- ChipDefense -->
	<item class="com.example.cpudefense.WelcomeActivity" name="chipdefense"/>

	<!-- Citizens Access -->
	<item class="com.citizens.reference.view.LaunchActivity" name="citizens_access"/>

	<!-- City Bank -->
	<item class="com.q2.app.core.ui.LauncherActivity" name="city_bank"/>

	<!-- Clima -->
	<item class="io.flutter.embedding.android.FlutterActivity" name="clima"/>

	<!-- Contacts -->
	<item class="org.fossify.contacts.activities.SplashActivity.Purple" name="contacts"/>

	<!-- Delta -->
	<item class="website.leifs.delta.activities.MainActivity" name="delta"/>

	<!-- Dollar General -->
	<item class="dgapp2.dollargeneral.com.dgapp2_android.SplashActivity" name="dollar_general"/>

	<!-- Duo Mobile -->
	<item class="com.duosecurity.duomobile.account_list.AccountListActivity" name="duo_mobile"/>

	<!-- Dutch Bros -->
	<item class="com.wearehathway.apps.stock.views.splash.SplashActivity" name="dutch_bros"/>

	<!-- Electrify America -->
	<item class="com.sulzerus.electrifyamerica.SplashActivity" name="electrify_america"/>

	<!-- EV Connect -->
	<item class="com.driverportal.MainActivity" name="ev_connect"/>

	<!-- Faction Randomizer for SmashUp -->
	<item class="com.stefvar.smashupfactionrandomizer.MainActivity" name="faction_randomizer_for_smashup"/>

	<!-- Fidelity -->
	<item class="com.fidelity.android.activity.AppConfigLoaderActivity" name="fidelity"/>

	<!-- File Manager -->
	<item class="org.fossify.filemanager.activities.SplashActivity.Deep_purple" name="file_manager"/>

	<!-- Fitbit -->
	<item class="com.fitbit.FirstActivity" name="fitbit"/>

	<!-- Gallery -->
	<item class="org.fossify.gallery.activities.SplashActivity.Deep_purple" name="gallery"/>

	<!-- GroupMe -->
	<item class="com.groupme.android.HomeActivity" name="groupme"/>

	<!-- HTeaO -->
	<item class="com.punchhapp.MainActivity" name="hteao"/>

	<!-- Iceraven -->
	<item class="io.github.forkmaintainers.iceraven.App" name="iceraven"/>

	<!-- IYPS -->
	<item class="com.iyps.activities.MainActivity" name="iyps"/>

	<!-- Keep Alive -->
	<item class="io.keepalive.android.MainActivity" name="keep_alive"/>

	<!-- Life360 -->
	<item class="com.life360.koko.root.RootActivity" name="life360"/>

	<!-- LifeCounter -->
	<item class="com.marceljurtz.lifecounter.views.Game.GameActivity" name="lifecounter"/>

	<!-- McAlisters -->
	<item class="com.snapfinger.mobile.mcalisters.SplashScreenActivity" name="mcalisters"/>

	<!-- Messages -->
	<item class="org.fossify.messages.activities.SplashActivity.Deep_purple" name="messages"/>

	<!-- Mini Metro -->
	<item class="com.dinopoloclub.minimetro.nbo.LicensedActivity" name="mini_metro"/>

	<!-- MONOPOLY GO -->
	<item class="com.scopely.unity.ScopelyUnityActivity" name="monopoly_go"/>

	<!-- MyGreenVolt -->
	<item class="com.MyGreenVolt.MainActivity" name="mygreenvolt"/>

	<!-- myQ -->
	<item class="com.chamberlain.myq.features.splashscreen.SplashActivity" name="myq"/>

	<!-- NetBenefits -->
	<item class="com.fidelity.wi.activity.MainActivity" name="netbenefits"/>

	<!-- OpenBoard -->
	<item class="org.dslul.openboard.inputmethod.latin.setup.SetupActivity" name="openboard"/>

	<!-- Papa's Freezeria To Go -->
	<item class="air.com.flipline.papasfreezeriatogo.AIRAppEntry" name="papas_freezeria_to_go"/>

	<!-- Papa's Sushiria To Go -->
	<item class="air.com.flipline.papassushiriatogo.AIRAppEntry" name="papas_sushiria_to_go"/>

	<!-- Phone -->
	<item class="org.fossify.phone.activities.SplashActivity.Deep_purple" name="phone"/>

	<!-- Redbubble -->
	<item class="com.redbubble.ui.MainActivity" name="redbubble"/>

	<!-- Rosco MyColor -->
	<item class="com.rosco.app.mycolor.app.presentation.MainActivity" name="rosco_mycolor"/>

	<!-- Sam's Club -->
	<item class="com.rfi.sams.android.main.SplashActivity" name="sams_club"/>

	<!-- Shop Marketstreet -->
	<item class="com.united.marketstreetrs.MainActivity" name="shop_marketstreet"/>

	<!-- Shop United Supermarkets -->
	<item class="sysnify.com.dfwrelationshop.MainActivity" name="shop_united_supermarkets"/>

	<!-- SoFi -->
	<item class="com.sofi.mobile.login.splashscreen.SplashScreenActivity" name="sofi"/>

	<!-- Sonic -->
	<item class="com.inspirebrandsapp.MainActivity" name="sonic"/>

	<!-- Stardew Valley -->
	<item class="crc64e8b22d3833b21ea5.MainActivity" name="stardew_valley"/>

	<!-- stats.fm -->
	<item class="dev.netlob.spotistats.MainActivity" name="statsfm"/>

	<!-- System UI Tuner -->
	<item class="com.bryancandi.android.uituner.MainActivity" name="system_ui_tuner"/>

	<!-- Tabletop Tools -->
	<item class="com.github.muellerma.tabletoptools.ui.MainActivity" name="tabletop_tools"/>

	<!-- Target -->
	<item class="com.target.ui.activity.NavigationActivity" name="target"/>

	<!-- Vivint -->
	<item class="com.vivint.vivintsky.login.ui.StartActivity" name="vivint"/>

	<!-- Wendy's -->
	<item class="com.wendys.mobile.presentation.activity.SplashActivity" name="wendys"/>

	<!-- Whataburger -->
	<item class="crc6482ea12e3f319a2d7.SplashScreen" name="whataburger"/>

</appmap>