<Theme version="1">

	<!-- Panda Express -->
	<AppIcon name="com.pandaexpress.app/com.pandaexpress.app.MainActivity" image="panda_express"/>

	<!-- ABRP -->
	<AppIcon name="com.iternio.abrpapp/com.iternio.abrpapp.MainActivity" image="abrp"/>

	<!-- AndrOBD -->
	<AppIcon name="com.fr3ts0n.ecu.gui.androbd/com.fr3ts0n.ecu.gui.androbd.MainActivity" image="androbd"/>

	<!-- Blackboard -->
	<AppIcon name="com.blackboard.android.bbstudent/com.blackboard.android.bbstudent.splash.SplashActivity" image="blackboard"/>

	<!-- Carrion -->
	<AppIcon name="us.spotco.carrion/us.spotco.carrion.MainActivity" image="carrion"/>

	<!-- Chargie -->
	<AppIcon name="com.ble.chargie/com.ble.chargie.activities.Scanner.ScanActivity" image="chargie"/>

	<!-- ChipDefense -->
	<AppIcon name="de.chadenas.cpudefense/com.example.cpudefense.WelcomeActivity" image="chipdefense"/>

	<!-- Citizens Access -->
	<AppIcon name="com.citizens.mobile.national/com.citizens.reference.view.LaunchActivity" image="citizens_access"/>

	<!-- City Bank -->
	<AppIcon name="com.citybank336202.mobile/com.q2.app.core.ui.LauncherActivity" image="city_bank"/>

	<!-- Clima -->
	<AppIcon name="co.prestosole.clima/io.flutter.embedding.android.FlutterActivity" image="clima"/>

	<!-- Contacts -->
	<AppIcon name="org.fossify.contacts/org.fossify.contacts.activities.SplashActivity.Purple" image="contacts"/>

	<!-- Delta -->
	<AppIcon name="website.leifs.delta.foss/website.leifs.delta.activities.MainActivity" image="delta"/>

	<!-- Dollar General -->
	<AppIcon name="com.dollargeneral.android/dgapp2.dollargeneral.com.dgapp2_android.SplashActivity" image="dollar_general"/>

	<!-- Duo Mobile -->
	<AppIcon name="com.duosecurity.duomobile/com.duosecurity.duomobile.account_list.AccountListActivity" image="duo_mobile"/>

	<!-- Dutch Bros -->
	<AppIcon name="com.dutchbros.loyalty/com.wearehathway.apps.stock.views.splash.SplashActivity" image="dutch_bros"/>

	<!-- Electrify America -->
	<AppIcon name="com.ea.evowner/com.sulzerus.electrifyamerica.SplashActivity" image="electrify_america"/>

	<!-- EV Connect -->
	<AppIcon name="com.evconnect.ionic/com.driverportal.MainActivity" image="ev_connect"/>

	<!-- Faction Randomizer for SmashUp -->
	<AppIcon name="com.stefvar.smashupfactionrandomizer/com.stefvar.smashupfactionrandomizer.MainActivity" image="faction_randomizer_for_smashup"/>

	<!-- Fidelity -->
	<AppIcon name="com.fidelity.android/com.fidelity.android.activity.AppConfigLoaderActivity" image="fidelity"/>

	<!-- File Manager -->
	<AppIcon name="org.fossify.filemanager/org.fossify.filemanager.activities.SplashActivity.Deep_purple" image="file_manager"/>

	<!-- Fitbit -->
	<AppIcon name="com.fitbit.FitbitMobile/com.fitbit.FirstActivity" image="fitbit"/>

	<!-- Gallery -->
	<AppIcon name="org.fossify.gallery/org.fossify.gallery.activities.SplashActivity.Deep_purple" image="gallery"/>

	<!-- GroupMe -->
	<AppIcon name="com.groupme.android/com.groupme.android.HomeActivity" image="groupme"/>

	<!-- HTeaO -->
	<AppIcon name="com.hteao.app/com.punchhapp.MainActivity" image="hteao"/>

	<!-- Iceraven -->
	<AppIcon name="io.github.forkmaintainers.iceraven/io.github.forkmaintainers.iceraven.App" image="iceraven"/>

	<!-- IYPS -->
	<AppIcon name="com.iyps/com.iyps.activities.MainActivity" image="iyps"/>

	<!-- Keep Alive -->
	<AppIcon name="io.keepalive.android/io.keepalive.android.MainActivity" image="keep_alive"/>

	<!-- Life360 -->
	<AppIcon name="com.life360.android.safetymapd/com.life360.koko.root.RootActivity" image="life360"/>

	<!-- LifeCounter -->
	<AppIcon name="com.marceljurtz.lifecounter/com.marceljurtz.lifecounter.views.Game.GameActivity" image="lifecounter"/>

	<!-- McAlisters -->
	<AppIcon name="com.snapfinger.mobile.mcalisters/com.snapfinger.mobile.mcalisters.SplashScreenActivity" image="mcalisters"/>

	<!-- Messages -->
	<AppIcon name="org.fossify.messages/org.fossify.messages.activities.SplashActivity.Deep_purple" image="messages"/>

	<!-- Mini Metro -->
	<AppIcon name="nz.co.codepoint.minimetro/com.dinopoloclub.minimetro.nbo.LicensedActivity" image="mini_metro"/>

	<!-- MONOPOLY GO -->
	<AppIcon name="com.scopely.monopolygo/com.scopely.unity.ScopelyUnityActivity" image="monopoly_go"/>

	<!-- MyGreenVolt -->
	<AppIcon name="net.MyGreenVolt/com.MyGreenVolt.MainActivity" image="mygreenvolt"/>

	<!-- myQ -->
	<AppIcon name="com.chamberlain.android.liftmaster.myq/com.chamberlain.myq.features.splashscreen.SplashActivity" image="myq"/>

	<!-- NetBenefits -->
	<AppIcon name="com.fidelity.wi.activity/com.fidelity.wi.activity.MainActivity" image="netbenefits"/>

	<!-- OpenBoard -->
	<AppIcon name="org.dslul.openboard.inputmethod.latin/org.dslul.openboard.inputmethod.latin.setup.SetupActivity" image="openboard"/>

	<!-- Papa's Freezeria To Go -->
	<AppIcon name="air.com.flipline.papasfreezeriatogo/air.com.flipline.papasfreezeriatogo.AIRAppEntry" image="papas_freezeria_to_go"/>

	<!-- Papa's Sushiria To Go -->
	<AppIcon name="air.com.flipline.papassushiriatogo/air.com.flipline.papassushiriatogo.AIRAppEntry" image="papas_sushiria_to_go"/>

	<!-- Phone -->
	<AppIcon name="org.fossify.phone/org.fossify.phone.activities.SplashActivity.Deep_purple" image="phone"/>

	<!-- Redbubble -->
	<AppIcon name="com.redbubble/com.redbubble.ui.MainActivity" image="redbubble"/>

	<!-- Rosco MyColor -->
	<AppIcon name="com.rosco.app.mycolor/com.rosco.app.mycolor.app.presentation.MainActivity" image="rosco_mycolor"/>

	<!-- Sam's Club -->
	<AppIcon name="com.rfi.sams.android/com.rfi.sams.android.main.SplashActivity" image="sams_club"/>

	<!-- Shop Marketstreet -->
	<AppIcon name="com.united.marketstreetrs/com.united.marketstreetrs.MainActivity" image="shop_marketstreet"/>

	<!-- Shop United Supermarkets -->
	<AppIcon name="sysnify.com.dfwrelationshop/sysnify.com.dfwrelationshop.MainActivity" image="shop_united_supermarkets"/>

	<!-- SoFi -->
	<AppIcon name="com.sofi.mobile/com.sofi.mobile.login.splashscreen.SplashScreenActivity" image="sofi"/>

	<!-- Sonic -->
	<AppIcon name="com.sonic.sonicdrivein/com.inspirebrandsapp.MainActivity" image="sonic"/>

	<!-- Stardew Valley -->
	<AppIcon name="com.chucklefish.stardewvalley/crc64e8b22d3833b21ea5.MainActivity" image="stardew_valley"/>

	<!-- stats.fm -->
	<AppIcon name="dev.netlob.spotistats/dev.netlob.spotistats.MainActivity" image="statsfm"/>

	<!-- System UI Tuner -->
	<AppIcon name="com.bryancandi.android.uituner/com.bryancandi.android.uituner.MainActivity" image="system_ui_tuner"/>

	<!-- Tabletop Tools -->
	<AppIcon name="com.github.muellerma.tabletoptools/com.github.muellerma.tabletoptools.ui.MainActivity" image="tabletop_tools"/>

	<!-- Target -->
	<AppIcon name="com.target.ui/com.target.ui.activity.NavigationActivity" image="target"/>

	<!-- Vivint -->
	<AppIcon name="com.vivint.vivintsky/com.vivint.vivintsky.login.ui.StartActivity" image="vivint"/>

	<!-- Wendy's -->
	<AppIcon name="com.wendys.nutritiontool/com.wendys.mobile.presentation.activity.SplashActivity" image="wendys"/>

	<!-- Whataburger -->
	<AppIcon name="wb.mobile.cx.client.droid/crc6482ea12e3f319a2d7.SplashScreen" image="whataburger"/>

</Theme>