<resources>

	<!-- AirConsole -->
	<item component="ComponentInfo{com.airconsole.controller/com.airconsole.controller.MainActivity}" drawable="airconsole" />

	<!-- Clash of Clans -->
	<item component="ComponentInfo{com.supercell.clashofclans/com.supercell.titan.GameApp}" drawable="clash_of_clans" />

	<!-- Commute -->
	<item component="ComponentInfo{com.mediocre.commute/com.mediocre.commute.Main}" drawable="commute" />

	<!-- HappyMod -->
	<item component="ComponentInfo{com.happymod.apk/com.happymod.apk.hmmvp.allfunction.LaunchActivity}" drawable="happymod" />

	<!-- Info Dienste -->
	<item component="ComponentInfo{com.android.stk/com.android.stk.StkMain}" drawable="info_dienste" />

	<!-- Lawnchair -->
	<item component="ComponentInfo{ch.deletescape.lawnchair.plah/ch.deletescape.lawnchair.LawnchairLauncher}" drawable="lawnchair" />

	<!-- MEGA -->
	<item component="ComponentInfo{mega.privacy.android.app/mega.privacy.android.app.main.ManagerActivity}" drawable="mega" />

	<!-- Microsoft SwiftKey-Tastatur -->
	<item component="ComponentInfo{com.touchtype.swiftkey/com.touchtype.LauncherActivityIcon}" drawable="microsoft_swiftkey_tastatur" />

	<!-- Mosaic -->
	<item component="ComponentInfo{com.photograph.mosaic/com.photograph.mosaic.MainActivity}" drawable="mosaic" />

	<!-- Onleihe -->
	<item component="ComponentInfo{de.etecture.ekz.onleihe/de.etecture.ekz.onleihe.activity.SplashScreenActivity}" drawable="onleihe" />

	<!-- Pixel Wheels -->
	<item component="ComponentInfo{com.agateau.tinywheels.android/com.agateau.pixelwheels.android.AndroidLauncher}" drawable="pixel_wheels" />

	<!-- QR-Scanner -->
	<item component="ComponentInfo{com.teacapps.barcodescanner/net.qrbot.ui.main.MainActivity}" drawable="qr_scanner" />

	<!-- SimpleLogin -->
	<item component="ComponentInfo{io.simplelogin.android/io.simplelogin.android.module.startup.StartupActivity}" drawable="simplelogin" />

	<!-- Symbolab -->
	<item component="ComponentInfo{com.devsense.symbolab/com.symbolab.symbolablibrary.ui.activities.SplashActivity}" drawable="symbolab" />

	<!-- Termux -->
	<item component="ComponentInfo{com.termux/com.termux.app.TermuxActivity}" drawable="termux" />

	<!-- UUID 0xFD6F Scanner -->
	<item component="ComponentInfo{com.emacberry.uuid0xfd6fscan/com.emacberry.uuid0xfd6fscan.ScannerActivity}" drawable="uuid_0xfd6f_scanner" />

	<!-- Vanced Manager -->
	<item component="ComponentInfo{com.vanced.manager/com.vanced.manager.ui.SplashScreenActivity}" drawable="vanced_manager" />

	<!-- Vanced microG Settings -->
	<item component="ComponentInfo{com.mgoogle.android.gms/org.microg.gms.ui.SettingsActivityLauncher}" drawable="vanced_microg_settings" />

	<!-- Watten -->
	<item component="ComponentInfo{stefanlukasv.googlemail.com.watten/stefanlukasv.googlemail.com.watten.SplashActivity}" drawable="watten" />

	<!-- WhatsApp SIM -->
	<item component="ComponentInfo{de.eplus.mappecc.client.android.whatsappsim/de.eplus.mappecc.client.android.feature.splashscreen.SplashActivity}" drawable="whatsapp_sim" />

</resources>