<appmap>

	<!-- AirConsole -->
	<item class="com.airconsole.controller.MainActivity" name="airconsole"/>

	<!-- Clash of Clans -->
	<item class="com.supercell.titan.GameApp" name="clash_of_clans"/>

	<!-- Commute -->
	<item class="com.mediocre.commute.Main" name="commute"/>

	<!-- HappyMod -->
	<item class="com.happymod.apk.hmmvp.allfunction.LaunchActivity" name="happymod"/>

	<!-- Info Dienste -->
	<item class="com.android.stk.StkMain" name="info_dienste"/>

	<!-- Lawnchair -->
	<item class="ch.deletescape.lawnchair.LawnchairLauncher" name="lawnchair"/>

	<!-- MEGA -->
	<item class="mega.privacy.android.app.main.ManagerActivity" name="mega"/>

	<!-- Microsoft SwiftKey-Tastatur -->
	<item class="com.touchtype.LauncherActivityIcon" name="microsoft_swiftkey_tastatur"/>

	<!-- Mosaic -->
	<item class="com.photograph.mosaic.MainActivity" name="mosaic"/>

	<!-- Onleihe -->
	<item class="de.etecture.ekz.onleihe.activity.SplashScreenActivity" name="onleihe"/>

	<!-- Pixel Wheels -->
	<item class="com.agateau.pixelwheels.android.AndroidLauncher" name="pixel_wheels"/>

	<!-- QR-Scanner -->
	<item class="net.qrbot.ui.main.MainActivity" name="qr_scanner"/>

	<!-- SimpleLogin -->
	<item class="io.simplelogin.android.module.startup.StartupActivity" name="simplelogin"/>

	<!-- Symbolab -->
	<item class="com.symbolab.symbolablibrary.ui.activities.SplashActivity" name="symbolab"/>

	<!-- Termux -->
	<item class="com.termux.app.TermuxActivity" name="termux"/>

	<!-- UUID 0xFD6F Scanner -->
	<item class="com.emacberry.uuid0xfd6fscan.ScannerActivity" name="uuid_0xfd6f_scanner"/>

	<!-- Vanced Manager -->
	<item class="com.vanced.manager.ui.SplashScreenActivity" name="vanced_manager"/>

	<!-- Vanced microG Settings -->
	<item class="org.microg.gms.ui.SettingsActivityLauncher" name="vanced_microg_settings"/>

	<!-- Watten -->
	<item class="stefanlukasv.googlemail.com.watten.SplashActivity" name="watten"/>

	<!-- WhatsApp SIM -->
	<item class="de.eplus.mappecc.client.android.feature.splashscreen.SplashActivity" name="whatsapp_sim"/>

</appmap>