<Theme version="1">

	<!-- AirConsole -->
	<AppIcon name="com.airconsole.controller/com.airconsole.controller.MainActivity" image="airconsole"/>

	<!-- Clash of Clans -->
	<AppIcon name="com.supercell.clashofclans/com.supercell.titan.GameApp" image="clash_of_clans"/>

	<!-- Commute -->
	<AppIcon name="com.mediocre.commute/com.mediocre.commute.Main" image="commute"/>

	<!-- HappyMod -->
	<AppIcon name="com.happymod.apk/com.happymod.apk.hmmvp.allfunction.LaunchActivity" image="happymod"/>

	<!-- Info Dienste -->
	<AppIcon name="com.android.stk/com.android.stk.StkMain" image="info_dienste"/>

	<!-- Lawnchair -->
	<AppIcon name="ch.deletescape.lawnchair.plah/ch.deletescape.lawnchair.LawnchairLauncher" image="lawnchair"/>

	<!-- MEGA -->
	<AppIcon name="mega.privacy.android.app/mega.privacy.android.app.main.ManagerActivity" image="mega"/>

	<!-- Microsoft SwiftKey-Tastatur -->
	<AppIcon name="com.touchtype.swiftkey/com.touchtype.LauncherActivityIcon" image="microsoft_swiftkey_tastatur"/>

	<!-- Mosaic -->
	<AppIcon name="com.photograph.mosaic/com.photograph.mosaic.MainActivity" image="mosaic"/>

	<!-- Onleihe -->
	<AppIcon name="de.etecture.ekz.onleihe/de.etecture.ekz.onleihe.activity.SplashScreenActivity" image="onleihe"/>

	<!-- Pixel Wheels -->
	<AppIcon name="com.agateau.tinywheels.android/com.agateau.pixelwheels.android.AndroidLauncher" image="pixel_wheels"/>

	<!-- QR-Scanner -->
	<AppIcon name="com.teacapps.barcodescanner/net.qrbot.ui.main.MainActivity" image="qr_scanner"/>

	<!-- SimpleLogin -->
	<AppIcon name="io.simplelogin.android/io.simplelogin.android.module.startup.StartupActivity" image="simplelogin"/>

	<!-- Symbolab -->
	<AppIcon name="com.devsense.symbolab/com.symbolab.symbolablibrary.ui.activities.SplashActivity" image="symbolab"/>

	<!-- Termux -->
	<AppIcon name="com.termux/com.termux.app.TermuxActivity" image="termux"/>

	<!-- UUID 0xFD6F Scanner -->
	<AppIcon name="com.emacberry.uuid0xfd6fscan/com.emacberry.uuid0xfd6fscan.ScannerActivity" image="uuid_0xfd6f_scanner"/>

	<!-- Vanced Manager -->
	<AppIcon name="com.vanced.manager/com.vanced.manager.ui.SplashScreenActivity" image="vanced_manager"/>

	<!-- Vanced microG Settings -->
	<AppIcon name="com.mgoogle.android.gms/org.microg.gms.ui.SettingsActivityLauncher" image="vanced_microg_settings"/>

	<!-- Watten -->
	<AppIcon name="stefanlukasv.googlemail.com.watten/stefanlukasv.googlemail.com.watten.SplashActivity" image="watten"/>

	<!-- WhatsApp SIM -->
	<AppIcon name="de.eplus.mappecc.client.android.whatsappsim/de.eplus.mappecc.client.android.feature.splashscreen.SplashActivity" image="whatsapp_sim"/>

</Theme>