<resources>

	<!-- Amazon -->
	<item component="ComponentInfo{in.amazon.mShop.android.shopping/com.amazon.mShop.home.HomeActivity}" drawable="amazon" />

	<!-- Antivirus Free -->
	<item component="ComponentInfo{com.bitdefender.antivirus/com.bitdefender.antivirus.MainActivity}" drawable="antivirus_free" />

	<!-- App Finder -->
	<item component="ComponentInfo{scadica.aq/scadica.aq.AC}" drawable="app_finder" />

	<!-- bigbasket -->
	<item component="ComponentInfo{com.bigbasket.mobileapp/com.bigbasket.mobileapp.activity.SplashActivity}" drawable="bigbasket" />

	<!-- DailyObjects -->
	<item component="ComponentInfo{com.dailyobjects/com.dailyobjects.marche.main.MainActivity}" drawable="dailyobjects" />

	<!-- Deco -->
	<item component="ComponentInfo{com.tplink.tpm5/com.tplink.tpm5.component.account.welcome.view.WelcomeActivity}" drawable="deco" />

	<!-- DMart Ready -->
	<item component="ComponentInfo{in.dmart/in.dmart.splash.SplashActivity}" drawable="dmart_ready" />

	<!-- EatClub -->
	<item component="ComponentInfo{com.poncho.eatclub/com.poncho.activities.SplashActivity}" drawable="eatclub" />

	<!-- Facer -->
	<item component="ComponentInfo{com.jeremysteckling.facerrel/com.jeremysteckling.facerrel.Launcher}" drawable="facer" />

	<!-- Free TV -->
	<item component="ComponentInfo{com.phstudio.freetv/com.phstudio.freetv.MainActivity}" drawable="free_tv" />

	<!-- Gaming Hub -->
	<item component="ComponentInfo{com.samsung.android.game.gamehome/com.samsung.android.game.gamehome.app.MainActivity}" drawable="gaming_hub" />

	<!-- Glassdoor -->
	<item component="ComponentInfo{com.glassdoor.app/com.glassdoor.app.presentation.ui.MainActivity}" drawable="glassdoor" />

	<!-- Health -->
	<item component="ComponentInfo{com.sec.android.app.shealth/com.samsung.android.app.shealth.home.HomeMainActivity}" drawable="health" />

	<!-- INS Downloader -->
	<item component="ComponentInfo{videoeditor.videomaker.trim.music.videoeditorforyoutube/com.xvideostudio.videodownload.mvvm.ui.activity.SplashActivity}" drawable="ins_downloader" />

	<!-- Kalnirnay -->
	<item component="ComponentInfo{com.awt.kalnirnay/com.awt.kalnirnay.MainActivity}" drawable="kalnirnay" />

	<!-- Keyboard -->
	<item component="ComponentInfo{com.simplemobiletools.keyboard/com.simplemobiletools.keyboard.activities.SplashActivity.Orange}" drawable="keyboard" />

	<!-- KFC -->
	<item component="ComponentInfo{com.yum.kfc/com.cognizantorderserv.kfcindiadroid.MainActivity}" drawable="kfc" />

	<!-- Kodi -->
	<item component="ComponentInfo{org.xbmc.kodi/org.xbmc.kodi.Splash}" drawable="kodi" />

	<!-- Layout -->
	<item component="ComponentInfo{com.instagram.layout/com.instagram.layout.LayoutActivity}" drawable="layout" />

	<!-- Mappls MapmyIndia -->
	<item component="ComponentInfo{com.mmi.maps/com.mmi.maps.ui.activities.HomeScreenActivity}" drawable="mappls_mapmyindia" />

	<!-- Meesho -->
	<item component="ComponentInfo{com.meesho.supply/com.meesho.supply.main.MainActivity}" drawable="meesho" />

	<!-- MGL CONNECT -->
	<item component="ComponentInfo{com.mobicule.mgl/com.mgl.connect.SplashScreenActivity}" drawable="mgl_connect" />

	<!-- Milkbasket -->
	<item component="ComponentInfo{com.milkbasket.app/com.milkbasket.app.MainActivity}" drawable="milkbasket" />

	<!-- mIndicator -->
	<item component="ComponentInfo{com.mobond.mindicator/com.mobond.mindicator.SplashUI}" drawable="mindicator" />

	<!-- My Galaxy -->
	<item component="ComponentInfo{com.mygalaxy/com.mygalaxy.SplashScreenActivity}" drawable="my_galaxy" />

	<!-- Myntra -->
	<item component="ComponentInfo{com.myntra.android/com.myntra.android.activities.react.ReactActivity}" drawable="myntra" />

	<!-- Naukri.com -->
	<item component="ComponentInfo{naukriApp.appModules.login/com.naukri.splash.SplashActivity}" drawable="naukricom" />

	<!-- NMMT BusTracker -->
	<item component="ComponentInfo{nmmt.tracker.com.nmmc/nmmt.tracker.com.nmmc.MainActivity}" drawable="nmmt_bustracker" />

	<!-- NoBroker -->
	<item component="ComponentInfo{com.nobroker.app/com.nobroker.app.activities.NBSplashScreen}" drawable="nobroker" />

	<!-- Ola -->
	<item component="ComponentInfo{com.olacabs.customer/com.olacabs.customer.ui.SplashActivity}" drawable="ola" />

	<!-- Paisa -->
	<item component="ComponentInfo{dev.hemanths.paisa/dev.hemanths.paisa.MainActivity}" drawable="paisa" />

	<!-- Rapido -->
	<item component="ComponentInfo{com.rapido.passenger/com.rapido.passenger.CloneDefaultAlias}" drawable="rapido" />

	<!-- Ringpod -->
	<item component="ComponentInfo{com.herman.ringpod/com.herman.ringpod.MusicPicker}" drawable="ringpod" />

	<!-- Samsung Shop -->
	<item component="ComponentInfo{com.samsung.ecomm.global.in/com.samsung.ecomm.global.shop_app.MainActivity}" drawable="samsung_shop" />

	<!-- SD Maid -->
	<item component="ComponentInfo{eu.thedarken.sdm/eu.thedarken.sdm.main.ui.SDMMainActivity}" drawable="sd_maid" />

	<!-- SD Maid Pro -->
	<item component="ComponentInfo{eu.thedarken.sdm.unlocker/eu.thedarken.sdm.unlocker.MainActivity}" drawable="sd_maid_pro" />

	<!-- SD Maid SE -->
	<item component="ComponentInfo{eu.darken.sdmse/eu.darken.sdmse.main.ui.MainActivity}" drawable="sd_maid_se" />

	<!-- smallcase -->
	<item component="ComponentInfo{com.smallcase.android/com.smallcase.android.MainActivity}" drawable="smallcase" />

	<!-- The Souled Store -->
	<item component="ComponentInfo{com.thesouledstore/com.thesouledstore.SplashActivity}" drawable="the_souled_store" />

	<!-- threedots -->
	<item component="ComponentInfo{com.tresscommas.threedots/com.tresscommas.threedots.MainActivity}" drawable="threedots" />

	<!-- TV Cast (Google Cast) -->
	<item component="ComponentInfo{de.twokit.castbrowsernexusplayer/de.twokit.castbrowsernexusplayer.MainActivity}" drawable="tv_cast_google_cast_" />

	<!-- Urban Company -->
	<item component="ComponentInfo{com.urbanclap.urbanclap/com.urbanclap.urbanclap.core.app_icon.NormalUser}" drawable="urban_company" />

	<!-- Varsity -->
	<item component="ComponentInfo{com.zerodha.varsity/com.zerodha.varsity.MainActivity}" drawable="varsity" />

	<!-- Windscribe -->
	<item component="ComponentInfo{com.windscribe.vpn/com.windscribe.mobile.splash.SplashActivity}" drawable="windscribe" />

	<!-- YT Music -->
	<item component="ComponentInfo{app.revanced.android.apps.youtube.music/com.google.android.apps.youtube.music.activities.MusicActivity}" drawable="yt_music" />

	<!-- Zen Music -->
	<item component="ComponentInfo{com.github.pakka_papad/com.github.pakka_papad.MainActivity}" drawable="zen_music" />

</resources>