<appmap>

	<!-- Amazon -->
	<item class="com.amazon.mShop.home.HomeActivity" name="amazon"/>

	<!-- Antivirus Free -->
	<item class="com.bitdefender.antivirus.MainActivity" name="antivirus_free"/>

	<!-- App Finder -->
	<item class="scadica.aq.AC" name="app_finder"/>

	<!-- bigbasket -->
	<item class="com.bigbasket.mobileapp.activity.SplashActivity" name="bigbasket"/>

	<!-- DailyObjects -->
	<item class="com.dailyobjects.marche.main.MainActivity" name="dailyobjects"/>

	<!-- Deco -->
	<item class="com.tplink.tpm5.component.account.welcome.view.WelcomeActivity" name="deco"/>

	<!-- DMart Ready -->
	<item class="in.dmart.splash.SplashActivity" name="dmart_ready"/>

	<!-- EatClub -->
	<item class="com.poncho.activities.SplashActivity" name="eatclub"/>

	<!-- Facer -->
	<item class="com.jeremysteckling.facerrel.Launcher" name="facer"/>

	<!-- Free TV -->
	<item class="com.phstudio.freetv.MainActivity" name="free_tv"/>

	<!-- Gaming Hub -->
	<item class="com.samsung.android.game.gamehome.app.MainActivity" name="gaming_hub"/>

	<!-- Glassdoor -->
	<item class="com.glassdoor.app.presentation.ui.MainActivity" name="glassdoor"/>

	<!-- Health -->
	<item class="com.samsung.android.app.shealth.home.HomeMainActivity" name="health"/>

	<!-- INS Downloader -->
	<item class="com.xvideostudio.videodownload.mvvm.ui.activity.SplashActivity" name="ins_downloader"/>

	<!-- Kalnirnay -->
	<item class="com.awt.kalnirnay.MainActivity" name="kalnirnay"/>

	<!-- Keyboard -->
	<item class="com.simplemobiletools.keyboard.activities.SplashActivity.Orange" name="keyboard"/>

	<!-- KFC -->
	<item class="com.cognizantorderserv.kfcindiadroid.MainActivity" name="kfc"/>

	<!-- Kodi -->
	<item class="org.xbmc.kodi.Splash" name="kodi"/>

	<!-- Layout -->
	<item class="com.instagram.layout.LayoutActivity" name="layout"/>

	<!-- Mappls MapmyIndia -->
	<item class="com.mmi.maps.ui.activities.HomeScreenActivity" name="mappls_mapmyindia"/>

	<!-- Meesho -->
	<item class="com.meesho.supply.main.MainActivity" name="meesho"/>

	<!-- MGL CONNECT -->
	<item class="com.mgl.connect.SplashScreenActivity" name="mgl_connect"/>

	<!-- Milkbasket -->
	<item class="com.milkbasket.app.MainActivity" name="milkbasket"/>

	<!-- mIndicator -->
	<item class="com.mobond.mindicator.SplashUI" name="mindicator"/>

	<!-- My Galaxy -->
	<item class="com.mygalaxy.SplashScreenActivity" name="my_galaxy"/>

	<!-- Myntra -->
	<item class="com.myntra.android.activities.react.ReactActivity" name="myntra"/>

	<!-- Naukri.com -->
	<item class="com.naukri.splash.SplashActivity" name="naukricom"/>

	<!-- NMMT BusTracker -->
	<item class="nmmt.tracker.com.nmmc.MainActivity" name="nmmt_bustracker"/>

	<!-- NoBroker -->
	<item class="com.nobroker.app.activities.NBSplashScreen" name="nobroker"/>

	<!-- Ola -->
	<item class="com.olacabs.customer.ui.SplashActivity" name="ola"/>

	<!-- Paisa -->
	<item class="dev.hemanths.paisa.MainActivity" name="paisa"/>

	<!-- Rapido -->
	<item class="com.rapido.passenger.CloneDefaultAlias" name="rapido"/>

	<!-- Ringpod -->
	<item class="com.herman.ringpod.MusicPicker" name="ringpod"/>

	<!-- Samsung Shop -->
	<item class="com.samsung.ecomm.global.shop_app.MainActivity" name="samsung_shop"/>

	<!-- SD Maid -->
	<item class="eu.thedarken.sdm.main.ui.SDMMainActivity" name="sd_maid"/>

	<!-- SD Maid Pro -->
	<item class="eu.thedarken.sdm.unlocker.MainActivity" name="sd_maid_pro"/>

	<!-- SD Maid SE -->
	<item class="eu.darken.sdmse.main.ui.MainActivity" name="sd_maid_se"/>

	<!-- smallcase -->
	<item class="com.smallcase.android.MainActivity" name="smallcase"/>

	<!-- The Souled Store -->
	<item class="com.thesouledstore.SplashActivity" name="the_souled_store"/>

	<!-- threedots -->
	<item class="com.tresscommas.threedots.MainActivity" name="threedots"/>

	<!-- TV Cast (Google Cast) -->
	<item class="de.twokit.castbrowsernexusplayer.MainActivity" name="tv_cast_google_cast_"/>

	<!-- Urban Company -->
	<item class="com.urbanclap.urbanclap.core.app_icon.NormalUser" name="urban_company"/>

	<!-- Varsity -->
	<item class="com.zerodha.varsity.MainActivity" name="varsity"/>

	<!-- Windscribe -->
	<item class="com.windscribe.mobile.splash.SplashActivity" name="windscribe"/>

	<!-- YT Music -->
	<item class="com.google.android.apps.youtube.music.activities.MusicActivity" name="yt_music"/>

	<!-- Zen Music -->
	<item class="com.github.pakka_papad.MainActivity" name="zen_music"/>

</appmap>