<Theme version="1">

	<!-- Amazon -->
	<AppIcon name="in.amazon.mShop.android.shopping/com.amazon.mShop.home.HomeActivity" image="amazon"/>

	<!-- Antivirus Free -->
	<AppIcon name="com.bitdefender.antivirus/com.bitdefender.antivirus.MainActivity" image="antivirus_free"/>

	<!-- App Finder -->
	<AppIcon name="scadica.aq/scadica.aq.AC" image="app_finder"/>

	<!-- bigbasket -->
	<AppIcon name="com.bigbasket.mobileapp/com.bigbasket.mobileapp.activity.SplashActivity" image="bigbasket"/>

	<!-- DailyObjects -->
	<AppIcon name="com.dailyobjects/com.dailyobjects.marche.main.MainActivity" image="dailyobjects"/>

	<!-- Deco -->
	<AppIcon name="com.tplink.tpm5/com.tplink.tpm5.component.account.welcome.view.WelcomeActivity" image="deco"/>

	<!-- DMart Ready -->
	<AppIcon name="in.dmart/in.dmart.splash.SplashActivity" image="dmart_ready"/>

	<!-- EatClub -->
	<AppIcon name="com.poncho.eatclub/com.poncho.activities.SplashActivity" image="eatclub"/>

	<!-- Facer -->
	<AppIcon name="com.jeremysteckling.facerrel/com.jeremysteckling.facerrel.Launcher" image="facer"/>

	<!-- Free TV -->
	<AppIcon name="com.phstudio.freetv/com.phstudio.freetv.MainActivity" image="free_tv"/>

	<!-- Gaming Hub -->
	<AppIcon name="com.samsung.android.game.gamehome/com.samsung.android.game.gamehome.app.MainActivity" image="gaming_hub"/>

	<!-- Glassdoor -->
	<AppIcon name="com.glassdoor.app/com.glassdoor.app.presentation.ui.MainActivity" image="glassdoor"/>

	<!-- Health -->
	<AppIcon name="com.sec.android.app.shealth/com.samsung.android.app.shealth.home.HomeMainActivity" image="health"/>

	<!-- INS Downloader -->
	<AppIcon name="videoeditor.videomaker.trim.music.videoeditorforyoutube/com.xvideostudio.videodownload.mvvm.ui.activity.SplashActivity" image="ins_downloader"/>

	<!-- Kalnirnay -->
	<AppIcon name="com.awt.kalnirnay/com.awt.kalnirnay.MainActivity" image="kalnirnay"/>

	<!-- Keyboard -->
	<AppIcon name="com.simplemobiletools.keyboard/com.simplemobiletools.keyboard.activities.SplashActivity.Orange" image="keyboard"/>

	<!-- KFC -->
	<AppIcon name="com.yum.kfc/com.cognizantorderserv.kfcindiadroid.MainActivity" image="kfc"/>

	<!-- Kodi -->
	<AppIcon name="org.xbmc.kodi/org.xbmc.kodi.Splash" image="kodi"/>

	<!-- Layout -->
	<AppIcon name="com.instagram.layout/com.instagram.layout.LayoutActivity" image="layout"/>

	<!-- Mappls MapmyIndia -->
	<AppIcon name="com.mmi.maps/com.mmi.maps.ui.activities.HomeScreenActivity" image="mappls_mapmyindia"/>

	<!-- Meesho -->
	<AppIcon name="com.meesho.supply/com.meesho.supply.main.MainActivity" image="meesho"/>

	<!-- MGL CONNECT -->
	<AppIcon name="com.mobicule.mgl/com.mgl.connect.SplashScreenActivity" image="mgl_connect"/>

	<!-- Milkbasket -->
	<AppIcon name="com.milkbasket.app/com.milkbasket.app.MainActivity" image="milkbasket"/>

	<!-- mIndicator -->
	<AppIcon name="com.mobond.mindicator/com.mobond.mindicator.SplashUI" image="mindicator"/>

	<!-- My Galaxy -->
	<AppIcon name="com.mygalaxy/com.mygalaxy.SplashScreenActivity" image="my_galaxy"/>

	<!-- Myntra -->
	<AppIcon name="com.myntra.android/com.myntra.android.activities.react.ReactActivity" image="myntra"/>

	<!-- Naukri.com -->
	<AppIcon name="naukriApp.appModules.login/com.naukri.splash.SplashActivity" image="naukricom"/>

	<!-- NMMT BusTracker -->
	<AppIcon name="nmmt.tracker.com.nmmc/nmmt.tracker.com.nmmc.MainActivity" image="nmmt_bustracker"/>

	<!-- NoBroker -->
	<AppIcon name="com.nobroker.app/com.nobroker.app.activities.NBSplashScreen" image="nobroker"/>

	<!-- Ola -->
	<AppIcon name="com.olacabs.customer/com.olacabs.customer.ui.SplashActivity" image="ola"/>

	<!-- Paisa -->
	<AppIcon name="dev.hemanths.paisa/dev.hemanths.paisa.MainActivity" image="paisa"/>

	<!-- Rapido -->
	<AppIcon name="com.rapido.passenger/com.rapido.passenger.CloneDefaultAlias" image="rapido"/>

	<!-- Ringpod -->
	<AppIcon name="com.herman.ringpod/com.herman.ringpod.MusicPicker" image="ringpod"/>

	<!-- Samsung Shop -->
	<AppIcon name="com.samsung.ecomm.global.in/com.samsung.ecomm.global.shop_app.MainActivity" image="samsung_shop"/>

	<!-- SD Maid -->
	<AppIcon name="eu.thedarken.sdm/eu.thedarken.sdm.main.ui.SDMMainActivity" image="sd_maid"/>

	<!-- SD Maid Pro -->
	<AppIcon name="eu.thedarken.sdm.unlocker/eu.thedarken.sdm.unlocker.MainActivity" image="sd_maid_pro"/>

	<!-- SD Maid SE -->
	<AppIcon name="eu.darken.sdmse/eu.darken.sdmse.main.ui.MainActivity" image="sd_maid_se"/>

	<!-- smallcase -->
	<AppIcon name="com.smallcase.android/com.smallcase.android.MainActivity" image="smallcase"/>

	<!-- The Souled Store -->
	<AppIcon name="com.thesouledstore/com.thesouledstore.SplashActivity" image="the_souled_store"/>

	<!-- threedots -->
	<AppIcon name="com.tresscommas.threedots/com.tresscommas.threedots.MainActivity" image="threedots"/>

	<!-- TV Cast (Google Cast) -->
	<AppIcon name="de.twokit.castbrowsernexusplayer/de.twokit.castbrowsernexusplayer.MainActivity" image="tv_cast_google_cast_"/>

	<!-- Urban Company -->
	<AppIcon name="com.urbanclap.urbanclap/com.urbanclap.urbanclap.core.app_icon.NormalUser" image="urban_company"/>

	<!-- Varsity -->
	<AppIcon name="com.zerodha.varsity/com.zerodha.varsity.MainActivity" image="varsity"/>

	<!-- Windscribe -->
	<AppIcon name="com.windscribe.vpn/com.windscribe.mobile.splash.SplashActivity" image="windscribe"/>

	<!-- YT Music -->
	<AppIcon name="app.revanced.android.apps.youtube.music/com.google.android.apps.youtube.music.activities.MusicActivity" image="yt_music"/>

	<!-- Zen Music -->
	<AppIcon name="com.github.pakka_papad/com.github.pakka_papad.MainActivity" image="zen_music"/>

</Theme>