<appmap>

	<!-- Administrador de archivos -->
	<item class="com.transsion.filemanagerx.ui.launch.SplashActivity" name="administrador_de_archivos"/>

	<!-- Bloc de notas -->
	<item class="com.transsion.notebook.NotesList" name="bloc_de_notas"/>

	<!-- Brújula -->
	<item class="com.transsion.compass.CompassActivity" name="brujula"/>

	<!-- Cámara -->
	<item class="com.android.camera.CameraLauncher" name="camara"/>

	<!-- Contactos -->
	<item class="com.android.dialer.ContactMainActivity" name="contactos"/>

	<!-- Escáner inteligente -->
	<item class="com.transsion.scanningrecharger.view.activity.textrecognized.TextRecognizedActivity" name="escaner_inteligente"/>

	<!-- Fleksy -->
	<item class="com.syntellia.fleksy.settings.activities.SplashActivity" name="fleksy"/>

	<!-- Folax -->
	<item class="com.transsion.aivoiceassistant.ai.aiability.help.activity.HelpActivity" name="folax"/>

	<!-- Mensajes -->
	<item class="com.android.messaging.ui.conversationlist.ConversationListActivity" name="mensajes"/>

	<!-- My Health -->
	<item class="com.transsion.healthlife.view.WelcomeActivity" name="my_health"/>

	<!-- Notification Widget -->
	<item class="com.kuma.notificationwidget.MainActivity" name="notification_widget"/>

	<!-- Reloj -->
	<item class="com.transsion.deskclock.DeskClock" name="reloj"/>

	<!-- Teléfono -->
	<item class="com.android.dialer.main.impl.MainActivity" name="telefono"/>

	<!-- XArena -->
	<item class="com.transsion.gamemode.activity.GameSpaceActivity" name="xarena"/>

	<!-- YT Kids -->
	<item class="com.google.android.apps.youtube.kids.splash.SplashScreenActivity" name="yt_kids"/>

</appmap>