<appmap>

	<!-- 1DM+ -->
	<item class="idm.internet.download.manager.MainActivity" name="_1dm_"/>

	<!-- Amazon -->
	<item class="com.amazon.mShop.home.HomeActivity" name="amazon"/>

	<!-- Audio Recorder -->
	<item class="com.github.axet.audiorecorder.activities.MainActivity" name="audio_recorder"/>

	<!-- Battery Log -->
	<item class="kr.hwangti.batterylog.MainActivity" name="battery_log"/>

	<!-- ChatGPT -->
	<item class="com.openai.chatgpt.MainActivity" name="chatgpt"/>

	<!-- Cherrygram -->
	<item class="uz.unnarsx.cherrygram.CG_Icon_Cherry" name="cherrygram"/>

	<!-- Fire TV -->
	<item class="com.amazon.bison.SplashScreen" name="fire_tv"/>

	<!-- FKM -->
	<item class="com.franco.kernel.activities.SplashActivity" name="fkm"/>

	<!-- Fruity Game -->
	<item class="com.godot.game.GodotApp" name="fruity_game"/>

	<!-- Gallery -->
	<item class="com.alensw.PicFolder.GalleryActivity" name="gallery"/>

	<!-- imo Lite -->
	<item class="com.imo.android.imoim.activities.Home" name="imo_lite"/>

	<!-- KeePassDX -->
	<item class="com.kunzisoft.keepass.activities.FileDatabaseSelectActivity" name="keepassdx"/>

	<!-- LogFox -->
	<item class="com.f0x1d.logfox.ui.activity.MainActivity" name="logfox"/>

	<!-- PCAPdroid -->
	<item class="com.emanuelef.remote_capture.activities.MainActivity" name="pcapdroid"/>

	<!-- Photo Compare -->
	<item class="ch.want.imagecompare.ui.listfolders.SelectImagePoolActivity" name="photo_compare"/>

	<!-- pixWalls -->
	<item class="com.sreeragag.pixwalls.MainActivity" name="pixwalls"/>

	<!-- Play Deals -->
	<item class="me.sujanpoudel.playdeals.MainActivity" name="play_deals"/>

	<!-- Proton Drive -->
	<item class="me.proton.android.drive.ui.MainActivity" name="proton_drive"/>

	<!-- Reddit -->
	<item class="launcher.doge" name="reddit"/>

	<!-- Scanner -->
	<item class="com.xiaomi.scanner.app.ScanActivity" name="scanner"/>

	<!-- Simple Play Integrity Checker -->
	<item class="com.henrikherzig.playintegritychecker.MainActivity" name="simple_play_integrity_checker"/>

	<!-- Stremio -->
	<item class="com.stremio.MainActivity" name="stremio"/>

	<!-- Swift Backup -->
	<item class="org.swiftapps.swiftbackup.intro.IntroActivity" name="swift_backup"/>

	<!-- UCO mBanking Plus -->
	<item class="com.lcode.ucomobilebanking.UserSplashActivity" name="uco_mbanking_plus"/>

	<!-- Voice Search -->
	<item class="com.google.android.googlequicksearchbox.VoiceSearchActivity" name="voice_search"/>

	<!-- X -->
	<item class="com.twitter.android.StartActivity" name="x"/>

</appmap>