<resources>

	<!-- ACR Phone -->
	<item component="ComponentInfo{com.nll.cb/com.nll.cb.DefaultAlias}" drawable="acr_phone" />

	<!-- Activity Manager -->
	<item component="ComponentInfo{com.activitymanager/com.sdex.activityrunner.MainActivity}" drawable="activity_manager" />

	<!-- Adblock Fast -->
	<item component="ComponentInfo{com.rocketshipapps.adblockfast/com.rocketshipapps.adblockfast.MainActivity}" drawable="adblock_fast" />

	<!-- AdBlock for Samsung Internet -->
	<item component="ComponentInfo{com.betafish.adblocksbrowser/org.adblockplus.adblockplussbrowser.app.ui.LauncherActivity}" drawable="adblock_for_samsung_internet" />

	<!-- Airtel -->
	<item component="ComponentInfo{com.myairtelapp/com.myairtelapp.home.views.activities.SplashScreenActivity}" drawable="airtel" />

	<!-- Alpi Maps -->
	<item component="ComponentInfo{akylas.alpi.maps/com.tns.NativeScriptActivity}" drawable="alpi_maps" />

	<!-- Anuto TD -->
	<item component="ComponentInfo{ch.logixisland.anuto/ch.logixisland.anuto.view.game.GameActivity}" drawable="anuto_td" />

	<!-- AnySoftKeyboard -->
	<item component="ComponentInfo{com.menny.android.anysoftkeyboard/com.menny.android.anysoftkeyboard.LauncherSettingsActivity}" drawable="anysoftkeyboard" />

	<!-- Apk Extractor -->
	<item component="ComponentInfo{axp.tool.apkextractor/axp.tool.apkextractor.MainActivity}" drawable="axp_apk_extractor" />

	<!-- Audile -->
	<item component="ComponentInfo{com.mrsep.musicrecognizer/com.mrsep.musicrecognizer.presentation.MainActivity}" drawable="audile" />

	<!-- Audio Remote -->
	<item component="ComponentInfo{com.samsung.samsungband/com.samsung.samsungband.controller.WelcomeActivity}" drawable="audio_remote" />

	<!-- Aurora Droid -->
	<item component="ComponentInfo{com.aurora.adroid/com.aurora.adroid.ui.generic.activity.SplashActivity}" drawable="aurora_droid" />

	<!-- Auxio -->
	<item component="ComponentInfo{org.oxycblt.auxio/org.oxycblt.auxio.MainActivity}" drawable="auxio" />

	<!-- Aves Libre -->
	<item component="ComponentInfo{deckers.thibault.aves.libre/deckers.thibault.aves.MainActivity}" drawable="aves_libre" />

	<!-- Block'Buster -->
	<item component="ComponentInfo{org.asafonov.blockbuster/org.asafonov.arkanoid.MainActivity}" drawable="blockbuster" />

	<!-- Blossom -->
	<item component="ComponentInfo{ca.blossomsocial.android/com.example.blossomsocial.ui.splash.SplashActivity}" drawable="blossom" />

	<!-- Bromite -->
	<item component="ComponentInfo{org.bromite.bromite/com.google.android.apps.chrome.Main}" drawable="bromite" />

	<!-- Call of Duty -->
	<item component="ComponentInfo{com.activision.callofduty.shooter/com.tencent.tmgp.cod.CODMPrivatePermissionActivity}" drawable="call_of_duty" />

	<!-- Capital One Canada -->
	<item component="ComponentInfo{ca.capitalone.enterprisemobilebanking/com.capitalone.mobile.wallet.launch.SplashActivity}" drawable="capital_one_canada" />

	<!-- Cards With Cats -->
	<item component="ComponentInfo{com.dozingcatsoftware.cardswithcats/com.dozingcatsoftware.cardswithcats.MainActivity}" drawable="cards_with_cats" />

	<!-- Chd Bus Routes -->
	<item component="ComponentInfo{com.uwemo.chdbusroutes/com.uwemo.chdbusroutes.activities.main.MainActivity}" drawable="chd_bus_routes" />

	<!-- ChYK's Theme Collections -->
	<item component="ComponentInfo{com.ss.launcher2.themepicker/com.ss.launcher2.themepicker.MainActivity}" drawable="chyks_theme_collections" />

	<!-- Clima -->
	<item component="ComponentInfo{co.prestosole.clima/io.flutter.embedding.android.FlutterActivity}" drawable="clima" />

	<!-- CloudStream -->
	<item component="ComponentInfo{com.lagradost.cloudstream3/com.lagradost.cloudstream3.ui.account.AccountSelectActivity}" drawable="cloudstream" />

	<!-- Collector -->
	<item component="ComponentInfo{org.collector.release/org.collector.MainActivity}" drawable="collector" />

	<!-- Discreet Launcher -->
	<item component="ComponentInfo{com.vincent_falzon.discreetlauncher/com.vincent_falzon.discreetlauncher.ActivityMain}" drawable="discreet_launcher" />

	<!-- Droid-ify -->
	<item component="ComponentInfo{com.looker.droidify/com.looker.droidify.MainActivity}" drawable="droid_ify" />

	<!-- Drum On! -->
	<item component="ComponentInfo{se.tube42.drum.android/se.tube42.drum.android.MainActivity}" drawable="drum_on_" />

	<!-- Dungeon Crawl Stone Soup -->
	<item component="ComponentInfo{org.develz.crawl/org.develz.crawl.DCSSLauncher}" drawable="dungeon_crawl_stone_soup" />

	<!-- dvd -->
	<item component="ComponentInfo{org.yausername.dvd/org.yausername.dvd.ui.MainActivity}" drawable="dvd" />

	<!-- ecobee -->
	<item component="ComponentInfo{com.ecobee.athenamobile/com.ecobee.athenamobile.launcher.LauncherActivity}" drawable="ecobee" />

	<!-- Endless Sky -->
	<item component="ComponentInfo{com.github.thewierdnut.endless_mobile/com.github.thewierdnut.endless_mobile.ESActivity}" drawable="endless_sky" />

	<!-- Fedilab -->
	<item component="ComponentInfo{fr.gouv.etalab.mastodon/app.fedilab.android.activities.MainActivity.Bubbles}" drawable="fedilab" />

	<!-- Feeder -->
	<item component="ComponentInfo{com.nononsenseapps.feeder/com.nononsenseapps.feeder.ui.MainActivity}" drawable="feeder" />

	<!-- Fire Strike Retro -->
	<item component="ComponentInfo{com.eightsines.firestrike.opensource/zame.game.feature.launcher.LauncherActivity}" drawable="fire_strike_retro" />

	<!-- FlorisBoard -->
	<item component="ComponentInfo{dev.patrickgold.florisboard/dev.patrickgold.florisboard.SettingsLauncherAlias}" drawable="florisboard" />

	<!-- FlorisBoard Beta -->
	<item component="ComponentInfo{dev.patrickgold.florisboard.beta/dev.patrickgold.florisboard.SettingsLauncherAlias}" drawable="florisboard_beta" />

	<!-- Flowit! -->
	<item component="ComponentInfo{com.bytehamster.flowitgame/com.bytehamster.flowitgame.Main}" drawable="flowit_" />

	<!-- Fluent Reader -->
	<item component="ComponentInfo{me.hyliu.fluent_reader_lite/me.hyliu.fluent_reader_lite.MainActivity}" drawable="fluent_reader" />

	<!-- Foxy Droid -->
	<item component="ComponentInfo{nya.kitsunyan.foxydroid/nya.kitsunyan.foxydroid.MainActivity}" drawable="foxy_droid" />

	<!-- Free TV -->
	<item component="ComponentInfo{com.phstudio.freetv/com.phstudio.freetv.MainActivity}" drawable="free_tv" />

	<!-- Frost -->
	<item component="ComponentInfo{com.pitchedapps.frost/com.pitchedapps.frost.StartActivity}" drawable="frost" />

	<!-- Frozen Bubble -->
	<item component="ComponentInfo{org.jfedor.frozenbubble/com.efortin.frozenbubble.HomeScreen}" drawable="frozen_bubble" />

	<!-- G-Droid -->
	<item component="ComponentInfo{org.gdroid.gdroid/org.gdroid.gdroid.MainActivity}" drawable="g_droid" />

	<!-- Galaxy Enhance-X -->
	<item component="ComponentInfo{com.samsung.android.imageenhancer/com.samsung.android.imageenhancer.MainActivity}" drawable="galaxy_enhance_x" />

	<!-- Gallery -->
	<item component="ComponentInfo{org.fossify.gallery/org.fossify.gallery.activities.SplashActivity.Green}" drawable="gallery_green" />

	<!-- GameSir -->
	<item component="ComponentInfo{com.xiaoji.xtouch.google/com.xiaoji.gameworld.activity.EntryActivity}" drawable="gamesir" />

	<!-- Gaming Hub -->
	<item component="ComponentInfo{com.samsung.android.game.gamehome/com.samsung.android.game.gamehome.app.MainActivity}" drawable="gaming_hub" />

	<!-- GApps Browser -->
	<item component="ComponentInfo{com.tobykurien.google_news/com.tobykurien.google_news.GoogleNewsActivity}" drawable="gapps_browser" />

	<!-- Gridle -->
	<item component="ComponentInfo{org.billthefarmer.gridle/org.billthefarmer.gridle.Gridle}" drawable="gridle" />

	<!-- HD STREAMZ -->
	<item component="ComponentInfo{insure.cable.estate/com.android.vending.a.Splash}" drawable="hd_streamz" />

	<!-- HouseSigma -->
	<item component="ComponentInfo{com.housesigma.android/com.housesigma.android.ui.splash.SplashActivity}" drawable="housesigma" />

	<!-- iA Mobile -->
	<item component="ComponentInfo{com.inalco.mobile/crc64dc5351d3529f28e6.MainActivity}" drawable="ia_mobile" />

	<!-- IBKR -->
	<item component="ComponentInfo{atws.app/atws.activity.launcher.LauncherActivity}" drawable="ibkr" />

	<!-- Immortal -->
	<item component="ComponentInfo{com.blizzard.diablo.immortal/com.netease.game.MessiahNativeActivity}" drawable="immortal" />

	<!-- Indeed Job Search -->
	<item component="ComponentInfo{com.indeed.android.jobsearch/com.indeed.android.jobsearch.LaunchActivity}" drawable="indeed_job_search" />

	<!-- iPrint&Scan -->
	<item component="ComponentInfo{com.brother.mfc.brprint/com.brother.mfc.brprint.v2.ui.top.SplashActivity}" drawable="iprint_and_scan" />

	<!-- IzzyOnDroid -->
	<item component="ComponentInfo{in.sunilpaulmathew.izzyondroid/in.sunilpaulmathew.izzyondroid.MainActivity}" drawable="izzyondroid" />

	<!-- Jerboa -->
	<item component="ComponentInfo{com.jerboa/com.jerboa.MainActivity}" drawable="jerboa" />

	<!-- Jugnoo -->
	<item component="ComponentInfo{product.clicklabs.jugnoo/product.clicklabs.jugnoo.SplashNewActivity}" drawable="jugnoo" />

	<!-- JustChess -->
	<item component="ComponentInfo{com.alaskalinuxuser.justchess/com.alaskalinuxuser.justchess.IntroActivity}" drawable="justchess" />

	<!-- KISS launcher -->
	<item component="ComponentInfo{fr.neamar.kiss/fr.neamar.kiss.MainActivity}" drawable="kiss_launcher" />

	<!-- KOReader -->
	<item component="ComponentInfo{org.koreader.launcher.fdroid/org.koreader.launcher.MainActivity}" drawable="koreader" />

	<!-- Kraken Pro -->
	<item component="ComponentInfo{com.kraken.trade/com.kraken.trade.MainActivity}" drawable="kraken_pro" />

	<!-- Lawnicons -->
	<item component="ComponentInfo{app.lawnchair.lawnicons/app.lawnchair.lawnicons.MainActivity}" drawable="lawnicons" />

	<!-- lemmur -->
	<item component="ComponentInfo{com.krawieck.lemmur/com.krawieck.lemmur.MainActivity}" drawable="lemmur" />

	<!-- LibreTube -->
	<item component="ComponentInfo{com.github.libretube/com.github.libretube.Default}" drawable="libretube" />

	<!-- LibreWeatherRN -->
	<item component="ComponentInfo{com.libreweatherrn/com.libreweatherrn.MainActivity}" drawable="libreweatherrn" />

	<!-- lichess -->
	<item component="ComponentInfo{org.lichess.mobileapp.free/org.lichess.mobileapp.MainActivity}" drawable="lichess" />

	<!-- Linebit -->
	<item component="ComponentInfo{com.edzondm.linebit/com.edzondm.linebit.MainActivity}" drawable="linebit" />

	<!-- Lunar Launcher -->
	<item component="ComponentInfo{rasel.lunar.launcher/rasel.lunar.launcher.LauncherActivity}" drawable="lunar_launcher" />

	<!-- Magic Earth -->
	<item component="ComponentInfo{com.generalmagic.magicearth/com.magiclane.androidsphere.map.MapActivity}" drawable="magic_earth" />

	<!-- Mindustry -->
	<item component="ComponentInfo{io.anuke.mindustry/mindustry.android.AndroidLauncher}" drawable="mindustry" />

	<!-- Mindustry Classic -->
	<item component="ComponentInfo{io.anuke.mindustry.classic/io.anuke.mindustry.AndroidLauncher}" drawable="mindustry_classic" />

	<!-- MineSweeper -->
	<item component="ComponentInfo{it.reyboz.minesweeper/it.reyboz.minesweeper.MineSweeper}" drawable="minesweeper" />

	<!-- Mini Metro -->
	<item component="ComponentInfo{nz.co.codepoint.minimetro/com.dinopoloclub.minimetro.nbo.LicensedActivity}" drawable="mini_metro" />

	<!-- mLauncher -->
	<item component="ComponentInfo{app.mlauncher/com.github.hecodes2much.mlauncher.MainActivity}" drawable="mlauncher" />

	<!-- Monopoly -->
	<item component="ComponentInfo{com.marmalade.monopoly/com.fiveplay.mod.RMS.Recovery}" drawable="monopoly" />

	<!-- Musify -->
	<item component="ComponentInfo{com.gokadzev.musify/com.ryanheise.audioservice.AudioServiceActivity}" drawable="musify" />

	<!-- Neo Launcher -->
	<item component="ComponentInfo{com.saggitt.omega/com.saggitt.omega.OmegaLauncher}" drawable="neo_launcher" />

	<!-- NewPipe Legacy -->
	<item component="ComponentInfo{org.schabi.newpipelegacy/org.schabi.newpipelegacy.MainActivity}" drawable="newpipe_legacy" />

	<!-- NewPipe preunified -->
	<item component="ComponentInfo{org.schabi.newpipe.preunified/org.schabi.newpipe.MainActivity}" drawable="newpipe_legacy" />

	<!-- NoFasel -->
	<item component="ComponentInfo{com.n00nedev.nofasel/com.n00nedev.nofasel.MainActivity}" drawable="nofasel" />

	<!-- NotiStar -->
	<item component="ComponentInfo{com.samsung.systemui.notilus/com.samsung.systemui.notilus.NotiCenterPage}" drawable="notistar" />

	<!-- Nozzle -->
	<item component="ComponentInfo{com.kaiwolfram.nozzle/com.kaiwolfram.nozzle.MainActivity}" drawable="nozzle" />

	<!-- Nunti -->
	<item component="ComponentInfo{com.nunti/com.nunti.MainActivity}" drawable="nunti" />

	<!-- Offline Puzzle Solver -->
	<item component="ComponentInfo{t20kdc.offlinepuzzlesolver/t20kdc.offlinepuzzlesolver.MainActivity}" drawable="offline_puzzle_solver" />

	<!-- Ola -->
	<item component="ComponentInfo{com.olacabs.customer/com.olacabs.customer.ui.SplashActivity}" drawable="ola" />

	<!-- Olauncher -->
	<item component="ComponentInfo{app.olauncher/app.olauncher.MainActivity}" drawable="olauncher" />

	<!-- Open Sudoku -->
	<item component="ComponentInfo{org.moire.opensudoku/org.moire.opensudoku.gui.TitleScreenActivity}" drawable="open_sudoku" />

	<!-- Open Video Editor -->
	<item component="ComponentInfo{io.github.devhyper.openvideoeditor/io.github.devhyper.openvideoeditor.main.MainActivity}" drawable="open_video_editor" />

	<!-- OpenBoard -->
	<item component="ComponentInfo{org.dslul.openboard.inputmethod.latin/org.dslul.openboard.inputmethod.latin.setup.SetupActivity}" drawable="openboard" />

	<!-- OpenVPN for Android -->
	<item component="ComponentInfo{de.blinkt.openvpn/de.blinkt.openvpn.activities.MainActivity}" drawable="openvpn_for_android" />

	<!-- Organic Maps (Beta) -->
	<item component="ComponentInfo{app.organicmaps.beta/app.organicmaps.DownloadResourcesActivity}" drawable="organic_maps_beta_" />

	<!-- OsmAnd~ -->
	<item component="ComponentInfo{net.osmand.plus/net.osmand.plus.activities.MapActivity}" drawable="osmand_" />

	<!-- Package Viewer -->
	<item component="ComponentInfo{cz.seeq.prog.android.packageviewer/cz.seeq.prog.android.packageviewer.PackagesActivity}" drawable="package_viewer" />

	<!-- PipePipe -->
	<item component="ComponentInfo{InfinityLoop1309.NewPipeEnhanced/org.schabi.newpipe.MainActivity}" drawable="pipepipe" />

	<!-- PixelDroid -->
	<item component="ComponentInfo{org.pixeldroid.app/org.pixeldroid.app.MainActivity}" drawable="pixeldroid" />

	<!-- Plex -->
	<item component="ComponentInfo{com.plexapp.android/com.plexapp.plex.activities.SplashActivity}" drawable="plex" />

	<!-- Popup Widget -->
	<item component="ComponentInfo{com.ss.popupWidget/com.ss.popupWidget.MainActivity}" drawable="popup_widget" />

	<!-- Pulse Music -->
	<item component="ComponentInfo{com.hardcodecoder.pulsemusic/com.hardcodecoder.pulsemusic.activities.main.SplashActivity}" drawable="pulse_music" />

	<!-- QKSMS -->
	<item component="ComponentInfo{com.moez.QKSMS/com.moez.QKSMS.feature.main.MainActivity}" drawable="qksms" />

	<!-- RadioDroid -->
	<item component="ComponentInfo{net.programmierecke.radiodroid2/net.programmierecke.radiodroid2.ActivityMain}" drawable="radiodroid" />

	<!-- RaumBaller -->
	<item component="ComponentInfo{com.kaeruct.raumballer/jgame.platform.JGActivity}" drawable="raumballer" />

	<!-- RBC Mobile -->
	<item component="ComponentInfo{com.rbc.mobile.android/com.rbc.mobile.bud.pre_auth.common.activity.SplashActivity}" drawable="rbc_mobile" />

	<!-- Read You -->
	<item component="ComponentInfo{me.ash.reader/me.ash.reader.MainActivity}" drawable="read_you" />

	<!-- RedReader -->
	<item component="ComponentInfo{org.quantumbadger.redreader/org.quantumbadger.redreader.activities.MainActivity}" drawable="redreader" />

	<!-- Rocks 'n' Diamonds -->
	<item component="ComponentInfo{org.artsoft.rocksndiamonds/org.artsoft.rocksndiamonds.RocksNDiamonds}" drawable="rocks_n_diamonds" />

	<!-- S Note -->
	<item component="ComponentInfo{com.samsung.android.snote/com.samsung.android.snote.control.ui.filemanager.MainHomeActivity}" drawable="s_note" />

	<!-- Samsung Level -->
	<item component="ComponentInfo{com.sec.samsungsoundphone/com.sec.samsungsoundphone.ui.control.DefaultActivity}" drawable="samsung_level" />

	<!-- Schildpad Launcher -->
	<item component="ComponentInfo{app.schildpad.schildpad/app.schildpad.schildpad.MainActivity}" drawable="schildpad_launcher" />

	<!-- Scotiabank -->
	<item component="ComponentInfo{com.scotiabank.banking/com.scotiabank.nova.startup.StartupAlias}" drawable="scotiabank" />

	<!-- Seeneva -->
	<item component="ComponentInfo{app.seeneva.reader/app.seeneva.reader.screen.MainActivity}" drawable="seeneva" />

	<!-- Shattered Pixel Dungeon -->
	<item component="ComponentInfo{com.shatteredpixel.shatteredpixeldungeon/com.shatteredpixel.shatteredpixeldungeon.android.AndroidLauncher}" drawable="shattered_pixel_dungeon" />

	<!-- Shosetsu -->
	<item component="ComponentInfo{app.shosetsu.android.fdroid/app.shosetsu.android.activity.MainActivity}" drawable="shosetsu" />

	<!-- Signal -->
	<item component="ComponentInfo{org.thoughtcrime.securesms/org.thoughtcrime.securesms.RoutingActivityAltDark}" drawable="signal" />

	<!-- Simple Keyboard -->
	<item component="ComponentInfo{rkr.simplekeyboard.inputmethod/rkr.simplekeyboard.inputmethod.latin.settings.SettingsActivity}" drawable="simple_keyboard" />

	<!-- SkyTube Extra -->
	<item component="ComponentInfo{free.rm.skytube.extra/free.rm.skytube.gui.activities.MainActivity}" drawable="skytube_extra" />

	<!-- SongTube -->
	<item component="ComponentInfo{com.artxdev.songtube/com.ryanheise.audioservice.AudioServiceActivity}" drawable="songtube" />

	<!-- SoU Official -->
	<item component="ComponentInfo{com.statueofunity/com.statueofunity.MainActivity}" drawable="sou_official" />

	<!-- Speedometer -->
	<item component="ComponentInfo{gps.speedometer.gpsspeedometer.odometer/gps.speedometer.gpsspeedometer.odometer.activity.SplashActivity}" drawable="speedometer" />

	<!-- Squawker -->
	<item component="ComponentInfo{org.ca.squawker/org.ca.squawker.MainActivity}" drawable="squawker" />

	<!-- Stealth -->
	<item component="ComponentInfo{com.cosmos.unreddit/com.cosmos.unreddit.MainActivity}" drawable="stealth" />

	<!-- Street­Complete -->
	<item component="ComponentInfo{de.westnordost.streetcomplete/de.westnordost.streetcomplete.screens.MainActivity}" drawable="street­complete" />

	<!-- sudoku -->
	<item component="ComponentInfo{org.benoitharrault.sudoku/org.benoitharrault.sudoku.MainActivity}" drawable="sudoku" />

	<!-- SudoQ -->
	<item component="ComponentInfo{de.sudoq/de.sudoq.controller.menus.SplashActivity}" drawable="sudoq" />

	<!-- Swingworm -->
	<item component="ComponentInfo{com.the10tons.swingworm/com.the10tons.JNexusInterface}" drawable="swingworm" />

	<!-- Tangerine -->
	<item component="ComponentInfo{ca.tangerine.clients.banking.app/ca.tangerine.MainActivity}" drawable="tangerine" />

	<!-- TC -->
	<item component="ComponentInfo{net.kollnig.missioncontrol/eu.faircode.netguard.ActivityMain}" drawable="tc" />

	<!-- TC -->
	<item component="ComponentInfo{net.kollnig.missioncontrol.fdroid/eu.faircode.netguard.ActivityMain}" drawable="tc" />

	<!-- Technology CMM Theme -->
	<item component="ComponentInfo{com.launcher.smart.technology.theme/com.launcher.smart.technology.theme.MainActivity}" drawable="technology_cmm_theme" />

	<!-- Thud -->
	<item component="ComponentInfo{com.aerotoad.thud/io.ionic.starter.MainActivity}" drawable="thud" />

	<!-- TinyBit launcher -->
	<item component="ComponentInfo{rocks.tbog.tblauncher/rocks.tbog.tblauncher.TBLauncherActivity}" drawable="tinybit_launcher" />

	<!-- TorrDroid -->
	<item component="ComponentInfo{intelligems.torrdroid/intelligems.torrdroid.MainActivity}" drawable="torrdroid" />

	<!-- Total Launcher -->
	<item component="ComponentInfo{com.ss.launcher2/com.ss.launcher2.MainActivity}" drawable="total_launcher" />

	<!-- TradingView -->
	<item component="ComponentInfo{com.tradingview.tradingviewapp/com.tradingview.tradingviewapp.root.view.RootActivity}" drawable="tradingview" />

	<!-- TREK: Total Launcher Theme -->
	<item component="ComponentInfo{com.nstenterprises.tltheme.trek/com.nstenterprises.tltheme.trek.MainActivity}" drawable="trek_total_launcher_theme" />

	<!-- Tubi -->
	<item component="ComponentInfo{com.tubitv/com.tubitv.activities.MainActivity}" drawable="tubi" />

	<!-- TV -->
	<item component="ComponentInfo{com.samsung.android.tvplus/com.samsung.android.tvplus.MainActivity}" drawable="tv" />

	<!-- Unciv -->
	<item component="ComponentInfo{com.unciv.app/com.unciv.app.AndroidLauncher}" drawable="unciv" />

	<!-- UniWar -->
	<item component="ComponentInfo{android.uniwar/android.uniwar.UniWarActivity}" drawable="uniwar" />

	<!-- URL Radio -->
	<item component="ComponentInfo{com.jamal2367.urlradio/com.jamal2367.urlradio.MainActivity}" drawable="url_radio" />

	<!-- UserLAnd -->
	<item component="ComponentInfo{tech.ula/tech.ula.library.MainActivity}" drawable="userland" />

	<!-- UserTesting -->
	<item component="ComponentInfo{com.usertesting.recorder.krsna/com.usertesting.recorder.startup.splash.SplashActivity}" drawable="usertesting" />

	<!-- Vanilla Music -->
	<item component="ComponentInfo{ch.blinkenlights.android.vanilla/ch.blinkenlights.android.vanilla.LibraryActivity}" drawable="vanilla_music" />

	<!-- Vector Pinball -->
	<item component="ComponentInfo{com.dozingcatsoftware.bouncy/com.dozingcatsoftware.bouncy.BouncyActivity}" drawable="vector_pinball" />

	<!-- Watermarking -->
	<item component="ComponentInfo{com.freewatermark.app/com.example.free_watermark.MainActivity}" drawable="watermarking" />

	<!-- Waxmoon -->
	<item component="ComponentInfo{org.waxmoon.github64/org.waxmoon.AppListActivity}" drawable="waxmoon" />

	<!-- Wealthsimple -->
	<item component="ComponentInfo{com.wealthsimple.trade/com.wealthsimple.trade.LaunchActivity}" drawable="wealthsimple" />

	<!-- Weather -->
	<item component="ComponentInfo{org.breezyweather/org.breezyweather.main.MainActivity}" drawable="breezyweather" />

	<!-- Wonderland -->
	<item component="ComponentInfo{com.samsung.android.wonderland.wallpaper/com.samsung.android.wonderland.wallpaper.settings.StartupActivity}" drawable="wonderland" />

	<!-- Write on PDF -->
	<item component="ComponentInfo{com.samsung.android.spdfnote/spdfnote.control.ui.filemanager.MainHomeActivity}" drawable="write_on_pdf" />

	<!-- wynk -->
	<item component="ComponentInfo{ng.wynk.wynksupappsupapp/ng.wynk.MainActivity}" drawable="wynk" />

	<!-- Xeonjia -->
	<item component="ComponentInfo{xyz.deepdaikon.xeonjia/xyz.deepdaikon.xeonjia.MainActivity}" drawable="xeonjia" />

	<!-- Yatri -->
	<item component="ComponentInfo{com.yatrirailways.yatri/com.yatrirailways.yatri.ui.activities.SplashActivity}" drawable="yatri" />

	<!-- Yet Another Call Blocker -->
	<item component="ComponentInfo{dummydomain.yetanothercallblocker/dummydomain.yetanothercallblocker.MainActivity}" drawable="yet_another_call_blocker" />

</resources>