<resources>

	<!-- Autosync -->
	<item component="ComponentInfo{com.ttxapps.autosync/com.ttxapps.sync.app.MainActivity}" drawable="autosync" />

	<!-- Batch Uninstaller -->
	<item component="ComponentInfo{com.saha.batchuninstaller/com.saha.batchuninstaller.ui.SplashScreenActivity}" drawable="batch_uninstaller" />

	<!-- craigslist -->
	<item component="ComponentInfo{org.craigslist.CraigslistMobile/org.craigslist.CraigslistMobile.MainActivity}" drawable="craigslist" />

	<!-- Cryptomator -->
	<item component="ComponentInfo{org.cryptomator/org.cryptomator.presentation.ui.activity.VaultListActivity}" drawable="cryptomator" />

	<!-- DroidFS -->
	<item component="ComponentInfo{sushi.hardcore.droidfs/sushi.hardcore.droidfs.MainActivity}" drawable="droidfs" />

	<!-- DroidHole -->
	<item component="ComponentInfo{com.jgeek00.droid_hole/com.jgeek00.droid_hole.MainActivity}" drawable="droidhole" />

	<!-- glinet -->
	<item component="ComponentInfo{xyz.goodcloud.glinet/xyz.goodcloud.glinet.MainActivity}" drawable="glinet" />

	<!-- Imgur -->
	<item component="ComponentInfo{com.imgur.mobile/com.imgur.mobile.Launcher}" drawable="imgur" />

	<!-- InviZible Pro -->
	<item component="ComponentInfo{pan.alexander.tordnscrypt.stable/pan.alexander.tordnscrypt.MainActivity}" drawable="invizible_pro" />

	<!-- Mint Mobile -->
	<item component="ComponentInfo{com.uvnv.mintsim/com.ultramobile.mint.initial.InitialSelectionActivity}" drawable="mint_mobile" />

	<!-- Plexamp -->
	<item component="ComponentInfo{tv.plex.labs.plexamp/com.plexamp.MainActivity}" drawable="plexamp" />

	<!-- Tailscale -->
	<item component="ComponentInfo{com.tailscale.ipn/com.tailscale.ipn.IPNActivity}" drawable="tailscale" />

	<!-- Vernet -->
	<item component="ComponentInfo{org.fsociety.vernet/org.fsociety.vernet.MainActivity}" drawable="vernet" />

	<!-- WiGLE WiFi FOSS -->
	<item component="ComponentInfo{net.wigle.wigleandroid/net.wigle.wigleandroid.MainActivity}" drawable="wigle_wifi_foss" />

</resources>