<Theme version="1">

	<!-- Autosync -->
	<AppIcon name="com.ttxapps.autosync/com.ttxapps.sync.app.MainActivity" image="autosync"/>

	<!-- Batch Uninstaller -->
	<AppIcon name="com.saha.batchuninstaller/com.saha.batchuninstaller.ui.SplashScreenActivity" image="batch_uninstaller"/>

	<!-- craigslist -->
	<AppIcon name="org.craigslist.CraigslistMobile/org.craigslist.CraigslistMobile.MainActivity" image="craigslist"/>

	<!-- Cryptomator -->
	<AppIcon name="org.cryptomator/org.cryptomator.presentation.ui.activity.VaultListActivity" image="cryptomator"/>

	<!-- DroidFS -->
	<AppIcon name="sushi.hardcore.droidfs/sushi.hardcore.droidfs.MainActivity" image="droidfs"/>

	<!-- DroidHole -->
	<AppIcon name="com.jgeek00.droid_hole/com.jgeek00.droid_hole.MainActivity" image="droidhole"/>

	<!-- glinet -->
	<AppIcon name="xyz.goodcloud.glinet/xyz.goodcloud.glinet.MainActivity" image="glinet"/>

	<!-- Imgur -->
	<AppIcon name="com.imgur.mobile/com.imgur.mobile.Launcher" image="imgur"/>

	<!-- InviZible Pro -->
	<AppIcon name="pan.alexander.tordnscrypt.stable/pan.alexander.tordnscrypt.MainActivity" image="invizible_pro"/>

	<!-- Mint Mobile -->
	<AppIcon name="com.uvnv.mintsim/com.ultramobile.mint.initial.InitialSelectionActivity" image="mint_mobile"/>

	<!-- Plexamp -->
	<AppIcon name="tv.plex.labs.plexamp/com.plexamp.MainActivity" image="plexamp"/>

	<!-- Tailscale -->
	<AppIcon name="com.tailscale.ipn/com.tailscale.ipn.IPNActivity" image="tailscale"/>

	<!-- Vernet -->
	<AppIcon name="org.fsociety.vernet/org.fsociety.vernet.MainActivity" image="vernet"/>

	<!-- WiGLE WiFi FOSS -->
	<AppIcon name="net.wigle.wigleandroid/net.wigle.wigleandroid.MainActivity" image="wigle_wifi_foss"/>

</Theme>