<appmap>

	<!-- AFH Downloader -->
	<item class="org.afhdownloader.MainActivity" name="afh_downloader"/>

	<!-- AliExpress -->
	<item class="com.aliexpress.app.FirstActivity" name="aliexpress"/>

	<!-- Ambient Care -->
	<item class="md.connectedcare.android.MainActivity" name="ambient_care"/>

	<!-- AMM -->
	<item class="com.fox2code.mmm.MainActivity" name="amm"/>

	<!-- Android Exploits -->
	<item class="org.chickenhook.androidexploits.ui_2.MainFrameActivity" name="android_exploits"/>

	<!-- Android LUKS -->
	<item class="eu.fulldisclosure.android.luks.MainActivity" name="android_luks"/>

	<!-- BusyBox Pro -->
	<item class="stericson.busybox.donate.activities.MainActivity" name="busybox_pro"/>

	<!-- CarBit -->
	<item class="com.mda.carbit.c.d" name="carbit"/>

	<!-- Chronus -->
	<item class="com.dvtonder.chronus.preference.PreferencesMain" name="chronus"/>

	<!-- Link to Windows -->
	<item class="com.microsoft.appmanager.StartUpCoreActivity" name="link_to_windows"/>

	<!-- MediaMonkey -->
	<item class="com.ventismedia.android.mediamonkey.StartActivity" name="mediamonkey"/>

	<!-- Messages -->
	<item class="com.android.messaging.ui.conversationlist.ConversationListActivity" name="messages"/>

	<!-- OTG View2 -->
	<item class="com.dingtai.snakecamera.ui.MainActivity" name="otg_view2"/>

	<!-- Rewards -->
	<item class="com.google.android.apps.paidtasks.activity.LaunchActivity" name="rewards"/>

	<!-- Roku -->
	<item class="com.roku.remote.ui.activities.splash.SplashActivity" name="roku"/>

	<!-- Root Browser -->
	<item class="com.jrummy.apps.root.browser.activities.RootBrowserActivity" name="root_browser"/>

	<!-- SD Maid -->
	<item class="eu.thedarken.sdm.main.ui.SDMMainActivity" name="sd_maid"/>

	<!-- SmartPack -->
	<item class="com.smartpack.kernelmanager.activities.StartActivityMaterial" name="smartpack"/>

	<!-- Terminal Emulator -->
	<item class="jackpal.androidterm.Term" name="terminal_emulator"/>

	<!-- Ultra OBD -->
	<item class="com.applications.xas.obdultra.ui.views.onboarding.OnboardingActivity" name="ultra_obd"/>

	<!-- USPS Mobile -->
	<item class="com.usps.mobile.SplashScreenActivity" name="usps_mobile"/>

	<!-- Waze -->
	<item class="com.waze.FreeMapAppActivity" name="waze"/>

	<!-- XDA Developers -->
	<item class="host.exp.exponent.MainActivity" name="xda_developers"/>

	<!-- YouTube AdAway -->
	<item class="ma.wanam.youtubeadaway.SettingsActivity" name="youtube_adaway"/>

</appmap>