<Theme version="1">

	<!-- AFH Downloader -->
	<AppIcon name="org.afhdownloader/org.afhdownloader.MainActivity" image="afh_downloader"/>

	<!-- AliExpress -->
	<AppIcon name="com.alibaba.aliexpresshd/com.aliexpress.app.FirstActivity" image="aliexpress"/>

	<!-- Ambient Care -->
	<AppIcon name="com.snap.connectedcare.ambientcare/md.connectedcare.android.MainActivity" image="ambient_care"/>

	<!-- AMM -->
	<AppIcon name="com.fox2code.mmm.fdroid/com.fox2code.mmm.MainActivity" image="amm"/>

	<!-- Android Exploits -->
	<AppIcon name="org.chickenhook.androidexploits/org.chickenhook.androidexploits.ui_2.MainFrameActivity" image="android_exploits"/>

	<!-- Android LUKS -->
	<AppIcon name="eu.fulldisclosure.android.luks/eu.fulldisclosure.android.luks.MainActivity" image="android_luks"/>

	<!-- BusyBox Pro -->
	<AppIcon name="stericson.busybox.donate/stericson.busybox.donate.activities.MainActivity" image="busybox_pro"/>

	<!-- CarBit -->
	<AppIcon name="com.mda.carbit/com.mda.carbit.c.d" image="carbit"/>

	<!-- Chronus -->
	<AppIcon name="com.dvtonder.chronus/com.dvtonder.chronus.preference.PreferencesMain" image="chronus"/>

	<!-- Link to Windows -->
	<AppIcon name="com.microsoft.appmanager/com.microsoft.appmanager.StartUpCoreActivity" image="link_to_windows"/>

	<!-- MediaMonkey -->
	<AppIcon name="com.ventismedia.android.mediamonkey/com.ventismedia.android.mediamonkey.StartActivity" image="mediamonkey"/>

	<!-- Messages -->
	<AppIcon name="com.motorola.messaging/com.android.messaging.ui.conversationlist.ConversationListActivity" image="messages"/>

	<!-- OTG View2 -->
	<AppIcon name="com.dingtai.snakecamera/com.dingtai.snakecamera.ui.MainActivity" image="otg_view2"/>

	<!-- Rewards -->
	<AppIcon name="com.google.android.apps.paidtasks/com.google.android.apps.paidtasks.activity.LaunchActivity" image="rewards"/>

	<!-- Roku -->
	<AppIcon name="com.roku.remote/com.roku.remote.ui.activities.splash.SplashActivity" image="roku"/>

	<!-- Root Browser -->
	<AppIcon name="com.jrummy.root.browserfree/com.jrummy.apps.root.browser.activities.RootBrowserActivity" image="root_browser"/>

	<!-- SD Maid -->
	<AppIcon name="eu.thedarken.sdm/eu.thedarken.sdm.main.ui.SDMMainActivity" image="sd_maid"/>

	<!-- SmartPack -->
	<AppIcon name="com.smartpack.kernelmanager.pro/com.smartpack.kernelmanager.activities.StartActivityMaterial" image="smartpack"/>

	<!-- Terminal Emulator -->
	<AppIcon name="jackpal.androidterm/jackpal.androidterm.Term" image="terminal_emulator"/>

	<!-- Ultra OBD -->
	<AppIcon name="com.applications.xas.obdultra/com.applications.xas.obdultra.ui.views.onboarding.OnboardingActivity" image="ultra_obd"/>

	<!-- USPS Mobile -->
	<AppIcon name="com.usps/com.usps.mobile.SplashScreenActivity" image="usps_mobile"/>

	<!-- Waze -->
	<AppIcon name="com.waze/com.waze.FreeMapAppActivity" image="waze"/>

	<!-- XDA Developers -->
	<AppIcon name="com.xda.labs.play/host.exp.exponent.MainActivity" image="xda_developers"/>

	<!-- YouTube AdAway -->
	<AppIcon name="ma.wanam.youtubeadaway/ma.wanam.youtubeadaway.SettingsActivity" image="youtube_adaway"/>

</Theme>