<resources>

	<!-- 8 Ball Pool -->
	<item component="ComponentInfo{com.miniclip.eightballpool/com.miniclip.eightballpool.EightBallPoolActivity}" drawable="_8_ball_pool" />

	<!-- Aday İşlemleri -->
	<item component="ComponentInfo{tr.gov.osym.ais.android/tr.gov.osym.ais.android.presentation.ui.activities.ActivitySplash}" drawable="aday_islemleri" />

	<!-- AdClose -->
	<item component="ComponentInfo{com.close.hook.ads/com.close.hook.ads.MainActivityLauncher}" drawable="adclose" />

	<!-- AGC ToolKit Pro -->
	<item component="ComponentInfo{com.agc.toolKit/com.agc.gcam_tools.MainActivity}" drawable="agc_toolkit_pro" />

	<!-- AM Debug -->
	<item component="ComponentInfo{io.github.muntashirakon.AppManager.debug/io.github.muntashirakon.AppManager.main.SplashActivity}" drawable="am_debug" />

	<!-- AppsFree -->
	<item component="ComponentInfo{com.appsfree.android/com.appsfree.android.ui.main.MainActivity}" drawable="appsfree" />

	<!-- Background Eraser -->
	<item component="ComponentInfo{com.handycloset.android.eraser/com.handycloset.android.eraser.MainActivity}" drawable="background_eraser" />

	<!-- Battery Tool -->
	<item component="ComponentInfo{io.github.domi04151309.batterytool/io.github.domi04151309.batterytool.activities.SplashActivity}" drawable="battery_tool" />

	<!-- Candy Crush Saga -->
	<item component="ComponentInfo{com.king.candycrushsaga/com.king.candycrushsaga.CandyCrushSagaActivity}" drawable="candy_crush_saga" />

	<!-- CCleaner -->
	<item component="ComponentInfo{com.piriform.ccleaner/com.avast.android.cleaner.activity.StartActivity}" drawable="ccleaner" />

	<!-- CloudStream -->
	<item component="ComponentInfo{com.lagradost.cloudstream3.prerelease/com.lagradost.cloudstream3.ui.account.AccountSelectActivity}" drawable="cloudstream" />

	<!-- ColorBlendr -->
	<item component="ComponentInfo{com.drdisagree.colorblendr/com.drdisagree.colorblendr.ui.activities.SplashActivity}" drawable="colorblendr" />

	<!-- Countdate -->
	<item component="ComponentInfo{cyou.sk5s.app.countdate/cyou.sk5s.app.countdate.MainActivity}" drawable="countdate" />

	<!-- DataBackup -->
	<item component="ComponentInfo{com.xayah.databackup.premium/com.xayah.databackup.SplashActivity}" drawable="databackup" />

	<!-- Duo Mobile -->
	<item component="ComponentInfo{com.duosecurity.duomobile/com.duosecurity.duomobile.account_list.AccountListActivity}" drawable="duo_mobile" />

	<!-- Enpara -->
	<item component="ComponentInfo{finansbank.enpara/finansbank.enpara.activities.dashboard.SplashActivity}" drawable="enpara" />

	<!-- FKM -->
	<item component="ComponentInfo{com.franco.kernel/com.franco.kernel.activities.SplashActivity}" drawable="fkm" />

	<!-- Fotor -->
	<item component="ComponentInfo{com.everimaging.photoeffectstudio/com.everimaging.fotor.SplashActivity}" drawable="fotor" />

	<!-- Garanti BBVA -->
	<item component="ComponentInfo{com.garanti.cepsubesi/com.garanti.pfm.activity.SplashScreenActivity}" drawable="garanti_bbva" />

	<!-- Iceraven -->
	<item component="ComponentInfo{io.github.forkmaintainers.iceraven/io.github.forkmaintainers.iceraven.App}" drawable="ıceraven" />

	<!-- Image Toolbox (Resizer) -->
	<item component="ComponentInfo{ru.tech.imageresizershrinker/ru.tech.imageresizershrinker.presentation.MainActivity}" drawable="ımage_toolbox_resizer_" />

	<!-- İşCep -->
	<item component="ComponentInfo{com.pozitron.iscep/com.pozitron.iscep.features.prelogin.splash.SplashActivity}" drawable="iscep" />

	<!-- Kamera -->
	<item component="ComponentInfo{com.agc.gcam91/com.android.camera.CameraLauncher}" drawable="kamera" />

	<!-- Kamera -->
	<item component="ComponentInfo{com.google.android.GoogleCameraEng/com.android.camera.CameraLauncher}" drawable="kamera" />

	<!-- KernelSU -->
	<item component="ComponentInfo{me.weishu.kernelsu/me.weishu.kernelsu.ui.MainActivity}" drawable="kernelsu" />

	<!-- LMC8.4 -->
	<item component="ComponentInfo{com.google.android.GoogleCameraEngR18F1/com.android.camera.CameraLauncher}" drawable="lmc84" />

	<!-- LSPosed -->
	<item component="ComponentInfo{org.lsposed.manager/org.lsposed.manager.ui.activity.MainActivity}" drawable="lsposed" />

	<!-- Maze: Path of light -->
	<item component="ComponentInfo{com.rikudogames.maze/com.unity3d.player.UnityPlayerActivity}" drawable="maze_path_of_light" />

	<!-- Merge -->
	<item component="ComponentInfo{com.staplegames.dice/com.unity3d.player.UnityPlayerActivity}" drawable="merge" />

	<!-- Messages -->
	<item component="ComponentInfo{org.fossify.messages/org.fossify.messages.activities.SplashActivity.Green}" drawable="messages" />

	<!-- Microsoft SwiftKey Beta Klavye -->
	<item component="ComponentInfo{com.touchtype.swiftkey.beta/com.touchtype.LauncherActivityIcon}" drawable="microsoft_swiftkey_beta_klavye" />

	<!-- Nagram -->
	<item component="ComponentInfo{xyz.nextalone.nagram/org.telegram.messenger.DefaultIcon}" drawable="nagram" />

	<!-- Nays -->
	<item component="ComponentInfo{com.nextcx.nays/com.isbank.nextcx.ui.deeplink.DeepLinkActivity}" drawable="nays" />

	<!-- Neo Store -->
	<item component="ComponentInfo{com.machiav3lli.fdroid/com.machiav3lli.fdroid.NeoActivity}" drawable="neo_store" />

	<!-- Notepad -->
	<item component="ComponentInfo{com.pp.checklist/com.pp.checklist.ui.MainActivity}" drawable="notepad" />

	<!-- ON Mobil -->
	<item component="ComponentInfo{com.onbank.mobil/com.burgan.mobil.ui.activities.splash.BurganMainSplash}" drawable="on_mobil" />

	<!-- Phone -->
	<item component="ComponentInfo{org.fossify.phone/org.fossify.phone.activities.SplashActivity.Green}" drawable="phone" />

	<!-- Picsart -->
	<item component="ComponentInfo{com.picsart.studio/com.socialin.android.photo.picsinphoto.MainPagerActivity}" drawable="picsart" />

	<!-- Pix Material You Light/Dark -->
	<item component="ComponentInfo{com.pashapuma.pix.material.you.dark/com.pashapuma.pix.material.you.dark.activities.SplashActivity}" drawable="pix_material_you_light_dark" />

	<!-- REC TV -->
	<item component="ComponentInfo{com.rectv.shot/com.rectv.shot.ui.activities.SplashActivity}" drawable="rec_tv" />

	<!-- Redomi -->
	<item component="ComponentInfo{com.acszo.redomi/com.acszo.redomi.MainActivity}" drawable="redomi" />

	<!-- SD Maid SE -->
	<item component="ComponentInfo{eu.darken.sdmse/eu.darken.sdmse.main.ui.MainActivity}" drawable="sd_maid_se" />

	<!-- SmartPack -->
	<item component="ComponentInfo{com.smartpack.kernelmanager.pro/com.smartpack.kernelmanager.activities.StartActivity}" drawable="smartpack" />

	<!-- stats.fm -->
	<item component="ComponentInfo{dev.netlob.spotistats/dev.netlob.spotistats.MainActivity}" drawable="statsfm" />

	<!-- Studio -->
	<item component="ComponentInfo{app.over.editor/com.overhq.over.android.ui.splash.SplashActivity}" drawable="studio" />

	<!-- SuperImage -->
	<item component="ComponentInfo{com.zhenxiang.superimage.pro/com.zhenxiang.superimage.MainActivity}" drawable="superımage" />

	<!-- Survivor.io -->
	<item component="ComponentInfo{com.dxx.firenow/com.unity3d.player.UnityPlayerActivityOverride}" drawable="survivorio" />

	<!-- TG Monet -->
	<item component="ComponentInfo{com.c3r5b8.telegram_monet/com.c3r5b8.telegram_monet.MainActivity}" drawable="tg_monet" />

	<!-- TikTok Lite -->
	<item component="ComponentInfo{com.zhiliaoapp.musically.go/com.ss.android.ugc.aweme.main.homepage.MainActivity}" drawable="tiktok_lite" />

	<!-- Türk Telekom -->
	<item component="ComponentInfo{com.tmob.AveaOIM/moim.android.init.SplashActivity}" drawable="turk_telekom" />

	<!-- Unofficial telegram stickers for WhatsApp -->
	<item component="ComponentInfo{com.dstukalov.watelegramstickers/com.dstukalov.watelegramstickers.StickerPacksActivity}" drawable="unofficial_telegram_stickers_for_whatsapp" />

	<!-- Y.Hava durumu -->
	<item component="ComponentInfo{ru.yandex.weatherplugin/ru.yandex.weatherplugin.ui.activity.SplashActivity}" drawable="yhava_durumu" />

	<!-- Yanımda -->
	<item component="ComponentInfo{com.vodafone.selfservis/com.vodafone.selfservis.feature.growth.activities.SplashActivity}" drawable="yanımda" />

	<!-- Ziraat Mobil -->
	<item component="ComponentInfo{com.ziraat.ziraatmobil/com.ziraat.ziraatmobile.SplashActivity}" drawable="ziraat_mobil" />

</resources>