<appmap>

	<!-- 8 Ball Pool -->
	<item class="com.miniclip.eightballpool.EightBallPoolActivity" name="_8_ball_pool"/>

	<!-- Aday İşlemleri -->
	<item class="tr.gov.osym.ais.android.presentation.ui.activities.ActivitySplash" name="aday_islemleri"/>

	<!-- AdClose -->
	<item class="com.close.hook.ads.MainActivityLauncher" name="adclose"/>

	<!-- AGC ToolKit Pro -->
	<item class="com.agc.gcam_tools.MainActivity" name="agc_toolkit_pro"/>

	<!-- AM Debug -->
	<item class="io.github.muntashirakon.AppManager.main.SplashActivity" name="am_debug"/>

	<!-- AppsFree -->
	<item class="com.appsfree.android.ui.main.MainActivity" name="appsfree"/>

	<!-- Background Eraser -->
	<item class="com.handycloset.android.eraser.MainActivity" name="background_eraser"/>

	<!-- Battery Tool -->
	<item class="io.github.domi04151309.batterytool.activities.SplashActivity" name="battery_tool"/>

	<!-- Candy Crush Saga -->
	<item class="com.king.candycrushsaga.CandyCrushSagaActivity" name="candy_crush_saga"/>

	<!-- CCleaner -->
	<item class="com.avast.android.cleaner.activity.StartActivity" name="ccleaner"/>

	<!-- CloudStream -->
	<item class="com.lagradost.cloudstream3.ui.account.AccountSelectActivity" name="cloudstream"/>

	<!-- ColorBlendr -->
	<item class="com.drdisagree.colorblendr.ui.activities.SplashActivity" name="colorblendr"/>

	<!-- Countdate -->
	<item class="cyou.sk5s.app.countdate.MainActivity" name="countdate"/>

	<!-- DataBackup -->
	<item class="com.xayah.databackup.SplashActivity" name="databackup"/>

	<!-- Duo Mobile -->
	<item class="com.duosecurity.duomobile.account_list.AccountListActivity" name="duo_mobile"/>

	<!-- Enpara -->
	<item class="finansbank.enpara.activities.dashboard.SplashActivity" name="enpara"/>

	<!-- FKM -->
	<item class="com.franco.kernel.activities.SplashActivity" name="fkm"/>

	<!-- Fotor -->
	<item class="com.everimaging.fotor.SplashActivity" name="fotor"/>

	<!-- Garanti BBVA -->
	<item class="com.garanti.pfm.activity.SplashScreenActivity" name="garanti_bbva"/>

	<!-- Iceraven -->
	<item class="io.github.forkmaintainers.iceraven.App" name="ıceraven"/>

	<!-- Image Toolbox (Resizer) -->
	<item class="ru.tech.imageresizershrinker.presentation.MainActivity" name="ımage_toolbox_resizer_"/>

	<!-- İşCep -->
	<item class="com.pozitron.iscep.features.prelogin.splash.SplashActivity" name="iscep"/>

	<!-- Kamera -->
	<item class="com.android.camera.CameraLauncher" name="kamera"/>

	<!-- Kamera -->
	<item class="com.android.camera.CameraLauncher" name="kamera"/>

	<!-- KernelSU -->
	<item class="me.weishu.kernelsu.ui.MainActivity" name="kernelsu"/>

	<!-- LMC8.4 -->
	<item class="com.android.camera.CameraLauncher" name="lmc84"/>

	<!-- LSPosed -->
	<item class="org.lsposed.manager.ui.activity.MainActivity" name="lsposed"/>

	<!-- Maze: Path of light -->
	<item class="com.unity3d.player.UnityPlayerActivity" name="maze_path_of_light"/>

	<!-- Merge -->
	<item class="com.unity3d.player.UnityPlayerActivity" name="merge"/>

	<!-- Messages -->
	<item class="org.fossify.messages.activities.SplashActivity.Green" name="messages"/>

	<!-- Microsoft SwiftKey Beta Klavye -->
	<item class="com.touchtype.LauncherActivityIcon" name="microsoft_swiftkey_beta_klavye"/>

	<!-- Nagram -->
	<item class="org.telegram.messenger.DefaultIcon" name="nagram"/>

	<!-- Nays -->
	<item class="com.isbank.nextcx.ui.deeplink.DeepLinkActivity" name="nays"/>

	<!-- Neo Store -->
	<item class="com.machiav3lli.fdroid.NeoActivity" name="neo_store"/>

	<!-- Notepad -->
	<item class="com.pp.checklist.ui.MainActivity" name="notepad"/>

	<!-- ON Mobil -->
	<item class="com.burgan.mobil.ui.activities.splash.BurganMainSplash" name="on_mobil"/>

	<!-- Phone -->
	<item class="org.fossify.phone.activities.SplashActivity.Green" name="phone"/>

	<!-- Picsart -->
	<item class="com.socialin.android.photo.picsinphoto.MainPagerActivity" name="picsart"/>

	<!-- Pix Material You Light/Dark -->
	<item class="com.pashapuma.pix.material.you.dark.activities.SplashActivity" name="pix_material_you_light_dark"/>

	<!-- REC TV -->
	<item class="com.rectv.shot.ui.activities.SplashActivity" name="rec_tv"/>

	<!-- Redomi -->
	<item class="com.acszo.redomi.MainActivity" name="redomi"/>

	<!-- SD Maid SE -->
	<item class="eu.darken.sdmse.main.ui.MainActivity" name="sd_maid_se"/>

	<!-- SmartPack -->
	<item class="com.smartpack.kernelmanager.activities.StartActivity" name="smartpack"/>

	<!-- stats.fm -->
	<item class="dev.netlob.spotistats.MainActivity" name="statsfm"/>

	<!-- Studio -->
	<item class="com.overhq.over.android.ui.splash.SplashActivity" name="studio"/>

	<!-- SuperImage -->
	<item class="com.zhenxiang.superimage.MainActivity" name="superımage"/>

	<!-- Survivor.io -->
	<item class="com.unity3d.player.UnityPlayerActivityOverride" name="survivorio"/>

	<!-- TG Monet -->
	<item class="com.c3r5b8.telegram_monet.MainActivity" name="tg_monet"/>

	<!-- TikTok Lite -->
	<item class="com.ss.android.ugc.aweme.main.homepage.MainActivity" name="tiktok_lite"/>

	<!-- Türk Telekom -->
	<item class="moim.android.init.SplashActivity" name="turk_telekom"/>

	<!-- Unofficial telegram stickers for WhatsApp -->
	<item class="com.dstukalov.watelegramstickers.StickerPacksActivity" name="unofficial_telegram_stickers_for_whatsapp"/>

	<!-- Y.Hava durumu -->
	<item class="ru.yandex.weatherplugin.ui.activity.SplashActivity" name="yhava_durumu"/>

	<!-- Yanımda -->
	<item class="com.vodafone.selfservis.feature.growth.activities.SplashActivity" name="yanımda"/>

	<!-- Ziraat Mobil -->
	<item class="com.ziraat.ziraatmobile.SplashActivity" name="ziraat_mobil"/>

</appmap>