<Theme version="1">

	<!-- 8 Ball Pool -->
	<AppIcon name="com.miniclip.eightballpool/com.miniclip.eightballpool.EightBallPoolActivity" image="_8_ball_pool"/>

	<!-- Aday İşlemleri -->
	<AppIcon name="tr.gov.osym.ais.android/tr.gov.osym.ais.android.presentation.ui.activities.ActivitySplash" image="aday_islemleri"/>

	<!-- AdClose -->
	<AppIcon name="com.close.hook.ads/com.close.hook.ads.MainActivityLauncher" image="adclose"/>

	<!-- AGC ToolKit Pro -->
	<AppIcon name="com.agc.toolKit/com.agc.gcam_tools.MainActivity" image="agc_toolkit_pro"/>

	<!-- AM Debug -->
	<AppIcon name="io.github.muntashirakon.AppManager.debug/io.github.muntashirakon.AppManager.main.SplashActivity" image="am_debug"/>

	<!-- AppsFree -->
	<AppIcon name="com.appsfree.android/com.appsfree.android.ui.main.MainActivity" image="appsfree"/>

	<!-- Background Eraser -->
	<AppIcon name="com.handycloset.android.eraser/com.handycloset.android.eraser.MainActivity" image="background_eraser"/>

	<!-- Battery Tool -->
	<AppIcon name="io.github.domi04151309.batterytool/io.github.domi04151309.batterytool.activities.SplashActivity" image="battery_tool"/>

	<!-- Candy Crush Saga -->
	<AppIcon name="com.king.candycrushsaga/com.king.candycrushsaga.CandyCrushSagaActivity" image="candy_crush_saga"/>

	<!-- CCleaner -->
	<AppIcon name="com.piriform.ccleaner/com.avast.android.cleaner.activity.StartActivity" image="ccleaner"/>

	<!-- CloudStream -->
	<AppIcon name="com.lagradost.cloudstream3.prerelease/com.lagradost.cloudstream3.ui.account.AccountSelectActivity" image="cloudstream"/>

	<!-- ColorBlendr -->
	<AppIcon name="com.drdisagree.colorblendr/com.drdisagree.colorblendr.ui.activities.SplashActivity" image="colorblendr"/>

	<!-- Countdate -->
	<AppIcon name="cyou.sk5s.app.countdate/cyou.sk5s.app.countdate.MainActivity" image="countdate"/>

	<!-- DataBackup -->
	<AppIcon name="com.xayah.databackup.premium/com.xayah.databackup.SplashActivity" image="databackup"/>

	<!-- Duo Mobile -->
	<AppIcon name="com.duosecurity.duomobile/com.duosecurity.duomobile.account_list.AccountListActivity" image="duo_mobile"/>

	<!-- Enpara -->
	<AppIcon name="finansbank.enpara/finansbank.enpara.activities.dashboard.SplashActivity" image="enpara"/>

	<!-- FKM -->
	<AppIcon name="com.franco.kernel/com.franco.kernel.activities.SplashActivity" image="fkm"/>

	<!-- Fotor -->
	<AppIcon name="com.everimaging.photoeffectstudio/com.everimaging.fotor.SplashActivity" image="fotor"/>

	<!-- Garanti BBVA -->
	<AppIcon name="com.garanti.cepsubesi/com.garanti.pfm.activity.SplashScreenActivity" image="garanti_bbva"/>

	<!-- Iceraven -->
	<AppIcon name="io.github.forkmaintainers.iceraven/io.github.forkmaintainers.iceraven.App" image="ıceraven"/>

	<!-- Image Toolbox (Resizer) -->
	<AppIcon name="ru.tech.imageresizershrinker/ru.tech.imageresizershrinker.presentation.MainActivity" image="ımage_toolbox_resizer_"/>

	<!-- İşCep -->
	<AppIcon name="com.pozitron.iscep/com.pozitron.iscep.features.prelogin.splash.SplashActivity" image="iscep"/>

	<!-- Kamera -->
	<AppIcon name="com.agc.gcam91/com.android.camera.CameraLauncher" image="kamera"/>

	<!-- Kamera -->
	<AppIcon name="com.google.android.GoogleCameraEng/com.android.camera.CameraLauncher" image="kamera"/>

	<!-- KernelSU -->
	<AppIcon name="me.weishu.kernelsu/me.weishu.kernelsu.ui.MainActivity" image="kernelsu"/>

	<!-- LMC8.4 -->
	<AppIcon name="com.google.android.GoogleCameraEngR18F1/com.android.camera.CameraLauncher" image="lmc84"/>

	<!-- LSPosed -->
	<AppIcon name="org.lsposed.manager/org.lsposed.manager.ui.activity.MainActivity" image="lsposed"/>

	<!-- Maze: Path of light -->
	<AppIcon name="com.rikudogames.maze/com.unity3d.player.UnityPlayerActivity" image="maze_path_of_light"/>

	<!-- Merge -->
	<AppIcon name="com.staplegames.dice/com.unity3d.player.UnityPlayerActivity" image="merge"/>

	<!-- Messages -->
	<AppIcon name="org.fossify.messages/org.fossify.messages.activities.SplashActivity.Green" image="messages"/>

	<!-- Microsoft SwiftKey Beta Klavye -->
	<AppIcon name="com.touchtype.swiftkey.beta/com.touchtype.LauncherActivityIcon" image="microsoft_swiftkey_beta_klavye"/>

	<!-- Nagram -->
	<AppIcon name="xyz.nextalone.nagram/org.telegram.messenger.DefaultIcon" image="nagram"/>

	<!-- Nays -->
	<AppIcon name="com.nextcx.nays/com.isbank.nextcx.ui.deeplink.DeepLinkActivity" image="nays"/>

	<!-- Neo Store -->
	<AppIcon name="com.machiav3lli.fdroid/com.machiav3lli.fdroid.NeoActivity" image="neo_store"/>

	<!-- Notepad -->
	<AppIcon name="com.pp.checklist/com.pp.checklist.ui.MainActivity" image="notepad"/>

	<!-- ON Mobil -->
	<AppIcon name="com.onbank.mobil/com.burgan.mobil.ui.activities.splash.BurganMainSplash" image="on_mobil"/>

	<!-- Phone -->
	<AppIcon name="org.fossify.phone/org.fossify.phone.activities.SplashActivity.Green" image="phone"/>

	<!-- Picsart -->
	<AppIcon name="com.picsart.studio/com.socialin.android.photo.picsinphoto.MainPagerActivity" image="picsart"/>

	<!-- Pix Material You Light/Dark -->
	<AppIcon name="com.pashapuma.pix.material.you.dark/com.pashapuma.pix.material.you.dark.activities.SplashActivity" image="pix_material_you_light_dark"/>

	<!-- REC TV -->
	<AppIcon name="com.rectv.shot/com.rectv.shot.ui.activities.SplashActivity" image="rec_tv"/>

	<!-- Redomi -->
	<AppIcon name="com.acszo.redomi/com.acszo.redomi.MainActivity" image="redomi"/>

	<!-- SD Maid SE -->
	<AppIcon name="eu.darken.sdmse/eu.darken.sdmse.main.ui.MainActivity" image="sd_maid_se"/>

	<!-- SmartPack -->
	<AppIcon name="com.smartpack.kernelmanager.pro/com.smartpack.kernelmanager.activities.StartActivity" image="smartpack"/>

	<!-- stats.fm -->
	<AppIcon name="dev.netlob.spotistats/dev.netlob.spotistats.MainActivity" image="statsfm"/>

	<!-- Studio -->
	<AppIcon name="app.over.editor/com.overhq.over.android.ui.splash.SplashActivity" image="studio"/>

	<!-- SuperImage -->
	<AppIcon name="com.zhenxiang.superimage.pro/com.zhenxiang.superimage.MainActivity" image="superımage"/>

	<!-- Survivor.io -->
	<AppIcon name="com.dxx.firenow/com.unity3d.player.UnityPlayerActivityOverride" image="survivorio"/>

	<!-- TG Monet -->
	<AppIcon name="com.c3r5b8.telegram_monet/com.c3r5b8.telegram_monet.MainActivity" image="tg_monet"/>

	<!-- TikTok Lite -->
	<AppIcon name="com.zhiliaoapp.musically.go/com.ss.android.ugc.aweme.main.homepage.MainActivity" image="tiktok_lite"/>

	<!-- Türk Telekom -->
	<AppIcon name="com.tmob.AveaOIM/moim.android.init.SplashActivity" image="turk_telekom"/>

	<!-- Unofficial telegram stickers for WhatsApp -->
	<AppIcon name="com.dstukalov.watelegramstickers/com.dstukalov.watelegramstickers.StickerPacksActivity" image="unofficial_telegram_stickers_for_whatsapp"/>

	<!-- Y.Hava durumu -->
	<AppIcon name="ru.yandex.weatherplugin/ru.yandex.weatherplugin.ui.activity.SplashActivity" image="yhava_durumu"/>

	<!-- Yanımda -->
	<AppIcon name="com.vodafone.selfservis/com.vodafone.selfservis.feature.growth.activities.SplashActivity" image="yanımda"/>

	<!-- Ziraat Mobil -->
	<AppIcon name="com.ziraat.ziraatmobil/com.ziraat.ziraatmobile.SplashActivity" image="ziraat_mobil"/>

</Theme>