<appmap>

	<!-- 3D Model Viewer -->
	<item class="org.andresoviedo.app.model3D.MainActivity" name="_3d_model_viewer"/>

	<!-- AccuBattery -->
	<item class="com.digibites.abatterysaver.BatterySaverActivity" name="accubattery"/>

	<!-- Acode -->
	<item class="com.foxdebug.acode.MainActivity" name="acode"/>

	<!-- ActiveBuilding -->
	<item class="com.activebuilding.residents.MainActivity" name="activebuilding"/>

	<!-- Air Control -->
	<item class="ai.aloft.aircontrol.ui.launch.SplashActivity" name="air_control"/>

	<!-- AirGuard -->
	<item class="de.seemoo.at_tracking_detection.ui.MainActivity" name="airguard"/>

	<!-- AirNow -->
	<item class="com.saic.airnow.MainActivity" name="airnow"/>

	<!-- Amex -->
	<item class="com.americanexpress.android.acctsvcs.us.firstuse.StartupActivity" name="amex"/>

	<!-- AndrOBD -->
	<item class="com.fr3ts0n.ecu.gui.androbd.MainActivity" name="androbd"/>

	<!-- AndrOBD GpsProvider -->
	<item class="com.fr3ts0n.androbd.plugin.gpsprovider.SettingsActivity" name="androbd_gpsprovider"/>

	<!-- AndrOBD SensorProvider -->
	<item class="com.fr3ts0n.androbd.plugin.sensorprovider.SettingsActivity" name="androbd_sensorprovider"/>

	<!-- Android System Widgets + -->
	<item class="de.program_co.asciisystemwidgetsplusplus.activities.MainActivity" name="android_system_widgets_"/>

	<!-- APK Explorer & Editor -->
	<item class="com.apk.editor.activities.StartActivity" name="apk_explorer_and_editor"/>

	<!-- B4UFLY -->
	<item class="gov.faa.b4ufly2.ui.start.SplashActivity" name="b4ufly"/>

	<!-- Bandcamp -->
	<item class="com.bandcamp.android.view.SplashActivity" name="bandcamp"/>

	<!-- Beyond Menu -->
	<item class="com.beyondmenu.activity.SplashActivity" name="beyond_menu"/>

	<!-- BILL AP & AR -->
	<item class="com.bdc.bill.flows.signin.SplashActivity" name="bill_ap_and_ar"/>

	<!-- Blackboard -->
	<item class="com.kentdisplays.blackboard.activities.SplashScreenActivity" name="blackboard"/>

	<!-- Burger King -->
	<item class="com.emn8.mobilem8.nativeapp.bk.MainActivity" name="burger_king"/>

	<!-- Cache Cleaner -->
	<item class="com.github.bmx666.appcachecleaner.ui.activity.LauncherActivity" name="cache_cleaner"/>

	<!-- Calendar -->
	<item class="com.android.calendar.AllInOneActivity" name="calendar"/>

	<!-- Camera -->
	<item class="net.sourceforge.opencamera.MainActivity" name="camera"/>

	<!-- Camera Remote -->
	<item class="com.fujifilm_dsc.app.remoteshooter.InitializeActivity" name="camera_remote"/>

	<!-- Carrion -->
	<item class="us.spotco.carrion.MainActivity" name="carrion"/>

	<!-- ChargerLink -->
	<item class="com.skyrc.chargemastewifi.ChargerCtrlActivity" name="chargerlink"/>

	<!-- CIFS Documents Provider -->
	<item class="com.wa2c.android.cifsdocumentsprovider.presentation.ui.MainActivity" name="cifs_documents_provider"/>

	<!-- ClickUp -->
	<item class="co.mangotechnologies.clickup.MainActivity" name="clickup"/>

	<!-- Contacts Optimizer -->
	<item class="com.compelson.optimizer.Optimizer" name="contacts_optimizer"/>

	<!-- Cookbook -->
	<item class="de.micmun.android.nextcloudcookbook.ui.LoginActivity" name="cookbook"/>

	<!-- DeadHash -->
	<item class="com.codedead.deadhash.gui.MainActivity" name="deadhash"/>

	<!-- Deck -->
	<item class="it.niedermann.nextcloud.deck.ui.main.MainActivity" name="deck"/>

	<!-- Deduplicate SMS -->
	<item class="com.venomvendor.sms.deduplicate.activity.Deduplication" name="deduplicate_sms"/>

	<!-- Deep Links for LabCoat -->
	<item class="com.nomadlabs.labcoat.deeplinks.AboutActivity" name="deep_links_for_labcoat"/>

	<!-- Device Info -->
	<item class="com.delta8studio.deviceinfo.MainActivity" name="device_info"/>

	<!-- Discourse -->
	<item class="com.discourse.MainActivity" name="discourse"/>

	<!-- Domino's -->
	<item class="com.dominos.loadingscreen.InitialLaunchActivity" name="dominos"/>

	<!-- drawnames -->
	<item class="io.flutter.embedding.android.FlutterActivity" name="drawnames"/>

	<!-- DroidCamX -->
	<item class="com.dev47apps.droidcamx.DroidCamX" name="droidcamx"/>

	<!-- droidVNC-NG Admin Panel -->
	<item class="net.christianbeier.droidvnc_ng.MainActivity" name="droidvnc_ng_admin_panel"/>

	<!-- Dunkin' -->
	<item class="com.cardfree.android.dunkindonuts.activities.LauncherActivity" name="dunkin"/>

	<!-- EpaUvIndex -->
	<item class="gov.epa.MainActivity" name="epauvindex"/>

	<!-- Excellus BCBS -->
	<item class="com.excellus.memberapp.Activity.SplashActivity" name="excellus_bcbs"/>

	<!-- Exif Thumbnail Adder -->
	<item class="com.exifthumbnailadder.app.MainActivity" name="exif_thumbnail_adder"/>

	<!-- Exodus -->
	<item class="org.eu.exodus_privacy.exodusprivacy.MainActivity" name="exodus"/>

	<!-- EyeMed -->
	<item class="com.eyemed.app.members.ui.login.LoginActivity" name="eyemed"/>

	<!-- F-Droid Build Status -->
	<item class="de.storchp.fdroidbuildstatus.MainActivity" name="f_droid_build_status"/>

	<!-- Family Safety -->
	<item class="com.microsoft.familysafety.MainActivity" name="family_safety"/>

	<!-- FindMyDevice -->
	<item class="de.nulide.findmydevice.ui.MainActivity" name="findmydevice"/>

	<!-- Fitbit -->
	<item class="com.fitbit.FirstActivity" name="fitbit"/>

	<!-- FIVE GUYS -->
	<item class="com.wearehathway.apps.stock.views.resolver.ScreenResolutionActivity" name="five_guys"/>

	<!-- Flite Test -->
	<item class="com.tritiumstudios.flitetest.MainActivity" name="flite_test"/>

	<!-- floccus -->
	<item class="org.handmadeideas.floccus.MainActivity" name="floccus"/>

	<!-- foobar2000 -->
	<item class="com.foobar2000.foobar2000.MainActivity" name="foobar2000"/>

	<!-- Forest Settings -->
	<item class="kaka.wallpaper.forest.android.SettingsActivity" name="forest_settings"/>

	<!-- Freshdesk -->
	<item class="com.freshdesk.helpdesk.ui.SplashActivity" name="freshdesk"/>

	<!-- Fudge -->
	<item class="dev.danielc.fujiapp.MainActivity" name="fudge"/>

	<!-- GEICO Mobile -->
	<item class="com.geico.mobile.android.ace.geicoapppresentation.splash.mvvm.view.AceSplashActivity" name="geico_mobile"/>

	<!-- GitNex -->
	<item class="org.mian.gitnex.activities.MainActivity" name="gitnex"/>

	<!-- GoPro Quik -->
	<item class="com.gopro.smarty.activity.HomeActivity" name="gopro_quik"/>

	<!-- GPS Point -->
	<item class="sk.grecnar.gpspoint.MainActivity" name="gps_point"/>

	<!-- GPSTest -->
	<item class="com.android.gpstest.ui.MainActivity" name="gpstest"/>

	<!-- Gusto Wallet -->
	<item class="com.gusto.money.navigation.NavActivity" name="gusto_wallet"/>

	<!-- Handy Reading -->
	<item class="ru.yanus171.feedexfork.activity.HomeActivity" name="handy_reading"/>

	<!-- Home Phone -->
	<item class="com.ooma.mobile.ui.login.LoginActivity" name="home_phone"/>

	<!-- I Love NY -->
	<item class="com.fg.iloveny.LoadingActivity" name="i_love_ny"/>

	<!-- IconRequest -->
	<item class="de.kaiserdragon.iconrequest.MainActivity" name="iconrequest"/>

	<!-- Identiconizer! -->
	<item class="com.germainz.identiconizer.IdenticonsSettings" name="identiconizer_"/>

	<!-- iNaturalist -->
	<item class="org.inaturalist.android.ObservationListActivity.inaturalist" name="inaturalist"/>

	<!-- LabCoat -->
	<item class="com.commit451.gitlab.activity.LaunchActivity" name="labcoat"/>

	<!-- LibreTranslator -->
	<item class="de.beowulf.libretranslater.MainActivity" name="libretranslator"/>

	<!-- ListenBrainz -->
	<item class="org.listenbrainz.android.ui.screens.main.MainActivity" name="listenbrainz"/>

	<!-- Living Worlds -->
	<item class="com.pixfabrik.livingworlds.MainActivity" name="living_worlds"/>

	<!-- M&T Bank -->
	<item class="com.mnt.mobilebanking.controllers.activities.SplashActivity" name="m_and_t_bank"/>

	<!-- Maps -->
	<item class="com.magiclane.androidsphere.map.MapActivity" name="maps"/>

	<!-- Maps Geofavorites -->
	<item class="it.danieleverducci.nextcloudmaps.activity.login.LoginActivity" name="maps_geofavorites"/>

	<!-- Mastodon Redirect -->
	<item class="dev.zwander.mastodonredirect.MainActivity" name="mastodon_redirect"/>

	<!-- MediaInfo -->
	<item class="net.mediaarea.mediainfo.ReportListActivity" name="mediainfo"/>

	<!-- Mercurygram -->
	<item class="org.telegram.messenger.DefaultIcon" name="mercurygram"/>

	<!-- Mighty DOOM -->
	<item class="com.google.firebase.MessagingUnityPlayerActivity" name="mighty_doom"/>

	<!-- Milestones -->
	<item class="com.brainbytescreative.actearly.MainActivity" name="milestones"/>

	<!-- Mitch -->
	<item class="garden.appl.mitch.ui.MainActivity" name="mitch"/>

	<!-- MJ PDF -->
	<item class="com.gitlab.mudlej.MjPdfReader.LauncherAlias" name="mj_pdf"/>

	<!-- MOHELA -->
	<item class="com.mohela.MOHELA.MainActivity" name="mohela"/>

	<!-- My Spectrum -->
	<item class="com.spectrum.convergedTech.MainActivity" name="my_spectrum"/>

	<!-- MyChart -->
	<item class="epic.mychart.android.library.prelogin.SplashActivity" name="mychart"/>

	<!-- myCricket -->
	<item class="com.streamezzo.android.richmedia.RichMedia" name="mycricket"/>

	<!-- MyHyundai -->
	<item class="com.stationdm.bluelink.kotlin.ui.auth.SDMSplashActivity" name="myhyundai"/>

	<!-- Nara Baby -->
	<item class="com.naraorganics.nara.MainActivity" name="nara_baby"/>

	<!-- News -->
	<item class="de.luhmer.owncloudnewsreader.NewsReaderListActivity" name="news"/>

	<!-- Nextcloud Passwords -->
	<item class="com.hegocre.nextcloudpasswords.ui.activities.MainActivity" name="nextcloud_passwords"/>

	<!-- Notification Log -->
	<item class="com.aospstudio.shortcuts.MainActivity" name="notification_log"/>

	<!-- ntfy -->
	<item class="io.heckel.ntfy.ui.MainActivity" name="ntfy"/>

	<!-- NY State Parks Explorer -->
	<item class="gov.ny.its.nysparks.ui.WelcomeActivity" name="ny_state_parks_explorer"/>

	<!-- OctoDroid -->
	<item class="com.gh4a.activities.Github4AndroidActivity" name="octodroid"/>

	<!-- OneBit Adventure -->
	<item class="com.unity3d.player.UnityPlayerActivity" name="onebit_adventure"/>

	<!-- OpenAthena™ for Android -->
	<item class="com.openathena.MainActivity" name="openathena™_for_android"/>

	<!-- OpenKeychain -->
	<item class="org.sufficientlysecure.keychain.ui.MainActivity" name="openkeychain"/>

	<!-- OpenWrt Manager -->
	<item class="com.hg.openwrtmanager.MainActivity" name="openwrt_manager"/>

	<!-- OSS Document Scanner -->
	<item class="com.akylas.documentscanner.MainActivity" name="oss_document_scanner"/>

	<!-- OTP Manager -->
	<item class="com.convertino.otp_manager.MainActivity" name="otp_manager"/>

	<!-- Palette Cycling LWP -->
	<item class="rak.pixellwp.SetWallpaperActivity" name="palette_cycling_lwp"/>

	<!-- PerformanceTest Mobile -->
	<item class="com.passmark.pt_mobile.SplashScreen" name="performancetest_mobile"/>

	<!-- PermissionSlip -->
	<item class="org.consumerreports.permissionslip.MainActivity" name="permissionslip"/>

	<!-- Picard Barcode Scanner -->
	<item class="org.musicbrainz.picard.barcodescanner.activities.ScannerActivity" name="picard_barcode_scanner"/>

	<!-- Pocket Sign -->
	<item class="com.mobireactor.signlanguage.MainActivity" name="pocket_sign"/>

	<!-- Port Authority -->
	<item class="com.aaronjwood.portauthority.activity.MainActivity" name="port_authority"/>

	<!-- projectM Pro -->
	<item class="com.psperl.prjM.MainActivity" name="projectm_pro"/>

	<!-- ProShot -->
	<item class="com.riseupgames.proshot2.activities.PermissionsActivity" name="proshot"/>

	<!-- Rarevision -->
	<item class="com.rarevision.vhscommon.VhsCam" name="rarevision"/>

	<!-- Read You -->
	<item class="me.ash.reader.infrastructure.android.MainActivity" name="read_you"/>

	<!-- Recreation.gov -->
	<item class="com.bah.r1smobile.activities.SplashActivity" name="recreationgov"/>

	<!-- Redfin -->
	<item class="com.redfin.android.activity.launch.DefaultLaunchActivity" name="redfin"/>

	<!-- Retro Gorilla Artillery Game -->
	<item class="com.ansca.corona.CoronaActivity" name="retro_gorilla_artillery_game"/>

	<!-- Retro Mode - Light -->
	<item class="app.moertel.retro.iconpack.activities.SplashActivity" name="retro_mode_light"/>

	<!-- Retro Mode - Neon -->
	<item class="app.moertel.retro.iconpack.activities.SplashActivity" name="retro_mode_neon"/>

	<!-- RGE -->
	<item class="com.avangrid.nysegcustomer.MainActivity" name="rge"/>

	<!-- RoMote -->
	<item class="wseemann.media.romote.activity.MainActivity" name="romote"/>

	<!-- RTKGPS+ -->
	<item class="gpsplus.rtkgps.MainActivity" name="rtkgps_"/>

	<!-- Ruler -->
	<item class="org.secuso.privacyfriendlyruler.activities.SplashActivity" name="ruler"/>

	<!-- RunCam -->
	<item class="com.runcam.runcam2.Activity.SplashActivity" name="runcam"/>

	<!-- SaverTuner -->
	<item class="com.draco.buoy.views.MainActivity" name="savertuner"/>

	<!-- Scrambled Exif -->
	<item class="com.jarsilio.android.scrambledeggsif.MainActivity" name="scrambled_exif"/>

	<!-- Seek -->
	<item class="org.inaturalist.seek.MainActivity" name="seek"/>

	<!-- Skewy -->
	<item class="hans.b.skewy1_0.MainActivity" name="skewy"/>

	<!-- Slack -->
	<item class="slack.features.home.HomeActivity" name="slack"/>

	<!-- Slice -->
	<item class="com.slicelife.storefront.view.SplashActivity" name="slice"/>

	<!-- Smoke Sense -->
	<item class="sti.com.ewhsa.activities.SplashActivity" name="smoke_sense"/>

	<!-- SMS Backup & Restore Pro -->
	<item class="com.riteshsahu.SMSBackupRestore.activities.IntroActivity" name="sms_backup_and_restore_pro"/>

	<!-- Snowfall -->
	<item class="com.korovan.snowfall.OpenActivity" name="snowfall"/>

	<!-- Solex -->
	<item class="com.fognl.solex.SolexMainActivity" name="solex"/>

	<!-- SomaFM -->
	<item class="com.dgmltn.radiomg.ui.main.MainActivity" name="somafm"/>

	<!-- SoundHound -->
	<item class="com.soundhound.android.appcommon.activity.SplashScreenActivity" name="soundhound"/>

	<!-- Steam Chat -->
	<item class="com.valvesoftware.android.steam.friendsui.MainActivity" name="steam_chat"/>

	<!-- Stellarium -->
	<item class="com.stellariumlabs.stellarium.mobile.StellariumFree" name="stellarium"/>

	<!-- Stikbot Studio 2 -->
	<item class="com.unity3d.player.UnityPlayerActivity" name="stikbot_studio_2"/>

	<!-- Stockpile -->
	<item class="com.zoontek.rnbootsplash.RNBootSplashActivity" name="stockpile"/>

	<!-- Street­Complete -->
	<item class="de.westnordost.streetcomplete.screens.MainActivity" name="street­complete"/>

	<!-- Suntimes -->
	<item class="com.forrestguice.suntimeswidget.SuntimesActivity" name="suntimes"/>

	<!-- Suntimes Alarms -->
	<item class="com.forrestguice.suntimeswidget.alarmclock.ui.AlarmClockActivityLauncher" name="suntimes_alarms"/>

	<!-- Suntimes Calendars -->
	<item class="com.forrestguice.suntimeswidget.calendar.SuntimesCalendarActivity" name="suntimes_calendars"/>

	<!-- Swim Guide -->
	<item class="ca.waterkeeper.android.swimguide.MainActivity" name="swim_guide"/>

	<!-- SystemUI Tuner -->
	<item class="com.aospstudio.shortcuts.MainActivity" name="systemui_tuner"/>

	<!-- Taco Bell -->
	<item class="com.tacobell.splash.SplashActivity" name="taco_bell"/>

	<!-- Talk -->
	<item class="com.nextcloud.talk.activities.MainActivity" name="talk"/>

	<!-- Tape Measure -->
	<item class="org.secuso.privacyfriendlycameraruler.SplashActivity" name="tape_measure"/>

	<!-- Target -->
	<item class="com.target.ui.activity.NavigationActivity" name="target"/>

	<!-- Tasks -->
	<item class="org.dmfs.tasks.TaskListActivity" name="tasks"/>

	<!-- TeamViewer -->
	<item class="com.teamviewer.remotecontrollib.activity.MainActivity" name="teamviewer"/>

	<!-- Teapod -->
	<item class="org.mosad.teapod.ui.activity.main.MainActivity" name="teapod"/>

	<!-- Teracube parent -->
	<item class="com.teracube.teracube_parent.MainActivity" name="teracube_parent"/>

	<!-- Threema Libre -->
	<item class="ch.threema.app.activities.MainActivity" name="threema_libre"/>

	<!-- TinyBit launcher -->
	<item class="rocks.tbog.tblauncher.TBLauncherActivity" name="tinybit_launcher"/>

	<!-- TNAS mobile 3 -->
	<item class="io.dcloud.PandoraEntry" name="tnas_mobile_3"/>

	<!-- Toast Takeout -->
	<item class="com.toasttab.consumer.MainActivity" name="toast_takeout"/>

	<!-- Tuner -->
	<item class="de.moekadu.tuner.MainActivity" name="tuner"/>

	<!-- UntrackMe -->
	<item class="app.fedilab.nitterizeme.activities.MainActivity" name="untrackme"/>

	<!-- USPS Mobile -->
	<item class="com.usps.app.mobile.SplashScreenActivity" name="usps_mobile"/>

	<!-- uTalk -->
	<item class="com.unity3d.player.UnityPlayerActivity" name="utalk"/>

	<!-- Valvoline -->
	<item class="com.mobile.vioc.ValvolineSplashScreenActivity" name="valvoline"/>

	<!-- Venmo -->
	<item class="com.venmo.AppExperienceLauncherActivity" name="venmo"/>

	<!-- Visual Voicemail -->
	<item class="com.att.mobile.android.vvm.screen.WelcomeActivity" name="visual_voicemail"/>

	<!-- VSON -->
	<item class="com.vson.shneutral.ui.WelcomeActivity" name="vson"/>

	<!-- Walmart -->
	<item class="com.walmart.glass.integration.splash.SplashActivity" name="walmart"/>

	<!-- Wegmans -->
	<item class="com.instacart.enterprise.main.ICEnterpriseMainActivity" name="wegmans"/>

	<!-- Wi-Fi Toolkit -->
	<item class="com.tplink.networktoolsbox.ui.init.SplashActivity" name="wi_fi_toolkit"/>

	<!-- WXXI -->
	<item class="com.skyblue.activity.InitialActivity" name="wxxi"/>

	<!-- Xbox -->
	<item class="com.microsoft.xbox.MainActivity" name="xbox"/>

	<!-- XScreenSaver -->
	<item class="org.jwz.xscreensaver.Activity" name="xscreensaver"/>

	<!-- YAACC -->
	<item class="de.yaacc.browser.TabBrowserActivity" name="yaacc"/>

	<!-- Zood Location -->
	<item class="xyz.zood.george.MainActivity" name="zood_location"/>

</appmap>