<resources>

	<!-- AliExpress -->
	<item component="ComponentInfo{com.alibaba.aliexpresshd/com.aliexpress.app.FirstActivity}" drawable="aliexpress" />

	<!-- Altimeter -->
	<item component="ComponentInfo{fr.avianey.altimeter/fr.avianey.altimeter.AltimeterActivity}" drawable="altimeter" />

	<!-- App vault -->
	<item component="ComponentInfo{com.mi.globalminusscreen/com.mi.globalminusscreen.MainActivity}" drawable="app_vault" />

	<!-- Archmage -->
	<item component="ComponentInfo{ru.freecode.lite/ru.freecode.archmage.android.activity.menu.MainMenuActivity}" drawable="archmage" />

	<!-- Aurora Droid -->
	<item component="ComponentInfo{com.aurora.adroid/com.aurora.adroid.ui.generic.activity.SplashActivity}" drawable="aurora_droid" />

	<!-- Beam -->
	<item component="ComponentInfo{com.escooterapp/com.escooterapp.MainActivity}" drawable="beam" />

	<!-- BetaTV -->
	<item component="ComponentInfo{cz.betatv.mobile/cz.sledovanitv.android.activity.EntryActivity}" drawable="betatv" />

	<!-- Bez Holdingu -->
	<item component="ComponentInfo{cz.midnightcode.bezholdingu/cz.midnightcode.bezholdingu.MainActivity}" drawable="bez_holdingu" />

	<!-- Binance -->
	<item component="ComponentInfo{com.binance.dev/com.eaas.launcher.activities.main.MainActivity}" drawable="binance" />

	<!-- BirdNET -->
	<item component="ComponentInfo{de.tu_chemnitz.mi.kahst.birdnet/de.tu_chemnitz.mi.kahst.birdnet.Activity_SplashScreen}" drawable="birdnet" />

	<!-- Bolt -->
	<item component="ComponentInfo{ee.mtakso.client/ee.mtakso.client.activity.SplashHomeActivity}" drawable="bolt" />

	<!-- Bolt Food -->
	<item component="ComponentInfo{com.bolt.deliveryclient/com.boltdeliveryclientapp.LaunchActivity}" drawable="bolt_food" />

	<!-- Booxy -->
	<item component="ComponentInfo{com.booxy.app/com.booxy.activities.SplashActivity}" drawable="booxy" />

	<!-- BTC.com Pool -->
	<item component="ComponentInfo{com.btcpool.app.android/com.btcpool.app.feature.SplashActivity}" drawable="btccom_pool" />

	<!-- Calculator -->
	<item component="ComponentInfo{com.miui.calculator/com.miui.calculator.cal.CalculatorActivity}" drawable="calculator" />

	<!-- Camera -->
	<item component="ComponentInfo{com.agc.gcam90/com.android.camera.CameraLauncher}" drawable="camera" />

	<!-- Camera -->
	<item component="ComponentInfo{com.agc.gcam91/com.android.camera.CameraLauncher}" drawable="camera" />

	<!-- Camera -->
	<item component="ComponentInfo{com.agc.gcam92/com.android.camera.CameraLauncher}" drawable="camera" />

	<!-- Camera -->
	<item component="ComponentInfo{com.google.android.GoogleCameraEng/com.android.camera.CameraLauncher}" drawable="camera" />

	<!-- camera -->
	<item component="ComponentInfo{com.google.android.apps.cameralite/com.google.android.apps.cameralite.capture.CaptureActivity}" drawable="camera" />

	<!-- Celsius -->
	<item component="ComponentInfo{network.celsius.wallet/network.celsius.wallet.SplashActivity}" drawable="celsius" />

	<!-- ChatGPT -->
	<item component="ComponentInfo{com.openai.chatgpt/com.openai.chatgpt.MainActivity}" drawable="chatgpt" />

	<!-- ČHMÚ -->
	<item component="ComponentInfo{cz.oksystem.chmu.basic/cz.oksystem.chmu.basic.activity.DrawerActivity}" drawable="chmu" />

	<!-- ČHMÚ Plus -->
	<item component="ComponentInfo{cz.oksystem.chmu.expert/cz.oksystem.chmu.expert.activity.DrawerActivity}" drawable="chmu_plus" />

	<!-- Clock -->
	<item component="ComponentInfo{com.android.deskclock/com.android.deskclock.DeskClockTabActivity}" drawable="clock" />

	<!-- Cofi -->
	<item component="ComponentInfo{com.omelan.cofi/com.omelan.cofi.MainActivity}" drawable="cofi" />

	<!-- Coinlist -->
	<item component="ComponentInfo{com.coinlist.trade/com.coinlist.trade.Launcher}" drawable="coinlist" />

	<!-- Compass -->
	<item component="ComponentInfo{com.miui.compass/com.miui.compass.CompassActivity}" drawable="compass" />

	<!-- Confluence -->
	<item component="ComponentInfo{com.atlassian.android.confluence.core/com.atlassian.android.confluence.core.ui.launcher.LauncherActivity}" drawable="confluence" />

	<!-- Crypto Helper -->
	<item component="ComponentInfo{com.dalton.cryptohelper/com.dalton.cryptohelper.MainActivity}" drawable="crypto_helper" />

	<!-- Device Info HW -->
	<item component="ComponentInfo{ru.andr7e.deviceinfohw/ru.andr7e.deviceinfohw.MainActivity}" drawable="device_info_hw" />

	<!-- Discord -->
	<item component="ComponentInfo{com.discord/com.discord.main.MainDefault}" drawable="discord" />

	<!-- Downloads -->
	<item component="ComponentInfo{com.android.providers.downloads.ui/com.android.providers.downloads.ui.DownloadList}" drawable="downloads" />

	<!-- Drinkable -->
	<item component="ComponentInfo{com.moimob.drinkable/com.moimob.drinkable.MainActivity}" drawable="drinkable" />

	<!-- ECG Tile Link -->
	<item component="ComponentInfo{com.samsung.android.shealthmonitor/com.samsung.android.shealthmonitor.MainActivity}" drawable="ecg_tile_link" />

	<!-- Electric Circuit Studio -->
	<item component="ComponentInfo{com.ecstudiosystems.electriccircuitstudio/com.ecstudiosystems.electriccircuitstudio.MainActivity}" drawable="electric_circuit_studio" />

	<!-- FKM -->
	<item component="ComponentInfo{com.franco.kernel/com.franco.kernel.activities.SplashActivity}" drawable="fkm" />

	<!-- Flud -->
	<item component="ComponentInfo{com.delphicoder.flud/com.delphicoder.flud.MainActivity}" drawable="flud" />

	<!-- FM Radio -->
	<item component="ComponentInfo{com.miui.fm/com.miui.fmradio.FmRadioActivity}" drawable="fm_radio" />

	<!-- foodora CZ -->
	<item component="ComponentInfo{cz.ulikeit.damejidlo/de.foodora.android.ui.launcher.LauncherActivity}" drawable="foodora_cz" />

	<!-- freeCodeCamp -->
	<item component="ComponentInfo{org.freecodecamp/com.ryanheise.audioservice.AudioServiceActivity}" drawable="freecodecamp" />

	<!-- Gallery -->
	<item component="ComponentInfo{com.miui.gallery/com.miui.gallery.activity.HomePageActivity}" drawable="gallery" />

	<!-- Game Center -->
	<item component="ComponentInfo{com.xiaomi.glgm/com.xiaomi.glgm.home.ui.SplashActivity}" drawable="game_center" />

	<!-- Google Cloud -->
	<item component="ComponentInfo{com.google.android.apps.cloudconsole/com.google.android.apps.cloudconsole.common.MainContainerActivity}" drawable="google_cloud" />

	<!-- GoPro Quik -->
	<item component="ComponentInfo{com.gopro.smarty/com.gopro.smarty.activity.HomeActivity}" drawable="gopro_quik" />

	<!-- Grasshopper -->
	<item component="ComponentInfo{com.area120.grasshopper/com.google.engedu.grasshopper.flutter.MainActivity}" drawable="grasshopper" />

	<!-- Hacker's Keyboard -->
	<item component="ComponentInfo{org.pocketworkstation.pckeyboard/org.pocketworkstation.pckeyboard.Main}" drawable="hackers_keyboard" />

	<!-- HBO MAX -->
	<item component="ComponentInfo{com.hbo.hbonow/com.hbo.hbonow.LaunchActivity}" drawable="hbo_max" />

	<!-- HiByMusic -->
	<item component="ComponentInfo{com.hiby.music/com.hiby.music.Activity.StartActivity}" drawable="hibymusic" />

	<!-- Hlasy ptáků -->
	<item component="ComponentInfo{cz.kle.hlasyptaku/cz.kle.hlasyptaku.HlasyPtaku}" drawable="hlasy_ptaku" />

	<!-- Home Assistant -->
	<item component="ComponentInfo{io.homeassistant.companion.android/io.homeassistant.companion.android.launch.LaunchActivity}" drawable="home_assistant" />

	<!-- IDOS -->
	<item component="ComponentInfo{cz.mafra.jizdnirady/cz.mafra.jizdnirady.activity.SplashActivity}" drawable="idos" />

	<!-- Jira -->
	<item component="ComponentInfo{com.atlassian.android.jira.core/com.atlassian.android.jira.core.app.LauncherActivity}" drawable="jira" />

	<!-- Kaufland -->
	<item component="ComponentInfo{com.kaufland.Kaufland/com.kaufland.kaufland.splash.SplashActivity}" drawable="kaufland" />

	<!-- KB Klíč -->
	<item component="ComponentInfo{cz.kb.paatproduction/cz.kb.paat.ui.MainActivity}" drawable="kb klic" />

	<!-- KFC CZ -->
	<item component="ComponentInfo{com.kfc_cs/com.kfc_polska.ui.main.MainActivity}" drawable="kfc_cz" />

	<!-- Kindle -->
	<item component="ComponentInfo{com.amazon.kindle/com.amazon.kindle.UpgradePage}" drawable="kindle" />

	<!-- Landfall -->
	<item component="ComponentInfo{com.alexanderwinn.landfall/com.tiltingpoint.android.TiltingPointUnityActivity}" drawable="landfall" />

	<!-- Learn Rust Offline -->
	<item component="ComponentInfo{info.camposha.learnrust/info.camposha.learnrust.view.activities.IntroActivity}" drawable="learn_rust_offline" />

	<!-- Léčivé byliny -->
	<item component="ComponentInfo{cz.simopt.get2knowlecivebyliny/com.google.firebase.MessagingUnityPlayerActivity}" drawable="lecive_byliny" />

	<!-- Linux Command Library -->
	<item component="ComponentInfo{com.inspiredandroid.linuxcommandbibliotheca/com.inspiredandroid.linuxcommandbibliotheca.MainActivity}" drawable="linux_command_library" />

	<!-- Mein dm -->
	<item component="ComponentInfo{de.dm.meindm.android/de.dm.meindm.android.StartActivity}" drawable="mein_dm" />

	<!-- Meteor -->
	<item component="ComponentInfo{org.androworks.meteor/org.androworks.meteor.Meteor}" drawable="meteor" />

	<!-- Mi Remote -->
	<item component="ComponentInfo{com.duokan.phone.remotecontroller/com.xiaomi.mitv.phone.remotecontroller.HoriWidgetMainActivityV2}" drawable="mi_remote" />

	<!-- Mi Video -->
	<item component="ComponentInfo{com.miui.videoplayer/com.miui.video.global.app.LauncherActivity}" drawable="mi_video" />

	<!-- MIFARE Classic Tool -->
	<item component="ComponentInfo{de.syss.MifareClassicTool/de.syss.MifareClassicTool.Activities.MainMenu}" drawable="mifare_classic_tool" />

	<!-- Minesweeper Pro -->
	<item component="ComponentInfo{mindware.minegamespro/mindware.minegamespro.main}" drawable="minesweeper_pro" />

	<!-- Mingo -->
	<item component="ComponentInfo{com.anticor.mingo/com.anticor.mingo.activities.SplashActivity}" drawable="mingo" />

	<!-- Minty Pro -->
	<item component="ComponentInfo{pl.patrykgoworowski.mintypro/pl.patrykgoworowski.mintypro.MainActivity}" drawable="minty_pro" />

	<!-- Mobilní banka -->
	<item component="ComponentInfo{eu.inmite.prj.kb.mobilbank/cz.kb.mba.individual.IndividualMainActivity}" drawable="mobilni_banka" />

	<!-- Mobilní klíč eGovernmentu -->
	<item component="ComponentInfo{cz.mojedatovaschranka.mobilniklic/cz.mojedatovaschranka.mobilniklic.activities.SecurityVerificationActivity}" drawable="mobilni_klic_egovernmentu" />

	<!-- MQTT Dash -->
	<item component="ComponentInfo{net.routix.mqttdash/net.routix.mqttdash.BrokersListActivity}" drawable="mqtt_dash" />

	<!-- Můj Globus -->
	<item component="ComponentInfo{com.pragonauts.globus/com.pragonauts.globus.screens.splash.SplashActivity}" drawable="muj_globus" />

	<!-- mujRozhlas -->
	<item component="ComponentInfo{cz.rozhlas.mujrozhlas/cz.rozhlas.mujrozhlas.MainActivity}" drawable="mujrozhlas" />

	<!-- Music -->
	<item component="ComponentInfo{com.miui.player/com.miui.player.ui.MusicBrowserActivity}" drawable="music" />

	<!-- News -->
	<item component="ComponentInfo{com.google.android.apps.magazines/com.google.apps.dots.android.app.activity.CurrentsStartActivity}" drawable="news" />

	<!-- Notes -->
	<item component="ComponentInfo{com.miui.notes/com.miui.notes.ui.NotesListActivity}" drawable="notes" />

	<!-- OKX -->
	<item component="ComponentInfo{com.okinc.okex.gp/com.okinc.core.ok_app.homepage.ui.welcome.WelcomeActivity}" drawable="okx" />

	<!-- Open Stable Diffusion -->
	<item component="ComponentInfo{com.openstablediffusion/com.openstablediffusion.MainActivity}" drawable="open_stable_diffusion" />

	<!-- OpenVPN Connect -->
	<item component="ComponentInfo{net.openvpn.openvpn/net.openvpn.unified.MainActivity}" drawable="openvpn_connect" />

	<!-- OPlayer -->
	<item component="ComponentInfo{com.olimsoft.android.oplayer.pro/com.olimsoft.android.oplayer.StartActivity}" drawable="oplayer" />

	<!-- P R O T O -->
	<item component="ComponentInfo{com.proto.circuitsimulator/com.proto.circuitsimulator.splash.SplashActivity}" drawable="p_r_o_t_o" />

	<!-- Packeta -->
	<item component="ComponentInfo{cz.zasilkovna.app/cz.zasilkovna.app.dashboard.view.MainActivity}" drawable="packeta" />

	<!-- ParkSimply Brno -->
	<item component="ComponentInfo{cz.globdata.parksimply.brno/cz.globdata.parksimply.brno.MainActivity}" drawable="parksimply_brno" />

	<!-- Petals -->
	<item component="ComponentInfo{br.com.colman.petals/br.com.colman.petals.MainActivity}" drawable="petals" />

	<!-- PlantNet -->
	<item component="ComponentInfo{org.plantnet/org.plantnet.MainActivity}" drawable="plantnet" />

	<!-- Polaris -->
	<item component="ComponentInfo{agersant.polaris/com.ryanheise.audioservice.AudioServiceActivity}" drawable="polaris" />

	<!-- Poweramp -->
	<item component="ComponentInfo{com.maxmpz.audioplayer/com.maxmpz.audioplayer.standard_adaptive}" drawable="poweramp" />

	<!-- Poweramp Unlocker -->
	<item component="ComponentInfo{com.maxmpz.audioplayer.unlock/com.maxmpz.audioplayer.unlock.LauncherRedirectorActivity}" drawable="poweramp_unlocker" />

	<!-- ProCam X -->
	<item component="ComponentInfo{com.intermedia.hd.camera.pro/com.antafunny.burstcamera.MainActivity}" drawable="procam_x" />

	<!-- Qerko -->
	<item component="ComponentInfo{com.itispaid/com.itispaid.MainActivity}" drawable="qerko" />

	<!-- Radiotéka -->
	<item component="ComponentInfo{cz.rozhlas.audioknihy/cz.rozhlas.audioknihy.MainActivity}" drawable="radioteka" />

	<!-- ReadEra -->
	<item component="ComponentInfo{org.readera/com.readera.MainActivity}" drawable="readera" />

	<!-- Recorder -->
	<item component="ComponentInfo{com.android.soundrecorder/com.android.soundrecorder.StartActivity}" drawable="recorder" />

	<!-- Rewards -->
	<item component="ComponentInfo{com.google.android.apps.paidtasks/com.google.android.apps.paidtasks.activity.LaunchActivity}" drawable="rewards" />

	<!-- RiMusic -->
	<item component="ComponentInfo{it.fast4x.rimusic/it.vfsfitvnm.vimusic.MainActivity}" drawable="rimusic" />

	<!-- Rocket.Chat -->
	<item component="ComponentInfo{chat.rocket.android/chat.rocket.reactnative.MainActivity}" drawable="rocketchat" />

	<!-- Roku -->
	<item component="ComponentInfo{com.roku.remote/com.roku.remote.ui.activities.splash.SplashActivity}" drawable="roku" />

	<!-- Rust Libraries -->
	<item component="ComponentInfo{info.camposha.rustlibraries/info.camposha.rustlibraries.view.activities.IntroActivity}" drawable="rust_libraries" />

	<!-- Safety -->
	<item component="ComponentInfo{com.google.android.apps.safetyhub/com.google.android.apps.safetyhub.LauncherActivity}" drawable="safety" />

	<!-- Samsung Health -->
	<item component="ComponentInfo{com.sec.android.app.shealth/com.samsung.android.app.shealth.home.HomeMainActivity}" drawable="samsung_health" />

	<!-- Samsung Health Monitor -->
	<item component="ComponentInfo{com.samsung.android.shealthmonitors/com.samsung.android.shealthmonitor.ui.activity.MainActivity}" drawable="samsung_health_monitor" />

	<!-- Scanner -->
	<item component="ComponentInfo{com.xiaomi.scanner/com.xiaomi.scanner.app.ScanActivity}" drawable="scanner" />

	<!-- Security -->
	<item component="ComponentInfo{com.miui.securitycenter/com.miui.securityscan.MainActivity}" drawable="security" />

	<!-- Services & feedback -->
	<item component="ComponentInfo{com.miui.miservice/com.miui.miservice.main.MainActivity}" drawable="services_and_feedback" />

	<!-- Settings -->
	<item component="ComponentInfo{com.android.settings/com.android.settings.MainSettings}" drawable="settings" />

	<!-- ShareMe -->
	<item component="ComponentInfo{com.xiaomi.midrop/com.xiaomi.midrop.SplashScreen}" drawable="shareme" />

	<!-- SHM MOD Companion -->
	<item component="ComponentInfo{xda.dante.shm.mod.companion/xda.dante.shm.mod.companion.MainActivity}" drawable="shm_mod_companion" />

	<!-- Simple Pixel -->
	<item component="ComponentInfo{fr.thema.wear.watch.minimalistpixel/fr.thema.wear.watch.minimalistpixel.WatchFaceCompanionConfigActivity}" drawable="simple_pixel" />

	<!-- SimpleWear -->
	<item component="ComponentInfo{com.thewizrd.simplewear/com.thewizrd.simplewear.MainActivity}" drawable="simplewear" />

	<!-- Slack -->
	<item component="ComponentInfo{com.Slack/slack.features.home.HomeActivity}" drawable="slack" />

	<!-- SledovaniTV -->
	<item component="ComponentInfo{cz.sledovanitv.android/cz.sledovanitv.android.activity.EntryActivity}" drawable="sledovanitv" />

	<!-- Smart Banka -->
	<item component="ComponentInfo{cz.moneta.smartbanka/cz.moneta.smartbanka.mobile.views.activities.MainActivity}" drawable="smart_banka" />

	<!-- Smart Banking -->
	<item component="ComponentInfo{hr.asseco.android.jimba.mUCI.cz/hr.asseco.android.muci.ae.prelogin.SplashScreenActivity}" drawable="smart_banking" />

	<!-- Sound Meter -->
	<item component="ComponentInfo{app.tools.soundmeter.decibel.noisedetector/cn.coocent.tools.soundmeter.app.LaunchActivity}" drawable="sound_meter" />

	<!-- Soundcorset tuner & metronome -->
	<item component="ComponentInfo{com.soundcorset.client.android/com.soundcorset.client.android.MainActivity}" drawable="soundcorset_tuner_and_metronome" />

	<!-- Splitwise -->
	<item component="ComponentInfo{com.Splitwise.SplitwiseMobile/com.Splitwise.SplitwiseMobile.views.SplitwiseSplashScreen}" drawable="splitwise" />

	<!-- Spotube -->
	<item component="ComponentInfo{oss.krtirtho.spotube/com.ryanheise.audioservice.AudioServiceActivity}" drawable="spotube" />

	<!-- Star Walk 2 -->
	<item component="ComponentInfo{com.vitotechnology.StarWalk2/com.google.firebase.MessagingUnityPlayerActivity}" drawable="star_walk_2" />

	<!-- Stocard -->
	<item component="ComponentInfo{de.stocard.stocard/de.stocard.ui.main.InitActivity}" drawable="stocard" />

	<!-- Suntimes -->
	<item component="ComponentInfo{com.forrestguice.suntimeswidget/com.forrestguice.suntimeswidget.SuntimesActivity}" drawable="suntimes" />

	<!-- Tečka -->
	<item component="ComponentInfo{cz.nakit.eocko.wallet/dgc.app.wallet.system.MainActivity}" drawable="tecka" />

	<!-- Themes -->
	<item component="ComponentInfo{com.android.thememanager/com.android.thememanager.ThemeResourceTabActivity}" drawable="themes" />

	<!-- Tuya Smart -->
	<item component="ComponentInfo{com.tuya.smart/com.smart.ThingSplashActivity}" drawable="tuya_smart" />

	<!-- Waze -->
	<item component="ComponentInfo{com.waze/com.waze.FreeMapAppActivity}" drawable="waze" />

	<!-- Weather -->
	<item component="ComponentInfo{com.miui.weather2/com.miui.weather2.ActivityWeatherMain}" drawable="weather" />

	<!-- Wolt -->
	<item component="ComponentInfo{com.wolt.android/com.wolt.android.activities.LauncherActivity}" drawable="wolt" />

	<!-- Zepp Life -->
	<item component="ComponentInfo{com.xiaomi.hm.health/com.xiaomi.hm.health.activity.StartUpActivity}" drawable="zepp_life" />

	<!-- ZeroTier One -->
	<item component="ComponentInfo{com.zerotier.one/com.zerotier.one.ui.NetworkListActivity}" drawable="zerotier_one" />

	<!-- Zoner Photo Studio -->
	<item component="ComponentInfo{com.zoner.android.photostudio/com.zoner.android.photostudio.ui.ActOrganizer}" drawable="zoner_photo_studio" />

</resources>