<appmap>

	<!-- AliExpress -->
	<item class="com.aliexpress.app.FirstActivity" name="aliexpress"/>

	<!-- Altimeter -->
	<item class="fr.avianey.altimeter.AltimeterActivity" name="altimeter"/>

	<!-- App vault -->
	<item class="com.mi.globalminusscreen.MainActivity" name="app_vault"/>

	<!-- Archmage -->
	<item class="ru.freecode.archmage.android.activity.menu.MainMenuActivity" name="archmage"/>

	<!-- Aurora Droid -->
	<item class="com.aurora.adroid.ui.generic.activity.SplashActivity" name="aurora_droid"/>

	<!-- Beam -->
	<item class="com.escooterapp.MainActivity" name="beam"/>

	<!-- BetaTV -->
	<item class="cz.sledovanitv.android.activity.EntryActivity" name="betatv"/>

	<!-- Bez Holdingu -->
	<item class="cz.midnightcode.bezholdingu.MainActivity" name="bez_holdingu"/>

	<!-- Binance -->
	<item class="com.eaas.launcher.activities.main.MainActivity" name="binance"/>

	<!-- BirdNET -->
	<item class="de.tu_chemnitz.mi.kahst.birdnet.Activity_SplashScreen" name="birdnet"/>

	<!-- Bolt -->
	<item class="ee.mtakso.client.activity.SplashHomeActivity" name="bolt"/>

	<!-- Bolt Food -->
	<item class="com.boltdeliveryclientapp.LaunchActivity" name="bolt_food"/>

	<!-- Booxy -->
	<item class="com.booxy.activities.SplashActivity" name="booxy"/>

	<!-- BTC.com Pool -->
	<item class="com.btcpool.app.feature.SplashActivity" name="btccom_pool"/>

	<!-- Calculator -->
	<item class="com.miui.calculator.cal.CalculatorActivity" name="calculator"/>

	<!-- Camera -->
	<item class="com.android.camera.CameraLauncher" name="camera"/>

	<!-- Camera -->
	<item class="com.android.camera.CameraLauncher" name="camera"/>

	<!-- Camera -->
	<item class="com.android.camera.CameraLauncher" name="camera"/>

	<!-- Camera -->
	<item class="com.android.camera.CameraLauncher" name="camera"/>

	<!-- camera -->
	<item class="com.google.android.apps.cameralite.capture.CaptureActivity" name="camera"/>

	<!-- Celsius -->
	<item class="network.celsius.wallet.SplashActivity" name="celsius"/>

	<!-- ChatGPT -->
	<item class="com.openai.chatgpt.MainActivity" name="chatgpt"/>

	<!-- ČHMÚ -->
	<item class="cz.oksystem.chmu.basic.activity.DrawerActivity" name="chmu"/>

	<!-- ČHMÚ Plus -->
	<item class="cz.oksystem.chmu.expert.activity.DrawerActivity" name="chmu_plus"/>

	<!-- Clock -->
	<item class="com.android.deskclock.DeskClockTabActivity" name="clock"/>

	<!-- Cofi -->
	<item class="com.omelan.cofi.MainActivity" name="cofi"/>

	<!-- Coinlist -->
	<item class="com.coinlist.trade.Launcher" name="coinlist"/>

	<!-- Compass -->
	<item class="com.miui.compass.CompassActivity" name="compass"/>

	<!-- Confluence -->
	<item class="com.atlassian.android.confluence.core.ui.launcher.LauncherActivity" name="confluence"/>

	<!-- Crypto Helper -->
	<item class="com.dalton.cryptohelper.MainActivity" name="crypto_helper"/>

	<!-- Device Info HW -->
	<item class="ru.andr7e.deviceinfohw.MainActivity" name="device_info_hw"/>

	<!-- Discord -->
	<item class="com.discord.main.MainDefault" name="discord"/>

	<!-- Downloads -->
	<item class="com.android.providers.downloads.ui.DownloadList" name="downloads"/>

	<!-- Drinkable -->
	<item class="com.moimob.drinkable.MainActivity" name="drinkable"/>

	<!-- ECG Tile Link -->
	<item class="com.samsung.android.shealthmonitor.MainActivity" name="ecg_tile_link"/>

	<!-- Electric Circuit Studio -->
	<item class="com.ecstudiosystems.electriccircuitstudio.MainActivity" name="electric_circuit_studio"/>

	<!-- FKM -->
	<item class="com.franco.kernel.activities.SplashActivity" name="fkm"/>

	<!-- Flud -->
	<item class="com.delphicoder.flud.MainActivity" name="flud"/>

	<!-- FM Radio -->
	<item class="com.miui.fmradio.FmRadioActivity" name="fm_radio"/>

	<!-- foodora CZ -->
	<item class="de.foodora.android.ui.launcher.LauncherActivity" name="foodora_cz"/>

	<!-- freeCodeCamp -->
	<item class="com.ryanheise.audioservice.AudioServiceActivity" name="freecodecamp"/>

	<!-- Gallery -->
	<item class="com.miui.gallery.activity.HomePageActivity" name="gallery"/>

	<!-- Game Center -->
	<item class="com.xiaomi.glgm.home.ui.SplashActivity" name="game_center"/>

	<!-- Google Cloud -->
	<item class="com.google.android.apps.cloudconsole.common.MainContainerActivity" name="google_cloud"/>

	<!-- GoPro Quik -->
	<item class="com.gopro.smarty.activity.HomeActivity" name="gopro_quik"/>

	<!-- Grasshopper -->
	<item class="com.google.engedu.grasshopper.flutter.MainActivity" name="grasshopper"/>

	<!-- Hacker's Keyboard -->
	<item class="org.pocketworkstation.pckeyboard.Main" name="hackers_keyboard"/>

	<!-- HBO MAX -->
	<item class="com.hbo.hbonow.LaunchActivity" name="hbo_max"/>

	<!-- HiByMusic -->
	<item class="com.hiby.music.Activity.StartActivity" name="hibymusic"/>

	<!-- Hlasy ptáků -->
	<item class="cz.kle.hlasyptaku.HlasyPtaku" name="hlasy_ptaku"/>

	<!-- Home Assistant -->
	<item class="io.homeassistant.companion.android.launch.LaunchActivity" name="home_assistant"/>

	<!-- IDOS -->
	<item class="cz.mafra.jizdnirady.activity.SplashActivity" name="idos"/>

	<!-- Jira -->
	<item class="com.atlassian.android.jira.core.app.LauncherActivity" name="jira"/>

	<!-- Kaufland -->
	<item class="com.kaufland.kaufland.splash.SplashActivity" name="kaufland"/>

	<!-- KB Klíč -->
	<item class="cz.kb.paat.ui.MainActivity" name="kb klic"/>

	<!-- KFC CZ -->
	<item class="com.kfc_polska.ui.main.MainActivity" name="kfc_cz"/>

	<!-- Kindle -->
	<item class="com.amazon.kindle.UpgradePage" name="kindle"/>

	<!-- Landfall -->
	<item class="com.tiltingpoint.android.TiltingPointUnityActivity" name="landfall"/>

	<!-- Learn Rust Offline -->
	<item class="info.camposha.learnrust.view.activities.IntroActivity" name="learn_rust_offline"/>

	<!-- Léčivé byliny -->
	<item class="com.google.firebase.MessagingUnityPlayerActivity" name="lecive_byliny"/>

	<!-- Linux Command Library -->
	<item class="com.inspiredandroid.linuxcommandbibliotheca.MainActivity" name="linux_command_library"/>

	<!-- Mein dm -->
	<item class="de.dm.meindm.android.StartActivity" name="mein_dm"/>

	<!-- Meteor -->
	<item class="org.androworks.meteor.Meteor" name="meteor"/>

	<!-- Mi Remote -->
	<item class="com.xiaomi.mitv.phone.remotecontroller.HoriWidgetMainActivityV2" name="mi_remote"/>

	<!-- Mi Video -->
	<item class="com.miui.video.global.app.LauncherActivity" name="mi_video"/>

	<!-- MIFARE Classic Tool -->
	<item class="de.syss.MifareClassicTool.Activities.MainMenu" name="mifare_classic_tool"/>

	<!-- Minesweeper Pro -->
	<item class="mindware.minegamespro.main" name="minesweeper_pro"/>

	<!-- Mingo -->
	<item class="com.anticor.mingo.activities.SplashActivity" name="mingo"/>

	<!-- Minty Pro -->
	<item class="pl.patrykgoworowski.mintypro.MainActivity" name="minty_pro"/>

	<!-- Mobilní banka -->
	<item class="cz.kb.mba.individual.IndividualMainActivity" name="mobilni_banka"/>

	<!-- Mobilní klíč eGovernmentu -->
	<item class="cz.mojedatovaschranka.mobilniklic.activities.SecurityVerificationActivity" name="mobilni_klic_egovernmentu"/>

	<!-- MQTT Dash -->
	<item class="net.routix.mqttdash.BrokersListActivity" name="mqtt_dash"/>

	<!-- Můj Globus -->
	<item class="com.pragonauts.globus.screens.splash.SplashActivity" name="muj_globus"/>

	<!-- mujRozhlas -->
	<item class="cz.rozhlas.mujrozhlas.MainActivity" name="mujrozhlas"/>

	<!-- Music -->
	<item class="com.miui.player.ui.MusicBrowserActivity" name="music"/>

	<!-- News -->
	<item class="com.google.apps.dots.android.app.activity.CurrentsStartActivity" name="news"/>

	<!-- Notes -->
	<item class="com.miui.notes.ui.NotesListActivity" name="notes"/>

	<!-- OKX -->
	<item class="com.okinc.core.ok_app.homepage.ui.welcome.WelcomeActivity" name="okx"/>

	<!-- Open Stable Diffusion -->
	<item class="com.openstablediffusion.MainActivity" name="open_stable_diffusion"/>

	<!-- OpenVPN Connect -->
	<item class="net.openvpn.unified.MainActivity" name="openvpn_connect"/>

	<!-- OPlayer -->
	<item class="com.olimsoft.android.oplayer.StartActivity" name="oplayer"/>

	<!-- P R O T O -->
	<item class="com.proto.circuitsimulator.splash.SplashActivity" name="p_r_o_t_o"/>

	<!-- Packeta -->
	<item class="cz.zasilkovna.app.dashboard.view.MainActivity" name="packeta"/>

	<!-- ParkSimply Brno -->
	<item class="cz.globdata.parksimply.brno.MainActivity" name="parksimply_brno"/>

	<!-- Petals -->
	<item class="br.com.colman.petals.MainActivity" name="petals"/>

	<!-- PlantNet -->
	<item class="org.plantnet.MainActivity" name="plantnet"/>

	<!-- Polaris -->
	<item class="com.ryanheise.audioservice.AudioServiceActivity" name="polaris"/>

	<!-- Poweramp -->
	<item class="com.maxmpz.audioplayer.standard_adaptive" name="poweramp"/>

	<!-- Poweramp Unlocker -->
	<item class="com.maxmpz.audioplayer.unlock.LauncherRedirectorActivity" name="poweramp_unlocker"/>

	<!-- ProCam X -->
	<item class="com.antafunny.burstcamera.MainActivity" name="procam_x"/>

	<!-- Qerko -->
	<item class="com.itispaid.MainActivity" name="qerko"/>

	<!-- Radiotéka -->
	<item class="cz.rozhlas.audioknihy.MainActivity" name="radioteka"/>

	<!-- ReadEra -->
	<item class="com.readera.MainActivity" name="readera"/>

	<!-- Recorder -->
	<item class="com.android.soundrecorder.StartActivity" name="recorder"/>

	<!-- Rewards -->
	<item class="com.google.android.apps.paidtasks.activity.LaunchActivity" name="rewards"/>

	<!-- RiMusic -->
	<item class="it.vfsfitvnm.vimusic.MainActivity" name="rimusic"/>

	<!-- Rocket.Chat -->
	<item class="chat.rocket.reactnative.MainActivity" name="rocketchat"/>

	<!-- Roku -->
	<item class="com.roku.remote.ui.activities.splash.SplashActivity" name="roku"/>

	<!-- Rust Libraries -->
	<item class="info.camposha.rustlibraries.view.activities.IntroActivity" name="rust_libraries"/>

	<!-- Safety -->
	<item class="com.google.android.apps.safetyhub.LauncherActivity" name="safety"/>

	<!-- Samsung Health -->
	<item class="com.samsung.android.app.shealth.home.HomeMainActivity" name="samsung_health"/>

	<!-- Samsung Health Monitor -->
	<item class="com.samsung.android.shealthmonitor.ui.activity.MainActivity" name="samsung_health_monitor"/>

	<!-- Scanner -->
	<item class="com.xiaomi.scanner.app.ScanActivity" name="scanner"/>

	<!-- Security -->
	<item class="com.miui.securityscan.MainActivity" name="security"/>

	<!-- Services & feedback -->
	<item class="com.miui.miservice.main.MainActivity" name="services_and_feedback"/>

	<!-- Settings -->
	<item class="com.android.settings.MainSettings" name="settings"/>

	<!-- ShareMe -->
	<item class="com.xiaomi.midrop.SplashScreen" name="shareme"/>

	<!-- SHM MOD Companion -->
	<item class="xda.dante.shm.mod.companion.MainActivity" name="shm_mod_companion"/>

	<!-- Simple Pixel -->
	<item class="fr.thema.wear.watch.minimalistpixel.WatchFaceCompanionConfigActivity" name="simple_pixel"/>

	<!-- SimpleWear -->
	<item class="com.thewizrd.simplewear.MainActivity" name="simplewear"/>

	<!-- Slack -->
	<item class="slack.features.home.HomeActivity" name="slack"/>

	<!-- SledovaniTV -->
	<item class="cz.sledovanitv.android.activity.EntryActivity" name="sledovanitv"/>

	<!-- Smart Banka -->
	<item class="cz.moneta.smartbanka.mobile.views.activities.MainActivity" name="smart_banka"/>

	<!-- Smart Banking -->
	<item class="hr.asseco.android.muci.ae.prelogin.SplashScreenActivity" name="smart_banking"/>

	<!-- Sound Meter -->
	<item class="cn.coocent.tools.soundmeter.app.LaunchActivity" name="sound_meter"/>

	<!-- Soundcorset tuner & metronome -->
	<item class="com.soundcorset.client.android.MainActivity" name="soundcorset_tuner_and_metronome"/>

	<!-- Splitwise -->
	<item class="com.Splitwise.SplitwiseMobile.views.SplitwiseSplashScreen" name="splitwise"/>

	<!-- Spotube -->
	<item class="com.ryanheise.audioservice.AudioServiceActivity" name="spotube"/>

	<!-- Star Walk 2 -->
	<item class="com.google.firebase.MessagingUnityPlayerActivity" name="star_walk_2"/>

	<!-- Stocard -->
	<item class="de.stocard.ui.main.InitActivity" name="stocard"/>

	<!-- Suntimes -->
	<item class="com.forrestguice.suntimeswidget.SuntimesActivity" name="suntimes"/>

	<!-- Tečka -->
	<item class="dgc.app.wallet.system.MainActivity" name="tecka"/>

	<!-- Themes -->
	<item class="com.android.thememanager.ThemeResourceTabActivity" name="themes"/>

	<!-- Tuya Smart -->
	<item class="com.smart.ThingSplashActivity" name="tuya_smart"/>

	<!-- Waze -->
	<item class="com.waze.FreeMapAppActivity" name="waze"/>

	<!-- Weather -->
	<item class="com.miui.weather2.ActivityWeatherMain" name="weather"/>

	<!-- Wolt -->
	<item class="com.wolt.android.activities.LauncherActivity" name="wolt"/>

	<!-- Zepp Life -->
	<item class="com.xiaomi.hm.health.activity.StartUpActivity" name="zepp_life"/>

	<!-- ZeroTier One -->
	<item class="com.zerotier.one.ui.NetworkListActivity" name="zerotier_one"/>

	<!-- Zoner Photo Studio -->
	<item class="com.zoner.android.photostudio.ui.ActOrganizer" name="zoner_photo_studio"/>

</appmap>