<resources>

	<!-- 4K Camera Pro -->
	<item component="ComponentInfo{com.appuccino.movie.recorder.pro/com.antafunny.burstcamera.MainActivity}" drawable="_4k_camera_pro" />

	<!-- Asiacell -->
	<item component="ComponentInfo{com.asiacell.asiacellodp/com.asiacell.asiacellodp.views.LauncherActivityAlias1}" drawable="asiacell" />

	<!-- Blocker -->
	<item component="ComponentInfo{com.merxury.blocker/com.merxury.blocker.MainActivity}" drawable="blocker" />

	<!-- Calculator -->
	<item component="ComponentInfo{com.meizu.flyme.calculator/com.meizu.flyme.calculator.Calculator}" drawable="calculator" />

	<!-- Calendar -->
	<item component="ComponentInfo{com.android.calendar/com.meizu.flyme.calendar.AllInOneActivity}" drawable="calendar" />

	<!-- Camera -->
	<item component="ComponentInfo{com.meizu.media.camera/com.meizu.media.camera.CameraLauncher}" drawable="camera" />

	<!-- Camera -->
	<item component="ComponentInfo{com.bsgmod.camera/com.android.camera.CameraLauncher}" drawable="camera" />

	<!-- CheckCheck -->
	<item component="ComponentInfo{com.getcheckcheck.client/com.getcheckcheck.client.activity.SplashActivity}" drawable="checkcheck" />

	<!-- Clock -->
	<item component="ComponentInfo{com.android.alarmclock/com.meizu.flyme.alarmclock.DeskClock}" drawable="clock" />

	<!-- Crypto Prices -->
	<item component="ComponentInfo{de.cloneapps.crypto_prices/de.cloneapps.crypto_prices.MainActivity}" drawable="crypto_prices" />

	<!-- Download -->
	<item component="ComponentInfo{com.android.providers.downloads.ui/com.android.providers.downloads.ui.DownloadActivity}" drawable="download" />

	<!-- Files -->
	<item component="ComponentInfo{com.meizu.filemanager/com.meizu.flyme.filemanager.activity.HomeActivity}" drawable="files" />

	<!-- Gallery -->
	<item component="ComponentInfo{com.meizu.media.gallery/com.meizu.media.gallery.GalleryActivity}" drawable="gallery" />

	<!-- Guru Maps Pro -->
	<item component="ComponentInfo{com.bodunov.GalileoPro/com.bodunov.galileo.MainActivity}" drawable="guru_maps_pro" />

	<!-- kTlQxMqnwDLtycPWJ -->
	<item component="ComponentInfo{ru.wgiabmav.rouxgbwtn/ru.wgiabmav.rouxgbwtn.MainActivity1}" drawable="ktlqxmqnwdltycpwj" />

	<!-- LightCut -->
	<item component="ComponentInfo{com.lightcut.videoeditor/com.lct.light.main.SplashActivity}" drawable="lightcut" />

	<!-- Logic Circuit Simulator Pro -->
	<item component="ComponentInfo{com.duracodefactory.logiccircuitsimulatorpro/com.duracodefactory.logiccircuitsimulatorpro.MainActivity}" drawable="logic_circuit_simulator_pro" />

	<!-- Messages -->
	<item component="ComponentInfo{com.android.mms/com.android.mms.ui.ConversationList}" drawable="messages" />

	<!-- Migratool -->
	<item component="ComponentInfo{com.meizu.datamigration/com.meizu.datamigration.capture.DataMigrationActivity}" drawable="migratool" />

	<!-- Mint Calculator -->
	<item component="ComponentInfo{bored.codebyk.mintcalc/bored.codebyk.mintcalc.MainActivity}" drawable="mint_calculator" />

	<!-- Notes -->
	<item component="ComponentInfo{com.meizu.notepaper/com.meizu.flyme.notepaper.app.NotePaperActivity}" drawable="notes" />

	<!-- Opera beta -->
	<item component="ComponentInfo{com.opera.browser.beta/com.opera.Opera}" drawable="opera_beta" />

	<!-- OSS Document Scanner -->
	<item component="ComponentInfo{com.akylas.documentscanner/com.akylas.documentscanner.MainActivity}" drawable="oss_document_scanner" />

	<!-- P R O T O -->
	<item component="ComponentInfo{com.proto.circuitsimulator/com.proto.circuitsimulator.splash.SplashActivity}" drawable="p_r_o_t_o" />

	<!-- Pedometer -->
	<item component="ComponentInfo{com.meizu.net.pedometer/com.meizu.net.pedometer.ui.PedometerMainActivitys}" drawable="pedometer" />

	<!-- Phone -->
	<item component="ComponentInfo{com.android.dialer/com.android.dialer.DialtactsActivity}" drawable="phone" />

	<!-- Plus -->
	<item component="ComponentInfo{org.telegram.plus/org.telegram.messenger.NoxIcon}" drawable="plus" />

	<!-- Recorder -->
	<item component="ComponentInfo{com.android.soundrecorder/com.android.soundrecorder.MzRecorderActivity}" drawable="recorder" />

	<!-- Security -->
	<item component="ComponentInfo{com.meizu.safe/com.meizu.safe.SecurityMainActivity}" drawable="security" />

	<!-- Send Anywhere -->
	<item component="ComponentInfo{com.estmob.android.sendanywhere/com.estmob.paprika4.activity.SplashActivity}" drawable="send_anywhere" />

	<!-- SetEdit -->
	<item component="ComponentInfo{by4a.setedit22/by4a.setedit.EditorActivity}" drawable="setedit" />

	<!-- SoC-L -->
	<item component="ComponentInfo{com.ijsoft.socl/com.ijsoft.socl.SplashActivity}" drawable="soc_l" />

	<!-- Sweat Wallet -->
	<item component="ComponentInfo{com.sweatwallet/com.sweatwallet.MainActivity}" drawable="sweat_wallet" />

	<!-- System launcher -->
	<item component="ComponentInfo{com.meizu.flyme.launcher/com.meizu.flyme.launcher.Launcher}" drawable="system_launcher" />

	<!-- Themes -->
	<item component="ComponentInfo{com.meizu.customizecenter/com.meizu.customizecenter.frame.activity.CustomizeCenterActivity}" drawable="themes" />

	<!-- TikTok Lite -->
	<item component="ComponentInfo{com.zhiliaoapp.musically.go/com.ss.android.ugc.aweme.main.homepage.MainActivity}" drawable="tiktok_lite" />

	<!-- Toolbox -->
	<item component="ComponentInfo{com.meizu.flyme.toolbox/com.meizu.flyme.toolbox.activity.ToolBoxActivity}" drawable="toolbox" />

	<!-- Untracker -->
	<item component="ComponentInfo{me.zhanghai.android.untracker/me.zhanghai.android.untracker.MainActivity}" drawable="untracker" />

	<!-- Update -->
	<item component="ComponentInfo{com.meizu.flyme.update/com.meizu.flyme.update.SystemUpgradeListActivity}" drawable="update" />

	<!-- User Support -->
	<item component="ComponentInfo{com.meizu.feedback/com.meizu.feedback.activity.MainActivity}" drawable="user_support" />

	<!-- Videos -->
	<item component="ComponentInfo{com.meizu.media.video/com.meizu.media.video.VideoMainActivity}" drawable="videos" />

	<!-- VMOS Pro -->
	<item component="ComponentInfo{com.vmos.pro/com.vmos.pro.activities.splash.SplashActivity}" drawable="vmos_pro" />

	<!-- Voice Search -->
	<item component="ComponentInfo{com.google.android.googlequicksearchbox/com.google.android.googlequicksearchbox.VoiceSearchActivity}" drawable="voice_search" />

	<!-- أوقات الصلاة -->
	<item component="ComponentInfo{air.com.AhmadChiwaey.KatiBangakanAr/air.com.AhmadChiwaey.KatiBangakanAr.AppEntry}" drawable="أوقات_الصلاة" />

	<!-- الوسيط -->
	<item component="ComponentInfo{com.alwasetmerchant1/com.alwasetmerchant1.MainActivity}" drawable="الوسيط" />

</resources>