<resources>

	<!-- AFK Arena -->
	<item component="ComponentInfo{com.lilithgame.hgame.gp/sh.lilithgame.hgame.AppActivity}" drawable="afk_arena" />

	<!-- Airtable -->
	<item component="ComponentInfo{com.formagrid.airtable/com.formagrid.airtable.activity.session.SessionLoaderActivity}" drawable="airtable" />

	<!-- AMSConnect -->
	<item component="ComponentInfo{com.automedsystems.AMSConnect/com.automedsystems.amsconnect.MainActivity}" drawable="amsconnect" />

	<!-- ATO -->
	<item component="ComponentInfo{au.gov.ato.ATOTax/crc64d4b1f14aed59e235.SplashScreen}" drawable="ato" />

	<!-- AusPost -->
	<item component="ComponentInfo{au.com.auspost.android/au.com.auspost.android.feature.base.StartActivity}" drawable="auspost" />

	<!-- Authenticator -->
	<item component="ComponentInfo{com.blizzard.bma/com.blizzard.bma.ui.welcome.SplashActivity}" drawable="authenticator" />

	<!-- Battle.net -->
	<item component="ComponentInfo{com.blizzard.messenger/com.blizzard.messenger.ui.splash.SplashActivity}" drawable="battlenet" />

	<!-- BNELibraries -->
	<item component="ComponentInfo{au.com.solus.BrisbaneCityCouncilLibraries/solus.Libraries.MainActivity}" drawable="bnelibraries" />

	<!-- BorrowBox -->
	<item component="ComponentInfo{com.bolindadigital.BorrowBoxLibrary/com.bolinda.digital.library.mobile.android.startup.StartUpActivity}" drawable="borrowbox" />

	<!-- Centrelink -->
	<item component="ComponentInfo{au.gov.dhs.centrelinkexpressplus/au.gov.dhs.centrelink.expressplus.app.activities.anonymous.LauncherActivity}" drawable="centrelink" />

	<!-- CommBank -->
	<item component="ComponentInfo{com.commbank.netbank/com.commbank.netbank.application.MainActivity}" drawable="commbank" />

	<!-- Companion -->
	<item component="ComponentInfo{com.wizards.winter_orb/com.wizards.winter_orb.features.loading.LoadingActivity}" drawable="companion" />

	<!-- Connect -->
	<item component="ComponentInfo{com.garmin.android.apps.connectmobile/com.garmin.android.apps.connectmobile.GCMActivityStartup}" drawable="connect" />

	<!-- Cooky -->
	<item component="ComponentInfo{com.albdav.Cooky/com.albdav.Cooky.MainActivity}" drawable="cooky" />

	<!-- Digital Wellbeing -->
	<item component="ComponentInfo{com.samsung.android.forest/com.samsung.android.forest.launcher.LauncherActivity}" drawable="digital_wellbeing" />

	<!-- Donate Blood -->
	<item component="ComponentInfo{au.com.donateblood.donorapp.prod/au.com.donateblood.donorapp.MainActivity}" drawable="donate_blood" />

	<!-- Dropout -->
	<item component="ComponentInfo{com.collegehumor.chdropout/tv.vhx.LauncherActivity}" drawable="dropout" />

	<!-- eero -->
	<item component="ComponentInfo{com.eero.android/com.eero.android.v3.features.splash.SplashActivity}" drawable="eero" />

	<!-- Emergency
Plus -->
	<item component="ComponentInfo{com.threesixtyentertainment.nesn/com.threesixtyentertainment.nesn.SplashActivity}" drawable="emergency
plus" />

	<!-- Exercise Reminders -->
	<item component="ComponentInfo{nodo.crogers.exercisereminders/nodo.crogers.exercisereminders.MainActivity}" drawable="exercise_reminders" />

	<!-- Farhan -->
	<item component="ComponentInfo{ly.com.tahaben.farhan/ly.com.tahaben.farhan.MainActivity}" drawable="farhan" />

	<!-- Feeder -->
	<item component="ComponentInfo{com.nononsenseapps.feeder/com.nononsenseapps.feeder.ui.MainActivity}" drawable="feeder" />

	<!-- FitMenCook -->
	<item component="ComponentInfo{com.nibbleapps.fitmencook/com.nibbleapps.fitmencook.splash.view.SplashScreen}" drawable="fitmencook" />

	<!-- Gumtree -->
	<item component="ComponentInfo{com.ebay.gumtree.au/com.ebay.app.common.startup.SplashScreenActivity}" drawable="gumtree" />

	<!-- GymRoutines -->
	<item component="ComponentInfo{com.noahjutz.gymroutines/com.noahjutz.gymroutines.ui.MainActivity}" drawable="gymroutines" />

	<!-- Hammer -->
	<item component="ComponentInfo{com.darkrockstudios.apps.hammer.android/com.darkrockstudios.apps.hammer.android.ProjectSelectActivity}" drawable="hammer" />

	<!-- Happy Color -->
	<item component="ComponentInfo{com.pixel.art.coloring.color.number/com.unity3d.player.HappyColorActivity}" drawable="happy_color" />

	<!-- HomeDoctor -->
	<item component="ComponentInfo{com.hds.homedoctor2/host.exp.exponent.MainActivity}" drawable="homedoctor" />

	<!-- Kotatsu -->
	<item component="ComponentInfo{org.koitharu.kotatsu/org.koitharu.kotatsu.main.ui.MainActivity}" drawable="kotatsu" />

	<!-- Libraries -->
	<item component="ComponentInfo{au.com.solus.LoganLibraries/solus.Libraries.MainActivity}" drawable="libraries" />

	<!-- Logseq -->
	<item component="ComponentInfo{com.logseq.app/com.logseq.app.MainActivity}" drawable="logseq" />

	<!-- Medic Log -->
	<item component="ComponentInfo{m.co.rh.id.a_medic_log/m.co.rh.id.a_medic_log.app.MainActivity}" drawable="medic_log" />

	<!-- Medicare -->
	<item component="ComponentInfo{au.gov.dhs.expressplus.medicare/au.gov.dhs.medicare.activities.LauncherActivity}" drawable="medicare" />

	<!-- Menulog -->
	<item component="ComponentInfo{com.menulog.m/com.justeat.splash.ui.SplashActivity}" drawable="menulog" />

	<!-- Mind Games Pro -->
	<item component="ComponentInfo{mindware.mindgamespro/mindware.mindgamespro.main}" drawable="mind_games_pro" />

	<!-- MotorMouth -->
	<item component="ComponentInfo{au.com.MotorMouth.MotorMouth/crc6433cfc53080b62036.MainActivity}" drawable="motormouth" />

	<!-- MTG Familiar -->
	<item component="ComponentInfo{com.gelakinetic.mtgfam/com.gelakinetic.mtgfam.FamiliarActivity}" drawable="mtg_familiar" />

	<!-- My Telstra -->
	<item component="ComponentInfo{com.telstra.mobile.android.mytelstra/com.telstra.mobile.android.mytelstra.activities.SplashActivity}" drawable="my_telstra" />

	<!-- myGov -->
	<item component="ComponentInfo{au.gov.mygov.mygovapp/au.gov.mygov.mygovapp.features.welcome.WelcomeActivity}" drawable="mygov" />

	<!-- myGovID -->
	<item component="ComponentInfo{au.gov.ato.mygovid.droid/au.gov.ato.myGovID.LaunchActivity}" drawable="mygovid" />

	<!-- MyMood -->
	<item component="ComponentInfo{com.nima.mymood/com.nima.mymood.MainActivity}" drawable="mymood" />

	<!-- Myne -->
	<item component="ComponentInfo{com.starry.myne/com.starry.myne.MainActivity}" drawable="myne" />

	<!-- Nightingale Companion -->
	<item component="ComponentInfo{au.com.anson.nightingalecompanion/crc6400e721ba3ef2675d.MainActivity}" drawable="nightingale_companion" />

	<!-- Notion -->
	<item component="ComponentInfo{notion.id/notion.local.id.MainActivity}" drawable="notion" />

	<!-- Officeworks -->
	<item component="ComponentInfo{au.com.officeworks.mobile/au.com.officeworks.mobile.ui.main.SplashScreenActivity}" drawable="officeworks" />

	<!-- OMGSoundboard -->
	<item component="ComponentInfo{audio.omgsoundboard/audio.omgsoundboard.presentation.ui.MainActivity}" drawable="omgsoundboard" />

	<!-- OpenHIIT -->
	<item component="ComponentInfo{com.codepup.workout_timer/com.codepup.workout_timer.MainActivity}" drawable="openhiit" />

	<!-- PasswdSafe -->
	<item component="ComponentInfo{com.jefftharris.passwdsafe/com.jefftharris.passwdsafe.FileListActivity}" drawable="passwdsafe" />

	<!-- PasswdSafe Sync -->
	<item component="ComponentInfo{com.jefftharris.passwdsafe.sync/com.jefftharris.passwdsafe.sync.MainActivity}" drawable="passwdsafe_sync" />

	<!-- PF2e Archive Browser -->
	<item component="ComponentInfo{com.misthero.pf2earchive/com.misthero.pf2earchive.MainActivity}" drawable="pf2e_archive_browser" />

	<!-- phiola -->
	<item component="ComponentInfo{com.github.stsaz.phiola/com.github.stsaz.phiola.MainActivity}" drawable="phiola" />

	<!-- Podverse -->
	<item component="ComponentInfo{com.podverse.fdroid/com.podverse.fdroid.MainActivity}" drawable="podverse" />

	<!-- Roadside Assistance -->
	<item component="ComponentInfo{com.racq.racq/crc64700474b29955d6d5.SplashActivity}" drawable="roadside_assistance" />

	<!-- Simple Time Tracker -->
	<item component="ComponentInfo{com.razeeman.util.simpletimetracker/com.example.util.simpletimetracker.ui.MainActivity}" drawable="simple_time_tracker" />

	<!-- Square -->
	<item component="ComponentInfo{com.squareup/com.squareup.ui.PaymentActivity}" drawable="square" />

	<!-- Squarespace -->
	<item component="ComponentInfo{com.squarespace.android.squarespaceapp/com.squarespace.android.squarespaceapp.ui.activities.StartupActivity}" drawable="squarespace" />

	<!-- Swag -->
	<item component="ComponentInfo{com.ehlife/com.zoontek.rnbootsplash.RNBootSplashActivity}" drawable="swag" />

	<!-- Tabletop Tools -->
	<item component="ComponentInfo{com.github.muellerma.tabletoptools/com.github.muellerma.tabletoptools.ui.MainActivity}" drawable="tabletop_tools" />

	<!-- Text Tools Pro -->
	<item component="ComponentInfo{com.dingleinc.texttoolspro/crc64302777824117340f.MainActivity}" drawable="text_tools_pro" />

	<!-- TimeR Machine -->
	<item component="ComponentInfo{io.github.deweyreed.timer.other/io.github.deweyreed.timer.ui.MainActivity}" drawable="timer_machine" />

	<!-- Transparent -->
	<item component="ComponentInfo{com.photograph.transparentimage/com.photograph.transparentimage.MainActivity}" drawable="transparent" />

	<!-- TrueFree -->
	<item component="ComponentInfo{com.xingkeqi.truefree/com.xingkeqi.truefree.MainActivity}" drawable="truefree" />

	<!-- Tumblr -->
	<item component="ComponentInfo{com.tumblr/com.tumblr.ui.activity.JumpoffActivity}" drawable="tumblr" />

	<!-- Tuner -->
	<item component="ComponentInfo{org.billthefarmer.tuner/org.billthefarmer.tuner.Tuner}" drawable="tuner" />

	<!-- Uniden Solo -->
	<item component="ComponentInfo{com.mcu.unidensolo/com.android.bc.login.WelcomeActivity}" drawable="uniden_solo" />

	<!-- Vampire V5 Characters -->
	<item component="ComponentInfo{de.lilac.vampire_v5_character_creator/de.lilac.vampire_v5_character_creator.MainActivity}" drawable="vampire_v5_characters" />

	<!-- what3words -->
	<item component="ComponentInfo{com.what3words.android/com.what3words.android.ui.splash.SplashActivity}" drawable="what3words" />

	<!-- Xero -->
	<item component="ComponentInfo{com.xero.touch/com.xero.login.MainActivity}" drawable="xero" />

</resources>