<appmap>

	<!-- AFK Arena -->
	<item class="sh.lilithgame.hgame.AppActivity" name="afk_arena"/>

	<!-- Airtable -->
	<item class="com.formagrid.airtable.activity.session.SessionLoaderActivity" name="airtable"/>

	<!-- AMSConnect -->
	<item class="com.automedsystems.amsconnect.MainActivity" name="amsconnect"/>

	<!-- ATO -->
	<item class="crc64d4b1f14aed59e235.SplashScreen" name="ato"/>

	<!-- AusPost -->
	<item class="au.com.auspost.android.feature.base.StartActivity" name="auspost"/>

	<!-- Authenticator -->
	<item class="com.blizzard.bma.ui.welcome.SplashActivity" name="authenticator"/>

	<!-- Battle.net -->
	<item class="com.blizzard.messenger.ui.splash.SplashActivity" name="battlenet"/>

	<!-- BNELibraries -->
	<item class="solus.Libraries.MainActivity" name="bnelibraries"/>

	<!-- BorrowBox -->
	<item class="com.bolinda.digital.library.mobile.android.startup.StartUpActivity" name="borrowbox"/>

	<!-- Centrelink -->
	<item class="au.gov.dhs.centrelink.expressplus.app.activities.anonymous.LauncherActivity" name="centrelink"/>

	<!-- CommBank -->
	<item class="com.commbank.netbank.application.MainActivity" name="commbank"/>

	<!-- Companion -->
	<item class="com.wizards.winter_orb.features.loading.LoadingActivity" name="companion"/>

	<!-- Connect -->
	<item class="com.garmin.android.apps.connectmobile.GCMActivityStartup" name="connect"/>

	<!-- Cooky -->
	<item class="com.albdav.Cooky.MainActivity" name="cooky"/>

	<!-- Digital Wellbeing -->
	<item class="com.samsung.android.forest.launcher.LauncherActivity" name="digital_wellbeing"/>

	<!-- Donate Blood -->
	<item class="au.com.donateblood.donorapp.MainActivity" name="donate_blood"/>

	<!-- Dropout -->
	<item class="tv.vhx.LauncherActivity" name="dropout"/>

	<!-- eero -->
	<item class="com.eero.android.v3.features.splash.SplashActivity" name="eero"/>

	<!-- Emergency
Plus -->
	<item class="com.threesixtyentertainment.nesn.SplashActivity" name="emergency
plus"/>

	<!-- Exercise Reminders -->
	<item class="nodo.crogers.exercisereminders.MainActivity" name="exercise_reminders"/>

	<!-- Farhan -->
	<item class="ly.com.tahaben.farhan.MainActivity" name="farhan"/>

	<!-- Feeder -->
	<item class="com.nononsenseapps.feeder.ui.MainActivity" name="feeder"/>

	<!-- FitMenCook -->
	<item class="com.nibbleapps.fitmencook.splash.view.SplashScreen" name="fitmencook"/>

	<!-- Gumtree -->
	<item class="com.ebay.app.common.startup.SplashScreenActivity" name="gumtree"/>

	<!-- GymRoutines -->
	<item class="com.noahjutz.gymroutines.ui.MainActivity" name="gymroutines"/>

	<!-- Hammer -->
	<item class="com.darkrockstudios.apps.hammer.android.ProjectSelectActivity" name="hammer"/>

	<!-- Happy Color -->
	<item class="com.unity3d.player.HappyColorActivity" name="happy_color"/>

	<!-- HomeDoctor -->
	<item class="host.exp.exponent.MainActivity" name="homedoctor"/>

	<!-- Kotatsu -->
	<item class="org.koitharu.kotatsu.main.ui.MainActivity" name="kotatsu"/>

	<!-- Libraries -->
	<item class="solus.Libraries.MainActivity" name="libraries"/>

	<!-- Logseq -->
	<item class="com.logseq.app.MainActivity" name="logseq"/>

	<!-- Medic Log -->
	<item class="m.co.rh.id.a_medic_log.app.MainActivity" name="medic_log"/>

	<!-- Medicare -->
	<item class="au.gov.dhs.medicare.activities.LauncherActivity" name="medicare"/>

	<!-- Menulog -->
	<item class="com.justeat.splash.ui.SplashActivity" name="menulog"/>

	<!-- Mind Games Pro -->
	<item class="mindware.mindgamespro.main" name="mind_games_pro"/>

	<!-- MotorMouth -->
	<item class="crc6433cfc53080b62036.MainActivity" name="motormouth"/>

	<!-- MTG Familiar -->
	<item class="com.gelakinetic.mtgfam.FamiliarActivity" name="mtg_familiar"/>

	<!-- My Telstra -->
	<item class="com.telstra.mobile.android.mytelstra.activities.SplashActivity" name="my_telstra"/>

	<!-- myGov -->
	<item class="au.gov.mygov.mygovapp.features.welcome.WelcomeActivity" name="mygov"/>

	<!-- myGovID -->
	<item class="au.gov.ato.myGovID.LaunchActivity" name="mygovid"/>

	<!-- MyMood -->
	<item class="com.nima.mymood.MainActivity" name="mymood"/>

	<!-- Myne -->
	<item class="com.starry.myne.MainActivity" name="myne"/>

	<!-- Nightingale Companion -->
	<item class="crc6400e721ba3ef2675d.MainActivity" name="nightingale_companion"/>

	<!-- Notion -->
	<item class="notion.local.id.MainActivity" name="notion"/>

	<!-- Officeworks -->
	<item class="au.com.officeworks.mobile.ui.main.SplashScreenActivity" name="officeworks"/>

	<!-- OMGSoundboard -->
	<item class="audio.omgsoundboard.presentation.ui.MainActivity" name="omgsoundboard"/>

	<!-- OpenHIIT -->
	<item class="com.codepup.workout_timer.MainActivity" name="openhiit"/>

	<!-- PasswdSafe -->
	<item class="com.jefftharris.passwdsafe.FileListActivity" name="passwdsafe"/>

	<!-- PasswdSafe Sync -->
	<item class="com.jefftharris.passwdsafe.sync.MainActivity" name="passwdsafe_sync"/>

	<!-- PF2e Archive Browser -->
	<item class="com.misthero.pf2earchive.MainActivity" name="pf2e_archive_browser"/>

	<!-- phiola -->
	<item class="com.github.stsaz.phiola.MainActivity" name="phiola"/>

	<!-- Podverse -->
	<item class="com.podverse.fdroid.MainActivity" name="podverse"/>

	<!-- Roadside Assistance -->
	<item class="crc64700474b29955d6d5.SplashActivity" name="roadside_assistance"/>

	<!-- Simple Time Tracker -->
	<item class="com.example.util.simpletimetracker.ui.MainActivity" name="simple_time_tracker"/>

	<!-- Square -->
	<item class="com.squareup.ui.PaymentActivity" name="square"/>

	<!-- Squarespace -->
	<item class="com.squarespace.android.squarespaceapp.ui.activities.StartupActivity" name="squarespace"/>

	<!-- Swag -->
	<item class="com.zoontek.rnbootsplash.RNBootSplashActivity" name="swag"/>

	<!-- Tabletop Tools -->
	<item class="com.github.muellerma.tabletoptools.ui.MainActivity" name="tabletop_tools"/>

	<!-- Text Tools Pro -->
	<item class="crc64302777824117340f.MainActivity" name="text_tools_pro"/>

	<!-- TimeR Machine -->
	<item class="io.github.deweyreed.timer.ui.MainActivity" name="timer_machine"/>

	<!-- Transparent -->
	<item class="com.photograph.transparentimage.MainActivity" name="transparent"/>

	<!-- TrueFree -->
	<item class="com.xingkeqi.truefree.MainActivity" name="truefree"/>

	<!-- Tumblr -->
	<item class="com.tumblr.ui.activity.JumpoffActivity" name="tumblr"/>

	<!-- Tuner -->
	<item class="org.billthefarmer.tuner.Tuner" name="tuner"/>

	<!-- Uniden Solo -->
	<item class="com.android.bc.login.WelcomeActivity" name="uniden_solo"/>

	<!-- Vampire V5 Characters -->
	<item class="de.lilac.vampire_v5_character_creator.MainActivity" name="vampire_v5_characters"/>

	<!-- what3words -->
	<item class="com.what3words.android.ui.splash.SplashActivity" name="what3words"/>

	<!-- Xero -->
	<item class="com.xero.login.MainActivity" name="xero"/>

</appmap>