<Theme version="1">

	<!-- AFK Arena -->
	<AppIcon name="com.lilithgame.hgame.gp/sh.lilithgame.hgame.AppActivity" image="afk_arena"/>

	<!-- Airtable -->
	<AppIcon name="com.formagrid.airtable/com.formagrid.airtable.activity.session.SessionLoaderActivity" image="airtable"/>

	<!-- AMSConnect -->
	<AppIcon name="com.automedsystems.AMSConnect/com.automedsystems.amsconnect.MainActivity" image="amsconnect"/>

	<!-- ATO -->
	<AppIcon name="au.gov.ato.ATOTax/crc64d4b1f14aed59e235.SplashScreen" image="ato"/>

	<!-- AusPost -->
	<AppIcon name="au.com.auspost.android/au.com.auspost.android.feature.base.StartActivity" image="auspost"/>

	<!-- Authenticator -->
	<AppIcon name="com.blizzard.bma/com.blizzard.bma.ui.welcome.SplashActivity" image="authenticator"/>

	<!-- Battle.net -->
	<AppIcon name="com.blizzard.messenger/com.blizzard.messenger.ui.splash.SplashActivity" image="battlenet"/>

	<!-- BNELibraries -->
	<AppIcon name="au.com.solus.BrisbaneCityCouncilLibraries/solus.Libraries.MainActivity" image="bnelibraries"/>

	<!-- BorrowBox -->
	<AppIcon name="com.bolindadigital.BorrowBoxLibrary/com.bolinda.digital.library.mobile.android.startup.StartUpActivity" image="borrowbox"/>

	<!-- Centrelink -->
	<AppIcon name="au.gov.dhs.centrelinkexpressplus/au.gov.dhs.centrelink.expressplus.app.activities.anonymous.LauncherActivity" image="centrelink"/>

	<!-- CommBank -->
	<AppIcon name="com.commbank.netbank/com.commbank.netbank.application.MainActivity" image="commbank"/>

	<!-- Companion -->
	<AppIcon name="com.wizards.winter_orb/com.wizards.winter_orb.features.loading.LoadingActivity" image="companion"/>

	<!-- Connect -->
	<AppIcon name="com.garmin.android.apps.connectmobile/com.garmin.android.apps.connectmobile.GCMActivityStartup" image="connect"/>

	<!-- Cooky -->
	<AppIcon name="com.albdav.Cooky/com.albdav.Cooky.MainActivity" image="cooky"/>

	<!-- Digital Wellbeing -->
	<AppIcon name="com.samsung.android.forest/com.samsung.android.forest.launcher.LauncherActivity" image="digital_wellbeing"/>

	<!-- Donate Blood -->
	<AppIcon name="au.com.donateblood.donorapp.prod/au.com.donateblood.donorapp.MainActivity" image="donate_blood"/>

	<!-- Dropout -->
	<AppIcon name="com.collegehumor.chdropout/tv.vhx.LauncherActivity" image="dropout"/>

	<!-- eero -->
	<AppIcon name="com.eero.android/com.eero.android.v3.features.splash.SplashActivity" image="eero"/>

	<!-- Emergency
Plus -->
	<AppIcon name="com.threesixtyentertainment.nesn/com.threesixtyentertainment.nesn.SplashActivity" image="emergency
plus"/>

	<!-- Exercise Reminders -->
	<AppIcon name="nodo.crogers.exercisereminders/nodo.crogers.exercisereminders.MainActivity" image="exercise_reminders"/>

	<!-- Farhan -->
	<AppIcon name="ly.com.tahaben.farhan/ly.com.tahaben.farhan.MainActivity" image="farhan"/>

	<!-- Feeder -->
	<AppIcon name="com.nononsenseapps.feeder/com.nononsenseapps.feeder.ui.MainActivity" image="feeder"/>

	<!-- FitMenCook -->
	<AppIcon name="com.nibbleapps.fitmencook/com.nibbleapps.fitmencook.splash.view.SplashScreen" image="fitmencook"/>

	<!-- Gumtree -->
	<AppIcon name="com.ebay.gumtree.au/com.ebay.app.common.startup.SplashScreenActivity" image="gumtree"/>

	<!-- GymRoutines -->
	<AppIcon name="com.noahjutz.gymroutines/com.noahjutz.gymroutines.ui.MainActivity" image="gymroutines"/>

	<!-- Hammer -->
	<AppIcon name="com.darkrockstudios.apps.hammer.android/com.darkrockstudios.apps.hammer.android.ProjectSelectActivity" image="hammer"/>

	<!-- Happy Color -->
	<AppIcon name="com.pixel.art.coloring.color.number/com.unity3d.player.HappyColorActivity" image="happy_color"/>

	<!-- HomeDoctor -->
	<AppIcon name="com.hds.homedoctor2/host.exp.exponent.MainActivity" image="homedoctor"/>

	<!-- Kotatsu -->
	<AppIcon name="org.koitharu.kotatsu/org.koitharu.kotatsu.main.ui.MainActivity" image="kotatsu"/>

	<!-- Libraries -->
	<AppIcon name="au.com.solus.LoganLibraries/solus.Libraries.MainActivity" image="libraries"/>

	<!-- Logseq -->
	<AppIcon name="com.logseq.app/com.logseq.app.MainActivity" image="logseq"/>

	<!-- Medic Log -->
	<AppIcon name="m.co.rh.id.a_medic_log/m.co.rh.id.a_medic_log.app.MainActivity" image="medic_log"/>

	<!-- Medicare -->
	<AppIcon name="au.gov.dhs.expressplus.medicare/au.gov.dhs.medicare.activities.LauncherActivity" image="medicare"/>

	<!-- Menulog -->
	<AppIcon name="com.menulog.m/com.justeat.splash.ui.SplashActivity" image="menulog"/>

	<!-- Mind Games Pro -->
	<AppIcon name="mindware.mindgamespro/mindware.mindgamespro.main" image="mind_games_pro"/>

	<!-- MotorMouth -->
	<AppIcon name="au.com.MotorMouth.MotorMouth/crc6433cfc53080b62036.MainActivity" image="motormouth"/>

	<!-- MTG Familiar -->
	<AppIcon name="com.gelakinetic.mtgfam/com.gelakinetic.mtgfam.FamiliarActivity" image="mtg_familiar"/>

	<!-- My Telstra -->
	<AppIcon name="com.telstra.mobile.android.mytelstra/com.telstra.mobile.android.mytelstra.activities.SplashActivity" image="my_telstra"/>

	<!-- myGov -->
	<AppIcon name="au.gov.mygov.mygovapp/au.gov.mygov.mygovapp.features.welcome.WelcomeActivity" image="mygov"/>

	<!-- myGovID -->
	<AppIcon name="au.gov.ato.mygovid.droid/au.gov.ato.myGovID.LaunchActivity" image="mygovid"/>

	<!-- MyMood -->
	<AppIcon name="com.nima.mymood/com.nima.mymood.MainActivity" image="mymood"/>

	<!-- Myne -->
	<AppIcon name="com.starry.myne/com.starry.myne.MainActivity" image="myne"/>

	<!-- Nightingale Companion -->
	<AppIcon name="au.com.anson.nightingalecompanion/crc6400e721ba3ef2675d.MainActivity" image="nightingale_companion"/>

	<!-- Notion -->
	<AppIcon name="notion.id/notion.local.id.MainActivity" image="notion"/>

	<!-- Officeworks -->
	<AppIcon name="au.com.officeworks.mobile/au.com.officeworks.mobile.ui.main.SplashScreenActivity" image="officeworks"/>

	<!-- OMGSoundboard -->
	<AppIcon name="audio.omgsoundboard/audio.omgsoundboard.presentation.ui.MainActivity" image="omgsoundboard"/>

	<!-- OpenHIIT -->
	<AppIcon name="com.codepup.workout_timer/com.codepup.workout_timer.MainActivity" image="openhiit"/>

	<!-- PasswdSafe -->
	<AppIcon name="com.jefftharris.passwdsafe/com.jefftharris.passwdsafe.FileListActivity" image="passwdsafe"/>

	<!-- PasswdSafe Sync -->
	<AppIcon name="com.jefftharris.passwdsafe.sync/com.jefftharris.passwdsafe.sync.MainActivity" image="passwdsafe_sync"/>

	<!-- PF2e Archive Browser -->
	<AppIcon name="com.misthero.pf2earchive/com.misthero.pf2earchive.MainActivity" image="pf2e_archive_browser"/>

	<!-- phiola -->
	<AppIcon name="com.github.stsaz.phiola/com.github.stsaz.phiola.MainActivity" image="phiola"/>

	<!-- Podverse -->
	<AppIcon name="com.podverse.fdroid/com.podverse.fdroid.MainActivity" image="podverse"/>

	<!-- Roadside Assistance -->
	<AppIcon name="com.racq.racq/crc64700474b29955d6d5.SplashActivity" image="roadside_assistance"/>

	<!-- Simple Time Tracker -->
	<AppIcon name="com.razeeman.util.simpletimetracker/com.example.util.simpletimetracker.ui.MainActivity" image="simple_time_tracker"/>

	<!-- Square -->
	<AppIcon name="com.squareup/com.squareup.ui.PaymentActivity" image="square"/>

	<!-- Squarespace -->
	<AppIcon name="com.squarespace.android.squarespaceapp/com.squarespace.android.squarespaceapp.ui.activities.StartupActivity" image="squarespace"/>

	<!-- Swag -->
	<AppIcon name="com.ehlife/com.zoontek.rnbootsplash.RNBootSplashActivity" image="swag"/>

	<!-- Tabletop Tools -->
	<AppIcon name="com.github.muellerma.tabletoptools/com.github.muellerma.tabletoptools.ui.MainActivity" image="tabletop_tools"/>

	<!-- Text Tools Pro -->
	<AppIcon name="com.dingleinc.texttoolspro/crc64302777824117340f.MainActivity" image="text_tools_pro"/>

	<!-- TimeR Machine -->
	<AppIcon name="io.github.deweyreed.timer.other/io.github.deweyreed.timer.ui.MainActivity" image="timer_machine"/>

	<!-- Transparent -->
	<AppIcon name="com.photograph.transparentimage/com.photograph.transparentimage.MainActivity" image="transparent"/>

	<!-- TrueFree -->
	<AppIcon name="com.xingkeqi.truefree/com.xingkeqi.truefree.MainActivity" image="truefree"/>

	<!-- Tumblr -->
	<AppIcon name="com.tumblr/com.tumblr.ui.activity.JumpoffActivity" image="tumblr"/>

	<!-- Tuner -->
	<AppIcon name="org.billthefarmer.tuner/org.billthefarmer.tuner.Tuner" image="tuner"/>

	<!-- Uniden Solo -->
	<AppIcon name="com.mcu.unidensolo/com.android.bc.login.WelcomeActivity" image="uniden_solo"/>

	<!-- Vampire V5 Characters -->
	<AppIcon name="de.lilac.vampire_v5_character_creator/de.lilac.vampire_v5_character_creator.MainActivity" image="vampire_v5_characters"/>

	<!-- what3words -->
	<AppIcon name="com.what3words.android/com.what3words.android.ui.splash.SplashActivity" image="what3words"/>

	<!-- Xero -->
	<AppIcon name="com.xero.touch/com.xero.login.MainActivity" image="xero"/>

</Theme>