<resources>

	<!-- Ambient Music Mod -->
	<item component="ComponentInfo{com.kieronquinn.app.ambientmusicmod/com.kieronquinn.app.ambientmusicmod.ui.activities.MainActivity}" drawable="ambient_music_mod" />

	<!-- APKUpdater -->
	<item component="ComponentInfo{com.apkupdater/com.apkupdater.ui.activity.MainActivity}" drawable="apkupdater" />

	<!-- Athena -->
	<item component="ComponentInfo{dev.sebaubuntu.athena.dev/dev.sebaubuntu.athena.MainActivity}" drawable="athena" />

	<!-- Audire -->
	<item component="ComponentInfo{com.alexmercerind.audire/com.alexmercerind.audire.ui.MainActivity}" drawable="audire" />

	<!-- Authenticator -->
	<item component="ComponentInfo{me.jmh.authenticatorpro/crc643c2a2b888a14ec9a.MainActivity}" drawable="authenticator" />

	<!-- Bluetooth LE Spam -->
	<item component="ComponentInfo{de.simon.dankelmann.bluetoothlespam/de.simon.dankelmann.bluetoothlespam.MainActivity}" drawable="bluetooth_le_spam" />

	<!-- BTC Map -->
	<item component="ComponentInfo{org.btcmap/activity.Activity}" drawable="btc_map" />

	<!-- Buran -->
	<item component="ComponentInfo{corewala.gemini.buran/corewala.buran.ui.GemActivity}" drawable="buran" />

	<!-- Calendar -->
	<item component="ComponentInfo{com.simplemobiletools.calendar.pro/com.simplemobiletools.calendar.pro.activities.SplashActivity.Orange}" drawable="calendar" />

	<!-- Calyx VPN -->
	<item component="ComponentInfo{org.calyxinstitute.vpn/se.leap.bitmaskclient.base.StartActivity}" drawable="calyx_vpn" />

	<!-- Camera -->
	<item component="ComponentInfo{app.grapheneos.camera/app.grapheneos.camera.ui.activities.MainActivity}" drawable="camera" />

	<!-- Camera -->
	<item component="ComponentInfo{org.lineageos.aperture.dev/org.lineageos.aperture.CameraLauncher}" drawable="camera" />

	<!-- Catima -->
	<item component="ComponentInfo{me.hackerchick.catima/protect.card_locker.MainActivity}" drawable="catima" />

	<!-- chat -->
	<item component="ComponentInfo{de.monocles.chat/de.monocles.chat.ui.StartUI}" drawable="chat" />

	<!-- CloudStream -->
	<item component="ComponentInfo{com.lagradost.cloudstream3/com.lagradost.cloudstream3.ui.account.AccountSelectActivity}" drawable="cloudstream" />

	<!-- Cromite -->
	<item component="ComponentInfo{org.cromite.cromite/com.google.android.apps.chrome.Main}" drawable="cromite" />

	<!-- Data Monitor -->
	<item component="ComponentInfo{com.drnoob.datamonitor/com.drnoob.datamonitor.ui.activities.SetupActivity}" drawable="data_monitor" />

	<!-- DetoxDroid -->
	<item component="ComponentInfo{com.flx_apps.digitaldetox/com.flx_apps.digitaldetox.MainActivity}" drawable="detoxdroid" />

	<!-- DNS Manager -->
	<item component="ComponentInfo{com.f0x1d.dnsmanager/com.f0x1d.dnsmanager.ui.activity.MainActivity}" drawable="dns_manager" />

	<!-- Download Navi -->
	<item component="ComponentInfo{com.tachibana.downloader/com.tachibana.downloader.ui.main.MainActivity}" drawable="download_navi" />

	<!-- DPI Tunnel -->
	<item component="ComponentInfo{ru.evgeniy.dpitunnelcli/ru.evgeniy.dpitunnelcli.ui.activity.MainActivity}" drawable="dpi_tunnel" />

	<!-- Draw -->
	<item component="ComponentInfo{com.simplemobiletools.draw.pro/com.simplemobiletools.draw.pro.activities.SplashActivity.Orange}" drawable="draw" />

	<!-- DriveDroid -->
	<item component="ComponentInfo{com.softwarebakery.drivedroid/com.softwarebakery.drivedroid.MainActivity}" drawable="drivedroid" />

	<!-- DSU Sideloader -->
	<item component="ComponentInfo{vegabobo.dsusideloader/vegabobo.dsusideloader.MainActivity}" drawable="dsu_sideloader" />

	<!-- EasyWay -->
	<item component="ComponentInfo{com.eway/com.eway.android.activity.MainActivity}" drawable="easyway" />

	<!-- Effects Pro -->
	<item component="ComponentInfo{org.appsroid.fxpro/org.appsroid.fxpro.SplashActivity}" drawable="effects_pro" />

	<!-- FakeStandby -->
	<item component="ComponentInfo{android.jonas.fakestandby/android.jonas.fakestandby.settings.SettingsActivity}" drawable="fakestandby" />

	<!-- FFUpdater -->
	<item component="ComponentInfo{de.marmaro.krt.ffupdater/de.marmaro.krt.ffupdater.activity.main.MainActivity}" drawable="ffupdater" />

	<!-- FlorisBoard Beta -->
	<item component="ComponentInfo{dev.patrickgold.florisboard.beta/dev.patrickgold.florisboard.SettingsLauncherAlias}" drawable="florisboard_beta" />

	<!-- FM Radio -->
	<item component="ComponentInfo{com.caf.fmradio/com.caf.fmradio.FMRadio}" drawable="fm_radio" />

	<!-- FREE Browser -->
	<item component="ComponentInfo{org.woheller69.browser/de.baumann.browser.activity.BrowserActivity}" drawable="free_browser" />

	<!-- FreeDCam -->
	<item component="ComponentInfo{troop.com.freedcam/freed.cam.ActivityFreeDcamMain}" drawable="freedcam" />

	<!-- FreeDCam Viewer -->
	<item component="ComponentInfo{troop.com.freedcam/freed.viewer.ActivityFreeDviewer}" drawable="freedcam_viewer" />

	<!-- FUTO Voice Input -->
	<item component="ComponentInfo{org.futo.voiceinput/org.futo.voiceinput.settings.SettingsActivity}" drawable="futo_voice_input" />

	<!-- gptAssist -->
	<item component="ComponentInfo{org.woheller69.gptassist/org.woheller69.gptassist.MainActivity}" drawable="gptassist" />

	<!-- GraphHopper Maps -->
	<item component="ComponentInfo{com.graphhopper.maps/com.graphhopper.maps.MainActivity}" drawable="graphhopper_maps" />

	<!-- Grayjay -->
	<item component="ComponentInfo{com.futo.platformplayer/com.futo.platformplayer.activities.MainActivity}" drawable="grayjay" />

	<!-- Guerrilla Mail -->
	<item component="ComponentInfo{cf.theonewiththebraid.guerrilla_mail/cf.theonewiththebraid.guerrilla_mail.MainActivity}" drawable="guerrilla_mail" />

	<!-- Insular -->
	<item component="ComponentInfo{com.oasisfeng.island.fdroid/com.oasisfeng.island.MainActivity}" drawable="insular" />

	<!-- InviZible Pro -->
	<item component="ComponentInfo{pan.alexander.tordnscrypt/pan.alexander.tordnscrypt.MainActivity}" drawable="invizible_pro" />

	<!-- IPFS Lite -->
	<item component="ComponentInfo{threads.server/threads.server.MainActivity}" drawable="ipfs_lite" />

	<!-- IR Remote -->
	<item component="ComponentInfo{us.spotco.ir_remote/org.twinone.irremote.ui.MainActivity}" drawable="ir_remote" />

	<!-- KDE Connect -->
	<item component="ComponentInfo{org.kde.kdeconnect_tp/org.kde.kdeconnect.UserInterface.MainActivity}" drawable="kde_connect" />

	<!-- Kitsune Mask -->
	<item component="ComponentInfo{io.github.huskydg.magisk/com.topjohnwu.magisk.ui.MainActivity}" drawable="kitsune_mask" />

	<!-- Libre Camera -->
	<item component="ComponentInfo{com.iakmds.librecamera/com.iakmds.librecamera.MainActivity}" drawable="libre_camera" />

	<!-- LMC8.4 -->
	<item component="ComponentInfo{org.codeaurora.qcamera3/com.android.camera.CameraLauncher}" drawable="lmc84" />

	<!-- MemeTastic -->
	<item component="ComponentInfo{io.github.gsantner.memetastic/net.gsantner.memetastic.activity.MainActivity}" drawable="memetastic" />

	<!-- Mercurygram -->
	<item component="ComponentInfo{it.belloworld.mercurygram/org.telegram.messenger.NoxIcon}" drawable="mercurygram" />

	<!-- Metager Maps -->
	<item component="ComponentInfo{de.suma_ev.dominik.metagermaps/de.suma_ev.dominik.metagermaps.MainActivity}" drawable="metager_maps" />

	<!-- MJ PDF -->
	<item component="ComponentInfo{com.gitlab.mudlej.MjPdfReader/com.gitlab.mudlej.MjPdfReader.LauncherAlias}" drawable="mj_pdf" />

	<!-- Moonlight -->
	<item component="ComponentInfo{com.limelight/com.limelight.PcView}" drawable="moonlight" />

	<!-- MultiVNC -->
	<item component="ComponentInfo{com.coboltforge.dontmind.multivnc/com.coboltforge.dontmind.multivnc.ui.MainMenuActivity}" drawable="multivnc" />

	<!-- Neo Store -->
	<item component="ComponentInfo{com.machiav3lli.fdroid/com.machiav3lli.fdroid.ui.activities.MainActivityX}" drawable="neo_store" />

	<!-- OCR -->
	<item component="ComponentInfo{io.github.subhamtyagi.ocr/io.github.subhamtyagi.ocr.MainActivity}" drawable="ocr" />

	<!-- Open Video Editor -->
	<item component="ComponentInfo{io.github.devhyper.openvideoeditor/io.github.devhyper.openvideoeditor.main.MainActivity}" drawable="open_video_editor" />

	<!-- OpenStop -->
	<item component="ComponentInfo{de.tu_chemnitz.etit.sse.openstop/de.tu_chemnitz.etit.sse.openstop.MainActivity}" drawable="openstop" />

	<!-- OpenTopoMap -->
	<item component="ComponentInfo{org.nitri.opentopo/org.nitri.opentopo.MainActivity}" drawable="opentopomap" />

	<!-- OsmAnd~ -->
	<item component="ComponentInfo{net.osmand.plus/net.osmand.plus.activities.MapActivity}" drawable="osmand_" />

	<!-- PocketMaps -->
	<item component="ComponentInfo{com.junjunguo.pocketmaps/com.junjunguo.pocketmaps.activities.MainActivity}" drawable="pocketmaps" />

	<!-- Privat24 -->
	<item component="ComponentInfo{ua.privatbank.ap24/ua.privatbank.ap24v6.MainActivity}" drawable="privat24" />

	<!-- Rain -->
	<item component="ComponentInfo{com.yoshi.rain/com.yoshi.rain.MainActivity}" drawable="rain" />

	<!-- RiMusic -->
	<item component="ComponentInfo{it.fast4x.rimusic/it.vfsfitvnm.vimusic.MainActivity}" drawable="rimusic" />

	<!-- RootlessJamesDSP -->
	<item component="ComponentInfo{me.timschneeberger.rootlessjamesdsp/me.timschneeberger.rootlessjamesdsp.activity.MainActivity}" drawable="rootlessjamesdsp" />

	<!-- Sapio -->
	<item component="ComponentInfo{com.klee.sapio/com.klee.sapio.ui.view.SplashActivity}" drawable="sapio" />

	<!-- Seal -->
	<item component="ComponentInfo{com.junkfood.seal/com.junkfood.seal.MainActivity}" drawable="seal" />

	<!-- Shizuku -->
	<item component="ComponentInfo{moe.shizuku.privileged.api/moe.shizuku.manager.MainActivity}" drawable="shizuku" />

	<!-- SimpleX -->
	<item component="ComponentInfo{chat.simplex.app/chat.simplex.app.MainActivity_default}" drawable="simplex" />

	<!-- SnoopSnitch -->
	<item component="ComponentInfo{de.srlabs.snoopsnitch/de.srlabs.snoopsnitch.StartupActivity}" drawable="snoopsnitch" />

	<!-- Squawker -->
	<item component="ComponentInfo{org.ca.squawker/org.ca.squawker.MainActivity}" drawable="squawker" />

	<!-- Stealth -->
	<item component="ComponentInfo{com.cosmos.unreddit/com.cosmos.unreddit.MainActivity}" drawable="stealth" />

	<!-- Terminal Emulator -->
	<item component="ComponentInfo{com.termoneplus/com.termoneplus.TermActivity}" drawable="terminal_emulator" />

	<!-- TetherFi -->
	<item component="ComponentInfo{com.pyamsoft.tetherfi/com.pyamsoft.tetherfi.main.MainActivity}" drawable="tetherfi" />

	<!-- Thor -->
	<item component="ComponentInfo{threads.thor/threads.thor.MainActivity}" drawable="thor" />

	<!-- Tokei -->
	<item component="ComponentInfo{com.demomiru.tokeiv2/com.demomiru.tokeiv2.MainActivity}" drawable="tokei" />

	<!-- Tool Shells -->
	<item component="ComponentInfo{com.kakathic.shells/com.kakathic.shells.SplashActivity}" drawable="tool_shells" />

	<!-- Transportr -->
	<item component="ComponentInfo{de.grobox.liberario/de.grobox.transportr.map.MapActivity}" drawable="transportr" />

	<!-- Trekarta -->
	<item component="ComponentInfo{mobi.maptrek/mobi.maptrek.MainActivity}" drawable="trekarta" />

	<!-- Tux Paint -->
	<item component="ComponentInfo{org.tuxpaint/org.tuxpaint.tuxpaintActivity}" drawable="tux_paint" />

	<!-- Tux Paint Config -->
	<item component="ComponentInfo{org.tuxpaint/org.tuxpaint.ConfigActivity}" drawable="tux_paint_config" />

</resources>