<appmap>

	<!-- Ambient Music Mod -->
	<item class="com.kieronquinn.app.ambientmusicmod.ui.activities.MainActivity" name="ambient_music_mod"/>

	<!-- APKUpdater -->
	<item class="com.apkupdater.ui.activity.MainActivity" name="apkupdater"/>

	<!-- Athena -->
	<item class="dev.sebaubuntu.athena.MainActivity" name="athena"/>

	<!-- Audire -->
	<item class="com.alexmercerind.audire.ui.MainActivity" name="audire"/>

	<!-- Authenticator -->
	<item class="crc643c2a2b888a14ec9a.MainActivity" name="authenticator"/>

	<!-- Bluetooth LE Spam -->
	<item class="de.simon.dankelmann.bluetoothlespam.MainActivity" name="bluetooth_le_spam"/>

	<!-- BTC Map -->
	<item class="activity.Activity" name="btc_map"/>

	<!-- Buran -->
	<item class="corewala.buran.ui.GemActivity" name="buran"/>

	<!-- Calendar -->
	<item class="com.simplemobiletools.calendar.pro.activities.SplashActivity.Orange" name="calendar"/>

	<!-- Calyx VPN -->
	<item class="se.leap.bitmaskclient.base.StartActivity" name="calyx_vpn"/>

	<!-- Camera -->
	<item class="app.grapheneos.camera.ui.activities.MainActivity" name="camera"/>

	<!-- Camera -->
	<item class="org.lineageos.aperture.CameraLauncher" name="camera"/>

	<!-- Catima -->
	<item class="protect.card_locker.MainActivity" name="catima"/>

	<!-- chat -->
	<item class="de.monocles.chat.ui.StartUI" name="chat"/>

	<!-- CloudStream -->
	<item class="com.lagradost.cloudstream3.ui.account.AccountSelectActivity" name="cloudstream"/>

	<!-- Cromite -->
	<item class="com.google.android.apps.chrome.Main" name="cromite"/>

	<!-- Data Monitor -->
	<item class="com.drnoob.datamonitor.ui.activities.SetupActivity" name="data_monitor"/>

	<!-- DetoxDroid -->
	<item class="com.flx_apps.digitaldetox.MainActivity" name="detoxdroid"/>

	<!-- DNS Manager -->
	<item class="com.f0x1d.dnsmanager.ui.activity.MainActivity" name="dns_manager"/>

	<!-- Download Navi -->
	<item class="com.tachibana.downloader.ui.main.MainActivity" name="download_navi"/>

	<!-- DPI Tunnel -->
	<item class="ru.evgeniy.dpitunnelcli.ui.activity.MainActivity" name="dpi_tunnel"/>

	<!-- Draw -->
	<item class="com.simplemobiletools.draw.pro.activities.SplashActivity.Orange" name="draw"/>

	<!-- DriveDroid -->
	<item class="com.softwarebakery.drivedroid.MainActivity" name="drivedroid"/>

	<!-- DSU Sideloader -->
	<item class="vegabobo.dsusideloader.MainActivity" name="dsu_sideloader"/>

	<!-- EasyWay -->
	<item class="com.eway.android.activity.MainActivity" name="easyway"/>

	<!-- Effects Pro -->
	<item class="org.appsroid.fxpro.SplashActivity" name="effects_pro"/>

	<!-- FakeStandby -->
	<item class="android.jonas.fakestandby.settings.SettingsActivity" name="fakestandby"/>

	<!-- FFUpdater -->
	<item class="de.marmaro.krt.ffupdater.activity.main.MainActivity" name="ffupdater"/>

	<!-- FlorisBoard Beta -->
	<item class="dev.patrickgold.florisboard.SettingsLauncherAlias" name="florisboard_beta"/>

	<!-- FM Radio -->
	<item class="com.caf.fmradio.FMRadio" name="fm_radio"/>

	<!-- FREE Browser -->
	<item class="de.baumann.browser.activity.BrowserActivity" name="free_browser"/>

	<!-- FreeDCam -->
	<item class="freed.cam.ActivityFreeDcamMain" name="freedcam"/>

	<!-- FreeDCam Viewer -->
	<item class="freed.viewer.ActivityFreeDviewer" name="freedcam_viewer"/>

	<!-- FUTO Voice Input -->
	<item class="org.futo.voiceinput.settings.SettingsActivity" name="futo_voice_input"/>

	<!-- gptAssist -->
	<item class="org.woheller69.gptassist.MainActivity" name="gptassist"/>

	<!-- GraphHopper Maps -->
	<item class="com.graphhopper.maps.MainActivity" name="graphhopper_maps"/>

	<!-- Grayjay -->
	<item class="com.futo.platformplayer.activities.MainActivity" name="grayjay"/>

	<!-- Guerrilla Mail -->
	<item class="cf.theonewiththebraid.guerrilla_mail.MainActivity" name="guerrilla_mail"/>

	<!-- Insular -->
	<item class="com.oasisfeng.island.MainActivity" name="insular"/>

	<!-- InviZible Pro -->
	<item class="pan.alexander.tordnscrypt.MainActivity" name="invizible_pro"/>

	<!-- IPFS Lite -->
	<item class="threads.server.MainActivity" name="ipfs_lite"/>

	<!-- IR Remote -->
	<item class="org.twinone.irremote.ui.MainActivity" name="ir_remote"/>

	<!-- KDE Connect -->
	<item class="org.kde.kdeconnect.UserInterface.MainActivity" name="kde_connect"/>

	<!-- Kitsune Mask -->
	<item class="com.topjohnwu.magisk.ui.MainActivity" name="kitsune_mask"/>

	<!-- Libre Camera -->
	<item class="com.iakmds.librecamera.MainActivity" name="libre_camera"/>

	<!-- LMC8.4 -->
	<item class="com.android.camera.CameraLauncher" name="lmc84"/>

	<!-- MemeTastic -->
	<item class="net.gsantner.memetastic.activity.MainActivity" name="memetastic"/>

	<!-- Mercurygram -->
	<item class="org.telegram.messenger.NoxIcon" name="mercurygram"/>

	<!-- Metager Maps -->
	<item class="de.suma_ev.dominik.metagermaps.MainActivity" name="metager_maps"/>

	<!-- MJ PDF -->
	<item class="com.gitlab.mudlej.MjPdfReader.LauncherAlias" name="mj_pdf"/>

	<!-- Moonlight -->
	<item class="com.limelight.PcView" name="moonlight"/>

	<!-- MultiVNC -->
	<item class="com.coboltforge.dontmind.multivnc.ui.MainMenuActivity" name="multivnc"/>

	<!-- Neo Store -->
	<item class="com.machiav3lli.fdroid.ui.activities.MainActivityX" name="neo_store"/>

	<!-- OCR -->
	<item class="io.github.subhamtyagi.ocr.MainActivity" name="ocr"/>

	<!-- Open Video Editor -->
	<item class="io.github.devhyper.openvideoeditor.main.MainActivity" name="open_video_editor"/>

	<!-- OpenStop -->
	<item class="de.tu_chemnitz.etit.sse.openstop.MainActivity" name="openstop"/>

	<!-- OpenTopoMap -->
	<item class="org.nitri.opentopo.MainActivity" name="opentopomap"/>

	<!-- OsmAnd~ -->
	<item class="net.osmand.plus.activities.MapActivity" name="osmand_"/>

	<!-- PocketMaps -->
	<item class="com.junjunguo.pocketmaps.activities.MainActivity" name="pocketmaps"/>

	<!-- Privat24 -->
	<item class="ua.privatbank.ap24v6.MainActivity" name="privat24"/>

	<!-- Rain -->
	<item class="com.yoshi.rain.MainActivity" name="rain"/>

	<!-- RiMusic -->
	<item class="it.vfsfitvnm.vimusic.MainActivity" name="rimusic"/>

	<!-- RootlessJamesDSP -->
	<item class="me.timschneeberger.rootlessjamesdsp.activity.MainActivity" name="rootlessjamesdsp"/>

	<!-- Sapio -->
	<item class="com.klee.sapio.ui.view.SplashActivity" name="sapio"/>

	<!-- Seal -->
	<item class="com.junkfood.seal.MainActivity" name="seal"/>

	<!-- Shizuku -->
	<item class="moe.shizuku.manager.MainActivity" name="shizuku"/>

	<!-- SimpleX -->
	<item class="chat.simplex.app.MainActivity_default" name="simplex"/>

	<!-- SnoopSnitch -->
	<item class="de.srlabs.snoopsnitch.StartupActivity" name="snoopsnitch"/>

	<!-- Squawker -->
	<item class="org.ca.squawker.MainActivity" name="squawker"/>

	<!-- Stealth -->
	<item class="com.cosmos.unreddit.MainActivity" name="stealth"/>

	<!-- Terminal Emulator -->
	<item class="com.termoneplus.TermActivity" name="terminal_emulator"/>

	<!-- TetherFi -->
	<item class="com.pyamsoft.tetherfi.main.MainActivity" name="tetherfi"/>

	<!-- Thor -->
	<item class="threads.thor.MainActivity" name="thor"/>

	<!-- Tokei -->
	<item class="com.demomiru.tokeiv2.MainActivity" name="tokei"/>

	<!-- Tool Shells -->
	<item class="com.kakathic.shells.SplashActivity" name="tool_shells"/>

	<!-- Transportr -->
	<item class="de.grobox.transportr.map.MapActivity" name="transportr"/>

	<!-- Trekarta -->
	<item class="mobi.maptrek.MainActivity" name="trekarta"/>

	<!-- Tux Paint -->
	<item class="org.tuxpaint.tuxpaintActivity" name="tux_paint"/>

	<!-- Tux Paint Config -->
	<item class="org.tuxpaint.ConfigActivity" name="tux_paint_config"/>

</appmap>