<Theme version="1">

	<!-- Ambient Music Mod -->
	<AppIcon name="com.kieronquinn.app.ambientmusicmod/com.kieronquinn.app.ambientmusicmod.ui.activities.MainActivity" image="ambient_music_mod"/>

	<!-- APKUpdater -->
	<AppIcon name="com.apkupdater/com.apkupdater.ui.activity.MainActivity" image="apkupdater"/>

	<!-- Athena -->
	<AppIcon name="dev.sebaubuntu.athena.dev/dev.sebaubuntu.athena.MainActivity" image="athena"/>

	<!-- Audire -->
	<AppIcon name="com.alexmercerind.audire/com.alexmercerind.audire.ui.MainActivity" image="audire"/>

	<!-- Authenticator -->
	<AppIcon name="me.jmh.authenticatorpro/crc643c2a2b888a14ec9a.MainActivity" image="authenticator"/>

	<!-- Bluetooth LE Spam -->
	<AppIcon name="de.simon.dankelmann.bluetoothlespam/de.simon.dankelmann.bluetoothlespam.MainActivity" image="bluetooth_le_spam"/>

	<!-- BTC Map -->
	<AppIcon name="org.btcmap/activity.Activity" image="btc_map"/>

	<!-- Buran -->
	<AppIcon name="corewala.gemini.buran/corewala.buran.ui.GemActivity" image="buran"/>

	<!-- Calendar -->
	<AppIcon name="com.simplemobiletools.calendar.pro/com.simplemobiletools.calendar.pro.activities.SplashActivity.Orange" image="calendar"/>

	<!-- Calyx VPN -->
	<AppIcon name="org.calyxinstitute.vpn/se.leap.bitmaskclient.base.StartActivity" image="calyx_vpn"/>

	<!-- Camera -->
	<AppIcon name="app.grapheneos.camera/app.grapheneos.camera.ui.activities.MainActivity" image="camera"/>

	<!-- Camera -->
	<AppIcon name="org.lineageos.aperture.dev/org.lineageos.aperture.CameraLauncher" image="camera"/>

	<!-- Catima -->
	<AppIcon name="me.hackerchick.catima/protect.card_locker.MainActivity" image="catima"/>

	<!-- chat -->
	<AppIcon name="de.monocles.chat/de.monocles.chat.ui.StartUI" image="chat"/>

	<!-- CloudStream -->
	<AppIcon name="com.lagradost.cloudstream3/com.lagradost.cloudstream3.ui.account.AccountSelectActivity" image="cloudstream"/>

	<!-- Cromite -->
	<AppIcon name="org.cromite.cromite/com.google.android.apps.chrome.Main" image="cromite"/>

	<!-- Data Monitor -->
	<AppIcon name="com.drnoob.datamonitor/com.drnoob.datamonitor.ui.activities.SetupActivity" image="data_monitor"/>

	<!-- DetoxDroid -->
	<AppIcon name="com.flx_apps.digitaldetox/com.flx_apps.digitaldetox.MainActivity" image="detoxdroid"/>

	<!-- DNS Manager -->
	<AppIcon name="com.f0x1d.dnsmanager/com.f0x1d.dnsmanager.ui.activity.MainActivity" image="dns_manager"/>

	<!-- Download Navi -->
	<AppIcon name="com.tachibana.downloader/com.tachibana.downloader.ui.main.MainActivity" image="download_navi"/>

	<!-- DPI Tunnel -->
	<AppIcon name="ru.evgeniy.dpitunnelcli/ru.evgeniy.dpitunnelcli.ui.activity.MainActivity" image="dpi_tunnel"/>

	<!-- Draw -->
	<AppIcon name="com.simplemobiletools.draw.pro/com.simplemobiletools.draw.pro.activities.SplashActivity.Orange" image="draw"/>

	<!-- DriveDroid -->
	<AppIcon name="com.softwarebakery.drivedroid/com.softwarebakery.drivedroid.MainActivity" image="drivedroid"/>

	<!-- DSU Sideloader -->
	<AppIcon name="vegabobo.dsusideloader/vegabobo.dsusideloader.MainActivity" image="dsu_sideloader"/>

	<!-- EasyWay -->
	<AppIcon name="com.eway/com.eway.android.activity.MainActivity" image="easyway"/>

	<!-- Effects Pro -->
	<AppIcon name="org.appsroid.fxpro/org.appsroid.fxpro.SplashActivity" image="effects_pro"/>

	<!-- FakeStandby -->
	<AppIcon name="android.jonas.fakestandby/android.jonas.fakestandby.settings.SettingsActivity" image="fakestandby"/>

	<!-- FFUpdater -->
	<AppIcon name="de.marmaro.krt.ffupdater/de.marmaro.krt.ffupdater.activity.main.MainActivity" image="ffupdater"/>

	<!-- FlorisBoard Beta -->
	<AppIcon name="dev.patrickgold.florisboard.beta/dev.patrickgold.florisboard.SettingsLauncherAlias" image="florisboard_beta"/>

	<!-- FM Radio -->
	<AppIcon name="com.caf.fmradio/com.caf.fmradio.FMRadio" image="fm_radio"/>

	<!-- FREE Browser -->
	<AppIcon name="org.woheller69.browser/de.baumann.browser.activity.BrowserActivity" image="free_browser"/>

	<!-- FreeDCam -->
	<AppIcon name="troop.com.freedcam/freed.cam.ActivityFreeDcamMain" image="freedcam"/>

	<!-- FreeDCam Viewer -->
	<AppIcon name="troop.com.freedcam/freed.viewer.ActivityFreeDviewer" image="freedcam_viewer"/>

	<!-- FUTO Voice Input -->
	<AppIcon name="org.futo.voiceinput/org.futo.voiceinput.settings.SettingsActivity" image="futo_voice_input"/>

	<!-- gptAssist -->
	<AppIcon name="org.woheller69.gptassist/org.woheller69.gptassist.MainActivity" image="gptassist"/>

	<!-- GraphHopper Maps -->
	<AppIcon name="com.graphhopper.maps/com.graphhopper.maps.MainActivity" image="graphhopper_maps"/>

	<!-- Grayjay -->
	<AppIcon name="com.futo.platformplayer/com.futo.platformplayer.activities.MainActivity" image="grayjay"/>

	<!-- Guerrilla Mail -->
	<AppIcon name="cf.theonewiththebraid.guerrilla_mail/cf.theonewiththebraid.guerrilla_mail.MainActivity" image="guerrilla_mail"/>

	<!-- Insular -->
	<AppIcon name="com.oasisfeng.island.fdroid/com.oasisfeng.island.MainActivity" image="insular"/>

	<!-- InviZible Pro -->
	<AppIcon name="pan.alexander.tordnscrypt/pan.alexander.tordnscrypt.MainActivity" image="invizible_pro"/>

	<!-- IPFS Lite -->
	<AppIcon name="threads.server/threads.server.MainActivity" image="ipfs_lite"/>

	<!-- IR Remote -->
	<AppIcon name="us.spotco.ir_remote/org.twinone.irremote.ui.MainActivity" image="ir_remote"/>

	<!-- KDE Connect -->
	<AppIcon name="org.kde.kdeconnect_tp/org.kde.kdeconnect.UserInterface.MainActivity" image="kde_connect"/>

	<!-- Kitsune Mask -->
	<AppIcon name="io.github.huskydg.magisk/com.topjohnwu.magisk.ui.MainActivity" image="kitsune_mask"/>

	<!-- Libre Camera -->
	<AppIcon name="com.iakmds.librecamera/com.iakmds.librecamera.MainActivity" image="libre_camera"/>

	<!-- LMC8.4 -->
	<AppIcon name="org.codeaurora.qcamera3/com.android.camera.CameraLauncher" image="lmc84"/>

	<!-- MemeTastic -->
	<AppIcon name="io.github.gsantner.memetastic/net.gsantner.memetastic.activity.MainActivity" image="memetastic"/>

	<!-- Mercurygram -->
	<AppIcon name="it.belloworld.mercurygram/org.telegram.messenger.NoxIcon" image="mercurygram"/>

	<!-- Metager Maps -->
	<AppIcon name="de.suma_ev.dominik.metagermaps/de.suma_ev.dominik.metagermaps.MainActivity" image="metager_maps"/>

	<!-- MJ PDF -->
	<AppIcon name="com.gitlab.mudlej.MjPdfReader/com.gitlab.mudlej.MjPdfReader.LauncherAlias" image="mj_pdf"/>

	<!-- Moonlight -->
	<AppIcon name="com.limelight/com.limelight.PcView" image="moonlight"/>

	<!-- MultiVNC -->
	<AppIcon name="com.coboltforge.dontmind.multivnc/com.coboltforge.dontmind.multivnc.ui.MainMenuActivity" image="multivnc"/>

	<!-- Neo Store -->
	<AppIcon name="com.machiav3lli.fdroid/com.machiav3lli.fdroid.ui.activities.MainActivityX" image="neo_store"/>

	<!-- OCR -->
	<AppIcon name="io.github.subhamtyagi.ocr/io.github.subhamtyagi.ocr.MainActivity" image="ocr"/>

	<!-- Open Video Editor -->
	<AppIcon name="io.github.devhyper.openvideoeditor/io.github.devhyper.openvideoeditor.main.MainActivity" image="open_video_editor"/>

	<!-- OpenStop -->
	<AppIcon name="de.tu_chemnitz.etit.sse.openstop/de.tu_chemnitz.etit.sse.openstop.MainActivity" image="openstop"/>

	<!-- OpenTopoMap -->
	<AppIcon name="org.nitri.opentopo/org.nitri.opentopo.MainActivity" image="opentopomap"/>

	<!-- OsmAnd~ -->
	<AppIcon name="net.osmand.plus/net.osmand.plus.activities.MapActivity" image="osmand_"/>

	<!-- PocketMaps -->
	<AppIcon name="com.junjunguo.pocketmaps/com.junjunguo.pocketmaps.activities.MainActivity" image="pocketmaps"/>

	<!-- Privat24 -->
	<AppIcon name="ua.privatbank.ap24/ua.privatbank.ap24v6.MainActivity" image="privat24"/>

	<!-- Rain -->
	<AppIcon name="com.yoshi.rain/com.yoshi.rain.MainActivity" image="rain"/>

	<!-- RiMusic -->
	<AppIcon name="it.fast4x.rimusic/it.vfsfitvnm.vimusic.MainActivity" image="rimusic"/>

	<!-- RootlessJamesDSP -->
	<AppIcon name="me.timschneeberger.rootlessjamesdsp/me.timschneeberger.rootlessjamesdsp.activity.MainActivity" image="rootlessjamesdsp"/>

	<!-- Sapio -->
	<AppIcon name="com.klee.sapio/com.klee.sapio.ui.view.SplashActivity" image="sapio"/>

	<!-- Seal -->
	<AppIcon name="com.junkfood.seal/com.junkfood.seal.MainActivity" image="seal"/>

	<!-- Shizuku -->
	<AppIcon name="moe.shizuku.privileged.api/moe.shizuku.manager.MainActivity" image="shizuku"/>

	<!-- SimpleX -->
	<AppIcon name="chat.simplex.app/chat.simplex.app.MainActivity_default" image="simplex"/>

	<!-- SnoopSnitch -->
	<AppIcon name="de.srlabs.snoopsnitch/de.srlabs.snoopsnitch.StartupActivity" image="snoopsnitch"/>

	<!-- Squawker -->
	<AppIcon name="org.ca.squawker/org.ca.squawker.MainActivity" image="squawker"/>

	<!-- Stealth -->
	<AppIcon name="com.cosmos.unreddit/com.cosmos.unreddit.MainActivity" image="stealth"/>

	<!-- Terminal Emulator -->
	<AppIcon name="com.termoneplus/com.termoneplus.TermActivity" image="terminal_emulator"/>

	<!-- TetherFi -->
	<AppIcon name="com.pyamsoft.tetherfi/com.pyamsoft.tetherfi.main.MainActivity" image="tetherfi"/>

	<!-- Thor -->
	<AppIcon name="threads.thor/threads.thor.MainActivity" image="thor"/>

	<!-- Tokei -->
	<AppIcon name="com.demomiru.tokeiv2/com.demomiru.tokeiv2.MainActivity" image="tokei"/>

	<!-- Tool Shells -->
	<AppIcon name="com.kakathic.shells/com.kakathic.shells.SplashActivity" image="tool_shells"/>

	<!-- Transportr -->
	<AppIcon name="de.grobox.liberario/de.grobox.transportr.map.MapActivity" image="transportr"/>

	<!-- Trekarta -->
	<AppIcon name="mobi.maptrek/mobi.maptrek.MainActivity" image="trekarta"/>

	<!-- Tux Paint -->
	<AppIcon name="org.tuxpaint/org.tuxpaint.tuxpaintActivity" image="tux_paint"/>

	<!-- Tux Paint Config -->
	<AppIcon name="org.tuxpaint/org.tuxpaint.ConfigActivity" image="tux_paint_config"/>

</Theme>