<Theme version="1">

	<!-- Диктофон -->
	<AppIcon name="com.github.axet.audiorecorder/com.github.axet.audiorecorder.activities.MainActivity" image="диктофон"/>

	<!-- Карта SD -->
	<AppIcon name="com.google.android.diskusage/com.google.android.diskusage.ui.SelectActivity" image="карта_sd"/>

	<!-- Привычки -->
	<AppIcon name="org.isoron.uhabits/org.isoron.uhabits.MainActivity" image="привычки"/>

	<!-- Сканер штрих-кодов -->
	<AppIcon name="com.google.zxing.client.android/com.google.zxing.client.android.CaptureActivity" image="сканер_штрих_кодов"/>

	<!-- Суперпользователь -->
	<AppIcon name="me.phh.superuser/com.koushikdutta.superuser.MainActivity" image="суперпользователь"/>

	<!-- Уведомления голосом -->
	<AppIcon name="com.pilot51.voicenotify/com.pilot51.voicenotify.MainActivity" image="уведомления_голосом"/>

	<!-- Удобное Чтение -->
	<AppIcon name="ru.yanus171.feedexfork/ru.yanus171.feedexfork.activity.HomeActivity" image="удобное_чтение"/>

	<!-- Шахматы -->
	<AppIcon name="jwtc.android.chess/jwtc.android.chess.start" image="шахматы"/>

	<!-- Aard 2 -->
	<AppIcon name="itkach.aard2/itkach.aard2.MainActivity" image="aard_2"/>

	<!-- Activity Manager -->
	<AppIcon name="com.activitymanager/com.sdex.activityrunner.MainActivity" image="activity_manager"/>

	<!-- AdAway -->
	<AppIcon name="org.adaway/org.adaway.ui.home.HomeActivity" image="adaway"/>

	<!-- AirGuard -->
	<AppIcon name="de.seemoo.at_tracking_detection/de.seemoo.at_tracking_detection.ui.MainActivity" image="airguard"/>

	<!-- Amaze -->
	<AppIcon name="com.amaze.filemanager/com.amaze.filemanager.ui.activities.MainActivity" image="amaze"/>

	<!-- AnkiDroid -->
	<AppIcon name="com.ichi2.anki/com.ichi2.anki.IntentHandler" image="ankidroid"/>

	<!-- Audile -->
	<AppIcon name="com.mrsep.musicrecognizer/com.mrsep.musicrecognizer.presentation.MainActivity" image="audile"/>

	<!-- Aurora Droid -->
	<AppIcon name="com.aurora.adroid/com.aurora.adroid.ui.generic.activity.SplashActivity" image="aurora_droid"/>

	<!-- Auxio -->
	<AppIcon name="org.oxycblt.auxio/org.oxycblt.auxio.MainActivity" image="auxio"/>

	<!-- BatteryBot Pro -->
	<AppIcon name="com.darshancomputing.BatteryIndicatorPro/com.darshancomputing.BatteryIndicatorPro.BatteryInfoActivity" image="batterybot_pro"/>

	<!-- Bible Notify -->
	<AppIcon name="com.correctsyntax.biblenotify/com.correctsyntax.biblenotify.MainActivity" image="bible_notify"/>

	<!-- blabber.im -->
	<AppIcon name="de.pixart.messenger/de.pixart.messenger.ui.StartUI" image="blabberim"/>

	<!-- BLE-Monitor -->
	<AppIcon name="com.huc.android_ble_monitor/com.huc.android_ble_monitor.activities.MainActivity" image="ble_monitor"/>

	<!-- BLExplorer -->
	<AppIcon name="org.ligi.blexplorer/org.ligi.blexplorer.ui.DeviceListActivity" image="blexplorer"/>

	<!-- Bluetooth terminal -->
	<AppIcon name="ru.sash0k.bluetooth_terminal/ru.sash0k.bluetooth_terminal.activity.DeviceControlActivity" image="bluetooth_terminal"/>

	<!-- Box Stacker -->
	<AppIcon name="net.artificialworlds.boxstacker/net.artificialworlds.boxstacker.MainActivity" image="box_stacker"/>

	<!-- Cards With Cats -->
	<AppIcon name="com.dozingcatsoftware.cardswithcats/com.dozingcatsoftware.cardswithcats.MainActivity" image="cards_with_cats"/>

	<!-- Catima -->
	<AppIcon name="me.hackerchick.catima/protect.card_locker.MainActivity" image="catima"/>

	<!-- Circles -->
	<AppIcon name="org.futo.circles/org.futo.circles.MainActivity" image="circles"/>

	<!-- ControlDLNA -->
	<AppIcon name="com.github.nutomic.controldlna/com.github.nutomic.controldlna.gui.MainActivity" image="controldlna"/>

	<!-- Cool Reader -->
	<AppIcon name="org.coolreader/org.coolreader.CoolReader" image="cool_reader"/>

	<!-- Dicio -->
	<AppIcon name="org.stypox.dicio/org.stypox.dicio.MainActivity" image="dicio"/>

	<!-- DroidFish -->
	<AppIcon name="org.petero.droidfish/org.petero.droidfish.DroidFish" image="droidfish"/>

	<!-- Easer (beta) -->
	<AppIcon name="ryey.easer.beta/ryey.easer.core.ui.MainActivity" image="easer_beta_"/>

	<!-- Element X -->
	<AppIcon name="io.element.android.x/io.element.android.x.MainActivity" image="element_x"/>

	<!-- Equate -->
	<AppIcon name="com.llamacorp.equate/com.llamacorp.equate.view.CalcActivity" image="equate"/>

	<!-- Every Door -->
	<AppIcon name="info.zverev.ilya.every_door/info.zverev.ilya.every_door.MainActivity" image="every_door"/>

	<!-- FairEmail -->
	<AppIcon name="eu.faircode.email/eu.faircode.email.ActivityMain" image="fairemail"/>

	<!-- FastLyrics -->
	<AppIcon name="io.github.teccheck.fastlyrics/io.github.teccheck.fastlyrics.MainActivity" image="fastlyrics"/>

	<!-- FBReader -->
	<AppIcon name="org.geometerplus.zlibrary.ui.android/org.geometerplus.android.fbreader.FBReader" image="fbreader"/>

	<!-- Fedilab -->
	<AppIcon name="fr.gouv.etalab.mastodon/app.fedilab.android.activities.MainActivity.Bubbles" image="fedilab"/>

	<!-- Flowit! -->
	<AppIcon name="com.bytehamster.flowitgame/com.bytehamster.flowitgame.Main" image="flowit_"/>

	<!-- FluffyChat -->
	<AppIcon name="chat.fluffy.fluffychat/chat.fluffy.fluffychat.MainActivity" image="fluffychat"/>

	<!-- Flym -->
	<AppIcon name="net.frju.flym/net.frju.flym.ui.main.MainActivity" image="flym"/>

	<!-- ForkHub -->
	<AppIcon name="jp.forkhub/com.github.mobile.ui.user.HomeActivity" image="forkhub"/>

	<!-- ForPDA -->
	<AppIcon name="org.softeg.slartus.forpdaplus/org.softeg.slartus.forpdaplus.MainActivity" image="forpda"/>

	<!-- Freebloks -->
	<AppIcon name="de.saschahlusiak.freebloks/de.saschahlusiak.freebloks.game.FreebloksActivity" image="freebloks"/>

	<!-- Funkwhale -->
	<AppIcon name="audio.funkwhale.ffa/audio.funkwhale.ffa.activities.SplashActivity" image="funkwhale"/>

	<!-- Gobandroid -->
	<AppIcon name="org.ligi.gobandroid_hd/org.ligi.gobandroid_hd.ui.game_setup.GoSetupActivity" image="gobandroid"/>

	<!-- gptAssist -->
	<AppIcon name="org.woheller69.gptassist/org.woheller69.gptassist.MainActivity" image="gptassist"/>

	<!-- ImgurViewer -->
	<AppIcon name="com.ensoft.imgurviewer/com.ensoft.imgurviewer.view.activity.ImageViewer" image="imgurviewer"/>

	<!-- IPFS Lite -->
	<AppIcon name="threads.server/threads.server.MainActivity" image="ipfs_lite"/>

	<!-- Key Mapper -->
	<AppIcon name="io.github.sds100.keymapper/io.github.sds100.keymapper.SplashActivity" image="key_mapper"/>

	<!-- KOReader -->
	<AppIcon name="org.koreader.launcher.fdroid/org.koreader.launcher.MainActivity" image="koreader"/>

	<!-- LabCoat -->
	<AppIcon name="com.commit451.gitlab/com.commit451.gitlab.activity.LaunchActivity" image="labcoat"/>

	<!-- Lexica -->
	<AppIcon name="com.serwylo.lexica/com.serwylo.lexica.MainMenuActivity" image="lexica"/>

	<!-- LibreOffice Viewer -->
	<AppIcon name="org.documentfoundation.libreoffice/org.libreoffice.ui.LibreOfficeUIActivity" image="libreoffice_viewer"/>

	<!-- LibreTube -->
	<AppIcon name="com.github.libretube/com.github.libretube.Default" image="libretube"/>

	<!-- Markor -->
	<AppIcon name="net.gsantner.markor/net.gsantner.markor.activity.MainActivity" image="markor"/>

	<!-- Mines3D -->
	<AppIcon name="cos.premy.mines/cos.premy.mines.MainActivity" image="mines3d"/>

	<!-- Missed Notifications Reminder -->
	<AppIcon name="com.app.missednotificationsreminder/com.app.missednotificationsreminder.settings.MainActivity" image="missed_notifications_reminder"/>

	<!-- mucke -->
	<AppIcon name="rocks.mucke/com.ryanheise.audioservice.AudioServiceActivity" image="mucke"/>

	<!-- MuPDF -->
	<AppIcon name="com.artifex.mupdfdemo/com.artifex.mupdfdemo.ChoosePDFActivity" image="mupdf"/>

	<!-- My App List -->
	<AppIcon name="com.projectsexception.myapplist.open/com.projectsexception.myapplist.MainActivity" image="my_app_list"/>

	<!-- Neo Backup -->
	<AppIcon name="com.machiav3lli.backup/com.machiav3lli.backup.activities.SplashActivity" image="neo_backup"/>

	<!-- Nextcloud -->
	<AppIcon name="com.nextcloud.android.beta/com.owncloud.android.ui.activity.FileDisplayActivity" image="nextcloud"/>

	<!-- OctoDroid -->
	<AppIcon name="com.gh4a/com.gh4a.activities.Github4AndroidActivity" image="octodroid"/>

	<!-- Odyssey -->
	<AppIcon name="org.gateshipone.odyssey/org.gateshipone.odyssey.activities.OdysseyMainActivity" image="odyssey"/>

	<!-- OpenBoard -->
	<AppIcon name="org.dslul.openboard.inputmethod.latin/org.dslul.openboard.inputmethod.latin.setup.SetupActivity" image="openboard"/>

	<!-- Phonograph Plus -->
	<AppIcon name="player.phonograph.plus/player.phonograph.ui.activities.LauncherActivity" image="phonograph_plus"/>

	<!-- PlainUPnP -->
	<AppIcon name="com.m3sv.plainupnp/com.m3sv.plainupnp.presentation.splash.SplashActivity" image="plainupnp"/>

	<!-- Puzzles -->
	<AppIcon name="name.boyle.chris.sgtpuzzles/name.boyle.chris.sgtpuzzles.SGTPuzzles" image="puzzles"/>

	<!-- Quillpad -->
	<AppIcon name="io.github.quillpad/org.qosp.notes.ui.MainActivity" image="quillpad"/>

	<!-- RHVoice -->
	<AppIcon name="com.github.olga_yakovleva.rhvoice.android/com.github.olga_yakovleva.rhvoice.android.MainActivity" image="rhvoice"/>

	<!-- SCEE -->
	<AppIcon name="de.westnordost.streetcomplete.expert/de.westnordost.streetcomplete.screens.MainActivity" image="scee"/>

	<!-- SkyTube -->
	<AppIcon name="free.rm.skytube.oss/free.rm.skytube.gui.activities.MainActivity" image="skytube"/>

	<!-- SMS Backup+ -->
	<AppIcon name="com.zegoggles.smssync/com.zegoggles.smssync.activity.MainActivity" image="sms_backup_"/>

	<!-- Spotube -->
	<AppIcon name="oss.krtirtho.spotube/com.ryanheise.audioservice.AudioServiceActivity" image="spotube"/>

	<!-- Symphony -->
	<AppIcon name="io.github.zyrouge.symphony/io.github.zyrouge.symphony.MainActivity" image="symphony"/>

	<!-- TIC-80 -->
	<AppIcon name="com.nesbox.tic/com.nesbox.tic.TIC" image="tic_80"/>

	<!-- Todo Agenda -->
	<AppIcon name="org.andstatus.todoagenda/org.andstatus.todoagenda.MainActivity" image="todo_agenda"/>

	<!-- Ultrasonic -->
	<AppIcon name="org.moire.ultrasonic/org.moire.ultrasonic.activity.NavigationActivity" image="ultrasonic"/>

	<!-- Vanilla Music -->
	<AppIcon name="ch.blinkenlights.android.vanilla/ch.blinkenlights.android.vanilla.LibraryActivity" image="vanilla_music"/>

	<!-- Vinyl -->
	<AppIcon name="com.poupa.vinylmusicplayer/com.poupa.vinylmusicplayer.ui.activities.MainActivity" image="vinyl"/>

	<!-- Wi-Fi напоминания -->
	<AppIcon name="ru.glesik.wifireminders/ru.glesik.wifireminders.RemindersListActivity" image="wi_fi_напоминания"/>

	<!-- YAACC -->
	<AppIcon name="de.yaacc/de.yaacc.browser.TabBrowserActivity" image="yaacc"/>

</Theme>