<resources>

	<!-- Administrador de archivos -->
	<item component="ComponentInfo{com.aperlo.file.manager.myfile/com.aperlo.file.manager.myfile.App.activity.SplashActivity}" drawable="administrador_de_archivos" />

	<!-- Ajustes -->
	<item component="ComponentInfo{com.android.settings/com.android.settings.HWSettings}" drawable="ajustes" />

	<!-- Alquimia -->
	<item component="ComponentInfo{com.ilyin.alchemy/com.ilyin.app_google_core.MainComposeActivity}" drawable="alquimia" />

	<!-- AppGallery -->
	<item component="ComponentInfo{com.huawei.appmarket/com.huawei.appmarket.MainActivity}" drawable="appgallery" />

	<!-- Archivos -->
	<item component="ComponentInfo{com.huawei.filemanager/com.huawei.hidisk.filemanager.FileManager}" drawable="archivos" />

	<!-- Asistente de apps -->
	<item component="ComponentInfo{com.huawei.gameassistant/com.huawei.gameassistant.views.GameassistantMainActivity}" drawable="asistente_de_apps" />

	<!-- Avatar World -->
	<item component="ComponentInfo{com.pazugames.avatarworld/com.unity3d.player.UnityPlayerActivity}" drawable="avatar_world" />

	<!-- Bloc de notas -->
	<item component="ComponentInfo{com.example.android.notepad/com.example.android.notepad.NotePadActivity}" drawable="bloc_de notas" />

	<!-- Butterfly Nightly -->
	<item component="ComponentInfo{dev.linwood.butterfly.nightly/dev.linwood.butterfly.MainActivity}" drawable="butterfly_nightly" />

	<!-- Calculadora -->
	<item component="ComponentInfo{com.huawei.calculator/com.huawei.calculator.Calculator}" drawable="calculadora" />

	<!-- Cámara -->
	<item component="ComponentInfo{com.huawei.camera/com.huawei.camera}" drawable="camara" />

	<!-- Correo -->
	<item component="ComponentInfo{com.android.email/com.android.email.activity.Welcome}" drawable="correo" />

	<!-- Espejo -->
	<item component="ComponentInfo{com.huawei.mirror/com.huawei.mirror.Mirror}" drawable="espejo" />

	<!-- FireFiles -->
	<item component="ComponentInfo{com.gigabytedevelopersinc.app.explorer/com.gigabytedevelopersinc.app.explorer.DocumentsActivity}" drawable="firefiles" />

	<!-- Grabadora -->
	<item component="ComponentInfo{com.android.soundrecorder/com.android.soundrecorder.RecordListActivity}" drawable="grabadora" />

	<!-- HUAWEI Music -->
	<item component="ComponentInfo{com.android.mediacenter/com.android.mediacenter.PageActivity}" drawable="huawei_music" />

	<!-- HUAWEI Video -->
	<item component="ComponentInfo{com.huawei.himovie.overseas/com.huawei.himovie.ui.login.SplashScreenActivity}" drawable="huawei_video" />

	<!-- Member Center -->
	<item component="ComponentInfo{com.huawei.mycenter/com.huawei.mycenter.module.main.view.MainActivity}" drawable="member_center" />

	<!-- Mi Telcel -->
	<item component="ComponentInfo{com.speedymovil.wire/com.speedymovil.wire.activities.splash.SplashView}" drawable="mi_telcel" />

	<!-- Navegador -->
	<item component="ComponentInfo{com.huawei.browser/com.huawei.browser.Main2}" drawable="navegador" />

	<!-- Obtainium -->
	<item component="ComponentInfo{dev.imranr.obtainium.fdroid/dev.imranr.obtainium.MainActivity}" drawable="obtainium" />

	<!-- Phone Clone -->
	<item component="ComponentInfo{com.hicloud.android.clone/com.huawei.android.clone.activity.sender.ChooseReceiveSendActivity}" drawable="phone_clone" />

	<!-- Pixel Art -->
	<item component="ComponentInfo{com.europosit.pixelcoloring/com.europosit.PixelMainActivity}" drawable="pixel_art" />

	<!-- Proton Calendar -->
	<item component="ComponentInfo{me.proton.android.calendar/me.proton.android.calendar.presentation.main.MainActivity}" drawable="proton_calendar" />

	<!-- Proton Pass -->
	<item component="ComponentInfo{proton.android.pass/proton.android.pass.ui.MainActivity}" drawable="proton_pass" />

	<!-- Reloj -->
	<item component="ComponentInfo{com.android.deskclock/com.android.deskclock.AlarmsMainActivity}" drawable="reloj" />

	<!-- Satisfying -->
	<item component="ComponentInfo{com.GopherHole.Satisfying/com.unity3d.player.UnityPlayerActivity}" drawable="satisfying" />

	<!-- Telcel -->
	<item component="ComponentInfo{com.telcel.contenedor/com.speedymovil.contenedor.gui.activities.AppsContainerActivity}" drawable="telcel" />

	<!-- Temas -->
	<item component="ComponentInfo{com.huawei.android.thememanager/com.huawei.android.thememanager.mvp.view.activity.onlinebase.PageActivity}" drawable="temas" />

	<!-- The Translator -->
	<item component="ComponentInfo{com.sunilpaulmathew.translator/com.sunilpaulmathew.translator.MainActivity}" drawable="the_translator" />

	<!-- WaveUp -->
	<item component="ComponentInfo{com.jarsilio.android.waveup/com.jarsilio.android.waveup.MainActivity}" drawable="waveup" />

</resources>