<Theme version="1">

	<!-- Administrador de archivos -->
	<AppIcon name="com.aperlo.file.manager.myfile/com.aperlo.file.manager.myfile.App.activity.SplashActivity" image="administrador_de_archivos"/>

	<!-- Ajustes -->
	<AppIcon name="com.android.settings/com.android.settings.HWSettings" image="ajustes"/>

	<!-- Alquimia -->
	<AppIcon name="com.ilyin.alchemy/com.ilyin.app_google_core.MainComposeActivity" image="alquimia"/>

	<!-- AppGallery -->
	<AppIcon name="com.huawei.appmarket/com.huawei.appmarket.MainActivity" image="appgallery"/>

	<!-- Archivos -->
	<AppIcon name="com.huawei.filemanager/com.huawei.hidisk.filemanager.FileManager" image="archivos"/>

	<!-- Asistente de apps -->
	<AppIcon name="com.huawei.gameassistant/com.huawei.gameassistant.views.GameassistantMainActivity" image="asistente_de_apps"/>

	<!-- Avatar World -->
	<AppIcon name="com.pazugames.avatarworld/com.unity3d.player.UnityPlayerActivity" image="avatar_world"/>

	<!-- Bloc de notas -->
	<AppIcon name="com.example.android.notepad/com.example.android.notepad.NotePadActivity" image="bloc_de notas"/>

	<!-- Butterfly Nightly -->
	<AppIcon name="dev.linwood.butterfly.nightly/dev.linwood.butterfly.MainActivity" image="butterfly_nightly"/>

	<!-- Calculadora -->
	<AppIcon name="com.huawei.calculator/com.huawei.calculator.Calculator" image="calculadora"/>

	<!-- Cámara -->
	<AppIcon name="com.huawei.camera/com.huawei.camera" image="camara"/>

	<!-- Correo -->
	<AppIcon name="com.android.email/com.android.email.activity.Welcome" image="correo"/>

	<!-- Espejo -->
	<AppIcon name="com.huawei.mirror/com.huawei.mirror.Mirror" image="espejo"/>

	<!-- FireFiles -->
	<AppIcon name="com.gigabytedevelopersinc.app.explorer/com.gigabytedevelopersinc.app.explorer.DocumentsActivity" image="firefiles"/>

	<!-- Grabadora -->
	<AppIcon name="com.android.soundrecorder/com.android.soundrecorder.RecordListActivity" image="grabadora"/>

	<!-- HUAWEI Music -->
	<AppIcon name="com.android.mediacenter/com.android.mediacenter.PageActivity" image="huawei_music"/>

	<!-- HUAWEI Video -->
	<AppIcon name="com.huawei.himovie.overseas/com.huawei.himovie.ui.login.SplashScreenActivity" image="huawei_video"/>

	<!-- Member Center -->
	<AppIcon name="com.huawei.mycenter/com.huawei.mycenter.module.main.view.MainActivity" image="member_center"/>

	<!-- Mi Telcel -->
	<AppIcon name="com.speedymovil.wire/com.speedymovil.wire.activities.splash.SplashView" image="mi_telcel"/>

	<!-- Navegador -->
	<AppIcon name="com.huawei.browser/com.huawei.browser.Main2" image="navegador"/>

	<!-- Obtainium -->
	<AppIcon name="dev.imranr.obtainium.fdroid/dev.imranr.obtainium.MainActivity" image="obtainium"/>

	<!-- Phone Clone -->
	<AppIcon name="com.hicloud.android.clone/com.huawei.android.clone.activity.sender.ChooseReceiveSendActivity" image="phone_clone"/>

	<!-- Pixel Art -->
	<AppIcon name="com.europosit.pixelcoloring/com.europosit.PixelMainActivity" image="pixel_art"/>

	<!-- Proton Calendar -->
	<AppIcon name="me.proton.android.calendar/me.proton.android.calendar.presentation.main.MainActivity" image="proton_calendar"/>

	<!-- Proton Pass -->
	<AppIcon name="proton.android.pass/proton.android.pass.ui.MainActivity" image="proton_pass"/>

	<!-- Reloj -->
	<AppIcon name="com.android.deskclock/com.android.deskclock.AlarmsMainActivity" image="reloj"/>

	<!-- Satisfying -->
	<AppIcon name="com.GopherHole.Satisfying/com.unity3d.player.UnityPlayerActivity" image="satisfying"/>

	<!-- Telcel -->
	<AppIcon name="com.telcel.contenedor/com.speedymovil.contenedor.gui.activities.AppsContainerActivity" image="telcel"/>

	<!-- Temas -->
	<AppIcon name="com.huawei.android.thememanager/com.huawei.android.thememanager.mvp.view.activity.onlinebase.PageActivity" image="temas"/>

	<!-- The Translator -->
	<AppIcon name="com.sunilpaulmathew.translator/com.sunilpaulmathew.translator.MainActivity" image="the_translator"/>

	<!-- WaveUp -->
	<AppIcon name="com.jarsilio.android.waveup/com.jarsilio.android.waveup.MainActivity" image="waveup"/>

</Theme>