<resources>

	<!-- BCA mobile -->
	<item component="ComponentInfo{com.bca/com.bca.mobile.MainActivity}" drawable="bca_mobile" />

	<!-- BNI Mobile Banking -->
	<item component="ComponentInfo{src.com.bni/src.com.bni.Splash}" drawable="bni_mobile_banking" />

	<!-- BRImo -->
	<item component="ComponentInfo{id.co.bri.brimo/id.co.bri.brimo.ui.activities.SplashScreenActivity}" drawable="brimo" />

	<!-- DG by Bankaltimtara -->
	<item component="ComponentInfo{com.lst.Kaltimtara/com.lst.Kaltimtara.MainActivity}" drawable="dg_by_bankaltimtara" />

	<!-- File Navigator -->
	<item component="ComponentInfo{com.w2sv.filenavigator/com.w2sv.filenavigator.MainActivity}" drawable="file_navigator" />

	<!-- GoPay -->
	<item component="ComponentInfo{com.gojek.gopay/com.gojek.gopay.MainActivity}" drawable="gopay" />

	<!-- Jam -->
	<item component="ComponentInfo{com.transsion.deskclock/com.transsion.deskclock.DeskClock}" drawable="jam" />

	<!-- Lock Screen -->
	<item component="ComponentInfo{net.blumia.pineapple.lockscreen.oss/net.blumia.pineapple.lockscreen.MainActivity}" drawable="lock_screen" />

	<!-- Lucid Launcher -->
	<item component="ComponentInfo{com.powerpoint45.launcher/com.powerpoint45.launcherpro.MainActivity}" drawable="lucid_launcher" />

	<!-- MuPDF viewer -->
	<item component="ComponentInfo{com.artifex.mupdf.viewer.app/com.artifex.mupdf.viewer.app.LibraryActivity}" drawable="mupdf_viewer" />

	<!-- OVO -->
	<item component="ComponentInfo{ovo.id/ovo.id.common.activity.StartingActivity}" drawable="ovo" />

	<!-- Peluncur XOS -->
	<item component="ComponentInfo{com.transsion.XOSLauncher/com.android.launcher3.DynamicVirtualEntryActivity}" drawable="peluncur_xos" />

	<!-- Plus -->
	<item component="ComponentInfo{org.telegram.plus/org.telegram.messenger.AquaIcon}" drawable="plus" />

	<!-- XArena -->
	<item component="ComponentInfo{com.transsion.smartpanel/com.transsion.gamespace.activity.GameSpaceActivity}" drawable="xarena" />

	<!-- YMusic -->
	<item component="ComponentInfo{com.kapp.youtube.final/com.kapp.youtube.ui.MainActivity}" drawable="ymusic" />

</resources>