<Theme version="1">

	<!-- BCA mobile -->
	<AppIcon name="com.bca/com.bca.mobile.MainActivity" image="bca_mobile"/>

	<!-- BNI Mobile Banking -->
	<AppIcon name="src.com.bni/src.com.bni.Splash" image="bni_mobile_banking"/>

	<!-- BRImo -->
	<AppIcon name="id.co.bri.brimo/id.co.bri.brimo.ui.activities.SplashScreenActivity" image="brimo"/>

	<!-- DG by Bankaltimtara -->
	<AppIcon name="com.lst.Kaltimtara/com.lst.Kaltimtara.MainActivity" image="dg_by_bankaltimtara"/>

	<!-- File Navigator -->
	<AppIcon name="com.w2sv.filenavigator/com.w2sv.filenavigator.MainActivity" image="file_navigator"/>

	<!-- GoPay -->
	<AppIcon name="com.gojek.gopay/com.gojek.gopay.MainActivity" image="gopay"/>

	<!-- Jam -->
	<AppIcon name="com.transsion.deskclock/com.transsion.deskclock.DeskClock" image="jam"/>

	<!-- Lock Screen -->
	<AppIcon name="net.blumia.pineapple.lockscreen.oss/net.blumia.pineapple.lockscreen.MainActivity" image="lock_screen"/>

	<!-- Lucid Launcher -->
	<AppIcon name="com.powerpoint45.launcher/com.powerpoint45.launcherpro.MainActivity" image="lucid_launcher"/>

	<!-- MuPDF viewer -->
	<AppIcon name="com.artifex.mupdf.viewer.app/com.artifex.mupdf.viewer.app.LibraryActivity" image="mupdf_viewer"/>

	<!-- OVO -->
	<AppIcon name="ovo.id/ovo.id.common.activity.StartingActivity" image="ovo"/>

	<!-- Peluncur XOS -->
	<AppIcon name="com.transsion.XOSLauncher/com.android.launcher3.DynamicVirtualEntryActivity" image="peluncur_xos"/>

	<!-- Plus -->
	<AppIcon name="org.telegram.plus/org.telegram.messenger.AquaIcon" image="plus"/>

	<!-- XArena -->
	<AppIcon name="com.transsion.smartpanel/com.transsion.gamespace.activity.GameSpaceActivity" image="xarena"/>

	<!-- YMusic -->
	<AppIcon name="com.kapp.youtube.final/com.kapp.youtube.ui.MainActivity" image="ymusic"/>

</Theme>