<resources>

	<!-- 9GAG -->
	<item component="ComponentInfo{com.ninegag.android.app/com.ninegag.android.app.ui.home.HomeActivity}" drawable="_9gag" />

	<!-- BBA Notes -->
	<item component="ComponentInfo{com.studentsapps.bba/com.unity3d.player.UnityPlayerActivity}" drawable="bba_notes" />

	<!-- BBA NOTES -->
	<item component="ComponentInfo{com.techofgrowth.bbanotes/com.techofgrowth.bbanotes.Splash_activity}" drawable="bba_notes" />

	<!-- Candy Crush Soda -->
	<item component="ComponentInfo{com.king.candycrushsodasaga/com.google.android.gms.security.ProviderInstall}" drawable="candy_crush_soda" />

	<!-- Castle -->
	<item component="ComponentInfo{com.external.castle/com.gxgx.daqiandy.ui.splash.SplashActivity}" drawable="castle" />

	<!-- Clone App -->
	<item component="ComponentInfo{com.pengyou.cloneapp/com.pengyou.cloneapp.SplashActivity}" drawable="clone_app" />

	<!-- eSewa -->
	<item component="ComponentInfo{com.f1soft.esewa/com.f1soft.esewa.activity.splash.ui.SplashScreenActivity}" drawable="esewa" />

	<!-- Hamro bazar -->
	<item component="ComponentInfo{com.hamrobazar.android/com.kantipur.hb.ui.features.auth.AuthActivity}" drawable="hamro_bazar" />

	<!-- Inspect and Edit HTML Live -->
	<item component="ComponentInfo{web.dassem.livewebsiteeditorfree/web.dassem.livewebsiteeditorfree.MainActivity}" drawable="inspect_and_edit_html_live" />

	<!-- Instagram -->
	<item component="ComponentInfo{com.aeroinsta.android/com.instagram.android.activity.MainTabActivity}" drawable="instagram" />

	<!-- LokSewa Likhit Tayari -->
	<item component="ComponentInfo{loksewa.likhittayarinepal/loksewa.likhittayarinepal.Splashctivity}" drawable="loksewa_likhit_tayari" />

	<!-- Monkey -->
	<item component="ComponentInfo{cool.monkey.android/cool.monkey.android.activity.WelcomeActivity}" drawable="monkey" />

	<!-- MOVIES HUB -->
	<item component="ComponentInfo{com.movieshubinpire.android/com.movieshubinpire.android.Splash}" drawable="movies_hub" />

	<!-- MT Manager -->
	<item component="ComponentInfo{bin.mt.plus/bin.mt.plus.MainDarkIcon}" drawable="mt_manager" />

	<!-- Musify -->
	<item component="ComponentInfo{com.gokadzev.musify.fdroid/com.ryanheise.audioservice.AudioServiceActivity}" drawable="musify" />

	<!-- NIC ASIA MoBank -->
	<item component="ComponentInfo{com.f1soft.nicasiamobilebanking/com.f1soft.bankxp.android.login.splash.DynamicSplashActivity}" drawable="nic_asia_mobank" />

	<!-- OmeTV -->
	<item component="ComponentInfo{omegle.tv/omegle.tv.SplashActivity}" drawable="ometv" />

	<!-- QR & Barcode Scanner -->
	<item component="ComponentInfo{com.vtool.qrcodereader.barcodescanner/com.tago.qrCode.features.splash.SplashActivity}" drawable="qr_and_barcode_scanner" />

	<!-- Schoolworkspro -->
	<item component="ComponentInfo{np.edu.digitech.schoolworkspro/com.example.schoolworkspro_app.MainActivity}" drawable="schoolworkspro" />

	<!-- Screen Translate -->
	<item component="ComponentInfo{com.recognize_text.translate.screen/com.recognize_text.translate.screen.domain.main.SplashActivity}" drawable="screen_translate" />

	<!-- SnapEdit -->
	<item component="ComponentInfo{snapedit.app.remove/snapedit.app.remove.screen.splash.SplashScreenActivity}" drawable="snapedit" />

	<!-- Tubi -->
	<item component="ComponentInfo{com.tubitv/com.tubitv.activities.MainActivity}" drawable="tubi" />

</resources>