<Theme version="1">

	<!-- 9GAG -->
	<AppIcon name="com.ninegag.android.app/com.ninegag.android.app.ui.home.HomeActivity" image="_9gag"/>

	<!-- BBA Notes -->
	<AppIcon name="com.studentsapps.bba/com.unity3d.player.UnityPlayerActivity" image="bba_notes"/>

	<!-- BBA NOTES -->
	<AppIcon name="com.techofgrowth.bbanotes/com.techofgrowth.bbanotes.Splash_activity" image="bba_notes"/>

	<!-- Candy Crush Soda -->
	<AppIcon name="com.king.candycrushsodasaga/com.google.android.gms.security.ProviderInstall" image="candy_crush_soda"/>

	<!-- Castle -->
	<AppIcon name="com.external.castle/com.gxgx.daqiandy.ui.splash.SplashActivity" image="castle"/>

	<!-- Clone App -->
	<AppIcon name="com.pengyou.cloneapp/com.pengyou.cloneapp.SplashActivity" image="clone_app"/>

	<!-- eSewa -->
	<AppIcon name="com.f1soft.esewa/com.f1soft.esewa.activity.splash.ui.SplashScreenActivity" image="esewa"/>

	<!-- Hamro bazar -->
	<AppIcon name="com.hamrobazar.android/com.kantipur.hb.ui.features.auth.AuthActivity" image="hamro_bazar"/>

	<!-- Inspect and Edit HTML Live -->
	<AppIcon name="web.dassem.livewebsiteeditorfree/web.dassem.livewebsiteeditorfree.MainActivity" image="inspect_and_edit_html_live"/>

	<!-- Instagram -->
	<AppIcon name="com.aeroinsta.android/com.instagram.android.activity.MainTabActivity" image="instagram"/>

	<!-- LokSewa Likhit Tayari -->
	<AppIcon name="loksewa.likhittayarinepal/loksewa.likhittayarinepal.Splashctivity" image="loksewa_likhit_tayari"/>

	<!-- Monkey -->
	<AppIcon name="cool.monkey.android/cool.monkey.android.activity.WelcomeActivity" image="monkey"/>

	<!-- MOVIES HUB -->
	<AppIcon name="com.movieshubinpire.android/com.movieshubinpire.android.Splash" image="movies_hub"/>

	<!-- MT Manager -->
	<AppIcon name="bin.mt.plus/bin.mt.plus.MainDarkIcon" image="mt_manager"/>

	<!-- Musify -->
	<AppIcon name="com.gokadzev.musify.fdroid/com.ryanheise.audioservice.AudioServiceActivity" image="musify"/>

	<!-- NIC ASIA MoBank -->
	<AppIcon name="com.f1soft.nicasiamobilebanking/com.f1soft.bankxp.android.login.splash.DynamicSplashActivity" image="nic_asia_mobank"/>

	<!-- OmeTV -->
	<AppIcon name="omegle.tv/omegle.tv.SplashActivity" image="ometv"/>

	<!-- QR & Barcode Scanner -->
	<AppIcon name="com.vtool.qrcodereader.barcodescanner/com.tago.qrCode.features.splash.SplashActivity" image="qr_and_barcode_scanner"/>

	<!-- Schoolworkspro -->
	<AppIcon name="np.edu.digitech.schoolworkspro/com.example.schoolworkspro_app.MainActivity" image="schoolworkspro"/>

	<!-- Screen Translate -->
	<AppIcon name="com.recognize_text.translate.screen/com.recognize_text.translate.screen.domain.main.SplashActivity" image="screen_translate"/>

	<!-- SnapEdit -->
	<AppIcon name="snapedit.app.remove/snapedit.app.remove.screen.splash.SplashScreenActivity" image="snapedit"/>

	<!-- Tubi -->
	<AppIcon name="com.tubitv/com.tubitv.activities.MainActivity" image="tubi"/>

</Theme>