<resources>

	<!-- Adobe Fill & Sign -->
	<item component="ComponentInfo{com.adobe.fas/com.adobe.fas.Home.FillAndSign}" drawable="adobe_fill_and_sign" />

	<!-- Alibaba.com -->
	<item component="ComponentInfo{com.alibaba.intl.android.apps.poseidon/com.alibaba.intl.android.apps.poseidon.app.activity.ActivityMainMaterial}" drawable="alibabacom" />

	<!-- Blockchain -->
	<item component="ComponentInfo{piuk.blockchain.android/piuk.blockchain.android.ui.launcher.LauncherActivity}" drawable="blockchain" />

	<!-- Booking.com -->
	<item component="ComponentInfo{com.booking/com.booking.startup.HomeActivity}" drawable="bookingcom" />

	<!-- Credit Karma -->
	<item component="ComponentInfo{com.creditkarma.mobile/com.creditkarma.mobile.welcome.ui.WelcomeActivity}" drawable="credit_karma" />

	<!-- Credit One -->
	<item component="ComponentInfo{com.creditonebank.mobile/com.creditonebank.mobile.phase3.onboarding.activity.SplashScreen}" drawable="credit_one" />

	<!-- DoorDash -->
	<item component="ComponentInfo{com.dd.doordash/com.doordash.consumer.ui.login.LauncherActivity}" drawable="doordash" />

	<!-- Dunkin' -->
	<item component="ComponentInfo{com.dunkinbrands.otgo/com.cardfree.android.dunkindonuts.activities.LauncherActivity}" drawable="dunkin" />

	<!-- Expedia -->
	<item component="ComponentInfo{com.expedia.bookings/com.expedia.bookings.activity.SearchActivity}" drawable="expedia" />

	<!-- FirstProgress -->
	<item component="ComponentInfo{com.firstprogress/com.firstprogress.ui.splash.SplashActivity}" drawable="firstprogress" />

	<!-- Gaming Hub -->
	<item component="ComponentInfo{com.samsung.android.game.gamehome/com.samsung.android.game.gamehome.app.MainActivity}" drawable="gaming_hub" />

	<!-- glinet -->
	<item component="ComponentInfo{xyz.goodcloud.glinet/xyz.goodcloud.glinet.MainActivity}" drawable="glinet" />

	<!-- Global Goals -->
	<item component="ComponentInfo{com.samsung.sree/com.samsung.sree.ui.MainActivity}" drawable="global_goals" />

	<!-- Govee Home -->
	<item component="ComponentInfo{com.govee.home/com.govee.home.HomeActivity}" drawable="govee_home" />

	<!-- Health -->
	<item component="ComponentInfo{com.sec.android.app.shealth/com.samsung.android.app.shealth.home.HomeMainActivity}" drawable="health" />

	<!-- Hotels.com -->
	<item component="ComponentInfo{com.hcom.android/com.expedia.bookings.activity.SearchActivity}" drawable="hotelscom" />

	<!-- IHOP -->
	<item component="ComponentInfo{com.olo.ihop/com.wearehathway.apps.NomNomStock.Views.Splash.SplashActivity}" drawable="ihop" />

	<!-- Instacart -->
	<item component="ComponentInfo{com.instacart.client/com.instacart.client.browse.ICBrowseActivity}" drawable="instacart" />

	<!-- Latch -->
	<item component="ComponentInfo{com.latch.android.latchapp/com.latch.android.latchapp.screen.splash.SplashActivity}" drawable="latch" />

	<!-- Lyft -->
	<item component="ComponentInfo{me.lyft.android/me.lyft.android.ui.MainActivity}" drawable="lyft" />

	<!-- McAfee Security -->
	<item component="ComponentInfo{com.wsandroid.suite.tmobile/com.android.mcafee.ui.framework.BaseActivity}" drawable="mcafee_security" />

	<!-- Mission Lane -->
	<item component="ComponentInfo{com.lcard_app/com.lcard_app.MainActivity}" drawable="mission_lane" />

	<!-- MoneyLion -->
	<item component="ComponentInfo{com.moneylion/com.moneylion.MainActivityDefault}" drawable="moneylion" />

	<!-- Nanoleaf -->
	<item component="ComponentInfo{me.nanoleaf.nanoleaf/me.nanoleaf.nanoleaf.activities.SplashActivity}" drawable="nanoleaf" />

	<!-- Nest -->
	<item component="ComponentInfo{com.nest.android/com.obsidian.v4.activity.LoginActivity}" drawable="nest" />

	<!-- NewsBreak -->
	<item component="ComponentInfo{com.particlenews.newsbreak/com.particlemedia.ui.guide.UserGuideActivity}" drawable="newsbreak" />

	<!-- OfferUp -->
	<item component="ComponentInfo{com.offerup/com.offerup.MainActivity}" drawable="offerup" />

	<!-- Pandora -->
	<item component="ComponentInfo{com.pandora.android/com.pandora.android.LauncherActivity}" drawable="pandora" />

	<!-- Poshmark -->
	<item component="ComponentInfo{com.poshmark.app/com.poshmark.ui.MainActivity}" drawable="poshmark" />

	<!-- Priceline -->
	<item component="ComponentInfo{com.priceline.android.negotiator/com.priceline.android.negotiator.Launcher}" drawable="priceline" />

	<!-- Public Storage -->
	<item component="ComponentInfo{com.publicstorage.officialapp/crc640c5ad777eafaadde.MainActivity}" drawable="public_storage" />

	<!-- realtor.com -->
	<item component="ComponentInfo{com.move.realtor/com.move.realtor.splash.SplashActivity}" drawable="realtorcom" />

	<!-- Robinhood -->
	<item component="ComponentInfo{com.robinhood.android/com.robinhood.android.activity.WelcomeActivity}" drawable="robinhood" />

	<!-- Samsung Health Monitor -->
	<item component="ComponentInfo{com.samsung.android.shealthmonitor/com.samsung.android.shealthmonitor.ui.activity.MainActivity}" drawable="samsung_health_monitor" />

	<!-- Scam Shield -->
	<item component="ComponentInfo{com.tmobile.services.nameid/com.tmobile.services.nameid.Startup.IdentifyingNumbersActivity}" drawable="scam_shield" />

	<!-- Shop Samsung -->
	<item component="ComponentInfo{com.samsung.ecomm/com.samsung.ecomm.MainActivity}" drawable="shop_samsung" />

	<!-- SocialGood -->
	<item component="ComponentInfo{com.socialgood_foundation.sg_app_android/com.sg.android.MainActivity}" drawable="socialgood" />

	<!-- SoFi -->
	<item component="ComponentInfo{com.sofi.mobile/com.sofi.mobile.login.splashscreen.SplashScreenActivity}" drawable="sofi" />

	<!-- Solitaire -->
	<item component="ComponentInfo{com.dna.solitaireapp/com.unity3d.player.UnityPlayerActivity}" drawable="solitaire" />

	<!-- Solitaire -->
	<item component="ComponentInfo{net.supertreat.solitaire/com.playtika.unity.plugincomposition.CompositeActivity}" drawable="solitaire" />

	<!-- Sonder -->
	<item component="ComponentInfo{com.sonder.mahalo/com.sonder.mahalo.MainActivity}" drawable="sonder" />

	<!-- T-Mobile -->
	<item component="ComponentInfo{com.tmobile.pr.mytmobile/com.tmobile.pr.mytmobile.MyTMobileActivity}" drawable="t_mobile" />

	<!-- T-Mobile Play -->
	<item component="ComponentInfo{com.tmobile.m1/com.sliide.content.MainActivity}" drawable="t_mobile_play" />

	<!-- Target -->
	<item component="ComponentInfo{com.target.ui/com.target.ui.activity.NavigationActivity}" drawable="target" />

	<!-- Telegram -->
	<item component="ComponentInfo{org.telegram.messenger/org.telegram.messenger.NoxIcon}" drawable="telegram" />

	<!-- TV -->
	<item component="ComponentInfo{com.samsung.android.tvplus/com.samsung.android.tvplus.MainActivity}" drawable="tv" />

	<!-- Varo Bank -->
	<item component="ComponentInfo{com.varomoney.bank/com.varomoney.bank.presentation.main.activity.MainActivity}" drawable="varo_bank" />

	<!-- Venmo -->
	<item component="ComponentInfo{com.venmo/com.venmo.AppExperienceLauncherActivity}" drawable="venmo" />

	<!-- Visual Voicemail -->
	<item component="ComponentInfo{com.tmobile.vvm.application/com.tmobile.vvm.application.activity.setup.WelcomeActivity}" drawable="t_visual_voicemail" />

	<!-- Vrbo -->
	<item component="ComponentInfo{com.vrbo.android/com.expedia.bookings.activity.SearchActivity}" drawable="vrbo" />

	<!-- Wallet -->
	<item component="ComponentInfo{org.toshi/org.toshi.MainActivity}" drawable="wallet" />

	<!-- Walmart -->
	<item component="ComponentInfo{com.walmart.android/com.walmart.glass.integration.splash.SplashActivity}" drawable="walmart" />

	<!-- Wells Fargo -->
	<item component="ComponentInfo{com.wf.wellsfargomobile/com.wf.wellsfargomobile.LauncherActivity}" drawable="wells_fargo" />

	<!-- Woodoku -->
	<item component="ComponentInfo{com.tripledot.woodoku/com.unity3d.player.UnityPlayerActivity}" drawable="woodoku" />

	<!-- Wyze -->
	<item component="ComponentInfo{com.hualai/com.hualai.home.StartActivity}" drawable="wyze" />

	<!-- Zettle -->
	<item component="ComponentInfo{com.izettle.android/com.izettle.android.ActivitySplash}" drawable="zettle" />

	<!-- Zillow -->
	<item component="ComponentInfo{com.zillow.android.zillowmap/com.zillow.android.re.ui.SplashScreenActivity}" drawable="zillow" />

</resources>