<resources>

	<!-- Adobe Fill & Sign -->
	<item component="ComponentInfo{com.adobe.fas/com.adobe.fas.Home.FillAndSign}" drawable="adobe_fill_and_sign" />

	<!-- Alan -->
	<item component="ComponentInfo{com.alanmobile/com.alanmobile.MainActivity}" drawable="alan" />

	<!-- Cohéra - Cohérence cardiaque -->
	<item component="ComponentInfo{com.martinforget.cardiaccoherencelite/com.martinforget.cardiaccoherencelite.MainActivity}" drawable="cohera_coherence_cardiaque" />

	<!-- Freebox -->
	<item component="ComponentInfo{fr.freebox.android.compagnon/fr.freebox.android.compagnon.MainFreeboxActivityLauncher}" drawable="freebox" />

	<!-- Freebox -->
	<item component="ComponentInfo{fr.freebox.android.compagnon/fr.freebox.android.compagnon.MainTVActivityLauncher}" drawable="freebox" />

	<!-- Freebox -->
	<item component="ComponentInfo{fr.freebox.android.compagnon/fr.freebox.android.compagnon.MainAutomationActivityLauncher}" drawable="freebox" />

	<!-- impots.gouv -->
	<item component="ComponentInfo{fr.gouv.finances.smartphone.android/fr.gouv.finances.smartphone.android.MainActivity}" drawable="impotsgouv" />

	<!-- Ma Banque -->
	<item component="ComponentInfo{fr.creditagricole.androidapp/fr.ca.cats.nmb.start.StartActivity}" drawable="ma_banque" />

	<!-- PPSSPP -->
	<item component="ComponentInfo{org.ppsspp.ppsspp/org.ppsspp.ppsspp.PpssppActivity}" drawable="ppsspp" />

	<!-- Whiteout Survival -->
	<item component="ComponentInfo{com.gof.global/com.gof.global.MyMainPlayerActivity}" drawable="whiteout_survival" />

</resources>