<Theme version="1">

	<!-- Adobe Fill & Sign -->
	<AppIcon name="com.adobe.fas/com.adobe.fas.Home.FillAndSign" image="adobe_fill_and_sign"/>

	<!-- Alan -->
	<AppIcon name="com.alanmobile/com.alanmobile.MainActivity" image="alan"/>

	<!-- Cohéra - Cohérence cardiaque -->
	<AppIcon name="com.martinforget.cardiaccoherencelite/com.martinforget.cardiaccoherencelite.MainActivity" image="cohera_coherence_cardiaque"/>

	<!-- Freebox -->
	<AppIcon name="fr.freebox.android.compagnon/fr.freebox.android.compagnon.MainFreeboxActivityLauncher" image="freebox"/>

	<!-- Freebox -->
	<AppIcon name="fr.freebox.android.compagnon/fr.freebox.android.compagnon.MainTVActivityLauncher" image="freebox"/>

	<!-- Freebox -->
	<AppIcon name="fr.freebox.android.compagnon/fr.freebox.android.compagnon.MainAutomationActivityLauncher" image="freebox"/>

	<!-- impots.gouv -->
	<AppIcon name="fr.gouv.finances.smartphone.android/fr.gouv.finances.smartphone.android.MainActivity" image="impotsgouv"/>

	<!-- Ma Banque -->
	<AppIcon name="fr.creditagricole.androidapp/fr.ca.cats.nmb.start.StartActivity" image="ma_banque"/>

	<!-- PPSSPP -->
	<AppIcon name="org.ppsspp.ppsspp/org.ppsspp.ppsspp.PpssppActivity" image="ppsspp"/>

	<!-- Whiteout Survival -->
	<AppIcon name="com.gof.global/com.gof.global.MyMainPlayerActivity" image="whiteout_survival"/>

</Theme>