<resources>

	<!-- Appareil photo -->
	<item component="ComponentInfo{com.nothing.camera/com.nothing.camera.activity.CameraActivity}" drawable="appareil_photo" />

	<!-- Arcticons -->
	<item component="ComponentInfo{com.donnnno.arcticons/com.donnnno.arcticons.activities.MainActivity}" drawable="arcticons" />

	<!-- Arcticons Black -->
	<item component="ComponentInfo{com.donnnno.arcticons.light/com.donnnno.arcticons.activities.MainActivity}" drawable="arcticons_black" />

	<!-- Arcticons Material You -->
	<item component="ComponentInfo{com.donnnno.arcticons.you/com.donnnno.arcticons.activities.MainActivity}" drawable="arcticons_material_you" />

	<!-- Authenticator 6 -->
	<item component="ComponentInfo{com.inwebo.near.prod/com.inwebo.near.prod.MainActivity}" drawable="authenticator_6" />

	<!-- Between -->
	<item component="ComponentInfo{kr.co.vcnc.android.couple/kr.co.vcnc.android.couple.feature.LaunchActivity}" drawable="between" />

	<!-- Bonjour RATP -->
	<item component="ComponentInfo{com.fabernovel.ratp/fr.ratp.app.android.startup.ui.EntryPointActivity}" drawable="bonjour_ratp" />

	<!-- BoursoBank -->
	<item component="ComponentInfo{com.boursorama.android.clients/android.app.src.main.kotlin.com.boursorama.android.clients.MainActivity}" drawable="boursobank" />

	<!-- Burger King -->
	<item component="ComponentInfo{air.com.unit9.bkFrApp/air.com.unit9.bkFrApp.MainActivity}" drawable="burger_king" />

	<!-- Caf -->
	<item component="ComponentInfo{fr.cnaf.mobile.moncompte/fr.cnaf.mobile.moncompte.MainActivity}" drawable="caf" />

	<!-- Carrefour -->
	<item component="ComponentInfo{com.carrefour.fid.android/com.carrefour.fid.android.presentation.ui.splash.SplashActivity}" drawable="carrefour" />

	<!-- Cinema HD V2 -->
	<item component="ComponentInfo{com.yoku.marumovie/com.movie.ui.activity.SplashActivity}" drawable="cinema_hd_v2" />

	<!-- Compte ameli -->
	<item component="ComponentInfo{fr.cnamts.it.activity/fr.cnamts.it.activity.LoginActivity}" drawable="compte_ameli" />

	<!-- Decide Now! -->
	<item component="ComponentInfo{com.catforce.decidenow.lite/com.catforce.decidenow.activities.WheelActivity}" drawable="decide_now_" />

	<!-- Deliveroo -->
	<item component="ComponentInfo{com.deliveroo.orderapp/com.deliveroo.orderapp.appicon.plus}" drawable="deliveroo" />

	<!-- Digiposte -->
	<item component="ComponentInfo{com.laposte.bnum.digiposteplus/com.laposte.bnum.digiposteplus.feature.splashscreen.SplashscreenActivity}" drawable="digiposte" />

	<!-- Enregistreur -->
	<item component="ComponentInfo{com.nothing.soundrecorder/com.nothing.soundrecorder.ui.NewMainActivity}" drawable="enregistreur" />

	<!-- France identité -->
	<item component="ComponentInfo{fr.gouv.franceidentite/fr.gouv.franceidentite.activities.MainActivity}" drawable="france_identite" />

	<!-- Freebox Connect -->
	<item component="ComponentInfo{fr.freebox.network/networkapp.presentation.main.ui.MainActivity}" drawable="freebox_connect" />

	<!-- Freebox Espace Abonné -->
	<item component="ComponentInfo{fr.free.moncomptefree/com.android.free.main.MainActivity}" drawable="freebox_espace_abonne" />

	<!-- Freebox Files -->
	<item component="ComponentInfo{fr.freebox.download/downloadapp.presentation.main.ui.MainActivity}" drawable="freebox_files" />

	<!-- FreeMobile -->
	<item component="ComponentInfo{com.amobilefuture.freemobilefree/com.amobilefuture.freemobilefree.MainActivity}" drawable="freemobile" />

	<!-- GMF Mobile -->
	<item component="ComponentInfo{com.gmf.android/covea.gmf.nams.mobile.android.nams.SplashActivity}" drawable="gmf_mobile" />

	<!-- Henner + -->
	<item component="ComponentInfo{fr.henner/com.ekino.henner.fr.activities.SplashActivity}" drawable="henner_" />

	<!-- IDF Mobilités -->
	<item component="ComponentInfo{com.applidium.vianavigo/com.applidium.vianavigo.views.MainVianavigo}" drawable="idf_mobilites" />

	<!-- impots.gouv -->
	<item component="ComponentInfo{fr.gouv.finances.smartphone.android/fr.gouv.finances.smartphone.android.MainActivity}" drawable="impotsgouv" />

	<!-- IPP -->
	<item component="ComponentInfo{com.appscho.appschov2.ipp/com.appscho.appscho.presentation.PublicActivity}" drawable="ipp" />

	<!-- Jinka -->
	<item component="ComponentInfo{com.babelfrance.loueragile/com.babelfrance.loueragile.MainActivity}" drawable="jinka" />

	<!-- Krispy Kreme -->
	<item component="ComponentInfo{com.como.prod990020231129/com.como.prod990020231129.MainActivity}" drawable="krispy_kreme" />

	<!-- L'Identité Numérique -->
	<item component="ComponentInfo{fr.laposte.idn/fr.laposte.idn.entrypoints.LauncherEntrypoint}" drawable="lidentite_numerique" />

	<!-- Leboncoin -->
	<item component="ComponentInfo{fr.leboncoin/fr.leboncoin.features.splashscreen.ui.activities.SplashScreenActivity}" drawable="leboncoin" />

	<!-- Livi -->
	<item component="ComponentInfo{health.livi.android/se.kry.android.kotlin.launch.LauncherActivity}" drawable="livi" />

	<!-- Malt -->
	<item component="ComponentInfo{com.malt.app/com.malt.app.ui.home.MainActivity}" drawable="malt" />

	<!-- McDo+ -->
	<item component="ComponentInfo{com.md.mcdonalds.gomcdo/fr.unifymcd.mcdplus.ui.MainActivity}" drawable="mcdo_" />

	<!-- Mes Tickets Navigo -->
	<item component="ComponentInfo{com.worldline.wallet/com.worldline.wallet.ui.activity.MainActivity}" drawable="mes_tickets_navigo" />

	<!-- Messagerie Free -->
	<item component="ComponentInfo{fr.freemobile.android.vvm/fr.freemobile.android.vvm.customui.launchscreens.FirstLaunchActivity}" drawable="messagerie_free" />

	<!-- Météo -->
	<item component="ComponentInfo{com.nothing.weather/com.nothing.weather.ui.main.MainActivity}" drawable="meteo" />

	<!-- Mon CPF -->
	<item component="ComponentInfo{fr.icdc.sl6.app/fr.icdc.sl6.app.MainActivity}" drawable="mon_cpf" />

	<!-- Mon Épargne -->
	<item component="ComponentInfo{com.amundi_ee.monEpargne/com.amundi_ee.monEpargne.MainActivity}" drawable="mon_epargne" />

	<!-- MONEWEB -->
	<item component="ComponentInfo{com.jeslabs.moneweb/com.jeslabs.moneweb.MainActivity}" drawable="moneweb" />

	<!-- Orange Bank -->
	<item component="ComponentInfo{com.orangebank.android/com.orangebank.authentication.ui.login.LoginActivity}" drawable="orange_bank" />

	<!-- PADI -->
	<item component="ComponentInfo{com.duns.padiapp/com.duns.padiapp.presentation.SplashActivity}" drawable="padi" />

	<!-- Parsec -->
	<item component="ComponentInfo{tv.parsec.client/tv.parsec.client.MainActivity}" drawable="parsec" />

	<!-- Photomath -->
	<item component="ComponentInfo{com.microblink.photomath/com.microblink.photomath.main.activity.LauncherActivity}" drawable="photomath" />

	<!-- Pinball Deluxe Reloaded -->
	<item component="ComponentInfo{com.greencod.pinballdeluxereloaded/com.madeofbits.unity.TouchActivity}" drawable="pinball_deluxe_reloaded" />

	<!-- Proton Calendar -->
	<item component="ComponentInfo{me.proton.android.calendar/me.proton.android.calendar.presentation.main.MainActivity}" drawable="proton_calendar" />

	<!-- Proton Mail -->
	<item component="ComponentInfo{ch.protonmail.android/ch.protonmail.android.MainActivity}" drawable="proton_mail" />

	<!-- Qare -->
	<item component="ComponentInfo{com.karmamobile/com.karmamobile.SplashActivity}" drawable="qare" />

	<!-- Saisie Google en pinyin -->
	<item component="ComponentInfo{com.google.android.inputmethod.pinyin/com.google.android.apps.inputmethod.libs.framework.core.LauncherActivity}" drawable="saisie_google_en_pinyin" />

	<!-- Saisie Google en zhuyin -->
	<item component="ComponentInfo{com.google.android.apps.inputmethod.zhuyin/com.google.android.apps.inputmethod.libs.framework.core.LauncherActivity}" drawable="saisie_google_en_zhuyin" />

	<!-- SeLoger -->
	<item component="ComponentInfo{com.seloger.android/com.seloger.android.features.splash.LaunchScreenActivity}" drawable="seloger" />

	<!-- SNCF Connect -->
	<item component="ComponentInfo{com.vsct.vsc.mobile.horaireetresa.android/com.evoyageurs.invictus.flutter.MainActivity}" drawable="sncf_connect" />

	<!-- Termius -->
	<item component="ComponentInfo{com.server.auditor.ssh.client/com.server.auditor.ssh.client.navigation.SplashScreenActivity}" drawable="termius" />

	<!-- Terraforming Mars -->
	<item component="ComponentInfo{com.asmodeedigital.terraformingmars/com.asmodeedigital.terraformingmars.TFM_UnityPlayerActivity}" drawable="terraforming_mars" />

	<!-- TheFork -->
	<item component="ComponentInfo{com.lafourchette.lafourchette/com.fork.android.app.launch.LaunchActivity}" drawable="thefork" />

	<!-- UGC -->
	<item component="ComponentInfo{air.ugc.fr.ugcdirect/com.ugc.MainActivity}" drawable="ugc" />

	<!-- Vaporwave Wallpapers -->
	<item component="ComponentInfo{maa.vaporwave_wallpaper/maa.vaporwave_wallpaper.Utils.SplashScreen}" drawable="vaporwave_wallpapers" />

	<!-- Zimbra -->
	<item component="ComponentInfo{com.zimbra.modernapp/com.zimbra.modernapp.MainActivity}" drawable="zimbra" />

</resources>