<Theme version="1">

	<!-- Appareil photo -->
	<AppIcon name="com.nothing.camera/com.nothing.camera.activity.CameraActivity" image="appareil_photo"/>

	<!-- Arcticons -->
	<AppIcon name="com.donnnno.arcticons/com.donnnno.arcticons.activities.MainActivity" image="arcticons"/>

	<!-- Arcticons Black -->
	<AppIcon name="com.donnnno.arcticons.light/com.donnnno.arcticons.activities.MainActivity" image="arcticons_black"/>

	<!-- Arcticons Material You -->
	<AppIcon name="com.donnnno.arcticons.you/com.donnnno.arcticons.activities.MainActivity" image="arcticons_material_you"/>

	<!-- Authenticator 6 -->
	<AppIcon name="com.inwebo.near.prod/com.inwebo.near.prod.MainActivity" image="authenticator_6"/>

	<!-- Between -->
	<AppIcon name="kr.co.vcnc.android.couple/kr.co.vcnc.android.couple.feature.LaunchActivity" image="between"/>

	<!-- Bonjour RATP -->
	<AppIcon name="com.fabernovel.ratp/fr.ratp.app.android.startup.ui.EntryPointActivity" image="bonjour_ratp"/>

	<!-- BoursoBank -->
	<AppIcon name="com.boursorama.android.clients/android.app.src.main.kotlin.com.boursorama.android.clients.MainActivity" image="boursobank"/>

	<!-- Burger King -->
	<AppIcon name="air.com.unit9.bkFrApp/air.com.unit9.bkFrApp.MainActivity" image="burger_king"/>

	<!-- Caf -->
	<AppIcon name="fr.cnaf.mobile.moncompte/fr.cnaf.mobile.moncompte.MainActivity" image="caf"/>

	<!-- Carrefour -->
	<AppIcon name="com.carrefour.fid.android/com.carrefour.fid.android.presentation.ui.splash.SplashActivity" image="carrefour"/>

	<!-- Cinema HD V2 -->
	<AppIcon name="com.yoku.marumovie/com.movie.ui.activity.SplashActivity" image="cinema_hd_v2"/>

	<!-- Compte ameli -->
	<AppIcon name="fr.cnamts.it.activity/fr.cnamts.it.activity.LoginActivity" image="compte_ameli"/>

	<!-- Decide Now! -->
	<AppIcon name="com.catforce.decidenow.lite/com.catforce.decidenow.activities.WheelActivity" image="decide_now_"/>

	<!-- Deliveroo -->
	<AppIcon name="com.deliveroo.orderapp/com.deliveroo.orderapp.appicon.plus" image="deliveroo"/>

	<!-- Digiposte -->
	<AppIcon name="com.laposte.bnum.digiposteplus/com.laposte.bnum.digiposteplus.feature.splashscreen.SplashscreenActivity" image="digiposte"/>

	<!-- Enregistreur -->
	<AppIcon name="com.nothing.soundrecorder/com.nothing.soundrecorder.ui.NewMainActivity" image="enregistreur"/>

	<!-- France identité -->
	<AppIcon name="fr.gouv.franceidentite/fr.gouv.franceidentite.activities.MainActivity" image="france_identite"/>

	<!-- Freebox Connect -->
	<AppIcon name="fr.freebox.network/networkapp.presentation.main.ui.MainActivity" image="freebox_connect"/>

	<!-- Freebox Espace Abonné -->
	<AppIcon name="fr.free.moncomptefree/com.android.free.main.MainActivity" image="freebox_espace_abonne"/>

	<!-- Freebox Files -->
	<AppIcon name="fr.freebox.download/downloadapp.presentation.main.ui.MainActivity" image="freebox_files"/>

	<!-- FreeMobile -->
	<AppIcon name="com.amobilefuture.freemobilefree/com.amobilefuture.freemobilefree.MainActivity" image="freemobile"/>

	<!-- GMF Mobile -->
	<AppIcon name="com.gmf.android/covea.gmf.nams.mobile.android.nams.SplashActivity" image="gmf_mobile"/>

	<!-- Henner + -->
	<AppIcon name="fr.henner/com.ekino.henner.fr.activities.SplashActivity" image="henner_"/>

	<!-- IDF Mobilités -->
	<AppIcon name="com.applidium.vianavigo/com.applidium.vianavigo.views.MainVianavigo" image="idf_mobilites"/>

	<!-- impots.gouv -->
	<AppIcon name="fr.gouv.finances.smartphone.android/fr.gouv.finances.smartphone.android.MainActivity" image="impotsgouv"/>

	<!-- IPP -->
	<AppIcon name="com.appscho.appschov2.ipp/com.appscho.appscho.presentation.PublicActivity" image="ipp"/>

	<!-- Jinka -->
	<AppIcon name="com.babelfrance.loueragile/com.babelfrance.loueragile.MainActivity" image="jinka"/>

	<!-- Krispy Kreme -->
	<AppIcon name="com.como.prod990020231129/com.como.prod990020231129.MainActivity" image="krispy_kreme"/>

	<!-- L'Identité Numérique -->
	<AppIcon name="fr.laposte.idn/fr.laposte.idn.entrypoints.LauncherEntrypoint" image="lidentite_numerique"/>

	<!-- Leboncoin -->
	<AppIcon name="fr.leboncoin/fr.leboncoin.features.splashscreen.ui.activities.SplashScreenActivity" image="leboncoin"/>

	<!-- Livi -->
	<AppIcon name="health.livi.android/se.kry.android.kotlin.launch.LauncherActivity" image="livi"/>

	<!-- Malt -->
	<AppIcon name="com.malt.app/com.malt.app.ui.home.MainActivity" image="malt"/>

	<!-- McDo+ -->
	<AppIcon name="com.md.mcdonalds.gomcdo/fr.unifymcd.mcdplus.ui.MainActivity" image="mcdo_"/>

	<!-- Mes Tickets Navigo -->
	<AppIcon name="com.worldline.wallet/com.worldline.wallet.ui.activity.MainActivity" image="mes_tickets_navigo"/>

	<!-- Messagerie Free -->
	<AppIcon name="fr.freemobile.android.vvm/fr.freemobile.android.vvm.customui.launchscreens.FirstLaunchActivity" image="messagerie_free"/>

	<!-- Météo -->
	<AppIcon name="com.nothing.weather/com.nothing.weather.ui.main.MainActivity" image="meteo"/>

	<!-- Mon CPF -->
	<AppIcon name="fr.icdc.sl6.app/fr.icdc.sl6.app.MainActivity" image="mon_cpf"/>

	<!-- Mon Épargne -->
	<AppIcon name="com.amundi_ee.monEpargne/com.amundi_ee.monEpargne.MainActivity" image="mon_epargne"/>

	<!-- MONEWEB -->
	<AppIcon name="com.jeslabs.moneweb/com.jeslabs.moneweb.MainActivity" image="moneweb"/>

	<!-- Orange Bank -->
	<AppIcon name="com.orangebank.android/com.orangebank.authentication.ui.login.LoginActivity" image="orange_bank"/>

	<!-- PADI -->
	<AppIcon name="com.duns.padiapp/com.duns.padiapp.presentation.SplashActivity" image="padi"/>

	<!-- Parsec -->
	<AppIcon name="tv.parsec.client/tv.parsec.client.MainActivity" image="parsec"/>

	<!-- Photomath -->
	<AppIcon name="com.microblink.photomath/com.microblink.photomath.main.activity.LauncherActivity" image="photomath"/>

	<!-- Pinball Deluxe Reloaded -->
	<AppIcon name="com.greencod.pinballdeluxereloaded/com.madeofbits.unity.TouchActivity" image="pinball_deluxe_reloaded"/>

	<!-- Proton Calendar -->
	<AppIcon name="me.proton.android.calendar/me.proton.android.calendar.presentation.main.MainActivity" image="proton_calendar"/>

	<!-- Proton Mail -->
	<AppIcon name="ch.protonmail.android/ch.protonmail.android.MainActivity" image="proton_mail"/>

	<!-- Qare -->
	<AppIcon name="com.karmamobile/com.karmamobile.SplashActivity" image="qare"/>

	<!-- Saisie Google en pinyin -->
	<AppIcon name="com.google.android.inputmethod.pinyin/com.google.android.apps.inputmethod.libs.framework.core.LauncherActivity" image="saisie_google_en_pinyin"/>

	<!-- Saisie Google en zhuyin -->
	<AppIcon name="com.google.android.apps.inputmethod.zhuyin/com.google.android.apps.inputmethod.libs.framework.core.LauncherActivity" image="saisie_google_en_zhuyin"/>

	<!-- SeLoger -->
	<AppIcon name="com.seloger.android/com.seloger.android.features.splash.LaunchScreenActivity" image="seloger"/>

	<!-- SNCF Connect -->
	<AppIcon name="com.vsct.vsc.mobile.horaireetresa.android/com.evoyageurs.invictus.flutter.MainActivity" image="sncf_connect"/>

	<!-- Termius -->
	<AppIcon name="com.server.auditor.ssh.client/com.server.auditor.ssh.client.navigation.SplashScreenActivity" image="termius"/>

	<!-- Terraforming Mars -->
	<AppIcon name="com.asmodeedigital.terraformingmars/com.asmodeedigital.terraformingmars.TFM_UnityPlayerActivity" image="terraforming_mars"/>

	<!-- TheFork -->
	<AppIcon name="com.lafourchette.lafourchette/com.fork.android.app.launch.LaunchActivity" image="thefork"/>

	<!-- UGC -->
	<AppIcon name="air.ugc.fr.ugcdirect/com.ugc.MainActivity" image="ugc"/>

	<!-- Vaporwave Wallpapers -->
	<AppIcon name="maa.vaporwave_wallpaper/maa.vaporwave_wallpaper.Utils.SplashScreen" image="vaporwave_wallpapers"/>

	<!-- Zimbra -->
	<AppIcon name="com.zimbra.modernapp/com.zimbra.modernapp.MainActivity" image="zimbra"/>

</Theme>