<appmap>

	<!-- (F-Droid) kDI -->
	<item class="com.oF2pks.kalturadeviceinfos.MainActivity" name="_f_droid_kdi"/>

	<!-- (F-Droid) kDI -->
	<item class="com.oF2pks.applicationsinfo.MainActivity" name="_f_droid_kdi"/>

	<!-- 1&1 Mail -->
	<item class="com.unitedinternet.portal.ui.HostActivity" name="_1_and_1_mail"/>

	<!-- 1&1 TV -->
	<item class="com.zattoo.mobile.MobileActivity" name="_1_and_1_tv"/>

	<!-- 116117.app -->
	<item class="de.kvdigital.nfa.ui.splash.SplashActivity" name="_116117app"/>

	<!-- 2048 -->
	<item class="com.uberspot.a2048.MainActivity" name="_2048"/>

	<!-- 3DMark -->
	<item class="com.futuremark.flamenco.ui.splash.SplashPageActivity" name="_3dmark"/>

	<!-- 3sat-Mediathek -->
	<item class="com.mediathek_3sat.android.MainActivity" name="_3sat_mediathek"/>

	<!-- AccumPDF -->
	<item class="com.org.jvp7.accumulator_pdfcreator.Start_Activity" name="accumpdf"/>

	<!-- Achim -->
	<item class="com.denishepting.achimarbeit.MainActivity" name="achim"/>

	<!-- Action -->
	<item class="com.action.consumerapp.MainActivity" name="action"/>

	<!-- AdBlock für Samsung Internet -->
	<item class="org.adblockplus.adblockplussbrowser.app.ui.LauncherActivity" name="adblock_fur_samsung_internet"/>

	<!-- AdCap! -->
	<item class="com.unity3d.player.UnityPlayerActivity" name="adcap_"/>

	<!-- AdClear Content Blocker -->
	<item class="com.adclear.contentblocker.ui.splash.SplashActivity" name="adclear_content_blocker"/>

	<!-- Advanzia -->
	<item class="com.advanzia.mobile.MainActivity" name="advanzia"/>

	<!-- AdVenture Ages -->
	<item class="com.unity3d.player.UnityPlayerActivity" name="adventure_ages"/>

	<!-- AdVenture Communist -->
	<item class="com.unity3d.player.UnityPlayerActivity" name="adventure_communist"/>

	<!-- AirGuard -->
	<item class="de.seemoo.at_tracking_detection.ui.MainActivity" name="airguard"/>

	<!-- ALDI SÜD -->
	<item class="de.apptiv.business.android.aldi_at_ahead.presentation.screens.splash.SplashActivity" name="aldi_sud"/>

	<!-- Alibaba.com -->
	<item class="com.alibaba.intl.android.apps.poseidon.app.activity.ActivityMainMaterial" name="alibabacom"/>

	<!-- ALL.com -->
	<item class="com.accor.app.splashscreen.view.SplashScreenActivitySilver" name="allcom"/>

	<!-- Alovoa -->
	<item class="com.alovoa.expo.MainActivity" name="alovoa"/>

	<!-- Amazon Kids+ -->
	<item class="com.amazon.tahoe.react.LoadingActivity" name="amazon_kids_"/>

	<!-- Android Device Info -->
	<item class="com.infernus.androiddeviceinfo.activities.MainActivity" name="android_device_info"/>

	<!-- Android TV -->
	<item class="com.google.android.tv.remote.RemoteActivity" name="android_tv"/>

	<!-- AnkiApp -->
	<item class="com.ankiapp.client.MainActivity" name="ankiapp"/>

	<!-- AnkiDroid -->
	<item class="com.ichi2.anki.IntentHandler" name="ankidroid"/>

	<!-- AnkiPro -->
	<item class="com.vedasapps.flashcards.MainActivity" name="ankipro"/>

	<!-- ANOTHERpass -->
	<item class="de.jepfa.yapm.ui.credential.ListCredentialsActivity" name="anotherpass"/>

	<!-- anybill -->
	<item class="de.anybill.anybill_mobile_app.MainActivity" name="anybill"/>

	<!-- AnyDesk -->
	<item class="com.anydesk.anydeskandroid.gui.activity.MainActivity" name="anydesk"/>

	<!-- APK Explorer & Editor -->
	<item class="com.apk.editor.activities.StartActivity" name="apk_explorer_and_editor"/>

	<!-- apotheke -->
	<item class="de.meineapotheke.app.MainActivity" name="apotheke"/>

	<!-- App-Launcher -->
	<item class="com.simplemobiletools.applauncher.activities.SplashActivity.Light_green" name="app_launcher"/>

	<!-- ARD Audiothek -->
	<item class="de.ard.audiothek.MainActivity" name="ard_audiothek"/>

	<!-- ARD Mediathek -->
	<item class="de.ard.ardmediathek.ui.main.MainActivity" name="ard_mediathek"/>

	<!-- ARTE -->
	<item class="tv.arte.plus7.mobile.presentation.home.HomeActivityPortraitMobile" name="arte"/>

	<!-- Arts & Culture -->
	<item class="com.google.android.apps.cultural.web.WebViewActivity" name="arts_and_culture"/>

	<!-- Ärzteblatt -->
	<item class="de.aerzteblatt.tablet.MainActivity" name="arzteblatt"/>

	<!-- Asphalt Xtreme -->
	<item class="com.netflix.NGP.AsphaltXtreme.MainActivity" name="asphalt_xtreme"/>

	<!-- Audials Play -->
	<item class="com.audials.main.SplashScreenActivity" name="audials_play"/>

	<!-- Audiobooks -->
	<item class="com.deezer.audiobooks.mod_1_presentation.activity.splash.SplashActivity" name="audiobooks"/>

	<!-- Automate -->
	<item class="com.llamalab.automate.FlowListActivity" name="automate"/>

	<!-- Automatische Transkription -->
	<item class="com.google.audio.hearing.visualization.accessibility.scribe.LauncherActivity" name="automatische_transkription"/>

	<!-- Bahnhof live -->
	<item class="de.deutschebahn.bahnhoflive.ui.hub.HubActivity" name="bahnhof_live"/>

	<!-- barq -->
	<item class="com.furryapp.MainActivity" name="barq"/>

	<!-- BBC iPlayer -->
	<item class="uk.co.bbc.iplayer.startup.StartupActivity" name="bbc_iplayer"/>

	<!-- Before Your Eyes -->
	<item class="com.bkom.NativeUtils.NativeUtilsMainActivity" name="before_your_eyes"/>

	<!-- benefits -->
	<item class="de.corporatebenefits.app.SetupActivity" name="benefits"/>

	<!-- Benefits.me -->
	<item class="de.ticketsprinter.mitarbeiteraktionen.presentation.ui.OnboardingActivity" name="benefitsme"/>

	<!-- BigBusTours -->
	<item class="com.bigbustours.bbt.splash.SplashActivity" name="bigbustours"/>

	<!-- Binance -->
	<item class="com.binance.launcher.activities.main.MainActivity" name="binance"/>

	<!-- Bitpanda -->
	<item class="com.bitpanda.feature.onboarding.authentication.impl.ui.RoutingActivity" name="bitpanda"/>

	<!-- BlaBlaCar -->
	<item class="com.comuto.proxy.ProxyActivity" name="blablacar"/>

	<!-- Blockchain Wallet -->
	<item class="com.samsung.android.scryptowallet.views.SplashActivity" name="blockchain_wallet"/>

	<!-- blockpit -->
	<item class="io.blockpit.sentryv3.MainActivity" name="blockpit"/>

	<!-- Bluesky -->
	<item class="xyz.blueskyweb.app.MainActivity" name="bluesky"/>

	<!-- bofrost* -->
	<item class="com.bofrost.MainActivity" name="bofrost_"/>

	<!-- BookBeat -->
	<item class="com.bookbeat.android.home.HomeTabBarActivity" name="bookbeat"/>

	<!-- Bookshelf -->
	<item class="com.vitalsource.bookshelf.Views.LoginActivity" name="bookshelf"/>

	<!-- Bowling Ballers -->
	<item class="com.unity3d.player.UnityPlayerActivity" name="bowling_ballers"/>

	<!-- Box -->
	<item class="com.box.android.activities.login.SplashScreenActivity" name="box"/>

	<!-- Boxcryptor -->
	<item class="boxcryptor.legacy.mvvm.presession.PreSessionActivity" name="boxcryptor"/>

	<!-- BRAINYOO Karteikarten -->
	<item class="com.brainyoo.brainyoo2.BYActivity" name="brainyoo_karteikarten"/>

	<!-- Buienradar -->
	<item class="nl.rtl.buienradar.main.MainActivity" name="buienradar"/>

	<!-- bunq -->
	<item class="com.bunq.android.ui.activity.SplashScreenActivity" name="bunq"/>

	<!-- Burger King -->
	<item class="rbi.android.app.MainActivity" name="burger_king"/>

	<!-- Busuu -->
	<item class="com.busuu.android.bootstrap.presentation.BootStrapActivity" name="busuu"/>

	<!-- C24 Bank -->
	<item class="de.check24.c24.pages.startup.SplashScreenActivity" name="c24_bank"/>

	<!-- Calm -->
	<item class="com.calm.android.ui.splash.SplashActivity" name="calm"/>

	<!-- CamCov -->
	<item class="ryey.camcov.SettingsActivity" name="camcov"/>

	<!-- Camera360 -->
	<item class="vStudio.Android.Camera360.activity.CameraActivity" name="camera360"/>

	<!-- Canon Print Service -->
	<item class="jp.co.canon.android.printservice.plugin.WalkThroughActivity" name="canon_print_service"/>

	<!-- Capital.com -->
	<item class="com.capital.trading.MainActivity" name="capitalcom"/>

	<!-- CHECK24 -->
	<item class="de.check24.check24.activities.Check24Activity" name="check24"/>

	<!-- Checker -->
	<item class="eu.europa.publications.foodchecker.MainActivity" name="checker"/>

	<!-- Chefkoch -->
	<item class="de.pixelhouse.chefkoch.app.screen.MainActivity" name="chefkoch"/>

	<!-- Chimpy -->
	<item class="host.exp.exponent.MainActivity" name="chimpy"/>

	<!-- Cloud -->
	<item class="com.unitedinternet.portal.android.onlinestorage.application.activity.NewSmartDriveActivity" name="cloud"/>

	<!-- Coinbase -->
	<item class="com.coinbase.android.LaunchActivity" name="coinbase"/>

	<!-- CoinMarketCap -->
	<item class="com.coinmarketcap.android.LaunchActivity" name="coinmarketcap"/>

	<!-- Connect -->
	<item class="com.garmin.android.apps.connectmobile.GCMActivityStartup" name="connect"/>

	<!-- Control-Center -->
	<item class="com.oneandone.controlcenter.ControlCenter" name="control_center"/>

	<!-- Cookie Clicker -->
	<item class="org.dashnet.cookieclicker.MainActivity" name="cookie_clicker"/>

	<!-- Coolblue -->
	<item class="eu.coolblue.shop.presentation.splash.SplashActivity" name="coolblue"/>

	<!-- Crowdsource -->
	<item class="com.google.android.apps.crowdsource.beetle.MainActivity" name="crowdsource"/>

	<!-- Cryptomator -->
	<item class="org.cryptomator.presentation.ui.activity.SplashActivity" name="cryptomator"/>

	<!-- Curawork -->
	<item class="webviewgold.curawork.MainActivity" name="curawork"/>

	<!-- Dankeschön -->
	<item class="com.simplemobiletools.thankyou.activities.SplashActivity.Orange" name="dankeschon"/>

	<!-- DartCounter -->
	<item class="com.dartcounter.app.MainActivity" name="dartcounter"/>

	<!-- Das Örtliche -->
	<item class="de.dasoertliche.android.activities.IntroActivity" name="das_ortliche"/>

	<!-- DB NRWay -->
	<item class="com.mentz.bvr_cibo_app.MainActivity" name="db_nrway"/>

	<!-- Deezer -->
	<item class="com.deezer.android.ui.activity.LauncherActivity" name="deezer"/>

	<!-- Desta -->
	<item class="com.unity3d.player.UnityPlayerActivity" name="desta"/>

	<!-- DeutschlandCard -->
	<item class="de.deutschlandcard.app.ui.LaunchActivity" name="deutschlandcard"/>

	<!-- Deutschlandticket -->
	<item class="com.moovel.mobility.screens.main.splash.SplashActivity" name="deutschlandticket"/>

	<!-- Digitale Hausapotheke -->
	<item class="de.digitalehausapotheke.digitalehausapothekeflutter.MainActivity" name="digitale_hausapotheke"/>

	<!-- Digitales Wohlbef. -->
	<item class="com.samsung.android.forest.launcher.LauncherActivity" name="digitales_wohlbef"/>

	<!-- DKV-TheGame -->
	<item class="com.unity3d.player.UnityPlayerActivity" name="dkv_thegame"/>

	<!-- Dlf Audiothek -->
	<item class="de.deutschlandradio.app.MainActivity" name="dlf_audiothek"/>

	<!-- Dominoes Cafe -->
	<item class="com.gazeus.dominoes.cafe.MainActivity" name="dominoes_cafe"/>

	<!-- Dragon Up -->
	<item class="com.unity3d.player.UnityPlayerActivity" name="dragon_up"/>

	<!-- Druckdienste-Plug-In von Samsung -->
	<item class="com.sec.mobileprint.printservice.plugin.ui.launcher.view.LauncherActivity" name="druckdienste_plug_in_von_samsung"/>

	<!-- dTicket -->
	<item class="com.moovel.mobility.screens.main.splash.SplashActivity" name="dticket"/>

	<!-- Dungeon Dwarves -->
	<item class="com.unity3d.player.UnityPlayerActivity" name="dungeon_dwarves"/>

	<!-- DW -->
	<item class="de.dw.mobile.shared.activities.SplashActivity" name="dw"/>

	<!-- E-POST -->
	<item class="de.epost.epostapp.shared.views.startup.StartActivity_" name="e_post"/>

	<!-- E-Rezept -->
	<item class="de.gematik.ti.erp.app.MainActivity" name="e_rezept"/>

	<!-- E-Rezept APP -->
	<item class="com.erezeptapp.app6845jj.MainActivity" name="e_rezept_app"/>

	<!-- Earthquake Alert! -->
	<item class="com.joshclemm.android.quake.EarthquakeAlert" name="earthquake_alert_"/>

	<!-- Edeka -->
	<item class="edeka.digital.app.edeka2020.ui.SplashActivity" name="edeka"/>

	<!-- EGYM Fitness -->
	<item class="com.netpulse.mobile.Launcher.PhysioUndPravention" name="egym_fitness"/>

	<!-- Einkommen und Verbrauch -->
	<item class="de.nrw.it.einkommenverbrauch.MainActivity" name="einkommen_und_verbrauch"/>

	<!-- Eismann -->
	<item class="de.eismann.ui.intro.SplashScreen" name="eismann"/>

	<!-- Elektroverse -->
	<item class="com.octopus.electricjuice.LauncherActivity" name="elektroverse"/>

	<!-- ElsterSecure -->
	<item class="com.secunet.protect4use.app.JniActivity" name="elstersecure"/>

	<!-- EPRS -->
	<item class="com.eprs.MainActivity" name="eprs"/>

	<!-- Erste Hilfe DRK -->
	<item class="de.bitsz.android.drkapp.MainMenuActivity" name="erste_hilfe_drk"/>

	<!-- eTicket.app -->
	<item class="app.eticket.pro.SplashScreenActivity" name="eticketapp"/>

	<!-- eToro -->
	<item class="com.etoro.openbook.MainActivity" name="etoro"/>

	<!-- eToro Money -->
	<item class="com.etoro.wallet.MainActivity" name="etoro_money"/>

	<!-- EU Solidarity Corps -->
	<item class="eu.europa.publications.europeansolidaritycorps.MainActivity" name="eu_solidarity_corps"/>

	<!-- Eurostar -->
	<item class="com.eurostar.androidapp.MainActivity" name="eurostar"/>

	<!-- Expedia -->
	<item class="com.expedia.bookings.activity.SearchActivity" name="expedia"/>

	<!-- Exploding Kittens -->
	<item class="com.unity3d.player.UnityPlayerActivity" name="exploding_kittens"/>

	<!-- F-Droid Basic -->
	<item class="org.fdroid.fdroid.views.main.MainActivity" name="f_droid_basic"/>

	<!-- F-Droid Build Status -->
	<item class="de.storchp.fdroidbuildstatus.MainActivity" name="f_droid_build_status"/>

	<!-- Fake GPS -->
	<item class="com.lexa.fakegps.ui.Main" name="fake_gps"/>

	<!-- Family Link -->
	<item class="com.google.android.apps.kids.familylink.flutter.standalone.HomeActivity" name="family link"/>

	<!-- FatSecret -->
	<item class="com.fatsecret.android.ui.activity.StartupActivity" name="fatsecret"/>

	<!-- FDM -->
	<item class="org.freedownloadmanager.fdm.MyActivity" name="fdm"/>

	<!-- Feeder -->
	<item class="com.nononsenseapps.feeder.ui.MainActivity" name="feeder"/>

	<!-- Feeld -->
	<item class="co.feeld.Default" name="feeld"/>

	<!-- Filmora -->
	<item class="com.filmorago.phone.ui.SplashActivity" name="filmora"/>

	<!-- Fine Lock -->
	<item class="yuh.yuh.finelock.T" name="fine_lock"/>

	<!-- Fitbit -->
	<item class="com.fitbit.FirstActivity" name="fitbit"/>

	<!-- FlightAware -->
	<item class="com.flightaware.android.liveFlightTracker.activities.MainActivity" name="flightaware"/>

	<!-- Flutter Butterflies -->
	<item class="org.cocos2dx.lua.FlutterActivity" name="flutter_butterflies"/>

	<!-- Fon -->
	<item class="de.avm.android.fritzapp.StartActivity" name="fon"/>

	<!-- ForgetMeNot -->
	<item class="com.odnovolov.forgetmenot.presentation.common.mainactivity.MainActivity" name="forgetmenot"/>

	<!-- Foto-Paradies -->
	<item class="de.worldiety.cewe.cewefotowelt.ActivityCeweFotowelt" name="foto_paradies"/>

	<!-- Foxit PDF Editor -->
	<item class="com.fx.app.ui.AppActivity" name="foxit_pdf_editor"/>

	<!-- FREE NOW -->
	<item class="taxi.android.client.feature.startup.ui.StartupActivity" name="free_now"/>

	<!-- FreeYourMusic -->
	<item class="com.freeyourmusic.stamp.MainActivity" name="freeyourmusic"/>

	<!-- FS 23 NETFLIX -->
	<item class="com.giantssoftware.MainActivity" name="fs_23_netflix"/>

	<!-- funk -->
	<item class="de.swr.juan.MobileMainActivity" name="funk"/>

	<!-- Galaxy Enhance-X -->
	<item class="com.samsung.android.imageenhancer.MainActivity" name="galaxy_enhance_x"/>

	<!-- Gaming Hub -->
	<item class="com.samsung.android.game.gamehome.app.MainActivity" name="gaming_hub"/>

	<!-- Gehirn-Training -->
	<item class="com.cube.memorygames.SplashActivity" name="gehirn_training"/>

	<!-- Gelbe Liste -->
	<item class="io.ionic.starter.MainActivity" name="gelbe_liste"/>

	<!-- GeoGuessr -->
	<item class="com.geoguessr.app.ui.StartActivity" name="geoguessr"/>

	<!-- Gerätewartung -->
	<item class="com.samsung.android.sm.ui.DefaultActivity" name="geratewartung"/>

	<!-- gesund.de -->
	<item class="de.gesund.app.MainActivity" name="gesundde"/>

	<!-- Getsafe -->
	<item class="de.getsafe.nxt.MainActivity" name="getsafe"/>

	<!-- GetYourGuide -->
	<item class="com.getyourguide.InitDumpActivity" name="getyourguide"/>

	<!-- GoAbout -->
	<item class="com.goabout.goaboutapp.ui.activities.main.MainActivity" name="goabout"/>

	<!-- Google Shopping -->
	<item class="org.chromium.webapk.shell_apk.h2o.H2OOpaqueMainActivity" name="google_shopping"/>

	<!-- Google Umfrage-App -->
	<item class="com.google.android.apps.paidtasks.activity.LaunchActivity" name="google_umfrage_app"/>

	<!-- GPX Viewer -->
	<item class="com.vecturagames.android.app.gpxviewer.activity.MainActivity" name="gpx_viewer"/>

	<!-- Grasshopper -->
	<item class="com.area120.grasshopper.MainActivity" name="grasshopper"/>

	<!-- Grundgesetz -->
	<item class="com.example.lfranken.grundgesetzapp.MainActivity" name="grundgesetz"/>

	<!-- GuitarTuna -->
	<item class="com.yousician.yousiciannative.GuitarTunaActivity" name="guitartuna"/>

	<!-- HandyTicket Deutschland -->
	<item class="de.hansecom.htd.android.MainActivity" name="handyticket_deutschland"/>

	<!-- Harmony Music -->
	<item class="com.ryanheise.audioservice.AudioServiceActivity" name="harmony_music"/>

	<!-- Heads Up! Netflix Edition -->
	<item class="com.unity3d.player.UnityPlayerActivity" name="heads_up_netflix_edition"/>

	<!-- Healico -->
	<item class="com.urgo.healico.core.root.RootActivity" name="healico"/>

	<!-- Health -->
	<item class="com.samsung.android.app.shealth.home.HomeMainActivity" name="health"/>

	<!-- HELLO KITTY HAPPINESS PARADE -->
	<item class="com.unity3d.player.UnityPlayerActivity" name="hello_kitty_happiness_parade"/>

	<!-- HelloFresh -->
	<item class="com.hellofresh.androidapp.ui.flows.launch.LaunchActivity" name="hellofresh"/>

	<!-- Hermit -->
	<item class="com.chimbori.hermitcrab.AdminActivity" name="hermit"/>

	<!-- Hextech Mayhem -->
	<item class="com.unity3d.player.UnityPlayerActivity" name="hextech_mayhem"/>

	<!-- Hill Climb 2 -->
	<item class="com.fingersoft.hcr2.AppActivity" name="hill_climb_2"/>

	<!-- Hörspiele -->
	<item class="com.tunedglobal.presentation.initialisation.view.SplashActivity" name="horspiele"/>

	<!-- HRS Hotels -->
	<item class="com.hrs.android.home.SideMenuActivity" name="hrs_hotels"/>

	<!-- Hypatia -->
	<item class="us.spotco.malwarescanner.MainActivity" name="hypatia"/>

	<!-- I care 2020 -->
	<item class="com.thieme.pflegepro.PlegeproSplashScreenActivity" name="i_care_2020"/>

	<!-- ICD Auskunft -->
	<item class="de.tk.icdapp.SplashScreen" name="icd_auskunft"/>

	<!-- Icon Pack Studio -->
	<item class="ginlemon.iconpackstudio.editor.homeActivity.HomeActivity" name="icon_pack_studio"/>

	<!-- idealo Shopping -->
	<item class="de.idealo.android.MainActivity" name="idealo_shopping"/>

	<!-- Idle Ant Colony -->
	<item class="com.google.firebase.MessagingUnityPlayerActivity" name="idle_ant_colony"/>

	<!-- Idle Miner -->
	<item class="com.appboy.unity.AppboyUnityPlayerActivity" name="idle_miner"/>

	<!-- Idle Shop Manager -->
	<item class="com.google.firebase.MessagingUnityPlayerActivity" name="idle_shop_manager"/>

	<!-- Idle Tycoon: Space Company -->
	<item class="com.google.firebase.MessagingUnityPlayerActivity" name="idle_tycoon_space_company"/>

	<!-- IHG -->
	<item class="com.ihg.apps.android.activity.MainActivity" name="ihg"/>

	<!-- Ihre Apotheken -->
	<item class="com.example.clickapo.MainActivity" name="ihre_apotheken"/>

	<!-- ImmoScout24 -->
	<item class="de.is24.mobile.splash.SplashScreenActivity" name="immoscout24"/>

	<!-- immowelt -->
	<item class="de.immowelt.mobile.android.iw.search.launch.LaunchActivity" name="immowelt"/>

	<!-- Into The Breach -->
	<item class="com.netflix.NGP.IntoTheBreach.SplashActivity" name="into_the_breach"/>

	<!-- IntoTheDead2 -->
	<item class="com.pikpok.PikPokUnityActivity" name="intothedead2"/>

	<!-- Investmate -->
	<item class="com.capital.investmate.MainActivity" name="investmate"/>

	<!-- Inware -->
	<item class="com.evo.inware.ui.activities.SweetHomeActivity" name="inware"/>

	<!-- IONOS -->
	<item class="com.oneandone.ciso.mobile.app.android.authentication.ui.SplashScreenActivity" name="ionos"/>

	<!-- Json Genie FREE -->
	<item class="com.tuyware.jsoneditor.Activities.MainActivity" name="json_genie_free"/>

	<!-- Json Viewer -->
	<item class="com.json.viewer.json.editor.file.opener.PrivacyActivity" name="json_viewer"/>

	<!-- Kahoot! -->
	<item class="no.mobitroll.kahoot.android.application.SplashActivity" name="kahoot_"/>

	<!-- Karteikarten -->
	<item class="flashcards.words.words.ui.base.SplashActivity" name="karteikarten"/>

	<!-- Karten -->
	<item class="io.walletpasses.android.presentation.view.activity.WalletActivity" name="karten"/>

	<!-- Kaufland -->
	<item class="com.kaufland.kaufland.splash.SplashActivity" name="kaufland"/>

	<!-- KFC Germany -->
	<item class="com.kfc.de.mobileapp.SplashActivity" name="kfc_germany"/>

	<!-- Kindle -->
	<item class="com.amazon.kindle.UpgradePage" name="kindle"/>

	<!-- KLARTAX -->
	<item class="de.adorsys.android.timp.KtxLauncherActivity" name="klartax"/>

	<!-- KleveMobil -->
	<item class="via.rider.features.splash.SplashActivityKt" name="klevemobil"/>

	<!-- Knittens -->
	<item class="com.timecode.knittensinternal.KnittensMainActivity" name="knittens"/>

	<!-- KnowDrugs -->
	<item class="cc.phk.knowdrugs.MainActivity" name="knowdrugs"/>

	<!-- Knowunity -->
	<item class="de.knowunity.app.MainActivity" name="knowunity"/>

	<!-- Kochlöffel -->
	<item class="de.ncn.kochloeffel.MainActivity" name="kochloffel"/>

	<!-- Kodi -->
	<item class="org.xbmc.kodi.Splash" name="kodi"/>

	<!-- kollex -->
	<item class="de.kollex.app.MainActivity" name="kollex"/>

	<!-- Kraken -->
	<item class="com.kraken.invest.app.MainActivity" name="kraken"/>

	<!-- KRZ -->
	<item class="com.unity3d.player.UnityPlayerActivity" name="krz"/>

	<!-- Kurfurstengrill Kleve -->
	<item class="de.appsmart.hermes.shell.MainActivity" name="kurfurstengrill_kleve"/>

	<!-- LANCH -->
	<item class="de.appmotion.crumz.happyslice.beta.MainActivity" name="lanch"/>

	<!-- LastPass -->
	<item class="com.lastpass.lpandroid.activity.WebBrowserActivity" name="lastpass"/>

	<!-- Lehrmeister -->
	<item class="eu.lehrmeister.MainActivity" name="lehrmeister"/>

	<!-- Lexika -->
	<item class="com.example.lfranken.lexikaapp.MainActivity" name="lexika"/>

	<!-- Libre 3 -->
	<item class="com.adc.trident.app.startup.SplashActivity" name="libre_3"/>

	<!-- Lifesum -->
	<item class="com.lifesum.android.main.MainActivity" name="lifesum"/>

	<!-- Link zu Windows -->
	<item class="com.samsung.android.mdx.windowslink.tileservice.LinkToWidowsLauncherActivityDummy" name="link_zu_windows"/>

	<!-- LiqCalc -->
	<item class="com.vapefactory.liqcalc.liqcalc.MainActivity" name="liqcalc"/>

	<!-- Little Alchemy -->
	<item class="com.sometimeswefly.littlealchemy.LittleAlchemy" name="little_alchemy"/>

	<!-- LOTTO24 -->
	<item class="de.lotto24.app.activities.MainActivity" name="lotto24"/>

	<!-- Lucky Luna -->
	<item class="com.unity3d.player.UnityPlayerActivity" name="lucky_luna"/>

	<!-- M64Plus FZ -->
	<item class="paulscode.android.mupen64plusae.SplashActivity" name="m64plus_fz"/>

	<!-- Magenta-Gaming -->
	<item class="app.qt.android.AndroidAppActivity" name="magenta_gaming"/>

	<!-- MagentaCLOUD -->
	<item class="com.nmc.android.ui.LauncherActivity" name="magentacloud"/>

	<!-- MagentaTV -->
	<item class="de.telekom.entertaintv.smartphone.activities.SplashActivity" name="magentatv"/>

	<!-- MapMyFitness -->
	<item class="com.mapmyfitness.android.activity.core.LaunchActivity" name="mapmyfitness"/>

	<!-- MapMyRide -->
	<item class="com.mapmyfitness.android.activity.core.LaunchActivity" name="mapmyride"/>

	<!-- MapMyRun -->
	<item class="com.mapmyfitness.android.activity.core.LaunchActivity" name="mapmyrun"/>

	<!-- MapMyWalk -->
	<item class="com.mapmyfitness.android.activity.core.LaunchActivity" name="mapmywalk"/>

	<!-- Measure -->
	<item class="com.google.vr.apps.ornament.measure.MeasureMainActivity" name="measure"/>

	<!-- MÁV -->
	<item class="hu.mavszk.vonatinfo2.gui.activity.SplashActivity" name="mav"/>

	<!-- mBlock -->
	<item class="com.makeblock.mblock.MainActivity" name="mblock"/>

	<!-- McDonald's -->
	<item class="com.mcdonalds.mcdcoreapp.common.activity.SplashActivity" name="mcdonalds"/>

	<!-- Media Rewards -->
	<item class="com.beatgridmedia.panelsync.mediarewards.activity.OverviewActivity" name="media_rewards"/>

	<!-- Meeting -->
	<item class="com.teamviewer.blizz.market.activity.MainActivity" name="meeting"/>

	<!-- Mein dm -->
	<item class="de.dm.meindm.android.StartActivity" name="mein_dm"/>

	<!-- meinALDI -->
	<item class="de.apptiv.business.android.aldi_de_ecom.MainActivity" name="meinaldi"/>

	<!-- Meine Arztdokumente -->
	<item class="com.meine.arztdokumente.passcode.passcode.KanzleiAuthorizationActivity" name="meine_arztdokumente"/>

	<!-- MeinMagenta -->
	<item class="com.telekom.oneapp.launcher.components.launcher.LauncherActivity" name="meinmagenta"/>

	<!-- Memorion -->
	<item class="com.MemorionSoft.MemorionV2._ItemListPage" name="memorion"/>

	<!-- Microsoft Designer -->
	<item class="com.microsoft.designer.app.home.view.launch.DesignerLoginActivity" name="microsoft_designer"/>

	<!-- Miles & More -->
	<item class="com.milesandmore.android.MainActivity" name="miles_and_more"/>

	<!-- Mini Metro -->
	<item class="com.dinopoloclub.minimetro.nbo.LicensedActivity" name="mini_metro"/>

	<!-- MIX -->
	<item class="us.pinguo.mix.modules.splash.SplashActivity" name="mix"/>

	<!-- Mixin -->
	<item class="one.mixin.android.ui.home.MainActivity" name="mixin"/>

	<!-- mobil.nrw -->
	<item class="com.mentz.mobilnrw_cibo_app.MainActivity" name="mobilnrw"/>

	<!-- Mobile Doc Scanner -->
	<item class="com.stoik.mdscan.MainActivity" name="mobile_doc_scanner"/>

	<!-- Mobile Health -->
	<item class="com.generali.gmh.MainActivity" name="mobile_health"/>

	<!-- Monsieur Cuisine -->
	<item class="com.appfarms.monsieurcuisine.activities.SplashScreenActivity" name="monsieur_cuisine"/>

	<!-- Monyx wallet -->
	<item class="com.monyx.wallet.splashscreen.SplashActivity" name="monyx_wallet"/>

	<!-- MSDefender -->
	<item class="com.microsoft.defender.ux.activity.MDMainActivity" name="msdefender"/>

	<!-- Muliser -->
	<item class="app.muliser.app.MainActivity" name="muliser"/>

	<!-- MusicBrainz -->
	<item class="org.metabrainz.android.ui.screens.dashboard.DashboardActivity" name="musicbrainz"/>

	<!-- myBOB -->
	<item class="com.computerrock.radiolikemee.ui.intro.IntroActivity" name="mybob"/>

	<!-- mydealz -->
	<item class="com.pepper.apps.android.presentation.MainActivityDarkIcon" name="mydealz"/>

	<!-- myDVG Bus & Bahn -->
	<item class="de.vrr.dvgmobileapp.MainActivity" name="mydvg_bus_and_bahn"/>

	<!-- MyFRITZ! -->
	<item class="de.avm.android.one.activities.StartActivity" name="myfritz_"/>

	<!-- Myprotein -->
	<item class="com.thehutgroup.ecommerce.MainActivity" name="myprotein"/>

	<!-- N26 -->
	<item class="de.number26.machete.android.refactor.presentation.settings.customize_icon.launch_aliases.PrideActivityLauncher" name="n26"/>

	<!-- Nailed It! -->
	<item class="com.unity3d.player.UnityPlayerActivity" name="nailed_it_"/>

	<!-- Nect Wallet -->
	<item class="com.nect.dashboard.ui.MainActivity" name="nect_wallet"/>

	<!-- Netto-App -->
	<item class="de.netto.b2c.activity.FragmentActivity" name="netto_app"/>

	<!-- News -->
	<item class="com.google.apps.dots.android.app.activity.CurrentsStartActivity" name="news"/>

	<!-- News Media Scan -->
	<item class="org.openobservatory.ooniprobe.activity.MainActivity" name="news_media_scan"/>

	<!-- Nexa -->
	<item class="me.creasis.reader.MainActivity" name="nexa"/>

	<!-- Nextory -->
	<item class="com.gtl.nextory.login.LoginActivity" name="nextory"/>

	<!-- NFS Most Wanted -->
	<item class="com.ea.ironmonkey.GameActivity" name="nfs_most_wanted"/>

	<!-- NIAG App -->
	<item class="de.vrr.niagmobileapp.MainActivity" name="niag_app"/>

	<!-- Nitter -->
	<item class="com.plexer0.nitter.MainActivity" name="nitter"/>

	<!-- nora -->
	<item class="com.zoontek.rnbootsplash.RNBootSplashActivity" name="nora"/>

	<!-- NordVPN -->
	<item class="com.nordvpn.android.mobile.MainActivity" name="nordvpn"/>

	<!-- Norton 360 -->
	<item class="com.norton.n360.SplashActivity" name="norton_360"/>

	<!-- Norton Identity -->
	<item class="com.lifelock.memberapp.ui.main.MainActivity" name="norton_identity"/>

	<!-- Noteshelf -->
	<item class="com.fluidtouch.noteshelf.commons.ui.FTSplashScreenActivity" name="noteshelf"/>

	<!-- NotiStar -->
	<item class="com.samsung.systemui.notilus.NotiCenterPage" name="notistar"/>

	<!-- Notebook -->
	<item class="com.zoho.notebook.activities.NoteBookActivity" name="notebook"/>

	<!-- Nova Video Player -->
	<item class="org.courville.nova.browser.BrowserActivityVideo" name="nova_video_player"/>

	<!-- NS -->
	<item class="nl.ns.android.activity.start.StartActivity" name="ns"/>

	<!-- NS International -->
	<item class="de.hafas.main.HafasApp" name="ns_international"/>

	<!-- Nui -->
	<item class="care.nui.MainActivity" name="nui"/>

	<!-- Nunti -->
	<item class="com.nunti.MainActivity" name="nunti"/>

	<!-- Nuri (ex Bitwala) -->
	<item class="com.bitwala.app.MainActivity" name="nuri_ex_bitwala_"/>

	<!-- Octopus -->
	<item class="mobile.kraken.android.FlapjackMainActivity" name="octopus"/>

	<!-- Online-Arzt -->
	<item class="com.curalie.telearzt.MainActivity" name="online_arzt"/>

	<!-- OnlyFans -->
	<item class="org.chromium.webapk.shell_apk.h2o.H2OOpaqueMainActivity" name="onlyfans"/>

	<!-- OONI Probe -->
	<item class="org.openobservatory.ooniprobe.activity.MainActivity" name="ooni_probe"/>

	<!-- Open Mind -->
	<item class="de.app.innovators.open_mind.MainActivity" name="open_mind"/>

	<!-- openHAB Beta -->
	<item class="org.openhab.habdroid.ui.MainActivity" name="openhab_beta"/>

	<!-- ORF TVthek -->
	<item class="com.nousguide.android.orftvthek.MainActivity" name="orf_tvthek"/>

	<!-- OV-chipkaart -->
	<item class="nl.tls.ovchip.ui.activities.MainActivity" name="ov_chipkaart"/>

	<!-- OverDrive -->
	<item class="com.overdrive.mobile.android.mediaconsole.Activity_Splash" name="overdrive"/>

	<!-- ovos play Demo -->
	<item class="at.demo.ovosplay.MainActivity" name="ovos_play_demo"/>

	<!-- PApp -->
	<item class="com.rwthaachen.papp.SplashActivity" name="papp"/>

	<!-- Paramount+ -->
	<item class="com.paramount.android.pplus.splash.mobile.integration.SplashActivity" name="paramount_"/>

	<!-- Parookaville -->
	<item class="com.greencopper.app.MainActivity" name="parookaville"/>

	<!-- Passenger Rights -->
	<item class="com.prma.MainActivity" name="passenger_rights"/>

	<!-- Pay with Rewards -->
	<item class="com.mastercard.paywithrewards.init.InitActivity" name="pay_with_rewards"/>

	<!-- PAYBACK -->
	<item class="de.payback.app.ui.main.MainActivity" name="payback"/>

	<!-- paysafecard -->
	<item class="at.paysafecard.android.LauncherActivity" name="paysafecard"/>

	<!-- Perplexity -->
	<item class="ai.perplexity.app.android.ui.main.MainActivity" name="perplexity"/>

	<!-- Pflege -->
	<item class="com.mobelite.emee.ui.misc.SplashActivity" name="pflege"/>

	<!-- Pflege Trainer -->
	<item class="de.abiquiz.ui.ActivitySplash" name="pflege_trainer"/>

	<!-- Pflege-Examen -->
	<item class="com.example.flutterskeleton.MainActivity" name="pflege_examen"/>

	<!-- Pflege-Examen -->
	<item class="de.kreawiverlag.mobile.android.ikreawi.activities.InitActivity" name="pflege_examen"/>

	<!-- Pflegecampus -->
	<item class="de.pflegecampus.app.presentation.MainActivity" name="pflegecampus"/>

	<!-- PhApp -->
	<item class="com.rwthaachen.papp.SplashActivity" name="phapp"/>

	<!-- Photoshop Express -->
	<item class="com.adobe.psmobile.SplashScreen" name="photoshop_express"/>

	<!-- Picnic -->
	<item class="com.picnic.android.ui.activity.SplashActivity" name="picnic"/>

	<!-- Pixel Legends -->
	<item class="com.unity3d.player.UnityPlayerActivity" name="pixel_legends"/>

	<!-- pizzaboy -->
	<item class="de.gastroblitz.pizzaboy.MainActivity" name="pizzaboy"/>

	<!-- PKP INTERCITY -->
	<item class="pkp.ic.eicmobile.MainActivity" name="pkp_intercity"/>

	<!-- Play SRF -->
	<item class="ch.srg.srgplayer.view.MainActivity" name="play_srf"/>

	<!-- PlayPilot -->
	<item class="com.playpilot.apps.MainActivity" name="playpilot"/>

	<!-- Pluto TV -->
	<item class="tv.pluto.android.EntryPoint" name="pluto_tv"/>

	<!-- Pocket City -->
	<item class="com.codebrewgames.pocketcitygame.MainActivity" name="pocket_city"/>

	<!-- Podimo -->
	<item class="com.podimo.IntentForwardingActivity" name="podimo"/>

	<!-- Podverse -->
	<item class="com.podverse.fdroid.MainActivity" name="podverse"/>

	<!-- POINPY -->
	<item class="com.netflix.NGP.Poinpy.RunnerActivity" name="poinpy"/>

	<!-- Polar Beat -->
	<item class="fi.polar.beat.ui.SplashScreen" name="polar_beat"/>

	<!-- Polar Flow -->
	<item class="fi.polar.polarflow.activity.login.SplashScreenActivity" name="polar_flow"/>

	<!-- Post & DHL -->
	<item class="de.its_berlin.dhlpaket.base.main.MainActivity" name="post_and_dhl"/>

	<!-- PosterPrint -->
	<item class="la.hieta.posterprint.MainActivity" name="posterprint"/>

	<!-- Postident -->
	<item class="de.post.ident.ui.WelcomeActivity" name="postident"/>

	<!-- PostNL -->
	<item class="nl.postnl.app.activity.SplashActivity" name="postnl"/>

	<!-- Power Automate -->
	<item class="com.microsoft.flow.MainActivity" name="power_automate"/>

	<!-- Prezi -->
	<item class="com.prezi.android.viewer.login.LoginActivity" name="prezi"/>

	<!-- PRINT -->
	<item class="jp.co.canon.bsd.ad.pixmaprint.EulaActivity" name="print"/>

	<!-- PrintHand Premium -->
	<item class="com.dynamixsoftware.printhand.ui.ActivityMain" name="printhand_premium"/>

	<!-- Project Terrarium -->
	<item class="com.unity3d.player.UnityPlayerActivity" name="project_terrarium"/>

	<!-- Proton Drive -->
	<item class="me.proton.android.drive.ui.MainActivity" name="proton_drive"/>

	<!-- PuzzleGods -->
	<item class="ie.boon.puzzlegods.MainActivity" name="puzzlegods"/>

	<!-- QuickEdit+ -->
	<item class="com.rhmsoft.edit.activity.MainActivity" name="quickedit_"/>

	<!-- QuizAcademy -->
	<item class="de.abiquiz.ui.ActivitySplash" name="quizacademy"/>

	<!-- QuizAcademy University Edition -->
	<item class="de.abiquiz.ui.ActivitySplash" name="quizacademy_university_edition"/>

	<!-- radio.net -->
	<item class="de.radio.android.ui.AppActivity" name="radionet"/>

	<!-- Radioplayer -->
	<item class="de.radioplayer.android.controller.activity.intro.DEIntroActivity" name="radioplayer"/>

	<!-- Rail Planner -->
	<item class="nl.elastique.eurail.ui.startup.StartupActivity" name="rail_planner"/>

	<!-- Railways -->
	<item class="com.unity3d.player.UnityPlayerActivity" name="railways"/>

	<!-- RAR & RIP -->
	<item class="com.appmiral.splash.SplashActivity" name="rar_and_rip"/>

	<!-- RauchFrei -->
	<item class="de.tk.rauchstopp.LaunchComposeActivity" name="rauchfrei"/>

	<!-- RECUP -->
	<item class="de.recup.MainActivity" name="recup"/>

	<!-- RegioJet -->
	<item class="cz.studio9.sa.MainActivity" name="regiojet"/>

	<!-- Reigns3K -->
	<item class="com.unity3d.player.UnityPlayerActivity" name="reigns3k"/>

	<!-- Relic Hunters Rebels -->
	<item class="com.unity3d.player.UnityPlayerActivity" name="relic_hunters_rebels"/>

	<!-- Remote Classic -->
	<item class="com.lightingsoft.lightpad.SplashScreenActivity" name="remote_classic"/>

	<!-- Remote Pro -->
	<item class="com.lightinsoft.easyremotepro.ui.splashScreen.SplashScreenActivity" name="remote_pro"/>

	<!-- REWE -->
	<item class="de.rewe.app.ChangeAppActivity" name="rewe"/>

	<!-- Rival Pirates -->
	<item class="com.unity3d.player.UnityPlayerActivity" name="rival_pirates"/>

	<!-- Riverty -->
	<item class="com.arvato.myafterpay.MainActivity" name="riverty"/>

	<!-- Roamler -->
	<item class="net.roamler.MainActivity" name="roamler"/>

	<!-- Roku -->
	<item class="com.roku.remote.ui.activities.splash.SplashActivity" name="roku"/>

	<!-- ROMEO UNCUT -->
	<item class="com.planetromeo.android.app.authentication.splash.SplashActivity" name="romeo_uncut"/>

	<!-- Rossmann -->
	<item class="de.rossmann.app.android.splash.SplashScreen" name="rossmann"/>

	<!-- Rotation Control -->
	<item class="jp.snowlife01.android.rotationcontrolpro.rotation2.MainActivityNew" name="rotation_control"/>

	<!-- RoteListeMobileApp -->
	<item class="de.roteliste.mobile.app.MainActivity" name="rotelistemobileapp"/>

	<!-- RP -->
	<item class="com.rheinischepost.wrapper.ui.MainActivity" name="rp"/>

	<!-- RP ePaper -->
	<item class="com.iapps.baseapp.MainActivity" name="rp_epaper"/>

	<!-- RTL+ -->
	<item class="de.rtli.everest.activity.SplashActivity" name="rtl_"/>

	<!-- RTL+ Musik -->
	<item class="de.rtl.plus.RtlPlusLauncherActivity" name="rtl_musik"/>

	<!-- Ruhrbahn -->
	<item class="de.geomobile.busguide.core.SplashActivity" name="ruhrbahn"/>

	<!-- SafeNow -->
	<item class="de.safenow.business.MainActivity" name="safenow"/>

	<!-- SafeNow -->
	<item class="de.safenow.user.MainActivity" name="safenow"/>

	<!-- Samsung Boost -->
	<item class="com.sruk.samsungboost.MainActivity" name="samsung_boost"/>

	<!-- Samsung Kids -->
	<item class="com.sec.android.app.kidshome.start.ui.LaunchActivity" name="samsung_kids"/>

	<!-- Samsung Shop -->
	<item class="com.samsung.ecomm.global.shop_app.MainActivity" name="samsung_shop"/>

	<!-- Satisfyer -->
	<item class="com.coreteka.satisfyer.view.screen.auth.LoginActivity" name="satisfyer"/>

	<!-- Sound Meter -->
	<item class="com.gamebasic.decibel.DecibelActi" name="sound_meter"/>

	<!-- Scriptic Crime Stories -->
	<item class="com.unity3d.player.UnityPlayerActivity" name="scriptic_crime_stories"/>

	<!-- Secure VPN -->
	<item class="com.symantec.securewifi.ui.onboarding.SplashActivity" name="secure_vpn"/>

	<!-- Send App -->
	<item class="com.flutterwave.send.MainActivity" name="send_app"/>

	<!-- sharemagazines -->
	<item class="de.sharemagazines.app.activities.LoginActivity" name="sharemagazines"/>

	<!-- Shatter -->
	<item class="com.pikpok.ShatterUnityActivity" name="shatter"/>

	<!-- Shooting Hoops -->
	<item class="com.unity3d.player.UnityPlayerActivity" name="shooting_hoops"/>

	<!-- Show -->
	<item class="com.zoho.zohoshow.anzs.ShowListingActivity" name="show"/>

	<!-- sign-me 2FA -->
	<item class="com.entersekt.authapp.MainActivity" name="sign_me_2fa"/>

	<!-- simpleclub -->
	<item class="com.simpleclub.android.Activity" name="simpleclub"/>

	<!-- Skies of Chaos -->
	<item class="com.netflix.NGP.SkiesOfChaos.RunnerActivity" name="skies_of_chaos"/>

	<!-- Skills4School -->
	<item class="de.skills4school.app.MainActivity" name="skills4school"/>

	<!-- Skrill -->
	<item class="com.moneybookers.skrillpayments.v2.ui.launcher.LauncherActivity" name="skrill"/>

	<!-- Sleep -->
	<item class="com.urbandroid.sleep.alarmclock.AlarmClock" name="sleep"/>

	<!-- Sleep Cycle -->
	<item class="com.northcube.sleepcycle.LauncherActivity" name="sleep_cycle"/>

	<!-- Sleep Monitor -->
	<item class="com.sleepmonitor.aio.activity.SplashActivity" name="sleep_monitor"/>

	<!-- Smart Home -->
	<item class="de.avm.android.smarthome.activities.StartActivity" name="smart_home"/>

	<!-- Smart Tutor -->
	<item class="com.rsupport.rs.activity.edit.IntroActivity" name="smart_tutor"/>

	<!-- SmartLogin -->
	<item class="de.datev.smartlogin.MainActivity" name="smartlogin"/>

	<!-- Smartphone Hilfe -->
	<item class="de.telekom.android.smartphonehilfe.gui.StartScreenActivity" name="smartphone_hilfe"/>

	<!-- Snapdrop -->
	<item class="com.fmsys.snapdrop.MainActivity" name="snapdrop"/>

	<!-- Solitaire -->
	<item class="com.belkagames.solitaire.MainSolitaireActivity" name="solitaire"/>

	<!-- Solitaire -->
	<item class="com.mobilityware.sflnativeandroidutils.SFLLaunchActivity" name="solitaire"/>

	<!-- Songkick -->
	<item class="com.songkick.activity.Dashboard" name="songkick"/>

	<!-- SoundCloud -->
	<item class="com.soundcloud.android.launcher.LauncherActivity" name="soundcloud"/>

	<!-- Spaces by Wix -->
	<item class="com.wix.MainActivity" name="spaces_by_wix"/>

	<!-- Spiritfarer -->
	<item class="com.unity3d.player.UnityPlayerActivity" name="spiritfarer"/>

	<!-- Sponge Bob: Get Cooking -->
	<item class="com.unity3d.player.UnityPlayerActivity" name="sponge_bob_get_cooking"/>

	<!-- Spotube -->
	<item class="com.ryanheise.audioservice.AudioServiceActivity" name="spotube"/>

	<!-- ST3TG -->
	<item class="com.unity3d.player.UnityPlayerActivity" name="st3tg"/>

	<!-- State.io -->
	<item class="com.unity3d.player.UnityPlayerActivity" name="stateio"/>

	<!-- Stickers Valeria -->
	<item class="com.netflix.stickersvaleria.EntryActivity" name="stickers_valeria"/>

	<!-- Tuner -->
	<item class="org.billthefarmer.tuner.Tuner" name="tuner"/>

	<!-- Stranger Things -->
	<item class="com.unity3d.player.UnityPlayerActivity" name="stranger_things"/>

	<!-- Stranger Things: 1984 -->
	<item class="com.unity3d.player.UnityPlayerActivity" name="stranger_things_1984"/>

	<!-- Strava -->
	<item class="com.strava.SplashActivity" name="strava"/>

	<!-- StreamFab -->
	<item class="com.dvdfab.downloader.ui.activity.SplashActivity" name="streamfab"/>

	<!-- Stremio -->
	<item class="com.stremio.MainActivity" name="stremio"/>

	<!-- Studio -->
	<item class="com.sec.android.app.vepreload.common.activity.ProjectShortcutActivity" name="studio"/>

	<!-- Subway® -->
	<item class="com.subway.subway.SplashActivity" name="subway®"/>

	<!-- Supershift -->
	<item class="app.supershift.TabbarActivity" name="supershift"/>

	<!-- Suunto -->
	<item class="com.stt.android.launcher.ProxyActivity" name="suunto"/>

	<!-- TagInfo -->
	<item class="com.nxp.taginfo.activities.MainView" name="taginfo"/>

	<!-- Taxi.de -->
	<item class="de.talex.customer_apps.MainActivity" name="taxide"/>

	<!-- TC Slim -->
	<item class="eu.faircode.netguard.ActivityMain" name="tc_slim"/>

	<!-- Teeter -->
	<item class="com.unity3d.player.UnityPlayerActivity" name="teeter"/>

	<!-- Telekom Mail -->
	<item class="de.telekom.mail.MainActivity" name="telekom_mail"/>

	<!-- Tellonym -->
	<item class="de.tellonym.app.MainActivity" name="tellonym"/>

	<!-- Thalia -->
	<item class="eu.thalia.app.ui.appstart.BootActivity" name="thalia"/>

	<!-- Ticket NRW -->
	<item class="de.hafas.main.HafasApp" name="ticket_nrw"/>

	<!-- TIER -->
	<item class="com.tier.legacy.ui.splash.SplashActivity" name="tier"/>

	<!-- TikTok Now -->
	<item class="com.ss.android.ugc.now.homepage.SplashActivity" name="tiktok_now"/>

	<!-- TK -->
	<item class="de.tk.tkapp.start.StartActivity" name="tk"/>

	<!-- TK-Doc -->
	<item class="com.zoontek.rnbootsplash.RNBootSplashActivity" name="tk_doc"/>

	<!-- TK-Ident -->
	<item class="com.ibm.whitelabel.authenticator.auth.AuthenticatorAuthActivity" name="tk_ident"/>

	<!-- tolino -->
	<item class="com.musketeer.host.MainActivity" name="tolino"/>

	<!-- Tomorrow -->
	<item class="one.tomorrow.app.commons.ui.MainActivity" name="tomorrow"/>

	<!-- Too Good To Go -->
	<item class="com.app.tgtg.activities.login.SplashActivity" name="too_good_to_go"/>

	<!-- Too Hot to Handle -->
	<item class="com.netflix.NGP.TooHotToHandle.TooHot" name="too_hot_to_handle"/>

	<!-- Total AdBlock for Samsung -->
	<item class="com.av.adblocker.SplashActivity" name="total_adblock_for_samsung"/>

	<!-- Townsmen - A Kingdom Rebuilt -->
	<item class="com.hg.android.cocos2dx.Application" name="townsmen_a_kingdom_rebuilt"/>

	<!-- Trade Republic -->
	<item class="de.traderepublic.app.ui.splash.LaunchActivity" name="trade republic"/>

	<!-- Traffix -->
	<item class="com.unity3d.player.UnityPlayerActivity" name="traffix"/>

	<!-- TrainPal -->
	<item class="com.pal.common.business.home.activity.LaunchActivity" name="trainpal"/>

	<!-- Trakt -->
	<item class="tv.trakt.trakt.ui.main.MainActivity" name="trakt"/>

	<!-- Travel Pass -->
	<item class="crc64c0d098df2cce96c1.MainActivity" name="travel_pass"/>

	<!-- Travel Town -->
	<item class="com.unity3d.player.UnityPlayerActivity" name="travel_town"/>

	<!-- TravelDeals24 -->
	<item class="net.traveldeals24.main.app.MainActivity" name="traveldeals24"/>

	<!-- True Story -->
	<item class="com.unity3d.player.UnityPlayerActivity" name="true_story"/>

	<!-- Tumblr -->
	<item class="com.tumblr.ui.activity.JumpoffActivity" name="tumblr"/>

	<!-- TuneIn Radio -->
	<item class="tunein.ui.activities.TuneInHomeActivity" name="tunein_radio"/>

	<!-- TV -->
	<item class="com.samsung.android.tvplus.MainActivity" name="tv"/>

	<!-- Twelve Minutes -->
	<item class="com.unity3d.player.UnityPlayerActivity" name="twelve_minutes"/>

	<!-- Twitch -->
	<item class="tv.twitch.android.app.core.LandingActivity" name="twitch"/>

	<!-- Postcards -->
	<item class="de.Postkarte.MainActivity" name="postcards"/>

	<!-- Vacation Tycoon -->
	<item class="com.unity3d.player.UnityPlayerActivity" name="vacation_tycoon"/>

	<!-- Verimi -->
	<item class="com.verimi.main.presentation.ui.MainActivity" name="verimi"/>

	<!-- Verschlüsselung -->
	<item class="de.einsundeins.tresor.presentation.ui.activity.LaunchActivity" name="verschlusselung"/>

	<!-- via medici -->
	<item class="com.ebcont.thieme.viamedici.ui.MainActivity" name="via_medici"/>

	<!-- Viber -->
	<item class="com.viber.voip.WelcomeActivity" name="viber"/>

	<!-- Vierdaagsefeesten -->
	<item class="nl.vierdaagsefeesten.MainActivity" name="vierdaagsefeesten"/>

	<!-- Virtual Android -->
	<item class="com.excean.vphone.SplashActivity" name="virtual_android"/>

	<!-- Voi -->
	<item class="io.voiapp.voi.MainActivity" name="voi"/>

	<!-- VokabelBox -->
	<item class="de.mbreska.vokabelbox.activities.MainActivity" name="vokabelbox"/>

	<!-- VRR App -->
	<item class="crc648cb0c2b02d61f6d1.StartupActivity" name="vrr_app"/>

	<!-- VRR Bus&Bahn -->
	<item class="mentz.com.vrr_cibo_app.MainActivity" name="vrr_bus_and_bahn"/>

	<!-- waipu.tv -->
	<item class="de.exaring.waipu.ui.start.StartUpActivity" name="waiputv"/>

	<!-- Wallet -->
	<item class="org.toshi.MainActivity" name="wallet"/>

	<!-- Waze -->
	<item class="com.waze.FreeMapAppActivity" name="waze"/>

	<!-- WEB.DE Mail -->
	<item class="com.unitedinternet.portal.ui.HostActivity" name="webde_mail"/>

	<!-- Wellpass -->
	<item class="com.netpulse.mobile.launch.LaunchActivity" name="wellpass"/>

	<!-- Raisin -->
	<item class="com.raisin.app.MainActivity" name="raisin"/>

	<!-- WerStreamt.es? -->
	<item class="crc640c17457b81fa6cc4.SplashActivity" name="werstreamtes_"/>

	<!-- what3words -->
	<item class="com.what3words.android.ui.splash.SplashActivity" name="what3words"/>

	<!-- Wild Things -->
	<item class="com.unity3d.player.UnityPlayerActivity" name="wild_things"/>

	<!-- WISO Steuer -->
	<item class="de.buhl.steuerphone.feature.intent.IntentActivity" name="wiso_steuer"/>

	<!-- Wohin·Du·Willst -->
	<item class="de.dbregio.wohinduwillst.feature.splashscreen.SplashscreenActivity" name="wohin·du·willst"/>

	<!-- Wonderland -->
	<item class="com.samsung.android.wonderland.wallpaper.settings.StartupActivity" name="wonderland"/>

	<!-- Word to PDF Converter -->
	<item class="com.weenysoft.word2pdf.MainActivity" name="word_to_pdf_converter"/>

	<!-- WOW -->
	<item class="com.nowtv.startup.StartupActivity" name="wow"/>

	<!-- Writer -->
	<item class="com.zoho.writer.activity.LauncherActivity" name="writer"/>

	<!-- Xoom -->
	<item class="com.xoom.android.app.launch.view.LaunchActivity" name="xoom"/>

	<!-- Yababa -->
	<item class="com.yababa.yababapp.activities.SplashActivity" name="yababa"/>

	<!-- YASAN Launcher -->
	<item class="dev.yasan.launcher.legacy.ui.main.MainActivity" name="yasan_launcher"/>

	<!-- YT Kids -->
	<item class="com.google.android.apps.youtube.kids.splash.SplashScreenActivity" name="yt_kids"/>

	<!-- Z-Lib -->
	<item class="com.positron_it.zlib.ui.splash.SplashActivity" name="z_lib"/>

	<!-- Counter -->
	<item class="me.tsukanov.counter.activities.MainActivity" name="counter"/>

	<!-- ZDFheute -->
	<item class="de.heute.mobile.ui.MainActivity" name="zdfheute"/>

	<!-- ZdfTivi -->
	<item class="de.zdf.mediathek.tivi.MainActivity" name="zdftivi"/>

	<!-- Zoho Sheet -->
	<item class="com.zoho.sheet.android.doclisting.DocListingActivity" name="zoho_sheet"/>

	<!-- Zoomquilt -->
	<item class="org.zoomquilt.zoomapp.IndexActivity" name="zoomquilt"/>

</appmap>