<resources>

	<!-- +Plus -->
	<item component="ComponentInfo{org.cambridge.cdo.plus/com.zoontek.rnbootsplash.RNBootSplashActivity}" drawable="_plus" />

	<!-- Angry Birds -->
	<item component="ComponentInfo{com.rovio.angrybirdsstarwars.ads.iap/com.rovio.fusion.App}" drawable="angry_birds" />

	<!-- Angry Birds 2 -->
	<item component="ComponentInfo{com.rovio.baba/com.unity3d.player.UnityPlayerActivity}" drawable="angry_birds_2" />

	<!-- blu -->
	<item component="ComponentInfo{com.samanpr.blu/com.samanpr.blu.BLUE}" drawable="blu" />

	<!-- Call of Duty -->
	<item component="ComponentInfo{com.activision.callofduty.shooter/com.tencent.tmgp.cod.CODMPrivatePermissionActivity}" drawable="call_of_duty" />

	<!-- CamScanner -->
	<item component="ComponentInfo{com.intsig.camscanner/com.intsig.camscanner.mainmenu.mainactivity.MainActivity}" drawable="camscanner" />

	<!-- Canon Print Service -->
	<item component="ComponentInfo{jp.co.canon.android.printservice.plugin/jp.co.canon.android.printservice.plugin.WalkThroughActivity}" drawable="canon_print_service" />

	<!-- Castbox -->
	<item component="ComponentInfo{fm.castbox.audiobook.radio.podcast/fm.castbox.audio.radio.podcast.ui.main.MainActivity}" drawable="castbox" />

	<!-- Cut the Rope 2 -->
	<item component="ComponentInfo{com.zeptolab.ctr2.f2p.google/com.zeptolab.ctr2.CTR2Activity}" drawable="cut_the_rope_2" />

	<!-- Dictionary -->
	<item component="ComponentInfo{com.mobisystems.msdict.embedded.wireless.oxford.dictionaryofenglish/com.mobisystems.oxford_dictionary.MainActivity}" drawable="dictionary" />

	<!-- DLS23 -->
	<item component="ComponentInfo{com.firsttouchgames.dls7/com.firsttouchgames.dls7.MainActivity}" drawable="dls23" />

	<!-- Fastdic -->
	<item component="ComponentInfo{fast.dic.dict/fast.dic.dict.activities.SplashActivity}" drawable="fastdic" />

	<!-- Hiddify Next -->
	<item component="ComponentInfo{app.hiddify.com/com.hiddify.hiddify.MainActivity}" drawable="hiddify_next" />

	<!-- Hill Climb 2 -->
	<item component="ComponentInfo{com.fingersoft.hcr2/com.fingersoft.hcr2.AppActivity}" drawable="hill_climb_2" />

	<!-- Last.fm -->
	<item component="ComponentInfo{fm.last.android/fm.last.android.ui.activity.SplashScreen}" drawable="lastfm" />

	<!-- LDOAE5 -->
	<item component="ComponentInfo{dictionary.ofamerican.english/dictionary.ofamerican.english.view.SplashActivity}" drawable="ldoae5" />

	<!-- My Irancell -->
	<item component="ComponentInfo{com.myirancell/com.myirancell.MainActivity}" drawable="my_irancell" />

	<!-- My-MCI -->
	<item component="ComponentInfo{ir.mci.ecareapp/ir.mci.ecareapp.ui.activity.LauncherActivity}" drawable="my_mci" />

	<!-- NapsternetV -->
	<item component="ComponentInfo{com.napsternetlabs.napsternetv/com.napsternetlabs.napsternetv.kkAhtatwbwcyv}" drawable="napsternetv" />

	<!-- Neshan -->
	<item component="ComponentInfo{org.rajman.neshan.traffic.tehran.navigator/org.rajman.neshan.ui.activity.MainActivity}" drawable="neshan" />

	<!-- OALD -->
	<item component="ComponentInfo{com.oup.elt.oald10_gp/com.paragon_software.splash_screen_manager.BaseLauncherActivity}" drawable="oald" />

	<!-- Odyssey -->
	<item component="ComponentInfo{com.noodlecake.altosodyssey/com.unity3d.player.UnityPlayerActivity}" drawable="odyssey" />

	<!-- Persian Calendar -->
	<item component="ComponentInfo{com.byagowi.persiancalendar/com.byagowi.persiancalendar.ui.MainActivity}" drawable="persian_calendar" />

	<!-- PRINT -->
	<item component="ComponentInfo{jp.co.canon.oip.android.opal/jp.co.canon.oip.android.opal.ui.activity.MainActivity}" drawable="print" />

	<!-- Radio Javan -->
	<item component="ComponentInfo{com.radiojavan.androidradio/com.radiojavan.androidradio.splash.LauncherActivity}" drawable="radio_javan" />

	<!-- Reddit -->
	<item component="ComponentInfo{com.reddit.frontpage/launcher.doge}" drawable="reddit" />

	<!-- Snapp -->
	<item component="ComponentInfo{cab.snapp.passenger/cab.snapp.passenger.app_starter.LauncherActivity}" drawable="snapp" />

	<!-- SoundHound -->
	<item component="ComponentInfo{com.melodis.midomiMusicIdentifier.freemium/com.soundhound.android.appcommon.activity.SplashScreenActivity}" drawable="soundhound" />

	<!-- Stickman Archer -->
	<item component="ComponentInfo{com.byril.stickmanarcher/com.unity3d.player.UnityPlayerActivity}" drawable="stickman_archer" />

	<!-- Telegram Beta -->
	<item component="ComponentInfo{org.telegram.messenger.beta/org.telegram.messenger.DefaultIcon}" drawable="telegram_beta" />

	<!-- TV Time -->
	<item component="ComponentInfo{com.tozelabs.tvshowtime/com.tozelabs.tvshowtime.MainActivity}" drawable="tv_time" />

	<!-- UNO -->
	<item component="ComponentInfo{com.matteljv.uno/com.netease.uno.CustomOverrideActivity}" drawable="uno" />

	<!-- بام -->
	<item component="ComponentInfo{ir.bmi.bam.nativeweb/ir.bmi.bam.DarkIcon}" drawable="بام" />

</resources>