<Theme version="1">

	<!-- +Plus -->
	<AppIcon name="org.cambridge.cdo.plus/com.zoontek.rnbootsplash.RNBootSplashActivity" image="_plus"/>

	<!-- Angry Birds -->
	<AppIcon name="com.rovio.angrybirdsstarwars.ads.iap/com.rovio.fusion.App" image="angry_birds"/>

	<!-- Angry Birds 2 -->
	<AppIcon name="com.rovio.baba/com.unity3d.player.UnityPlayerActivity" image="angry_birds_2"/>

	<!-- blu -->
	<AppIcon name="com.samanpr.blu/com.samanpr.blu.BLUE" image="blu"/>

	<!-- Call of Duty -->
	<AppIcon name="com.activision.callofduty.shooter/com.tencent.tmgp.cod.CODMPrivatePermissionActivity" image="call_of_duty"/>

	<!-- CamScanner -->
	<AppIcon name="com.intsig.camscanner/com.intsig.camscanner.mainmenu.mainactivity.MainActivity" image="camscanner"/>

	<!-- Canon Print Service -->
	<AppIcon name="jp.co.canon.android.printservice.plugin/jp.co.canon.android.printservice.plugin.WalkThroughActivity" image="canon_print_service"/>

	<!-- Castbox -->
	<AppIcon name="fm.castbox.audiobook.radio.podcast/fm.castbox.audio.radio.podcast.ui.main.MainActivity" image="castbox"/>

	<!-- Cut the Rope 2 -->
	<AppIcon name="com.zeptolab.ctr2.f2p.google/com.zeptolab.ctr2.CTR2Activity" image="cut_the_rope_2"/>

	<!-- Dictionary -->
	<AppIcon name="com.mobisystems.msdict.embedded.wireless.oxford.dictionaryofenglish/com.mobisystems.oxford_dictionary.MainActivity" image="dictionary"/>

	<!-- DLS23 -->
	<AppIcon name="com.firsttouchgames.dls7/com.firsttouchgames.dls7.MainActivity" image="dls23"/>

	<!-- Fastdic -->
	<AppIcon name="fast.dic.dict/fast.dic.dict.activities.SplashActivity" image="fastdic"/>

	<!-- Hiddify Next -->
	<AppIcon name="app.hiddify.com/com.hiddify.hiddify.MainActivity" image="hiddify_next"/>

	<!-- Hill Climb 2 -->
	<AppIcon name="com.fingersoft.hcr2/com.fingersoft.hcr2.AppActivity" image="hill_climb_2"/>

	<!-- Last.fm -->
	<AppIcon name="fm.last.android/fm.last.android.ui.activity.SplashScreen" image="lastfm"/>

	<!-- LDOAE5 -->
	<AppIcon name="dictionary.ofamerican.english/dictionary.ofamerican.english.view.SplashActivity" image="ldoae5"/>

	<!-- My Irancell -->
	<AppIcon name="com.myirancell/com.myirancell.MainActivity" image="my_irancell"/>

	<!-- My-MCI -->
	<AppIcon name="ir.mci.ecareapp/ir.mci.ecareapp.ui.activity.LauncherActivity" image="my_mci"/>

	<!-- NapsternetV -->
	<AppIcon name="com.napsternetlabs.napsternetv/com.napsternetlabs.napsternetv.kkAhtatwbwcyv" image="napsternetv"/>

	<!-- Neshan -->
	<AppIcon name="org.rajman.neshan.traffic.tehran.navigator/org.rajman.neshan.ui.activity.MainActivity" image="neshan"/>

	<!-- OALD -->
	<AppIcon name="com.oup.elt.oald10_gp/com.paragon_software.splash_screen_manager.BaseLauncherActivity" image="oald"/>

	<!-- Odyssey -->
	<AppIcon name="com.noodlecake.altosodyssey/com.unity3d.player.UnityPlayerActivity" image="odyssey"/>

	<!-- Persian Calendar -->
	<AppIcon name="com.byagowi.persiancalendar/com.byagowi.persiancalendar.ui.MainActivity" image="persian_calendar"/>

	<!-- PRINT -->
	<AppIcon name="jp.co.canon.oip.android.opal/jp.co.canon.oip.android.opal.ui.activity.MainActivity" image="print"/>

	<!-- Radio Javan -->
	<AppIcon name="com.radiojavan.androidradio/com.radiojavan.androidradio.splash.LauncherActivity" image="radio_javan"/>

	<!-- Reddit -->
	<AppIcon name="com.reddit.frontpage/launcher.doge" image="reddit"/>

	<!-- Snapp -->
	<AppIcon name="cab.snapp.passenger/cab.snapp.passenger.app_starter.LauncherActivity" image="snapp"/>

	<!-- SoundHound -->
	<AppIcon name="com.melodis.midomiMusicIdentifier.freemium/com.soundhound.android.appcommon.activity.SplashScreenActivity" image="soundhound"/>

	<!-- Stickman Archer -->
	<AppIcon name="com.byril.stickmanarcher/com.unity3d.player.UnityPlayerActivity" image="stickman_archer"/>

	<!-- Telegram Beta -->
	<AppIcon name="org.telegram.messenger.beta/org.telegram.messenger.DefaultIcon" image="telegram_beta"/>

	<!-- TV Time -->
	<AppIcon name="com.tozelabs.tvshowtime/com.tozelabs.tvshowtime.MainActivity" image="tv_time"/>

	<!-- UNO -->
	<AppIcon name="com.matteljv.uno/com.netease.uno.CustomOverrideActivity" image="uno"/>

	<!-- بام -->
	<AppIcon name="ir.bmi.bam.nativeweb/ir.bmi.bam.DarkIcon" image="بام"/>

</Theme>