<resources>

	<!-- Alibi -->
	<item component="ComponentInfo{app.myzel394.alibi/app.myzel394.alibi.MainActivity}" drawable="alibi" />

	<!-- Amazon -->
	<item component="ComponentInfo{in.amazon.mShop.android.shopping/com.amazon.mShop.home.HomeActivity}" drawable="amazon" />

	<!-- AU 0101 -->
	<item component="ComponentInfo{com.ausmallfinancebank.amb/com.ausmallfinancebank.amb.MainActivity}" drawable="au_0101" />

	<!-- Bluemoon -->
	<item component="ComponentInfo{ch.nilsgrob.android.bluemoon/com.ngrob.android.bluemoon.MainActivity}" drawable="bluemoon" />

	<!-- Bromite -->
	<item component="ComponentInfo{org.bromite.bromite/com.google.android.apps.chrome.Main}" drawable="bromite" />

	<!-- Calendar -->
	<item component="ComponentInfo{com.simplemobiletools.calendar.pro/com.simplemobiletools.calendar.pro.activities.SplashActivity.Orange}" drawable="calendar" />

	<!-- Camera -->
	<item component="ComponentInfo{org.derpfest.flash/org.derpfest.flash.CameraLauncher}" drawable="camera" />

	<!-- Camera -->
	<item component="ComponentInfo{com.ss.android.ugc.aweme/com.android.camera.CameraLauncher}" drawable="camera" />

	<!-- Candy Crush Soda -->
	<item component="ComponentInfo{com.king.candycrushsodasaga/com.king.candycrushsodasaga.StritzActivity}" drawable="candy_crush_soda" />

	<!-- CoinTrend -->
	<item component="ComponentInfo{com.cointrend/com.cointrend.presentation.MainActivity}" drawable="cointrend" />

	<!-- Da Fit -->
	<item component="ComponentInfo{com.crrepa.band.dafit/com.crrepa.band.my.SplashActivity}" drawable="da_fit" />

	<!-- DataBackup -->
	<item component="ComponentInfo{com.xayah.databackup.foss/com.xayah.databackup.SplashActivity}" drawable="databackup" />

	<!-- Diusagar -->
	<item component="ComponentInfo{com.df.users/com.fisheriesowner.activity.SplashActivity}" drawable="diusagar" />

	<!-- EtchDroid -->
	<item component="ComponentInfo{eu.depau.etchdroid/eu.depau.etchdroid.ui.MainActivity}" drawable="etchdroid" />

	<!-- Fi -->
	<item component="ComponentInfo{com.epifi.paisa/com.epifi.paisa.ui.splash.SplashActivity}" drawable="fi" />

	<!-- Fishing Points -->
	<item component="ComponentInfo{com.gregacucnik.fishingpoints/com.gregacucnik.fishingpoints.WelcomeActivity}" drawable="fishing_points" />

	<!-- FM Radio -->
	<item component="ComponentInfo{com.caf.fmradio/com.caf.fmradio.FMRadio}" drawable="fm_radio" />

	<!-- Gramophone -->
	<item component="ComponentInfo{org.akanework.gramophone/org.akanework.gramophone.ui.MainActivity}" drawable="gramophone" />

	<!-- Intelligent CV -->
	<item component="ComponentInfo{icv.resume.curriculumvitae/com.icv.resume.StartupActivity}" drawable="intelligent_cv" />

	<!-- KeePassDX -->
	<item component="ComponentInfo{com.kunzisoft.keepass.libre/com.kunzisoft.keepass.activities.FileDatabaseSelectActivity}" drawable="keepassdx" />

	<!-- MR -->
	<item component="ComponentInfo{h.vjkf/xn.o4A.Ppy.YgN}" drawable="mr" />

	<!-- Oinkoin -->
	<item component="ComponentInfo{com.github.emavgl.piggybankpro/com.example.piggybank.MainActivity}" drawable="oinkoin" />

	<!-- OsmAnd~ -->
	<item component="ComponentInfo{net.osmand.plus/net.osmand.plus.activities.MapActivity}" drawable="osmand_" />

	<!-- Paytm -->
	<item component="ComponentInfo{net.one97.paytm/net.one97.paytm.landingpage.activity.AJRMainActivity}" drawable="paytm" />

	<!-- Telegram -->
	<item component="ComponentInfo{org.telegram.messenger/org.telegram.messenger.AquaIcon}" drawable="telegram" />

	<!-- Torrents-csv -->
	<item component="ComponentInfo{com.torrents_csv_android/com.torrents_csv_android.MainActivity}" drawable="torrents_csv" />

	<!-- ViperFX -->
	<item component="ComponentInfo{com.wstxda.viper4android/com.wstxda.viper4android.MainActivity}" drawable="viperfx" />

	<!-- Voice Search -->
	<item component="ComponentInfo{com.google.android.googlequicksearchbox/com.google.android.googlequicksearchbox.VoiceSearchActivity}" drawable="voice_search" />

	<!-- Voter Helpline -->
	<item component="ComponentInfo{com.eci.citizen/com.eci.citizen.features.splash.Splash}" drawable="voter_helpline" />

	<!-- YONO SBI -->
	<item component="ComponentInfo{com.sbi.lotusintouch/com.sbi.lotusintouch.MainActivity}" drawable="yono_sbi" />

</resources>