<resources>

	<!-- AliExpress -->
	<item component="ComponentInfo{com.alibaba.aliexpresshd/com.aliexpress.app.FirstActivity}" drawable="aliexpress" />

	<!-- Antimine -->
	<item component="ComponentInfo{dev.lucanlm.antimine/dev.lucasnlm.antimine.main.MainActivity}" drawable="antimine" />

	<!-- App vault -->
	<item component="ComponentInfo{com.mi.globalminusscreen/com.mi.globalminusscreen.MainActivity}" drawable="app_vault" />

	<!-- Clock -->
	<item component="ComponentInfo{com.android.deskclock/com.android.deskclock.DeskClockTabActivity}" drawable="clock" />

	<!-- Compass -->
	<item component="ComponentInfo{com.miui.compass/com.miui.compass.CompassActivity}" drawable="compass" />

	<!-- Dreamfora -->
	<item component="ComponentInfo{com.dreamfora.dreamfora/com.dreamfora.dreamfora.SplashActivity}" drawable="dreamfora" />

	<!-- FM Radio -->
	<item component="ComponentInfo{com.miui.fm/com.miui.fmradio.FmRadioActivity}" drawable="miui_fm_radio" />

	<!-- Gallery -->
	<item component="ComponentInfo{com.miui.gallery/com.miui.gallery.activity.HomePageActivity}" drawable="miui_gallery" />

	<!-- Habitica -->
	<item component="ComponentInfo{com.habitrpg.android.habitica/com.habitrpg.android.habitica.ui.activities.MainActivity}" drawable="habitica" />

	<!-- Merlin -->
	<item component="ComponentInfo{com.labs.merlinbirdid.app/com.labs.merlinbirdid.app.SplashScreenActivity}" drawable="merlin" />

	<!-- Metropolitano Logroño -->
	<item component="ComponentInfo{com.geoactio.logrono/com.geoactio.logrono.Principal}" drawable="metropolitano_logrono" />

	<!-- Mi Picks -->
	<item component="ComponentInfo{com.xiaomi.mipicks/com.xiaomi.mipicks.MiPicksAlias}" drawable="mi_picks" />

	<!-- Mi Remote -->
	<item component="ComponentInfo{com.duokan.phone.remotecontroller/com.xiaomi.mitv.phone.remotecontroller.HoriWidgetMainActivityV2}" drawable="mi_remote" />

	<!-- MoneyBuster -->
	<item component="ComponentInfo{net.eneiluj.moneybuster/net.eneiluj.moneybuster.android.activity.BillsListViewActivity}" drawable="moneybuster" />

	<!-- Notes -->
	<item component="ComponentInfo{com.miui.notes/com.miui.notes.ui.NotesListActivity}" drawable="notes" />

	<!-- OpenHIIT -->
	<item component="ComponentInfo{com.codepup.workout_timer/com.codepup.workout_timer.MainActivity}" drawable="openhiit" />

	<!-- Riseup VPN -->
	<item component="ComponentInfo{se.leap.riseupvpn/se.leap.bitmaskclient.base.StartActivity}" drawable="riseup_vpn" />

	<!-- Rock Identifier -->
	<item component="ComponentInfo{com.picturerock.rock/com.glority.android.picturexx.splash.SplashActivity}" drawable="rock_identifier" />

	<!-- Scanner -->
	<item component="ComponentInfo{com.xiaomi.scanner/com.xiaomi.scanner.app.ScanActivity}" drawable="scanner" />

	<!-- Screen Recorder -->
	<item component="ComponentInfo{com.miui.screenrecorder/com.miui.screenrecorder.activity.ScreenRecorderHomeActivity}" drawable="screen_recorder" />

	<!-- Services & feedback -->
	<item component="ComponentInfo{com.miui.miservice/com.miui.miservice.main.MainActivity}" drawable="services_and_feedback" />

	<!-- Settings -->
	<item component="ComponentInfo{com.android.settings/com.android.settings.MainSettings}" drawable="settings" />

	<!-- Sky Map -->
	<item component="ComponentInfo{com.google.android.stardroid/com.google.android.stardroid.activities.SplashScreenActivity}" drawable="sky_map" />

	<!-- Themes -->
	<item component="ComponentInfo{com.android.thememanager/com.android.thememanager.ThemeResourceTabActivity}" drawable="themes" />

	<!-- TravelSpend -->
	<item component="ComponentInfo{tech.jonas.travelbudget/tech.jonas.travelbudget.MainActivity}" drawable="travelspend" />

	<!-- Trip.com -->
	<item component="ComponentInfo{ctrip.english/com.ctrip.ibu.myctrip.main.module.home.IBUHomeActivity}" drawable="tripcom" />

	<!-- Weather -->
	<item component="ComponentInfo{com.miui.weather2/com.miui.weather2.ActivityWeatherMain}" drawable="weather" />

</resources>