<appmap>

	<!-- AliExpress -->
	<item class="com.aliexpress.app.FirstActivity" name="aliexpress"/>

	<!-- Antimine -->
	<item class="dev.lucasnlm.antimine.main.MainActivity" name="antimine"/>

	<!-- App vault -->
	<item class="com.mi.globalminusscreen.MainActivity" name="app_vault"/>

	<!-- Clock -->
	<item class="com.android.deskclock.DeskClockTabActivity" name="clock"/>

	<!-- Compass -->
	<item class="com.miui.compass.CompassActivity" name="compass"/>

	<!-- Dreamfora -->
	<item class="com.dreamfora.dreamfora.SplashActivity" name="dreamfora"/>

	<!-- Habitica -->
	<item class="com.habitrpg.android.habitica.ui.activities.MainActivity" name="habitica"/>

	<!-- Merlin -->
	<item class="com.labs.merlinbirdid.app.SplashScreenActivity" name="merlin"/>

	<!-- Metropolitano Logroño -->
	<item class="com.geoactio.logrono.Principal" name="metropolitano_logrono"/>

	<!-- Mi Picks -->
	<item class="com.xiaomi.mipicks.MiPicksAlias" name="mi_picks"/>

	<!-- Mi Remote -->
	<item class="com.xiaomi.mitv.phone.remotecontroller.HoriWidgetMainActivityV2" name="mi_remote"/>

	<!-- MoneyBuster -->
	<item class="net.eneiluj.moneybuster.android.activity.BillsListViewActivity" name="moneybuster"/>

	<!-- Notes -->
	<item class="com.miui.notes.ui.NotesListActivity" name="notes"/>

	<!-- OpenHIIT -->
	<item class="com.codepup.workout_timer.MainActivity" name="openhiit"/>

	<!-- Riseup VPN -->
	<item class="se.leap.bitmaskclient.base.StartActivity" name="riseup_vpn"/>

	<!-- Rock Identifier -->
	<item class="com.glority.android.picturexx.splash.SplashActivity" name="rock_identifier"/>

	<!-- Scanner -->
	<item class="com.xiaomi.scanner.app.ScanActivity" name="scanner"/>

	<!-- Screen Recorder -->
	<item class="com.miui.screenrecorder.activity.ScreenRecorderHomeActivity" name="screen_recorder"/>

	<!-- Services & feedback -->
	<item class="com.miui.miservice.main.MainActivity" name="services_and_feedback"/>

	<!-- Settings -->
	<item class="com.android.settings.MainSettings" name="settings"/>

	<!-- Sky Map -->
	<item class="com.google.android.stardroid.activities.SplashScreenActivity" name="sky_map"/>

	<!-- Themes -->
	<item class="com.android.thememanager.ThemeResourceTabActivity" name="themes"/>

	<!-- TravelSpend -->
	<item class="tech.jonas.travelbudget.MainActivity" name="travelspend"/>

	<!-- Trip.com -->
	<item class="com.ctrip.ibu.myctrip.main.module.home.IBUHomeActivity" name="tripcom"/>

	<!-- Weather -->
	<item class="com.miui.weather2.ActivityWeatherMain" name="weather"/>

</appmap>