<resources>

	<!-- 360 Reality Audio Live -->
	<item component="ComponentInfo{com.streamsoftinc.sony360ramobile/com.streamsoftinc.sony360ramobile.SplashScreenActivity}" drawable="_360_reality_audio_live" />

	<!-- 9GAG -->
	<item component="ComponentInfo{com.ninegag.android.app/com.ninegag.android.app.ui.home.HomeActivity}" drawable="_9gag" />

	<!-- Acapela TTS Voices -->
	<item component="ComponentInfo{com.acapelagroup.android.tts/com.acapelagroup.android.mainmenu.MainMenu}" drawable="acapela_tts_voices" />

	<!-- AmazFaces -->
	<item component="ComponentInfo{com.amazfitwatchfaces.st/com.amazfitwatchfaces.st.MainActivity}" drawable="amazfaces" />

	<!-- App Lock - XLock -->
	<item component="ComponentInfo{applock.lockapps.fingerprint.password.locker/applock.lockapps.fingerprint.password.locker.activity.SplashActivity}" drawable="app_lock_xlock" />

	<!-- Arcticons -->
	<item component="ComponentInfo{com.donnnno.arcticons/com.donnnno.arcticons.activities.MainActivity}" drawable="arcticons" />

	<!-- Arts & Culture -->
	<item component="ComponentInfo{com.google.android.apps.cultural/com.google.android.apps.cultural.flutter.HomeFlutterActivity}" drawable="arts_and_culture" />

	<!-- Bakaláři OnLine -->
	<item component="ComponentInfo{cz.bakalari.mobile/cz.bakalari.mobile.MainActivity}" drawable="bakalari_online" />

	<!-- Bluetooth Audio Connect Widget -->
	<item component="ComponentInfo{com.tom.bluetoothDevicesWidget/com.tom.bluetoothdeviceswidget.MainActivity}" drawable="bluetooth_audio_connect_widget" />

	<!-- Caffeine -->
	<item component="ComponentInfo{moe.zhs.caffeine/moe.zhs.caffeine.MainActivity}" drawable="caffeine" />

	<!-- ConnectBot -->
	<item component="ComponentInfo{org.connectbot/org.connectbot.HostListActivity}" drawable="connectbot" />

	<!-- Cube Escape: The Cave -->
	<item component="ComponentInfo{air.com.RustyLake.CubeEscapeTheCave/air.com.RustyLake.CubeEscapeTheCave.AIRAppEntry}" drawable="cube_escape_the_cave" />

	<!-- ČHMÚ -->
	<item component="ComponentInfo{cz.oksystem.chmu.basic/cz.oksystem.chmu.basic.activity.DrawerActivity}" drawable="chmu" />

	<!-- Expense Manager -->
	<item component="ComponentInfo{at.markushi.expensemanager/at.markushi.expensemanager.view.main.HomeActivity}" drawable="expense_manager" />

	<!-- Family Link -->
	<item component="ComponentInfo{com.google.android.apps.kids.familylink/com.google.android.apps.kids.familylink.flutter.standalone.HomeActivity}" drawable="family_link" />

	<!-- Headphones -->
	<item component="ComponentInfo{com.sony.songpal.mdr/com.sony.songpal.mdr.vim.activity.MdrMainActivity}" drawable="headphones" />

	<!-- IDOS -->
	<item component="ComponentInfo{cz.mafra.jizdnirady/cz.mafra.jizdnirady.activity.SplashActivity}" drawable="idos" />

	<!-- In-počasí -->
	<item component="ComponentInfo{com.johnniek.inpocasi.widget/com.johnniek.inpocasi.widget.MainActivity}" drawable="in_pocasi" />

	<!-- Kalendář Widget -->
	<item component="ComponentInfo{sk.mildev84.agendareminder/sk.mildev84.agendareminder.activities.intro.MainActivity}" drawable="kalendar_widget" />

	<!-- Kathy Rain -->
	<item component="ComponentInfo{com.rawfury.kathy/com.rawfury.kathy.MainActivity}" drawable="kathy_rain" />

	<!-- Keepass2Android -->
	<item component="ComponentInfo{keepass2android.keepass2android/crc64dd09b2a2e58bb27d.KeePass}" drawable="keepass2android" />

	<!-- Klara -->
	<item component="ComponentInfo{org.androworks.klara/org.androworks.klara.MainActivity}" drawable="klara" />

	<!-- Koala Sampler -->
	<item component="ComponentInfo{com.elf.koalasampler/com.elf.koalasampler.KoalaActivity}" drawable="koala_sampler" />

	<!-- Lapse -->
	<item component="ComponentInfo{com.cornago.stefano.lapse/com.cornago.stefano.lapse.activities.StartActivity}" drawable="lapse" />

	<!-- Listen Audiobook Player -->
	<item component="ComponentInfo{com.acmeandroid.listen/com.acmeandroid.listen.SplashActivity}" drawable="listen_audiobook_player" />

	<!-- Mapy.cz -->
	<item component="ComponentInfo{cz.seznam.mapy/cz.seznam.mapy.MapActivity}" drawable="mapycz" />

	<!-- Megalodon -->
	<item component="ComponentInfo{org.joinmastodon.android.sk/org.joinmastodon.android.MainActivity}" drawable="megalodon" />

	<!-- Mekorama -->
	<item component="ComponentInfo{com.martinmagni.mekorama/com.martinmagni.mekorama.Mekorama}" drawable="mekorama" />

	<!-- MOBIL.CZ -->
	<item component="ComponentInfo{com.zentity.mobilcz/com.zentity.mobilcz.ui.MainActivity}" drawable="mobilcz" />

	<!-- Monument Valley -->
	<item component="ComponentInfo{com.ustwo.monumentvalley/com.unity3d.player.UnityPlayerActivity}" drawable="monument_valley" />

	<!-- Moon+ Reader Pro -->
	<item component="ComponentInfo{com.flyersoft.moonreaderp/com.flyersoft.moonreaderp.ActivityMain}" drawable="moon_reader_pro" />

	<!-- Můj Vodafone -->
	<item component="ComponentInfo{com.zentity.vodafone/com.zentity.vodafone.SplashScreenActivity}" drawable="muj_vodafone" />

	<!-- mujRozhlas -->
	<item component="ComponentInfo{cz.rozhlas.mujrozhlas/cz.rozhlas.mujrozhlas.MainActivity}" drawable="mujrozhlas" />

	<!-- OI.Share -->
	<item component="ComponentInfo{com.omdigitalsolutions.oishare/com.omdigitalsolutions.oishare.splash.SplashActivity}" drawable="oishare" />

	<!-- PO Pixel -->
	<item component="ComponentInfo{com.teenageengineering.pocketoperatorforpixel/com.unity3d.player.FoldablePlayerActivity}" drawable="po_pixel" />

	<!-- Pocket City -->
	<item component="ComponentInfo{com.codebrewgames.pocketcitygame/com.codebrewgames.pocketcitygame.MainActivity}" drawable="pocket_city" />

	<!-- Polda 7 -->
	<item component="ComponentInfo{com.zimasoft.polda7cze/com.zimasoft.polda7cze.Polda7Cze}" drawable="polda_7" />

	<!-- Poweramp -->
	<item component="ComponentInfo{com.maxmpz.audioplayer/com.maxmpz.audioplayer.standard_adaptive}" drawable="poweramp" />

	<!-- Poweramp Unlocker -->
	<item component="ComponentInfo{com.maxmpz.audioplayer.unlock/com.maxmpz.audioplayer.unlock.LauncherRedirectorActivity}" drawable="poweramp_unlocker" />

	<!-- Raiffeisen -->
	<item component="ComponentInfo{cz.rb.app.smartphonebanking/com.zentity.rbcz.composable.activity.UdsLoginActivity}" drawable="raiffeisen" />

	<!-- Samsara Room -->
	<item component="ComponentInfo{air.com.RustyLake.SamsaraRoom/air.com.RustyLake.SamsaraRoom.AIRAppEntry}" drawable="samsara_room" />

	<!-- Sky Map -->
	<item component="ComponentInfo{com.google.android.stardroid/com.google.android.stardroid.activities.SplashScreenActivity}" drawable="sky_map" />

	<!-- The House of da Vinci 3 -->
	<item component="ComponentInfo{com.bluebraingames.thehouseofdavinci3/com.unity3d.player.UnityPlayerActivity}" drawable="the_house_of_da_vinci_3" />

	<!-- Tiny Room -->
	<item component="ComponentInfo{com.kiarygames.tinyroom/com.unity3d.player.UnityPlayerActivity}" drawable="tiny_room" />

	<!-- Tipy pro Pixel -->
	<item component="ComponentInfo{com.google.android.apps.tips/com.google.android.apps.tips.TipsMain}" drawable="tipy_pro_pixel" />

	<!-- Tormentum -->
	<item component="ComponentInfo{air.com.ohnoo.tormentum/air.com.ohnoo.tormentum.AppEntry}" drawable="tormentum" />

	<!-- Truberbrook -->
	<item component="ComponentInfo{com.headup.truberbrook/com.unity3d.player.UnityPlayerActivity}" drawable="truberbrook" />

	<!-- Waze -->
	<item component="ComponentInfo{com.waze/com.waze.FreeMapAppActivity}" drawable="waze" />

	<!-- Zásilkovna -->
	<item component="ComponentInfo{cz.zasilkovna.app/cz.zasilkovna.app.dashboard.view.MainActivity}" drawable="zasilkovna" />

	<!-- Zprávy -->
	<item component="ComponentInfo{com.google.android.apps.magazines/com.google.apps.dots.android.app.activity.CurrentsStartActivity}" drawable="zpravy" />

</resources>