<appmap>

	<!-- 360 Reality Audio Live -->
	<item class="com.streamsoftinc.sony360ramobile.SplashScreenActivity" name="_360_reality_audio_live"/>

	<!-- 9GAG -->
	<item class="com.ninegag.android.app.ui.home.HomeActivity" name="_9gag"/>

	<!-- Acapela TTS Voices -->
	<item class="com.acapelagroup.android.mainmenu.MainMenu" name="acapela_tts_voices"/>

	<!-- AmazFaces -->
	<item class="com.amazfitwatchfaces.st.MainActivity" name="amazfaces"/>

	<!-- App Lock - XLock -->
	<item class="applock.lockapps.fingerprint.password.locker.activity.SplashActivity" name="app_lock_xlock"/>

	<!-- Arcticons -->
	<item class="com.donnnno.arcticons.activities.MainActivity" name="arcticons"/>

	<!-- Arts & Culture -->
	<item class="com.google.android.apps.cultural.flutter.HomeFlutterActivity" name="arts_and_culture"/>

	<!-- Bakaláři OnLine -->
	<item class="cz.bakalari.mobile.MainActivity" name="bakalari_online"/>

	<!-- Bluetooth Audio Connect Widget -->
	<item class="com.tom.bluetoothdeviceswidget.MainActivity" name="bluetooth_audio_connect_widget"/>

	<!-- Caffeine -->
	<item class="moe.zhs.caffeine.MainActivity" name="caffeine"/>

	<!-- ConnectBot -->
	<item class="org.connectbot.HostListActivity" name="connectbot"/>

	<!-- Cube Escape: The Cave -->
	<item class="air.com.RustyLake.CubeEscapeTheCave.AIRAppEntry" name="cube_escape_the_cave"/>

	<!-- ČHMÚ -->
	<item class="cz.oksystem.chmu.basic.activity.DrawerActivity" name="chmu"/>

	<!-- Expense Manager -->
	<item class="at.markushi.expensemanager.view.main.HomeActivity" name="expense_manager"/>

	<!-- Family Link -->
	<item class="com.google.android.apps.kids.familylink.flutter.standalone.HomeActivity" name="family_link"/>

	<!-- Headphones -->
	<item class="com.sony.songpal.mdr.vim.activity.MdrMainActivity" name="headphones"/>

	<!-- IDOS -->
	<item class="cz.mafra.jizdnirady.activity.SplashActivity" name="idos"/>

	<!-- In-počasí -->
	<item class="com.johnniek.inpocasi.widget.MainActivity" name="in_pocasi"/>

	<!-- Kalendář Widget -->
	<item class="sk.mildev84.agendareminder.activities.intro.MainActivity" name="kalendar_widget"/>

	<!-- Kathy Rain -->
	<item class="com.rawfury.kathy.MainActivity" name="kathy_rain"/>

	<!-- Keepass2Android -->
	<item class="crc64dd09b2a2e58bb27d.KeePass" name="keepass2android"/>

	<!-- Klara -->
	<item class="org.androworks.klara.MainActivity" name="klara"/>

	<!-- Koala Sampler -->
	<item class="com.elf.koalasampler.KoalaActivity" name="koala_sampler"/>

	<!-- Lapse -->
	<item class="com.cornago.stefano.lapse.activities.StartActivity" name="lapse"/>

	<!-- Listen Audiobook Player -->
	<item class="com.acmeandroid.listen.SplashActivity" name="listen_audiobook_player"/>

	<!-- Mapy.cz -->
	<item class="cz.seznam.mapy.MapActivity" name="mapycz"/>

	<!-- Megalodon -->
	<item class="org.joinmastodon.android.MainActivity" name="megalodon"/>

	<!-- Mekorama -->
	<item class="com.martinmagni.mekorama.Mekorama" name="mekorama"/>

	<!-- MOBIL.CZ -->
	<item class="com.zentity.mobilcz.ui.MainActivity" name="mobilcz"/>

	<!-- Monument Valley -->
	<item class="com.unity3d.player.UnityPlayerActivity" name="monument_valley"/>

	<!-- Moon+ Reader Pro -->
	<item class="com.flyersoft.moonreaderp.ActivityMain" name="moon_reader_pro"/>

	<!-- Můj Vodafone -->
	<item class="com.zentity.vodafone.SplashScreenActivity" name="muj_vodafone"/>

	<!-- mujRozhlas -->
	<item class="cz.rozhlas.mujrozhlas.MainActivity" name="mujrozhlas"/>

	<!-- OI.Share -->
	<item class="com.omdigitalsolutions.oishare.splash.SplashActivity" name="oishare"/>

	<!-- PO Pixel -->
	<item class="com.unity3d.player.FoldablePlayerActivity" name="po_pixel"/>

	<!-- Pocket City -->
	<item class="com.codebrewgames.pocketcitygame.MainActivity" name="pocket_city"/>

	<!-- Polda 7 -->
	<item class="com.zimasoft.polda7cze.Polda7Cze" name="polda_7"/>

	<!-- Poweramp -->
	<item class="com.maxmpz.audioplayer.standard_adaptive" name="poweramp"/>

	<!-- Poweramp Unlocker -->
	<item class="com.maxmpz.audioplayer.unlock.LauncherRedirectorActivity" name="poweramp_unlocker"/>

	<!-- Raiffeisen -->
	<item class="com.zentity.rbcz.composable.activity.UdsLoginActivity" name="raiffeisen"/>

	<!-- Samsara Room -->
	<item class="air.com.RustyLake.SamsaraRoom.AIRAppEntry" name="samsara_room"/>

	<!-- Sky Map -->
	<item class="com.google.android.stardroid.activities.SplashScreenActivity" name="sky_map"/>

	<!-- The House of da Vinci 3 -->
	<item class="com.unity3d.player.UnityPlayerActivity" name="the_house_of_da_vinci_3"/>

	<!-- Tiny Room -->
	<item class="com.unity3d.player.UnityPlayerActivity" name="tiny_room"/>

	<!-- Tipy pro Pixel -->
	<item class="com.google.android.apps.tips.TipsMain" name="tipy_pro_pixel"/>

	<!-- Tormentum -->
	<item class="air.com.ohnoo.tormentum.AppEntry" name="tormentum"/>

	<!-- Truberbrook -->
	<item class="com.unity3d.player.UnityPlayerActivity" name="truberbrook"/>

	<!-- Waze -->
	<item class="com.waze.FreeMapAppActivity" name="waze"/>

	<!-- Zásilkovna -->
	<item class="cz.zasilkovna.app.dashboard.view.MainActivity" name="zasilkovna"/>

	<!-- Zprávy -->
	<item class="com.google.apps.dots.android.app.activity.CurrentsStartActivity" name="zpravy"/>

</appmap>