<Theme version="1">

	<!-- 360 Reality Audio Live -->
	<AppIcon name="com.streamsoftinc.sony360ramobile/com.streamsoftinc.sony360ramobile.SplashScreenActivity" image="_360_reality_audio_live"/>

	<!-- 9GAG -->
	<AppIcon name="com.ninegag.android.app/com.ninegag.android.app.ui.home.HomeActivity" image="_9gag"/>

	<!-- Acapela TTS Voices -->
	<AppIcon name="com.acapelagroup.android.tts/com.acapelagroup.android.mainmenu.MainMenu" image="acapela_tts_voices"/>

	<!-- AmazFaces -->
	<AppIcon name="com.amazfitwatchfaces.st/com.amazfitwatchfaces.st.MainActivity" image="amazfaces"/>

	<!-- App Lock - XLock -->
	<AppIcon name="applock.lockapps.fingerprint.password.locker/applock.lockapps.fingerprint.password.locker.activity.SplashActivity" image="app_lock_xlock"/>

	<!-- Arcticons -->
	<AppIcon name="com.donnnno.arcticons/com.donnnno.arcticons.activities.MainActivity" image="arcticons"/>

	<!-- Arts & Culture -->
	<AppIcon name="com.google.android.apps.cultural/com.google.android.apps.cultural.flutter.HomeFlutterActivity" image="arts_and_culture"/>

	<!-- Bakaláři OnLine -->
	<AppIcon name="cz.bakalari.mobile/cz.bakalari.mobile.MainActivity" image="bakalari_online"/>

	<!-- Bluetooth Audio Connect Widget -->
	<AppIcon name="com.tom.bluetoothDevicesWidget/com.tom.bluetoothdeviceswidget.MainActivity" image="bluetooth_audio_connect_widget"/>

	<!-- Caffeine -->
	<AppIcon name="moe.zhs.caffeine/moe.zhs.caffeine.MainActivity" image="caffeine"/>

	<!-- ConnectBot -->
	<AppIcon name="org.connectbot/org.connectbot.HostListActivity" image="connectbot"/>

	<!-- Cube Escape: The Cave -->
	<AppIcon name="air.com.RustyLake.CubeEscapeTheCave/air.com.RustyLake.CubeEscapeTheCave.AIRAppEntry" image="cube_escape_the_cave"/>

	<!-- ČHMÚ -->
	<AppIcon name="cz.oksystem.chmu.basic/cz.oksystem.chmu.basic.activity.DrawerActivity" image="chmu"/>

	<!-- Expense Manager -->
	<AppIcon name="at.markushi.expensemanager/at.markushi.expensemanager.view.main.HomeActivity" image="expense_manager"/>

	<!-- Family Link -->
	<AppIcon name="com.google.android.apps.kids.familylink/com.google.android.apps.kids.familylink.flutter.standalone.HomeActivity" image="family_link"/>

	<!-- Headphones -->
	<AppIcon name="com.sony.songpal.mdr/com.sony.songpal.mdr.vim.activity.MdrMainActivity" image="headphones"/>

	<!-- IDOS -->
	<AppIcon name="cz.mafra.jizdnirady/cz.mafra.jizdnirady.activity.SplashActivity" image="idos"/>

	<!-- In-počasí -->
	<AppIcon name="com.johnniek.inpocasi.widget/com.johnniek.inpocasi.widget.MainActivity" image="in_pocasi"/>

	<!-- Kalendář Widget -->
	<AppIcon name="sk.mildev84.agendareminder/sk.mildev84.agendareminder.activities.intro.MainActivity" image="kalendar_widget"/>

	<!-- Kathy Rain -->
	<AppIcon name="com.rawfury.kathy/com.rawfury.kathy.MainActivity" image="kathy_rain"/>

	<!-- Keepass2Android -->
	<AppIcon name="keepass2android.keepass2android/crc64dd09b2a2e58bb27d.KeePass" image="keepass2android"/>

	<!-- Klara -->
	<AppIcon name="org.androworks.klara/org.androworks.klara.MainActivity" image="klara"/>

	<!-- Koala Sampler -->
	<AppIcon name="com.elf.koalasampler/com.elf.koalasampler.KoalaActivity" image="koala_sampler"/>

	<!-- Lapse -->
	<AppIcon name="com.cornago.stefano.lapse/com.cornago.stefano.lapse.activities.StartActivity" image="lapse"/>

	<!-- Listen Audiobook Player -->
	<AppIcon name="com.acmeandroid.listen/com.acmeandroid.listen.SplashActivity" image="listen_audiobook_player"/>

	<!-- Mapy.cz -->
	<AppIcon name="cz.seznam.mapy/cz.seznam.mapy.MapActivity" image="mapycz"/>

	<!-- Megalodon -->
	<AppIcon name="org.joinmastodon.android.sk/org.joinmastodon.android.MainActivity" image="megalodon"/>

	<!-- Mekorama -->
	<AppIcon name="com.martinmagni.mekorama/com.martinmagni.mekorama.Mekorama" image="mekorama"/>

	<!-- MOBIL.CZ -->
	<AppIcon name="com.zentity.mobilcz/com.zentity.mobilcz.ui.MainActivity" image="mobilcz"/>

	<!-- Monument Valley -->
	<AppIcon name="com.ustwo.monumentvalley/com.unity3d.player.UnityPlayerActivity" image="monument_valley"/>

	<!-- Moon+ Reader Pro -->
	<AppIcon name="com.flyersoft.moonreaderp/com.flyersoft.moonreaderp.ActivityMain" image="moon_reader_pro"/>

	<!-- Můj Vodafone -->
	<AppIcon name="com.zentity.vodafone/com.zentity.vodafone.SplashScreenActivity" image="muj_vodafone"/>

	<!-- mujRozhlas -->
	<AppIcon name="cz.rozhlas.mujrozhlas/cz.rozhlas.mujrozhlas.MainActivity" image="mujrozhlas"/>

	<!-- OI.Share -->
	<AppIcon name="com.omdigitalsolutions.oishare/com.omdigitalsolutions.oishare.splash.SplashActivity" image="oishare"/>

	<!-- PO Pixel -->
	<AppIcon name="com.teenageengineering.pocketoperatorforpixel/com.unity3d.player.FoldablePlayerActivity" image="po_pixel"/>

	<!-- Pocket City -->
	<AppIcon name="com.codebrewgames.pocketcitygame/com.codebrewgames.pocketcitygame.MainActivity" image="pocket_city"/>

	<!-- Polda 7 -->
	<AppIcon name="com.zimasoft.polda7cze/com.zimasoft.polda7cze.Polda7Cze" image="polda_7"/>

	<!-- Poweramp -->
	<AppIcon name="com.maxmpz.audioplayer/com.maxmpz.audioplayer.standard_adaptive" image="poweramp"/>

	<!-- Poweramp Unlocker -->
	<AppIcon name="com.maxmpz.audioplayer.unlock/com.maxmpz.audioplayer.unlock.LauncherRedirectorActivity" image="poweramp_unlocker"/>

	<!-- Raiffeisen -->
	<AppIcon name="cz.rb.app.smartphonebanking/com.zentity.rbcz.composable.activity.UdsLoginActivity" image="raiffeisen"/>

	<!-- Samsara Room -->
	<AppIcon name="air.com.RustyLake.SamsaraRoom/air.com.RustyLake.SamsaraRoom.AIRAppEntry" image="samsara_room"/>

	<!-- Sky Map -->
	<AppIcon name="com.google.android.stardroid/com.google.android.stardroid.activities.SplashScreenActivity" image="sky_map"/>

	<!-- The House of da Vinci 3 -->
	<AppIcon name="com.bluebraingames.thehouseofdavinci3/com.unity3d.player.UnityPlayerActivity" image="the_house_of_da_vinci_3"/>

	<!-- Tiny Room -->
	<AppIcon name="com.kiarygames.tinyroom/com.unity3d.player.UnityPlayerActivity" image="tiny_room"/>

	<!-- Tipy pro Pixel -->
	<AppIcon name="com.google.android.apps.tips/com.google.android.apps.tips.TipsMain" image="tipy_pro_pixel"/>

	<!-- Tormentum -->
	<AppIcon name="air.com.ohnoo.tormentum/air.com.ohnoo.tormentum.AppEntry" image="tormentum"/>

	<!-- Truberbrook -->
	<AppIcon name="com.headup.truberbrook/com.unity3d.player.UnityPlayerActivity" image="truberbrook"/>

	<!-- Waze -->
	<AppIcon name="com.waze/com.waze.FreeMapAppActivity" image="waze"/>

	<!-- Zásilkovna -->
	<AppIcon name="cz.zasilkovna.app/cz.zasilkovna.app.dashboard.view.MainActivity" image="zasilkovna"/>

	<!-- Zprávy -->
	<AppIcon name="com.google.android.apps.magazines/com.google.apps.dots.android.app.activity.CurrentsStartActivity" image="zpravy"/>

</Theme>