<Theme version="1">

	<!-- BiglyBT -->
	<AppIcon name="com.biglybt.android.client/com.biglybt.android.client.activity.IntentHandler" image="biglybt"/>

	<!-- Camera -->
	<AppIcon name="com.oplus.camera/com.oplus.camera.Camera" image="camera"/>

	<!-- Community -->
	<AppIcon name="com.realmecomm.app/com.android.realme2.start.view.AdvertiseActivity" image="community"/>

	<!-- Eddie - AirVPN GUI -->
	<AppIcon name="org.airvpn.eddie/org.airvpn.eddie.MainActivity" image="eddie_airvpn_gui"/>

	<!-- Games -->
	<AppIcon name="com.oplus.games/com.oplus.games.ui.main.MainGameActivity" image="games"/>

	<!-- GCash -->
	<AppIcon name="com.globe.gcash.android/com.globe.gcash.android.Default" image="gcash"/>

	<!-- GOMO PH -->
	<AppIcon name="ph.com.globe.gomo/ph.com.globe.gomo.MainActivity" image="gomo_ph"/>

	<!-- IconRequest -->
	<AppIcon name="de.kaiserdragon.iconrequest/de.kaiserdragon.iconrequest.MainActivity" image="iconrequest"/>

	<!-- Loud Horns and Sirens -->
	<AppIcon name="st.soundboard.sirenpranksound/st.soundboard.sirenpranksound.MainActivity" image="loud_horns_and_sirens"/>

	<!-- Mihon -->
	<AppIcon name="app.mihon/eu.kanade.tachiyomi.ui.main.MainActivity" image="mihon"/>

	<!-- Mulch -->
	<AppIcon name="us.spotco.mulch/com.google.android.apps.chrome.Main" image="mulch"/>

	<!-- ORoaming -->
	<AppIcon name="com.redteamobile.roaming/com.redteamobile.roaming.MainActivity" image="oroaming"/>

	<!-- sNotz -->
	<AppIcon name="com.sunilpaulmathew.snotz/com.sunilpaulmathew.snotz.activities.StartActivity" image="snotz"/>

	<!-- StepsApp -->
	<AppIcon name="com.stepsappgmbh.stepsapp/com.stepsappgmbh.stepsapp.home.MainActivity" image="stepsapp"/>

	<!-- Theme Store -->
	<AppIcon name="com.oplus.themestore/com.nearme.themespace.activities.ThemeActivity" image="theme_store"/>

	<!-- Tubular -->
	<AppIcon name="org.polymorphicshade.tubular/org.schabi.newpipe.MainActivity" image="tubular"/>

	<!-- Xe -->
	<AppIcon name="com.xe.currency/com.xe.currency.MainActivity" image="xe"/>

</Theme>