<appmap>

	<!-- aBattery -->
	<item class="me.linshen.abattery.MainActivity" name="abattery"/>

	<!-- DataBackup alpha -->
	<item class="com.xayah.databackup.SplashActivity" name="databackup_alpha"/>

	<!-- Drop the Number -->
	<item class="com.unity3d.player.UnityPlayerActivity" name="drop_the_number"/>

	<!-- Eyecon -->
	<item class="com.eyecon.global.MainScreen.MainActivity" name="eyecon"/>

	<!-- Hepsiburada -->
	<item class="com.hepsiburada.ui.startup.SplashActivity" name="hepsiburada"/>

	<!-- Humbug -->
	<item class="com.unity3d.player.UnityPlayerActivity" name="humbug"/>

	<!-- Image Toolbox (Resizer) -->
	<item class="ru.tech.imageresizershrinker.presentation.AppActivity" name="ımage_toolbox_resizer_"/>

	<!-- Kvaesitso Nightly -->
	<item class="de.mm20.launcher2.ui.launcher.LauncherActivity" name="kvaesitso_nightly"/>

	<!-- Swipefy -->
	<item class="app.swipefy.mobile.MainActivity" name="swipefy"/>

	<!-- Zombotron -->
	<item class="com.unity3d.player.UnityPlayerActivity" name="zombotron"/>

</appmap>