<resources>


	<!-- Boorusama -->
	<item component="ComponentInfo{com.degenk.boorusama/com.degenk.boorusama.MainActivity}" drawable="boorusama" />

	<!-- Discord -->
	<item component="ComponentInfo{com.discord/com.discord.main.MainCircuit}" drawable="discord" />

	<!-- Fcitx5 for Android -->
	<item component="ComponentInfo{org.fcitx.fcitx5.android/org.fcitx.fcitx5.android.ui.main.MainActivity}" drawable="fcitx5_for_android" />
	
	<!-- Living Worlds -->
	<item component="ComponentInfo{com.pixfabrik.livingworlds/com.pixfabrik.livingworlds.MainActivity}" drawable="living_worlds" />

	<!-- Markor -->
	<item component="ComponentInfo{net.gsantner.markor/net.gsantner.markor.activity.MainActivity}" drawable="markor" />

	<!-- Randomix -->
	<item component="ComponentInfo{com.minar.randomix/com.minar.randomix.activities.MainActivity}" drawable="randomix" />

	<!-- Sayboard -->
	<item component="ComponentInfo{com.elishaazaria.sayboard/com.elishaazaria.sayboard.SettingsActivity}" drawable="sayboard" />

	<!-- XScreenSaver -->
	<item component="ComponentInfo{org.jwz.android.xscreensaver/org.jwz.xscreensaver.Activity}" drawable="xscreensaver" />

</resources>