<resources>

	<!-- 3BMeteo -->
	<item component="ComponentInfo{com.Meteosolutions.Meteo3b/com.Meteosolutions.Meteo3b.activity.SplashActivity}" drawable="_3bmeteo" />

	<!-- 3D Earth Pro -->
	<item component="ComponentInfo{com.livingearth.pro/app.RootActivity}" drawable="_3d_earth_pro" />

	<!-- All Document Reader -->
	<item component="ComponentInfo{com.all.document.reader.doc.pdf.reader/com.all.document.reader.doc.pdf.reader.SplashActivity}" drawable="all_document_reader" />

	<!-- All Documents Reader -->
	<item component="ComponentInfo{com.documentreader.documentapp.filereader/com.documentreader.ui.splash.SplashActivity}" drawable="all_documents_reader" />

	<!-- Docs Viewer -->
	<item component="ComponentInfo{com.meltingsource.DocsViewer/com.meltingsource.docsviewer.MainActivity}" drawable="docs_viewer" />

	<!-- Lector de Documentos -->
	<item component="ComponentInfo{com.united.office.reader/com.united.office.reader.SplashActivity}" drawable="lector_de_documentos" />

	<!-- MeMeteo -->
	<item component="ComponentInfo{com.memeteo.weather/co.windyapp.windylite.ui.MainActivity}" drawable="memeteo" />

	<!-- meteoblue -->
	<item component="ComponentInfo{com.meteoblue.droid/com.meteoblue.droid.view.MainActivity}" drawable="meteoblue" />

	<!-- tiempo.es -->
	<item component="ComponentInfo{com.wetter.androidclient/com.wetter.androidclient.EntryActivity}" drawable="tiempoes" />

	<!-- Weather Hi-Def Radar -->
	<item component="ComponentInfo{com.noaa_hidef_radar/com.noaa_hidef_radar.presentation.MainActivity}" drawable="weather_hi_def_radar" />

</resources>