<appmap>

	<!-- 3BMeteo -->
	<item class="com.Meteosolutions.Meteo3b.activity.SplashActivity" name="_3bmeteo"/>

	<!-- 3D Earth Pro -->
	<item class="app.RootActivity" name="_3d_earth_pro"/>

	<!-- All Document Reader -->
	<item class="com.all.document.reader.doc.pdf.reader.SplashActivity" name="all_document_reader"/>

	<!-- All Documents Reader -->
	<item class="com.documentreader.ui.splash.SplashActivity" name="all_documents_reader"/>

	<!-- Docs Viewer -->
	<item class="com.meltingsource.docsviewer.MainActivity" name="docs_viewer"/>

	<!-- Lector de Documentos -->
	<item class="com.united.office.reader.SplashActivity" name="lector_de_documentos"/>

	<!-- MeMeteo -->
	<item class="co.windyapp.windylite.ui.MainActivity" name="memeteo"/>

	<!-- meteoblue -->
	<item class="com.meteoblue.droid.view.MainActivity" name="meteoblue"/>

	<!-- tiempo.es -->
	<item class="com.wetter.androidclient.EntryActivity" name="tiempoes"/>

	<!-- Weather Hi-Def Radar -->
	<item class="com.noaa_hidef_radar.presentation.MainActivity" name="weather_hi_def_radar"/>

</appmap>