<Theme version="1">

	<!-- 3BMeteo -->
	<AppIcon name="com.Meteosolutions.Meteo3b/com.Meteosolutions.Meteo3b.activity.SplashActivity" image="_3bmeteo"/>

	<!-- 3D Earth Pro -->
	<AppIcon name="com.livingearth.pro/app.RootActivity" image="_3d_earth_pro"/>

	<!-- All Document Reader -->
	<AppIcon name="com.all.document.reader.doc.pdf.reader/com.all.document.reader.doc.pdf.reader.SplashActivity" image="all_document_reader"/>

	<!-- All Documents Reader -->
	<AppIcon name="com.documentreader.documentapp.filereader/com.documentreader.ui.splash.SplashActivity" image="all_documents_reader"/>

	<!-- Docs Viewer -->
	<AppIcon name="com.meltingsource.DocsViewer/com.meltingsource.docsviewer.MainActivity" image="docs_viewer"/>

	<!-- Lector de Documentos -->
	<AppIcon name="com.united.office.reader/com.united.office.reader.SplashActivity" image="lector_de_documentos"/>

	<!-- MeMeteo -->
	<AppIcon name="com.memeteo.weather/co.windyapp.windylite.ui.MainActivity" image="memeteo"/>

	<!-- meteoblue -->
	<AppIcon name="com.meteoblue.droid/com.meteoblue.droid.view.MainActivity" image="meteoblue"/>

	<!-- tiempo.es -->
	<AppIcon name="com.wetter.androidclient/com.wetter.androidclient.EntryActivity" image="tiempoes"/>

	<!-- Weather Hi-Def Radar -->
	<AppIcon name="com.noaa_hidef_radar/com.noaa_hidef_radar.presentation.MainActivity" image="weather_hi_def_radar"/>

</Theme>