<resources>

	<!-- 3D Model Viewer -->
	<item component="ComponentInfo{org.andresoviedo.dddmodel2/org.andresoviedo.app.model3D.MainActivity}" drawable="_3d_model_viewer" />

	<!-- AccuBattery -->
	<item component="ComponentInfo{com.digibites.accubattery/com.digibites.abatterysaver.BatterySaverActivity}" drawable="accubattery" />

	<!-- Acode -->
	<item component="ComponentInfo{com.foxdebug.acode/com.foxdebug.acode.MainActivity}" drawable="acode" />

	<!-- ActiveBuilding -->
	<item component="ComponentInfo{com.activebuilding.residents/com.activebuilding.residents.MainActivity}" drawable="activebuilding" />

	<!-- Air Control -->
	<item component="ComponentInfo{ai.aloft.aircontrol/ai.aloft.aircontrol.ui.launch.SplashActivity}" drawable="air_control" />

	<!-- AirGuard -->
	<item component="ComponentInfo{de.seemoo.at_tracking_detection/de.seemoo.at_tracking_detection.ui.MainActivity}" drawable="airguard" />

	<!-- AirNow -->
	<item component="ComponentInfo{com.saic.airnow/com.saic.airnow.MainActivity}" drawable="airnow" />

	<!-- Amex -->
	<item component="ComponentInfo{com.americanexpress.android.acctsvcs.us/com.americanexpress.android.acctsvcs.us.firstuse.StartupActivity}" drawable="amex" />

	<!-- AndrOBD -->
	<item component="ComponentInfo{com.fr3ts0n.ecu.gui.androbd/com.fr3ts0n.ecu.gui.androbd.MainActivity}" drawable="androbd" />

	<!-- AndrOBD GpsProvider -->
	<item component="ComponentInfo{com.fr3ts0n.androbd.plugin.gpsprovider/com.fr3ts0n.androbd.plugin.gpsprovider.SettingsActivity}" drawable="androbd_gpsprovider" />

	<!-- AndrOBD SensorProvider -->
	<item component="ComponentInfo{com.fr3ts0n.androbd.plugin.sensorprovider/com.fr3ts0n.androbd.plugin.sensorprovider.SettingsActivity}" drawable="androbd_sensorprovider" />

	<!-- Android System Widgets + -->
	<item component="ComponentInfo{de.program_co.asciisystemwidgetsplusplus/de.program_co.asciisystemwidgetsplusplus.activities.MainActivity}" drawable="android_system_widgets_" />

	<!-- APK Explorer & Editor -->
	<item component="ComponentInfo{com.apk.editor/com.apk.editor.activities.StartActivity}" drawable="apk_explorer_and_editor" />

	<!-- B4UFLY -->
	<item component="ComponentInfo{gov.faa.b4ufly2/gov.faa.b4ufly2.ui.start.SplashActivity}" drawable="b4ufly" />

	<!-- Bandcamp -->
	<item component="ComponentInfo{com.bandcamp.android/com.bandcamp.android.view.SplashActivity}" drawable="bandcamp" />

	<!-- Beyond Menu -->
	<item component="ComponentInfo{com.beyondmenu/com.beyondmenu.activity.SplashActivity}" drawable="beyond_menu" />

	<!-- BILL AP & AR -->
	<item component="ComponentInfo{com.bdc.bill/com.bdc.bill.flows.signin.SplashActivity}" drawable="bill_ap_and_ar" />

	<!-- Blackboard -->
	<item component="ComponentInfo{com.kentdisplays.blackboard/com.kentdisplays.blackboard.activities.SplashScreenActivity}" drawable="blackboard" />

	<!-- Burger King -->
	<item component="ComponentInfo{com.emn8.mobilem8.nativeapp.bk/com.emn8.mobilem8.nativeapp.bk.MainActivity}" drawable="burger_king" />

	<!-- Cache Cleaner -->
	<item component="ComponentInfo{com.github.bmx666.appcachecleaner/com.github.bmx666.appcachecleaner.ui.activity.LauncherActivity}" drawable="cache_cleaner" />

	<!-- Calendar -->
	<item component="ComponentInfo{foundation.e.calendar/com.android.calendar.AllInOneActivity}" drawable="calendar" />

	<!-- Camera -->
	<item component="ComponentInfo{foundation.e.camera/net.sourceforge.opencamera.MainActivity}" drawable="camera" />

	<!-- Camera Remote -->
	<item component="ComponentInfo{com.fujifilm_dsc.app.remoteshooter/com.fujifilm_dsc.app.remoteshooter.InitializeActivity}" drawable="camera_remote" />

	<!-- Carrion -->
	<item component="ComponentInfo{us.spotco.carrion/us.spotco.carrion.MainActivity}" drawable="carrion" />

	<!-- ChargerLink -->
	<item component="ComponentInfo{com.skyrc.chargemastewifi/com.skyrc.chargemastewifi.ChargerCtrlActivity}" drawable="chargerlink" />

	<!-- CIFS Documents Provider -->
	<item component="ComponentInfo{com.wa2c.android.cifsdocumentsprovider/com.wa2c.android.cifsdocumentsprovider.presentation.ui.MainActivity}" drawable="cifs_documents_provider" />

	<!-- ClickUp -->
	<item component="ComponentInfo{co.mangotechnologies.clickup/co.mangotechnologies.clickup.MainActivity}" drawable="clickup" />

	<!-- Contacts Optimizer -->
	<item component="ComponentInfo{com.compelson.optimizer/com.compelson.optimizer.Optimizer}" drawable="contacts_optimizer" />

	<!-- Cookbook -->
	<item component="ComponentInfo{de.micmun.android.nextcloudcookbook/de.micmun.android.nextcloudcookbook.ui.LoginActivity}" drawable="cookbook" />

	<!-- DeadHash -->
	<item component="ComponentInfo{com.codedead.deadhash/com.codedead.deadhash.gui.MainActivity}" drawable="deadhash" />

	<!-- Deck -->
	<item component="ComponentInfo{it.niedermann.nextcloud.deck/it.niedermann.nextcloud.deck.ui.main.MainActivity}" drawable="deck" />

	<!-- Deduplicate SMS -->
	<item component="ComponentInfo{com.venomvendor.sms.deduplicate/com.venomvendor.sms.deduplicate.activity.Deduplication}" drawable="deduplicate_sms" />

	<!-- Deep Links for LabCoat -->
	<item component="ComponentInfo{com.nomadlabs.labcoat.deeplinks/com.nomadlabs.labcoat.deeplinks.AboutActivity}" drawable="deep_links_for_labcoat" />

	<!-- Device Info -->
	<item component="ComponentInfo{com.delta8studio.deviceinfo/com.delta8studio.deviceinfo.MainActivity}" drawable="device_info" />

	<!-- Discourse -->
	<item component="ComponentInfo{com.discourse/com.discourse.MainActivity}" drawable="discourse" />

	<!-- Domino's -->
	<item component="ComponentInfo{com.dominospizza/com.dominos.loadingscreen.InitialLaunchActivity}" drawable="dominos" />

	<!-- drawnames -->
	<item component="ComponentInfo{com.meetrixonline.drawnames/io.flutter.embedding.android.FlutterActivity}" drawable="drawnames" />

	<!-- DroidCamX -->
	<item component="ComponentInfo{com.dev47apps.droidcamx/com.dev47apps.droidcamx.DroidCamX}" drawable="droidcamx" />

	<!-- droidVNC-NG Admin Panel -->
	<item component="ComponentInfo{net.christianbeier.droidvnc_ng/net.christianbeier.droidvnc_ng.MainActivity}" drawable="droidvnc_ng_admin_panel" />

	<!-- Dunkin' -->
	<item component="ComponentInfo{com.dunkinbrands.otgo/com.cardfree.android.dunkindonuts.activities.LauncherActivity}" drawable="dunkin" />

	<!-- EpaUvIndex -->
	<item component="ComponentInfo{gov.epa/gov.epa.MainActivity}" drawable="epauvindex" />

	<!-- Excellus BCBS -->
	<item component="ComponentInfo{com.excellus.memberapp/com.excellus.memberapp.Activity.SplashActivity}" drawable="excellus_bcbs" />

	<!-- Exif Thumbnail Adder -->
	<item component="ComponentInfo{com.exifthumbnailadder.app/com.exifthumbnailadder.app.MainActivity}" drawable="exif_thumbnail_adder" />

	<!-- Exodus -->
	<item component="ComponentInfo{org.eu.exodus_privacy.exodusprivacy/org.eu.exodus_privacy.exodusprivacy.MainActivity}" drawable="exodus" />

	<!-- EyeMed -->
	<item component="ComponentInfo{com.eyemed.app.members/com.eyemed.app.members.ui.login.LoginActivity}" drawable="eyemed" />

	<!-- F-Droid Build Status -->
	<item component="ComponentInfo{de.storchp.fdroidbuildstatus/de.storchp.fdroidbuildstatus.MainActivity}" drawable="f_droid_build_status" />

	<!-- Family Safety -->
	<item component="ComponentInfo{com.microsoft.familysafety/com.microsoft.familysafety.MainActivity}" drawable="family_safety" />

	<!-- FindMyDevice -->
	<item component="ComponentInfo{de.nulide.findmydevice/de.nulide.findmydevice.ui.MainActivity}" drawable="findmydevice" />

	<!-- Fitbit -->
	<item component="ComponentInfo{com.fitbit.FitbitMobile/com.fitbit.FirstActivity}" drawable="fitbit" />

	<!-- FIVE GUYS -->
	<item component="ComponentInfo{com.fiveguys.olo.android/com.wearehathway.apps.stock.views.resolver.ScreenResolutionActivity}" drawable="five_guys" />

	<!-- Flite Test -->
	<item component="ComponentInfo{com.tritiumstudios.flitetest/com.tritiumstudios.flitetest.MainActivity}" drawable="flite_test" />

	<!-- floccus -->
	<item component="ComponentInfo{org.handmadeideas.floccus/org.handmadeideas.floccus.MainActivity}" drawable="floccus" />

	<!-- foobar2000 -->
	<item component="ComponentInfo{com.foobar2000.foobar2000/com.foobar2000.foobar2000.MainActivity}" drawable="foobar2000" />

	<!-- Forest Settings -->
	<item component="ComponentInfo{kaka.wallpaper.forest/kaka.wallpaper.forest.android.SettingsActivity}" drawable="forest_settings" />

	<!-- Freshdesk -->
	<item component="ComponentInfo{com.freshdesk.helpdesk/com.freshdesk.helpdesk.ui.SplashActivity}" drawable="freshdesk" />

	<!-- Fudge -->
	<item component="ComponentInfo{dev.danielc.fujiapp/dev.danielc.fujiapp.MainActivity}" drawable="fudge" />

	<!-- GEICO Mobile -->
	<item component="ComponentInfo{com.geico.mobile/com.geico.mobile.android.ace.geicoapppresentation.splash.mvvm.view.AceSplashActivity}" drawable="geico_mobile" />

	<!-- GitNex -->
	<item component="ComponentInfo{org.mian.gitnex/org.mian.gitnex.activities.MainActivity}" drawable="gitnex" />

	<!-- GoPro Quik -->
	<item component="ComponentInfo{com.gopro.smarty/com.gopro.smarty.activity.HomeActivity}" drawable="gopro_quik" />

	<!-- GPS Point -->
	<item component="ComponentInfo{sk.grecnar.gpspoint/sk.grecnar.gpspoint.MainActivity}" drawable="gps_point" />

	<!-- GPSTest -->
	<item component="ComponentInfo{com.android.gpstest.osmdroid/com.android.gpstest.ui.MainActivity}" drawable="gpstest" />

	<!-- Gusto Wallet -->
	<item component="ComponentInfo{com.gusto.money/com.gusto.money.navigation.NavActivity}" drawable="gusto_wallet" />

	<!-- Handy Reading -->
	<item component="ComponentInfo{ru.yanus171.feedexfork/ru.yanus171.feedexfork.activity.HomeActivity}" drawable="handy_reading" />

	<!-- Home Phone -->
	<item component="ComponentInfo{com.ooma.mobile2/com.ooma.mobile.ui.login.LoginActivity}" drawable="home_phone" />

	<!-- I Love NY -->
	<item component="ComponentInfo{com.fg.iloveny/com.fg.iloveny.LoadingActivity}" drawable="i_love_ny" />

	<!-- IconRequest -->
	<item component="ComponentInfo{de.kaiserdragon.iconrequest/de.kaiserdragon.iconrequest.MainActivity}" drawable="iconrequest" />

	<!-- Identiconizer! -->
	<item component="ComponentInfo{com.germainz.identiconizer/com.germainz.identiconizer.IdenticonsSettings}" drawable="identiconizer_" />

	<!-- iNaturalist -->
	<item component="ComponentInfo{org.inaturalist.android/org.inaturalist.android.ObservationListActivity.inaturalist}" drawable="inaturalist" />

	<!-- LabCoat -->
	<item component="ComponentInfo{com.commit451.gitlab/com.commit451.gitlab.activity.LaunchActivity}" drawable="labcoat" />

	<!-- LibreTranslator -->
	<item component="ComponentInfo{de.beowulf.libretranslater/de.beowulf.libretranslater.MainActivity}" drawable="libretranslator" />

	<!-- ListenBrainz -->
	<item component="ComponentInfo{org.listenbrainz.android/org.listenbrainz.android.ui.screens.main.MainActivity}" drawable="listenbrainz" />

	<!-- Living Worlds -->
	<item component="ComponentInfo{com.pixfabrik.livingworlds/com.pixfabrik.livingworlds.MainActivity}" drawable="living_worlds" />

	<!-- M&T Bank -->
	<item component="ComponentInfo{com.mtb.mbanking.sc.retail.prod/com.mnt.mobilebanking.controllers.activities.SplashActivity}" drawable="m_and_t_bank" />

	<!-- Maps -->
	<item component="ComponentInfo{com.generalmagic.magicearth/com.magiclane.androidsphere.map.MapActivity}" drawable="maps" />

	<!-- Maps Geofavorites -->
	<item component="ComponentInfo{it.danieleverducci.nextcloudmaps/it.danieleverducci.nextcloudmaps.activity.login.LoginActivity}" drawable="maps_geofavorites" />

	<!-- Mastodon Redirect -->
	<item component="ComponentInfo{dev.zwander.mastodonredirect/dev.zwander.mastodonredirect.MainActivity}" drawable="mastodon_redirect" />

	<!-- MediaInfo -->
	<item component="ComponentInfo{net.mediaarea.mediainfo/net.mediaarea.mediainfo.ReportListActivity}" drawable="mediainfo" />

	<!-- Mercurygram -->
	<item component="ComponentInfo{it.belloworld.mercurygram/org.telegram.messenger.DefaultIcon}" drawable="mercurygram" />

	<!-- Mighty DOOM -->
	<item component="ComponentInfo{com.bethsoft.ubu/com.google.firebase.MessagingUnityPlayerActivity}" drawable="mighty_doom" />

	<!-- Milestones -->
	<item component="ComponentInfo{gov.cdc.ncbddd.actearly.milestones/com.brainbytescreative.actearly.MainActivity}" drawable="milestones" />

	<!-- Mitch -->
	<item component="ComponentInfo{ua.gardenapple.itchupdater/garden.appl.mitch.ui.MainActivity}" drawable="mitch" />

	<!-- MJ PDF -->
	<item component="ComponentInfo{foundation.e.pdfviewer/com.gitlab.mudlej.MjPdfReader.LauncherAlias}" drawable="mj_pdf" />

	<!-- MOHELA -->
	<item component="ComponentInfo{com.mohela.MOHELA/com.mohela.MOHELA.MainActivity}" drawable="mohela" />

	<!-- My Spectrum -->
	<item component="ComponentInfo{com.brighthouse.mybhn/com.spectrum.convergedTech.MainActivity}" drawable="my_spectrum" />

	<!-- MyChart -->
	<item component="ComponentInfo{epic.mychart.android/epic.mychart.android.library.prelogin.SplashActivity}" drawable="mychart" />

	<!-- myCricket -->
	<item component="ComponentInfo{com.mizmowireless.acctmgt/com.streamezzo.android.richmedia.RichMedia}" drawable="mycricket" />

	<!-- MyHyundai -->
	<item component="ComponentInfo{com.stationdm.bluelink/com.stationdm.bluelink.kotlin.ui.auth.SDMSplashActivity}" drawable="myhyundai" />

	<!-- Nara Baby -->
	<item component="ComponentInfo{com.naraorganics.nara/com.naraorganics.nara.MainActivity}" drawable="nara_baby" />

	<!-- News -->
	<item component="ComponentInfo{de.luhmer.owncloudnewsreader/de.luhmer.owncloudnewsreader.NewsReaderListActivity}" drawable="news" />

	<!-- Nextcloud Passwords -->
	<item component="ComponentInfo{com.hegocre.nextcloudpasswords/com.hegocre.nextcloudpasswords.ui.activities.MainActivity}" drawable="nextcloud_passwords" />

	<!-- Notification Log -->
	<item component="ComponentInfo{com.aospstudio.notificationlog/com.aospstudio.shortcuts.MainActivity}" drawable="notification_log" />

	<!-- ntfy -->
	<item component="ComponentInfo{io.heckel.ntfy/io.heckel.ntfy.ui.MainActivity}" drawable="ntfy" />

	<!-- NY State Parks Explorer -->
	<item component="ComponentInfo{gov.ny.its.nysparks/gov.ny.its.nysparks.ui.WelcomeActivity}" drawable="ny_state_parks_explorer" />

	<!-- OctoDroid -->
	<item component="ComponentInfo{com.gh4a/com.gh4a.activities.Github4AndroidActivity}" drawable="octodroid" />

	<!-- OneBit Adventure -->
	<item component="ComponentInfo{com.GalacticSlice.OneBitAdventure/com.unity3d.player.UnityPlayerActivity}" drawable="onebit_adventure" />

	<!-- OpenAthena™ for Android -->
	<item component="ComponentInfo{com.openathena/com.openathena.MainActivity}" drawable="openathena™_for_android" />

	<!-- OpenKeychain -->
	<item component="ComponentInfo{org.sufficientlysecure.keychain/org.sufficientlysecure.keychain.ui.MainActivity}" drawable="openkeychain" />

	<!-- OpenWrt Manager -->
	<item component="ComponentInfo{com.hg.openwrtmanager/com.hg.openwrtmanager.MainActivity}" drawable="openwrt_manager" />

	<!-- OSS Document Scanner -->
	<item component="ComponentInfo{com.akylas.documentscanner/com.akylas.documentscanner.MainActivity}" drawable="oss_document_scanner" />

	<!-- OTP Manager -->
	<item component="ComponentInfo{com.convertino.otp_manager/com.convertino.otp_manager.MainActivity}" drawable="otp_manager" />

	<!-- Palette Cycling LWP -->
	<item component="ComponentInfo{rak.pixellwp/rak.pixellwp.SetWallpaperActivity}" drawable="palette_cycling_lwp" />

	<!-- PerformanceTest Mobile -->
	<item component="ComponentInfo{com.passmark.pt_mobile/com.passmark.pt_mobile.SplashScreen}" drawable="performancetest_mobile" />

	<!-- PermissionSlip -->
	<item component="ComponentInfo{org.consumerreports.permissionslip.production/org.consumerreports.permissionslip.MainActivity}" drawable="permissionslip" />

	<!-- Picard Barcode Scanner -->
	<item component="ComponentInfo{org.musicbrainz.picard.barcodescanner/org.musicbrainz.picard.barcodescanner.activities.ScannerActivity}" drawable="picard_barcode_scanner" />

	<!-- Pocket Sign -->
	<item component="ComponentInfo{com.mobireactor.signlanguage/com.mobireactor.signlanguage.MainActivity}" drawable="pocket_sign" />

	<!-- Port Authority -->
	<item component="ComponentInfo{com.aaronjwood.portauthority/com.aaronjwood.portauthority.activity.MainActivity}" drawable="port_authority" />

	<!-- projectM Pro -->
	<item component="ComponentInfo{com.psperl.projectM/com.psperl.prjM.MainActivity}" drawable="projectm_pro" />

	<!-- ProShot -->
	<item component="ComponentInfo{com.riseupgames.proshot2/com.riseupgames.proshot2.activities.PermissionsActivity}" drawable="proshot" />

	<!-- Rarevision -->
	<item component="ComponentInfo{com.rarevision.vhscamcorder/com.rarevision.vhscommon.VhsCam}" drawable="rarevision" />

	<!-- Read You -->
	<item component="ComponentInfo{me.ash.reader/me.ash.reader.infrastructure.android.MainActivity}" drawable="read_you" />

	<!-- Recreation.gov -->
	<item component="ComponentInfo{com.bah.r1smobile/com.bah.r1smobile.activities.SplashActivity}" drawable="recreationgov" />

	<!-- Redfin -->
	<item component="ComponentInfo{com.redfin.android/com.redfin.android.activity.launch.DefaultLaunchActivity}" drawable="redfin" />

	<!-- Retro Gorilla Artillery Game -->
	<item component="ComponentInfo{net.squarestation.retrogorillaartillerygame/com.ansca.corona.CoronaActivity}" drawable="retro_gorilla_artillery_game" />

	<!-- Retro Mode - Light -->
	<item component="ComponentInfo{app.moertel.retro.iconpack.light/app.moertel.retro.iconpack.activities.SplashActivity}" drawable="retro_mode_light" />

	<!-- Retro Mode - Neon -->
	<item component="ComponentInfo{app.moertel.retro.iconpack.neon/app.moertel.retro.iconpack.activities.SplashActivity}" drawable="retro_mode_neon" />

	<!-- RGE -->
	<item component="ComponentInfo{com.avangrid.rgecustomer/com.avangrid.nysegcustomer.MainActivity}" drawable="rge" />

	<!-- RoMote -->
	<item component="ComponentInfo{wseemann.media.romote/wseemann.media.romote.activity.MainActivity}" drawable="romote" />

	<!-- RTKGPS+ -->
	<item component="ComponentInfo{gpsplus.rtkgps/gpsplus.rtkgps.MainActivity}" drawable="rtkgps_" />

	<!-- Ruler -->
	<item component="ComponentInfo{org.secuso.privacyfriendlyruler/org.secuso.privacyfriendlyruler.activities.SplashActivity}" drawable="ruler" />

	<!-- RunCam -->
	<item component="ComponentInfo{com.runcam.runcam2/com.runcam.runcam2.Activity.SplashActivity}" drawable="runcam" />

	<!-- SaverTuner -->
	<item component="ComponentInfo{s1m.savertuner/com.draco.buoy.views.MainActivity}" drawable="savertuner" />

	<!-- Scrambled Exif -->
	<item component="ComponentInfo{com.jarsilio.android.scrambledeggsif/com.jarsilio.android.scrambledeggsif.MainActivity}" drawable="scrambled_exif" />

	<!-- Seek -->
	<item component="ComponentInfo{org.inaturalist.seek/org.inaturalist.seek.MainActivity}" drawable="seek" />

	<!-- Skewy -->
	<item component="ComponentInfo{hans.b.skewy1_0/hans.b.skewy1_0.MainActivity}" drawable="skewy" />

	<!-- Slack -->
	<item component="ComponentInfo{com.Slack/slack.features.home.HomeActivity}" drawable="slack" />

	<!-- Slice -->
	<item component="ComponentInfo{com.slicelife.storefront/com.slicelife.storefront.view.SplashActivity}" drawable="slice" />

	<!-- Smoke Sense -->
	<item component="ComponentInfo{sti.com.ewhsa/sti.com.ewhsa.activities.SplashActivity}" drawable="smoke_sense" />

	<!-- SMS Backup & Restore Pro -->
	<item component="ComponentInfo{com.riteshsahu.SMSBackupRestorePro/com.riteshsahu.SMSBackupRestore.activities.IntroActivity}" drawable="sms_backup_and_restore_pro" />

	<!-- Snowfall -->
	<item component="ComponentInfo{com.korovan.snowfall/com.korovan.snowfall.OpenActivity}" drawable="snowfall" />

	<!-- Solex -->
	<item component="ComponentInfo{com.fognl.solex/com.fognl.solex.SolexMainActivity}" drawable="solex" />

	<!-- SomaFM -->
	<item component="ComponentInfo{com.dgmltn.radiomg.somafm/com.dgmltn.radiomg.ui.main.MainActivity}" drawable="somafm" />

	<!-- SoundHound -->
	<item component="ComponentInfo{com.melodis.midomiMusicIdentifier.freemium/com.soundhound.android.appcommon.activity.SplashScreenActivity}" drawable="soundhound" />

	<!-- Steam Chat -->
	<item component="ComponentInfo{com.valvesoftware.android.steam.friendsui/com.valvesoftware.android.steam.friendsui.MainActivity}" drawable="steam_chat" />

	<!-- Stellarium -->
	<item component="ComponentInfo{com.noctuasoftware.stellarium_free/com.stellariumlabs.stellarium.mobile.StellariumFree}" drawable="stellarium" />

	<!-- Stikbot Studio 2 -->
	<item component="ComponentInfo{com.zingglobal.stikbot2/com.unity3d.player.UnityPlayerActivity}" drawable="stikbot_studio_2" />

	<!-- Stockpile -->
	<item component="ComponentInfo{com.stockpilemobile/com.zoontek.rnbootsplash.RNBootSplashActivity}" drawable="stockpile" />

	<!-- Street­Complete -->
	<item component="ComponentInfo{de.westnordost.streetcomplete/de.westnordost.streetcomplete.screens.MainActivity}" drawable="street­complete" />

	<!-- Suntimes -->
	<item component="ComponentInfo{com.forrestguice.suntimeswidget/com.forrestguice.suntimeswidget.SuntimesActivity}" drawable="suntimes" />

	<!-- Suntimes Alarms -->
	<item component="ComponentInfo{com.forrestguice.suntimeswidget/com.forrestguice.suntimeswidget.alarmclock.ui.AlarmClockActivityLauncher}" drawable="suntimes_alarms" />

	<!-- Suntimes Calendars -->
	<item component="ComponentInfo{com.forrestguice.suntimescalendars/com.forrestguice.suntimeswidget.calendar.SuntimesCalendarActivity}" drawable="suntimes_calendars" />

	<!-- Swim Guide -->
	<item component="ComponentInfo{ca.waterkeeper.android.swimguide/ca.waterkeeper.android.swimguide.MainActivity}" drawable="swim_guide" />

	<!-- SystemUI Tuner -->
	<item component="ComponentInfo{org.aospstudio.systemtuner/com.aospstudio.shortcuts.MainActivity}" drawable="systemui_tuner" />

	<!-- Taco Bell -->
	<item component="ComponentInfo{com.tacobell.ordering/com.tacobell.splash.SplashActivity}" drawable="taco_bell" />

	<!-- Talk -->
	<item component="ComponentInfo{com.nextcloud.talk2/com.nextcloud.talk.activities.MainActivity}" drawable="talk" />

	<!-- Tape Measure -->
	<item component="ComponentInfo{org.secuso.privacyfriendlytapemeasure/org.secuso.privacyfriendlycameraruler.SplashActivity}" drawable="tape_measure" />

	<!-- Target -->
	<item component="ComponentInfo{com.target.ui/com.target.ui.activity.NavigationActivity}" drawable="target" />

	<!-- Tasks -->
	<item component="ComponentInfo{foundation.e.tasks/org.dmfs.tasks.TaskListActivity}" drawable="tasks" />

	<!-- TeamViewer -->
	<item component="ComponentInfo{com.teamviewer.teamviewer.market.mobile/com.teamviewer.remotecontrollib.activity.MainActivity}" drawable="teamviewer" />

	<!-- Teapod -->
	<item component="ComponentInfo{org.mosad.teapod/org.mosad.teapod.ui.activity.main.MainActivity}" drawable="teapod" />

	<!-- Teracube parent -->
	<item component="ComponentInfo{com.teracube.teracube_parent/com.teracube.teracube_parent.MainActivity}" drawable="teracube_parent" />

	<!-- Threema Libre -->
	<item component="ComponentInfo{ch.threema.app.libre/ch.threema.app.activities.MainActivity}" drawable="threema_libre" />

	<!-- TinyBit launcher -->
	<item component="ComponentInfo{rocks.tbog.tblauncher/rocks.tbog.tblauncher.TBLauncherActivity}" drawable="tinybit_launcher" />

	<!-- TNAS mobile 3 -->
	<item component="ComponentInfo{com.terramaster.plus/io.dcloud.PandoraEntry}" drawable="tnas_mobile_3" />

	<!-- Toast Takeout -->
	<item component="ComponentInfo{com.toasttab.consumer/com.toasttab.consumer.MainActivity}" drawable="toast_takeout" />

	<!-- Tuner -->
	<item component="ComponentInfo{de.moekadu.tuner/de.moekadu.tuner.MainActivity}" drawable="tuner" />

	<!-- UntrackMe -->
	<item component="ComponentInfo{app.fedilab.nitterizeme/app.fedilab.nitterizeme.activities.MainActivity}" drawable="untrackme" />

	<!-- USPS Mobile -->
	<item component="ComponentInfo{com.usps.app/com.usps.app.mobile.SplashScreenActivity}" drawable="usps_mobile" />

	<!-- uTalk -->
	<item component="ComponentInfo{com.eurotalk.uTalk/com.unity3d.player.UnityPlayerActivity}" drawable="utalk" />

	<!-- Valvoline -->
	<item component="ComponentInfo{com.mobile.vioc/com.mobile.vioc.ValvolineSplashScreenActivity}" drawable="valvoline" />

	<!-- Venmo -->
	<item component="ComponentInfo{com.venmo/com.venmo.AppExperienceLauncherActivity}" drawable="venmo" />

	<!-- Visual Voicemail -->
	<item component="ComponentInfo{com.mizmowireless.vvm/com.att.mobile.android.vvm.screen.WelcomeActivity}" drawable="visual_voicemail" />

	<!-- VSON -->
	<item component="ComponentInfo{com.vson.shneutral/com.vson.shneutral.ui.WelcomeActivity}" drawable="vson" />

	<!-- Walmart -->
	<item component="ComponentInfo{com.walmart.android/com.walmart.glass.integration.splash.SplashActivity}" drawable="walmart" />

	<!-- Wegmans -->
	<item component="ComponentInfo{com.wegmans.wegmansapp/com.instacart.enterprise.main.ICEnterpriseMainActivity}" drawable="wegmans" />

	<!-- Wi-Fi Toolkit -->
	<item component="ComponentInfo{com.tplink.networktoolsbox/com.tplink.networktoolsbox.ui.init.SplashActivity}" drawable="wi_fi_toolkit" />

	<!-- WXXI -->
	<item component="ComponentInfo{com.jacobsmedia.wxxi/com.skyblue.activity.InitialActivity}" drawable="wxxi" />

	<!-- Xbox -->
	<item component="ComponentInfo{com.microsoft.xboxone.smartglass/com.microsoft.xbox.MainActivity}" drawable="xbox" />

	<!-- XScreenSaver -->
	<item component="ComponentInfo{org.jwz.xscreensaver/org.jwz.xscreensaver.Activity}" drawable="xscreensaver" />

	<!-- YAACC -->
	<item component="ComponentInfo{de.yaacc/de.yaacc.browser.TabBrowserActivity}" drawable="yaacc" />

	<!-- Zood Location -->
	<item component="ComponentInfo{xyz.zood.george/xyz.zood.george.MainActivity}" drawable="zood_location" />

</resources>