<Theme version="1">

	<!-- 3D Model Viewer -->
	<AppIcon name="org.andresoviedo.dddmodel2/org.andresoviedo.app.model3D.MainActivity" image="_3d_model_viewer"/>

	<!-- AccuBattery -->
	<AppIcon name="com.digibites.accubattery/com.digibites.abatterysaver.BatterySaverActivity" image="accubattery"/>

	<!-- Acode -->
	<AppIcon name="com.foxdebug.acode/com.foxdebug.acode.MainActivity" image="acode"/>

	<!-- ActiveBuilding -->
	<AppIcon name="com.activebuilding.residents/com.activebuilding.residents.MainActivity" image="activebuilding"/>

	<!-- Air Control -->
	<AppIcon name="ai.aloft.aircontrol/ai.aloft.aircontrol.ui.launch.SplashActivity" image="air_control"/>

	<!-- AirGuard -->
	<AppIcon name="de.seemoo.at_tracking_detection/de.seemoo.at_tracking_detection.ui.MainActivity" image="airguard"/>

	<!-- AirNow -->
	<AppIcon name="com.saic.airnow/com.saic.airnow.MainActivity" image="airnow"/>

	<!-- Amex -->
	<AppIcon name="com.americanexpress.android.acctsvcs.us/com.americanexpress.android.acctsvcs.us.firstuse.StartupActivity" image="amex"/>

	<!-- AndrOBD -->
	<AppIcon name="com.fr3ts0n.ecu.gui.androbd/com.fr3ts0n.ecu.gui.androbd.MainActivity" image="androbd"/>

	<!-- AndrOBD GpsProvider -->
	<AppIcon name="com.fr3ts0n.androbd.plugin.gpsprovider/com.fr3ts0n.androbd.plugin.gpsprovider.SettingsActivity" image="androbd_gpsprovider"/>

	<!-- AndrOBD SensorProvider -->
	<AppIcon name="com.fr3ts0n.androbd.plugin.sensorprovider/com.fr3ts0n.androbd.plugin.sensorprovider.SettingsActivity" image="androbd_sensorprovider"/>

	<!-- Android System Widgets + -->
	<AppIcon name="de.program_co.asciisystemwidgetsplusplus/de.program_co.asciisystemwidgetsplusplus.activities.MainActivity" image="android_system_widgets_"/>

	<!-- APK Explorer & Editor -->
	<AppIcon name="com.apk.editor/com.apk.editor.activities.StartActivity" image="apk_explorer_and_editor"/>

	<!-- B4UFLY -->
	<AppIcon name="gov.faa.b4ufly2/gov.faa.b4ufly2.ui.start.SplashActivity" image="b4ufly"/>

	<!-- Bandcamp -->
	<AppIcon name="com.bandcamp.android/com.bandcamp.android.view.SplashActivity" image="bandcamp"/>

	<!-- Beyond Menu -->
	<AppIcon name="com.beyondmenu/com.beyondmenu.activity.SplashActivity" image="beyond_menu"/>

	<!-- BILL AP & AR -->
	<AppIcon name="com.bdc.bill/com.bdc.bill.flows.signin.SplashActivity" image="bill_ap_and_ar"/>

	<!-- Blackboard -->
	<AppIcon name="com.kentdisplays.blackboard/com.kentdisplays.blackboard.activities.SplashScreenActivity" image="blackboard"/>

	<!-- Burger King -->
	<AppIcon name="com.emn8.mobilem8.nativeapp.bk/com.emn8.mobilem8.nativeapp.bk.MainActivity" image="burger_king"/>

	<!-- Cache Cleaner -->
	<AppIcon name="com.github.bmx666.appcachecleaner/com.github.bmx666.appcachecleaner.ui.activity.LauncherActivity" image="cache_cleaner"/>

	<!-- Calendar -->
	<AppIcon name="foundation.e.calendar/com.android.calendar.AllInOneActivity" image="calendar"/>

	<!-- Camera -->
	<AppIcon name="foundation.e.camera/net.sourceforge.opencamera.MainActivity" image="camera"/>

	<!-- Camera Remote -->
	<AppIcon name="com.fujifilm_dsc.app.remoteshooter/com.fujifilm_dsc.app.remoteshooter.InitializeActivity" image="camera_remote"/>

	<!-- Carrion -->
	<AppIcon name="us.spotco.carrion/us.spotco.carrion.MainActivity" image="carrion"/>

	<!-- ChargerLink -->
	<AppIcon name="com.skyrc.chargemastewifi/com.skyrc.chargemastewifi.ChargerCtrlActivity" image="chargerlink"/>

	<!-- CIFS Documents Provider -->
	<AppIcon name="com.wa2c.android.cifsdocumentsprovider/com.wa2c.android.cifsdocumentsprovider.presentation.ui.MainActivity" image="cifs_documents_provider"/>

	<!-- ClickUp -->
	<AppIcon name="co.mangotechnologies.clickup/co.mangotechnologies.clickup.MainActivity" image="clickup"/>

	<!-- Contacts Optimizer -->
	<AppIcon name="com.compelson.optimizer/com.compelson.optimizer.Optimizer" image="contacts_optimizer"/>

	<!-- Cookbook -->
	<AppIcon name="de.micmun.android.nextcloudcookbook/de.micmun.android.nextcloudcookbook.ui.LoginActivity" image="cookbook"/>

	<!-- DeadHash -->
	<AppIcon name="com.codedead.deadhash/com.codedead.deadhash.gui.MainActivity" image="deadhash"/>

	<!-- Deck -->
	<AppIcon name="it.niedermann.nextcloud.deck/it.niedermann.nextcloud.deck.ui.main.MainActivity" image="deck"/>

	<!-- Deduplicate SMS -->
	<AppIcon name="com.venomvendor.sms.deduplicate/com.venomvendor.sms.deduplicate.activity.Deduplication" image="deduplicate_sms"/>

	<!-- Deep Links for LabCoat -->
	<AppIcon name="com.nomadlabs.labcoat.deeplinks/com.nomadlabs.labcoat.deeplinks.AboutActivity" image="deep_links_for_labcoat"/>

	<!-- Device Info -->
	<AppIcon name="com.delta8studio.deviceinfo/com.delta8studio.deviceinfo.MainActivity" image="device_info"/>

	<!-- Discourse -->
	<AppIcon name="com.discourse/com.discourse.MainActivity" image="discourse"/>

	<!-- Domino's -->
	<AppIcon name="com.dominospizza/com.dominos.loadingscreen.InitialLaunchActivity" image="dominos"/>

	<!-- drawnames -->
	<AppIcon name="com.meetrixonline.drawnames/io.flutter.embedding.android.FlutterActivity" image="drawnames"/>

	<!-- DroidCamX -->
	<AppIcon name="com.dev47apps.droidcamx/com.dev47apps.droidcamx.DroidCamX" image="droidcamx"/>

	<!-- droidVNC-NG Admin Panel -->
	<AppIcon name="net.christianbeier.droidvnc_ng/net.christianbeier.droidvnc_ng.MainActivity" image="droidvnc_ng_admin_panel"/>

	<!-- Dunkin' -->
	<AppIcon name="com.dunkinbrands.otgo/com.cardfree.android.dunkindonuts.activities.LauncherActivity" image="dunkin"/>

	<!-- EpaUvIndex -->
	<AppIcon name="gov.epa/gov.epa.MainActivity" image="epauvindex"/>

	<!-- Excellus BCBS -->
	<AppIcon name="com.excellus.memberapp/com.excellus.memberapp.Activity.SplashActivity" image="excellus_bcbs"/>

	<!-- Exif Thumbnail Adder -->
	<AppIcon name="com.exifthumbnailadder.app/com.exifthumbnailadder.app.MainActivity" image="exif_thumbnail_adder"/>

	<!-- Exodus -->
	<AppIcon name="org.eu.exodus_privacy.exodusprivacy/org.eu.exodus_privacy.exodusprivacy.MainActivity" image="exodus"/>

	<!-- EyeMed -->
	<AppIcon name="com.eyemed.app.members/com.eyemed.app.members.ui.login.LoginActivity" image="eyemed"/>

	<!-- F-Droid Build Status -->
	<AppIcon name="de.storchp.fdroidbuildstatus/de.storchp.fdroidbuildstatus.MainActivity" image="f_droid_build_status"/>

	<!-- Family Safety -->
	<AppIcon name="com.microsoft.familysafety/com.microsoft.familysafety.MainActivity" image="family_safety"/>

	<!-- FindMyDevice -->
	<AppIcon name="de.nulide.findmydevice/de.nulide.findmydevice.ui.MainActivity" image="findmydevice"/>

	<!-- Fitbit -->
	<AppIcon name="com.fitbit.FitbitMobile/com.fitbit.FirstActivity" image="fitbit"/>

	<!-- FIVE GUYS -->
	<AppIcon name="com.fiveguys.olo.android/com.wearehathway.apps.stock.views.resolver.ScreenResolutionActivity" image="five_guys"/>

	<!-- Flite Test -->
	<AppIcon name="com.tritiumstudios.flitetest/com.tritiumstudios.flitetest.MainActivity" image="flite_test"/>

	<!-- floccus -->
	<AppIcon name="org.handmadeideas.floccus/org.handmadeideas.floccus.MainActivity" image="floccus"/>

	<!-- foobar2000 -->
	<AppIcon name="com.foobar2000.foobar2000/com.foobar2000.foobar2000.MainActivity" image="foobar2000"/>

	<!-- Forest Settings -->
	<AppIcon name="kaka.wallpaper.forest/kaka.wallpaper.forest.android.SettingsActivity" image="forest_settings"/>

	<!-- Freshdesk -->
	<AppIcon name="com.freshdesk.helpdesk/com.freshdesk.helpdesk.ui.SplashActivity" image="freshdesk"/>

	<!-- Fudge -->
	<AppIcon name="dev.danielc.fujiapp/dev.danielc.fujiapp.MainActivity" image="fudge"/>

	<!-- GEICO Mobile -->
	<AppIcon name="com.geico.mobile/com.geico.mobile.android.ace.geicoapppresentation.splash.mvvm.view.AceSplashActivity" image="geico_mobile"/>

	<!-- GitNex -->
	<AppIcon name="org.mian.gitnex/org.mian.gitnex.activities.MainActivity" image="gitnex"/>

	<!-- GoPro Quik -->
	<AppIcon name="com.gopro.smarty/com.gopro.smarty.activity.HomeActivity" image="gopro_quik"/>

	<!-- GPS Point -->
	<AppIcon name="sk.grecnar.gpspoint/sk.grecnar.gpspoint.MainActivity" image="gps_point"/>

	<!-- GPSTest -->
	<AppIcon name="com.android.gpstest.osmdroid/com.android.gpstest.ui.MainActivity" image="gpstest"/>

	<!-- Gusto Wallet -->
	<AppIcon name="com.gusto.money/com.gusto.money.navigation.NavActivity" image="gusto_wallet"/>

	<!-- Handy Reading -->
	<AppIcon name="ru.yanus171.feedexfork/ru.yanus171.feedexfork.activity.HomeActivity" image="handy_reading"/>

	<!-- Home Phone -->
	<AppIcon name="com.ooma.mobile2/com.ooma.mobile.ui.login.LoginActivity" image="home_phone"/>

	<!-- I Love NY -->
	<AppIcon name="com.fg.iloveny/com.fg.iloveny.LoadingActivity" image="i_love_ny"/>

	<!-- IconRequest -->
	<AppIcon name="de.kaiserdragon.iconrequest/de.kaiserdragon.iconrequest.MainActivity" image="iconrequest"/>

	<!-- Identiconizer! -->
	<AppIcon name="com.germainz.identiconizer/com.germainz.identiconizer.IdenticonsSettings" image="identiconizer_"/>

	<!-- iNaturalist -->
	<AppIcon name="org.inaturalist.android/org.inaturalist.android.ObservationListActivity.inaturalist" image="inaturalist"/>

	<!-- LabCoat -->
	<AppIcon name="com.commit451.gitlab/com.commit451.gitlab.activity.LaunchActivity" image="labcoat"/>

	<!-- LibreTranslator -->
	<AppIcon name="de.beowulf.libretranslater/de.beowulf.libretranslater.MainActivity" image="libretranslator"/>

	<!-- ListenBrainz -->
	<AppIcon name="org.listenbrainz.android/org.listenbrainz.android.ui.screens.main.MainActivity" image="listenbrainz"/>

	<!-- Living Worlds -->
	<AppIcon name="com.pixfabrik.livingworlds/com.pixfabrik.livingworlds.MainActivity" image="living_worlds"/>

	<!-- M&T Bank -->
	<AppIcon name="com.mtb.mbanking.sc.retail.prod/com.mnt.mobilebanking.controllers.activities.SplashActivity" image="m_and_t_bank"/>

	<!-- Maps -->
	<AppIcon name="com.generalmagic.magicearth/com.magiclane.androidsphere.map.MapActivity" image="maps"/>

	<!-- Maps Geofavorites -->
	<AppIcon name="it.danieleverducci.nextcloudmaps/it.danieleverducci.nextcloudmaps.activity.login.LoginActivity" image="maps_geofavorites"/>

	<!-- Mastodon Redirect -->
	<AppIcon name="dev.zwander.mastodonredirect/dev.zwander.mastodonredirect.MainActivity" image="mastodon_redirect"/>

	<!-- MediaInfo -->
	<AppIcon name="net.mediaarea.mediainfo/net.mediaarea.mediainfo.ReportListActivity" image="mediainfo"/>

	<!-- Mercurygram -->
	<AppIcon name="it.belloworld.mercurygram/org.telegram.messenger.DefaultIcon" image="mercurygram"/>

	<!-- Mighty DOOM -->
	<AppIcon name="com.bethsoft.ubu/com.google.firebase.MessagingUnityPlayerActivity" image="mighty_doom"/>

	<!-- Milestones -->
	<AppIcon name="gov.cdc.ncbddd.actearly.milestones/com.brainbytescreative.actearly.MainActivity" image="milestones"/>

	<!-- Mitch -->
	<AppIcon name="ua.gardenapple.itchupdater/garden.appl.mitch.ui.MainActivity" image="mitch"/>

	<!-- MJ PDF -->
	<AppIcon name="foundation.e.pdfviewer/com.gitlab.mudlej.MjPdfReader.LauncherAlias" image="mj_pdf"/>

	<!-- MOHELA -->
	<AppIcon name="com.mohela.MOHELA/com.mohela.MOHELA.MainActivity" image="mohela"/>

	<!-- My Spectrum -->
	<AppIcon name="com.brighthouse.mybhn/com.spectrum.convergedTech.MainActivity" image="my_spectrum"/>

	<!-- MyChart -->
	<AppIcon name="epic.mychart.android/epic.mychart.android.library.prelogin.SplashActivity" image="mychart"/>

	<!-- myCricket -->
	<AppIcon name="com.mizmowireless.acctmgt/com.streamezzo.android.richmedia.RichMedia" image="mycricket"/>

	<!-- MyHyundai -->
	<AppIcon name="com.stationdm.bluelink/com.stationdm.bluelink.kotlin.ui.auth.SDMSplashActivity" image="myhyundai"/>

	<!-- Nara Baby -->
	<AppIcon name="com.naraorganics.nara/com.naraorganics.nara.MainActivity" image="nara_baby"/>

	<!-- News -->
	<AppIcon name="de.luhmer.owncloudnewsreader/de.luhmer.owncloudnewsreader.NewsReaderListActivity" image="news"/>

	<!-- Nextcloud Passwords -->
	<AppIcon name="com.hegocre.nextcloudpasswords/com.hegocre.nextcloudpasswords.ui.activities.MainActivity" image="nextcloud_passwords"/>

	<!-- Notification Log -->
	<AppIcon name="com.aospstudio.notificationlog/com.aospstudio.shortcuts.MainActivity" image="notification_log"/>

	<!-- ntfy -->
	<AppIcon name="io.heckel.ntfy/io.heckel.ntfy.ui.MainActivity" image="ntfy"/>

	<!-- NY State Parks Explorer -->
	<AppIcon name="gov.ny.its.nysparks/gov.ny.its.nysparks.ui.WelcomeActivity" image="ny_state_parks_explorer"/>

	<!-- OctoDroid -->
	<AppIcon name="com.gh4a/com.gh4a.activities.Github4AndroidActivity" image="octodroid"/>

	<!-- OneBit Adventure -->
	<AppIcon name="com.GalacticSlice.OneBitAdventure/com.unity3d.player.UnityPlayerActivity" image="onebit_adventure"/>

	<!-- OpenAthena™ for Android -->
	<AppIcon name="com.openathena/com.openathena.MainActivity" image="openathena™_for_android"/>

	<!-- OpenKeychain -->
	<AppIcon name="org.sufficientlysecure.keychain/org.sufficientlysecure.keychain.ui.MainActivity" image="openkeychain"/>

	<!-- OpenWrt Manager -->
	<AppIcon name="com.hg.openwrtmanager/com.hg.openwrtmanager.MainActivity" image="openwrt_manager"/>

	<!-- OSS Document Scanner -->
	<AppIcon name="com.akylas.documentscanner/com.akylas.documentscanner.MainActivity" image="oss_document_scanner"/>

	<!-- OTP Manager -->
	<AppIcon name="com.convertino.otp_manager/com.convertino.otp_manager.MainActivity" image="otp_manager"/>

	<!-- Palette Cycling LWP -->
	<AppIcon name="rak.pixellwp/rak.pixellwp.SetWallpaperActivity" image="palette_cycling_lwp"/>

	<!-- PerformanceTest Mobile -->
	<AppIcon name="com.passmark.pt_mobile/com.passmark.pt_mobile.SplashScreen" image="performancetest_mobile"/>

	<!-- PermissionSlip -->
	<AppIcon name="org.consumerreports.permissionslip.production/org.consumerreports.permissionslip.MainActivity" image="permissionslip"/>

	<!-- Picard Barcode Scanner -->
	<AppIcon name="org.musicbrainz.picard.barcodescanner/org.musicbrainz.picard.barcodescanner.activities.ScannerActivity" image="picard_barcode_scanner"/>

	<!-- Pocket Sign -->
	<AppIcon name="com.mobireactor.signlanguage/com.mobireactor.signlanguage.MainActivity" image="pocket_sign"/>

	<!-- Port Authority -->
	<AppIcon name="com.aaronjwood.portauthority/com.aaronjwood.portauthority.activity.MainActivity" image="port_authority"/>

	<!-- projectM Pro -->
	<AppIcon name="com.psperl.projectM/com.psperl.prjM.MainActivity" image="projectm_pro"/>

	<!-- ProShot -->
	<AppIcon name="com.riseupgames.proshot2/com.riseupgames.proshot2.activities.PermissionsActivity" image="proshot"/>

	<!-- Rarevision -->
	<AppIcon name="com.rarevision.vhscamcorder/com.rarevision.vhscommon.VhsCam" image="rarevision"/>

	<!-- Read You -->
	<AppIcon name="me.ash.reader/me.ash.reader.infrastructure.android.MainActivity" image="read_you"/>

	<!-- Recreation.gov -->
	<AppIcon name="com.bah.r1smobile/com.bah.r1smobile.activities.SplashActivity" image="recreationgov"/>

	<!-- Redfin -->
	<AppIcon name="com.redfin.android/com.redfin.android.activity.launch.DefaultLaunchActivity" image="redfin"/>

	<!-- Retro Gorilla Artillery Game -->
	<AppIcon name="net.squarestation.retrogorillaartillerygame/com.ansca.corona.CoronaActivity" image="retro_gorilla_artillery_game"/>

	<!-- Retro Mode - Light -->
	<AppIcon name="app.moertel.retro.iconpack.light/app.moertel.retro.iconpack.activities.SplashActivity" image="retro_mode_light"/>

	<!-- Retro Mode - Neon -->
	<AppIcon name="app.moertel.retro.iconpack.neon/app.moertel.retro.iconpack.activities.SplashActivity" image="retro_mode_neon"/>

	<!-- RGE -->
	<AppIcon name="com.avangrid.rgecustomer/com.avangrid.nysegcustomer.MainActivity" image="rge"/>

	<!-- RoMote -->
	<AppIcon name="wseemann.media.romote/wseemann.media.romote.activity.MainActivity" image="romote"/>

	<!-- RTKGPS+ -->
	<AppIcon name="gpsplus.rtkgps/gpsplus.rtkgps.MainActivity" image="rtkgps_"/>

	<!-- Ruler -->
	<AppIcon name="org.secuso.privacyfriendlyruler/org.secuso.privacyfriendlyruler.activities.SplashActivity" image="ruler"/>

	<!-- RunCam -->
	<AppIcon name="com.runcam.runcam2/com.runcam.runcam2.Activity.SplashActivity" image="runcam"/>

	<!-- SaverTuner -->
	<AppIcon name="s1m.savertuner/com.draco.buoy.views.MainActivity" image="savertuner"/>

	<!-- Scrambled Exif -->
	<AppIcon name="com.jarsilio.android.scrambledeggsif/com.jarsilio.android.scrambledeggsif.MainActivity" image="scrambled_exif"/>

	<!-- Seek -->
	<AppIcon name="org.inaturalist.seek/org.inaturalist.seek.MainActivity" image="seek"/>

	<!-- Skewy -->
	<AppIcon name="hans.b.skewy1_0/hans.b.skewy1_0.MainActivity" image="skewy"/>

	<!-- Slack -->
	<AppIcon name="com.Slack/slack.features.home.HomeActivity" image="slack"/>

	<!-- Slice -->
	<AppIcon name="com.slicelife.storefront/com.slicelife.storefront.view.SplashActivity" image="slice"/>

	<!-- Smoke Sense -->
	<AppIcon name="sti.com.ewhsa/sti.com.ewhsa.activities.SplashActivity" image="smoke_sense"/>

	<!-- SMS Backup & Restore Pro -->
	<AppIcon name="com.riteshsahu.SMSBackupRestorePro/com.riteshsahu.SMSBackupRestore.activities.IntroActivity" image="sms_backup_and_restore_pro"/>

	<!-- Snowfall -->
	<AppIcon name="com.korovan.snowfall/com.korovan.snowfall.OpenActivity" image="snowfall"/>

	<!-- Solex -->
	<AppIcon name="com.fognl.solex/com.fognl.solex.SolexMainActivity" image="solex"/>

	<!-- SomaFM -->
	<AppIcon name="com.dgmltn.radiomg.somafm/com.dgmltn.radiomg.ui.main.MainActivity" image="somafm"/>

	<!-- SoundHound -->
	<AppIcon name="com.melodis.midomiMusicIdentifier.freemium/com.soundhound.android.appcommon.activity.SplashScreenActivity" image="soundhound"/>

	<!-- Steam Chat -->
	<AppIcon name="com.valvesoftware.android.steam.friendsui/com.valvesoftware.android.steam.friendsui.MainActivity" image="steam_chat"/>

	<!-- Stellarium -->
	<AppIcon name="com.noctuasoftware.stellarium_free/com.stellariumlabs.stellarium.mobile.StellariumFree" image="stellarium"/>

	<!-- Stikbot Studio 2 -->
	<AppIcon name="com.zingglobal.stikbot2/com.unity3d.player.UnityPlayerActivity" image="stikbot_studio_2"/>

	<!-- Stockpile -->
	<AppIcon name="com.stockpilemobile/com.zoontek.rnbootsplash.RNBootSplashActivity" image="stockpile"/>

	<!-- Street­Complete -->
	<AppIcon name="de.westnordost.streetcomplete/de.westnordost.streetcomplete.screens.MainActivity" image="street­complete"/>

	<!-- Suntimes -->
	<AppIcon name="com.forrestguice.suntimeswidget/com.forrestguice.suntimeswidget.SuntimesActivity" image="suntimes"/>

	<!-- Suntimes Alarms -->
	<AppIcon name="com.forrestguice.suntimeswidget/com.forrestguice.suntimeswidget.alarmclock.ui.AlarmClockActivityLauncher" image="suntimes_alarms"/>

	<!-- Suntimes Calendars -->
	<AppIcon name="com.forrestguice.suntimescalendars/com.forrestguice.suntimeswidget.calendar.SuntimesCalendarActivity" image="suntimes_calendars"/>

	<!-- Swim Guide -->
	<AppIcon name="ca.waterkeeper.android.swimguide/ca.waterkeeper.android.swimguide.MainActivity" image="swim_guide"/>

	<!-- SystemUI Tuner -->
	<AppIcon name="org.aospstudio.systemtuner/com.aospstudio.shortcuts.MainActivity" image="systemui_tuner"/>

	<!-- Taco Bell -->
	<AppIcon name="com.tacobell.ordering/com.tacobell.splash.SplashActivity" image="taco_bell"/>

	<!-- Talk -->
	<AppIcon name="com.nextcloud.talk2/com.nextcloud.talk.activities.MainActivity" image="talk"/>

	<!-- Tape Measure -->
	<AppIcon name="org.secuso.privacyfriendlytapemeasure/org.secuso.privacyfriendlycameraruler.SplashActivity" image="tape_measure"/>

	<!-- Target -->
	<AppIcon name="com.target.ui/com.target.ui.activity.NavigationActivity" image="target"/>

	<!-- Tasks -->
	<AppIcon name="foundation.e.tasks/org.dmfs.tasks.TaskListActivity" image="tasks"/>

	<!-- TeamViewer -->
	<AppIcon name="com.teamviewer.teamviewer.market.mobile/com.teamviewer.remotecontrollib.activity.MainActivity" image="teamviewer"/>

	<!-- Teapod -->
	<AppIcon name="org.mosad.teapod/org.mosad.teapod.ui.activity.main.MainActivity" image="teapod"/>

	<!-- Teracube parent -->
	<AppIcon name="com.teracube.teracube_parent/com.teracube.teracube_parent.MainActivity" image="teracube_parent"/>

	<!-- Threema Libre -->
	<AppIcon name="ch.threema.app.libre/ch.threema.app.activities.MainActivity" image="threema_libre"/>

	<!-- TinyBit launcher -->
	<AppIcon name="rocks.tbog.tblauncher/rocks.tbog.tblauncher.TBLauncherActivity" image="tinybit_launcher"/>

	<!-- TNAS mobile 3 -->
	<AppIcon name="com.terramaster.plus/io.dcloud.PandoraEntry" image="tnas_mobile_3"/>

	<!-- Toast Takeout -->
	<AppIcon name="com.toasttab.consumer/com.toasttab.consumer.MainActivity" image="toast_takeout"/>

	<!-- Tuner -->
	<AppIcon name="de.moekadu.tuner/de.moekadu.tuner.MainActivity" image="tuner"/>

	<!-- UntrackMe -->
	<AppIcon name="app.fedilab.nitterizeme/app.fedilab.nitterizeme.activities.MainActivity" image="untrackme"/>

	<!-- USPS Mobile -->
	<AppIcon name="com.usps.app/com.usps.app.mobile.SplashScreenActivity" image="usps_mobile"/>

	<!-- uTalk -->
	<AppIcon name="com.eurotalk.uTalk/com.unity3d.player.UnityPlayerActivity" image="utalk"/>

	<!-- Valvoline -->
	<AppIcon name="com.mobile.vioc/com.mobile.vioc.ValvolineSplashScreenActivity" image="valvoline"/>

	<!-- Venmo -->
	<AppIcon name="com.venmo/com.venmo.AppExperienceLauncherActivity" image="venmo"/>

	<!-- Visual Voicemail -->
	<AppIcon name="com.mizmowireless.vvm/com.att.mobile.android.vvm.screen.WelcomeActivity" image="visual_voicemail"/>

	<!-- VSON -->
	<AppIcon name="com.vson.shneutral/com.vson.shneutral.ui.WelcomeActivity" image="vson"/>

	<!-- Walmart -->
	<AppIcon name="com.walmart.android/com.walmart.glass.integration.splash.SplashActivity" image="walmart"/>

	<!-- Wegmans -->
	<AppIcon name="com.wegmans.wegmansapp/com.instacart.enterprise.main.ICEnterpriseMainActivity" image="wegmans"/>

	<!-- Wi-Fi Toolkit -->
	<AppIcon name="com.tplink.networktoolsbox/com.tplink.networktoolsbox.ui.init.SplashActivity" image="wi_fi_toolkit"/>

	<!-- WXXI -->
	<AppIcon name="com.jacobsmedia.wxxi/com.skyblue.activity.InitialActivity" image="wxxi"/>

	<!-- Xbox -->
	<AppIcon name="com.microsoft.xboxone.smartglass/com.microsoft.xbox.MainActivity" image="xbox"/>

	<!-- XScreenSaver -->
	<AppIcon name="org.jwz.xscreensaver/org.jwz.xscreensaver.Activity" image="xscreensaver"/>

	<!-- YAACC -->
	<AppIcon name="de.yaacc/de.yaacc.browser.TabBrowserActivity" image="yaacc"/>

	<!-- Zood Location -->
	<AppIcon name="xyz.zood.george/xyz.zood.george.MainActivity" image="zood_location"/>

</Theme>