<appmap>

	<!-- 8-Bit-Wonders -->
	<item class="de.rainerhock.eightbitwonders.MainActivity" name="_8_bit_wonders"/>

	<!-- Aard 2 -->
	<item class="itkach.aard2.MainActivity" name="aard_2"/>

	<!-- Alovoa -->
	<item class="com.alovoa.expo.MainActivity" name="alovoa"/>

	<!-- Amethyst -->
	<item class="com.vitorpamplona.amethyst.ui.MainActivity" name="amethyst"/>

	<!-- AndroidIDE -->
	<item class="com.itsaky.androidide.activities.SplashActivity" name="androidide"/>

	<!-- Audio Spectrum Analyzer -->
	<item class="org.woheller69.audio_analyzer_for_android.AnalyzerActivity" name="audio_spectrum_analyzer"/>

	<!-- auth -->
	<item class="io.ente.auth.MainActivity" name="auth"/>

	<!-- Bandcamp -->
	<item class="com.bandcamp.android.view.SplashActivity" name="bandcamp"/>

	<!-- barq -->
	<item class="com.furryapp.MainActivity" name="barq"/>

	<!-- BLE Radar -->
	<item class="f.cking.software.ui.MainActivity" name="ble_radar"/>

	<!-- Boorusphere -->
	<item class="io.chaldeaprjkt.boorusphere.MainActivity" name="boorusphere"/>

	<!-- Camera -->
	<item class="app.grapheneos.camera.ui.activities.MainActivity" name="camera"/>

	<!-- Cataclysm DDA -->
	<item class="com.cleverraven.cataclysmdda.SplashScreen" name="cataclysm_dda"/>

	<!-- CPU Info -->
	<item class="com.kgurgul.cpuinfo.features.HostActivity" name="cpu_info"/>

	<!-- Deck -->
	<item class="it.niedermann.nextcloud.deck.ui.main.MainActivity" name="deck"/>

	<!-- Delta Chat -->
	<item class="org.thoughtcrime.securesms.RoutingActivity" name="delta_chat"/>

	<!-- DevilutionX -->
	<item class="org.diasurgical.devilutionx.DevilutionXSDLActivity" name="devilutionx"/>

	<!-- Dolby Atmos -->
	<item class="com.motorola.dolby.dolbyui.ui.LauncherActivity" name="dolby_atmos"/>

	<!-- Dolphin Emulator -->
	<item class="org.dolphinemu.dolphinemu.ui.main.MainActivity" name="dolphin_emulator"/>

	<!-- Download Navi -->
	<item class="com.tachibana.downloader.ui.main.MainActivity" name="download_navi"/>

	<!-- DraStic -->
	<item class="com.dsemu.drastic.DraSticActivity" name="drastic"/>

	<!-- DuckDuckGo -->
	<item class="com.duckduckgo.app.launch.LauncherBlack" name="duckduckgo"/>

	<!-- Dungeon Crawl Stone Soup -->
	<item class="org.develz.crawl.DCSSLauncher" name="dungeon_crawl_stone_soup"/>

	<!-- Etar -->
	<item class="com.android.calendar.AllInOneActivity" name="etar"/>

	<!-- FahrPlaner -->
	<item class="de.hafas.main.HafasApp" name="fahrplaner"/>

	<!-- FlashDim -->
	<item class="com.cyb3rko.flashdim.activities.MainActivity" name="flashdim"/>

	<!-- Gadgetbridge -->
	<item class="nodomain.freeyourgadget.gadgetbridge.activities.ControlCenterv2" name="gadgetbridge"/>

	<!-- GitNex -->
	<item class="org.mian.gitnex.activities.MainActivity" name="gitnex"/>

	<!-- Grokio -->
	<item class="crc64adda14c7469c8486.SplashActivity" name="grokio"/>

	<!-- Inno Setup Extractor -->
	<item class="uk.co.armedpineapple.innoextract.MainActivity" name="inno_setup_extractor"/>

	<!-- Joplin -->
	<item class="net.cozic.joplin.MainActivity" name="joplin"/>

	<!-- Kalker -->
	<item class="net.strct.kalker.MainActivity" name="kalker"/>

	<!-- Kamera -->
	<item class="com.android.camera.CameraLauncher" name="kamera"/>

	<!-- Karma FW -->
	<item class="net.stargw.karma.ActivityMain" name="karma_fw"/>

	<!-- lichess -->
	<item class="org.lichess.mobileapp.MainActivity" name="lichess"/>

	<!-- LoliSnatcher -->
	<item class="com.noaisu.loliSnatcher.MainActivity" name="lolisnatcher"/>

	<!-- Maid -->
	<item class="com.danemadsen.maid.MainActivity" name="maid"/>

	<!-- Mastodon -->
	<item class="org.joinmastodon.android.MainActivity" name="mastodon"/>

	<!-- melonDS -->
	<item class="me.magnum.melonds.ui.romlist.RomListActivity" name="melonds"/>

	<!-- Minetest -->
	<item class="net.minetest.minetest.MainActivity" name="minetest"/>

	<!-- Mullvad VPN -->
	<item class="net.mullvad.mullvadvpn.ui.MainActivity" name="mullvad_vpn"/>

	<!-- MuPDF mini -->
	<item class="com.artifex.mupdf.mini.app.LibraryActivity" name="mupdf_mini"/>

	<!-- My Application -->
	<item class="com.example.myapplication.MainActivity" name="my_application"/>

	<!-- Myne -->
	<item class="com.starry.myne.MainActivity" name="myne"/>

	<!-- N26 -->
	<item class="de.number26.machete.android.refactor.presentation.settings.customize_icon.launch_aliases.TealActivityLauncher" name="n26"/>

	<!-- News -->
	<item class="de.luhmer.owncloudnewsreader.NewsReaderListActivity" name="news"/>

	<!-- NFC-Leser -->
	<item class="com.github.muellerma.nfcreader.MainActivity" name="nfc_leser"/>

	<!-- NI2CE -->
	<item class="im.vector.application.features.Alias" name="ni2ce"/>

	<!-- omWeather -->
	<item class="org.woheller69.weather.activities.SplashActivity" name="omweather"/>

	<!-- OnionShare (alpha) -->
	<item class="org.onionshare.android.ui.MainActivity" name="onionshare_alpha_"/>

	<!-- Open Chaos-Schach -->
	<item class="dev.corruptedark.openchaoschess.MainActivity" name="open_chaos_schach"/>

	<!-- OpenFoodFacts -->
	<item class="org.openfoodfacts.app.MainActivity" name="openfoodfacts"/>

	<!-- OpenRCT2 -->
	<item class="io.openrct2.MainActivity" name="openrct2"/>

	<!-- Orbot -->
	<item class="org.torproject.android.OrbotActivity" name="orbot"/>

	<!-- OSMfocus Reborn -->
	<item class="net.pfiers.osmfocus.view.MainActivity" name="osmfocus_reborn"/>

	<!-- Paperless Mobile -->
	<item class="de.astubenbord.paperless_mobile.MainActivity" name="paperless_mobile"/>

	<!-- Pixel Filter -->
	<item class="screen.dimmer.pixelfilter.MainActivity" name="pixel_filter"/>

	<!-- PPSSPP Gold -->
	<item class="org.ppsspp.ppsspp.PpssppActivity" name="ppsspp_gold"/>

	<!-- Radio -->
	<item class="com.android.fmradio.FmMainActivity" name="radio"/>

	<!-- RetroArch -->
	<item class="com.retroarch.browser.mainmenu.MainMenuActivity" name="retroarch"/>

	<!-- ROMEO UNCUT -->
	<item class="com.planetromeo.android.app.authentication.splash.SplashActivity" name="romeo_uncut"/>

	<!-- Ruffle -->
	<item class="rs.ruffle.MainActivity" name="ruffle"/>

	<!-- Schach -->
	<item class="jwtc.android.chess.start" name="schach"/>

	<!-- Shizuku -->
	<item class="moe.shizuku.manager.MainActivity" name="shizuku"/>

	<!-- Slack -->
	<item class="slack.features.home.HomeActivity" name="slack"/>

	<!-- Soundrekorder -->
	<item class="com.sprd.soundrecorder.RecorderActivity" name="soundrekorder"/>

	<!-- stashcat -->
	<item class="de.heinekingmedia.stashcat.start.StartActivity" name="stashcat"/>

	<!-- Status -->
	<item class="im.status.ethereum.MainActivity" name="status"/>

	<!-- Steam Chat -->
	<item class="com.valvesoftware.android.steam.friendsui.MainActivity" name="steam_chat"/>

	<!-- Street­Complete -->
	<item class="de.westnordost.streetcomplete.screens.MainActivity" name="street­complete"/>

	<!-- Syncthing -->
	<item class="com.nutomic.syncthingandroid.activities.FirstStartActivity" name="syncthing"/>

	<!-- Taimi -->
	<item class="com.takimi.android.MainActivity" name="taimi"/>

	<!-- Talk -->
	<item class="com.nextcloud.talk.activities.MainActivity" name="talk"/>

	<!-- Telegram -->
	<item class="org.telegram.messenger.DefaultIcon" name="telegram"/>

	<!-- Unciv -->
	<item class="com.unciv.app.AndroidLauncher" name="unciv"/>

	<!-- Unexpected Keyboard -->
	<item class="juloo.keyboard2.LauncherActivity" name="unexpected_keyboard"/>

	<!-- Untis Mobile -->
	<item class="com.untis.mobile.ui.activities.launcher.LauncherActivity" name="untis_mobile"/>

	<!-- VCMI -->
	<item class="eu.vcmi.vcmi.ActivityLauncher" name="vcmi"/>

	<!-- Vespucci -->
	<item class="de.blau.android.Splash" name="vespucci"/>

	<!-- Vibrator -->
	<item class="com.lukeneedham.vibrator.MainActivity" name="vibrator"/>

	<!-- WOW -->
	<item class="tv.vhx.LauncherActivity" name="wow"/>

	<!-- ZipXtract -->
	<item class="com.wirelessalien.zipxtract.FragmentActivity" name="zipxtract"/>

</appmap>