<resources>

	<!-- Biblia -->
	<item component="ComponentInfo{com.sirma.mobile.bible.android/com.youversion.ui.MainActivity}" drawable="biblia" />

	<!-- Classroom -->
	<item component="ComponentInfo{com.google.android.apps.classroom/com.google.android.apps.classroom.application.launcher.LauncherActivity}" drawable="classroom" />

	<!-- Fondos de pantalla -->
	<item component="ComponentInfo{com.android.wallpaper/com.android.wallpaper.picker.CategoryPickerActivity}" drawable="fondos_de_pantalla" />

	<!-- Grabadora de sonidos -->
	<item component="ComponentInfo{com.android.soundrecorder/com.android.soundrecorder.SoundRecorder}" drawable="grabadora_de_sonidos" />

	<!-- Office: TextMaker -->
	<item component="ComponentInfo{softmaker.applications.office.textmaker/softmaker.applications.textmaker.TextMaker}" drawable="office_textmaker" />

	<!-- Play Películas -->
	<item component="ComponentInfo{com.google.android.videos/com.google.android.youtube.videos.EntryPoint}" drawable="play_peliculas" />

	<!-- Taskbar -->
	<item component="ComponentInfo{com.farmerbb.taskbar/com.farmerbb.taskbar.MainActivity}" drawable="taskbar" />

	<!-- Vídeo -->
	<item component="ComponentInfo{com.softwinner.fireplayer/com.softwinner.fireplayer.ui.FourKMainActivity}" drawable="video" />

</resources>