<appmap>

	<!-- Biblia -->
	<item class="com.youversion.ui.MainActivity" name="biblia"/>

	<!-- Classroom -->
	<item class="com.google.android.apps.classroom.application.launcher.LauncherActivity" name="classroom"/>

	<!-- Fondos de pantalla -->
	<item class="com.android.wallpaper.picker.CategoryPickerActivity" name="fondos_de_pantalla"/>

	<!-- Grabadora de sonidos -->
	<item class="com.android.soundrecorder.SoundRecorder" name="grabadora_de_sonidos"/>

	<!-- Office: TextMaker -->
	<item class="softmaker.applications.textmaker.TextMaker" name="office_textmaker"/>

	<!-- Play Películas -->
	<item class="com.google.android.youtube.videos.EntryPoint" name="play_peliculas"/>

	<!-- Taskbar -->
	<item class="com.farmerbb.taskbar.MainActivity" name="taskbar"/>

	<!-- Vídeo -->
	<item class="com.softwinner.fireplayer.ui.FourKMainActivity" name="video"/>

</appmap>