<Theme version="1">

	<!-- Biblia -->
	<AppIcon name="com.sirma.mobile.bible.android/com.youversion.ui.MainActivity" image="biblia"/>

	<!-- Classroom -->
	<AppIcon name="com.google.android.apps.classroom/com.google.android.apps.classroom.application.launcher.LauncherActivity" image="classroom"/>

	<!-- Fondos de pantalla -->
	<AppIcon name="com.android.wallpaper/com.android.wallpaper.picker.CategoryPickerActivity" image="fondos_de_pantalla"/>

	<!-- Grabadora de sonidos -->
	<AppIcon name="com.android.soundrecorder/com.android.soundrecorder.SoundRecorder" image="grabadora_de_sonidos"/>

	<!-- Office: TextMaker -->
	<AppIcon name="softmaker.applications.office.textmaker/softmaker.applications.textmaker.TextMaker" image="office_textmaker"/>

	<!-- Play Películas -->
	<AppIcon name="com.google.android.videos/com.google.android.youtube.videos.EntryPoint" image="play_peliculas"/>

	<!-- Taskbar -->
	<AppIcon name="com.farmerbb.taskbar/com.farmerbb.taskbar.MainActivity" image="taskbar"/>

	<!-- Vídeo -->
	<AppIcon name="com.softwinner.fireplayer/com.softwinner.fireplayer.ui.FourKMainActivity" image="video"/>

</Theme>