<resources>

	<!-- App Manager -->
	<item component="ComponentInfo{com.lb.app_manager/com.lb.app_manager.activities.main_activity.MainActivity}" drawable="app_manager" />

	<!-- AyuGram -->
	<item component="ComponentInfo{com.radolyn.ayugram/com.exteragram.messenger.DefaultIcon}" drawable="ayugram" />

	<!-- BBC iPlayer -->
	<item component="ComponentInfo{bbc.iplayer.android/uk.co.bbc.iplayer.startup.StartupActivity}" drawable="bbc_iplayer" />

	<!-- Bitmask -->
	<item component="ComponentInfo{se.leap.bitmaskclient/se.leap.bitmaskclient.base.StartActivity}" drawable="bitmask" />

	<!-- Blu Movies -->
	<item component="ComponentInfo{fun.gamergarden.blumos/com.android.movies.activities.MainActivity}" drawable="blu_movies" />

	<!-- Browser Quick Links -->
	<item component="ComponentInfo{com.jahertor.edgebrowser/com.jahertor.edgebrowser.views.MainActivity}" drawable="browser_quick_links" />

	<!-- Contacts -->
	<item component="ComponentInfo{com.samsung.android.contacts/com.samsung.android.contacts.contactslist.PeopleActivity}" drawable="contacts" />

	<!-- Dolphin Emulator -->
	<item component="ComponentInfo{org.dolphinemu.dolphinemu/org.dolphinemu.dolphinemu.ui.main.MainActivity}" drawable="dolphin_emulator" />

	<!-- Engine -->
	<item component="ComponentInfo{com.github.whitescent.engine/com.github.whitescent.engine.MainActivity}" drawable="engine" />

	<!-- Firewall -->
	<item component="ComponentInfo{com.protectstar.firewall/com.protectstar.firewall.activity.ActivityFirstLaunch}" drawable="firewall" />

	<!-- FotMob -->
	<item component="ComponentInfo{com.mobilefootie.wc2010/com.fotmob.android.ui.MainActivityWrapper}" drawable="fotmob" />

	<!-- Fulguris -->
	<item component="ComponentInfo{net.slions.fulguris.full.download/fulguris.activity.SplashActivity}" drawable="fulguris" />

	<!-- Fulguris -->
	<item component="ComponentInfo{net.slions.fulguris.full.fdroid/fulguris.activity.SplashActivity}" drawable="fulguris" />

	<!-- Geeky Tools Pro -->
	<item component="ComponentInfo{com.secretcodes.geekyitools.pro/com.secretcodes.geekyitools.activity.SplashScreen}" drawable="geeky_tools_pro" />

	<!-- MonAI - Art Generator -->
	<item component="ComponentInfo{com.tesseractmobile.aiart/com.tesseractmobile.aiart.MainActivity}" drawable="monai_art_generator" />

	<!-- Moviebase -->
	<item component="ComponentInfo{com.moviebase/com.moviebase.ui.main.MainActivity}" drawable="moviebase" />

	<!-- Mupen64 Plus AE -->
	<item component="ComponentInfo{paulscode.android.mupen64plusae/paulscode.android.mupen64plusae.MainActivity}" drawable="mupen64_plus_ae" />

	<!-- My Boy! -->
	<item component="ComponentInfo{com.fastemulator.gba/com.fastemulator.gba.MainActivity}" drawable="my_boy_" />

	<!-- OneClipboard -->
	<item component="ComponentInfo{com.cb.oneclipboard.android.client/com.cb.oneclipboard.android.client.MainActivity}" drawable="oneclipboard" />

	<!-- Pawxy -->
	<item component="ComponentInfo{com.pawxy.browser/com.pawxy.browser.core.Browser$N0}" drawable="pawxy" />

	<!-- Picsart -->
	<item component="ComponentInfo{com.picsart.studio/com.socialin.android.photo.picsinphoto.MainPagerActivity}" drawable="picsart" />

	<!-- Poly.AI -->
	<item component="ComponentInfo{ai.socialapps.speakmaster/com.snapquiz.app.InitActivity}" drawable="polyai" />

	<!-- PS Remote Play -->
	<item component="ComponentInfo{com.playstation.remoteplay/com.playstation.remoteplay.RpActivityMain}" drawable="ps_remote_play" />

	<!-- Pulsar+ -->
	<item component="ComponentInfo{com.rhmsoft.pulsar.pro/com.rhmsoft.play.MainActivity}" drawable="pulsar_" />

	<!-- RAR Extractor -->
	<item component="ComponentInfo{com.mvtrail.rarextractor/com.mvtrail.p7zipapp.ui.SplashActivity}" drawable="rar_extractor" />

	<!-- SD Maid SE -->
	<item component="ComponentInfo{eu.darken.sdmse/eu.darken.sdmse.main.ui.MainActivity}" drawable="sd_maid_se" />

	<!-- Send Anywhere -->
	<item component="ComponentInfo{com.estmob.android.sendanywhere/com.estmob.paprika4.activity.SplashActivity}" drawable="send_anywhere" />

	<!-- TeraBox -->
	<item component="ComponentInfo{com.dubox.drive/com.dubox.drive.ui.Navigate}" drawable="terabox" />

	<!-- TorrDroid -->
	<item component="ComponentInfo{intelligems.torrdroid/intelligems.torrdroid.MainActivity}" drawable="torrdroid" />

	<!-- TubeMate -->
	<item component="ComponentInfo{devian.tubemate.v3/devian.tubemate.v3.Main}" drawable="tubemate" />

	<!-- TV Remote -->
	<item component="ComponentInfo{smart.tv.wifi.remote.control.samcontrol/smart.tv.wifi.remote.control.samcontrol.MainActivity}" drawable="tv_remote" />

	<!-- Video MP3 Converter -->
	<item component="ComponentInfo{com.fundevs.app.mediaconverter/com.fundevs.app.mediaconverter.SplashActivity}" drawable="video_mp3_converter" />

	<!-- VSCO -->
	<item component="ComponentInfo{com.vsco.cam/com.vsco.cam.navigation.LithiumActivity}" drawable="vsco" />

	<!-- Wi-Fi Monitor+ -->
	<item component="ComponentInfo{ru.andr7e.wifimonitor.pro/ru.andr7e.deviceinfohw.DeviceInfoActivity}" drawable="wi_fi_monitor_" />

	<!-- Xnxx -->
	<item component="ComponentInfo{com.nkl.xnxx.nativeapp/com.nkl.xnxx.nativeapp.fakeActivity.NormalApp}" drawable="xnxx" />

</resources>