<appmap>

	<!-- App Manager -->
	<item class="com.lb.app_manager.activities.main_activity.MainActivity" name="app_manager"/>

	<!-- AyuGram -->
	<item class="com.exteragram.messenger.DefaultIcon" name="ayugram"/>

	<!-- BBC iPlayer -->
	<item class="uk.co.bbc.iplayer.startup.StartupActivity" name="bbc_iplayer"/>

	<!-- Bitmask -->
	<item class="se.leap.bitmaskclient.base.StartActivity" name="bitmask"/>

	<!-- Blu Movies -->
	<item class="com.android.movies.activities.MainActivity" name="blu_movies"/>

	<!-- Browser Quick Links -->
	<item class="com.jahertor.edgebrowser.views.MainActivity" name="browser_quick_links"/>

	<!-- Contacts -->
	<item class="com.samsung.android.contacts.contactslist.PeopleActivity" name="contacts"/>

	<!-- Dolphin Emulator -->
	<item class="org.dolphinemu.dolphinemu.ui.main.MainActivity" name="dolphin_emulator"/>

	<!-- Engine -->
	<item class="com.github.whitescent.engine.MainActivity" name="engine"/>

	<!-- Firewall -->
	<item class="com.protectstar.firewall.activity.ActivityFirstLaunch" name="firewall"/>

	<!-- FotMob -->
	<item class="com.fotmob.android.ui.MainActivityWrapper" name="fotmob"/>

	<!-- Fulguris -->
	<item class="fulguris.activity.SplashActivity" name="fulguris"/>

	<!-- Fulguris -->
	<item class="fulguris.activity.SplashActivity" name="fulguris"/>

	<!-- Geeky Tools Pro -->
	<item class="com.secretcodes.geekyitools.activity.SplashScreen" name="geeky_tools_pro"/>

	<!-- MonAI - Art Generator -->
	<item class="com.tesseractmobile.aiart.MainActivity" name="monai_art_generator"/>

	<!-- Moviebase -->
	<item class="com.moviebase.ui.main.MainActivity" name="moviebase"/>

	<!-- Mupen64 Plus AE -->
	<item class="paulscode.android.mupen64plusae.MainActivity" name="mupen64_plus_ae"/>

	<!-- My Boy! -->
	<item class="com.fastemulator.gba.MainActivity" name="my_boy_"/>

	<!-- OneClipboard -->
	<item class="com.cb.oneclipboard.android.client.MainActivity" name="oneclipboard"/>

	<!-- Pawxy -->
	<item class="com.pawxy.browser.core.Browser$N0" name="pawxy"/>

	<!-- Picsart -->
	<item class="com.socialin.android.photo.picsinphoto.MainPagerActivity" name="picsart"/>

	<!-- Poly.AI -->
	<item class="com.snapquiz.app.InitActivity" name="polyai"/>

	<!-- PS Remote Play -->
	<item class="com.playstation.remoteplay.RpActivityMain" name="ps_remote_play"/>

	<!-- Pulsar+ -->
	<item class="com.rhmsoft.play.MainActivity" name="pulsar_"/>

	<!-- RAR Extractor -->
	<item class="com.mvtrail.p7zipapp.ui.SplashActivity" name="rar_extractor"/>

	<!-- SD Maid SE -->
	<item class="eu.darken.sdmse.main.ui.MainActivity" name="sd_maid_se"/>

	<!-- Send Anywhere -->
	<item class="com.estmob.paprika4.activity.SplashActivity" name="send_anywhere"/>

	<!-- TeraBox -->
	<item class="com.dubox.drive.ui.Navigate" name="terabox"/>

	<!-- TorrDroid -->
	<item class="intelligems.torrdroid.MainActivity" name="torrdroid"/>

	<!-- TubeMate -->
	<item class="devian.tubemate.v3.Main" name="tubemate"/>

	<!-- TV Remote -->
	<item class="smart.tv.wifi.remote.control.samcontrol.MainActivity" name="tv_remote"/>

	<!-- Video MP3 Converter -->
	<item class="com.fundevs.app.mediaconverter.SplashActivity" name="video_mp3_converter"/>

	<!-- VSCO -->
	<item class="com.vsco.cam.navigation.LithiumActivity" name="vsco"/>

	<!-- Wi-Fi Monitor+ -->
	<item class="ru.andr7e.deviceinfohw.DeviceInfoActivity" name="wi_fi_monitor_"/>

	<!-- Xnxx -->
	<item class="com.nkl.xnxx.nativeapp.fakeActivity.NormalApp" name="xnxx"/>

</appmap>