<Theme version="1">

	<!-- App Manager -->
	<AppIcon name="com.lb.app_manager/com.lb.app_manager.activities.main_activity.MainActivity" image="app_manager"/>

	<!-- AyuGram -->
	<AppIcon name="com.radolyn.ayugram/com.exteragram.messenger.DefaultIcon" image="ayugram"/>

	<!-- BBC iPlayer -->
	<AppIcon name="bbc.iplayer.android/uk.co.bbc.iplayer.startup.StartupActivity" image="bbc_iplayer"/>

	<!-- Bitmask -->
	<AppIcon name="se.leap.bitmaskclient/se.leap.bitmaskclient.base.StartActivity" image="bitmask"/>

	<!-- Blu Movies -->
	<AppIcon name="fun.gamergarden.blumos/com.android.movies.activities.MainActivity" image="blu_movies"/>

	<!-- Browser Quick Links -->
	<AppIcon name="com.jahertor.edgebrowser/com.jahertor.edgebrowser.views.MainActivity" image="browser_quick_links"/>

	<!-- Contacts -->
	<AppIcon name="com.samsung.android.contacts/com.samsung.android.contacts.contactslist.PeopleActivity" image="contacts"/>

	<!-- Dolphin Emulator -->
	<AppIcon name="org.dolphinemu.dolphinemu/org.dolphinemu.dolphinemu.ui.main.MainActivity" image="dolphin_emulator"/>

	<!-- Engine -->
	<AppIcon name="com.github.whitescent.engine/com.github.whitescent.engine.MainActivity" image="engine"/>

	<!-- Firewall -->
	<AppIcon name="com.protectstar.firewall/com.protectstar.firewall.activity.ActivityFirstLaunch" image="firewall"/>

	<!-- FotMob -->
	<AppIcon name="com.mobilefootie.wc2010/com.fotmob.android.ui.MainActivityWrapper" image="fotmob"/>

	<!-- Fulguris -->
	<AppIcon name="net.slions.fulguris.full.download/fulguris.activity.SplashActivity" image="fulguris"/>

	<!-- Fulguris -->
	<AppIcon name="net.slions.fulguris.full.fdroid/fulguris.activity.SplashActivity" image="fulguris"/>

	<!-- Geeky Tools Pro -->
	<AppIcon name="com.secretcodes.geekyitools.pro/com.secretcodes.geekyitools.activity.SplashScreen" image="geeky_tools_pro"/>

	<!-- MonAI - Art Generator -->
	<AppIcon name="com.tesseractmobile.aiart/com.tesseractmobile.aiart.MainActivity" image="monai_art_generator"/>

	<!-- Moviebase -->
	<AppIcon name="com.moviebase/com.moviebase.ui.main.MainActivity" image="moviebase"/>

	<!-- Mupen64 Plus AE -->
	<AppIcon name="paulscode.android.mupen64plusae/paulscode.android.mupen64plusae.MainActivity" image="mupen64_plus_ae"/>

	<!-- My Boy! -->
	<AppIcon name="com.fastemulator.gba/com.fastemulator.gba.MainActivity" image="my_boy_"/>

	<!-- OneClipboard -->
	<AppIcon name="com.cb.oneclipboard.android.client/com.cb.oneclipboard.android.client.MainActivity" image="oneclipboard"/>

	<!-- Pawxy -->
	<AppIcon name="com.pawxy.browser/com.pawxy.browser.core.Browser$N0" image="pawxy"/>

	<!-- Picsart -->
	<AppIcon name="com.picsart.studio/com.socialin.android.photo.picsinphoto.MainPagerActivity" image="picsart"/>

	<!-- Poly.AI -->
	<AppIcon name="ai.socialapps.speakmaster/com.snapquiz.app.InitActivity" image="polyai"/>

	<!-- PS Remote Play -->
	<AppIcon name="com.playstation.remoteplay/com.playstation.remoteplay.RpActivityMain" image="ps_remote_play"/>

	<!-- Pulsar+ -->
	<AppIcon name="com.rhmsoft.pulsar.pro/com.rhmsoft.play.MainActivity" image="pulsar_"/>

	<!-- RAR Extractor -->
	<AppIcon name="com.mvtrail.rarextractor/com.mvtrail.p7zipapp.ui.SplashActivity" image="rar_extractor"/>

	<!-- SD Maid SE -->
	<AppIcon name="eu.darken.sdmse/eu.darken.sdmse.main.ui.MainActivity" image="sd_maid_se"/>

	<!-- Send Anywhere -->
	<AppIcon name="com.estmob.android.sendanywhere/com.estmob.paprika4.activity.SplashActivity" image="send_anywhere"/>

	<!-- TeraBox -->
	<AppIcon name="com.dubox.drive/com.dubox.drive.ui.Navigate" image="terabox"/>

	<!-- TorrDroid -->
	<AppIcon name="intelligems.torrdroid/intelligems.torrdroid.MainActivity" image="torrdroid"/>

	<!-- TubeMate -->
	<AppIcon name="devian.tubemate.v3/devian.tubemate.v3.Main" image="tubemate"/>

	<!-- TV Remote -->
	<AppIcon name="smart.tv.wifi.remote.control.samcontrol/smart.tv.wifi.remote.control.samcontrol.MainActivity" image="tv_remote"/>

	<!-- Video MP3 Converter -->
	<AppIcon name="com.fundevs.app.mediaconverter/com.fundevs.app.mediaconverter.SplashActivity" image="video_mp3_converter"/>

	<!-- VSCO -->
	<AppIcon name="com.vsco.cam/com.vsco.cam.navigation.LithiumActivity" image="vsco"/>

	<!-- Wi-Fi Monitor+ -->
	<AppIcon name="ru.andr7e.wifimonitor.pro/ru.andr7e.deviceinfohw.DeviceInfoActivity" image="wi_fi_monitor_"/>

	<!-- Xnxx -->
	<AppIcon name="com.nkl.xnxx.nativeapp/com.nkl.xnxx.nativeapp.fakeActivity.NormalApp" image="xnxx"/>

</Theme>