<resources>

	<!-- Bromite -->
	<item component="ComponentInfo{org.bromite.bromite/com.google.android.apps.chrome.Main}" drawable="bromite" />

	<!-- Buku catatan -->
	<item component="ComponentInfo{com.transsion.notebook/com.transsion.notebook.NotesList}" drawable="buku_catatan" />

	<!-- Cuaca -->
	<item component="ComponentInfo{com.rlk.weathers/com.rlk.weathers.ui.main.MainActivity}" drawable="cuaca" />

	<!-- eFootball™ -->
	<item component="ComponentInfo{jp.konami.pesam/com.epicgames.ue4.SplashActivity}" drawable="efootball™" />

	<!-- Ella -->
	<item component="ComponentInfo{com.transsion.aivoiceassistant/com.transsion.aivoiceassistant.ai.aiability.help.activity.HelpActivity}" drawable="ella" />

	<!-- Flyy -->
	<item component="ComponentInfo{com.caij.twiper/com.caij.twiper.activity.MainActivity}" drawable="flyy" />

	<!-- Galeri AI -->
	<item component="ComponentInfo{com.gallery20/com.gallery20.HomeActivity}" drawable="galeri_ai" />

	<!-- Info BMKG -->
	<item component="ComponentInfo{com.Info_BMKG/com.Info_BMKG.MainActivity}" drawable="info_bmkg" />

	<!-- Jam -->
	<item component="ComponentInfo{com.transsion.deskclock/com.transsion.deskclock.DeskClock}" drawable="jam" />

	<!-- Kamera -->
	<item component="ComponentInfo{com.transsion.camera/com.android.camera.CameraLauncher}" drawable="kamera" />

	<!-- Kontak -->
	<item component="ComponentInfo{com.sh.smart.caller/com.android.dialer.ContactMainActivity}" drawable="kontak" />

	<!-- Lawnicons -->
	<item component="ComponentInfo{app.lawnchair.lawnicons/app.lawnchair.lawnicons.MainActivity}" drawable="lawnicons" />

	<!-- My IndiHome -->
	<item component="ComponentInfo{com.telkom.indihome.external/com.telkom.indihome.external.presentation.onboarding.SplashActivity}" drawable="my_indihome" />

	<!-- Pemindai Cerdas -->
	<item component="ComponentInfo{com.transsion.scanningrecharger/com.transsion.scanningrecharger.view.activity.textrecognized.TextRecognizedActivity}" drawable="pemindai_cerdas" />

	<!-- Pemutar Visha -->
	<item component="ComponentInfo{com.transsion.magicshow/com.transsion.magicmovie.activity.TRSplashActivity}" drawable="pemutar_visha" />

	<!-- Pengelola File -->
	<item component="ComponentInfo{com.transsion.filemanagerx/com.transsion.filemanagerx.ui.launch.SplashActivity}" drawable="pengelola_file" />

	<!-- Pesan -->
	<item component="ComponentInfo{com.transsion.smartmessage/com.android.messaging.ui.conversationlist.ConversationListActivity}" drawable="pesan" />

	<!-- Qurrotul Uyun, Fathul Izar, Uqudu Lujain + Terjemahan -->
	<item component="ComponentInfo{com.kitabterjemahan.ifajrus/com.kitabterjemahan.ifajrus.MainActivity}" drawable="qurrotul_uyun_fathul_izar_uqudu_lujain_terjemahan" />

	<!-- Shopee -->
	<item component="ComponentInfo{com.shopee.id/com.shopee.app.ui.home.HomeActivity_}" drawable="shopee" />

	<!-- Storm Battle -->
	<item component="ComponentInfo{com.seal.ninjia.ol/com.channel.play.LZUnityContext}" drawable="storm_battle" />

	<!-- Telepon -->
	<item component="ComponentInfo{com.sh.smart.caller/com.android.dialer.main.impl.MainActivity}" drawable="telepon" />

	<!-- Xystv -->
	<item component="ComponentInfo{com.xys.tv/com.xys.tv.preinicio}" drawable="xystv" />

</resources>