<appmap>

	<!-- Bromite -->
	<item class="com.google.android.apps.chrome.Main" name="bromite"/>

	<!-- Buku catatan -->
	<item class="com.transsion.notebook.NotesList" name="buku_catatan"/>

	<!-- Cuaca -->
	<item class="com.rlk.weathers.ui.main.MainActivity" name="cuaca"/>

	<!-- eFootball™ -->
	<item class="com.epicgames.ue4.SplashActivity" name="efootball™"/>

	<!-- Ella -->
	<item class="com.transsion.aivoiceassistant.ai.aiability.help.activity.HelpActivity" name="ella"/>

	<!-- Flyy -->
	<item class="com.caij.twiper.activity.MainActivity" name="flyy"/>

	<!-- Galeri AI -->
	<item class="com.gallery20.HomeActivity" name="galeri_ai"/>

	<!-- Info BMKG -->
	<item class="com.Info_BMKG.MainActivity" name="info_bmkg"/>

	<!-- Jam -->
	<item class="com.transsion.deskclock.DeskClock" name="jam"/>

	<!-- Kamera -->
	<item class="com.android.camera.CameraLauncher" name="kamera"/>

	<!-- Kontak -->
	<item class="com.android.dialer.ContactMainActivity" name="kontak"/>

	<!-- Lawnicons -->
	<item class="app.lawnchair.lawnicons.MainActivity" name="lawnicons"/>

	<!-- My IndiHome -->
	<item class="com.telkom.indihome.external.presentation.onboarding.SplashActivity" name="my_indihome"/>

	<!-- Pemindai Cerdas -->
	<item class="com.transsion.scanningrecharger.view.activity.textrecognized.TextRecognizedActivity" name="pemindai_cerdas"/>

	<!-- Pemutar Visha -->
	<item class="com.transsion.magicmovie.activity.TRSplashActivity" name="pemutar_visha"/>

	<!-- Pengelola File -->
	<item class="com.transsion.filemanagerx.ui.launch.SplashActivity" name="pengelola_file"/>

	<!-- Pesan -->
	<item class="com.android.messaging.ui.conversationlist.ConversationListActivity" name="pesan"/>

	<!-- Qurrotul Uyun, Fathul Izar, Uqudu Lujain + Terjemahan -->
	<item class="com.kitabterjemahan.ifajrus.MainActivity" name="qurrotul_uyun_fathul_izar_uqudu_lujain_terjemahan"/>

	<!-- Shopee -->
	<item class="com.shopee.app.ui.home.HomeActivity_" name="shopee"/>

	<!-- Storm Battle -->
	<item class="com.channel.play.LZUnityContext" name="storm_battle"/>

	<!-- Telepon -->
	<item class="com.android.dialer.main.impl.MainActivity" name="telepon"/>

	<!-- Xystv -->
	<item class="com.xys.tv.preinicio" name="xystv"/>

</appmap>