<Theme version="1">

	<!-- Bromite -->
	<AppIcon name="org.bromite.bromite/com.google.android.apps.chrome.Main" image="bromite"/>

	<!-- Buku catatan -->
	<AppIcon name="com.transsion.notebook/com.transsion.notebook.NotesList" image="buku_catatan"/>

	<!-- Cuaca -->
	<AppIcon name="com.rlk.weathers/com.rlk.weathers.ui.main.MainActivity" image="cuaca"/>

	<!-- eFootball™ -->
	<AppIcon name="jp.konami.pesam/com.epicgames.ue4.SplashActivity" image="efootball™"/>

	<!-- Ella -->
	<AppIcon name="com.transsion.aivoiceassistant/com.transsion.aivoiceassistant.ai.aiability.help.activity.HelpActivity" image="ella"/>

	<!-- Flyy -->
	<AppIcon name="com.caij.twiper/com.caij.twiper.activity.MainActivity" image="flyy"/>

	<!-- Galeri AI -->
	<AppIcon name="com.gallery20/com.gallery20.HomeActivity" image="galeri_ai"/>

	<!-- Info BMKG -->
	<AppIcon name="com.Info_BMKG/com.Info_BMKG.MainActivity" image="info_bmkg"/>

	<!-- Jam -->
	<AppIcon name="com.transsion.deskclock/com.transsion.deskclock.DeskClock" image="jam"/>

	<!-- Kamera -->
	<AppIcon name="com.transsion.camera/com.android.camera.CameraLauncher" image="kamera"/>

	<!-- Kontak -->
	<AppIcon name="com.sh.smart.caller/com.android.dialer.ContactMainActivity" image="kontak"/>

	<!-- Lawnicons -->
	<AppIcon name="app.lawnchair.lawnicons/app.lawnchair.lawnicons.MainActivity" image="lawnicons"/>

	<!-- My IndiHome -->
	<AppIcon name="com.telkom.indihome.external/com.telkom.indihome.external.presentation.onboarding.SplashActivity" image="my_indihome"/>

	<!-- Pemindai Cerdas -->
	<AppIcon name="com.transsion.scanningrecharger/com.transsion.scanningrecharger.view.activity.textrecognized.TextRecognizedActivity" image="pemindai_cerdas"/>

	<!-- Pemutar Visha -->
	<AppIcon name="com.transsion.magicshow/com.transsion.magicmovie.activity.TRSplashActivity" image="pemutar_visha"/>

	<!-- Pengelola File -->
	<AppIcon name="com.transsion.filemanagerx/com.transsion.filemanagerx.ui.launch.SplashActivity" image="pengelola_file"/>

	<!-- Pesan -->
	<AppIcon name="com.transsion.smartmessage/com.android.messaging.ui.conversationlist.ConversationListActivity" image="pesan"/>

	<!-- Qurrotul Uyun, Fathul Izar, Uqudu Lujain + Terjemahan -->
	<AppIcon name="com.kitabterjemahan.ifajrus/com.kitabterjemahan.ifajrus.MainActivity" image="qurrotul_uyun_fathul_izar_uqudu_lujain_terjemahan"/>

	<!-- Shopee -->
	<AppIcon name="com.shopee.id/com.shopee.app.ui.home.HomeActivity_" image="shopee"/>

	<!-- Storm Battle -->
	<AppIcon name="com.seal.ninjia.ol/com.channel.play.LZUnityContext" image="storm_battle"/>

	<!-- Telepon -->
	<AppIcon name="com.sh.smart.caller/com.android.dialer.main.impl.MainActivity" image="telepon"/>

	<!-- Xystv -->
	<AppIcon name="com.xys.tv/com.xys.tv.preinicio" image="xystv"/>

</Theme>