<appmap>

	<!-- Anytype -->
	<item class="com.anytypeio.anytype.ui.main.MainActivity" name="anytype"/>

	<!-- ASTRON -->
	<item class="cc.astron.player.MainActivity" name="astron"/>

	<!-- Biomind -->
	<item class="com.unity3d.player.UnityPlayerActivity" name="biomind"/>

	<!-- Blue Line Console -->
	<item class="net.nhiroki.bluelineconsole.applicationMain.MainActivity" name="blue_line_console"/>

	<!-- Calendar -->
	<item class="org.fossify.calendar.activities.SplashActivity.Green" name="fossify_calendar_green"/>

	<!-- ChatGPT -->
	<item class="com.openai.chatgpt.MainActivity" name="chatgpt"/>

	<!-- crabhands -->
	<item class="crc64e490453898eea56d.SplashActivity" name="crabhands"/>

	<!-- Dantotsu -->
	<item class="ani.dantotsu.MainActivity" name="dantotsu"/>

	<!-- Discord -->
	<item class="com.discord.main.MainDefault" name="discord"/>

	<!-- exteraGram -->
	<item class="com.exteragram.messenger.DefaultIcon" name="exteragram"/>

	<!-- Feeder -->
	<item class="com.nononsenseapps.feeder.ui.MainActivity" name="feeder"/>

	<!-- Flixclusive -->
	<item class="com.flixclusive.presentation.mobile.main.MainActivity" name="flixclusive"/>

	<!-- FUTO Voice Input -->
	<item class="org.futo.voiceinput.settings.SettingsActivity" name="futo_voice_input"/>

	<!-- Google Earth -->
	<item class="com.google.android.apps.earth.flutter.EarthFlutterActivity" name="google_earth"/>

	<!-- HoYoLAB -->
	<item class="com.mihoyo.hoyolab.splash.splash.HoYoSplashActivity" name="hoyolab"/>

	<!-- Hypatia -->
	<item class="us.spotco.malwarescanner.MainActivity" name="hypatia"/>

	<!-- Iceraven -->
	<item class="io.github.forkmaintainers.iceraven.App" name="iceraven"/>

	<!-- Kvaesitso -->
	<item class="de.mm20.launcher2.ui.launcher.LauncherActivity" name="kvaesitso"/>

	<!-- Logseq -->
	<item class="com.logseq.app.MainActivity" name="logseq"/>

	<!-- Mobilism -->
	<item class="demigos.com.mobilism.UI.SplashActivity" name="mobilism"/>

	<!-- Moto Connect -->
	<item class="com.motorola.readyfor.NearbyDisplaysLauncherIconAlias" name="moto_connect"/>

	<!-- Namida -->
	<item class="com.msob7y.namida.NamidaMainActivity" name="namida"/>

	<!-- Notes -->
	<item class="com.simplemobiletools.notes.pro.activities.SplashActivity.Orange" name="notes"/>

	<!-- Omnivore -->
	<item class="app.omnivore.omnivore.MainActivity" name="omnivore"/>

	<!-- Pano Scrobbler -->
	<item class="com.arn.scrobble.MainActivity" name="pano_scrobbler"/>

	<!-- Paytm -->
	<item class="net.one97.paytm.landingpage.activity.AJRMainActivity" name="paytm"/>

	<!-- Perplexity -->
	<item class="ai.perplexity.app.android.ui.main.MainActivity" name="perplexity"/>

	<!-- Phone Battery Complication -->
	<item class="com.weartools.phonebattcomp.MainActivity" name="phone_battery_complication"/>

	<!-- PixAI.Art -->
	<item class="art.pixai.pixai.ui.splash.SplashActivity" name="pixaiart"/>

	<!-- Play Deals -->
	<item class="me.sujanpoudel.playdeals.MainActivity" name="play_deals"/>

	<!-- PojavLauncher -->
	<item class="net.kdt.pojavlaunch.TestStorageActivity" name="pojavlauncher"/>

	<!-- QKSMS -->
	<item class="com.moez.QKSMS.feature.main.MainActivity" name="qksms"/>

	<!-- Ready For -->
	<item class="com.motorola.readyfor.MainActivityLauncherIconAlias" name="ready_for"/>

	<!-- Rewards -->
	<item class="com.google.android.apps.paidtasks.activity.LaunchActivity" name="rewards"/>

	<!-- Rewind -->
	<item class="com.zh.musictimetravel.MainActivity" name="rewind"/>

	<!-- RSSAid -->
	<item class="com.example.rssbud.MainActivity" name="rssaid"/>

	<!-- Samsung Health -->
	<item class="com.samsung.android.app.shealth.home.HomeMainActivity" name="samsung_health"/>

	<!-- Showly OSS -->
	<item class="com.michaldrabik.showly_oss.ui.main.MainActivity" name="showly_oss"/>

	<!-- Skiff Calendar -->
	<item class="com.skiffcalendarmobileapp.MainActivity" name="skiff_calendar"/>

	<!-- Skiff Drive -->
	<item class="com.skiffDriveMobileApp.MainActivity" name="skiff_drive"/>

	<!-- Skiff Mail -->
	<item class="com.skemailmobileapp.MainActivity" name="skiff_mail"/>

	<!-- Skiff Pages -->
	<item class="com.skiffmobileapp.MainActivity" name="skiff_pages"/>

	<!-- Stremio -->
	<item class="com.stremio.MainActivity" name="stremio"/>

	<!-- Substack -->
	<item class="com.substack.app.ui.AppActivity" name="substack"/>

	<!-- SuperImage -->
	<item class="com.zhenxiang.superimage.MainActivity" name="superimage"/>

	<!-- Swiggy -->
	<item class="in.swiggy.android.activities.HomeActivity" name="swiggy"/>

	<!-- Syncthing-Fork -->
	<item class="com.nutomic.syncthingandroid.activities.FirstStartActivity" name="syncthing_fork"/>

	<!-- TachiJ2K -->
	<item class="eu.kanade.tachiyomi.ui.main.MainActivity" name="tachij2k"/>

	<!-- trCamera -->
	<item class="com.android.camera.CameraLauncher" name="trcamera"/>

	<!-- URLCheck -->
	<item class="com.trianguloy.urlchecker.activities.MainActivity" name="urlcheck"/>

	<!-- Vampire Survivors -->
	<item class="com.unity3d.player.UnityPlayerActivity" name="vampire_survivors"/>

	<!-- Weather -->
	<item class="org.breezyweather.main.MainActivity" name="weather"/>

	<!-- Whatsticker -->
	<item class="com.aereus.whatsticker.MainActivity" name="whatsticker"/>

	<!-- ZigWheels -->
	<item class="com.girnarsoft.zigwheels.SplashActivity" name="zigwheels"/>

	<!-- Zomato -->
	<item class="com.application.zomato.activities.Splash" name="zomato"/>

</appmap>