<Theme version="1">

	<!-- Anytype -->
	<AppIcon name="io.anytype.app/com.anytypeio.anytype.ui.main.MainActivity" image="anytype"/>

	<!-- ASTRON -->
	<AppIcon name="cc.astron.player/cc.astron.player.MainActivity" image="astron"/>

	<!-- Biomind -->
	<AppIcon name="com.TheBioneer.Biomind/com.unity3d.player.UnityPlayerActivity" image="biomind"/>

	<!-- Blue Line Console -->
	<AppIcon name="net.nhiroki.bluelineconsole/net.nhiroki.bluelineconsole.applicationMain.MainActivity" image="blue_line_console"/>

	<!-- Calendar -->
	<AppIcon name="org.fossify.calendar/org.fossify.calendar.activities.SplashActivity.Green" image="fossify_calendar_green"/>

	<!-- ChatGPT -->
	<AppIcon name="com.openai.chatgpt/com.openai.chatgpt.MainActivity" image="chatgpt"/>

	<!-- crabhands -->
	<AppIcon name="crabhands.android/crc64e490453898eea56d.SplashActivity" image="crabhands"/>

	<!-- Dantotsu -->
	<AppIcon name="ani.dantotsu/ani.dantotsu.MainActivity" image="dantotsu"/>

	<!-- Discord -->
	<AppIcon name="com.discord/com.discord.main.MainDefault" image="discord"/>

	<!-- exteraGram -->
	<AppIcon name="com.exteragram.messenger/com.exteragram.messenger.DefaultIcon" image="exteragram"/>

	<!-- Feeder -->
	<AppIcon name="com.nononsenseapps.feeder/com.nononsenseapps.feeder.ui.MainActivity" image="feeder"/>

	<!-- Flixclusive -->
	<AppIcon name="com.flixclusive/com.flixclusive.presentation.mobile.main.MainActivity" image="flixclusive"/>

	<!-- FUTO Voice Input -->
	<AppIcon name="org.futo.voiceinput/org.futo.voiceinput.settings.SettingsActivity" image="futo_voice_input"/>

	<!-- Google Earth -->
	<AppIcon name="com.google.earth/com.google.android.apps.earth.flutter.EarthFlutterActivity" image="google_earth"/>

	<!-- HoYoLAB -->
	<AppIcon name="com.mihoyo.hoyolab/com.mihoyo.hoyolab.splash.splash.HoYoSplashActivity" image="hoyolab"/>

	<!-- Hypatia -->
	<AppIcon name="us.spotco.malwarescanner/us.spotco.malwarescanner.MainActivity" image="hypatia"/>

	<!-- Iceraven -->
	<AppIcon name="io.github.forkmaintainers.iceraven/io.github.forkmaintainers.iceraven.App" image="iceraven"/>

	<!-- Kvaesitso -->
	<AppIcon name="de.mm20.launcher2.release/de.mm20.launcher2.ui.launcher.LauncherActivity" image="kvaesitso"/>

	<!-- Logseq -->
	<AppIcon name="com.logseq.app/com.logseq.app.MainActivity" image="logseq"/>

	<!-- Mobilism -->
	<AppIcon name="demigos.com.mobilism/demigos.com.mobilism.UI.SplashActivity" image="mobilism"/>

	<!-- Moto Connect -->
	<AppIcon name="com.motorola.mobiledesktop/com.motorola.readyfor.NearbyDisplaysLauncherIconAlias" image="moto_connect"/>

	<!-- Namida -->
	<AppIcon name="com.msob7y.namida/com.msob7y.namida.NamidaMainActivity" image="namida"/>

	<!-- Notes -->
	<AppIcon name="com.simplemobiletools.notes.pro/com.simplemobiletools.notes.pro.activities.SplashActivity.Orange" image="notes"/>

	<!-- Omnivore -->
	<AppIcon name="app.omnivore.omnivore/app.omnivore.omnivore.MainActivity" image="omnivore"/>

	<!-- Pano Scrobbler -->
	<AppIcon name="com.arn.scrobble/com.arn.scrobble.MainActivity" image="pano_scrobbler"/>

	<!-- Paytm -->
	<AppIcon name="net.one97.paytm/net.one97.paytm.landingpage.activity.AJRMainActivity" image="paytm"/>

	<!-- Perplexity -->
	<AppIcon name="ai.perplexity.app.android/ai.perplexity.app.android.ui.main.MainActivity" image="perplexity"/>

	<!-- Phone Battery Complication -->
	<AppIcon name="com.weartools.phonebattcomp/com.weartools.phonebattcomp.MainActivity" image="phone_battery_complication"/>

	<!-- PixAI.Art -->
	<AppIcon name="art.pixai.pixai/art.pixai.pixai.ui.splash.SplashActivity" image="pixaiart"/>

	<!-- Play Deals -->
	<AppIcon name="me.sujanpoudel.playdeals/me.sujanpoudel.playdeals.MainActivity" image="play_deals"/>

	<!-- PojavLauncher -->
	<AppIcon name="net.kdt.pojavlaunch/net.kdt.pojavlaunch.TestStorageActivity" image="pojavlauncher"/>

	<!-- QKSMS -->
	<AppIcon name="com.moez.QKSMS/com.moez.QKSMS.feature.main.MainActivity" image="qksms"/>

	<!-- Ready For -->
	<AppIcon name="com.motorola.mobiledesktop/com.motorola.readyfor.MainActivityLauncherIconAlias" image="ready_for"/>

	<!-- Rewards -->
	<AppIcon name="com.google.android.apps.paidtasks/com.google.android.apps.paidtasks.activity.LaunchActivity" image="rewards"/>

	<!-- Rewind -->
	<AppIcon name="com.zh.musictimetravel/com.zh.musictimetravel.MainActivity" image="rewind"/>

	<!-- RSSAid -->
	<AppIcon name="com.gmail.cn.leetao94.rssaid/com.example.rssbud.MainActivity" image="rssaid"/>

	<!-- Samsung Health -->
	<AppIcon name="com.sec.android.app.shealth/com.samsung.android.app.shealth.home.HomeMainActivity" image="samsung_health"/>

	<!-- Showly OSS -->
	<AppIcon name="com.michaldrabik.showly_oss/com.michaldrabik.showly_oss.ui.main.MainActivity" image="showly_oss"/>

	<!-- Skiff Calendar -->
	<AppIcon name="com.skiffcalendarmobileapp/com.skiffcalendarmobileapp.MainActivity" image="skiff_calendar"/>

	<!-- Skiff Drive -->
	<AppIcon name="com.skiffDriveMobileApp/com.skiffDriveMobileApp.MainActivity" image="skiff_drive"/>

	<!-- Skiff Mail -->
	<AppIcon name="com.skemailmobileapp/com.skemailmobileapp.MainActivity" image="skiff_mail"/>

	<!-- Skiff Pages -->
	<AppIcon name="com.skiffmobileapp/com.skiffmobileapp.MainActivity" image="skiff_pages"/>

	<!-- Stremio -->
	<AppIcon name="com.stremio.one/com.stremio.MainActivity" image="stremio"/>

	<!-- Substack -->
	<AppIcon name="com.substack.app/com.substack.app.ui.AppActivity" image="substack"/>

	<!-- SuperImage -->
	<AppIcon name="com.zhenxiang.superimage/com.zhenxiang.superimage.MainActivity" image="superimage"/>

	<!-- Swiggy -->
	<AppIcon name="in.swiggy.android/in.swiggy.android.activities.HomeActivity" image="swiggy"/>

	<!-- Syncthing-Fork -->
	<AppIcon name="com.github.catfriend1.syncthingandroid/com.nutomic.syncthingandroid.activities.FirstStartActivity" image="syncthing_fork"/>

	<!-- TachiJ2K -->
	<AppIcon name="eu.kanade.tachiyomi.j2k/eu.kanade.tachiyomi.ui.main.MainActivity" image="tachij2k"/>

	<!-- trCamera -->
	<AppIcon name="com.google.android.GoogleCameraTigr/com.android.camera.CameraLauncher" image="trcamera"/>

	<!-- URLCheck -->
	<AppIcon name="com.trianguloy.urlchecker/com.trianguloy.urlchecker.activities.MainActivity" image="urlcheck"/>

	<!-- Vampire Survivors -->
	<AppIcon name="com.poncle.vampiresurvivors/com.unity3d.player.UnityPlayerActivity" image="vampire_survivors"/>

	<!-- Weather -->
	<AppIcon name="org.breezyweather/org.breezyweather.main.MainActivity" image="weather"/>

	<!-- Whatsticker -->
	<AppIcon name="com.aereus.whatsticker/com.aereus.whatsticker.MainActivity" image="whatsticker"/>

	<!-- ZigWheels -->
	<AppIcon name="com.til.zigwheels/com.girnarsoft.zigwheels.SplashActivity" image="zigwheels"/>

	<!-- Zomato -->
	<AppIcon name="com.application.zomato/com.application.zomato.activities.Splash" image="zomato"/>

</Theme>