<resources>

	<!-- Ajustes Ocultos de Android -->
	<item component="ComponentInfo{com.syslab.secretsettings/com.syslab.secertsettings.ui.MainActivity}" drawable="ajustes_ocultos_de_android" />

	<!-- Archivos -->
	<item component="ComponentInfo{zte.com.cn.filer/zte.com.cn.filer.FileMgrActivity}" drawable="archivos" />

	<!-- Bike In Time -->
	<item component="ComponentInfo{com.gameloft.android.GloftBEHP/com.gameloft.android.GloftBEHP.MainActivity}" drawable="bike_in_time" />

	<!-- Block Blast! -->
	<item component="ComponentInfo{com.block.juggle/org.cocos2dx.javascript.AppActivity}" drawable="block_blast_" />

	<!-- Blocks -->
	<item component="ComponentInfo{com.staplegames.blocksClassicSGGP/com.staplegames.blocksClassicSGGP.MainActivity}" drawable="blocks" />

	<!-- Cambiar teléfono -->
	<item component="ComponentInfo{com.zte.onekeycp/com.ume.weshare.activity.NewMainActivity}" drawable="cambiar_telefono" />

	<!-- Candy Crush Saga -->
	<item component="ComponentInfo{com.king.candycrushsaga/com.king.candycrushsaga.CandyCrushSagaActivity}" drawable="candy_crush_saga" />

	<!-- Charging Animation -->
	<item component="ComponentInfo{com.charginganimation.battery.charging.animation/com.battery.charginganimation.activity.Splash}" drawable="charging_animation" />

	<!-- Claro drive -->
	<item component="ComponentInfo{com.clarodrive.android/com.owncloud.android.ui.splash.SplashActivity}" drawable="claro_drive" />

	<!-- Claro Juegos -->
	<item component="ComponentInfo{com.gameloft.android.gdc/com.gameloft.android.gdc.MainActivity}" drawable="claro_juegos" />

	<!-- Claro música -->
	<item component="ComponentInfo{com.telcel.imk/com.amco.activities.NewSplashActivity}" drawable="claro_musica" />

	<!-- Claro Pay -->
	<item component="ComponentInfo{com.globalhitss.claro.pay/com.globalhitss.claro.pay.ui.activities.SplashScreen}" drawable="claro_pay" />

	<!-- Claro video -->
	<item component="ComponentInfo{com.dla.android/com.clarovideo.app.ui.activities.SplashActivity}" drawable="claro_video" />

	<!-- Claroshop -->
	<item component="ComponentInfo{com.americamovil.claroshop/com.americamovil.claroshop.SplashActivity}" drawable="claroshop" />

	<!-- Darker -->
	<item component="ComponentInfo{com.mlhg.screenfilter/com.mlhg.activities.ToggleActivity}" drawable="darker" />

	<!-- Ecualizador -->
	<item component="ComponentInfo{music.audio.effect.equalizer/com.equize.library.activity.ActivityWelcome}" drawable="ecualizador" />

	<!-- ES Explorador de Archivos PRO -->
	<item component="ComponentInfo{com.estrongs.android.pop.pro/com.estrongs.android.pop.view.FileExplorerActivity}" drawable="es_explorador_de_archivos_pro" />

	<!-- Grabadora de sonido -->
	<item component="ComponentInfo{cn.zte.recorder/cn.zte.recorder.RecordHomeActivity}" drawable="grabadora_de_sonido" />

	<!-- Hi-tech Circuit Launcher -->
	<item component="ComponentInfo{com.lw.hitechcircuit.launcher/com.lw.hitechcircuit.launcher.Launcher}" drawable="hi_tech_circuit_launcher" />

	<!-- Hit Master 3D -->
	<item component="ComponentInfo{com.hit.master/com.unity3d.player.UnityPlayerActivity}" drawable="hit_master_3d" />

	<!-- Kawaks Arcade Emulator -->
	<item component="ComponentInfo{com.kawaks/com.kawaks.gui.Intro}" drawable="kawaks_arcade_emulator" />

	<!-- MC: Rebel Guns -->
	<item component="ComponentInfo{com.gameloft.android.GloftROLP/com.gameloft.android.GloftROLP.MainActivity}" drawable="mc_rebel_guns" />

	<!-- Mi Bóveda -->
	<item component="ComponentInfo{com.zte.privacyzone/com.zte.privacyzone.privacy.PrivacyStartActivity}" drawable="mi_boveda" />

	<!-- Mi Telcel -->
	<item component="ComponentInfo{com.speedymovil.wire/com.speedymovil.wire.activities.splash.SplashView}" drawable="mi_telcel" />

	<!-- Muviz Edge -->
	<item component="ComponentInfo{com.sparkine.muvizedge/com.sparkine.muvizedge.activity.HomeActivity}" drawable="muviz_edge" />

	<!-- Navegador -->
	<item component="ComponentInfo{com.ume.browser.cust/com.ume.browser.MainActivity}" drawable="navegador" />

	<!-- Netflix Mirror -->
	<item component="ComponentInfo{com.firefastserverapkflix.cf/com.dooflixapkv2.in.SplashScreenActivity}" drawable="netflix_mirror" />

	<!-- Nextbots In Backrooms -->
	<item component="ComponentInfo{com.CreaTeamMobile.NextbotsinBackrooms/com.unity3d.player.UnityPlayerActivity}" drawable="nextbots_in_backrooms" />

	<!-- RA Infinitum -->
	<item component="ComponentInfo{com.ironbit.infinitumra/net.sanukin.OverrideUnityActivity}" drawable="ra_infinitum" />

	<!-- Radio FM -->
	<item component="ComponentInfo{com.quicinc.fmradio/com.quicinc.fmradio.FMRadio}" drawable="radio_fm" />

	<!-- Reloj -->
	<item component="ComponentInfo{zte.com.cn.alarmclock/zte.com.cn.alarmclock.activity.AlarmClockActivity}" drawable="reloj" />

	<!-- Solitaire -->
	<item component="ComponentInfo{com.tripledot.solitaire/com.imagepicker.CustomUnityPlayerActivity}" drawable="solitaire" />

	<!-- SpotiFlyer -->
	<item component="ComponentInfo{com.shabinder.spotiflyer/com.shabinder.spotiflyer.ui.SplashScreenActivity}" drawable="spotiflyer" />

	<!-- Squeezer -->
	<item component="ComponentInfo{uk.org.ngo.squeezer/uk.org.ngo.squeezer.itemlist.HomeActivity}" drawable="squeezer" />

	<!-- Stack Ball -->
	<item component="ComponentInfo{com.azurgames.stackball/com.unity3d.player.UnityPlayerActivity}" drawable="stack_ball" />

	<!-- Start -->
	<item component="ComponentInfo{com.celltick.lockscreen/com.celltick.lockscreen.RoutingActivity}" drawable="start" />

	<!-- Telcel -->
	<item component="ComponentInfo{com.telcel.contenedor/com.speedymovil.contenedor.gui.activities.AppsContainerActivity}" drawable="telcel" />

	<!-- ThiefPuzzle -->
	<item component="ComponentInfo{com.weegoon.thiefpuzzle/com.unity3d.player.UnityPlayerActivity}" drawable="thiefpuzzle" />

	<!-- TickTock: fondo de pantalla animado de TikTok -->
	<item component="ComponentInfo{com.zhiliao.musically.livewallpaper/com.ss.android.ugc.aweme.livewallpaper.ui.MainActivity}" drawable="ticktock_fondo_de_pantalla_animado_de_tiktok" />

	<!-- Tiledom -->
	<item component="ComponentInfo{games.spearmint.triplecrush/games.spearmint.triplecrush.PlatformActivity}" drawable="tiledom" />

	<!-- Tiles Hop -->
	<item component="ComponentInfo{com.amanotes.beathopper/com.amanotes.beathopper.IWUnityPlayerActivity}" drawable="tiles_hop" />

	<!-- Tricky Line Draw the Part -->
	<item component="ComponentInfo{com.tricky.lines/com.unity3d.player.UnityPlayerActivity}" drawable="tricky_line_draw_the_part" />

	<!-- Triple Tile -->
	<item component="ComponentInfo{com.tripledot.triple.tile.match.pair.game.three.master.object/com.unity3d.player.UnityPlayerActivity}" drawable="triple_tile" />

	<!-- Uno TV -->
	<item component="ComponentInfo{com.telcel.apps.unotv/io.gonative.android.SplashActivity}" drawable="uno_tv" />

	<!-- WebView DevTools -->
	<item component="ComponentInfo{com.google.android.webview.beta/org.chromium.android_webview.devui.LauncherActivity}" drawable="webview_devtools" />

	<!-- Woodoku -->
	<item component="ComponentInfo{com.tripledot.woodoku/com.unity3d.player.UnityPlayerActivity}" drawable="woodoku" />

</resources>