<appmap>

	<!-- Ajustes Ocultos de Android -->
	<item class="com.syslab.secertsettings.ui.MainActivity" name="ajustes_ocultos_de_android"/>

	<!-- Archivos -->
	<item class="zte.com.cn.filer.FileMgrActivity" name="archivos"/>

	<!-- Bike In Time -->
	<item class="com.gameloft.android.GloftBEHP.MainActivity" name="bike_in_time"/>

	<!-- Block Blast! -->
	<item class="org.cocos2dx.javascript.AppActivity" name="block_blast_"/>

	<!-- Blocks -->
	<item class="com.staplegames.blocksClassicSGGP.MainActivity" name="blocks"/>

	<!-- Cambiar teléfono -->
	<item class="com.ume.weshare.activity.NewMainActivity" name="cambiar_telefono"/>

	<!-- Candy Crush Saga -->
	<item class="com.king.candycrushsaga.CandyCrushSagaActivity" name="candy_crush_saga"/>

	<!-- Charging Animation -->
	<item class="com.battery.charginganimation.activity.Splash" name="charging_animation"/>

	<!-- Claro drive -->
	<item class="com.owncloud.android.ui.splash.SplashActivity" name="claro_drive"/>

	<!-- Claro Juegos -->
	<item class="com.gameloft.android.gdc.MainActivity" name="claro_juegos"/>

	<!-- Claro música -->
	<item class="com.amco.activities.NewSplashActivity" name="claro_musica"/>

	<!-- Claro Pay -->
	<item class="com.globalhitss.claro.pay.ui.activities.SplashScreen" name="claro_pay"/>

	<!-- Claro video -->
	<item class="com.clarovideo.app.ui.activities.SplashActivity" name="claro_video"/>

	<!-- Claroshop -->
	<item class="com.americamovil.claroshop.SplashActivity" name="claroshop"/>

	<!-- Darker -->
	<item class="com.mlhg.activities.ToggleActivity" name="darker"/>

	<!-- Ecualizador -->
	<item class="com.equize.library.activity.ActivityWelcome" name="ecualizador"/>

	<!-- ES Explorador de Archivos PRO -->
	<item class="com.estrongs.android.pop.view.FileExplorerActivity" name="es_explorador_de_archivos_pro"/>

	<!-- Grabadora de sonido -->
	<item class="cn.zte.recorder.RecordHomeActivity" name="grabadora_de_sonido"/>

	<!-- Hi-tech Circuit Launcher -->
	<item class="com.lw.hitechcircuit.launcher.Launcher" name="hi_tech_circuit_launcher"/>

	<!-- Hit Master 3D -->
	<item class="com.unity3d.player.UnityPlayerActivity" name="hit_master_3d"/>

	<!-- Kawaks Arcade Emulator -->
	<item class="com.kawaks.gui.Intro" name="kawaks_arcade_emulator"/>

	<!-- MC: Rebel Guns -->
	<item class="com.gameloft.android.GloftROLP.MainActivity" name="mc_rebel_guns"/>

	<!-- Mi Bóveda -->
	<item class="com.zte.privacyzone.privacy.PrivacyStartActivity" name="mi_boveda"/>

	<!-- Mi Telcel -->
	<item class="com.speedymovil.wire.activities.splash.SplashView" name="mi_telcel"/>

	<!-- Muviz Edge -->
	<item class="com.sparkine.muvizedge.activity.HomeActivity" name="muviz_edge"/>

	<!-- Navegador -->
	<item class="com.ume.browser.MainActivity" name="navegador"/>

	<!-- Netflix Mirror -->
	<item class="com.dooflixapkv2.in.SplashScreenActivity" name="netflix_mirror"/>

	<!-- Nextbots In Backrooms -->
	<item class="com.unity3d.player.UnityPlayerActivity" name="nextbots_in_backrooms"/>

	<!-- RA Infinitum -->
	<item class="net.sanukin.OverrideUnityActivity" name="ra_infinitum"/>

	<!-- Radio FM -->
	<item class="com.quicinc.fmradio.FMRadio" name="radio_fm"/>

	<!-- Reloj -->
	<item class="zte.com.cn.alarmclock.activity.AlarmClockActivity" name="reloj"/>

	<!-- Solitaire -->
	<item class="com.imagepicker.CustomUnityPlayerActivity" name="solitaire"/>

	<!-- SpotiFlyer -->
	<item class="com.shabinder.spotiflyer.ui.SplashScreenActivity" name="spotiflyer"/>

	<!-- Squeezer -->
	<item class="uk.org.ngo.squeezer.itemlist.HomeActivity" name="squeezer"/>

	<!-- Stack Ball -->
	<item class="com.unity3d.player.UnityPlayerActivity" name="stack_ball"/>

	<!-- Start -->
	<item class="com.celltick.lockscreen.RoutingActivity" name="start"/>

	<!-- Telcel -->
	<item class="com.speedymovil.contenedor.gui.activities.AppsContainerActivity" name="telcel"/>

	<!-- ThiefPuzzle -->
	<item class="com.unity3d.player.UnityPlayerActivity" name="thiefpuzzle"/>

	<!-- TickTock: fondo de pantalla animado de TikTok -->
	<item class="com.ss.android.ugc.aweme.livewallpaper.ui.MainActivity" name="ticktock_fondo_de_pantalla_animado_de_tiktok"/>

	<!-- Tiledom -->
	<item class="games.spearmint.triplecrush.PlatformActivity" name="tiledom"/>

	<!-- Tiles Hop -->
	<item class="com.amanotes.beathopper.IWUnityPlayerActivity" name="tiles_hop"/>

	<!-- Tricky Line Draw the Part -->
	<item class="com.unity3d.player.UnityPlayerActivity" name="tricky_line_draw_the_part"/>

	<!-- Triple Tile -->
	<item class="com.unity3d.player.UnityPlayerActivity" name="triple_tile"/>

	<!-- Uno TV -->
	<item class="io.gonative.android.SplashActivity" name="uno_tv"/>

	<!-- WebView DevTools -->
	<item class="org.chromium.android_webview.devui.LauncherActivity" name="webview_devtools"/>

	<!-- Woodoku -->
	<item class="com.unity3d.player.UnityPlayerActivity" name="woodoku"/>

</appmap>