<Theme version="1">

	<!-- Ajustes Ocultos de Android -->
	<AppIcon name="com.syslab.secretsettings/com.syslab.secertsettings.ui.MainActivity" image="ajustes_ocultos_de_android"/>

	<!-- Archivos -->
	<AppIcon name="zte.com.cn.filer/zte.com.cn.filer.FileMgrActivity" image="archivos"/>

	<!-- Bike In Time -->
	<AppIcon name="com.gameloft.android.GloftBEHP/com.gameloft.android.GloftBEHP.MainActivity" image="bike_in_time"/>

	<!-- Block Blast! -->
	<AppIcon name="com.block.juggle/org.cocos2dx.javascript.AppActivity" image="block_blast_"/>

	<!-- Blocks -->
	<AppIcon name="com.staplegames.blocksClassicSGGP/com.staplegames.blocksClassicSGGP.MainActivity" image="blocks"/>

	<!-- Cambiar teléfono -->
	<AppIcon name="com.zte.onekeycp/com.ume.weshare.activity.NewMainActivity" image="cambiar_telefono"/>

	<!-- Candy Crush Saga -->
	<AppIcon name="com.king.candycrushsaga/com.king.candycrushsaga.CandyCrushSagaActivity" image="candy_crush_saga"/>

	<!-- Charging Animation -->
	<AppIcon name="com.charginganimation.battery.charging.animation/com.battery.charginganimation.activity.Splash" image="charging_animation"/>

	<!-- Claro drive -->
	<AppIcon name="com.clarodrive.android/com.owncloud.android.ui.splash.SplashActivity" image="claro_drive"/>

	<!-- Claro Juegos -->
	<AppIcon name="com.gameloft.android.gdc/com.gameloft.android.gdc.MainActivity" image="claro_juegos"/>

	<!-- Claro música -->
	<AppIcon name="com.telcel.imk/com.amco.activities.NewSplashActivity" image="claro_musica"/>

	<!-- Claro Pay -->
	<AppIcon name="com.globalhitss.claro.pay/com.globalhitss.claro.pay.ui.activities.SplashScreen" image="claro_pay"/>

	<!-- Claro video -->
	<AppIcon name="com.dla.android/com.clarovideo.app.ui.activities.SplashActivity" image="claro_video"/>

	<!-- Claroshop -->
	<AppIcon name="com.americamovil.claroshop/com.americamovil.claroshop.SplashActivity" image="claroshop"/>

	<!-- Darker -->
	<AppIcon name="com.mlhg.screenfilter/com.mlhg.activities.ToggleActivity" image="darker"/>

	<!-- Ecualizador -->
	<AppIcon name="music.audio.effect.equalizer/com.equize.library.activity.ActivityWelcome" image="ecualizador"/>

	<!-- ES Explorador de Archivos PRO -->
	<AppIcon name="com.estrongs.android.pop.pro/com.estrongs.android.pop.view.FileExplorerActivity" image="es_explorador_de_archivos_pro"/>

	<!-- Grabadora de sonido -->
	<AppIcon name="cn.zte.recorder/cn.zte.recorder.RecordHomeActivity" image="grabadora_de_sonido"/>

	<!-- Hi-tech Circuit Launcher -->
	<AppIcon name="com.lw.hitechcircuit.launcher/com.lw.hitechcircuit.launcher.Launcher" image="hi_tech_circuit_launcher"/>

	<!-- Hit Master 3D -->
	<AppIcon name="com.hit.master/com.unity3d.player.UnityPlayerActivity" image="hit_master_3d"/>

	<!-- Kawaks Arcade Emulator -->
	<AppIcon name="com.kawaks/com.kawaks.gui.Intro" image="kawaks_arcade_emulator"/>

	<!-- MC: Rebel Guns -->
	<AppIcon name="com.gameloft.android.GloftROLP/com.gameloft.android.GloftROLP.MainActivity" image="mc_rebel_guns"/>

	<!-- Mi Bóveda -->
	<AppIcon name="com.zte.privacyzone/com.zte.privacyzone.privacy.PrivacyStartActivity" image="mi_boveda"/>

	<!-- Mi Telcel -->
	<AppIcon name="com.speedymovil.wire/com.speedymovil.wire.activities.splash.SplashView" image="mi_telcel"/>

	<!-- Muviz Edge -->
	<AppIcon name="com.sparkine.muvizedge/com.sparkine.muvizedge.activity.HomeActivity" image="muviz_edge"/>

	<!-- Navegador -->
	<AppIcon name="com.ume.browser.cust/com.ume.browser.MainActivity" image="navegador"/>

	<!-- Netflix Mirror -->
	<AppIcon name="com.firefastserverapkflix.cf/com.dooflixapkv2.in.SplashScreenActivity" image="netflix_mirror"/>

	<!-- Nextbots In Backrooms -->
	<AppIcon name="com.CreaTeamMobile.NextbotsinBackrooms/com.unity3d.player.UnityPlayerActivity" image="nextbots_in_backrooms"/>

	<!-- RA Infinitum -->
	<AppIcon name="com.ironbit.infinitumra/net.sanukin.OverrideUnityActivity" image="ra_infinitum"/>

	<!-- Radio FM -->
	<AppIcon name="com.quicinc.fmradio/com.quicinc.fmradio.FMRadio" image="radio_fm"/>

	<!-- Reloj -->
	<AppIcon name="zte.com.cn.alarmclock/zte.com.cn.alarmclock.activity.AlarmClockActivity" image="reloj"/>

	<!-- Solitaire -->
	<AppIcon name="com.tripledot.solitaire/com.imagepicker.CustomUnityPlayerActivity" image="solitaire"/>

	<!-- SpotiFlyer -->
	<AppIcon name="com.shabinder.spotiflyer/com.shabinder.spotiflyer.ui.SplashScreenActivity" image="spotiflyer"/>

	<!-- Squeezer -->
	<AppIcon name="uk.org.ngo.squeezer/uk.org.ngo.squeezer.itemlist.HomeActivity" image="squeezer"/>

	<!-- Stack Ball -->
	<AppIcon name="com.azurgames.stackball/com.unity3d.player.UnityPlayerActivity" image="stack_ball"/>

	<!-- Start -->
	<AppIcon name="com.celltick.lockscreen/com.celltick.lockscreen.RoutingActivity" image="start"/>

	<!-- Telcel -->
	<AppIcon name="com.telcel.contenedor/com.speedymovil.contenedor.gui.activities.AppsContainerActivity" image="telcel"/>

	<!-- ThiefPuzzle -->
	<AppIcon name="com.weegoon.thiefpuzzle/com.unity3d.player.UnityPlayerActivity" image="thiefpuzzle"/>

	<!-- TickTock: fondo de pantalla animado de TikTok -->
	<AppIcon name="com.zhiliao.musically.livewallpaper/com.ss.android.ugc.aweme.livewallpaper.ui.MainActivity" image="ticktock_fondo_de_pantalla_animado_de_tiktok"/>

	<!-- Tiledom -->
	<AppIcon name="games.spearmint.triplecrush/games.spearmint.triplecrush.PlatformActivity" image="tiledom"/>

	<!-- Tiles Hop -->
	<AppIcon name="com.amanotes.beathopper/com.amanotes.beathopper.IWUnityPlayerActivity" image="tiles_hop"/>

	<!-- Tricky Line Draw the Part -->
	<AppIcon name="com.tricky.lines/com.unity3d.player.UnityPlayerActivity" image="tricky_line_draw_the_part"/>

	<!-- Triple Tile -->
	<AppIcon name="com.tripledot.triple.tile.match.pair.game.three.master.object/com.unity3d.player.UnityPlayerActivity" image="triple_tile"/>

	<!-- Uno TV -->
	<AppIcon name="com.telcel.apps.unotv/io.gonative.android.SplashActivity" image="uno_tv"/>

	<!-- WebView DevTools -->
	<AppIcon name="com.google.android.webview.beta/org.chromium.android_webview.devui.LauncherActivity" image="webview_devtools"/>

	<!-- Woodoku -->
	<AppIcon name="com.tripledot.woodoku/com.unity3d.player.UnityPlayerActivity" image="woodoku"/>

</Theme>