<resources>

	<!-- 电话 -->
	<item component="ComponentInfo{com.huawei.contacts/com.android.contacts.activities.DialtactsActivity}" drawable="电话" />

	<!-- 电子邮件 -->
	<item component="ComponentInfo{com.huawei.email/com.android.email.activity.Welcome}" drawable="电子邮件" />

	<!-- 花瓣剪辑 -->
	<item component="ComponentInfo{com.huawei.videoeditor/com.huawei.hms.ml.mediacreative.LauncherActivity}" drawable="花瓣剪辑" />

	<!-- 华为钱包 -->
	<item component="ComponentInfo{com.huawei.wallet/com.huawei.wallet.view.MainActivity}" drawable="华为钱包" />

	<!-- 华为视频 -->
	<item component="ComponentInfo{com.huawei.himovie.overseas/com.huawei.himovie.ui.login.SplashScreenActivity}" drawable="华为视频" />

	<!-- 华为音乐 -->
	<item component="ComponentInfo{com.huawei.music/com.android.mediacenter.PageActivity}" drawable="华为音乐" />

	<!-- 华为应用市场 -->
	<item component="ComponentInfo{com.huawei.appmarket/com.huawei.appmarket.MainActivity}" drawable="华为应用市场" />

	<!-- 华为阅读 -->
	<item component="ComponentInfo{com.huawei.hwread.dz/com.huawei.reader.launch.impl.splash.SplashScreenActivity}" drawable="华为阅读" />

	<!-- 汇旺 -->
	<item component="ComponentInfo{com.huione.huionenew/com.financial.financial.MainActivity}" drawable="汇旺" />

	<!-- 汇旺娱乐 -->
	<item component="ComponentInfo{com.lctzgmcg.kl150.eczs/org.cocos2dx.javascript.AppActivity}" drawable="汇旺娱乐" />

	<!-- 会员中心 -->
	<item component="ComponentInfo{com.huawei.mycenter/com.huawei.mycenter.module.main.view.MainActivity}" drawable="会员中心" />

	<!-- 计算器 -->
	<item component="ComponentInfo{com.huawei.calculator/com.huawei.calculator.Calculator}" drawable="计算器" />

	<!-- 快手 -->
	<item component="ComponentInfo{com.smile.gifmaker/com.yxcorp.gifshow.HomeActivity}" drawable="快手" />

	<!-- 联系人 -->
	<item component="ComponentInfo{com.huawei.contacts/com.android.contacts.activities.PeopleActivity}" drawable="联系人" />

	<!-- 浏览器 -->
	<item component="ComponentInfo{com.huawei.browser/com.huawei.browser.Main2}" drawable="浏览器" />

	<!-- 日历 -->
	<item component="ComponentInfo{com.huawei.calendar/com.android.calendar.AllInOneActivity}" drawable="日历" />

	<!-- 软件更新 -->
	<item component="ComponentInfo{com.huawei.android.hwouc/com.huawei.android.hwouc.ui.activities.MainEntranceActivity}" drawable="软件更新" />

	<!-- 设置 -->
	<item component="ComponentInfo{com.android.settings/com.android.settings.HWSettings}" drawable="设置" />

	<!-- 时钟 -->
	<item component="ComponentInfo{com.huawei.deskclock/com.android.deskclock.AlarmsMainActivity}" drawable="时钟" />

	<!-- 手电筒 -->
	<item component="ComponentInfo{com.huawei.HwMultiScreenShot/com.android.systemui.flashlight.FlashlightActivity}" drawable="手电筒" />

	<!-- 手机管家 -->
	<item component="ComponentInfo{com.huawei.systemmanager/com.huawei.systemmanager.mainscreen.MainScreenActivity}" drawable="手机管家" />

	<!-- 淘宝 -->
	<item component="ComponentInfo{com.taobao.taobao/com.taobao.tao.welcome.Welcome}" drawable="淘宝" />

	<!-- 图库 -->
	<item component="ComponentInfo{com.huawei.photos/com.huawei.gallery.app.GalleryMain}" drawable="图库" />

	<!-- 玩机技巧 -->
	<item component="ComponentInfo{com.huawei.tipsove/com.huawei.android.tips.launch.ui.SplashActivity}" drawable="玩机技巧" />

	<!-- 王者荣耀 -->
	<item component="ComponentInfo{com.tencent.tmgp.sgame/com.tencent.tmgp.sgame.SGameActivity}" drawable="王者荣耀" />

	<!-- 网商银行 -->
	<item component="ComponentInfo{com.mybank.android.phone/com.mybank.android.phone.MainActivity}" drawable="网商银行" />

	<!-- 微信 -->
	<item component="ComponentInfo{com.tencent.mm/com.tencent.mm.ui.LauncherUI}" drawable="微信" />

	<!-- 微信输入法 -->
	<item component="ComponentInfo{com.tencent.wetype/com.tencent.wetype.plugin.hld.reactnative.activity.ImeMainSettingActivity}" drawable="微信输入法" />

	<!-- 文件管理 -->
	<item component="ComponentInfo{com.huawei.filemanager/com.huawei.hidisk.filemanager.FileManager}" drawable="文件管理" />

	<!-- 我的华为 -->
	<item component="ComponentInfo{com.huawei.phoneservice/com.huawei.myhuawei.ui.HwSplashActivity}" drawable="我的华为" />

	<!-- 相机 -->
	<item component="ComponentInfo{com.huawei.camera/com.huawei.camera}" drawable="相机" />

	<!-- 小艺输入法 -->
	<item component="ComponentInfo{com.huawei.ohos.inputmethod/com.appstore.view.activity.PrimaryActivity}" drawable="小艺输入法" />

	<!-- 信息 -->
	<item component="ComponentInfo{com.android.mms/com.android.mms.ui.ConversationList}" drawable="信息" />

	<!-- 应用助手 -->
	<item component="ComponentInfo{com.huawei.gameassistant/com.huawei.gameassistant.views.GameassistantMainActivity}" drawable="应用助手" />

	<!-- 云空间 -->
	<item component="ComponentInfo{com.huawei.hidisk/com.huawei.android.hicloud.ui.activity.NewHiSyncSettingAliasActivity}" drawable="云空间" />

	<!-- 支付宝 -->
	<item component="ComponentInfo{com.eg.android.AlipayGphone/com.eg.android.AlipayGphone.AlipayLogin}" drawable="支付宝" />

	<!-- 指南针 -->
	<item component="ComponentInfo{com.huawei.compass/com.huawei.compass.MainActivity}" drawable="指南针" />

	<!-- 智慧语音 -->
	<item component="ComponentInfo{com.huawei.hiassistantoversea/com.huawei.hiassistantoversea.platform.ui.mainui.activity.floatmic.FloatWindowActivity}" drawable="智慧语音" />

	<!-- 主题 -->
	<item component="ComponentInfo{com.huawei.android.thememanager/com.huawei.android.thememanager.mvp.view.activity.onlinebase.PageActivity}" drawable="主题" />

	<!-- ABA Mobile -->
	<item component="ComponentInfo{com.paygo24.ibank/com.aba.ibank.ui.activities.SplashActivity}" drawable="aba_mobile" />

	<!-- BIGO LIVE -->
	<item component="ComponentInfo{sg.bigo.live.huawei/sg.bigo.live.home.MainActivity}" drawable="bigo_live" />

	<!-- DJ多多 -->
	<item component="ComponentInfo{com.shoujiduoduo.dj/com.duoduo.dj.MainActivity}" drawable="dj多多" />

	<!-- Lite -->
	<item component="ComponentInfo{com.facebook.mlite/com.facebook.mlite.coreui.view.MainActivity}" drawable="lite" />

	<!-- Microsoft 365 (Office) -->
	<item component="ComponentInfo{com.microsoft.office.officehub/com.microsoft.office.officesuite.OfficeSuiteActivity}" drawable="microsoft_365_office_" />

	<!-- My Business -->
	<item component="ComponentInfo{com.google.android.apps.vega/com.google.android.apps.vega.VegaMainActivity}" drawable="my_business" />

	<!-- Petal 地图 -->
	<item component="ComponentInfo{com.huawei.maps.app/com.huawei.maps.app.petalmaps.splash.SplashActivity}" drawable="petal_地图" />

	<!-- Petal 搜索 -->
	<item component="ComponentInfo{com.huawei.hwsearch/com.huawei.hwsearch.homescreen.HomeScreenActivity}" drawable="petal_搜索" />

	<!-- SIM 卡工具包 -->
	<item component="ComponentInfo{com.android.stk/com.android.stk.StkLauncherActivity2}" drawable="sim_卡工具包" />

	<!-- Telegram -->
	<item component="ComponentInfo{org.telegram.messenger/org.telegram.messenger.NoxIcon}" drawable="telegram" />

	<!-- Telegram -->
	<item component="ComponentInfo{org.telegram.messenger.web/org.telegram.messenger.TurboIcon}" drawable="telegram" />

	<!-- Wing Bank -->
	<item component="ComponentInfo{com.wingmoney.wingpay/com.wingmoney.wingpay.ui.SplashActivity}" drawable="wing_bank" />

	<!-- yes seatel -->
	<item component="ComponentInfo{com.seatel.mobilehall/com.seatel.mobilehall.ui.splashscreen.SplashScreenActivity}" drawable="yes_seatel" />

</resources>