<Theme version="1">

	<!-- 电话 -->
	<AppIcon name="com.huawei.contacts/com.android.contacts.activities.DialtactsActivity" image="电话"/>

	<!-- 电子邮件 -->
	<AppIcon name="com.huawei.email/com.android.email.activity.Welcome" image="电子邮件"/>

	<!-- 花瓣剪辑 -->
	<AppIcon name="com.huawei.videoeditor/com.huawei.hms.ml.mediacreative.LauncherActivity" image="花瓣剪辑"/>

	<!-- 华为钱包 -->
	<AppIcon name="com.huawei.wallet/com.huawei.wallet.view.MainActivity" image="华为钱包"/>

	<!-- 华为视频 -->
	<AppIcon name="com.huawei.himovie.overseas/com.huawei.himovie.ui.login.SplashScreenActivity" image="华为视频"/>

	<!-- 华为音乐 -->
	<AppIcon name="com.huawei.music/com.android.mediacenter.PageActivity" image="华为音乐"/>

	<!-- 华为应用市场 -->
	<AppIcon name="com.huawei.appmarket/com.huawei.appmarket.MainActivity" image="华为应用市场"/>

	<!-- 华为阅读 -->
	<AppIcon name="com.huawei.hwread.dz/com.huawei.reader.launch.impl.splash.SplashScreenActivity" image="华为阅读"/>

	<!-- 汇旺 -->
	<AppIcon name="com.huione.huionenew/com.financial.financial.MainActivity" image="汇旺"/>

	<!-- 汇旺娱乐 -->
	<AppIcon name="com.lctzgmcg.kl150.eczs/org.cocos2dx.javascript.AppActivity" image="汇旺娱乐"/>

	<!-- 会员中心 -->
	<AppIcon name="com.huawei.mycenter/com.huawei.mycenter.module.main.view.MainActivity" image="会员中心"/>

	<!-- 计算器 -->
	<AppIcon name="com.huawei.calculator/com.huawei.calculator.Calculator" image="计算器"/>

	<!-- 快手 -->
	<AppIcon name="com.smile.gifmaker/com.yxcorp.gifshow.HomeActivity" image="快手"/>

	<!-- 联系人 -->
	<AppIcon name="com.huawei.contacts/com.android.contacts.activities.PeopleActivity" image="联系人"/>

	<!-- 浏览器 -->
	<AppIcon name="com.huawei.browser/com.huawei.browser.Main2" image="浏览器"/>

	<!-- 日历 -->
	<AppIcon name="com.huawei.calendar/com.android.calendar.AllInOneActivity" image="日历"/>

	<!-- 软件更新 -->
	<AppIcon name="com.huawei.android.hwouc/com.huawei.android.hwouc.ui.activities.MainEntranceActivity" image="软件更新"/>

	<!-- 设置 -->
	<AppIcon name="com.android.settings/com.android.settings.HWSettings" image="设置"/>

	<!-- 时钟 -->
	<AppIcon name="com.huawei.deskclock/com.android.deskclock.AlarmsMainActivity" image="时钟"/>

	<!-- 手电筒 -->
	<AppIcon name="com.huawei.HwMultiScreenShot/com.android.systemui.flashlight.FlashlightActivity" image="手电筒"/>

	<!-- 手机管家 -->
	<AppIcon name="com.huawei.systemmanager/com.huawei.systemmanager.mainscreen.MainScreenActivity" image="手机管家"/>

	<!-- 淘宝 -->
	<AppIcon name="com.taobao.taobao/com.taobao.tao.welcome.Welcome" image="淘宝"/>

	<!-- 图库 -->
	<AppIcon name="com.huawei.photos/com.huawei.gallery.app.GalleryMain" image="图库"/>

	<!-- 玩机技巧 -->
	<AppIcon name="com.huawei.tipsove/com.huawei.android.tips.launch.ui.SplashActivity" image="玩机技巧"/>

	<!-- 王者荣耀 -->
	<AppIcon name="com.tencent.tmgp.sgame/com.tencent.tmgp.sgame.SGameActivity" image="王者荣耀"/>

	<!-- 网商银行 -->
	<AppIcon name="com.mybank.android.phone/com.mybank.android.phone.MainActivity" image="网商银行"/>

	<!-- 微信 -->
	<AppIcon name="com.tencent.mm/com.tencent.mm.ui.LauncherUI" image="微信"/>

	<!-- 微信输入法 -->
	<AppIcon name="com.tencent.wetype/com.tencent.wetype.plugin.hld.reactnative.activity.ImeMainSettingActivity" image="微信输入法"/>

	<!-- 文件管理 -->
	<AppIcon name="com.huawei.filemanager/com.huawei.hidisk.filemanager.FileManager" image="文件管理"/>

	<!-- 我的华为 -->
	<AppIcon name="com.huawei.phoneservice/com.huawei.myhuawei.ui.HwSplashActivity" image="我的华为"/>

	<!-- 相机 -->
	<AppIcon name="com.huawei.camera/com.huawei.camera" image="相机"/>

	<!-- 小艺输入法 -->
	<AppIcon name="com.huawei.ohos.inputmethod/com.appstore.view.activity.PrimaryActivity" image="小艺输入法"/>

	<!-- 信息 -->
	<AppIcon name="com.android.mms/com.android.mms.ui.ConversationList" image="信息"/>

	<!-- 应用助手 -->
	<AppIcon name="com.huawei.gameassistant/com.huawei.gameassistant.views.GameassistantMainActivity" image="应用助手"/>

	<!-- 云空间 -->
	<AppIcon name="com.huawei.hidisk/com.huawei.android.hicloud.ui.activity.NewHiSyncSettingAliasActivity" image="云空间"/>

	<!-- 支付宝 -->
	<AppIcon name="com.eg.android.AlipayGphone/com.eg.android.AlipayGphone.AlipayLogin" image="支付宝"/>

	<!-- 指南针 -->
	<AppIcon name="com.huawei.compass/com.huawei.compass.MainActivity" image="指南针"/>

	<!-- 智慧语音 -->
	<AppIcon name="com.huawei.hiassistantoversea/com.huawei.hiassistantoversea.platform.ui.mainui.activity.floatmic.FloatWindowActivity" image="智慧语音"/>

	<!-- 主题 -->
	<AppIcon name="com.huawei.android.thememanager/com.huawei.android.thememanager.mvp.view.activity.onlinebase.PageActivity" image="主题"/>

	<!-- ABA Mobile -->
	<AppIcon name="com.paygo24.ibank/com.aba.ibank.ui.activities.SplashActivity" image="aba_mobile"/>

	<!-- BIGO LIVE -->
	<AppIcon name="sg.bigo.live.huawei/sg.bigo.live.home.MainActivity" image="bigo_live"/>

	<!-- DJ多多 -->
	<AppIcon name="com.shoujiduoduo.dj/com.duoduo.dj.MainActivity" image="dj多多"/>

	<!-- Lite -->
	<AppIcon name="com.facebook.mlite/com.facebook.mlite.coreui.view.MainActivity" image="lite"/>

	<!-- Microsoft 365 (Office) -->
	<AppIcon name="com.microsoft.office.officehub/com.microsoft.office.officesuite.OfficeSuiteActivity" image="microsoft_365_office_"/>

	<!-- My Business -->
	<AppIcon name="com.google.android.apps.vega/com.google.android.apps.vega.VegaMainActivity" image="my_business"/>

	<!-- Petal 地图 -->
	<AppIcon name="com.huawei.maps.app/com.huawei.maps.app.petalmaps.splash.SplashActivity" image="petal_地图"/>

	<!-- Petal 搜索 -->
	<AppIcon name="com.huawei.hwsearch/com.huawei.hwsearch.homescreen.HomeScreenActivity" image="petal_搜索"/>

	<!-- SIM 卡工具包 -->
	<AppIcon name="com.android.stk/com.android.stk.StkLauncherActivity2" image="sim_卡工具包"/>

	<!-- Telegram -->
	<AppIcon name="org.telegram.messenger/org.telegram.messenger.NoxIcon" image="telegram"/>

	<!-- Telegram -->
	<AppIcon name="org.telegram.messenger.web/org.telegram.messenger.TurboIcon" image="telegram"/>

	<!-- Wing Bank -->
	<AppIcon name="com.wingmoney.wingpay/com.wingmoney.wingpay.ui.SplashActivity" image="wing_bank"/>

	<!-- yes seatel -->
	<AppIcon name="com.seatel.mobilehall/com.seatel.mobilehall.ui.splashscreen.SplashScreenActivity" image="yes_seatel"/>

</Theme>