<resources>

	<!-- Arcticons -->
	<item component="ComponentInfo{com.donnnno.arcticons/com.donnnno.arcticons.activities.MainActivity}" drawable="arcticons" />

	<!-- Bose Music -->
	<item component="ComponentInfo{com.bose.bosemusic/com.bose.madrid.SplashScreenActivity}" drawable="bose_music" />

	<!-- BoxToGo Pro -->
	<item component="ComponentInfo{de.almisoft.boxtogofull/de.almisoft.boxtogo.main.Main}" drawable="boxtogo_pro" />

	<!-- Connect -->
	<item component="ComponentInfo{com.garmin.android.apps.connectmobile/com.garmin.android.apps.connectmobile.GCMActivityStartup}" drawable="connect" />

	<!-- Connect IQ -->
	<item component="ComponentInfo{com.garmin.connectiq/com.garmin.connectiq.ui.startup.StartupActivity}" drawable="connect_iq" />

	<!-- Greentooth -->
	<item component="ComponentInfo{com.smilla.greentooth/com.smilla.greentooth.MainActivity}" drawable="greentooth" />

	<!-- InviZible Pro -->
	<item component="ComponentInfo{pan.alexander.tordnscrypt.stable/pan.alexander.tordnscrypt.MainActivity}" drawable="invizible_pro" />

	<!-- Kalender -->
	<item component="ComponentInfo{org.fossify.calendar/org.fossify.calendar.activities.SplashActivity.Yellow}" drawable="kalender" />

	<!-- Kamera -->
	<item component="ComponentInfo{com.nothing.camera/com.nothing.camera.activity.CameraActivity}" drawable="kamera" />

	<!-- Kontakte -->
	<item component="ComponentInfo{org.fossify.contacts/org.fossify.contacts.activities.SplashActivity.Green}" drawable="kontakte" />

	<!-- Mercedes me -->
	<item component="ComponentInfo{com.daimler.ris.mercedesme.ece.android/com.daimler.mycar.screen.splash.SplashActivity}" drawable="mercedes_me" />

	<!-- MiX -->
	<item component="ComponentInfo{com.mixplorer/com.mixplorer.activities.BrowseActivity}" drawable="mix" />

	<!-- org.telegram.messenger.DefaultIcon -->
	<item component="ComponentInfo{org.forkgram.messenger/org.telegram.messenger.DefaultIcon}" drawable="orgtelegrammessengerdefaulticon" />

	<!-- Phone -->
	<item component="ComponentInfo{org.fossify.phone/org.fossify.phone.activities.SplashActivity.Grey_black}" drawable="phone" />

	<!-- Uhr -->
	<item component="ComponentInfo{com.simplemobiletools.clock/com.simplemobiletools.clock.activities.SplashActivity.Blue}" drawable="uhr" />

	<!-- Unexpected Keyboard -->
	<item component="ComponentInfo{juloo.keyboard2/juloo.keyboard2.LauncherActivity}" drawable="unexpected_keyboard" />

	<!-- WiFi Automatic -->
	<item component="ComponentInfo{de.j4velin.wifiAutoOff/de.j4velin.wifiAutoOff.Preferences}" drawable="wifi_automatic" />

	<!-- yetCalc -->
	<item component="ComponentInfo{yetzio.yetcalc/yetzio.yetcalc.MainActivity}" drawable="yetcalc" />

</resources>