<appmap>

	<!-- Arcticons -->
	<item class="com.donnnno.arcticons.activities.MainActivity" name="arcticons"/>

	<!-- Bose Music -->
	<item class="com.bose.madrid.SplashScreenActivity" name="bose_music"/>

	<!-- BoxToGo Pro -->
	<item class="de.almisoft.boxtogo.main.Main" name="boxtogo_pro"/>

	<!-- Connect -->
	<item class="com.garmin.android.apps.connectmobile.GCMActivityStartup" name="connect"/>

	<!-- Connect IQ -->
	<item class="com.garmin.connectiq.ui.startup.StartupActivity" name="connect_iq"/>

	<!-- Greentooth -->
	<item class="com.smilla.greentooth.MainActivity" name="greentooth"/>

	<!-- InviZible Pro -->
	<item class="pan.alexander.tordnscrypt.MainActivity" name="invizible_pro"/>

	<!-- Kalender -->
	<item class="org.fossify.calendar.activities.SplashActivity.Yellow" name="kalender"/>

	<!-- Kamera -->
	<item class="com.nothing.camera.activity.CameraActivity" name="kamera"/>

	<!-- Kontakte -->
	<item class="org.fossify.contacts.activities.SplashActivity.Green" name="kontakte"/>

	<!-- Mercedes me -->
	<item class="com.daimler.mycar.screen.splash.SplashActivity" name="mercedes_me"/>

	<!-- MiX -->
	<item class="com.mixplorer.activities.BrowseActivity" name="mix"/>

	<!-- org.telegram.messenger.DefaultIcon -->
	<item class="org.telegram.messenger.DefaultIcon" name="orgtelegrammessengerdefaulticon"/>

	<!-- Phone -->
	<item class="org.fossify.phone.activities.SplashActivity.Grey_black" name="phone"/>

	<!-- Uhr -->
	<item class="com.simplemobiletools.clock.activities.SplashActivity.Blue" name="uhr"/>

	<!-- Unexpected Keyboard -->
	<item class="juloo.keyboard2.LauncherActivity" name="unexpected_keyboard"/>

	<!-- WiFi Automatic -->
	<item class="de.j4velin.wifiAutoOff.Preferences" name="wifi_automatic"/>

	<!-- yetCalc -->
	<item class="yetzio.yetcalc.MainActivity" name="yetcalc"/>

</appmap>