<Theme version="1">

	<!-- Arcticons -->
	<AppIcon name="com.donnnno.arcticons/com.donnnno.arcticons.activities.MainActivity" image="arcticons"/>

	<!-- Bose Music -->
	<AppIcon name="com.bose.bosemusic/com.bose.madrid.SplashScreenActivity" image="bose_music"/>

	<!-- BoxToGo Pro -->
	<AppIcon name="de.almisoft.boxtogofull/de.almisoft.boxtogo.main.Main" image="boxtogo_pro"/>

	<!-- Connect -->
	<AppIcon name="com.garmin.android.apps.connectmobile/com.garmin.android.apps.connectmobile.GCMActivityStartup" image="connect"/>

	<!-- Connect IQ -->
	<AppIcon name="com.garmin.connectiq/com.garmin.connectiq.ui.startup.StartupActivity" image="connect_iq"/>

	<!-- Greentooth -->
	<AppIcon name="com.smilla.greentooth/com.smilla.greentooth.MainActivity" image="greentooth"/>

	<!-- InviZible Pro -->
	<AppIcon name="pan.alexander.tordnscrypt.stable/pan.alexander.tordnscrypt.MainActivity" image="invizible_pro"/>

	<!-- Kalender -->
	<AppIcon name="org.fossify.calendar/org.fossify.calendar.activities.SplashActivity.Yellow" image="kalender"/>

	<!-- Kamera -->
	<AppIcon name="com.nothing.camera/com.nothing.camera.activity.CameraActivity" image="kamera"/>

	<!-- Kontakte -->
	<AppIcon name="org.fossify.contacts/org.fossify.contacts.activities.SplashActivity.Green" image="kontakte"/>

	<!-- Mercedes me -->
	<AppIcon name="com.daimler.ris.mercedesme.ece.android/com.daimler.mycar.screen.splash.SplashActivity" image="mercedes_me"/>

	<!-- MiX -->
	<AppIcon name="com.mixplorer/com.mixplorer.activities.BrowseActivity" image="mix"/>

	<!-- org.telegram.messenger.DefaultIcon -->
	<AppIcon name="org.forkgram.messenger/org.telegram.messenger.DefaultIcon" image="orgtelegrammessengerdefaulticon"/>

	<!-- Phone -->
	<AppIcon name="org.fossify.phone/org.fossify.phone.activities.SplashActivity.Grey_black" image="phone"/>

	<!-- Uhr -->
	<AppIcon name="com.simplemobiletools.clock/com.simplemobiletools.clock.activities.SplashActivity.Blue" image="uhr"/>

	<!-- Unexpected Keyboard -->
	<AppIcon name="juloo.keyboard2/juloo.keyboard2.LauncherActivity" image="unexpected_keyboard"/>

	<!-- WiFi Automatic -->
	<AppIcon name="de.j4velin.wifiAutoOff/de.j4velin.wifiAutoOff.Preferences" image="wifi_automatic"/>

	<!-- yetCalc -->
	<AppIcon name="yetzio.yetcalc/yetzio.yetcalc.MainActivity" image="yetcalc"/>

</Theme>