<resources>

	<!-- 4D Parallax Wallpaper -->
	<item component="ComponentInfo{com.vinwap.parallaxpro/com.vinwap.parallaxpro.OpenActivity}" drawable="_4d_parallax_wallpaper" />

	<!-- ADW Launcher -->
	<item component="ComponentInfo{org.adw.launcher/org.adw.launcher.LauncherActivity}" drawable="adw_launcher" />

	<!-- AirTalk Wireless -->
	<item component="ComponentInfo{com.hugoteam.airtalk_wireless/com.example.untitled.MainActivity}" drawable="airtalk_wireless" />

	<!-- androidVNC -->
	<item component="ComponentInfo{android.androidVNC/android.androidVNC.androidVNC}" drawable="androidvnc" />

	<!-- AndroLinux -->
	<item component="ComponentInfo{org.dandroidmobile.androlinux/org.dandroidmobile.androlinux.MainMenuActivity}" drawable="androlinux" />

	<!-- Audio effects -->
	<item component="ComponentInfo{com.motorola.audiofx/com.motorola.motoaudio.ui.LauncherActivity}" drawable="audio_effects" />

	<!-- bVNC Pro -->
	<item component="ComponentInfo{com.iiordanov.bVNC/com.undatech.opaque.ConnectionGridActivity}" drawable="bvnc_pro" />

	<!-- Coloring book -->
	<item component="ComponentInfo{com.motorola.colorbook/com.motorola.colorbook.ui.main.MainActivity}" drawable="coloring_book" />

	<!-- Customize Termux -->
	<item component="ComponentInfo{id.b2u.customizetermux/id.b2u.customizetermux.MainActivity}" drawable="customize_termux" />

	<!-- Device Pulse -->
	<item component="ComponentInfo{com.tracfone.preload.accountservices/com.tracfone.preload.accountservices.MainActivity}" drawable="device_pulse" />

	<!-- dFast -->
	<item component="ComponentInfo{com.hypertorrent.android/com.happymod.apk.hmmvp.allfunction.LaunchActivity}" drawable="dfast" />

	<!-- Easy Prefix -->
	<item component="ComponentInfo{com.motorola.easyprefix/com.motorola.easyprefix.SingleSimSettingsActivity}" drawable="easy_prefix" />

	<!-- Eroflix -->
	<item component="ComponentInfo{mob.play.rflx/net.apps.eroflix.acts.Drawer}" drawable="eroflix" />

	<!-- iTECH Wearables (BETA) -->
	<item component="ComponentInfo{xwatch.itech.wearables/com.axnygroup.xwatch.MainActivity}" drawable="itech_wearables_beta_" />

	<!-- Learn Termux -->
	<item component="ComponentInfo{com.bodapps.termuxlearn/com.bodapps.termuxlearn.MainActivity}" drawable="learn_termux" />

	<!-- Linux Command Library -->
	<item component="ComponentInfo{com.inspiredandroid.linuxcommandbibliotheca/com.inspiredandroid.linuxcommandbibliotheca.MainActivity}" drawable="linux_command_library" />

	<!-- Linux Commands -->
	<item component="ComponentInfo{androing.linuxhandbook/androing.linux_commands_flutter.MainActivity}" drawable="linux_commands" />

	<!-- Lucid Launcher Pro -->
	<item component="ComponentInfo{com.powerpoint45.launcherpro/com.powerpoint45.launcherpro.MainActivity}" drawable="lucid_launcher_pro" />

	<!-- Medium -->
	<item component="ComponentInfo{com.medium.reader/com.medium.android.donkey.start.SplashActivity}" drawable="medium" />

	<!-- Memory Zone -->
	<item component="ComponentInfo{com.sandisk.mz/com.sandisk.mz.appui.activity.SplashActivity}" drawable="memory_zone" />

	<!-- Moto Note -->
	<item component="ComponentInfo{com.motorola.stylus/com.motorola.stylus.manager.NoteManagerActivity}" drawable="moto_note" />

	<!-- My SafeLink -->
	<item component="ComponentInfo{com.safelinkwireless.app/com.example.safelink_mobile.MainActivity}" drawable="my_safelink" />

	<!-- MySites -->
	<item component="ComponentInfo{com.tracfone.generic.mysites/com.tracfone.generic.mysites.MainActivity}" drawable="mysites" />

	<!-- MyUPMC -->
	<item component="ComponentInfo{com.upmc.enterprises.myupmc/com.upmc.enterprises.myupmc.LaunchActivity}" drawable="myupmc" />

	<!-- NetHunter KeX -->
	<item component="ComponentInfo{com.offsec.nethunter.kex/com.iiordanov.bVNC.bVNC}" drawable="nethunter_kex" />

	<!-- NetHunter Store -->
	<item component="ComponentInfo{com.offsec.nethunter.store/org.fdroid.fdroid.views.main.MainActivity}" drawable="nethunter_store" />

	<!-- NetHunter Terminal -->
	<item component="ComponentInfo{com.offsec.nhterm/com.offsec.nhterm.ui.term.NeoTermActivity}" drawable="nethunter_terminal" />

	<!-- Netspend -->
	<item component="ComponentInfo{com.netspend.product.android/com.netspend.product.android.MainActivity}" drawable="netspend" />

	<!-- NewDroid 13 Launcher -->
	<item component="ComponentInfo{com.newdroid.launcher/com.newdroid.launcher.Launcher}" drawable="newdroid_13_launcher" />

	<!-- PAeDocket -->
	<item component="ComponentInfo{us.pacourts.docket/us.pacourts.docket.activities.SplashActivity}" drawable="paedocket" />

	<!-- People Search -->
	<item component="ComponentInfo{com.peoplesearchapp/io.kodular.ipadshanmuga.PeopleSearch.Screen1}" drawable="people_search" />

	<!-- Pornhub -->
	<item component="ComponentInfo{com.app.pornhub/com.app.pornhub.alias.normal}" drawable="pornhub" />

	<!-- PornHub HD -->
	<item component="ComponentInfo{com.datazoeiraapps.pornhubhd/com.datazoeiraapps.pornhubhd.MainActivity}" drawable="pornhub_hd" />

	<!-- Poweramp -->
	<item component="ComponentInfo{com.maxmpz.audioplayer/com.maxmpz.audioplayer.zap_plain_adaptive}" drawable="poweramp" />

	<!-- Providers -->
	<item component="ComponentInfo{com.propel.ebenefits/com.propel.ebenefits.MainActivity}" drawable="providers" />

	<!-- Psiphon -->
	<item component="ComponentInfo{com.psiphon3/com.psiphon3.MainActivity}" drawable="psiphon" />

	<!-- QR & Barcode Scanner -->
	<item component="ComponentInfo{com.gamma.scan/com.gamma.barcodeapp.ui.BarcodeCaptureActivity}" drawable="qr_and_barcode_scanner" />

	<!-- RUFUS -->
	<item component="ComponentInfo{com.mixapplications.rufus/com.mixapplications.rufus.MainActivity}" drawable="rufus" />

	<!-- Rumble -->
	<item component="ComponentInfo{com.rumble.battles/com.rumble.battles.landing.LandingActivity}" drawable="rumble" />

	<!-- S9 Launcher -->
	<item component="ComponentInfo{com.s9launcher.galaxy.launcher/com.s9.launcher.Launcher}" drawable="s9_launcher" />

	<!-- TeraBox -->
	<item component="ComponentInfo{com.dubox.drive/com.dubox.drive.ui.Logo0LauncherActivity}" drawable="terabox" />

	<!-- Termux Terminal Widget -->
	<item component="ComponentInfo{com.gardockt.termuxterminalwidget/com.gardockt.termuxterminalwidget.MainActivity}" drawable="termux_terminal_widget" />

	<!-- The Porn App -->
	<item component="ComponentInfo{org.chromium.webapk.aa480bfdc29a66b60_v2/org.chromium.webapk.shell_apk.h2o.H2OOpaqueMainActivity}" drawable="the_porn_app" />

	<!-- Tigtog -->
	<item component="ComponentInfo{to.load.tigtog/to.load.tigtog.ui.MA}" drawable="tigtog" />

	<!-- Touch The Notch -->
	<item component="ComponentInfo{com.notch.touch/com.notch.touch.ui.Sa}" drawable="touch_the_notch" />

	<!-- Tubi -->
	<item component="ComponentInfo{com.tubitv/com.tubitv.activities.MainActivity}" drawable="tubi" />

	<!-- Ubuntu Launcher -->
	<item component="ComponentInfo{com.ubuntu.desktop.ui.launcher/com.centsol.w10launcher.activity.SplashActivity}" drawable="ubuntu_launcher" />

	<!-- Ultra Volume -->
	<item component="ComponentInfo{com.treydev.volume/com.zipoapps.premiumhelper.ui.splash.PHSplashActivity}" drawable="ultra_volume" />

	<!-- Wavelet -->
	<item component="ComponentInfo{com.pittvandewitt.wavelet/com.pittvandewitt.wavelet.MainActivity}" drawable="wavelet" />

	<!-- XHamster -->
	<item component="ComponentInfo{com.alexddstore.alexander.baseweb/com.alexddstore.alexander.baseweb.MainActivity}" drawable="xhamster" />

	<!-- XNXX -->
	<item component="ComponentInfo{xnxxmobile.app/com.makslup.tontonangawesegerpikir.myactivitys.SplashActivity}" drawable="xnxx" />

	<!-- xvideos -->
	<item component="ComponentInfo{apkproject.fr.xvideos/apkproject.fr.xvideos.MyActivity}" drawable="xvideos" />

	<!-- xvideos -->
	<item component="ComponentInfo{com.xnxx.xvideos/com.xnxx.xvideos.MainActivity}" drawable="xvideos" />

</resources>