<Theme version="1">

	<!-- 4D Parallax Wallpaper -->
	<AppIcon name="com.vinwap.parallaxpro/com.vinwap.parallaxpro.OpenActivity" image="_4d_parallax_wallpaper"/>

	<!-- ADW Launcher -->
	<AppIcon name="org.adw.launcher/org.adw.launcher.LauncherActivity" image="adw_launcher"/>

	<!-- AirTalk Wireless -->
	<AppIcon name="com.hugoteam.airtalk_wireless/com.example.untitled.MainActivity" image="airtalk_wireless"/>

	<!-- androidVNC -->
	<AppIcon name="android.androidVNC/android.androidVNC.androidVNC" image="androidvnc"/>

	<!-- AndroLinux -->
	<AppIcon name="org.dandroidmobile.androlinux/org.dandroidmobile.androlinux.MainMenuActivity" image="androlinux"/>

	<!-- Audio effects -->
	<AppIcon name="com.motorola.audiofx/com.motorola.motoaudio.ui.LauncherActivity" image="audio_effects"/>

	<!-- bVNC Pro -->
	<AppIcon name="com.iiordanov.bVNC/com.undatech.opaque.ConnectionGridActivity" image="bvnc_pro"/>

	<!-- Coloring book -->
	<AppIcon name="com.motorola.colorbook/com.motorola.colorbook.ui.main.MainActivity" image="coloring_book"/>

	<!-- Customize Termux -->
	<AppIcon name="id.b2u.customizetermux/id.b2u.customizetermux.MainActivity" image="customize_termux"/>

	<!-- Device Pulse -->
	<AppIcon name="com.tracfone.preload.accountservices/com.tracfone.preload.accountservices.MainActivity" image="device_pulse"/>

	<!-- dFast -->
	<AppIcon name="com.hypertorrent.android/com.happymod.apk.hmmvp.allfunction.LaunchActivity" image="dfast"/>

	<!-- Easy Prefix -->
	<AppIcon name="com.motorola.easyprefix/com.motorola.easyprefix.SingleSimSettingsActivity" image="easy_prefix"/>

	<!-- Eroflix -->
	<AppIcon name="mob.play.rflx/net.apps.eroflix.acts.Drawer" image="eroflix"/>

	<!-- iTECH Wearables (BETA) -->
	<AppIcon name="xwatch.itech.wearables/com.axnygroup.xwatch.MainActivity" image="itech_wearables_beta_"/>

	<!-- Learn Termux -->
	<AppIcon name="com.bodapps.termuxlearn/com.bodapps.termuxlearn.MainActivity" image="learn_termux"/>

	<!-- Linux Command Library -->
	<AppIcon name="com.inspiredandroid.linuxcommandbibliotheca/com.inspiredandroid.linuxcommandbibliotheca.MainActivity" image="linux_command_library"/>

	<!-- Linux Commands -->
	<AppIcon name="androing.linuxhandbook/androing.linux_commands_flutter.MainActivity" image="linux_commands"/>

	<!-- Lucid Launcher Pro -->
	<AppIcon name="com.powerpoint45.launcherpro/com.powerpoint45.launcherpro.MainActivity" image="lucid_launcher_pro"/>

	<!-- Medium -->
	<AppIcon name="com.medium.reader/com.medium.android.donkey.start.SplashActivity" image="medium"/>

	<!-- Memory Zone -->
	<AppIcon name="com.sandisk.mz/com.sandisk.mz.appui.activity.SplashActivity" image="memory_zone"/>

	<!-- Moto Note -->
	<AppIcon name="com.motorola.stylus/com.motorola.stylus.manager.NoteManagerActivity" image="moto_note"/>

	<!-- My SafeLink -->
	<AppIcon name="com.safelinkwireless.app/com.example.safelink_mobile.MainActivity" image="my_safelink"/>

	<!-- MySites -->
	<AppIcon name="com.tracfone.generic.mysites/com.tracfone.generic.mysites.MainActivity" image="mysites"/>

	<!-- MyUPMC -->
	<AppIcon name="com.upmc.enterprises.myupmc/com.upmc.enterprises.myupmc.LaunchActivity" image="myupmc"/>

	<!-- NetHunter KeX -->
	<AppIcon name="com.offsec.nethunter.kex/com.iiordanov.bVNC.bVNC" image="nethunter_kex"/>

	<!-- NetHunter Store -->
	<AppIcon name="com.offsec.nethunter.store/org.fdroid.fdroid.views.main.MainActivity" image="nethunter_store"/>

	<!-- NetHunter Terminal -->
	<AppIcon name="com.offsec.nhterm/com.offsec.nhterm.ui.term.NeoTermActivity" image="nethunter_terminal"/>

	<!-- Netspend -->
	<AppIcon name="com.netspend.product.android/com.netspend.product.android.MainActivity" image="netspend"/>

	<!-- NewDroid 13 Launcher -->
	<AppIcon name="com.newdroid.launcher/com.newdroid.launcher.Launcher" image="newdroid_13_launcher"/>

	<!-- PAeDocket -->
	<AppIcon name="us.pacourts.docket/us.pacourts.docket.activities.SplashActivity" image="paedocket"/>

	<!-- People Search -->
	<AppIcon name="com.peoplesearchapp/io.kodular.ipadshanmuga.PeopleSearch.Screen1" image="people_search"/>

	<!-- Pornhub -->
	<AppIcon name="com.app.pornhub/com.app.pornhub.alias.normal" image="pornhub"/>

	<!-- PornHub HD -->
	<AppIcon name="com.datazoeiraapps.pornhubhd/com.datazoeiraapps.pornhubhd.MainActivity" image="pornhub_hd"/>

	<!-- Poweramp -->
	<AppIcon name="com.maxmpz.audioplayer/com.maxmpz.audioplayer.zap_plain_adaptive" image="poweramp"/>

	<!-- Providers -->
	<AppIcon name="com.propel.ebenefits/com.propel.ebenefits.MainActivity" image="providers"/>

	<!-- Psiphon -->
	<AppIcon name="com.psiphon3/com.psiphon3.MainActivity" image="psiphon"/>

	<!-- QR & Barcode Scanner -->
	<AppIcon name="com.gamma.scan/com.gamma.barcodeapp.ui.BarcodeCaptureActivity" image="qr_and_barcode_scanner"/>

	<!-- RUFUS -->
	<AppIcon name="com.mixapplications.rufus/com.mixapplications.rufus.MainActivity" image="rufus"/>

	<!-- Rumble -->
	<AppIcon name="com.rumble.battles/com.rumble.battles.landing.LandingActivity" image="rumble"/>

	<!-- S9 Launcher -->
	<AppIcon name="com.s9launcher.galaxy.launcher/com.s9.launcher.Launcher" image="s9_launcher"/>

	<!-- TeraBox -->
	<AppIcon name="com.dubox.drive/com.dubox.drive.ui.Logo0LauncherActivity" image="terabox"/>

	<!-- Termux Terminal Widget -->
	<AppIcon name="com.gardockt.termuxterminalwidget/com.gardockt.termuxterminalwidget.MainActivity" image="termux_terminal_widget"/>

	<!-- The Porn App -->
	<AppIcon name="org.chromium.webapk.aa480bfdc29a66b60_v2/org.chromium.webapk.shell_apk.h2o.H2OOpaqueMainActivity" image="the_porn_app"/>

	<!-- Tigtog -->
	<AppIcon name="to.load.tigtog/to.load.tigtog.ui.MA" image="tigtog"/>

	<!-- Touch The Notch -->
	<AppIcon name="com.notch.touch/com.notch.touch.ui.Sa" image="touch_the_notch"/>

	<!-- Tubi -->
	<AppIcon name="com.tubitv/com.tubitv.activities.MainActivity" image="tubi"/>

	<!-- Ubuntu Launcher -->
	<AppIcon name="com.ubuntu.desktop.ui.launcher/com.centsol.w10launcher.activity.SplashActivity" image="ubuntu_launcher"/>

	<!-- Ultra Volume -->
	<AppIcon name="com.treydev.volume/com.zipoapps.premiumhelper.ui.splash.PHSplashActivity" image="ultra_volume"/>

	<!-- Wavelet -->
	<AppIcon name="com.pittvandewitt.wavelet/com.pittvandewitt.wavelet.MainActivity" image="wavelet"/>

	<!-- XHamster -->
	<AppIcon name="com.alexddstore.alexander.baseweb/com.alexddstore.alexander.baseweb.MainActivity" image="xhamster"/>

	<!-- XNXX -->
	<AppIcon name="xnxxmobile.app/com.makslup.tontonangawesegerpikir.myactivitys.SplashActivity" image="xnxx"/>

	<!-- xvideos -->
	<AppIcon name="apkproject.fr.xvideos/apkproject.fr.xvideos.MyActivity" image="xvideos"/>

	<!-- xvideos -->
	<AppIcon name="com.xnxx.xvideos/com.xnxx.xvideos.MainActivity" image="xvideos"/>

</Theme>