<Theme version="1">

	<!-- Absolute Drift -->
	<AppIcon name="com.noodlecake.absolutedrift/com.noodlecake.absolutedrift.UnityPlayerActivity" image="absolute_drift"/>

	<!-- ADM -->
	<AppIcon name="com.dv.adm/com.dv.get.Main" image="adm"/>

	<!-- BHIM -->
	<AppIcon name="in.org.npci.upiapp/in.org.npci.upiapp.HomeActivity" image="bhim"/>

	<!-- BOI Mobile -->
	<AppIcon name="com.boi.ua.android/com.boi.ua.MainActivity" image="boi_mobile"/>

	<!-- Calculator -->
	<AppIcon name="com.coloros.calculator/com.android.calculator2.Calculator" image="calculator"/>

	<!-- Camera -->
	<AppIcon name="com.oplus.camera/com.oplus.camera.Camera" image="camera"/>

	<!-- Canara ai1 -->
	<AppIcon name="com.canarabank.mobility/com.canarabank.mobility.MainActivity" image="canara_ai1"/>

	<!-- Chalo -->
	<AppIcon name="app.zophop/app.zophop.ui.activities.SplashScreen" image="chalo"/>

	<!-- Clock -->
	<AppIcon name="com.coloros.alarmclock/com.oplus.alarmclock.AlarmClock" image="clock"/>

	<!-- Clone Phone -->
	<AppIcon name="com.coloros.backuprestore/com.oplus.phoneclone.PhoneCloneMainActivity" image="clone_phone"/>

	<!-- Compass -->
	<AppIcon name="com.coloros.compass2/com.coloros.compass.flat.FlatCompass" image="compass"/>

	<!-- Coursera -->
	<AppIcon name="org.coursera.android/org.coursera.android.MainActivity" image="coursera"/>

	<!-- DATA WING -->
	<AppIcon name="com.DanVogt.DATAWING/com.unity3d.player.UnityPlayerActivity" image="data_wing"/>

	<!-- Discord -->
	<AppIcon name="com.discord/com.discord.main.MainDefault" image="discord"/>

	<!-- DocVault -->
	<AppIcon name="com.os.docvault/com.coloros.oppodocvault.views.ftu.ui.FTUWelcomeActivity" image="docvault"/>

	<!-- edX -->
	<AppIcon name="org.edx.mobile/org.edx.mobile.view.SplashActivity" image="edx"/>

	<!-- FM Radio -->
	<AppIcon name="com.caf.fmradio/com.caf.fmradio.FMRadio" image="fm_radio"/>

	<!-- HeyTap Cloud -->
	<AppIcon name="com.heytap.cloud/com.heytap.cloud.home.ui.CloudLauncherActivity" image="heytap_cloud"/>

	<!-- Music -->
	<AppIcon name="com.heytap.music/com.allsaints.music.ui.splash.SplashActivity" image="music"/>

	<!-- My Files -->
	<AppIcon name="com.coloros.filemanager/com.oplus.filemanager.main.ui.MainActivity" image="my_files"/>

	<!-- My OPPO -->
	<AppIcon name="com.oplus.vip/com.platform.usercenter.vip.UCVIPMainActivity" image="my_oppo"/>

	<!-- NFS Most Wanted -->
	<AppIcon name="com.ea.games.nfs13_row/com.ea.ironmonkey.GameActivity" image="nfs_most_wanted"/>

	<!-- OpenBooksDownloader -->
	<AppIcon name="com.nima.openbooksdownloader/com.nima.openbooksdownloader.MainActivity" image="openbooksdownloader"/>

	<!-- Paytm -->
	<AppIcon name="net.one97.paytm/net.one97.paytm.landingpage.activity.AJRMainActivity" image="paytm"/>

	<!-- Phone Manager -->
	<AppIcon name="com.coloros.phonemanager/com.coloros.phonemanager.FakeActivity" image="phone_manager"/>

	<!-- Photos -->
	<AppIcon name="com.coloros.gallery3d/com.coloros.gallery3d.app.MainActivity" image="photos"/>

	<!-- Rapido -->
	<AppIcon name="com.rapido.passenger/com.rapido.passenger.DefaultAlias" image="rapido"/>

	<!-- ReadEra -->
	<AppIcon name="org.readera/com.readera.MainActivity" image="readera"/>

	<!-- Recorder -->
	<AppIcon name="com.coloros.soundrecorder/com.soundrecorder.browsefile.BrowseFile" image="recorder"/>

	<!-- Rewards -->
	<AppIcon name="com.google.android.apps.paidtasks/com.google.android.apps.paidtasks.activity.LaunchActivity" image="rewards"/>

	<!-- SIM 2 Toolkit -->
	<AppIcon name="com.android.stk/com.android.stk.OplusStkLauncherActivity2" image="sim_2_toolkit"/>

	<!-- Spotube -->
	<AppIcon name="oss.krtirtho.spotube/com.ryanheise.audioservice.AudioServiceActivity" image="spotube"/>

	<!-- Swayam -->
	<AppIcon name="in.gov.swayam.app/in.gov.swayam.app.MainActivity" image="swayam"/>

	<!-- Theme Store -->
	<AppIcon name="com.heytap.themestore/com.nearme.themespace.activities.ThemeActivity" image="theme_store"/>

	<!-- Unsplash -->
	<AppIcon name="com.aqteam.photofree/com.aqteam.photofree.MainActivity" image="unsplash"/>

	<!-- Vi App -->
	<AppIcon name="com.mventus.selfcare.activity/com.mventus.selfcare.activity.MainActivityic_launcher" image="vi_app"/>

	<!-- Video Compressor -->
	<AppIcon name="com.idea.videocompress/com.idea.videocompress.MainActivity" image="video_compressor"/>

	<!-- Videos -->
	<AppIcon name="com.coloros.video/com.oplus.video.ui.VideoListActivity" image="videos"/>

	<!-- Z-Lib -->
	<AppIcon name="com.positron_it.zlib/com.positron_it.zlib.ui.splash.SplashActivity" image="z_lib"/>

</Theme>