<resources>

	<!-- تواصل -->
	<item component="ComponentInfo{com.tawasul.messenger/com.tawasul.ui.LaunchActivity}" drawable="تواصل" />

	<!-- جزيرة ياس -->
	<item component="ComponentInfo{com.yas.app/com.yas.app.MainActivity}" drawable="جزيرة_ياس" />

	<!-- دبي الآن -->
	<item component="ComponentInfo{com.deg.mdubai/ae.gov.dsg.mdubai.login.SplashScreenActivity}" drawable="دبي_الآن" />

	<!-- دناتا للسفريات -->
	<item component="ComponentInfo{com.dnatatravel.dnatatravel/uk.co.travelrepublic.travelrepublic.ui.activity.SplashScreen}" drawable="دناتا_للسفريات" />

	<!-- دومينوز بيتزا -->
	<item component="ComponentInfo{com.dominos.international/com.dominos.international.MainActivity}" drawable="دومينوز_بيتزا" />

	<!-- ذبائح الإمارات -->
	<item component="ComponentInfo{com.dhabayeh/com.dhabayeh.MainActivity}" drawable="ذبائح_الإمارات" />

	<!-- رحلات -->
	<item component="ComponentInfo{com.app.rehlat/com.app.rehlat.SplashActivity}" drawable="رحلات" />

	<!-- سيرفر SMB -->
	<item component="ComponentInfo{alsultan.smbserver.pro/crc649b79d16d6d76b87c.f}" drawable="سيرفر_smb" />

	<!-- شرف ديجي -->
	<item component="ComponentInfo{com.norq.shopex.sharaf/com.norq.shopex.sharaf.Splash}" drawable="شرف_ديجي" />

	<!-- شكراً -->
	<item component="ComponentInfo{com.landmarkgroup.shukran/com.landmarkgroup.shukran.modules.onboarding.activity.SplashActivity}" drawable="شكراً" />

	<!-- طازج -->
	<item component="ComponentInfo{com.intixdwc.adc.customer/com.example.tazij.MainActivity}" drawable="طازج" />

	<!-- عطارة دوت كوم -->
	<item component="ComponentInfo{com.salla.etaracom/com.salla.features.mainActivity.MainActivity}" drawable="عطارة_دوت_كوم" />

	<!-- Visa Explore -->
	<item component="ComponentInfo{com.visa.asiapacific/com.visa.asiapacific.splash.SplashActivity}" drawable="visa_explore" />

	<!-- ڤانيلا -->
	<item component="ComponentInfo{com.vanilia.vanilia/com.vanilia.vanilia.MainActivity}" drawable="ڤانيلا" />

	<!-- قارئ جرير -->
	<item component="ComponentInfo{com.jarir.reader/co.yaqut.app.LoadingActivity}" drawable="قارئ_جرير" />

	<!-- Gireeb -->
	<item component="ComponentInfo{ae.nseats.eats97/ae.nseats.eats97.ui.splash.SplashActivity}" drawable="gireeb" />

	<!-- Visit Dubai -->
	<item component="ComponentInfo{com.dtcm.dubaitourism/com.dtcm.dubaitourism.SplashActivity}" drawable="visit_dubai" />

	<!-- Cartlow -->
	<item component="ComponentInfo{com.cartlow.android/com.cartlow.android.v2.ui.activities.SplashActivity}" drawable="cartlow" />

	<!-- Club Apparel -->
	<item component="ComponentInfo{com.appemirates.clubapparel/com.appemirates.clubapparel.ui.login.SplashActivity}" drawable="club_apparel" />

	<!-- Comera -->
	<item component="ComponentInfo{com.is.core.app/com.app.comera.ui.splash.SplashActivity}" drawable="comera" />

	<!-- Level Shoes -->
	<item component="ComponentInfo{com.levelshoes/com.idslogic.levelshoes.ui.splash.SplashActivity}" drawable="level_shoes" />

	<!-- Microless -->
	<item component="ComponentInfo{com.itplus.microless/com.itplus.microless.ui.splash.SplashActivity}" drawable="microless" />

	<!-- AppGallery -->
	<item component="ComponentInfo{com.huawei.appmarket/com.huawei.appmarket.MainActivity}" drawable="appgallery" />

	<!-- Wego Flights & Hotels -->
	<item component="ComponentInfo{com.wego.android/com.wego.android.homebase.features.homescreen.HomeScreenBaseActivity}" drawable="wego_flights_and_hotels" />

	<!-- Mstaml & New -->
	<item component="ComponentInfo{com.mstaml.App/com.mstaml.App.MainActivity}" drawable="mstaml_and_new" />

	<!-- معجم القوافي -->
	<item component="ComponentInfo{com.oubaadi.moejamlkawafi/com.oubaadi.moejamlkawafi.SplashScreen}" drawable="معجم_القوافي" />

	<!-- معجم المرادفات والأضداد -->
	<item component="ComponentInfo{com.almaany.tadad/com.almaany.tadad.MainActivity}" drawable="معجم_المرادفات_والأضداد" />

	<!-- نبض -->
	<item component="ComponentInfo{com.waveline.nabd/com.waveline.nabd.StartActivity}" drawable="نبض" />

	<!-- Numero -->
	<item component="ComponentInfo{com.esim.numero/org.linphone.LinphoneLauncherActivity}" drawable="numero" />

	<!-- Wikibolics -->
	<item component="ComponentInfo{com.imedia_adv.wikibolics/com.imedia_adv.wikibolics.activities.FlashActivity}" drawable="wikibolics" />

	<!-- ActiveFitnessStore -->
	<item component="ComponentInfo{com.activefitnessstore.app/com.activefitnessstore.app.MainActivity}" drawable="activefitnessstore" />

	<!-- AdBlock for Samsung Internet -->
	<item component="ComponentInfo{com.betafish.adblocksbrowser/org.adblockplus.adblockplussbrowser.app.ui.LauncherActivity}" drawable="adblock_for_samsung_internet" />

	<!-- ADCB | Nomo -->
	<item component="ComponentInfo{com.adcb.bank.app/com.nomo.bank.app.SplashActivity}" drawable="adcb_nomo" />

	<!-- ADCB MoneyBuddy -->
	<item component="ComponentInfo{com.adcbmobile.pfm/com.adcbmobile.pfm.activities.SplashScreenActivity}" drawable="adcb_moneybuddy" />

	<!-- ADCBOffers -->
	<item component="ComponentInfo{com.ADCBApp.ADCBOffers/com.ADCBApp.ADCBOffers.OffersDirectory}" drawable="adcboffers" />

	<!-- AdGuard -->
	<item component="ComponentInfo{com.adguard.android/com.adguard.android.ui.activity.SplashActivity}" drawable="adguard" />

	<!-- ADM -->
	<item component="ComponentInfo{com.dv.adm/com.dv.get.Main}" drawable="adm" />

	<!-- Acrobat Sign -->
	<item component="ComponentInfo{com.adobe.echosign/com.adobe.echosign.ui.ASLauncherActivity}" drawable="acrobat_sign" />

	<!-- Adobe Express -->
	<item component="ComponentInfo{com.adobe.spark.post/com.adobe.spark.view.main.SplashActivity}" drawable="adobe_express" />

	<!-- Adobe Fill & Sign -->
	<item component="ComponentInfo{com.adobe.fas/com.adobe.fas.Home.FillAndSign}" drawable="adobe_fill_and_sign" />

	<!-- Adobe Photoshop Express -->
	<item component="ComponentInfo{com.adobe.psmobile/com.adobe.psmobile.SplashScreen}" drawable="adobe_photoshop_express" />

	<!-- Adobe Photoshop Fix -->
	<item component="ComponentInfo{com.adobe.adobephotoshopfix/com.adobe.adobephotoshopfix.FCSplashScreenActivity}" drawable="adobe_photoshop_fix" />

	<!-- Adobe Photoshop Mix -->
	<item component="ComponentInfo{com.adobe.photoshopmix/com.adobe.photoshopmix.SplashScreenActivity}" drawable="adobe_photoshop_mix" />

	<!-- AfterFocus Pro -->
	<item component="ComponentInfo{com.motionone.afterfocus_pro/com.motionone.afterfocus.TitleActivity}" drawable="afterfocus_pro" />

	<!-- AfterShip -->
	<item component="ComponentInfo{com.aftership.AfterShip/com.aftership.shopper.views.splash.SplashActivity}" drawable="aftership" />

	<!-- Agoda -->
	<item component="ComponentInfo{com.agoda.mobile.consumer/com.agoda.mobile.consumer.screens.splash.AppLauncherActivity}" drawable="agoda" />

	<!-- AI Marvels -->
	<item component="ComponentInfo{com.hitpaw.photo.enhancer/com.hitpaw.photo.enhancer.WelcomeActivity}" drawable="ai_marvels" />

	<!-- AI Photo Enhancer -->
	<item component="ComponentInfo{ai.photo.enhancer.photoclear/ai.photo.enhancer.photoclear.pages.a_splash.LauncherActivity}" drawable="ai_photo_enhancer" />

	<!-- AI Photo Enhancer -->
	<item component="ComponentInfo{mobi.zeezoo.photoenhancer/mobi.zeezoo.photoenhancer.ui.splash.SplashActivity}" drawable="ai_photo_enhancer" />

	<!-- AiCloud -->
	<item component="ComponentInfo{com.asustek.aicloud/com.asustek.aicloud.Activity_Init}" drawable="aicloud" />

</resources>