<appmap>

	<!-- تواصل -->
	<item class="com.tawasul.ui.LaunchActivity" name="تواصل"/>

	<!-- جزيرة ياس -->
	<item class="com.yas.app.MainActivity" name="جزيرة_ياس"/>

	<!-- دبي الآن -->
	<item class="ae.gov.dsg.mdubai.login.SplashScreenActivity" name="دبي_الآن"/>

	<!-- دناتا للسفريات -->
	<item class="uk.co.travelrepublic.travelrepublic.ui.activity.SplashScreen" name="دناتا_للسفريات"/>

	<!-- دومينوز بيتزا -->
	<item class="com.dominos.international.MainActivity" name="دومينوز_بيتزا"/>

	<!-- ذبائح الإمارات -->
	<item class="com.dhabayeh.MainActivity" name="ذبائح_الإمارات"/>

	<!-- رحلات -->
	<item class="com.app.rehlat.SplashActivity" name="رحلات"/>

	<!-- سيرفر SMB -->
	<item class="crc649b79d16d6d76b87c.f" name="سيرفر_smb"/>

	<!-- شرف ديجي -->
	<item class="com.norq.shopex.sharaf.Splash" name="شرف_ديجي"/>

	<!-- شكراً -->
	<item class="com.landmarkgroup.shukran.modules.onboarding.activity.SplashActivity" name="شكراً"/>

	<!-- طازج -->
	<item class="com.example.tazij.MainActivity" name="طازج"/>

	<!-- عطارة دوت كوم -->
	<item class="com.salla.features.mainActivity.MainActivity" name="عطارة_دوت_كوم"/>

	<!-- Visa Explore -->
	<item class="com.visa.asiapacific.splash.SplashActivity" name="visa_explore"/>

	<!-- ڤانيلا -->
	<item class="com.vanilia.vanilia.MainActivity" name="ڤانيلا"/>

	<!-- قارئ جرير -->
	<item class="co.yaqut.app.LoadingActivity" name="قارئ_جرير"/>

	<!-- Gireeb -->
	<item class="ae.nseats.eats97.ui.splash.SplashActivity" name="gireeb"/>

	<!-- Visit Dubai -->
	<item class="com.dtcm.dubaitourism.SplashActivity" name="visit_dubai"/>

	<!-- Cartlow -->
	<item class="com.cartlow.android.v2.ui.activities.SplashActivity" name="cartlow"/>

	<!-- Club Apparel -->
	<item class="com.appemirates.clubapparel.ui.login.SplashActivity" name="club_apparel"/>

	<!-- Comera -->
	<item class="com.app.comera.ui.splash.SplashActivity" name="comera"/>

	<!-- Level Shoes -->
	<item class="com.idslogic.levelshoes.ui.splash.SplashActivity" name="level_shoes"/>

	<!-- Microless -->
	<item class="com.itplus.microless.ui.splash.SplashActivity" name="microless"/>

	<!-- AppGallery -->
	<item class="com.huawei.appmarket.MainActivity" name="appgallery"/>

	<!-- Wego Flights & Hotels -->
	<item class="com.wego.android.homebase.features.homescreen.HomeScreenBaseActivity" name="wego_flights_and_hotels"/>

	<!-- Mstaml & New -->
	<item class="com.mstaml.App.MainActivity" name="mstaml_and_new"/>

	<!-- معجم القوافي -->
	<item class="com.oubaadi.moejamlkawafi.SplashScreen" name="معجم_القوافي"/>

	<!-- معجم المرادفات والأضداد -->
	<item class="com.almaany.tadad.MainActivity" name="معجم_المرادفات_والأضداد"/>

	<!-- نبض -->
	<item class="com.waveline.nabd.StartActivity" name="نبض"/>

	<!-- Numero -->
	<item class="org.linphone.LinphoneLauncherActivity" name="numero"/>

	<!-- Wikibolics -->
	<item class="com.imedia_adv.wikibolics.activities.FlashActivity" name="wikibolics"/>

	<!-- ActiveFitnessStore -->
	<item class="com.activefitnessstore.app.MainActivity" name="activefitnessstore"/>

	<!-- AdBlock for Samsung Internet -->
	<item class="org.adblockplus.adblockplussbrowser.app.ui.LauncherActivity" name="adblock_for_samsung_internet"/>

	<!-- ADCB | Nomo -->
	<item class="com.nomo.bank.app.SplashActivity" name="adcb_nomo"/>

	<!-- ADCB MoneyBuddy -->
	<item class="com.adcbmobile.pfm.activities.SplashScreenActivity" name="adcb_moneybuddy"/>

	<!-- ADCBOffers -->
	<item class="com.ADCBApp.ADCBOffers.OffersDirectory" name="adcboffers"/>

	<!-- AdGuard -->
	<item class="com.adguard.android.ui.activity.SplashActivity" name="adguard"/>

	<!-- ADM -->
	<item class="com.dv.get.Main" name="adm"/>

	<!-- Acrobat Sign -->
	<item class="com.adobe.echosign.ui.ASLauncherActivity" name="acrobat_sign"/>

	<!-- Adobe Express -->
	<item class="com.adobe.spark.view.main.SplashActivity" name="adobe_express"/>

	<!-- Adobe Fill & Sign -->
	<item class="com.adobe.fas.Home.FillAndSign" name="adobe_fill_and_sign"/>

	<!-- Adobe Photoshop Express -->
	<item class="com.adobe.psmobile.SplashScreen" name="adobe_photoshop_express"/>

	<!-- Adobe Photoshop Fix -->
	<item class="com.adobe.adobephotoshopfix.FCSplashScreenActivity" name="adobe_photoshop_fix"/>

	<!-- Adobe Photoshop Mix -->
	<item class="com.adobe.photoshopmix.SplashScreenActivity" name="adobe_photoshop_mix"/>

	<!-- AfterFocus Pro -->
	<item class="com.motionone.afterfocus.TitleActivity" name="afterfocus_pro"/>

	<!-- AfterShip -->
	<item class="com.aftership.shopper.views.splash.SplashActivity" name="aftership"/>

	<!-- Agoda -->
	<item class="com.agoda.mobile.consumer.screens.splash.AppLauncherActivity" name="agoda"/>

	<!-- AI Marvels -->
	<item class="com.hitpaw.photo.enhancer.WelcomeActivity" name="ai_marvels"/>

	<!-- AI Photo Enhancer -->
	<item class="ai.photo.enhancer.photoclear.pages.a_splash.LauncherActivity" name="ai_photo_enhancer"/>

	<!-- AI Photo Enhancer -->
	<item class="mobi.zeezoo.photoenhancer.ui.splash.SplashActivity" name="ai_photo_enhancer"/>

	<!-- AiCloud -->
	<item class="com.asustek.aicloud.Activity_Init" name="aicloud"/>

</appmap>