<resources>

	<!-- Automate -->
	<item component="ComponentInfo{com.llamalab.automate/com.llamalab.automate.FlowListActivity}" drawable="automate" />

	<!-- Creative Cloud -->
	<item component="ComponentInfo{com.adobe.cc/com.adobe.cc.SplashScreen}" drawable="creative_cloud" />

	<!-- Dasher -->
	<item component="ComponentInfo{com.doordash.driverapp/com.doordash.driverapp.ui.login.LauncherActivity}" drawable="dasher" />

	<!-- Edge Canary -->
	<item component="ComponentInfo{com.microsoft.emmx.canary/com.microsoft.ruby.Main}" drawable="edge_canary" />

	<!-- Hulu -->
	<item component="ComponentInfo{com.hulu.plus/com.hulu.features.splash.SplashActivity}" drawable="hulu" />

	<!-- Life360 -->
	<item component="ComponentInfo{com.life360.android.safetymapd/com.life360.koko.root.RootActivity}" drawable="life360" />

	<!-- Spike -->
	<item component="ComponentInfo{com.pingapp.app/com.pingapp.app.SpikeActivity}" drawable="spike" />

	<!-- TouchTask -->
	<item component="ComponentInfo{com.balda.touchtask/com.balda.touchtask.ui.MainActivity}" drawable="touchtask" />

	<!-- Valley Metro -->
	<item component="ComponentInfo{org.valleymetro.app/org.valleymetro.app.PhoenixActivity}" drawable="valley_metro" />

	<!-- Visual Voicemail -->
	<item component="ComponentInfo{com.tmobile.vvm.application/com.tmobile.vvm.application.activity.setup.WelcomeActivity}" drawable="visual_voicemail" />

</resources>