<Theme version="1">

	<!-- Automate -->
	<AppIcon name="com.llamalab.automate/com.llamalab.automate.FlowListActivity" image="automate"/>

	<!-- Creative Cloud -->
	<AppIcon name="com.adobe.cc/com.adobe.cc.SplashScreen" image="creative_cloud"/>

	<!-- Dasher -->
	<AppIcon name="com.doordash.driverapp/com.doordash.driverapp.ui.login.LauncherActivity" image="dasher"/>

	<!-- Edge Canary -->
	<AppIcon name="com.microsoft.emmx.canary/com.microsoft.ruby.Main" image="edge_canary"/>

	<!-- Hulu -->
	<AppIcon name="com.hulu.plus/com.hulu.features.splash.SplashActivity" image="hulu"/>

	<!-- Life360 -->
	<AppIcon name="com.life360.android.safetymapd/com.life360.koko.root.RootActivity" image="life360"/>

	<!-- Spike -->
	<AppIcon name="com.pingapp.app/com.pingapp.app.SpikeActivity" image="spike"/>

	<!-- TouchTask -->
	<AppIcon name="com.balda.touchtask/com.balda.touchtask.ui.MainActivity" image="touchtask"/>

	<!-- Valley Metro -->
	<AppIcon name="org.valleymetro.app/org.valleymetro.app.PhoenixActivity" image="valley_metro"/>

	<!-- Visual Voicemail -->
	<AppIcon name="com.tmobile.vvm.application/com.tmobile.vvm.application.activity.setup.WelcomeActivity" image="visual_voicemail"/>

</Theme>