<resources>

	<!-- AnTuTu 3DBench Lite -->
	<item component="ComponentInfo{com.antutu.benchmark.full.lite/com.android.module.graphics.app.MainActivity}" drawable="antutu_3dbench_lite" />

	<!-- AnTuTu Benchmark -->
	<item component="ComponentInfo{com.antutu.ABenchMark/com.android.module.app.ui.start.ABenchMarkStart}" drawable="antutu_benchmark" />

	<!-- AudioFX -->
	<item component="ComponentInfo{org.lineageos.audiofx/org.lineageos.audiofx.activity.ActivityMusic}" drawable="audiofx" />

	<!-- Cherrygram -->
	<item component="ComponentInfo{uz.unnarsx.cherrygram/uz.unnarsx.cherrygram.CG_Icon_Sunrise}" drawable="cherrygram" />

	<!-- DevCheck -->
	<item component="ComponentInfo{flar2.devcheck/flar2.devcheck.MainActivity}" drawable="devcheck" />

	<!-- FMWhatsApp -->
	<item component="ComponentInfo{com.fmwhatsapp/com.fmwhatsapp.Icon0}" drawable="fmwhatsapp" />

	<!-- KernelSU -->
	<item component="ComponentInfo{me.weishu.kernelsu/me.weishu.kernelsu.ui.MainActivity}" drawable="kernelsu" />

	<!-- Mobile Legends: Bang Bang -->
	<item component="ComponentInfo{com.mobile.legends/com.moba.unityplugin.MobaGameMainActivityWithExtractor}" drawable="mobile_legends_bang_bang" />

	<!-- Nagram -->
	<item component="ComponentInfo{xyz.nextalone.nagram/org.telegram.messenger.DefaultIcon}" drawable="nagram" />

	<!-- TikTok -->
	<item component="ComponentInfo{com.ss.android.ugc.trill/com.ss.android.ugc.aweme.splash.SplashActivity}" drawable="tiktok" />

	<!-- Tokopedia -->
	<item component="ComponentInfo{com.tokopedia.tkpd/com.tokopedia.tkpd.ConsumerSplashScreen}" drawable="tokopedia" />

	<!-- YMusic -->
	<item component="ComponentInfo{com.kapp.youtube.final/com.kapp.youtube.ui.MainActivity}" drawable="ymusic" />

</resources>