<appmap>

	<!-- AnTuTu 3DBench Lite -->
	<item class="com.android.module.graphics.app.MainActivity" name="antutu_3dbench_lite"/>

	<!-- AnTuTu Benchmark -->
	<item class="com.android.module.app.ui.start.ABenchMarkStart" name="antutu_benchmark"/>

	<!-- AudioFX -->
	<item class="org.lineageos.audiofx.activity.ActivityMusic" name="audiofx"/>

	<!-- Cherrygram -->
	<item class="uz.unnarsx.cherrygram.CG_Icon_Sunrise" name="cherrygram"/>

	<!-- DevCheck -->
	<item class="flar2.devcheck.MainActivity" name="devcheck"/>

	<!-- FMWhatsApp -->
	<item class="com.fmwhatsapp.Icon0" name="fmwhatsapp"/>

	<!-- KernelSU -->
	<item class="me.weishu.kernelsu.ui.MainActivity" name="kernelsu"/>

	<!-- Mobile Legends: Bang Bang -->
	<item class="com.moba.unityplugin.MobaGameMainActivityWithExtractor" name="mobile_legends_bang_bang"/>

	<!-- Nagram -->
	<item class="org.telegram.messenger.DefaultIcon" name="nagram"/>

	<!-- TikTok -->
	<item class="com.ss.android.ugc.aweme.splash.SplashActivity" name="tiktok"/>

	<!-- Tokopedia -->
	<item class="com.tokopedia.tkpd.ConsumerSplashScreen" name="tokopedia"/>

	<!-- YMusic -->
	<item class="com.kapp.youtube.ui.MainActivity" name="ymusic"/>

</appmap>