<Theme version="1">

	<!-- AnTuTu 3DBench Lite -->
	<AppIcon name="com.antutu.benchmark.full.lite/com.android.module.graphics.app.MainActivity" image="antutu_3dbench_lite"/>

	<!-- AnTuTu Benchmark -->
	<AppIcon name="com.antutu.ABenchMark/com.android.module.app.ui.start.ABenchMarkStart" image="antutu_benchmark"/>

	<!-- AudioFX -->
	<AppIcon name="org.lineageos.audiofx/org.lineageos.audiofx.activity.ActivityMusic" image="audiofx"/>

	<!-- Cherrygram -->
	<AppIcon name="uz.unnarsx.cherrygram/uz.unnarsx.cherrygram.CG_Icon_Sunrise" image="cherrygram"/>

	<!-- DevCheck -->
	<AppIcon name="flar2.devcheck/flar2.devcheck.MainActivity" image="devcheck"/>

	<!-- FMWhatsApp -->
	<AppIcon name="com.fmwhatsapp/com.fmwhatsapp.Icon0" image="fmwhatsapp"/>

	<!-- KernelSU -->
	<AppIcon name="me.weishu.kernelsu/me.weishu.kernelsu.ui.MainActivity" image="kernelsu"/>

	<!-- Mobile Legends: Bang Bang -->
	<AppIcon name="com.mobile.legends/com.moba.unityplugin.MobaGameMainActivityWithExtractor" image="mobile_legends_bang_bang"/>

	<!-- Nagram -->
	<AppIcon name="xyz.nextalone.nagram/org.telegram.messenger.DefaultIcon" image="nagram"/>

	<!-- TikTok -->
	<AppIcon name="com.ss.android.ugc.trill/com.ss.android.ugc.aweme.splash.SplashActivity" image="tiktok"/>

	<!-- Tokopedia -->
	<AppIcon name="com.tokopedia.tkpd/com.tokopedia.tkpd.ConsumerSplashScreen" image="tokopedia"/>

	<!-- YMusic -->
	<AppIcon name="com.kapp.youtube.final/com.kapp.youtube.ui.MainActivity" image="ymusic"/>

</Theme>