<Theme version="1">

	<!-- Ambient Music Mod -->
	<AppIcon name="com.kieronquinn.app.ambientmusicmod/com.kieronquinn.app.ambientmusicmod.ui.activities.MainActivity" image="ambient_music_mod"/>

	<!-- BTC Map -->
	<AppIcon name="org.btcmap/activity.Activity" image="btc_map"/>

	<!-- Buran -->
	<AppIcon name="corewala.gemini.buran/corewala.buran.ui.GemActivity" image="buran"/>
	
	<!-- Calyx VPN -->
	<AppIcon name="org.calyxinstitute.vpn/se.leap.bitmaskclient.base.StartActivity" image="calyx_vpn"/>

	<!-- Camera -->
	<AppIcon name="org.lineageos.aperture.dev/org.lineageos.aperture.CameraLauncher" image="lineageos_camera"/>

	<!-- chat -->
	<AppIcon name="de.monocles.chat/de.monocles.chat.ui.StartUI" image="chat"/>

	<!-- Cromite -->
	<AppIcon name="org.cromite.cromite/com.google.android.apps.chrome.Main" image="cromite"/>

	<!-- DetoxDroid -->
	<AppIcon name="com.flx_apps.digitaldetox/com.flx_apps.digitaldetox.MainActivity" image="detoxdroid"/>

	<!-- DNS Manager -->
	<AppIcon name="com.f0x1d.dnsmanager/com.f0x1d.dnsmanager.ui.activity.MainActivity" image="dns_manager"/>

	<!-- DSU Sideloader -->
	<AppIcon name="vegabobo.dsusideloader/vegabobo.dsusideloader.MainActivity" image="dsu_sideloader"/>

	<!-- EasyWay -->
	<AppIcon name="com.eway/com.eway.android.activity.MainActivity" image="easyway"/>

	<!-- FM Radio -->
	<AppIcon name="com.caf.fmradio/com.caf.fmradio.FMRadio" image="fm_radio"/>

	<!-- FREE Browser -->
	<AppIcon name="org.woheller69.browser/de.baumann.browser.activity.BrowserActivity" image="free_browser"/>

	<!-- FreeDCam -->
	<AppIcon name="troop.com.freedcam/freed.cam.ActivityFreeDcamMain" image="freedcam"/>

	<!-- FreeDCam Viewer -->
	<AppIcon name="troop.com.freedcam/freed.viewer.ActivityFreeDviewer" image="freedcam_viewer"/>

	<!-- FUTO Voice Input -->
	<AppIcon name="org.futo.voiceinput/org.futo.voiceinput.settings.SettingsActivity" image="futo_voice_input"/>

	<!-- gptAssist -->
	<AppIcon name="org.woheller69.gptassist/org.woheller69.gptassist.MainActivity" image="gptassist"/>

	<!-- Grayjay -->
	<AppIcon name="com.futo.platformplayer/com.futo.platformplayer.activities.MainActivity" image="grayjay"/>

	<!-- InviZible Pro -->
	<AppIcon name="pan.alexander.tordnscrypt/pan.alexander.tordnscrypt.MainActivity" image="invizible_pro"/>

	<!-- Kitsune Mask -->
	<AppIcon name="io.github.huskydg.magisk/com.topjohnwu.magisk.ui.MainActivity" image="kitsune_mask"/>

	<!-- LMC8.4 -->
	<AppIcon name="org.codeaurora.qcamera3/com.android.camera.CameraLauncher" image="lmc84"/>

	<!-- Mercurygram -->
	<AppIcon name="it.belloworld.mercurygram/org.telegram.messenger.NoxIcon" image="mercurygram"/>

	<!-- Shizuku -->
	<AppIcon name="moe.shizuku.privileged.api/moe.shizuku.manager.MainActivity" image="shizuku"/>

	<!-- Terminal Emulator -->
	<AppIcon name="com.termoneplus/com.termoneplus.TermActivity" image="terminal_emulator"/>

	<!-- Trekarta -->
	<AppIcon name="mobi.maptrek/mobi.maptrek.MainActivity" image="trekarta"/>

	<!-- Tux Paint -->
	<AppIcon name="org.tuxpaint/org.tuxpaint.tuxpaintActivity" image="tux_paint"/>

</Theme>