<resources>

	<!-- 1Password -->
	<item component="ComponentInfo{com.onepassword.android/com.onepassword.android.app.StartActivity}" drawable="_1password" />

	<!-- Abel and Cole -->
	<item component="ComponentInfo{com.abelandcole.ACApple/com.abelandcole.acapple.MainActivity}" drawable="abel_and_cole" />

	<!-- Adblock Browser Beta -->
	<item component="ComponentInfo{org.adblockplus.browser.beta/com.google.android.apps.chrome.Main}" drawable="adblock_browser_beta" />

	<!-- AdGuard -->
	<item component="ComponentInfo{com.adguard.android/com.adguard.android.ui.activity.SplashActivity}" drawable="adguard" />

	<!-- AdGuard Content Blocker -->
	<item component="ComponentInfo{com.adguard.android.contentblocker/com.adguard.android.contentblocker.ui.MainActivity}" drawable="adguard_content_blocker" />

	<!-- AdGuard VPN -->
	<item component="ComponentInfo{com.adguard.vpn/com.adguard.vpn.ui.routing_activity.SplashActivity}" drawable="adguard_vpn" />

	<!-- Adobe Fill & Sign -->
	<item component="ComponentInfo{com.adobe.fas/com.adobe.fas.Home.FillAndSign}" drawable="adobe_fill_and_sign" />

	<!-- Adzuna -->
	<item component="ComponentInfo{com.adzuna/com.adzuna.splash.SplashActivity}" drawable="adzuna" />

	<!-- Air Fryer Recipes -->
	<item component="ComponentInfo{com.alphazstudio.airfryerrecipes/com.alphazstudio.airfryerrecipes.MainActivity}" drawable="air_fryer_recipes" />

	<!-- Airtime Rewards -->
	<item component="ComponentInfo{com.karrot/com.karrot.SplashActivity}" drawable="airtime_rewards" />

	<!-- ALDI UK -->
	<item component="ComponentInfo{de.apptiv.business.android.aldi_uk/de.apptiv.business.android.aldi_uk.ui.activity.SplashActivity}" drawable="aldi_uk" />

	<!-- Android Hidden Settings -->
	<item component="ComponentInfo{com.arumcomm.settingsshortcut/com.common.ad.cmp.CmpMainActivity}" drawable="android_hidden_settings" />

	<!-- AO -->
	<item component="ComponentInfo{com.ao.myao/com.ao.myao.activities.LaunchActivity}" drawable="ao" />

	<!-- Apcoa Connect -->
	<item component="ComponentInfo{com.apcoaconnect/com.apcoaconnect.MainActivity}" drawable="apcoa_connect" />

	<!-- Apkdone Installer -->
	<item component="ComponentInfo{com.apkdone.sai/com.apkdone.sai.ui.activities.MainActivity}" drawable="apkdone_installer" />

	<!-- App Lock -->
	<item component="ComponentInfo{applock.lockapps.fingerprint.password.lockit/applock.lockapps.fingerprint.password.lockit.activity.SplashActivity}" drawable="app_lock" />

	<!-- App vault -->
	<item component="ComponentInfo{com.mi.android.globalminusscreen/com.mi.android.globalminusscreen.tab.MainActivity_icon_31}" drawable="app_vault" />

	<!-- AppBlock -->
	<item component="ComponentInfo{cz.mobilesoft.appblock/cz.mobilesoft.appblock.MainActivity}" drawable="appblock" />

	<!-- AppGallery -->
	<item component="ComponentInfo{com.huawei.appmarket/com.huawei.appmarket.MainActivity}" drawable="appgallery" />

	<!-- Aptoide -->
	<item component="ComponentInfo{cm.aptoide.pt/cm.aptoide.pt.view.MainActivity}" drawable="aptoide" />

	<!-- Argos -->
	<item component="ComponentInfo{com.homeretailgroup.argos.android/com.homeretailgroup.argos.android.splash.SplashActivity_Default}" drawable="argos" />

	<!-- Asda Rewards -->
	<item component="ComponentInfo{com.asda.rewards/com.asda.rewards.MainActivity}" drawable="asda_rewards" />

	<!-- ASOS -->
	<item component="ComponentInfo{com.asos.app/com.asos.app.ui.activities.ConfigActivity}" drawable="asos" />

	<!-- Audio Switch -->
	<item component="ComponentInfo{com.ravitechno.audioswitch.disableheadphone.musicoutputchanger/com.ravitechno.audioswitch.disableheadphone.musicoutputchanger.Activity.SplashActivity}" drawable="audio_switch" />

	<!-- Auto parts. Automotive technologies -->
	<item component="ComponentInfo{com.soft24hours.dictionaries.dictionary27/com.medicalgroupsoft.medical.app.ui.splashscreen.FirstPrepare}" drawable="auto_parts_automotive_technologies" />

	<!-- Auto Trader -->
	<item component="ComponentInfo{uk.co.autotrader.androidconsumersearch/uk.co.autotrader.androidconsumersearch.ui.activity.LauncherActivity}" drawable="auto_trader" />

	<!-- AutoDoc -->
	<item component="ComponentInfo{de.autodoc.gmbh/de.autodoc.gmbh.ui.activity.SplashActivity}" drawable="autodoc" />

	<!-- Automobile Engineering Textbook -->
	<item component="ComponentInfo{com.monolit.carstructure/com.monolit.htmlbook.MainActivity}" drawable="automobile_engineering_textbook" />

	<!-- B&M Stores -->
	<item component="ComponentInfo{com.bmretail.bmstores/com.padoq.android.ui.splash.SplashActivity}" drawable="b_and_m_stores" />

	<!-- B&Q -->
	<item component="ComponentInfo{com.grapplemobile.bqclub/com.kingfisher.bbm.onboarding.ui.OnboardingActivity}" drawable="b_and_q" />

	<!-- Back Market -->
	<item component="ComponentInfo{com.backmarket/com.backmarket.Launcher}" drawable="back_market" />

	<!-- Battery 100% Alarm -->
	<item component="ComponentInfo{com.mobizone.battery100alarm/com.mobizone.battery100alarm.SplashScreen}" drawable="battery_100%_alarm" />

	<!-- Boom -->
	<item component="ComponentInfo{com.globaldelight.boom/com.globaldelight.boom.app.activities.SplashScreenActivity}" drawable="boom" />

	<!-- Boom System FX -->
	<item component="ComponentInfo{com.globaldelight.boom/com.globaldelight.systemfx.ui.SysFxMainActivity}" drawable="boom_system_fx" />

	<!-- Boots -->
	<item component="ComponentInfo{com.boots.flagship.android/com.boots.flagship.android.app.ui.AppStart}" drawable="boots" />

	<!-- Boxing News -->
	<item component="ComponentInfo{com.sportfusion.sports.boxing/com.newsfusion.SplashActivity}" drawable="boxing_news" />

	<!-- Brilliant -->
	<item component="ComponentInfo{org.brilliant.android/org.brilliant.android.ui.common.MainActivity}" drawable="brilliant" />

	<!-- Burger King -->
	<item component="ComponentInfo{com.emn8.mobilem8.nativeapp.bkuk/rbi.android.app.MainActivity}" drawable="burger_king" />

	<!-- Caffè Nero -->
	<item component="ComponentInfo{com.yoyowallet.caffenero/com.yoyowallet.yoyowallet.ui.activities.EntryActivity}" drawable="caffe_nero" />

	<!-- Call Recorder -->
	<item component="ComponentInfo{com.appstar.callrecorder/com.appstar.callrecorder.MainActivity}" drawable="call_recorder" />

	<!-- Calm -->
	<item component="ComponentInfo{com.calm.android/com.calm.android.ui.splash.SplashActivity}" drawable="calm" />

	<!-- Canvas Student -->
	<item component="ComponentInfo{com.instructure.candroid/com.instructure.student.activity.LoginActivity}" drawable="canvas_student" />

	<!-- Capital FM -->
	<item component="ComponentInfo{com.thisisglobal.player/com.thisisglobal.guacamole.main.views.SplashActivity}" drawable="capital_fm" />

	<!-- Car Engine Repair -->
	<item component="ComponentInfo{com.somostudio.carenginerepair/com.somostudio.carenginerepair.MainActivity}" drawable="car_engine_repair" />

	<!-- Car Guru -->
	<item component="ComponentInfo{com.ultimatecarquiz.quiz/com.ultimatecarquiz.quiz.MainActivity}" drawable="car_guru" />

	<!-- Car Scanner -->
	<item component="ComponentInfo{com.ovz.carscanner.huawei/carScannerXamarinForms.Droid.MainActivity}" drawable="car_scanner" />

	<!-- CarGurus -->
	<item component="ComponentInfo{com.cargurus.mobileApp/com.cargurus.mobileApp.MainActivity}" drawable="cargurus" />

	<!-- carVertical -->
	<item component="ComponentInfo{com.cvmobileapp/com.cvmobileapp.MainActivity}" drawable="carvertical" />

	<!-- Cazoo Wholesale -->
	<item component="ComponentInfo{com.cdauctiongroup.cdbuyer/crc649f8c3c8518d2c794.MainActivity}" drawable="cazoo_wholesale" />

	<!-- CeX -->
	<item component="ComponentInfo{com.cex.android/com.cex.android.view.activities.SplashActivity}" drawable="cex" />

	<!-- ChargePoint -->
	<item component="ComponentInfo{com.coulombtech/com.cp.ui.activity.launcher.LauncherActivity}" drawable="chargepoint" />

	<!-- ClearScore -->
	<item component="ComponentInfo{com.clearscore.mobile/com.clearscore.mobile.splash.presentation.SplashActivity}" drawable="clearscore" />

	<!-- Clipboard -->
	<item component="ComponentInfo{com.mason.ship.clipboard/com.mason.ship.clipboard.ui.activity.MainActivity}" drawable="clipboard" />

	<!-- ClipDrop -->
	<item component="ComponentInfo{app.arcopypaste/app.arcopypaste.MainActivity}" drawable="clipdrop" />

	<!-- Clock -->
	<item component="ComponentInfo{com.android.deskclock/com.android.deskclock.DeskClockTabActivity}" drawable="clock" />

	<!-- Co-op -->
	<item component="ComponentInfo{uk.co.coop.app/uk.co.coop.app.ui.screens.routing.RoutingActivity}" drawable="co_op" />

	<!-- ColorNote -->
	<item component="ComponentInfo{com.socialnmobile.dictapps.notepad.color.note/com.socialnmobile.colornote.activity.Main}" drawable="colornote" />

	<!-- Cookie Theme -->
	<item component="ComponentInfo{com.wowthemes.wowcookietheme.one/com.theme.launcher.SplashActivity}" drawable="cookie_theme" />

	<!-- Cotton Traders -->
	<item component="ComponentInfo{com.cottontradersltd.cottontraders/com.poqstudio.app.platform.presentation.splash.view.SplashActivity}" drawable="cotton_traders" />

	<!-- Crocs -->
	<item component="ComponentInfo{com.crocs.app/com.crocs.app.MainActivity}" drawable="crocs" />

	<!-- Curiosity Stream -->
	<item component="ComponentInfo{com.curiosity.curiositystream/com.curiosity.curiositystream.MainActivity}" drawable="curiosity_stream" />

	<!-- Curso de Mecánica -->
	<item component="ComponentInfo{com.innovapps.cursodemecanica/com.innovapps.cursodemecanica.MainActivity}" drawable="curso_de_mecanica" />

	<!-- CV-Library -->
	<item component="ComponentInfo{allthetopbananas.cvlibrary/allthetopbananas.cvlibrary.MainActivity}" drawable="cv_library" />

	<!-- Darkinator -->
	<item component="ComponentInfo{com.tfuerholzer.darkmodewallpaper/com.tfuerholzer.darkmodewallpaper.activities.MainActivity}" drawable="darkinator" />

	<!-- Debenhams -->
	<item component="ComponentInfo{com.debenhams.app/com.debenhams.app.MainActivity}" drawable="debenhams" />

	<!-- Depop -->
	<item component="ComponentInfo{com.depop/com.depop._v2.splash.app.SplashActivity}" drawable="depop" />

	<!-- Dictionary.com -->
	<item component="ComponentInfo{com.dictionary/com.dictionary.MainActivity}" drawable="dictionarycom" />

	<!-- Digital Wellbeing -->
	<item component="ComponentInfo{com.google.android.apps.wellbeing/com.google.android.apps.wellbeing.settings.LauncherActivity}" drawable="digital_wellbeing" />

	<!-- Downloads -->
	<item component="ComponentInfo{com.android.providers.downloads.ui/com.android.providers.downloads.ui.DownloadList}" drawable="downloads" />

	<!-- DPD -->
	<item component="ComponentInfo{com.dpd.yourdpd/com.zoontek.rnbootsplash.RNBootSplashActivity}" drawable="dpd" />

	<!-- DTox -->
	<item component="ComponentInfo{io.funswitch.dtoxDigitalDetoxApp/io.funswitch.dtoxDigitalDetoxApp.features.mainActivityPage.MainActivity}" drawable="dtox" />

	<!-- Dunelm Outlet Store -->
	<item component="ComponentInfo{com.outletoffers.dunelmstoreapp/com.outletoffers.dunelmstoreapp.MainActivity}" drawable="dunelm_outlet_store" />

	<!-- dynamic​Spot -->
	<item component="ComponentInfo{com.jamworks.dynamicspot/com.jamworks.dynamicspot.SettingsHome}" drawable="dynamic​spot" />

	<!-- Easy Voice Recorder -->
	<item component="ComponentInfo{com.coffeebeanventures.easyvoicerecorder/com.digipom.easyvoicerecorder.ui.activity.EasyVoiceRecorderActivity}" drawable="easy_voice_recorder" />

	<!-- EE -->
	<item component="ComponentInfo{uk.co.ee.myee/com.example.myee_app.MainActivity}" drawable="ee" />

	<!-- Electron -->
	<item component="ComponentInfo{com.mahersafadi.electron/com.mahersafadi.electron.MainActivity}" drawable="electron" />

	<!-- Electroverse -->
	<item component="ComponentInfo{energy.octopus.electricjuice.android/com.octopus.electricjuice.ElectricJuiceActivity}" drawable="electroverse" />

	<!-- Elevate -->
	<item component="ComponentInfo{com.wonder/com.pegasus.feature.main.MainActivity}" drawable="elevate" />

	<!-- ESS 41 - Reflexis One -->
	<item component="ComponentInfo{com.reflexisinc.dasess4110/com.reflexis.android.rws.ess.activity.ESSSplashActivity}" drawable="ess_41_reflexis_one" />

	<!-- ESS 42 - Reflexis One -->
	<item component="ComponentInfo{com.reflexisinc.reflexisess42/com.reflexis.android.rws.ess.activity.ESSSplashActivity}" drawable="ess_42_reflexis_one" />

	<!-- ESS 45 Zebra -->
	<item component="ComponentInfo{com.reflexisinc.reflexisess43/com.reflexis.android.rws.ess.startup.ESSSplashScreenActivity}" drawable="ess_45_zebra" />

	<!-- Etsy -->
	<item component="ComponentInfo{com.etsy.android/com.etsy.android.ui.homescreen.HomescreenTabsActivity}" drawable="etsy" />

	<!-- Euro Car Parts -->
	<item component="ComponentInfo{com.eurocarparts.android/com.eurocarparts.android.base.StartupActivity}" drawable="euro_car_parts" />

	<!-- Everything5pounds.com -->
	<item component="ComponentInfo{com.fiver.everything5pounds/com.fiver.everything5pounds.MainActivity}" drawable="everything5poundscom" />

	<!-- Evri -->
	<item component="ComponentInfo{com.hermes.hercules/com.hermes.hercules.ui.startup.StartupActivity}" drawable="evri" />

	<!-- Experian -->
	<item component="ComponentInfo{net.intellectsoft.experian/uk.co.experian.androidapp.SplashActivity}" drawable="experian" />

	<!-- EY Buses -->
	<item component="ComponentInfo{uk.co.eyms/com.discoverpassenger.LaunchActivity}" drawable="ey_buses" />

	<!-- Family Link -->
	<item component="ComponentInfo{com.google.android.apps.kids.familylink/com.google.android.apps.kids.familylink.flutter.standalone.HomeActivity}" drawable="family_link" />

	<!-- FereFit -->
	<item component="ComponentInfo{com.czw.freefit/com.czw.freefit.LoadActivity}" drawable="ferefit" />

	<!-- Findmykids -->
	<item component="ComponentInfo{org.findmykids.app/org.findmykids.app.activityes.LauncherActivity}" drawable="findmykids" />

	<!-- First aid -->
	<item component="ComponentInfo{com.cube.rca/com.cube.rca.activity.BootActivity}" drawable="first_aid" />

	<!-- Flex Client -->
	<item component="ComponentInfo{com.indeedflex.client/com.indeedflex.client.MainActivity}" drawable="flex_client" />

	<!-- Floating Timer -->
	<item component="ComponentInfo{xyz.tberghuis.floatingtimer/xyz.tberghuis.floatingtimer.MainActivity}" drawable="floating_timer" />

	<!-- Forest -->
	<item component="ComponentInfo{cc.forestapp/cc.forestapp.applications.SplashActivity}" drawable="forest" />

	<!-- Gallery -->
	<item component="ComponentInfo{com.miui.gallery/com.miui.gallery.activity.HomePageActivity}" drawable="gallery" />

	<!-- GAME -->
	<item component="ComponentInfo{co.uk.game.mobileapp/co.uk.game.mobileapp.ui.splash.SplashScreen}" drawable="game" />

	<!-- giffgaff -->
	<item component="ComponentInfo{com.giffgaffmobile.controller/com.giffgaff.reapps.SplashActivity}" drawable="giffgaff" />

	<!-- Giga Icon -->
	<item component="ComponentInfo{it.mirko.gigaicon/it.mirko.gigaicon.MainActivity}" drawable="giga_icon" />

	<!-- Glassdoor -->
	<item component="ComponentInfo{com.glassdoor.app/com.glassdoor.app.launch.activities.LaunchActivity}" drawable="glassdoor" />

	<!-- GlassWire -->
	<item component="ComponentInfo{com.glasswire.android/com.glasswire.android.presentation.activities.start.StartActivity}" drawable="glasswire" />

	<!-- Good Food -->
	<item component="ComponentInfo{uk.co.bbc.goodfood2/com.immediatemedia.fabric.MainActivity}" drawable="good_food" />

	<!-- Google Earth -->
	<item component="ComponentInfo{com.google.earth/com.google.android.apps.earth.flutter.EarthFlutterActivity}" drawable="google_earth" />

	<!-- GoOutdoors Direct -->
	<item component="ComponentInfo{com.directgo.outdoorsapp/com.andromo.MainActivity}" drawable="gooutdoors_direct" />

	<!-- Gorillas -->
	<item component="ComponentInfo{com.eddress.getgoodys/io.gorillas.customer.CustomerActivity}" drawable="gorillas" />

	<!-- Grammarly -->
	<item component="ComponentInfo{com.grammarly.android.keyboard/com.grammarly.launcher.LauncherActivity}" drawable="grammarly" />

	<!-- Greggs -->
	<item component="ComponentInfo{com.mobile5.greggs/com.greggs.customerApp.MainActivity}" drawable="greggs" />

	<!-- Guinea Pig Lovers -->
	<item component="ComponentInfo{com.jazzdev.guineapiglovers/com.jazzdev.guineapiglovers.MainActivity}" drawable="guinea_pig_lovers" />

	<!-- Gumtree -->
	<item component="ComponentInfo{com.gumtree.android/com.gumtree.android.splash.activity.SplashActivity}" drawable="gumtree" />

	<!-- Gymshark -->
	<item component="ComponentInfo{com.gymshark.store/com.gymshark.store.app.presentation.view.MainActivity}" drawable="gymshark" />

	<!-- H&B -->
	<item component="ComponentInfo{com.nbty.hollandbarret/com.nbty.hollandbarret.MainActivity}" drawable="h_and_b" />

	<!-- H&M -->
	<item component="ComponentInfo{com.hm.goe/com.hm.goe.app.home.HomeActivity}" drawable="h_and_m" />

	<!-- HaffPrice -->
	<item component="ComponentInfo{com.haffprice.android/android.base.app.mvp.ui.activity.SplashActivity}" drawable="haffprice" />

	<!-- HalfordsOutlet -->
	<item component="ComponentInfo{com.halfordsoutletuk.motoringcyclingapp/com.andromo.MainActivity}" drawable="halfordsoutlet" />

	<!-- Halifax -->
	<item component="ComponentInfo{com.grppl.android.shell.halifax/com.halifax.halifax.GrappleActivity}" drawable="halifax" />

	<!-- Hastings Direct -->
	<item component="ComponentInfo{com.hastingsdirect.mobile/com.digitaslbi.hastingsdirect.MainActivity}" drawable="hastings_direct" />

	<!-- heycar -->
	<item component="ComponentInfo{com.mobility_trader_gmbh.heycar/com.heycar.MainActivity}" drawable="heycar" />

	<!-- Home Workout -->
	<item component="ComponentInfo{homeworkout.homeworkouts.noequipment/homeworkout.homeworkouts.noequipment.SplashActivity}" drawable="home_workout" />

	<!-- Huawei Health -->
	<item component="ComponentInfo{com.huawei.health/com.huawei.health.MainActivity}" drawable="huawei_health" />

	<!-- Iceland -->
	<item component="ComponentInfo{com.iceland.android/com.iceland.android.StartUpActivity}" drawable="iceland" />

	<!-- IKEA -->
	<item component="ComponentInfo{com.ingka.ikea.app/com.ingka.ikea.app.splash.FirstEntryActivity}" drawable="ikea" />

	<!-- Indeed Job Search -->
	<item component="ComponentInfo{com.indeed.android.jobsearch/com.indeed.android.jobsearch.LaunchActivity}" drawable="indeed_job_search" />

	<!-- InPost -->
	<item component="ComponentInfo{uk.co.inpost.inmobile/pl.inpost.inmobile.splashScreen.presentation.SplashScreenActivity}" drawable="inpost" />

	<!-- ITVX -->
	<item component="ComponentInfo{air.ITVMobilePlayer/com.candyspace.itvplayer.ui.launcher.LauncherActivity}" drawable="itvx" />

	<!-- JD Gyms -->
	<item component="ComponentInfo{com.membr.jdgyms/com.zoontek.rnbootsplash.RNBootSplashActivity}" drawable="jd_gyms" />

	<!-- Job Today -->
	<item component="ComponentInfo{com.jobtoday.app/com.jobtoday.app.MainActivity}" drawable="job_today" />

	<!-- John Lewis & Partners -->
	<item component="ComponentInfo{com.johnlewis.android/com.johnlewis.android.splash.LightSplashActivityAlias}" drawable="john_lewis_and_partners" />

	<!-- Kahoot! -->
	<item component="ComponentInfo{no.mobitroll.kahoot.android/no.mobitroll.kahoot.android.application.SplashActivity}" drawable="kahoot_" />

	<!-- Keep Screen On -->
	<item component="ComponentInfo{com.elasticrock.keepscreenon/com.elasticrock.keepscreenon.MainActivity}" drawable="keep_screen_on" />

	<!-- KFC -->
	<item component="ComponentInfo{com.yum.colonelsclub/com.kfc.MainActivity}" drawable="kfc" />

	<!-- Kindle -->
	<item component="ComponentInfo{com.amazon.kindle/com.amazon.kindle.UpgradePage}" drawable="kindle" />

	<!-- Krispy Kreme Rewards -->
	<item component="ComponentInfo{com.loyalty3.krispykreme/com.loyalty3.krispykreme.MainActivity}" drawable="krispy_kreme_rewards" />

	<!-- Learn Automobile Engineering -->
	<item component="ComponentInfo{com.alphazstudio.automobileengineering/com.alphazstudio.automobileengineering.MainActivity}" drawable="learn_automobile_engineering" />

	<!-- Learn Linux with examples -->
	<item component="ComponentInfo{com.learn_linux_with_examples/com.learn_linux_with_examples.splash_screen_activity}" drawable="learn_linux_with_examples" />

	<!-- Learn Science -->
	<item component="ComponentInfo{com.alphazstudio.learnscience/com.alphazstudio.learnscience.MainActivity}" drawable="learn_science" />

	<!-- Life Hacks -->
	<item component="ComponentInfo{com.alphazstudio.lifehacks/com.alphazstudio.lifehacks.MainActivity}" drawable="life_hacks" />

	<!-- Linguix -->
	<item component="ComponentInfo{com.linguix.keyboard.inputmethod.latin/com.linguix.keyboard.inputmethod.latin.setup.SetupActivity}" drawable="linguix" />

	<!-- Linux Command Library -->
	<item component="ComponentInfo{com.inspiredandroid.linuxcommandbibliotheca/com.inspiredandroid.linuxcommandbibliotheca.MainActivity}" drawable="linux_command_library" />

	<!-- Listonic -->
	<item component="ComponentInfo{com.l/com.l.ui.activity.MainActivity}" drawable="listonic" />

	<!-- Liveforce -->
	<item component="ComponentInfo{co.liveforce.crew/co.liveforce.crew.MainActivity}" drawable="liveforce" />

	<!-- Lock My Phone -->
	<item component="ComponentInfo{tomka.lockmyphone/tomka.lockmyphone.activities.TermsAndConditionActivity}" drawable="lock_my_phone" />

	<!-- Loop -->
	<item component="ComponentInfo{com.terracycle.loop/com.terracycle.loop.ui.MainActivity}" drawable="loop" />

	<!-- Lopay -->
	<item component="ComponentInfo{com.checkfer.lopaymerchant/com.checkfer.lopaymerchant.presentation.ui.intro.IntroActivity}" drawable="lopay" />

	<!-- LxPersonal -->
	<item component="ComponentInfo{com.goodbarber.lxpersonal/com.goodbarber.v2.core.common.activities.SplashscreenActivity}" drawable="lxpersonal" />

	<!-- M&S -->
	<item component="ComponentInfo{com.marksandspencer.app/com.marksandspencer.app.startup.SplashScreenActivity}" drawable="m_and_s" />

	<!-- MacroDroid -->
	<item component="ComponentInfo{com.arlosoft.macrodroid/com.arlosoft.macrodroid.intro.IntroActivity}" drawable="macrodroid" />

	<!-- Matalan -->
	<item component="ComponentInfo{com.mobilize.matalan.rewardcard/com.thehutgroup.ecommerce.MainActivity}" drawable="matalan" />

	<!-- McDonald's -->
	<item component="ComponentInfo{com.mcdonalds.app.uk/com.mcdonalds.mcdcoreapp.common.activity.SplashActivity}" drawable="mcdonalds" />

	<!-- Mechanic Dictionary -->
	<item component="ComponentInfo{com.edictonary.Mechanic.Dictionary/edictionary.app.dictionary2.Splash_Activity}" drawable="mechanic_dictionary" />

	<!-- Mechanic quiz pro -->
	<item component="ComponentInfo{appinventor.ai_mechsita.Mechanic_quiz_game_pro/appinventor.ai_mechsita.Mechanic_quiz_game_pro.MainActivity}" drawable="mechanic_quiz_pro" />

	<!-- mechanicquiz -->
	<item component="ComponentInfo{appinventor.ai_mechsita.Mechanic_quiz_game/appinventor.ai_mechsita.Mechanic_quiz_game.MainActivity}" drawable="mechanicquiz" />

	<!-- Mi Mover -->
	<item component="ComponentInfo{com.miui.huanji/com.miui.huanji.MainActivity}" drawable="mi_mover" />

	<!-- Mi Remote -->
	<item component="ComponentInfo{com.duokan.phone.remotecontroller/com.xiaomi.mitv.phone.remotecontroller.HoriWidgetMainActivityV2}" drawable="mi_remote" />

	<!-- Mi Store -->
	<item component="ComponentInfo{com.mi.global.shop/com.mi.global.home.ui.LaunchActivity}" drawable="mi_store" />

	<!-- MiPermit -->
	<item component="ComponentInfo{com.mipermit.android/com.mipermit.android.activity.HomeActivity}" drawable="mipermit" />

	<!-- MIUI 11 -->
	<item component="ComponentInfo{ru.pt.iconpack.miui11/ru.pt.iconpack.miui11.activities.Check_GDPR}" drawable="miui_11" />

	<!-- MiUX -->
	<item component="ComponentInfo{com.cris87.miux/com.candybar.dev.activities.SplashActivity}" drawable="miux" />

	<!-- MoneySavingExpert -->
	<item component="ComponentInfo{com.mse.mseapp/com.mse.mseapp.launch.LaunchActivity}" drawable="moneysavingexpert" />

	<!-- MoneySuperMarket -->
	<item component="ComponentInfo{com.moneysupermarket.phoenix/com.moneysupermarket.phoenix.SplashActivity}" drawable="moneysupermarket" />

	<!-- Monster -->
	<item component="ComponentInfo{com.jobrapp.jobr/com.monster.app.presentation.splash.SplashActivity}" drawable="monster" />

	<!-- Morrisons More -->
	<item component="ComponentInfo{com.morrisons.matchandmore.app/com.morrisons.my.MainActivity}" drawable="morrisons_more" />

	<!-- MuffinBreak -->
	<item component="ComponentInfo{com.muffinbreak/com.muffinbreak.MainActivity}" drawable="muffinbreak" />

	<!-- Music -->
	<item component="ComponentInfo{com.miui.player/com.miui.player.ui.MusicBrowserActivity}" drawable="music" />

	<!-- Muzia -->
	<item component="ComponentInfo{com.newgen.muzia/com.newgen.muzia.activities.PreferencesActivity}" drawable="muzia" />

	<!-- myODEON -->
	<item component="ComponentInfo{nz.co.vista.android.movie.odeoncinemas/nz.co.vista.android.movie.abc.feature.splash.SplashActivity}" drawable="myodeon" />

	<!-- MyRecorder -->
	<item component="ComponentInfo{myrecorder.voicerecorder.voicememos.audiorecorder.recordingapp/com.myviocerecorder.voicerecorder.ui.activities.SplashActivity}" drawable="myrecorder" />

	<!-- NCP -->
	<item component="ComponentInfo{uk.co.ncp.flexipass/uk.co.ncp.flexipass.login.LoginActivity}" drawable="ncp" />

	<!-- Nectar -->
	<item component="ComponentInfo{com.ga.loyalty.android.nectar.activities/com.newnectar.client.sainsburys.main.LaunchActivity}" drawable="nectar" />

	<!-- Next -->
	<item component="ComponentInfo{uk.co.next.android/crc645233a78dffd851a1.CountrySelectActivity}" drawable="next" />

	<!-- NHS App -->
	<item component="ComponentInfo{com.nhs.online.nhsonline/crc64b7e535562fc6760f.SplashScreenActivity}" drawable="nhs_app" />

	<!-- Notepad -->
	<item component="ComponentInfo{com.app.notepad.vault.hider/com.android.launcher3.icon_disguise}" drawable="notepad" />

	<!-- Ocado -->
	<item component="ComponentInfo{com.ocado.mobile.android/com.ocado.mobile.android.activity.HomeActivity_}" drawable="ocado" />

	<!-- Olio -->
	<item component="ComponentInfo{com.olioex.android/com.olioex.android.MainActivity}" drawable="olio" />

	<!-- OnTheMarket -->
	<item component="ComponentInfo{com.onthemarket.mobile/com.onthemarket.mobile.home.SplashActivity}" drawable="onthemarket" />

	<!-- Parkopedia -->
	<item component="ComponentInfo{com.parkopedia/com.parkopedia.activities.SearchActivity}" drawable="parkopedia" />

	<!-- PartnerChoice -->
	<item component="ComponentInfo{com.spdapps.apppoc/com.spdapps.apppoc.MainActivity}" drawable="partnerchoice" />

	<!-- pCloud -->
	<item component="ComponentInfo{com.pcloud.pcloud/com.pcloud.screens.Main}" drawable="pcloud" />

	<!-- Petal Maps -->
	<item component="ComponentInfo{com.huawei.maps.app/com.huawei.maps.app.petalmaps.splash.SplashActivity}" drawable="petal_maps" />

	<!-- Petal Search -->
	<item component="ComponentInfo{com.huawei.hwsearch/com.huawei.hwsearch.homescreen.HomeScreenActivity}" drawable="petal_search" />

	<!-- PetrolPrices -->
	<item component="ComponentInfo{apposing.petrolprices/com.petrolprices.MainActivity}" drawable="petrolprices" />

	<!-- Pets at Home -->
	<item component="ComponentInfo{com.havas.petsathome/petsathome.havas.com.petsathome_vipclub.ui.splash.SplashActivity}" drawable="pets_at_home" />

	<!-- Phone Clone -->
	<item component="ComponentInfo{com.hicloud.android.clone/com.huawei.android.clone.activity.sender.ChooseReceiveSendActivity}" drawable="phone_clone" />

	<!-- Photo Lab -->
	<item component="ComponentInfo{vsin.t16_funny_photo/com.vicman.photolab.activities.MainActivity}" drawable="photo_lab" />

	<!-- Picture Insect -->
	<item component="ComponentInfo{com.glority.pictureinsect/com.glority.android.picturexx.splash.SplashActivity}" drawable="picture_insect" />

	<!-- PictureThis -->
	<item component="ComponentInfo{cn.danatech.xingseus/com.glority.picturethis.app.kt.view.home.SplashActivity}" drawable="picturethis" />

	<!-- PingID -->
	<item component="ComponentInfo{prod.com.pingidentity.pingid/com.accells.access.AppMgr}" drawable="pingid" />

	<!-- PizzaExpress -->
	<item component="ComponentInfo{com.pizzaexpress.appv2/com.pizzaexpress.appv2.MainActivity}" drawable="pizzaexpress" />

	<!-- POCO Store -->
	<item component="ComponentInfo{com.mi.global.pocostore/com.mi.global.shopcomponents.activity.LaunchActivity}" drawable="poco_store" />

	<!-- Porn Block App -->
	<item component="ComponentInfo{com.dice.blocksite.siteblocker.pornblocker/com.dice.blocksite.siteblocker.pornblocker.ActivityUserConsent_dice}" drawable="porn_block_app" />

	<!-- Prestige Driver -->
	<item component="ComponentInfo{car.target.app/car.target.app.MainActivity}" drawable="prestige_driver" />

	<!-- QuickTiles -->
	<item component="ComponentInfo{com.asdoi.quicktiles/com.asdoi.quicksettings.SettingsActivity}" drawable="quicktiles" />

	<!-- Quidco -->
	<item component="ComponentInfo{com.quidco/com.quidco.DefaultLauncherAlias}" drawable="quidco" />

	<!-- Radio UK, Podcasts, Music, Songs, News -->
	<item component="ComponentInfo{com.appmind.radios.gb/com.appmind.countryradios.screens.splash.SplashActivity}" drawable="radio_uk_podcasts_music_songs_news" />

	<!-- Recorder -->
	<item component="ComponentInfo{com.android.soundrecorder/com.android.soundrecorder.StartActivity}" drawable="recorder" />

	<!-- reed.co.uk Job Search -->
	<item component="ComponentInfo{com.reedcouk.jobs/com.reedcouk.jobs.feature.main.MainActivity}" drawable="reedcouk_job_search" />

	<!-- Rice Recipes -->
	<item component="ComponentInfo{com.alphazstudio.ricerecipes/com.alphazstudio.ricerecipes.MainActivity}" drawable="rice_recipes" />

	<!-- Rightmove -->
	<item component="ComponentInfo{com.rightmove.android/com.rightmove.android.modules.splash.SplashPageActivity}" drawable="rightmove" />

	<!-- RingGo -->
	<item component="ComponentInfo{co.uk.ringgo.android/co.uk.ringgo.android.SplashScreenActivity}" drawable="ringgo" />

	<!-- Royal Mail -->
	<item component="ComponentInfo{com.royalmail.app.droid/crc64f7852c3a8749d057.SplashActivity}" drawable="royal_mail" />

	<!-- Ruppu -->
	<item component="ComponentInfo{it.ruppu/it.ruppu.ui.intro.LaunchActivity}" drawable="ruppu" />

	<!-- Sainsbury's -->
	<item component="ComponentInfo{com.sainsburys.gol/com.sainsburys.gol.entry.EntryActivity}" drawable="sainsburys" />

	<!-- Samsung Shop -->
	<item component="ComponentInfo{com.samsung.ecomm.global.gbr/com.samsung.ecomm.global.shop_app.MainActivity}" drawable="samsung_shop" />

	<!-- Savers -->
	<item component="ComponentInfo{uk.co.savers/superdrug.com.restyle.ui.activity.SplashScreenActivity}" drawable="savers" />

	<!-- Screen Recorder -->
	<item component="ComponentInfo{com.miui.screenrecorder/com.miui.screenrecorder.activity.ScreenRecorderHomeActivity}" drawable="screen_recorder" />

	<!-- Screwfix -->
	<item component="ComponentInfo{com.screwfix.shoppingapp/com.screwfixmobile.MainActivity}" drawable="screwfix" />

	<!-- Self-Employed -->
	<item component="ComponentInfo{com.intuit.qbse/com.intuit.qbse.stories.main.StartupActivity}" drawable="self_employed" />

	<!-- Services & feedback -->
	<item component="ComponentInfo{com.miui.miservice/com.miui.miservice.main.MainActivity}" drawable="services_and_feedback" />

	<!-- Shell -->
	<item component="ComponentInfo{com.shell.sitibv.retail/com.mobgen.fireblade.presentation.splash.SplashActivity}" drawable="shell" />

	<!-- Showcaller -->
	<item component="ComponentInfo{com.allinone.callerid/com.allinone.callerid.start.StartActivity}" drawable="showcaller" />

	<!-- Shpock -->
	<item component="ComponentInfo{com.shpock.android/com.shpock.android.ui.startup.ShpSplashScreen}" drawable="shpock" />

	<!-- Skillshare -->
	<item component="ComponentInfo{com.skillshare.Skillshare/com.skillshare.Skillshare.client.onboarding.onboarding.view.SplashActivity}" drawable="skillshare" />

	<!-- SMARTY -->
	<item component="ComponentInfo{com.hutchison3g.sundae/com.hutchison3g.sundae.MainActivity}" drawable="smarty" />

	<!-- Snoop -->
	<item component="ComponentInfo{app.snoop/app.snoop.ui.feature.launcher.LauncherActivity}" drawable="snoop" />

	<!-- So Vegan -->
	<item component="ComponentInfo{com.wearesovegan.app/com.wearesovegan.app.MainActivity}" drawable="so_vegan" />

	<!-- Socrative -->
	<item component="ComponentInfo{com.socrative.student/com.socrative.student.MainActivity}" drawable="socrative" />

	<!-- SonicJobs -->
	<item component="ComponentInfo{com.prontoitlabs.hunted/com.prontoitlabs.hunted.activity.SplashActivity}" drawable="sonicjobs" />

	<!-- SpareRoom -->
	<item component="ComponentInfo{com.spareroom.spareroomuk/com.spareroom.ui.screen.MainActivity}" drawable="spareroom" />

	<!-- Sports Direct -->
	<item component="ComponentInfo{com.sportsdirect.sdapp/com.app.MainActivity}" drawable="sports_direct" />

	<!-- Stagecoach -->
	<item component="ComponentInfo{com.stagecoach.stagecoachbus/com.stagecoach.stagecoachbus.views.start.SplashScreenActivity}" drawable="stagecoach" />

	<!-- Sticky Password -->
	<item component="ComponentInfo{com.stickypassword.android/com.stickypassword.android.activity.frw.SplashActivity}" drawable="sticky_password" />

	<!-- Student Beans -->
	<item component="ComponentInfo{com.studentbeans.studentbeans/com.studentbeans.studentbeans.LoadingActivity}" drawable="student_beans" />

	<!-- Superdrug -->
	<item component="ComponentInfo{superdrug.com.beautycard/superdrug.com.beautycard.main.MainActivity}" drawable="superdrug" />

	<!-- TapScroll -->
	<item component="ComponentInfo{com.scroll.scrolltop.backtotop/com.example.statusbar.activity.WelComeActivity}" drawable="tapscroll" />

	<!-- Terminal Free -->
	<item component="ComponentInfo{com.natewren.piptec/com.natewren.dashboard.SplashScreen}" drawable="terminal_free" />

	<!-- Tesco -->
	<item component="ComponentInfo{com.tesco.grocery.view/com.tesco.mobile.titan.splash.view.SplashActivity}" drawable="tesco" />

	<!-- Tesco Mobile -->
	<item component="ComponentInfo{uk.co.tescomobile.android/co.uk.tescomobile.manage.presentation.welcome.WelcomeActivity}" drawable="tesco_mobile" />

	<!-- The National Lottery -->
	<item component="ComponentInfo{uk.co.theofficialnationallotteryapp.android.play/uk.co.theofficialnationallotteryapp.android.play.MainActivity}" drawable="the_national_lottery" />

	<!-- Themes -->
	<item component="ComponentInfo{com.android.thememanager/com.android.thememanager.ThemeResourceTabActivity}" drawable="themes" />

	<!-- Too Good To Go -->
	<item component="ComponentInfo{com.app.tgtg/com.app.tgtg.activities.login.SplashActivity}" drawable="too_good_to_go" />

	<!-- toolstation -->
	<item component="ComponentInfo{com.toolstation.mobile_app/com.toolstation.mobile_app.MainActivity}" drawable="toolstation" />

	<!-- TopCashback -->
	<item component="ComponentInfo{uk.co.topcashback.topcashback/uk.co.topcashback.topcashback.core.splash.RoutingActivity}" drawable="topcashback" />

	<!-- Totaljobs -->
	<item component="ComponentInfo{com.stepstone.totaljobs/com.stepstone.feature.splash.presentation.view.SCSplashActivity}" drawable="totaljobs" />

	<!-- TOTUM -->
	<item component="ComponentInfo{com.totum.student/com.totum.student.ui.AppStartActivity}" drawable="totum" />

	<!-- TPS -->
	<item component="ComponentInfo{com.theperfumeshop.customer/com.theperfumeshop.customer.MainActivity}" drawable="tps" />

	<!-- Trading 212 -->
	<item component="ComponentInfo{com.avuscapital.trading212/com.trading212.MainActivity}" drawable="trading_212" />

	<!-- TrainPal -->
	<item component="ComponentInfo{com.pal.train/com.pal.common.business.home.activity.LaunchActivity}" drawable="trainpal" />

	<!-- UNiDAYS -->
	<item component="ComponentInfo{com.myunidays/com.myunidays.home.MainActivity}" drawable="unidays" />

	<!-- Vanced for Youtube -->
	<item component="ComponentInfo{com.ahead.techapp/org.schabi.newpipe.MainActivity}" drawable="vanced_for_youtube" />

	<!-- Vegan Maps -->
	<item component="ComponentInfo{com.vegan.veganmaps/com.vegan.veganmaps.view.app.splash.SplashActivity}" drawable="vegan_maps" />

	<!-- Vehicle Smart -->
	<item component="ComponentInfo{com.jvelimited.vehiclesmart/com.getvehiclesmart.vehiclesmart}" drawable="vehicle_smart" />

	<!-- Vimeo -->
	<item component="ComponentInfo{com.vimeo.android.videoapp/com.vimeo.android.videoapp.launch.LaunchActivity}" drawable="vimeo" />

	<!-- Visualizer -->
	<item component="ComponentInfo{com.akzonobel.uk.dulux/com.akzonobel.views.activities.MainActivity}" drawable="visualizer" />

	<!-- vouchercloud -->
	<item component="ComponentInfo{com.vouchercloud.android/com.vouchercloud.android.ActSplash}" drawable="vouchercloud" />

	<!-- Wagestream -->
	<item component="ComponentInfo{com.getpaydays.paydays/com.getpaydays.paydays.MainActivity}" drawable="wagestream" />

	<!-- Waitrose -->
	<item component="ComponentInfo{com.waitrose.groceries/com.waitrose.groceries.SplashActivity}" drawable="waitrose" />

	<!-- Waze -->
	<item component="ComponentInfo{com.waze/com.waze.FreeMapAppActivity}" drawable="waze" />

	<!-- wikiHow -->
	<item component="ComponentInfo{com.wikihow.wikihowapp/com.wikihow.wikihowapp.MainTabActivity}" drawable="wikihow" />

	<!-- William Hill -->
	<item component="ComponentInfo{com.williamhill.sports.android/com.williamhill.sports.android.activities.SplashActivity}" drawable="william_hill" />

	<!-- Wish -->
	<item component="ComponentInfo{com.contextlogic.wish/com.contextlogic.wish.activity.browse.BrowseActivity}" drawable="wish" />

	<!-- Workday -->
	<item component="ComponentInfo{com.workday.workdroidapp/com.workday.workdroidapp.server.login.LauncherActivity}" drawable="workday" />

	<!-- Xbox -->
	<item component="ComponentInfo{com.microsoft.xboxone.smartglass/com.microsoft.xbox.MainActivity}" drawable="xbox" />

	<!-- Xbox Family -->
	<item component="ComponentInfo{com.microsoft.xboxfamily/com.xboxfamily.MainActivity}" drawable="xbox_family" />

	<!-- Xiaomi Community -->
	<item component="ComponentInfo{com.mi.global.bbs/com.mi.global.bbslib.headlines.ui.SplashActivity}" drawable="xiaomi_community" />

	<!-- Yoti ID -->
	<item component="ComponentInfo{com.yoti.mobile.android.live/com.yoti.mobile.android.LauncherActivity}" drawable="yoti_id" />

	<!-- YouCam Perfect -->
	<item component="ComponentInfo{com.cyberlink.youperfect/com.cyberlink.youperfect.activity.SplashActivity}" drawable="youcam_perfect" />

	<!-- YourParkingSpace -->
	<item component="ComponentInfo{com.netsells.yourparkingspace/com.netsells.yourparkingspace.app.presentation.MainActivity}" drawable="yourparkingspace" />

	<!-- YouTube VR -->
	<item component="ComponentInfo{com.google.android.apps.youtube.vr/com.google.android.apps.youtube.vr.activities.YouTubeVrActivity}" drawable="youtube_vr" />

	<!-- Zapmap -->
	<item component="ComponentInfo{com.zapmap.zapmap/com.zapmap.zapmap.activity.SplashActivity}" drawable="zapmap" />

	<!-- ZARA -->
	<item component="ComponentInfo{com.inditex.zara/com.inditex.zara.MainActivityDefaultIcon}" drawable="zara" />

	<!-- Zedge -->
	<item component="ComponentInfo{net.zedge.android/net.zedge.android.MainNewyear}" drawable="zedge" />

	<!-- Zego Delivery -->
	<item component="ComponentInfo{com.tego/com.tego.MainActivity}" drawable="zego_delivery" />

	<!-- Zoopla -->
	<item component="ComponentInfo{com.zoopla.activity/com.zoopla.activity.MainActivity}" drawable="zoopla" />

</resources>