<Theme version="1">

	<!-- 1Password -->
	<AppIcon name="com.onepassword.android/com.onepassword.android.app.StartActivity" image="_1password"/>

	<!-- Abel and Cole -->
	<AppIcon name="com.abelandcole.ACApple/com.abelandcole.acapple.MainActivity" image="abel_and_cole"/>

	<!-- Adblock Browser Beta -->
	<AppIcon name="org.adblockplus.browser.beta/com.google.android.apps.chrome.Main" image="adblock_browser_beta"/>

	<!-- AdGuard -->
	<AppIcon name="com.adguard.android/com.adguard.android.ui.activity.SplashActivity" image="adguard"/>

	<!-- AdGuard Content Blocker -->
	<AppIcon name="com.adguard.android.contentblocker/com.adguard.android.contentblocker.ui.MainActivity" image="adguard_content_blocker"/>

	<!-- AdGuard VPN -->
	<AppIcon name="com.adguard.vpn/com.adguard.vpn.ui.routing_activity.SplashActivity" image="adguard_vpn"/>

	<!-- Adobe Fill & Sign -->
	<AppIcon name="com.adobe.fas/com.adobe.fas.Home.FillAndSign" image="adobe_fill_and_sign"/>

	<!-- Adzuna -->
	<AppIcon name="com.adzuna/com.adzuna.splash.SplashActivity" image="adzuna"/>

	<!-- Air Fryer Recipes -->
	<AppIcon name="com.alphazstudio.airfryerrecipes/com.alphazstudio.airfryerrecipes.MainActivity" image="air_fryer_recipes"/>

	<!-- Airtime Rewards -->
	<AppIcon name="com.karrot/com.karrot.SplashActivity" image="airtime_rewards"/>

	<!-- ALDI UK -->
	<AppIcon name="de.apptiv.business.android.aldi_uk/de.apptiv.business.android.aldi_uk.ui.activity.SplashActivity" image="aldi_uk"/>

	<!-- Android Hidden Settings -->
	<AppIcon name="com.arumcomm.settingsshortcut/com.common.ad.cmp.CmpMainActivity" image="android_hidden_settings"/>

	<!-- AO -->
	<AppIcon name="com.ao.myao/com.ao.myao.activities.LaunchActivity" image="ao"/>

	<!-- Apcoa Connect -->
	<AppIcon name="com.apcoaconnect/com.apcoaconnect.MainActivity" image="apcoa_connect"/>

	<!-- Apkdone Installer -->
	<AppIcon name="com.apkdone.sai/com.apkdone.sai.ui.activities.MainActivity" image="apkdone_installer"/>

	<!-- App Lock -->
	<AppIcon name="applock.lockapps.fingerprint.password.lockit/applock.lockapps.fingerprint.password.lockit.activity.SplashActivity" image="app_lock"/>

	<!-- App vault -->
	<AppIcon name="com.mi.android.globalminusscreen/com.mi.android.globalminusscreen.tab.MainActivity_icon_31" image="app_vault"/>

	<!-- AppBlock -->
	<AppIcon name="cz.mobilesoft.appblock/cz.mobilesoft.appblock.MainActivity" image="appblock"/>

	<!-- AppGallery -->
	<AppIcon name="com.huawei.appmarket/com.huawei.appmarket.MainActivity" image="appgallery"/>

	<!-- Aptoide -->
	<AppIcon name="cm.aptoide.pt/cm.aptoide.pt.view.MainActivity" image="aptoide"/>

	<!-- Argos -->
	<AppIcon name="com.homeretailgroup.argos.android/com.homeretailgroup.argos.android.splash.SplashActivity_Default" image="argos"/>

	<!-- Asda Rewards -->
	<AppIcon name="com.asda.rewards/com.asda.rewards.MainActivity" image="asda_rewards"/>

	<!-- ASOS -->
	<AppIcon name="com.asos.app/com.asos.app.ui.activities.ConfigActivity" image="asos"/>

	<!-- Audio Switch -->
	<AppIcon name="com.ravitechno.audioswitch.disableheadphone.musicoutputchanger/com.ravitechno.audioswitch.disableheadphone.musicoutputchanger.Activity.SplashActivity" image="audio_switch"/>

	<!-- Auto parts. Automotive technologies -->
	<AppIcon name="com.soft24hours.dictionaries.dictionary27/com.medicalgroupsoft.medical.app.ui.splashscreen.FirstPrepare" image="auto_parts_automotive_technologies"/>

	<!-- Auto Trader -->
	<AppIcon name="uk.co.autotrader.androidconsumersearch/uk.co.autotrader.androidconsumersearch.ui.activity.LauncherActivity" image="auto_trader"/>

	<!-- AutoDoc -->
	<AppIcon name="de.autodoc.gmbh/de.autodoc.gmbh.ui.activity.SplashActivity" image="autodoc"/>

	<!-- Automobile Engineering Textbook -->
	<AppIcon name="com.monolit.carstructure/com.monolit.htmlbook.MainActivity" image="automobile_engineering_textbook"/>

	<!-- B&M Stores -->
	<AppIcon name="com.bmretail.bmstores/com.padoq.android.ui.splash.SplashActivity" image="b_and_m_stores"/>

	<!-- B&Q -->
	<AppIcon name="com.grapplemobile.bqclub/com.kingfisher.bbm.onboarding.ui.OnboardingActivity" image="b_and_q"/>

	<!-- Back Market -->
	<AppIcon name="com.backmarket/com.backmarket.Launcher" image="back_market"/>

	<!-- Battery 100% Alarm -->
	<AppIcon name="com.mobizone.battery100alarm/com.mobizone.battery100alarm.SplashScreen" image="battery_100%_alarm"/>

	<!-- Boom -->
	<AppIcon name="com.globaldelight.boom/com.globaldelight.boom.app.activities.SplashScreenActivity" image="boom"/>

	<!-- Boom System FX -->
	<AppIcon name="com.globaldelight.boom/com.globaldelight.systemfx.ui.SysFxMainActivity" image="boom_system_fx"/>

	<!-- Boots -->
	<AppIcon name="com.boots.flagship.android/com.boots.flagship.android.app.ui.AppStart" image="boots"/>

	<!-- Boxing News -->
	<AppIcon name="com.sportfusion.sports.boxing/com.newsfusion.SplashActivity" image="boxing_news"/>

	<!-- Brilliant -->
	<AppIcon name="org.brilliant.android/org.brilliant.android.ui.common.MainActivity" image="brilliant"/>

	<!-- Burger King -->
	<AppIcon name="com.emn8.mobilem8.nativeapp.bkuk/rbi.android.app.MainActivity" image="burger_king"/>

	<!-- Caffè Nero -->
	<AppIcon name="com.yoyowallet.caffenero/com.yoyowallet.yoyowallet.ui.activities.EntryActivity" image="caffe_nero"/>

	<!-- Call Recorder -->
	<AppIcon name="com.appstar.callrecorder/com.appstar.callrecorder.MainActivity" image="call_recorder"/>

	<!-- Calm -->
	<AppIcon name="com.calm.android/com.calm.android.ui.splash.SplashActivity" image="calm"/>

	<!-- Canvas Student -->
	<AppIcon name="com.instructure.candroid/com.instructure.student.activity.LoginActivity" image="canvas_student"/>

	<!-- Capital FM -->
	<AppIcon name="com.thisisglobal.player/com.thisisglobal.guacamole.main.views.SplashActivity" image="capital_fm"/>

	<!-- Car Engine Repair -->
	<AppIcon name="com.somostudio.carenginerepair/com.somostudio.carenginerepair.MainActivity" image="car_engine_repair"/>

	<!-- Car Guru -->
	<AppIcon name="com.ultimatecarquiz.quiz/com.ultimatecarquiz.quiz.MainActivity" image="car_guru"/>

	<!-- Car Scanner -->
	<AppIcon name="com.ovz.carscanner.huawei/carScannerXamarinForms.Droid.MainActivity" image="car_scanner"/>

	<!-- CarGurus -->
	<AppIcon name="com.cargurus.mobileApp/com.cargurus.mobileApp.MainActivity" image="cargurus"/>

	<!-- carVertical -->
	<AppIcon name="com.cvmobileapp/com.cvmobileapp.MainActivity" image="carvertical"/>

	<!-- Cazoo Wholesale -->
	<AppIcon name="com.cdauctiongroup.cdbuyer/crc649f8c3c8518d2c794.MainActivity" image="cazoo_wholesale"/>

	<!-- CeX -->
	<AppIcon name="com.cex.android/com.cex.android.view.activities.SplashActivity" image="cex"/>

	<!-- ChargePoint -->
	<AppIcon name="com.coulombtech/com.cp.ui.activity.launcher.LauncherActivity" image="chargepoint"/>

	<!-- ClearScore -->
	<AppIcon name="com.clearscore.mobile/com.clearscore.mobile.splash.presentation.SplashActivity" image="clearscore"/>

	<!-- Clipboard -->
	<AppIcon name="com.mason.ship.clipboard/com.mason.ship.clipboard.ui.activity.MainActivity" image="clipboard"/>

	<!-- ClipDrop -->
	<AppIcon name="app.arcopypaste/app.arcopypaste.MainActivity" image="clipdrop"/>

	<!-- Clock -->
	<AppIcon name="com.android.deskclock/com.android.deskclock.DeskClockTabActivity" image="clock"/>

	<!-- Co-op -->
	<AppIcon name="uk.co.coop.app/uk.co.coop.app.ui.screens.routing.RoutingActivity" image="co_op"/>

	<!-- ColorNote -->
	<AppIcon name="com.socialnmobile.dictapps.notepad.color.note/com.socialnmobile.colornote.activity.Main" image="colornote"/>

	<!-- Cookie Theme -->
	<AppIcon name="com.wowthemes.wowcookietheme.one/com.theme.launcher.SplashActivity" image="cookie_theme"/>

	<!-- Cotton Traders -->
	<AppIcon name="com.cottontradersltd.cottontraders/com.poqstudio.app.platform.presentation.splash.view.SplashActivity" image="cotton_traders"/>

	<!-- Crocs -->
	<AppIcon name="com.crocs.app/com.crocs.app.MainActivity" image="crocs"/>

	<!-- Curiosity Stream -->
	<AppIcon name="com.curiosity.curiositystream/com.curiosity.curiositystream.MainActivity" image="curiosity_stream"/>

	<!-- Curso de Mecánica -->
	<AppIcon name="com.innovapps.cursodemecanica/com.innovapps.cursodemecanica.MainActivity" image="curso_de_mecanica"/>

	<!-- CV-Library -->
	<AppIcon name="allthetopbananas.cvlibrary/allthetopbananas.cvlibrary.MainActivity" image="cv_library"/>

	<!-- Darkinator -->
	<AppIcon name="com.tfuerholzer.darkmodewallpaper/com.tfuerholzer.darkmodewallpaper.activities.MainActivity" image="darkinator"/>

	<!-- Debenhams -->
	<AppIcon name="com.debenhams.app/com.debenhams.app.MainActivity" image="debenhams"/>

	<!-- Depop -->
	<AppIcon name="com.depop/com.depop._v2.splash.app.SplashActivity" image="depop"/>

	<!-- Dictionary.com -->
	<AppIcon name="com.dictionary/com.dictionary.MainActivity" image="dictionarycom"/>

	<!-- Digital Wellbeing -->
	<AppIcon name="com.google.android.apps.wellbeing/com.google.android.apps.wellbeing.settings.LauncherActivity" image="digital_wellbeing"/>

	<!-- Downloads -->
	<AppIcon name="com.android.providers.downloads.ui/com.android.providers.downloads.ui.DownloadList" image="downloads"/>

	<!-- DPD -->
	<AppIcon name="com.dpd.yourdpd/com.zoontek.rnbootsplash.RNBootSplashActivity" image="dpd"/>

	<!-- DTox -->
	<AppIcon name="io.funswitch.dtoxDigitalDetoxApp/io.funswitch.dtoxDigitalDetoxApp.features.mainActivityPage.MainActivity" image="dtox"/>

	<!-- Dunelm Outlet Store -->
	<AppIcon name="com.outletoffers.dunelmstoreapp/com.outletoffers.dunelmstoreapp.MainActivity" image="dunelm_outlet_store"/>

	<!-- dynamic​Spot -->
	<AppIcon name="com.jamworks.dynamicspot/com.jamworks.dynamicspot.SettingsHome" image="dynamic​spot"/>

	<!-- Easy Voice Recorder -->
	<AppIcon name="com.coffeebeanventures.easyvoicerecorder/com.digipom.easyvoicerecorder.ui.activity.EasyVoiceRecorderActivity" image="easy_voice_recorder"/>

	<!-- EE -->
	<AppIcon name="uk.co.ee.myee/com.example.myee_app.MainActivity" image="ee"/>

	<!-- Electron -->
	<AppIcon name="com.mahersafadi.electron/com.mahersafadi.electron.MainActivity" image="electron"/>

	<!-- Electroverse -->
	<AppIcon name="energy.octopus.electricjuice.android/com.octopus.electricjuice.ElectricJuiceActivity" image="electroverse"/>

	<!-- Elevate -->
	<AppIcon name="com.wonder/com.pegasus.feature.main.MainActivity" image="elevate"/>

	<!-- ESS 41 - Reflexis One -->
	<AppIcon name="com.reflexisinc.dasess4110/com.reflexis.android.rws.ess.activity.ESSSplashActivity" image="ess_41_reflexis_one"/>

	<!-- ESS 42 - Reflexis One -->
	<AppIcon name="com.reflexisinc.reflexisess42/com.reflexis.android.rws.ess.activity.ESSSplashActivity" image="ess_42_reflexis_one"/>

	<!-- ESS 45 Zebra -->
	<AppIcon name="com.reflexisinc.reflexisess43/com.reflexis.android.rws.ess.startup.ESSSplashScreenActivity" image="ess_45_zebra"/>

	<!-- Etsy -->
	<AppIcon name="com.etsy.android/com.etsy.android.ui.homescreen.HomescreenTabsActivity" image="etsy"/>

	<!-- Euro Car Parts -->
	<AppIcon name="com.eurocarparts.android/com.eurocarparts.android.base.StartupActivity" image="euro_car_parts"/>

	<!-- Everything5pounds.com -->
	<AppIcon name="com.fiver.everything5pounds/com.fiver.everything5pounds.MainActivity" image="everything5poundscom"/>

	<!-- Evri -->
	<AppIcon name="com.hermes.hercules/com.hermes.hercules.ui.startup.StartupActivity" image="evri"/>

	<!-- Experian -->
	<AppIcon name="net.intellectsoft.experian/uk.co.experian.androidapp.SplashActivity" image="experian"/>

	<!-- EY Buses -->
	<AppIcon name="uk.co.eyms/com.discoverpassenger.LaunchActivity" image="ey_buses"/>

	<!-- Family Link -->
	<AppIcon name="com.google.android.apps.kids.familylink/com.google.android.apps.kids.familylink.flutter.standalone.HomeActivity" image="family_link"/>

	<!-- FereFit -->
	<AppIcon name="com.czw.freefit/com.czw.freefit.LoadActivity" image="ferefit"/>

	<!-- Findmykids -->
	<AppIcon name="org.findmykids.app/org.findmykids.app.activityes.LauncherActivity" image="findmykids"/>

	<!-- First aid -->
	<AppIcon name="com.cube.rca/com.cube.rca.activity.BootActivity" image="first_aid"/>

	<!-- Flex Client -->
	<AppIcon name="com.indeedflex.client/com.indeedflex.client.MainActivity" image="flex_client"/>

	<!-- Floating Timer -->
	<AppIcon name="xyz.tberghuis.floatingtimer/xyz.tberghuis.floatingtimer.MainActivity" image="floating_timer"/>

	<!-- Forest -->
	<AppIcon name="cc.forestapp/cc.forestapp.applications.SplashActivity" image="forest"/>

	<!-- Gallery -->
	<AppIcon name="com.miui.gallery/com.miui.gallery.activity.HomePageActivity" image="gallery"/>

	<!-- GAME -->
	<AppIcon name="co.uk.game.mobileapp/co.uk.game.mobileapp.ui.splash.SplashScreen" image="game"/>

	<!-- giffgaff -->
	<AppIcon name="com.giffgaffmobile.controller/com.giffgaff.reapps.SplashActivity" image="giffgaff"/>

	<!-- Giga Icon -->
	<AppIcon name="it.mirko.gigaicon/it.mirko.gigaicon.MainActivity" image="giga_icon"/>

	<!-- Glassdoor -->
	<AppIcon name="com.glassdoor.app/com.glassdoor.app.launch.activities.LaunchActivity" image="glassdoor"/>

	<!-- GlassWire -->
	<AppIcon name="com.glasswire.android/com.glasswire.android.presentation.activities.start.StartActivity" image="glasswire"/>

	<!-- Good Food -->
	<AppIcon name="uk.co.bbc.goodfood2/com.immediatemedia.fabric.MainActivity" image="good_food"/>

	<!-- Google Earth -->
	<AppIcon name="com.google.earth/com.google.android.apps.earth.flutter.EarthFlutterActivity" image="google_earth"/>

	<!-- GoOutdoors Direct -->
	<AppIcon name="com.directgo.outdoorsapp/com.andromo.MainActivity" image="gooutdoors_direct"/>

	<!-- Gorillas -->
	<AppIcon name="com.eddress.getgoodys/io.gorillas.customer.CustomerActivity" image="gorillas"/>

	<!-- Grammarly -->
	<AppIcon name="com.grammarly.android.keyboard/com.grammarly.launcher.LauncherActivity" image="grammarly"/>

	<!-- Greggs -->
	<AppIcon name="com.mobile5.greggs/com.greggs.customerApp.MainActivity" image="greggs"/>

	<!-- Guinea Pig Lovers -->
	<AppIcon name="com.jazzdev.guineapiglovers/com.jazzdev.guineapiglovers.MainActivity" image="guinea_pig_lovers"/>

	<!-- Gumtree -->
	<AppIcon name="com.gumtree.android/com.gumtree.android.splash.activity.SplashActivity" image="gumtree"/>

	<!-- Gymshark -->
	<AppIcon name="com.gymshark.store/com.gymshark.store.app.presentation.view.MainActivity" image="gymshark"/>

	<!-- H&B -->
	<AppIcon name="com.nbty.hollandbarret/com.nbty.hollandbarret.MainActivity" image="h_and_b"/>

	<!-- H&M -->
	<AppIcon name="com.hm.goe/com.hm.goe.app.home.HomeActivity" image="h_and_m"/>

	<!-- HaffPrice -->
	<AppIcon name="com.haffprice.android/android.base.app.mvp.ui.activity.SplashActivity" image="haffprice"/>

	<!-- HalfordsOutlet -->
	<AppIcon name="com.halfordsoutletuk.motoringcyclingapp/com.andromo.MainActivity" image="halfordsoutlet"/>

	<!-- Halifax -->
	<AppIcon name="com.grppl.android.shell.halifax/com.halifax.halifax.GrappleActivity" image="halifax"/>

	<!-- Hastings Direct -->
	<AppIcon name="com.hastingsdirect.mobile/com.digitaslbi.hastingsdirect.MainActivity" image="hastings_direct"/>

	<!-- heycar -->
	<AppIcon name="com.mobility_trader_gmbh.heycar/com.heycar.MainActivity" image="heycar"/>

	<!-- Home Workout -->
	<AppIcon name="homeworkout.homeworkouts.noequipment/homeworkout.homeworkouts.noequipment.SplashActivity" image="home_workout"/>

	<!-- Huawei Health -->
	<AppIcon name="com.huawei.health/com.huawei.health.MainActivity" image="huawei_health"/>

	<!-- Iceland -->
	<AppIcon name="com.iceland.android/com.iceland.android.StartUpActivity" image="iceland"/>

	<!-- IKEA -->
	<AppIcon name="com.ingka.ikea.app/com.ingka.ikea.app.splash.FirstEntryActivity" image="ikea"/>

	<!-- Indeed Job Search -->
	<AppIcon name="com.indeed.android.jobsearch/com.indeed.android.jobsearch.LaunchActivity" image="indeed_job_search"/>

	<!-- InPost -->
	<AppIcon name="uk.co.inpost.inmobile/pl.inpost.inmobile.splashScreen.presentation.SplashScreenActivity" image="inpost"/>

	<!-- ITVX -->
	<AppIcon name="air.ITVMobilePlayer/com.candyspace.itvplayer.ui.launcher.LauncherActivity" image="itvx"/>

	<!-- JD Gyms -->
	<AppIcon name="com.membr.jdgyms/com.zoontek.rnbootsplash.RNBootSplashActivity" image="jd_gyms"/>

	<!-- Job Today -->
	<AppIcon name="com.jobtoday.app/com.jobtoday.app.MainActivity" image="job_today"/>

	<!-- John Lewis & Partners -->
	<AppIcon name="com.johnlewis.android/com.johnlewis.android.splash.LightSplashActivityAlias" image="john_lewis_and_partners"/>

	<!-- Kahoot! -->
	<AppIcon name="no.mobitroll.kahoot.android/no.mobitroll.kahoot.android.application.SplashActivity" image="kahoot_"/>

	<!-- Keep Screen On -->
	<AppIcon name="com.elasticrock.keepscreenon/com.elasticrock.keepscreenon.MainActivity" image="keep_screen_on"/>

	<!-- KFC -->
	<AppIcon name="com.yum.colonelsclub/com.kfc.MainActivity" image="kfc"/>

	<!-- Kindle -->
	<AppIcon name="com.amazon.kindle/com.amazon.kindle.UpgradePage" image="kindle"/>

	<!-- Krispy Kreme Rewards -->
	<AppIcon name="com.loyalty3.krispykreme/com.loyalty3.krispykreme.MainActivity" image="krispy_kreme_rewards"/>

	<!-- Learn Automobile Engineering -->
	<AppIcon name="com.alphazstudio.automobileengineering/com.alphazstudio.automobileengineering.MainActivity" image="learn_automobile_engineering"/>

	<!-- Learn Linux with examples -->
	<AppIcon name="com.learn_linux_with_examples/com.learn_linux_with_examples.splash_screen_activity" image="learn_linux_with_examples"/>

	<!-- Learn Science -->
	<AppIcon name="com.alphazstudio.learnscience/com.alphazstudio.learnscience.MainActivity" image="learn_science"/>

	<!-- Life Hacks -->
	<AppIcon name="com.alphazstudio.lifehacks/com.alphazstudio.lifehacks.MainActivity" image="life_hacks"/>

	<!-- Linguix -->
	<AppIcon name="com.linguix.keyboard.inputmethod.latin/com.linguix.keyboard.inputmethod.latin.setup.SetupActivity" image="linguix"/>

	<!-- Linux Command Library -->
	<AppIcon name="com.inspiredandroid.linuxcommandbibliotheca/com.inspiredandroid.linuxcommandbibliotheca.MainActivity" image="linux_command_library"/>

	<!-- Listonic -->
	<AppIcon name="com.l/com.l.ui.activity.MainActivity" image="listonic"/>

	<!-- Liveforce -->
	<AppIcon name="co.liveforce.crew/co.liveforce.crew.MainActivity" image="liveforce"/>

	<!-- Lock My Phone -->
	<AppIcon name="tomka.lockmyphone/tomka.lockmyphone.activities.TermsAndConditionActivity" image="lock_my_phone"/>

	<!-- Loop -->
	<AppIcon name="com.terracycle.loop/com.terracycle.loop.ui.MainActivity" image="loop"/>

	<!-- Lopay -->
	<AppIcon name="com.checkfer.lopaymerchant/com.checkfer.lopaymerchant.presentation.ui.intro.IntroActivity" image="lopay"/>

	<!-- LxPersonal -->
	<AppIcon name="com.goodbarber.lxpersonal/com.goodbarber.v2.core.common.activities.SplashscreenActivity" image="lxpersonal"/>

	<!-- M&S -->
	<AppIcon name="com.marksandspencer.app/com.marksandspencer.app.startup.SplashScreenActivity" image="m_and_s"/>

	<!-- MacroDroid -->
	<AppIcon name="com.arlosoft.macrodroid/com.arlosoft.macrodroid.intro.IntroActivity" image="macrodroid"/>

	<!-- Matalan -->
	<AppIcon name="com.mobilize.matalan.rewardcard/com.thehutgroup.ecommerce.MainActivity" image="matalan"/>

	<!-- McDonald's -->
	<AppIcon name="com.mcdonalds.app.uk/com.mcdonalds.mcdcoreapp.common.activity.SplashActivity" image="mcdonalds"/>

	<!-- Mechanic Dictionary -->
	<AppIcon name="com.edictonary.Mechanic.Dictionary/edictionary.app.dictionary2.Splash_Activity" image="mechanic_dictionary"/>

	<!-- Mechanic quiz pro -->
	<AppIcon name="appinventor.ai_mechsita.Mechanic_quiz_game_pro/appinventor.ai_mechsita.Mechanic_quiz_game_pro.MainActivity" image="mechanic_quiz_pro"/>

	<!-- mechanicquiz -->
	<AppIcon name="appinventor.ai_mechsita.Mechanic_quiz_game/appinventor.ai_mechsita.Mechanic_quiz_game.MainActivity" image="mechanicquiz"/>

	<!-- Mi Mover -->
	<AppIcon name="com.miui.huanji/com.miui.huanji.MainActivity" image="mi_mover"/>

	<!-- Mi Remote -->
	<AppIcon name="com.duokan.phone.remotecontroller/com.xiaomi.mitv.phone.remotecontroller.HoriWidgetMainActivityV2" image="mi_remote"/>

	<!-- Mi Store -->
	<AppIcon name="com.mi.global.shop/com.mi.global.home.ui.LaunchActivity" image="mi_store"/>

	<!-- MiPermit -->
	<AppIcon name="com.mipermit.android/com.mipermit.android.activity.HomeActivity" image="mipermit"/>

	<!-- MIUI 11 -->
	<AppIcon name="ru.pt.iconpack.miui11/ru.pt.iconpack.miui11.activities.Check_GDPR" image="miui_11"/>

	<!-- MiUX -->
	<AppIcon name="com.cris87.miux/com.candybar.dev.activities.SplashActivity" image="miux"/>

	<!-- MoneySavingExpert -->
	<AppIcon name="com.mse.mseapp/com.mse.mseapp.launch.LaunchActivity" image="moneysavingexpert"/>

	<!-- MoneySuperMarket -->
	<AppIcon name="com.moneysupermarket.phoenix/com.moneysupermarket.phoenix.SplashActivity" image="moneysupermarket"/>

	<!-- Monster -->
	<AppIcon name="com.jobrapp.jobr/com.monster.app.presentation.splash.SplashActivity" image="monster"/>

	<!-- Morrisons More -->
	<AppIcon name="com.morrisons.matchandmore.app/com.morrisons.my.MainActivity" image="morrisons_more"/>

	<!-- MuffinBreak -->
	<AppIcon name="com.muffinbreak/com.muffinbreak.MainActivity" image="muffinbreak"/>

	<!-- Music -->
	<AppIcon name="com.miui.player/com.miui.player.ui.MusicBrowserActivity" image="music"/>

	<!-- Muzia -->
	<AppIcon name="com.newgen.muzia/com.newgen.muzia.activities.PreferencesActivity" image="muzia"/>

	<!-- myODEON -->
	<AppIcon name="nz.co.vista.android.movie.odeoncinemas/nz.co.vista.android.movie.abc.feature.splash.SplashActivity" image="myodeon"/>

	<!-- MyRecorder -->
	<AppIcon name="myrecorder.voicerecorder.voicememos.audiorecorder.recordingapp/com.myviocerecorder.voicerecorder.ui.activities.SplashActivity" image="myrecorder"/>

	<!-- NCP -->
	<AppIcon name="uk.co.ncp.flexipass/uk.co.ncp.flexipass.login.LoginActivity" image="ncp"/>

	<!-- Nectar -->
	<AppIcon name="com.ga.loyalty.android.nectar.activities/com.newnectar.client.sainsburys.main.LaunchActivity" image="nectar"/>

	<!-- Next -->
	<AppIcon name="uk.co.next.android/crc645233a78dffd851a1.CountrySelectActivity" image="next"/>

	<!-- NHS App -->
	<AppIcon name="com.nhs.online.nhsonline/crc64b7e535562fc6760f.SplashScreenActivity" image="nhs_app"/>

	<!-- Notepad -->
	<AppIcon name="com.app.notepad.vault.hider/com.android.launcher3.icon_disguise" image="notepad"/>

	<!-- Ocado -->
	<AppIcon name="com.ocado.mobile.android/com.ocado.mobile.android.activity.HomeActivity_" image="ocado"/>

	<!-- Olio -->
	<AppIcon name="com.olioex.android/com.olioex.android.MainActivity" image="olio"/>

	<!-- OnTheMarket -->
	<AppIcon name="com.onthemarket.mobile/com.onthemarket.mobile.home.SplashActivity" image="onthemarket"/>

	<!-- Parkopedia -->
	<AppIcon name="com.parkopedia/com.parkopedia.activities.SearchActivity" image="parkopedia"/>

	<!-- PartnerChoice -->
	<AppIcon name="com.spdapps.apppoc/com.spdapps.apppoc.MainActivity" image="partnerchoice"/>

	<!-- pCloud -->
	<AppIcon name="com.pcloud.pcloud/com.pcloud.screens.Main" image="pcloud"/>

	<!-- Petal Maps -->
	<AppIcon name="com.huawei.maps.app/com.huawei.maps.app.petalmaps.splash.SplashActivity" image="petal_maps"/>

	<!-- Petal Search -->
	<AppIcon name="com.huawei.hwsearch/com.huawei.hwsearch.homescreen.HomeScreenActivity" image="petal_search"/>

	<!-- PetrolPrices -->
	<AppIcon name="apposing.petrolprices/com.petrolprices.MainActivity" image="petrolprices"/>

	<!-- Pets at Home -->
	<AppIcon name="com.havas.petsathome/petsathome.havas.com.petsathome_vipclub.ui.splash.SplashActivity" image="pets_at_home"/>

	<!-- Phone Clone -->
	<AppIcon name="com.hicloud.android.clone/com.huawei.android.clone.activity.sender.ChooseReceiveSendActivity" image="phone_clone"/>

	<!-- Photo Lab -->
	<AppIcon name="vsin.t16_funny_photo/com.vicman.photolab.activities.MainActivity" image="photo_lab"/>

	<!-- Picture Insect -->
	<AppIcon name="com.glority.pictureinsect/com.glority.android.picturexx.splash.SplashActivity" image="picture_insect"/>

	<!-- PictureThis -->
	<AppIcon name="cn.danatech.xingseus/com.glority.picturethis.app.kt.view.home.SplashActivity" image="picturethis"/>

	<!-- PingID -->
	<AppIcon name="prod.com.pingidentity.pingid/com.accells.access.AppMgr" image="pingid"/>

	<!-- PizzaExpress -->
	<AppIcon name="com.pizzaexpress.appv2/com.pizzaexpress.appv2.MainActivity" image="pizzaexpress"/>

	<!-- POCO Store -->
	<AppIcon name="com.mi.global.pocostore/com.mi.global.shopcomponents.activity.LaunchActivity" image="poco_store"/>

	<!-- Porn Block App -->
	<AppIcon name="com.dice.blocksite.siteblocker.pornblocker/com.dice.blocksite.siteblocker.pornblocker.ActivityUserConsent_dice" image="porn_block_app"/>

	<!-- Prestige Driver -->
	<AppIcon name="car.target.app/car.target.app.MainActivity" image="prestige_driver"/>

	<!-- QuickTiles -->
	<AppIcon name="com.asdoi.quicktiles/com.asdoi.quicksettings.SettingsActivity" image="quicktiles"/>

	<!-- Quidco -->
	<AppIcon name="com.quidco/com.quidco.DefaultLauncherAlias" image="quidco"/>

	<!-- Radio UK, Podcasts, Music, Songs, News -->
	<AppIcon name="com.appmind.radios.gb/com.appmind.countryradios.screens.splash.SplashActivity" image="radio_uk_podcasts_music_songs_news"/>

	<!-- Recorder -->
	<AppIcon name="com.android.soundrecorder/com.android.soundrecorder.StartActivity" image="recorder"/>

	<!-- reed.co.uk Job Search -->
	<AppIcon name="com.reedcouk.jobs/com.reedcouk.jobs.feature.main.MainActivity" image="reedcouk_job_search"/>

	<!-- Rice Recipes -->
	<AppIcon name="com.alphazstudio.ricerecipes/com.alphazstudio.ricerecipes.MainActivity" image="rice_recipes"/>

	<!-- Rightmove -->
	<AppIcon name="com.rightmove.android/com.rightmove.android.modules.splash.SplashPageActivity" image="rightmove"/>

	<!-- RingGo -->
	<AppIcon name="co.uk.ringgo.android/co.uk.ringgo.android.SplashScreenActivity" image="ringgo"/>

	<!-- Royal Mail -->
	<AppIcon name="com.royalmail.app.droid/crc64f7852c3a8749d057.SplashActivity" image="royal_mail"/>

	<!-- Ruppu -->
	<AppIcon name="it.ruppu/it.ruppu.ui.intro.LaunchActivity" image="ruppu"/>

	<!-- Sainsbury's -->
	<AppIcon name="com.sainsburys.gol/com.sainsburys.gol.entry.EntryActivity" image="sainsburys"/>

	<!-- Samsung Shop -->
	<AppIcon name="com.samsung.ecomm.global.gbr/com.samsung.ecomm.global.shop_app.MainActivity" image="samsung_shop"/>

	<!-- Savers -->
	<AppIcon name="uk.co.savers/superdrug.com.restyle.ui.activity.SplashScreenActivity" image="savers"/>

	<!-- Screen Recorder -->
	<AppIcon name="com.miui.screenrecorder/com.miui.screenrecorder.activity.ScreenRecorderHomeActivity" image="screen_recorder"/>

	<!-- Screwfix -->
	<AppIcon name="com.screwfix.shoppingapp/com.screwfixmobile.MainActivity" image="screwfix"/>

	<!-- Self-Employed -->
	<AppIcon name="com.intuit.qbse/com.intuit.qbse.stories.main.StartupActivity" image="self_employed"/>

	<!-- Services & feedback -->
	<AppIcon name="com.miui.miservice/com.miui.miservice.main.MainActivity" image="services_and_feedback"/>

	<!-- Shell -->
	<AppIcon name="com.shell.sitibv.retail/com.mobgen.fireblade.presentation.splash.SplashActivity" image="shell"/>

	<!-- Showcaller -->
	<AppIcon name="com.allinone.callerid/com.allinone.callerid.start.StartActivity" image="showcaller"/>

	<!-- Shpock -->
	<AppIcon name="com.shpock.android/com.shpock.android.ui.startup.ShpSplashScreen" image="shpock"/>

	<!-- Skillshare -->
	<AppIcon name="com.skillshare.Skillshare/com.skillshare.Skillshare.client.onboarding.onboarding.view.SplashActivity" image="skillshare"/>

	<!-- SMARTY -->
	<AppIcon name="com.hutchison3g.sundae/com.hutchison3g.sundae.MainActivity" image="smarty"/>

	<!-- Snoop -->
	<AppIcon name="app.snoop/app.snoop.ui.feature.launcher.LauncherActivity" image="snoop"/>

	<!-- So Vegan -->
	<AppIcon name="com.wearesovegan.app/com.wearesovegan.app.MainActivity" image="so_vegan"/>

	<!-- Socrative -->
	<AppIcon name="com.socrative.student/com.socrative.student.MainActivity" image="socrative"/>

	<!-- SonicJobs -->
	<AppIcon name="com.prontoitlabs.hunted/com.prontoitlabs.hunted.activity.SplashActivity" image="sonicjobs"/>

	<!-- SpareRoom -->
	<AppIcon name="com.spareroom.spareroomuk/com.spareroom.ui.screen.MainActivity" image="spareroom"/>

	<!-- Sports Direct -->
	<AppIcon name="com.sportsdirect.sdapp/com.app.MainActivity" image="sports_direct"/>

	<!-- Stagecoach -->
	<AppIcon name="com.stagecoach.stagecoachbus/com.stagecoach.stagecoachbus.views.start.SplashScreenActivity" image="stagecoach"/>

	<!-- Sticky Password -->
	<AppIcon name="com.stickypassword.android/com.stickypassword.android.activity.frw.SplashActivity" image="sticky_password"/>

	<!-- Student Beans -->
	<AppIcon name="com.studentbeans.studentbeans/com.studentbeans.studentbeans.LoadingActivity" image="student_beans"/>

	<!-- Superdrug -->
	<AppIcon name="superdrug.com.beautycard/superdrug.com.beautycard.main.MainActivity" image="superdrug"/>

	<!-- TapScroll -->
	<AppIcon name="com.scroll.scrolltop.backtotop/com.example.statusbar.activity.WelComeActivity" image="tapscroll"/>

	<!-- Terminal Free -->
	<AppIcon name="com.natewren.piptec/com.natewren.dashboard.SplashScreen" image="terminal_free"/>

	<!-- Tesco -->
	<AppIcon name="com.tesco.grocery.view/com.tesco.mobile.titan.splash.view.SplashActivity" image="tesco"/>

	<!-- Tesco Mobile -->
	<AppIcon name="uk.co.tescomobile.android/co.uk.tescomobile.manage.presentation.welcome.WelcomeActivity" image="tesco_mobile"/>

	<!-- The National Lottery -->
	<AppIcon name="uk.co.theofficialnationallotteryapp.android.play/uk.co.theofficialnationallotteryapp.android.play.MainActivity" image="the_national_lottery"/>

	<!-- Themes -->
	<AppIcon name="com.android.thememanager/com.android.thememanager.ThemeResourceTabActivity" image="themes"/>

	<!-- Too Good To Go -->
	<AppIcon name="com.app.tgtg/com.app.tgtg.activities.login.SplashActivity" image="too_good_to_go"/>

	<!-- toolstation -->
	<AppIcon name="com.toolstation.mobile_app/com.toolstation.mobile_app.MainActivity" image="toolstation"/>

	<!-- TopCashback -->
	<AppIcon name="uk.co.topcashback.topcashback/uk.co.topcashback.topcashback.core.splash.RoutingActivity" image="topcashback"/>

	<!-- Totaljobs -->
	<AppIcon name="com.stepstone.totaljobs/com.stepstone.feature.splash.presentation.view.SCSplashActivity" image="totaljobs"/>

	<!-- TOTUM -->
	<AppIcon name="com.totum.student/com.totum.student.ui.AppStartActivity" image="totum"/>

	<!-- TPS -->
	<AppIcon name="com.theperfumeshop.customer/com.theperfumeshop.customer.MainActivity" image="tps"/>

	<!-- Trading 212 -->
	<AppIcon name="com.avuscapital.trading212/com.trading212.MainActivity" image="trading_212"/>

	<!-- TrainPal -->
	<AppIcon name="com.pal.train/com.pal.common.business.home.activity.LaunchActivity" image="trainpal"/>

	<!-- UNiDAYS -->
	<AppIcon name="com.myunidays/com.myunidays.home.MainActivity" image="unidays"/>

	<!-- Vanced for Youtube -->
	<AppIcon name="com.ahead.techapp/org.schabi.newpipe.MainActivity" image="vanced_for_youtube"/>

	<!-- Vegan Maps -->
	<AppIcon name="com.vegan.veganmaps/com.vegan.veganmaps.view.app.splash.SplashActivity" image="vegan_maps"/>

	<!-- Vehicle Smart -->
	<AppIcon name="com.jvelimited.vehiclesmart/com.getvehiclesmart.vehiclesmart" image="vehicle_smart"/>

	<!-- Vimeo -->
	<AppIcon name="com.vimeo.android.videoapp/com.vimeo.android.videoapp.launch.LaunchActivity" image="vimeo"/>

	<!-- Visualizer -->
	<AppIcon name="com.akzonobel.uk.dulux/com.akzonobel.views.activities.MainActivity" image="visualizer"/>

	<!-- vouchercloud -->
	<AppIcon name="com.vouchercloud.android/com.vouchercloud.android.ActSplash" image="vouchercloud"/>

	<!-- Wagestream -->
	<AppIcon name="com.getpaydays.paydays/com.getpaydays.paydays.MainActivity" image="wagestream"/>

	<!-- Waitrose -->
	<AppIcon name="com.waitrose.groceries/com.waitrose.groceries.SplashActivity" image="waitrose"/>

	<!-- Waze -->
	<AppIcon name="com.waze/com.waze.FreeMapAppActivity" image="waze"/>

	<!-- wikiHow -->
	<AppIcon name="com.wikihow.wikihowapp/com.wikihow.wikihowapp.MainTabActivity" image="wikihow"/>

	<!-- William Hill -->
	<AppIcon name="com.williamhill.sports.android/com.williamhill.sports.android.activities.SplashActivity" image="william_hill"/>

	<!-- Wish -->
	<AppIcon name="com.contextlogic.wish/com.contextlogic.wish.activity.browse.BrowseActivity" image="wish"/>

	<!-- Workday -->
	<AppIcon name="com.workday.workdroidapp/com.workday.workdroidapp.server.login.LauncherActivity" image="workday"/>

	<!-- Xbox -->
	<AppIcon name="com.microsoft.xboxone.smartglass/com.microsoft.xbox.MainActivity" image="xbox"/>

	<!-- Xbox Family -->
	<AppIcon name="com.microsoft.xboxfamily/com.xboxfamily.MainActivity" image="xbox_family"/>

	<!-- Xiaomi Community -->
	<AppIcon name="com.mi.global.bbs/com.mi.global.bbslib.headlines.ui.SplashActivity" image="xiaomi_community"/>

	<!-- Yoti ID -->
	<AppIcon name="com.yoti.mobile.android.live/com.yoti.mobile.android.LauncherActivity" image="yoti_id"/>

	<!-- YouCam Perfect -->
	<AppIcon name="com.cyberlink.youperfect/com.cyberlink.youperfect.activity.SplashActivity" image="youcam_perfect"/>

	<!-- YourParkingSpace -->
	<AppIcon name="com.netsells.yourparkingspace/com.netsells.yourparkingspace.app.presentation.MainActivity" image="yourparkingspace"/>

	<!-- YouTube VR -->
	<AppIcon name="com.google.android.apps.youtube.vr/com.google.android.apps.youtube.vr.activities.YouTubeVrActivity" image="youtube_vr"/>

	<!-- Zapmap -->
	<AppIcon name="com.zapmap.zapmap/com.zapmap.zapmap.activity.SplashActivity" image="zapmap"/>

	<!-- ZARA -->
	<AppIcon name="com.inditex.zara/com.inditex.zara.MainActivityDefaultIcon" image="zara"/>

	<!-- Zedge -->
	<AppIcon name="net.zedge.android/net.zedge.android.MainNewyear" image="zedge"/>

	<!-- Zego Delivery -->
	<AppIcon name="com.tego/com.tego.MainActivity" image="zego_delivery"/>

	<!-- Zoopla -->
	<AppIcon name="com.zoopla.activity/com.zoopla.activity.MainActivity" image="zoopla"/>

</Theme>