<appmap>

	<!-- aCalendar -->
	<item class="org.withouthat.acalendar.ACalendar" name="acalendar"/>

	<!-- aCalTasks -->
	<item class="org.withouthat.acalendar.tasks.TasksActivity" name="acaltasks"/>

	<!-- Alarm Clock Xtreme -->
	<item class="com.alarmclock.xtreme.free.AlarmClock" name="alarm_clock_xtreme"/>

	<!-- Amarok -->
	<item class="deltazero.amarok.launcher.default" name="amarok"/>

	<!-- Copy SMS Code -->
	<item class="io.github.jd1378.otphelper.MainActivity" name="copy_sms_code"/>

	<!-- FindMyDevice -->
	<item class="de.nulide.findmydevice.ui.MainActivity" name="findmydevice"/>

	<!-- floccus -->
	<item class="org.handmadeideas.floccus.MainActivity" name="floccus"/>

	<!-- Gas Prices -->
	<item class="org.woheller69.spritpreise.activities.SplashActivity" name="gas_prices"/>

	<!-- Geizhals -->
	<item class="at.geizhals.android.MainActivity" name="geizhals"/>

	<!-- Gotify -->
	<item class="com.github.gotify.init.InitializationActivity" name="gotify"/>

	<!-- Hail -->
	<item class="com.aistra.hail.ui.main.MainActivity" name="hail"/>

	<!-- Headphones -->
	<item class="com.sony.songpal.mdr.vim.activity.MdrMainActivity" name="headphones"/>

	<!-- Meine AOK -->
	<item class="de.aoksystems.amg.splash.SplashActivity" name="meine_aok"/>

	<!-- mpv -->
	<item class="is.xyz.mpv.MainActivity" name="mpv"/>

	<!-- mydealz -->
	<item class="com.pepper.apps.android.presentation.MainActivityDarkIcon" name="mydealz"/>

	<!-- openScale -->
	<item class="com.health.openscale.gui.MainActivity" name="openscale"/>

	<!-- OSS Document Scanner -->
	<item class="com.akylas.documentscanner.MainActivity" name="oss_document_scanner"/>

	<!-- PhotoPrism Gallery -->
	<item class="ua.com.radiokot.photoprism.features.gallery.view.GalleryActivity" name="photoprism_gallery"/>

	<!-- PhotoSync -->
	<item class="com.touchbyte.photosync.activities.PhotoSyncMainActivity" name="photosync"/>

	<!-- Post & DHL -->
	<item class="de.its_berlin.dhlpaket.base.main.MainActivity" name="post_and_dhl"/>

	<!-- Proxmox Virtual Environment -->
	<item class="com.proxmox.app.pve_flutter_frontend.MainActivity" name="proxmox_virtual_environment"/>

	<!-- Readrops -->
	<item class="com.readrops.app.SplashActivity" name="readrops"/>

	<!-- Rethink -->
	<item class="com.celzero.bravedns.ui.HomeScreenActivity" name="rethink"/>

	<!-- Roborock -->
	<item class="com.roborock.smart.activity.SplashActivity" name="roborock"/>

	<!-- Scalable Capital -->
	<item class="capital.scalable.droid.redesign.screens.cockpit.CockpitActivity" name="scalable_capital"/>

	<!-- Scrambled Exif -->
	<item class="com.jarsilio.android.scrambledeggsif.MainActivity" name="scrambled_exif"/>

	<!-- Settle Up -->
	<item class="cz.destil.settleup.gui.MainActivity" name="settle_up"/>

	<!-- Shizuku -->
	<item class="moe.shizuku.manager.MainActivity" name="shizuku"/>

	<!-- Showly OSS -->
	<item class="com.michaldrabik.showly_oss.ui.main.MainActivity" name="showly_oss"/>

	<!-- Smarter Wi-Fi Manager -->
	<item class="net.kismetwireless.android.smarterwifimanager.MainActivity" name="smarter_wi_fi_manager"/>

	<!-- Sonos -->
	<item class="com.sonos.acr.SonosLaunchActivity" name="sonos"/>

	<!-- Splitwise -->
	<item class="com.Splitwise.SplitwiseMobile.views.SplitwiseSplashScreen" name="splitwise"/>

	<!-- Spritmonitor -->
	<item class="de.spritmonitor.smapp_android.ui.activities.VehiclesActivity" name="spritmonitor"/>

	<!-- Syncthing -->
	<item class="com.nutomic.syncthingandroid.activities.FirstStartActivity" name="syncthing"/>

	<!-- TAN2go -->
	<item class="com.starfinanz.mobile.android.dkbpushtan.DKBPushTan" name="tan2go"/>

	<!-- Wake on Lan -->
	<item class="de.florianisme.wakeonlan.ui.MainActivity" name="wake_on_lan"/>

	<!-- WarnWetter -->
	<item class="de.dwd.warnapp.base.MainActivity" name="warnwetter"/>

</appmap>