<resources>

	<!-- Android Auto -->
	<item component="ComponentInfo{com.google.android.projection.gearhead/com.google.android.gearhead.vanagon.VnLaunchPadActivity}" drawable="android_auto" />

	<!-- AppGallery -->
	<item component="ComponentInfo{com.huawei.appmarket/com.huawei.appmarket.MainActivity}" drawable="appgallery" />

	<!-- Arcticons -->
	<item component="ComponentInfo{com.donnnno.arcticons/com.donnnno.arcticons.activities.MainActivity}" drawable="arcticons" />

	<!-- Arcticons Black -->
	<item component="ComponentInfo{com.donnnno.arcticons.light/com.donnnno.arcticons.activities.MainActivity}" drawable="arcticons_black" />

	<!-- Browser -->
	<item component="ComponentInfo{com.huawei.browser/com.huawei.browser.Main2}" drawable="browser" />

	<!-- Camera -->
	<item component="ComponentInfo{com.huawei.camera/com.huawei.camera}" drawable="camera" />

	<!-- Email -->
	<item component="ComponentInfo{com.android.email/com.android.email.activity.Welcome}" drawable="email" />

	<!-- Fcitx5 for Android -->
	<item component="ComponentInfo{org.fcitx.fcitx5.android/org.fcitx.fcitx5.android.ui.main.MainActivity}" drawable="fcitx5_for_android" />

	<!-- Files -->
	<item component="ComponentInfo{com.huawei.hidisk/com.huawei.hidisk.filemanager.FileManager}" drawable="files" />

	<!-- Goodreads -->
	<item component="ComponentInfo{com.goodreads/com.goodreads.kindle.ui.activity.RoutingActivity}" drawable="goodreads" />

</resources>