<Theme version="1">

	<!-- Android Auto -->
	<AppIcon name="com.google.android.projection.gearhead/com.google.android.gearhead.vanagon.VnLaunchPadActivity" image="android_auto"/>

	<!-- AppGallery -->
	<AppIcon name="com.huawei.appmarket/com.huawei.appmarket.MainActivity" image="appgallery"/>

	<!-- Arcticons -->
	<AppIcon name="com.donnnno.arcticons/com.donnnno.arcticons.activities.MainActivity" image="arcticons"/>

	<!-- Arcticons Black -->
	<AppIcon name="com.donnnno.arcticons.light/com.donnnno.arcticons.activities.MainActivity" image="arcticons_black"/>

	<!-- Browser -->
	<AppIcon name="com.huawei.browser/com.huawei.browser.Main2" image="browser"/>

	<!-- Camera -->
	<AppIcon name="com.huawei.camera/com.huawei.camera" image="camera"/>

	<!-- Email -->
	<AppIcon name="com.android.email/com.android.email.activity.Welcome" image="email"/>

	<!-- Fcitx5 for Android -->
	<AppIcon name="org.fcitx.fcitx5.android/org.fcitx.fcitx5.android.ui.main.MainActivity" image="fcitx5_for_android"/>

	<!-- Files -->
	<AppIcon name="com.huawei.hidisk/com.huawei.hidisk.filemanager.FileManager" image="files"/>

	<!-- Goodreads -->
	<AppIcon name="com.goodreads/com.goodreads.kindle.ui.activity.RoutingActivity" image="goodreads"/>

</Theme>