<Theme version="1">

	<!-- Aptoide -->
	<AppIcon name="cm.aptoide.pt/cm.aptoide.pt.view.MainActivity" image="aptoide"/>

	<!-- Artimind -->
	<AppIcon name="com.artimind.aiart.artgenerator.artavatar/com.apero.artimindchatbox.classes.main.splash.SplashActivity" image="artimind"/>

	<!-- Australis -->
	<AppIcon name="com.unvoid.australis/com.unvoid.australis.activities.SplashActivity" image="australis"/>

	<!-- Base 64 -->
	<AppIcon name="com.pleiades.pleione.base64/com.pleiades.pleione.base64.ui.SplashActivity" image="base_64"/>

	<!-- Camera -->
	<AppIcon name="org.derpfest.flash/org.derpfest.flash.CameraLauncher" image="camera"/>

	<!-- Camera -->
	<AppIcon name="com.google.android.GoogleCameraGood/com.android.camera.CameraLauncher" image="google_camera_good"/>

	<!-- Dolby Atmos -->
	<AppIcon name="com.oneplus.sound.tuner/com.oneplus.sound.tuner.panoramic.DolbyPanoramicSoundActivity" image="dolby_atmos"/>

	<!-- DualSpace Pro -->
	<AppIcon name="com.ludashi.dualspaceprox/com.ludashi.dualspaceprox.ui.activity.SplashActivity" image="dualspace_pro"/>

	<!-- Gramophone -->
	<AppIcon name="org.akanework.gramophone/org.akanework.gramophone.ui.MainActivity" image="gramophone"/>

	<!-- KernelSU -->
	<AppIcon name="me.weishu.kernelsu/me.weishu.kernelsu.ui.MainActivity" image="kernelsu"/>

	<!-- Librera -->
	<AppIcon name="com.foobnix.pdf.reader/com.foobnix.ui2.MainTabs2" image="librera"/>

	<!-- Nebbia KWGT -->
	<AppIcon name="nebbiakwgt.kustom.pack/org.kustom.api.dashboard.DashboardActivity" image="nebbia_kwgt"/>

	<!-- Nothing Material You -->
	<AppIcon name="dev.narikdesign.nothingmaterialyou/dev.narikdesign.nothingmaterialyou.MainActivity" image="nothing_material_you"/>

	<!-- Reev Pro -->
	<AppIcon name="com.reevpro.grabsterstudios/com.reevpro.grabsterstudios.MainActivity" image="reev_pro"/>

	<!-- Spoken English Malayalam -->
	<AppIcon name="com.bigknol.malayalam.spoken.english/com.bigknol.malayalam.spoken.english.SplashScreen" image="spoken_english_malayalam"/>

	<!-- TeleBox -->
	<AppIcon name="com.linkbox.plus.android/com.linkbox.app.LauncherActivity" image="telebox"/>

	<!-- TeraBox -->
	<AppIcon name="com.dubox.drive/com.dubox.drive.ui.Logo0LauncherActivity" image="terabox"/>

	<!-- vpnify -->
	<AppIcon name="com.vpn.free.hotspot.secure.vpnify/com.vpn.free.hotspot.secure.vpnify.MainActivity" image="vpnify"/>

	<!-- XPlayer - Video Player -->
	<AppIcon name="video.player.videoplayer/com.inshot.xplayer.activities.SplashActivity" image="xplayer_video_player"/>

	<!-- YT Music -->
	<AppIcon name="app.revanced.android.apps.youtube.music/com.google.android.apps.youtube.music.activities.MusicActivity" image="yt_music"/>

	<!-- Zomato Delivery -->
	<AppIcon name="com.carthero.driver/com.carthero.driver.splash.SplashActivity" image="zomato_delivery"/>

</Theme>