<resources>

	<!-- °SOUND° -->
	<item component="ComponentInfo{sound.beautifier.bluetooth.music.more.bass.low.volume/sound.beautifier.bluetooth.music.more.bass.low.volume.MiserableUseless}" drawable="_sound_" />

	<!-- Astrology Master -->
	<item component="ComponentInfo{com.astrology.master/com.astrology.master.MainActivity}" drawable="astrology_master" />

	<!-- AstroMatrix -->
	<item component="ComponentInfo{io.cordova.astromatrix/io.cordova.astromatrix.MainActivity}" drawable="astromatrix" />

	<!-- Booksy -->
	<item component="ComponentInfo{net.booksy.customer/net.booksy.customer.SplashActivity}" drawable="booksy" />

	<!-- CashFrenzy -->
	<item component="ComponentInfo{com.noble777.test/org.cocos2dx.javascript.AppActivity}" drawable="cashfrenzy" />

	<!-- Chime -->
	<item component="ComponentInfo{com.onedebit.chime/com.onedebit.chime.MainActivity}" drawable="chime" />

	<!-- Domino's -->
	<item component="ComponentInfo{com.dominospizza/com.dominos.loadingscreen.InitialLaunchActivity}" drawable="dominos" />

	<!-- DoorDash -->
	<item component="ComponentInfo{com.dd.doordash/com.doordash.consumer.ui.login.LauncherActivity}" drawable="doordash" />

	<!-- Expedia -->
	<item component="ComponentInfo{com.expedia.bookings/com.expedia.bookings.activity.SearchActivity}" drawable="expedia" />

	<!-- Family Link -->
	<item component="ComponentInfo{com.google.android.apps.kids.familylink/com.google.android.apps.kids.familylink.flutter.standalone.HomeActivity}" drawable="family_link" />

	<!-- FIRE KIRIN -->
	<item component="ComponentInfo{com.jfgame.Fk/com.unity3d.player.UnityPlayerActivity}" drawable="fire_kirin" />

	<!-- Game Room -->
	<item component="ComponentInfo{org.cocos2d.demo/org.cocos2dx.javascript.AppActivity}" drawable="game_room" />

	<!-- Game Vault -->
	<item component="ComponentInfo{com.game.GameVault/com.game.GameVault.hall.MainActivity}" drawable="game_vault" />

	<!-- Grubhub -->
	<item component="ComponentInfo{com.grubhub.android/com.grubhub.dinerapp.android.splash.SplashActivity}" drawable="grubhub" />

	<!-- HIGH ROLLER -->
	<item component="ComponentInfo{com.jfgame.HighRoller/com.unity3d.player.UnityPlayerActivity}" drawable="high_roller" />

	<!-- Human Design -->
	<item component="ComponentInfo{com.upriselabs.stella/com.upriselabs.stella.MainActivity}" drawable="human_design" />

	<!-- Ignition casino -->
	<item component="ComponentInfo{org.chromium.webapk.ab97951ab5a47bc30_v2/org.chromium.webapk.shell_apk.h2o.H2OOpaqueMainActivity}" drawable="ignition_casino" />

	<!-- JPay -->
	<item component="ComponentInfo{com.brisk.jpay/com.jpay.jpaymobileapp.base.JPayMainActivity}" drawable="jpay" />

	<!-- JUWA -->
	<item component="ComponentInfo{com.juwa.dianwan/com.juwa.dianwan.hall.MainActivity}" drawable="juwa" />

	<!-- LandGlide -->
	<item component="ComponentInfo{com.reportallusa.landglide/com.reportallusa.landglide.MainActivity}" drawable="landglide" />

	<!-- Link to Windows -->
	<item component="ComponentInfo{com.microsoft.appmanager/com.microsoft.appmanager.StartUpCoreActivity}" drawable="link_to_windows" />

	<!-- Lyft -->
	<item component="ComponentInfo{me.lyft.android/me.lyft.android.ui.MainActivity}" drawable="lyft" />

	<!-- Mafia -->
	<item component="ComponentInfo{com.mafia77777.www/org.cocos2dx.javascript.AppActivity}" drawable="mafia" />

	<!-- McDonald's -->
	<item component="ComponentInfo{com.mcdonalds.app/com.mcdonalds.mcdcoreapp.common.activity.SplashActivity}" drawable="mcdonalds" />

	<!-- Mercari -->
	<item component="ComponentInfo{com.mercariapp.mercari/com.mercari.denali.MainActivity}" drawable="mercari" />

	<!-- MILKY WAY -->
	<item component="ComponentInfo{com.jfgame.MilkyWay/com.unity3d.player.UnityPlayerActivity}" drawable="milky_way" />

	<!-- MobilePatrol -->
	<item component="ComponentInfo{com.appriss.mobilepatrol/com.appriss.mobilepatrol.MainActivity}" drawable="mobilepatrol" />

	<!-- My​Metro -->
	<item component="ComponentInfo{com.nuance.nmc.sihome.metropcs/com.nuance.nmc.sihome.metropcs.myMetro}" drawable="my​metro" />

	<!-- Nebula -->
	<item component="ComponentInfo{genesis.nebula/genesis.nebula.module.activity.MainActivity}" drawable="nebula" />

	<!-- Noble -->
	<item component="ComponentInfo{com.gameroom.www/org.cocos2dx.javascript.AppActivity}" drawable="noble" />

	<!-- OfferUp -->
	<item component="ComponentInfo{com.offerup/com.offerup.MainActivity}" drawable="offerup" />

	<!-- Orion Browser -->
	<item component="ComponentInfo{com.hiddenservices.onionservices/com.hiddenservices.onionservices.appManager.homeManager.homeController.homeController}" drawable="orion_browser" />

	<!-- OrionStars -->
	<item component="ComponentInfo{com.jfgame.OrionStars/com.unity3d.player.UnityPlayerActivity}" drawable="orionstars" />

	<!-- PandaMaster -->
	<item component="ComponentInfo{com.jfgame.PandaMaster/com.unity3d.player.UnityPlayerActivity}" drawable="pandamaster" />

	<!-- Pixel Tips -->
	<item component="ComponentInfo{com.google.android.apps.tips/com.google.android.apps.tips.TipsMain}" drawable="pixel_tips" />

	<!-- Pizza Hut -->
	<item component="ComponentInfo{com.yum.pizzahut/com.isobar.pizzahut.android.MainActivity}" drawable="pizza_hut" />

	<!-- Poshmark -->
	<item component="ComponentInfo{com.poshmark.app/com.poshmark.ui.MainActivity}" drawable="poshmark" />

	<!-- PREQUEL -->
	<item component="ComponentInfo{com.prequel.app/com.prequel.app.ui.SplashActivity}" drawable="prequel" />

	<!-- Priceline -->
	<item component="ComponentInfo{com.priceline.android.negotiator/com.priceline.android.negotiator.Launcher}" drawable="priceline" />

	<!-- RiverDragon -->
	<item component="ComponentInfo{com.daz.riverdragon/com.daz.riverdragon.LoginActivity}" drawable="riverdragon" />

	<!-- Rude Karma -->
	<item component="ComponentInfo{com.rudekarma.com.rudekarma/com.rudekarma.com.rudekarma.MainActivity}" drawable="rude_karma" />

	<!-- Scanner Radio -->
	<item component="ComponentInfo{com.scannerradio/com.scannerradio.ui.main.MainActivity}" drawable="scanner_radio" />

	<!-- Securus Mobile -->
	<item component="ComponentInfo{com.securus.videoclient/com.securus.videoclient.activity.LoadingActivity}" drawable="securus_mobile" />

	<!-- SIRIUS -->
	<item component="ComponentInfo{com.ghwyugdhjsghjd.hgfgdfsgf/com.ghwyugdhjsghjd.hgfgdfsgf.hall.MainActivity}" drawable="sirius" />

	<!-- Telegram -->
	<item component="ComponentInfo{org.telegram.messenger/org.telegram.messenger.PremiumIcon}" drawable="telegram_premium" />

	<!-- Texas Lottery -->
	<item component="ComponentInfo{com.texas.lottery/com.texas.lottery.MainActivity}" drawable="texas_lottery" />

	<!-- Themify -->
	<item component="ComponentInfo{themify.aesthetic.themes.widget.wallpaper.app.icon.changer.pack/com.aiby.themify.ui.MainActivity}" drawable="themify" />

	<!-- thredUP -->
	<item component="ComponentInfo{com.thredup.android/com.thredup.android.feature.splash.SplashActivity}" drawable="thredup" />

	<!-- thredUP -->
	<item component="ComponentInfo{org.chromium.webapk.a4cbbd8d3892fc597_v2/org.chromium.webapk.shell_apk.h2o.H2OOpaqueMainActivity}" drawable="webapk_thredup" />

	<!-- Tuesdays -->
	<item component="ComponentInfo{com.tmobile.tuesdays/com.tmobile.tuesdays.MainActivity}" drawable="tuesdays" />

	<!-- Turbo VPN -->
	<item component="ComponentInfo{free.vpn.unblock.proxy.turbovpn/free.vpn.unblock.proxy.turbovpn.activity.StartupActivity}" drawable="turbo_vpn" />

	<!-- Upastro -->
	<item component="ComponentInfo{com.vedicrishiastro.upastrology/com.vedicrishiastro.upastrology.activity.splashScreen.SplashActivity}" drawable="upastro" />

	<!-- Varo Bank -->
	<item component="ComponentInfo{com.varomoney.bank/com.varomoney.bank.presentation.main.activity.MainActivity}" drawable="varo_bank" />

	<!-- VEGAS SWEEPS -->
	<item component="ComponentInfo{com.lasvegassweeps.Game/com.lasvegassweeps.Game.hall.MainActivity}" drawable="vegas_sweeps" />

	<!-- Venmo -->
	<item component="ComponentInfo{com.venmo/com.venmo.AppExperienceLauncherActivity}" drawable="venmo" />

	<!-- Walmart -->
	<item component="ComponentInfo{com.walmart.android/com.walmart.glass.integration.splash.SplashActivity}" drawable="walmart" />

	<!-- Wish -->
	<item component="ComponentInfo{com.contextlogic.wish/com.contextlogic.wish.activity.browse.BrowseActivity}" drawable="wish" />

	<!-- Z-Lib -->
	<item component="ComponentInfo{com.positron_it.zlib/com.positron_it.zlib.ui.splash.SplashActivity}" drawable="z_lib" />

</resources>