<appmap>

	<!-- Airtel -->
	<item class="com.myairtelapp.home.views.activities.SplashScreenActivity" name="airtel"/>

	<!-- AJIO -->
	<item class="com.ril.ajio.launch.activity.SplashScreenActivity" name="ajio"/>

	<!-- Background Eraser -->
	<item class="com.handycloset.android.eraser.MainActivity" name="background_eraser"/>

	<!-- BandLab -->
	<item class="com.bandlab.navigation.entry.NavigationActivity" name="bandlab"/>

	<!-- Cache Cleaner -->
	<item class="com.github.bmx666.appcachecleaner.ui.activity.LauncherActivity" name="cache_cleaner"/>

	<!-- Calculator -->
	<item class="com.android.calculator2.Calculator" name="calculator"/>

	<!-- Camera -->
	<item class="com.oplus.camera.Camera" name="camera"/>

	<!-- Chess -->
	<item class="com.chess.splash.SplashActivity" name="chess"/>

	<!-- Clock -->
	<item class="com.coloros.alarmclock.AlarmClock" name="clock"/>

	<!-- Clubhouse -->
	<item class="com.clubhouse.android.ui.ClubhouseActivity" name="clubhouse"/>

	<!-- Compass -->
	<item class="com.coloros.compass.flat.FlatCompass" name="compass"/>

	<!-- Confirmtkt -->
	<item class="com.confirmtkt.lite.LaunchActivity" name="confirmtkt"/>

	<!-- Digital Marketing -->
	<item class="com.freeit.java.modules.onboarding.SplashScreenActivity" name="digital_marketing"/>

	<!-- Evernote -->
	<item class="com.evernote.SplashActivity" name="evernote"/>

	<!-- Flo -->
	<item class="org.iggymedia.periodtracker.activities.InitialActivity" name="flo"/>

	<!-- Games -->
	<item class="com.oplus.games.ui.main.MainGameActivity" name="games"/>

	<!-- HeyTap Cloud -->
	<item class="com.heytap.cloud.home.ui.CloudLauncherActivity" name="heytap_cloud"/>

	<!-- Internet -->
	<item class="com.android.browser.BrowserActivity" name="internet"/>

	<!-- Invoices -->
	<item class="com.aadhk.woinvoice.MainActivity" name="invoices"/>

	<!-- JioMart -->
	<item class="com.jpl.jiomartsdk.dashboard.activities.SplashActivityAlias1" name="jiomart"/>

	<!-- Justdial -->
	<item class="com.justdial.search.SplashScreenNewActivity" name="justdial"/>

	<!-- Kegel -->
	<item class="com.appercut.kegel.activities.SplashScreenActivity" name="kegel"/>

	<!-- LibreTube -->
	<item class="com.github.libretube.Default" name="libretube"/>

	<!-- Music -->
	<item class="com.allsaints.music.ui.splash.SplashActivity" name="music"/>

	<!-- My Files -->
	<item class="com.oplus.filemanager.main.ui.MainActivity" name="my_files"/>

	<!-- NoiseFit -->
	<item class="com.noisefit.ui.SplashActivity" name="noisefit"/>

	<!-- OLX India -->
	<item class="com.olxgroup.panamera.app.users.onboarding.activities.SplashActivity" name="olx_india"/>

	<!-- OnStream -->
	<item class="com.maertsno.m.ui.main.MainActivity" name="onstream"/>

	<!-- Pagan Music Sequencer -->
	<item class="com.qfs.pagan.MainActivity" name="pagan_music_sequencer"/>

	<!-- Phone Manager -->
	<item class="com.coloros.phonemanager.FakeActivity" name="phone_manager"/>

	<!-- Photos -->
	<item class="com.coloros.gallery3d.app.MainActivity" name="photos"/>

	<!-- PicSay Pro -->
	<item class="com.shinycore.picsaypro.main" name="picsay_pro"/>

	<!-- PrivadoVPN -->
	<item class="io.privado.android.ui.splash.SplashActivity" name="privadovpn"/>

	<!-- QR/Barcode Scanner Pro -->
	<item class="com.barcode.qrcode.scanner.reader.pro.activity.MainActivity" name="qr_barcode_scanner_pro"/>

	<!-- Recorder -->
	<item class="oplus.multimedia.soundrecorder.filebrowser.BrowseFile" name="recorder"/>

	<!-- Rewards -->
	<item class="com.google.android.apps.paidtasks.activity.LaunchActivity" name="rewards"/>

	<!-- Shazam Lite -->
	<item class="com.shazam.android.lite.ui.SplashActivity" name="shazam_lite"/>

	<!-- SIM 2 Toolkit -->
	<item class="com.android.stk.OplusStkLauncherActivity2" name="sim_2_toolkit"/>

	<!-- Solitaire -->
	<item class="com.smokingguninc.engine.framework.SgiLauncherActivity" name="solitaire"/>

	<!-- Theme Store -->
	<item class="com.nearme.themespace.activities.ThemeActivity" name="theme_store"/>

	<!-- Up Tempo -->
	<item class="com.stonekick.speedadjuster.MainActivity" name="up_tempo"/>

	<!-- Videos -->
	<item class="com.oplus.video.SplashActivity" name="videos"/>

	<!-- Vocabulary Builder -->
	<item class="com.magoosh.gre.quiz.vocabulary.MainActivity" name="vocabulary_builder"/>

	<!-- Weather -->
	<item class="com.oplus.weather.main.view.WeatherMainActivity" name="weather"/>

	<!-- YONO SBI -->
	<item class="com.sbi.lotusintouch.MainActivity" name="yono_sbi"/>

	<!-- µTorrent Pro -->
	<item class="com.bittorrent.app.Main" name="µtorrent_pro"/>

</appmap>