<resources>

	<!-- BB -->
	<item component="ComponentInfo{br.com.bb.android/br.com.bb.android.reactnative.ReactLoginActivity}" drawable="bb" />

	<!-- Calendário -->
	<item component="ComponentInfo{com.samsung.android.calendar/com.android.calendar.AllInOneActivity}" drawable="calendario" />

	<!-- DroidRec -->
	<item component="ComponentInfo{com.yakovlevegor.DroidRec/com.yakovlevegor.DroidRec.MainActivity}" drawable="droidrec" />

	<!-- Escola RS - Estudante -->
	<item component="ComponentInfo{br.com.procergs.estudante/br.com.procergs.estudante.MainActivity}" drawable="escola_rs_estudante" />

	<!-- Icedrive -->
	<item component="ComponentInfo{com.icedrive.app/com.icedrive.app.ActivitySplash}" drawable="icedrive" />

	<!-- Mensagens -->
	<item component="ComponentInfo{com.samsung.android.messaging/com.samsung.android.messaging.ui.ConversationList}" drawable="mensagens" />

	<!-- Picsart -->
	<item component="ComponentInfo{com.picsart.studio/com.socialin.android.photo.picsinphoto.MainPagerActivity}" drawable="picsart" />

	<!-- Rota77 -->
	<item component="ComponentInfo{br.com.rota77.passenger.drivermachine/br.com.rota77.passenger.drivermachine.ChooseActivity}" drawable="rota77" />

	<!-- Safe Notes -->
	<item component="ComponentInfo{com.trisven.safenotes/com.trisven.safenotes.MainActivity}" drawable="safe_notes" />

	<!-- Simplenote -->
	<item component="ComponentInfo{com.automattic.simplenote/com.automattic.simplenote.NotesActivity}" drawable="simplenote" />

	<!-- Stingle Photos -->
	<item component="ComponentInfo{org.stingle.photos/org.stingle.photos.GalleryActivity}" drawable="stingle_photos" />

	<!-- Sync -->
	<item component="ComponentInfo{com.sync.mobileapp/com.sync.mobileapp.activities.SplashActivity}" drawable="sync" />

	<!-- Telefone -->
	<item component="ComponentInfo{com.android.contacts/com.android.dialer.app.DialtactsActivity}" drawable="telefone" />

	<!-- Uloz.to Disk -->
	<item component="ComponentInfo{cz.ulozto.store.gp/cz.ulozto.app.MainActivity}" drawable="ulozto_disk" />

	<!-- Vinyl -->
	<item component="ComponentInfo{com.poupa.vinylmusicplayer/com.poupa.vinylmusicplayer.ui.activities.MainActivity}" drawable="vinyl" />

</resources>