<Theme version="1">

	<!-- BB -->
	<AppIcon name="br.com.bb.android/br.com.bb.android.reactnative.ReactLoginActivity" image="bb"/>

	<!-- Calendário -->
	<AppIcon name="com.samsung.android.calendar/com.android.calendar.AllInOneActivity" image="calendario"/>

	<!-- DroidRec -->
	<AppIcon name="com.yakovlevegor.DroidRec/com.yakovlevegor.DroidRec.MainActivity" image="droidrec"/>

	<!-- Escola RS - Estudante -->
	<AppIcon name="br.com.procergs.estudante/br.com.procergs.estudante.MainActivity" image="escola_rs_estudante"/>

	<!-- Icedrive -->
	<AppIcon name="com.icedrive.app/com.icedrive.app.ActivitySplash" image="icedrive"/>

	<!-- Mensagens -->
	<AppIcon name="com.samsung.android.messaging/com.samsung.android.messaging.ui.ConversationList" image="mensagens"/>

	<!-- Picsart -->
	<AppIcon name="com.picsart.studio/com.socialin.android.photo.picsinphoto.MainPagerActivity" image="picsart"/>

	<!-- Rota77 -->
	<AppIcon name="br.com.rota77.passenger.drivermachine/br.com.rota77.passenger.drivermachine.ChooseActivity" image="rota77"/>

	<!-- Safe Notes -->
	<AppIcon name="com.trisven.safenotes/com.trisven.safenotes.MainActivity" image="safe_notes"/>

	<!-- Simplenote -->
	<AppIcon name="com.automattic.simplenote/com.automattic.simplenote.NotesActivity" image="simplenote"/>

	<!-- Stingle Photos -->
	<AppIcon name="org.stingle.photos/org.stingle.photos.GalleryActivity" image="stingle_photos"/>

	<!-- Sync -->
	<AppIcon name="com.sync.mobileapp/com.sync.mobileapp.activities.SplashActivity" image="sync"/>

	<!-- Telefone -->
	<AppIcon name="com.android.contacts/com.android.dialer.app.DialtactsActivity" image="telefone"/>

	<!-- Uloz.to Disk -->
	<AppIcon name="cz.ulozto.store.gp/cz.ulozto.app.MainActivity" image="ulozto_disk"/>

	<!-- Vinyl -->
	<AppIcon name="com.poupa.vinylmusicplayer/com.poupa.vinylmusicplayer.ui.activities.MainActivity" image="vinyl"/>

</Theme>