<resources>

	<!-- Etar -->
	<item component="ComponentInfo{ws.xsoh.etar/com.android.calendar.AllInOneActivity}" drawable="etar" />

	<!-- Galería -->
	<item component="ComponentInfo{org.fossify.gallery/org.fossify.gallery.activities.SplashActivity.Light_blue}" drawable="galeria" />

	<!-- Jitsi Meet -->
	<item component="ComponentInfo{org.jitsi.meet/org.jitsi.meet.MainActivity}" drawable="jitsi_meet" />

	<!-- Kontalk -->
	<item component="ComponentInfo{org.kontalk/org.kontalk.ui.ConversationsActivity}" drawable="kontalk" />

	<!-- Markor -->
	<item component="ComponentInfo{net.gsantner.markor/net.gsantner.markor.activity.MainActivity}" drawable="markor" />

	<!-- Molly -->
	<item component="ComponentInfo{im.molly.app/org.thoughtcrime.securesms.RoutingActivity}" drawable="molly" />

	<!-- SuperTuxKart -->
	<item component="ComponentInfo{org.supertuxkart.stk/org.supertuxkart.stk.SuperTuxKartActivity}" drawable="supertuxkart" />

	<!-- Support -->
	<item component="ComponentInfo{org.divestos.supportdivestos/org.divestos.supportdivestos.MainActivity}" drawable="support" />

</resources>