<Theme version="1">

	<!-- Etar -->
	<AppIcon name="ws.xsoh.etar/com.android.calendar.AllInOneActivity" image="etar"/>

	<!-- Galería -->
	<AppIcon name="org.fossify.gallery/org.fossify.gallery.activities.SplashActivity.Light_blue" image="galeria"/>

	<!-- Jitsi Meet -->
	<AppIcon name="org.jitsi.meet/org.jitsi.meet.MainActivity" image="jitsi_meet"/>

	<!-- Kontalk -->
	<AppIcon name="org.kontalk/org.kontalk.ui.ConversationsActivity" image="kontalk"/>

	<!-- Markor -->
	<AppIcon name="net.gsantner.markor/net.gsantner.markor.activity.MainActivity" image="markor"/>

	<!-- Molly -->
	<AppIcon name="im.molly.app/org.thoughtcrime.securesms.RoutingActivity" image="molly"/>

	<!-- SuperTuxKart -->
	<AppIcon name="org.supertuxkart.stk/org.supertuxkart.stk.SuperTuxKartActivity" image="supertuxkart"/>

	<!-- Support -->
	<AppIcon name="org.divestos.supportdivestos/org.divestos.supportdivestos.MainActivity" image="support"/>

</Theme>