<resources>

	<!-- AndroidIDE -->
	<item component="ComponentInfo{com.itsaky.androidide/com.itsaky.androidide.activities.SplashActivity}" drawable="androidide" />

	<!-- Appareil photo -->
	<item component="ComponentInfo{com.motorola.camera2/com.motorola.camera.Camera}" drawable="appareil_photo" />

	<!-- Calculatrice -->
	<item component="ComponentInfo{com.app.hider.master.pro/com.android.launcher3.icon_disguise11}" drawable="calculatrice" />

	<!-- Desjardins -->
	<item component="ComponentInfo{com.desjardins.mobile/com.desjardins.mobile.ui.launcher.LauncherActivity}" drawable="desjardins" />

	<!-- Easy DNS -->
	<item component="ComponentInfo{com.inunxlabs.easydns/com.inunxlabs.easydns.Main}" drawable="easy_dns" />

	<!-- Fake Traveler -->
	<item component="ComponentInfo{cl.coders.faketraveler/cl.coders.faketraveler.MainActivity}" drawable="fake_traveler" />

	<!-- Godot Editor 4 -->
	<item component="ComponentInfo{org.godotengine.editor.v4/org.godotengine.editor.GodotProjectManager}" drawable="godot_editor_4" />

	<!-- Linux Deploy -->
	<item component="ComponentInfo{ru.meefik.linuxdeploy/ru.meefik.linuxdeploy.Launcher}" drawable="linux_deploy" />

	<!-- Mon Compte -->
	<item component="ComponentInfo{ca.luckymobile/ca.luckymobile.splashscreen.SplashActivity}" drawable="mon_compte" />

	<!-- Ning -->
	<item component="ComponentInfo{de.csicar.ning/de.csicar.ning.MainActivity}" drawable="ning" />

	<!-- Nix -->
	<item component="ComponentInfo{com.termux.nix/com.termux.app.TermuxActivity}" drawable="nix" />

	<!-- nRF Connect -->
	<item component="ComponentInfo{no.nordicsemi.android.mcp/no.nordicsemi.android.mcp.MainActivity}" drawable="nrf_connect" />

	<!-- Official TWRP App -->
	<item component="ComponentInfo{me.twrp.twrpapp/me.twrp.officialtwrpapp.activities.MainActivity}" drawable="official_twrp_app" />

	<!-- Opening Wifi -->
	<item component="ComponentInfo{com.openingwifi.networkshield/org.toolman.wifi.SplashyActivity}" drawable="opening_wifi" />

	<!-- QR & Barcode Scanner -->
	<item component="ComponentInfo{com.gamma.scan/com.gamma.barcodeapp.ui.BarcodeCaptureActivity}" drawable="qr_and_barcode_scanner" />

	<!-- Shizuku -->
	<item component="ComponentInfo{moe.shizuku.privileged.api/moe.shizuku.manager.MainActivity}" drawable="shizuku" />

	<!-- Smartspacer -->
	<item component="ComponentInfo{com.kieronquinn.app.smartspacer/com.kieronquinn.app.smartspacer.ui.activities.MainActivity}" drawable="smartspacer" />

	<!-- TD (Canada) -->
	<item component="ComponentInfo{com.td/com.td.mobile.controllers.StartupActivity}" drawable="td_canada_" />

	<!-- Uptodown App Store -->
	<item component="ComponentInfo{com.uptodown/com.uptodown.activities.MainActivityScrollable}" drawable="uptodown_app_store" />

	<!-- VMOS Pro -->
	<item component="ComponentInfo{com.vmos.pro/com.vmos.pro.activities.splash.SplashActivity}" drawable="vmos_pro" />

	<!-- Workspace -->
	<item component="ComponentInfo{com.citrix.Receiver/com.citrix.client.Receiver.ui.activities.SplashActivity}" drawable="workspace" />

</resources>