<Theme version="1">

	<!-- AndroidIDE -->
	<AppIcon name="com.itsaky.androidide/com.itsaky.androidide.activities.SplashActivity" image="androidide"/>

	<!-- Appareil photo -->
	<AppIcon name="com.motorola.camera2/com.motorola.camera.Camera" image="appareil_photo"/>

	<!-- Calculatrice -->
	<AppIcon name="com.app.hider.master.pro/com.android.launcher3.icon_disguise11" image="calculatrice"/>

	<!-- Desjardins -->
	<AppIcon name="com.desjardins.mobile/com.desjardins.mobile.ui.launcher.LauncherActivity" image="desjardins"/>

	<!-- Easy DNS -->
	<AppIcon name="com.inunxlabs.easydns/com.inunxlabs.easydns.Main" image="easy_dns"/>

	<!-- Fake Traveler -->
	<AppIcon name="cl.coders.faketraveler/cl.coders.faketraveler.MainActivity" image="fake_traveler"/>

	<!-- Godot Editor 4 -->
	<AppIcon name="org.godotengine.editor.v4/org.godotengine.editor.GodotProjectManager" image="godot_editor_4"/>

	<!-- Linux Deploy -->
	<AppIcon name="ru.meefik.linuxdeploy/ru.meefik.linuxdeploy.Launcher" image="linux_deploy"/>

	<!-- Mon Compte -->
	<AppIcon name="ca.luckymobile/ca.luckymobile.splashscreen.SplashActivity" image="mon_compte"/>

	<!-- Ning -->
	<AppIcon name="de.csicar.ning/de.csicar.ning.MainActivity" image="ning"/>

	<!-- Nix -->
	<AppIcon name="com.termux.nix/com.termux.app.TermuxActivity" image="nix"/>

	<!-- nRF Connect -->
	<AppIcon name="no.nordicsemi.android.mcp/no.nordicsemi.android.mcp.MainActivity" image="nrf_connect"/>

	<!-- Official TWRP App -->
	<AppIcon name="me.twrp.twrpapp/me.twrp.officialtwrpapp.activities.MainActivity" image="official_twrp_app"/>

	<!-- Opening Wifi -->
	<AppIcon name="com.openingwifi.networkshield/org.toolman.wifi.SplashyActivity" image="opening_wifi"/>

	<!-- QR & Barcode Scanner -->
	<AppIcon name="com.gamma.scan/com.gamma.barcodeapp.ui.BarcodeCaptureActivity" image="qr_and_barcode_scanner"/>

	<!-- Shizuku -->
	<AppIcon name="moe.shizuku.privileged.api/moe.shizuku.manager.MainActivity" image="shizuku"/>

	<!-- Smartspacer -->
	<AppIcon name="com.kieronquinn.app.smartspacer/com.kieronquinn.app.smartspacer.ui.activities.MainActivity" image="smartspacer"/>

	<!-- TD (Canada) -->
	<AppIcon name="com.td/com.td.mobile.controllers.StartupActivity" image="td_canada_"/>

	<!-- Uptodown App Store -->
	<AppIcon name="com.uptodown/com.uptodown.activities.MainActivityScrollable" image="uptodown_app_store"/>

	<!-- VMOS Pro -->
	<AppIcon name="com.vmos.pro/com.vmos.pro.activities.splash.SplashActivity" image="vmos_pro"/>

	<!-- Workspace -->
	<AppIcon name="com.citrix.Receiver/com.citrix.client.Receiver.ui.activities.SplashActivity" image="workspace"/>

</Theme>