<resources>

	<!-- 5gmark -->
	<item component="ComponentInfo{com.agence3pp/qosi.fr.usingqosiframework.splashscreen.SplashscreenActivity}" drawable="_5gmark" />

	<!-- Battle.net -->
	<item component="ComponentInfo{com.blizzard.messenger/com.blizzard.messenger.ui.splash.SplashActivity}" drawable="battlenet" />

	<!-- Boussole -->
	<item component="ComponentInfo{app.melon.icompass/app.melon.icompass.CompassActivi}" drawable="boussole" />

	<!-- Chatous -->
	<item component="ComponentInfo{com.chatous.chatous/com.chatous.chatous.ui.activity.AnnouncementActivity}" drawable="chatous" />

	<!-- Compteur de points Tarot -->
	<item component="ComponentInfo{com.francoisdexemple.compteurdepointtarot/com.francoisdexemple.compteurdepointsdetarot.MainMenu.MainMenu}" drawable="compteur_de_points_tarot" />

	<!-- EDF & MOI -->
	<item component="ComponentInfo{com.edf.edfetmoi/com.edf.edfetmoi.presentation.feature.splash.presentation.SplashActivity}" drawable="edf_and_moi" />

	<!-- Enregistreur de Voix Facile -->
	<item component="ComponentInfo{com.coffeebeanventures.easyvoicerecorder/com.digipom.easyvoicerecorder.ui.activity.EasyVoiceRecorderActivity}" drawable="enregistreur_de_voix_facile" />

	<!-- Epic Games Store -->
	<item component="ComponentInfo{com.epicgames.portal/com.epicgames.portal.MainActivity}" drawable="epic_games_store" />

	<!-- Europcar -->
	<item component="ComponentInfo{com.clanmo.europcar/com.application.europcar.newapp.feature.splashscreen.SplashActivity}" drawable="europcar" />

	<!-- EX Explorer -->
	<item component="ComponentInfo{com.ex.apps.fileexplorer.filemanager2020/dev.dworks.apps.anexplorer.DocumentsActivity}" drawable="ex_explorer" />

	<!-- F-Droid -->
	<item component="ComponentInfo{com.offsec.nethunter.store/org.fdroid.fdroid.views.main.MainActivity}" drawable="f_droid" />

	<!-- Family Safety -->
	<item component="ComponentInfo{com.microsoft.familysafety/com.microsoft.familysafety.MainActivity}" drawable="family_safety" />

	<!-- hOn -->
	<item component="ComponentInfo{com.haiereurope.hon/com.haiereurope.hon.SplashActivity}" drawable="hon" />

	<!-- Immortal -->
	<item component="ComponentInfo{com.blizzard.diablo.immortal/com.netease.game.MessiahNativeActivity}" drawable="immortal" />

	<!-- impots.gouv -->
	<item component="ComponentInfo{fr.gouv.finances.smartphone.android/fr.gouv.finances.smartphone.android.MainActivity}" drawable="impotsgouv" />

	<!-- KeePassDX -->
	<item component="ComponentInfo{com.kunzisoft.keepass.free/com.kunzisoft.keepass.activities.FileDatabaseSelectActivity}" drawable="keepassdx" />

	<!-- Ma Banque -->
	<item component="ComponentInfo{fr.creditagricole.androidapp/fr.ca.cats.nmb.start.StartActivity}" drawable="ma_banque" />

	<!-- Mobile Legends: Bang Bang -->
	<item component="ComponentInfo{com.mobile.legends/com.moba.unityplugin.MobaGameMainActivityWithExtractor}" drawable="mobile_legends_bang_bang" />

	<!-- mobile.de -->
	<item component="ComponentInfo{de.mobile.android.app/de.mobile.android.app.splash.Splash}" drawable="mobilede" />

	<!-- NetHunter KeX -->
	<item component="ComponentInfo{com.offsec.nethunter.kex/com.iiordanov.bVNC.bVNC}" drawable="nethunter_kex" />

	<!-- Notepad Plus -->
	<item component="ComponentInfo{com.aci.android.notepadplusnew/com.aci.android.notepadplusnew.MainActivity}" drawable="notepad_plus" />

	<!-- OpenVPN Connect -->
	<item component="ComponentInfo{net.openvpn.openvpn/net.openvpn.unified.MainActivity}" drawable="openvpn_connect" />

	<!-- Paiement Mobile -->
	<item component="ComponentInfo{fr.creditagricole.macarteca/fr.creditagricole.macarte.presentation.SplashActivity}" drawable="paiement_mobile" />

	<!-- ParcAsterix -->
	<item component="ComponentInfo{fr.parcasterix.appli.android/com.parcasterix.SplashActivity}" drawable="parcasterix" />

	<!-- Pdf editor -->
	<item component="ComponentInfo{com.offiwiz.pdf.editor.reader/com.offiwiz.pdf.editor.reader.LoadingActivity}" drawable="pdf_editor" />

	<!-- Power Automate -->
	<item component="ComponentInfo{com.microsoft.flow/com.microsoft.flow.MainActivity}" drawable="power_automate" />

	<!-- Sea of Conquest -->
	<item component="ComponentInfo{com.seaofconquest.global/com.kingsgroup.mo.KGUnityPlayerActivity}" drawable="sea_of_conquest" />

	<!-- SFR & Moi -->
	<item component="ComponentInfo{com.sfr.android.moncompte/com.sfr.android.moncompte.MonCompteMain}" drawable="sfr_and_moi" />

	<!-- SFR Mail -->
	<item component="ComponentInfo{com.sfr.android.sfrmail/com.sfr.android.sfrmail.activity.SFRMailMain}" drawable="sfr_mail" />

	<!-- SFR TV -->
	<item component="ComponentInfo{com.sfr.android.gen8/com.sfr.android.gen8.sfr.SfrTvMain}" drawable="sfr_tv" />

	<!-- Smallpdf -->
	<item component="ComponentInfo{com.smallpdf.app.android/com.smallpdf.app.android.Launcher}" drawable="smallpdf" />

	<!-- Smart Tutor -->
	<item component="ComponentInfo{com.rsupport.rs.activity.rsupport.aas2/com.rsupport.rs.activity.edit.IntroActivity}" drawable="smart_tutor" />

	<!-- Smartphone Link -->
	<item component="ComponentInfo{com.garmin.android.apps.phonelink/com.garmin.android.apps.phonelink.PhoneLinkMain}" drawable="smartphone_link" />

	<!-- SNCF Connect -->
	<item component="ComponentInfo{com.vsct.vsc.mobile.horaireetresa.android/com.evoyageurs.invictus.flutter.MainActivity}" drawable="sncf_connect" />

	<!-- Switch (contrôle parental) -->
	<item component="ComponentInfo{com.nintendo.znma/com.nintendo.nx.moon.SplashActivity}" drawable="switch_controle_parental_" />

	<!-- Telegram -->
	<item component="ComponentInfo{org.telegram.messenger.web/org.telegram.messenger.DefaultIcon}" drawable="telegram" />

	<!-- Text Editor -->
	<item component="ComponentInfo{com.byteexperts.texteditor/com.byteexperts.texteditor.DEEditorActivity}" drawable="text_editor" />

	<!-- Tusmo -->
	<item component="ComponentInfo{com.TusmoDev.Tusmo/com.unity3d.player.UnityPlayerActivity}" drawable="tusmo" />

	<!-- Twitch -->
	<item component="ComponentInfo{tv.twitch.android.app/tv.twitch.android.app.core.LandingActivity}" drawable="twitch" />

	<!-- Waze -->
	<item component="ComponentInfo{com.waze/com.waze.FreeMapAppActivity}" drawable="waze" />

	<!-- WG Tunnel -->
	<item component="ComponentInfo{com.zaneschepke.wireguardautotunnel/com.zaneschepke.wireguardautotunnel.ui.MainActivity}" drawable="wg_tunnel" />

	<!-- Whiteboard -->
	<item component="ComponentInfo{com.microsoft.whiteboard.publicpreview/com.microsoft.whiteboard.activity.WhiteBoardLauncherActivity}" drawable="whiteboard" />

	<!-- Wild Rift -->
	<item component="ComponentInfo{com.riotgames.league.wildrift/com.tencent.lolm.lgame}" drawable="wild_rift" />

	<!-- Winner -->
	<item component="ComponentInfo{il.talent.winner/il.talent.winner.MainActivity}" drawable="winner" />

</resources>