<appmap>

	<!-- 5gmark -->
	<item class="qosi.fr.usingqosiframework.splashscreen.SplashscreenActivity" name="_5gmark"/>

	<!-- Battle.net -->
	<item class="com.blizzard.messenger.ui.splash.SplashActivity" name="battlenet"/>

	<!-- Boussole -->
	<item class="app.melon.icompass.CompassActivi" name="boussole"/>

	<!-- Chatous -->
	<item class="com.chatous.chatous.ui.activity.AnnouncementActivity" name="chatous"/>

	<!-- Compteur de points Tarot -->
	<item class="com.francoisdexemple.compteurdepointsdetarot.MainMenu.MainMenu" name="compteur_de_points_tarot"/>

	<!-- EDF & MOI -->
	<item class="com.edf.edfetmoi.presentation.feature.splash.presentation.SplashActivity" name="edf_and_moi"/>

	<!-- Enregistreur de Voix Facile -->
	<item class="com.digipom.easyvoicerecorder.ui.activity.EasyVoiceRecorderActivity" name="enregistreur_de_voix_facile"/>

	<!-- Epic Games Store -->
	<item class="com.epicgames.portal.MainActivity" name="epic_games_store"/>

	<!-- Europcar -->
	<item class="com.application.europcar.newapp.feature.splashscreen.SplashActivity" name="europcar"/>

	<!-- EX Explorer -->
	<item class="dev.dworks.apps.anexplorer.DocumentsActivity" name="ex_explorer"/>

	<!-- F-Droid -->
	<item class="org.fdroid.fdroid.views.main.MainActivity" name="f_droid"/>

	<!-- Family Safety -->
	<item class="com.microsoft.familysafety.MainActivity" name="family_safety"/>

	<!-- hOn -->
	<item class="com.haiereurope.hon.SplashActivity" name="hon"/>

	<!-- Immortal -->
	<item class="com.netease.game.MessiahNativeActivity" name="immortal"/>

	<!-- impots.gouv -->
	<item class="fr.gouv.finances.smartphone.android.MainActivity" name="impotsgouv"/>

	<!-- KeePassDX -->
	<item class="com.kunzisoft.keepass.activities.FileDatabaseSelectActivity" name="keepassdx"/>

	<!-- Ma Banque -->
	<item class="fr.ca.cats.nmb.start.StartActivity" name="ma_banque"/>

	<!-- Mobile Legends: Bang Bang -->
	<item class="com.moba.unityplugin.MobaGameMainActivityWithExtractor" name="mobile_legends_bang_bang"/>

	<!-- mobile.de -->
	<item class="de.mobile.android.app.splash.Splash" name="mobilede"/>

	<!-- NetHunter KeX -->
	<item class="com.iiordanov.bVNC.bVNC" name="nethunter_kex"/>

	<!-- Notepad Plus -->
	<item class="com.aci.android.notepadplusnew.MainActivity" name="notepad_plus"/>

	<!-- OpenVPN Connect -->
	<item class="net.openvpn.unified.MainActivity" name="openvpn_connect"/>

	<!-- Paiement Mobile -->
	<item class="fr.creditagricole.macarte.presentation.SplashActivity" name="paiement_mobile"/>

	<!-- ParcAsterix -->
	<item class="com.parcasterix.SplashActivity" name="parcasterix"/>

	<!-- Pdf editor -->
	<item class="com.offiwiz.pdf.editor.reader.LoadingActivity" name="pdf_editor"/>

	<!-- Power Automate -->
	<item class="com.microsoft.flow.MainActivity" name="power_automate"/>

	<!-- Sea of Conquest -->
	<item class="com.kingsgroup.mo.KGUnityPlayerActivity" name="sea_of_conquest"/>

	<!-- SFR & Moi -->
	<item class="com.sfr.android.moncompte.MonCompteMain" name="sfr_and_moi"/>

	<!-- SFR Mail -->
	<item class="com.sfr.android.sfrmail.activity.SFRMailMain" name="sfr_mail"/>

	<!-- SFR TV -->
	<item class="com.sfr.android.gen8.sfr.SfrTvMain" name="sfr_tv"/>

	<!-- Smallpdf -->
	<item class="com.smallpdf.app.android.Launcher" name="smallpdf"/>

	<!-- Smart Tutor -->
	<item class="com.rsupport.rs.activity.edit.IntroActivity" name="smart_tutor"/>

	<!-- Smartphone Link -->
	<item class="com.garmin.android.apps.phonelink.PhoneLinkMain" name="smartphone_link"/>

	<!-- SNCF Connect -->
	<item class="com.evoyageurs.invictus.flutter.MainActivity" name="sncf_connect"/>

	<!-- Switch (contrôle parental) -->
	<item class="com.nintendo.nx.moon.SplashActivity" name="switch_controle_parental_"/>

	<!-- Telegram -->
	<item class="org.telegram.messenger.DefaultIcon" name="telegram"/>

	<!-- Text Editor -->
	<item class="com.byteexperts.texteditor.DEEditorActivity" name="text_editor"/>

	<!-- Tusmo -->
	<item class="com.unity3d.player.UnityPlayerActivity" name="tusmo"/>

	<!-- Twitch -->
	<item class="tv.twitch.android.app.core.LandingActivity" name="twitch"/>

	<!-- Waze -->
	<item class="com.waze.FreeMapAppActivity" name="waze"/>

	<!-- WG Tunnel -->
	<item class="com.zaneschepke.wireguardautotunnel.ui.MainActivity" name="wg_tunnel"/>

	<!-- Whiteboard -->
	<item class="com.microsoft.whiteboard.activity.WhiteBoardLauncherActivity" name="whiteboard"/>

	<!-- Wild Rift -->
	<item class="com.tencent.lolm.lgame" name="wild_rift"/>

	<!-- Winner -->
	<item class="il.talent.winner.MainActivity" name="winner"/>

</appmap>