<Theme version="1">

	<!-- 5gmark -->
	<AppIcon name="com.agence3pp/qosi.fr.usingqosiframework.splashscreen.SplashscreenActivity" image="_5gmark"/>

	<!-- Battle.net -->
	<AppIcon name="com.blizzard.messenger/com.blizzard.messenger.ui.splash.SplashActivity" image="battlenet"/>

	<!-- Boussole -->
	<AppIcon name="app.melon.icompass/app.melon.icompass.CompassActivi" image="boussole"/>

	<!-- Chatous -->
	<AppIcon name="com.chatous.chatous/com.chatous.chatous.ui.activity.AnnouncementActivity" image="chatous"/>

	<!-- Compteur de points Tarot -->
	<AppIcon name="com.francoisdexemple.compteurdepointtarot/com.francoisdexemple.compteurdepointsdetarot.MainMenu.MainMenu" image="compteur_de_points_tarot"/>

	<!-- EDF & MOI -->
	<AppIcon name="com.edf.edfetmoi/com.edf.edfetmoi.presentation.feature.splash.presentation.SplashActivity" image="edf_and_moi"/>

	<!-- Enregistreur de Voix Facile -->
	<AppIcon name="com.coffeebeanventures.easyvoicerecorder/com.digipom.easyvoicerecorder.ui.activity.EasyVoiceRecorderActivity" image="enregistreur_de_voix_facile"/>

	<!-- Epic Games Store -->
	<AppIcon name="com.epicgames.portal/com.epicgames.portal.MainActivity" image="epic_games_store"/>

	<!-- Europcar -->
	<AppIcon name="com.clanmo.europcar/com.application.europcar.newapp.feature.splashscreen.SplashActivity" image="europcar"/>

	<!-- EX Explorer -->
	<AppIcon name="com.ex.apps.fileexplorer.filemanager2020/dev.dworks.apps.anexplorer.DocumentsActivity" image="ex_explorer"/>

	<!-- F-Droid -->
	<AppIcon name="com.offsec.nethunter.store/org.fdroid.fdroid.views.main.MainActivity" image="f_droid"/>

	<!-- Family Safety -->
	<AppIcon name="com.microsoft.familysafety/com.microsoft.familysafety.MainActivity" image="family_safety"/>

	<!-- hOn -->
	<AppIcon name="com.haiereurope.hon/com.haiereurope.hon.SplashActivity" image="hon"/>

	<!-- Immortal -->
	<AppIcon name="com.blizzard.diablo.immortal/com.netease.game.MessiahNativeActivity" image="immortal"/>

	<!-- impots.gouv -->
	<AppIcon name="fr.gouv.finances.smartphone.android/fr.gouv.finances.smartphone.android.MainActivity" image="impotsgouv"/>

	<!-- KeePassDX -->
	<AppIcon name="com.kunzisoft.keepass.free/com.kunzisoft.keepass.activities.FileDatabaseSelectActivity" image="keepassdx"/>

	<!-- Ma Banque -->
	<AppIcon name="fr.creditagricole.androidapp/fr.ca.cats.nmb.start.StartActivity" image="ma_banque"/>

	<!-- Mobile Legends: Bang Bang -->
	<AppIcon name="com.mobile.legends/com.moba.unityplugin.MobaGameMainActivityWithExtractor" image="mobile_legends_bang_bang"/>

	<!-- mobile.de -->
	<AppIcon name="de.mobile.android.app/de.mobile.android.app.splash.Splash" image="mobilede"/>

	<!-- NetHunter KeX -->
	<AppIcon name="com.offsec.nethunter.kex/com.iiordanov.bVNC.bVNC" image="nethunter_kex"/>

	<!-- Notepad Plus -->
	<AppIcon name="com.aci.android.notepadplusnew/com.aci.android.notepadplusnew.MainActivity" image="notepad_plus"/>

	<!-- OpenVPN Connect -->
	<AppIcon name="net.openvpn.openvpn/net.openvpn.unified.MainActivity" image="openvpn_connect"/>

	<!-- Paiement Mobile -->
	<AppIcon name="fr.creditagricole.macarteca/fr.creditagricole.macarte.presentation.SplashActivity" image="paiement_mobile"/>

	<!-- ParcAsterix -->
	<AppIcon name="fr.parcasterix.appli.android/com.parcasterix.SplashActivity" image="parcasterix"/>

	<!-- Pdf editor -->
	<AppIcon name="com.offiwiz.pdf.editor.reader/com.offiwiz.pdf.editor.reader.LoadingActivity" image="pdf_editor"/>

	<!-- Power Automate -->
	<AppIcon name="com.microsoft.flow/com.microsoft.flow.MainActivity" image="power_automate"/>

	<!-- Sea of Conquest -->
	<AppIcon name="com.seaofconquest.global/com.kingsgroup.mo.KGUnityPlayerActivity" image="sea_of_conquest"/>

	<!-- SFR & Moi -->
	<AppIcon name="com.sfr.android.moncompte/com.sfr.android.moncompte.MonCompteMain" image="sfr_and_moi"/>

	<!-- SFR Mail -->
	<AppIcon name="com.sfr.android.sfrmail/com.sfr.android.sfrmail.activity.SFRMailMain" image="sfr_mail"/>

	<!-- SFR TV -->
	<AppIcon name="com.sfr.android.gen8/com.sfr.android.gen8.sfr.SfrTvMain" image="sfr_tv"/>

	<!-- Smallpdf -->
	<AppIcon name="com.smallpdf.app.android/com.smallpdf.app.android.Launcher" image="smallpdf"/>

	<!-- Smart Tutor -->
	<AppIcon name="com.rsupport.rs.activity.rsupport.aas2/com.rsupport.rs.activity.edit.IntroActivity" image="smart_tutor"/>

	<!-- Smartphone Link -->
	<AppIcon name="com.garmin.android.apps.phonelink/com.garmin.android.apps.phonelink.PhoneLinkMain" image="smartphone_link"/>

	<!-- SNCF Connect -->
	<AppIcon name="com.vsct.vsc.mobile.horaireetresa.android/com.evoyageurs.invictus.flutter.MainActivity" image="sncf_connect"/>

	<!-- Switch (contrôle parental) -->
	<AppIcon name="com.nintendo.znma/com.nintendo.nx.moon.SplashActivity" image="switch_controle_parental_"/>

	<!-- Telegram -->
	<AppIcon name="org.telegram.messenger.web/org.telegram.messenger.DefaultIcon" image="telegram"/>

	<!-- Text Editor -->
	<AppIcon name="com.byteexperts.texteditor/com.byteexperts.texteditor.DEEditorActivity" image="text_editor"/>

	<!-- Tusmo -->
	<AppIcon name="com.TusmoDev.Tusmo/com.unity3d.player.UnityPlayerActivity" image="tusmo"/>

	<!-- Twitch -->
	<AppIcon name="tv.twitch.android.app/tv.twitch.android.app.core.LandingActivity" image="twitch"/>

	<!-- Waze -->
	<AppIcon name="com.waze/com.waze.FreeMapAppActivity" image="waze"/>

	<!-- WG Tunnel -->
	<AppIcon name="com.zaneschepke.wireguardautotunnel/com.zaneschepke.wireguardautotunnel.ui.MainActivity" image="wg_tunnel"/>

	<!-- Whiteboard -->
	<AppIcon name="com.microsoft.whiteboard.publicpreview/com.microsoft.whiteboard.activity.WhiteBoardLauncherActivity" image="whiteboard"/>

	<!-- Wild Rift -->
	<AppIcon name="com.riotgames.league.wildrift/com.tencent.lolm.lgame" image="wild_rift"/>

	<!-- Winner -->
	<AppIcon name="il.talent.winner/il.talent.winner.MainActivity" image="winner"/>

</Theme>