<resources>

	<!-- BT Wi-Fi -->
	<item component="ComponentInfo{com.bt.mnie.wispr/com.bt.mnie.wispr.MainActivity}" drawable="bt_wi_fi" />

	<!-- Dashlane -->
	<item component="ComponentInfo{com.dashlane/com.dashlane.ui.activities.SplashScreenActivity}" drawable="dashlane" />

	<!-- Domino’s -->
	<item component="ComponentInfo{uk.co.dominos.android/uk.co.dominos.android.BLUE}" drawable="domino’s" />

	<!-- DPD -->
	<item component="ComponentInfo{com.dpd.yourdpd/com.dpd.yourdpd.MainActivity}" drawable="dpd" />

	<!-- Just Eat -->
	<item component="ComponentInfo{com.justeat.app.uk/com.justeat.splash.ui.SplashActivity}" drawable="just_eat" />

	<!-- KFC -->
	<item component="ComponentInfo{com.yum.colonelsclub/com.kfc.MainActivity}" drawable="kfc" />

	<!-- McDonald's -->
	<item component="ComponentInfo{com.mcdonalds.app.uk/com.mcdonalds.mcdcoreapp.common.activity.SplashActivity}" drawable="mcdonalds" />

	<!-- My Vodafone -->
	<item component="ComponentInfo{com.myvodafoneapp/com.tsse.vfuk.view.VFLaunchActivity}" drawable="my_vodafone" />

	<!-- NatWest -->
	<item component="ComponentInfo{com.rbs.mobile.android.natwest/co.uk.rbsg.mobile.android.feature.login.LoginActivity}" drawable="natwest" />

	<!-- Nextdoor -->
	<item component="ComponentInfo{com.nextdoor/com.nextdoor.registrationUi.nux.LoadAppConfigurationActivity}" drawable="nextdoor" />

	<!-- NHS App -->
	<item component="ComponentInfo{com.nhs.online.nhsonline/crc64b7e535562fc6760f.SplashScreenActivity}" drawable="nhs_app" />

	<!-- Nintendo Switch Online -->
	<item component="ComponentInfo{com.nintendo.znca/com.nintendo.coral.ui.boot.BootActivity}" drawable="nintendo_switch_online" />

	<!-- Pizza Hut -->
	<item component="ComponentInfo{com.pizzahutuk.orderingApp/com.pizzahutuk.orderingApp.MainActivity}" drawable="pizza_hut" />

</resources>