<appmap>

	<!-- BT Wi-Fi -->
	<item class="com.bt.mnie.wispr.MainActivity" name="bt_wi_fi"/>

	<!-- Dashlane -->
	<item class="com.dashlane.ui.activities.SplashScreenActivity" name="dashlane"/>

	<!-- Domino’s -->
	<item class="uk.co.dominos.android.BLUE" name="domino’s"/>

	<!-- DPD -->
	<item class="com.dpd.yourdpd.MainActivity" name="dpd"/>

	<!-- Just Eat -->
	<item class="com.justeat.splash.ui.SplashActivity" name="just_eat"/>

	<!-- KFC -->
	<item class="com.kfc.MainActivity" name="kfc"/>

	<!-- McDonald's -->
	<item class="com.mcdonalds.mcdcoreapp.common.activity.SplashActivity" name="mcdonalds"/>

	<!-- My Vodafone -->
	<item class="com.tsse.vfuk.view.VFLaunchActivity" name="my_vodafone"/>

	<!-- NatWest -->
	<item class="co.uk.rbsg.mobile.android.feature.login.LoginActivity" name="natwest"/>

	<!-- Nextdoor -->
	<item class="com.nextdoor.registrationUi.nux.LoadAppConfigurationActivity" name="nextdoor"/>

	<!-- NHS App -->
	<item class="crc64b7e535562fc6760f.SplashScreenActivity" name="nhs_app"/>

	<!-- Nintendo Switch Online -->
	<item class="com.nintendo.coral.ui.boot.BootActivity" name="nintendo_switch_online"/>

	<!-- Pizza Hut -->
	<item class="com.pizzahutuk.orderingApp.MainActivity" name="pizza_hut"/>

</appmap>