<Theme version="1">

	<!-- BT Wi-Fi -->
	<AppIcon name="com.bt.mnie.wispr/com.bt.mnie.wispr.MainActivity" image="bt_wi_fi"/>

	<!-- Dashlane -->
	<AppIcon name="com.dashlane/com.dashlane.ui.activities.SplashScreenActivity" image="dashlane"/>

	<!-- Domino’s -->
	<AppIcon name="uk.co.dominos.android/uk.co.dominos.android.BLUE" image="domino’s"/>

	<!-- DPD -->
	<AppIcon name="com.dpd.yourdpd/com.dpd.yourdpd.MainActivity" image="dpd"/>

	<!-- Just Eat -->
	<AppIcon name="com.justeat.app.uk/com.justeat.splash.ui.SplashActivity" image="just_eat"/>

	<!-- KFC -->
	<AppIcon name="com.yum.colonelsclub/com.kfc.MainActivity" image="kfc"/>

	<!-- McDonald's -->
	<AppIcon name="com.mcdonalds.app.uk/com.mcdonalds.mcdcoreapp.common.activity.SplashActivity" image="mcdonalds"/>

	<!-- My Vodafone -->
	<AppIcon name="com.myvodafoneapp/com.tsse.vfuk.view.VFLaunchActivity" image="my_vodafone"/>

	<!-- NatWest -->
	<AppIcon name="com.rbs.mobile.android.natwest/co.uk.rbsg.mobile.android.feature.login.LoginActivity" image="natwest"/>

	<!-- Nextdoor -->
	<AppIcon name="com.nextdoor/com.nextdoor.registrationUi.nux.LoadAppConfigurationActivity" image="nextdoor"/>

	<!-- NHS App -->
	<AppIcon name="com.nhs.online.nhsonline/crc64b7e535562fc6760f.SplashScreenActivity" image="nhs_app"/>

	<!-- Nintendo Switch Online -->
	<AppIcon name="com.nintendo.znca/com.nintendo.coral.ui.boot.BootActivity" image="nintendo_switch_online"/>

	<!-- Pizza Hut -->
	<AppIcon name="com.pizzahutuk.orderingApp/com.pizzahutuk.orderingApp.MainActivity" image="pizza_hut"/>

</Theme>