<Theme version="1">

	<!-- TiviMate Companion -->
	<AppIcon name="ar.tvplayer.companion/ar.tvplayer.companion.ui.MainActivity" image="tivimate_companion"/>

	<!-- TNAS mobile 3 -->
	<AppIcon name="com.terramaster.plus/io.dcloud.PandoraEntry" image="tnas_mobile_3"/>

	<!-- TOD -->
	<AppIcon name="com.todtv.tod/axis.android.sdk.app.startup.ui.StartupActivity" image="tod"/>

	<!-- Tooly -->
	<AppIcon name="com.yousx.thetoolsapp/com.yousx.thetoolsapp.SplashScreenActivity" image="tooly"/>

	<!-- Trip.com -->
	<AppIcon name="ctrip.english/com.ctrip.ibu.myctrip.main.module.home.IBUHomeActivity" image="tripcom"/>

	<!-- Tripadvisor -->
	<AppIcon name="com.tripadvisor.tripadvisor/com.tripadvisor.android.ui.launcher.LauncherActivity" image="tripadvisor"/>

	<!-- Trovit Cars -->
	<AppIcon name="com.trovit.android.apps.cars/com.trovit.android.apps.cars.ui.activities.SplashActivity" image="trovit_cars"/>

	<!-- TRUXX -->
	<AppIcon name="ae.truxx.trips/ae.truxx.trips.MainActivity" image="truxx"/>

	<!-- TTLock -->
	<AppIcon name="com.tongtongsuo.app/com.scaf.android.client.activity.LoadingActivity" image="ttlock"/>

	<!-- Twitch -->
	<AppIcon name="tv.twitch.android.app/tv.twitch.android.app.core.LandingActivity" image="twitch"/>

	<!-- TwomonUSB -->
	<AppIcon name="com.devguru.eltwomonusb/com.devguru.eltwomonusb.Activity_ViewController" image="twomonusb"/>

	<!-- Ubuy -->
	<AppIcon name="com.ubuy/com.app.mazade.ubuy.SplashActivity" image="ubuy"/>

	<!-- Urban -->
	<AppIcon name="com.intelligentb.proptech/com.intelligentb.proptech.ui.MainActivity" image="urban"/>

	<!-- Urban Company -->
	<AppIcon name="com.urbanclap.urbanclap/com.urbanclap.urbanclap.core.app_icon.NormalUser" image="urban_company"/>

	<!-- UX Led Free -->
	<AppIcon name="skr.susanta.uxledfree/skr.susanta.uxledfree.MainActivity" image="ux_led_free"/>

	<!-- Vape Tool -->
	<AppIcon name="com.stasbar.vape_tool/com.stasbar.activity.MainActivity" image="vape_tool"/>

	<!-- Versus -->
	<AppIcon name="com.versus/com.google.androidbrowserhelper.trusted.LauncherActivity" image="versus"/>

	<!-- vFlat -->
	<AppIcon name="com.voyagerx.scanner/com.voyagerx.livedewarp.EntryActivity" image="vflat"/>

	<!-- Videoleap -->
	<AppIcon name="com.lightricks.videoleap/com.lightricks.videoleap.app.SplashActivity" image="videoleap"/>

	<!-- VIMAGE -->
	<AppIcon name="com.vimage.android/com.vimage.vimageapp.SplashActivity" image="vimage"/>

	<!-- Vinci -->
	<AppIcon name="io.vinci.android/io.vinci.android.MainActivity" image="vinci"/>

	<!-- Virgin Megastore -->
	<AppIcon name="com.virginmegastore.mobile/com.virginmegastore.mobile.MainActivity" image="virgin_megastore"/>

	<!-- Viu -->
	<AppIcon name="com.vuclip.viu/com.viu.phone.ui.activity.WelcomeActivity" image="viu"/>

	<!-- VivaVideo -->
	<AppIcon name="com.quvideo.xiaoying/com.quvideo.xiaoying.app.splash.SplashActivity" image="vivavideo"/>

	<!-- VOX Cinemas -->
	<AppIcon name="com.voxcinemas.voxcinemasdev/com.voxcinemas.activities.SplashActivity" image="vox_cinemas"/>

	<!-- VpnHood! -->
	<AppIcon name="com.vpnhood.client.android/crc64878500d16bb23c1a.MainActivity" image="vpnhood_"/>

	<!-- VSCO -->
	<AppIcon name="com.vsco.cam/com.vsco.cam.navigation.LithiumActivity" image="vsco"/>

	<!-- walletplus -->
	<AppIcon name="com.rev.mobilebanking.etihaduae/com.rev.mobilebanking.activities.SplashActivity" image="walletplus"/>

	<!-- WATCH IT -->
	<AppIcon name="com.watchit.vod/com.watchit.vod.refactor.splash.ui.SplashActivity" image="watch_it"/>

	<!-- WawanPro -->
	<AppIcon name="com.wawanpro2.app/com.common.app.activities.LauncherActivity" image="wawanpro"/>

	<!-- Webex -->
	<AppIcon name="com.cisco.wx2.android/com.webex.teams.WebexLauncherActivity" image="webex"/>

	<!-- Webex Meet -->
	<AppIcon name="com.cisco.webex.meetings/com.cisco.webex.meetings.ui.premeeting.welcome.WebExMeeting" image="webex_meet"/>

	<!-- Western Union -->
	<AppIcon name="com.westernunion.moneytransferr3app.ae/com.wurnmobile.MainActivity" image="western_union"/>

	<!-- Weyyak -->
	<AppIcon name="com.tva.z5/com.tva.z5.SplashScreen" image="weyyak"/>

	<!-- WhattaWatch -->
	<AppIcon name="com.whattawatch/com.whattawatch.MainActivity" image="whattawatch"/>

	<!-- Whiteboard -->
	<AppIcon name="com.microsoft.whiteboard.publicpreview/com.microsoft.whiteboard.activity.WhiteBoardLauncherActivity" image="whiteboard"/>

	<!-- WiFi Maestro -->
	<AppIcon name="abdelrahman.wifimaestro/abdelrahman.wifimaestro.MainActivity" image="wifi_maestro"/>

	<!-- Wizz Air -->
	<AppIcon name="com.wizzair.WizzAirApp/com.wizzair.app.MainActivityV2" image="wizz_air"/>

	<!-- WolOn -->
	<AppIcon name="com.bitklog.wolon/com.bitklog.wolon.ui.activity.MainActivity" image="wolon"/>

	<!-- Wonderland -->
	<AppIcon name="com.samsung.android.wonderland.wallpaper/com.samsung.android.wonderland.wallpaper.settings.StartupActivity" image="wonderland"/>

	<!-- Wooask -->
	<AppIcon name="com.wooask.zx/com.wooask.zx.Ac_Welcome" image="wooask"/>

	<!-- X Gamepad Tester -->
	<AppIcon name="com.OyunErbabi.XGamepadTester/com.unity3d.player.UnityPlayerActivity" image="x_gamepad_tester"/>

	<!-- xbStream controller -->
	<AppIcon name="com.osstream.xboxOneController/com.osstream.xboxOneController.mainmenu.MainMenuActivity" image="xbstream_controller"/>

	<!-- XEFX Pro -->
	<AppIcon name="com.ryzenrise.xefx/com.lightcone.xefx.activity.SplashActivity" image="xefx_pro"/>

	<!-- xperience -->
	<AppIcon name="com.theentertainerme.visago/com.theentertainerme.visago.ActivityLanding" image="xperience"/>

	<!-- Yatra -->
	<AppIcon name="com.yatra.base/com.yatra.base.activity.SplashScreenActivity" image="yatra"/>

	<!-- Yuka -->
	<AppIcon name="io.yuka.android/io.yuka.android.Main.RootActivity" image="yuka"/>

	<!-- Zabehaty -->
	<AppIcon name="com.atp.zabehati/com.atp.zabehati.MainActivity" image="zabehaty"/>

	<!-- ZARA -->
	<AppIcon name="com.inditex.zara/com.inditex.zara.MainActivityDefaultIcon" image="zara"/>

	<!-- Zara Home -->
	<AppIcon name="com.inditex.ecommerce.zarahome.android/es.sdos.sdosproject.ui.splash.activity.LaunchActivity" image="zara_home"/>

	<!-- Zen Brush -->
	<AppIcon name="jp.co.psoft.zenbrushfree/jp.co.psoft.zenbrushfree.ZenBrushActivity" image="zen_brush"/>

	<!-- zFile -->
	<AppIcon name="com.htetznaing.zfile/com.htetznaing.zfile.ui.MainActivity" image="zfile"/>

	<!-- zFont 3 -->
	<AppIcon name="com.htetznaing.zfont2/com.htetznaing.zfont4.MainActivity" image="zfont_3"/>

	<!-- Zomato -->
	<AppIcon name="com.application.zomato/com.application.zomato.activities.Splash" image="zomato"/>

	<!-- zTranslate -->
	<AppIcon name="asia.zsoft.subtranslate/asia.zsoft.subtranslate.view.MainActivity" image="ztranslate"/>

	<!-- µTorrent Pro -->
	<AppIcon name="com.utorrent.client.pro/com.bittorrent.app.Main" image="µtorrent_pro"/>

</Theme>