<resources>

	<!-- Banca móvil -->
	<item component="ComponentInfo{com.yellowpepper.pichincha/com.yellowpepper.pichincha.MainActivity}" drawable="banca_movil" />

	<!-- Bleach -->
	<item component="ComponentInfo{com.klab.bleach/jp.klab.bleach.plugin.BleachActivity}" drawable="bleach" />

	<!-- Bolivariano -->
	<item component="ComponentInfo{com.bancobolivariano/com.bancobolivariano.Bolivariano}" drawable="bolivariano" />

	<!-- ChronoTrigger -->
	<item component="ComponentInfo{com.square_enix.android_googleplay.chrono/com.square_enix.android_googleplay.chrono.LicensingActivity}" drawable="chronotrigger" />

	<!-- Deuna! 2.0 -->
	<item component="ComponentInfo{com.appdeuna.wallet/com.pichincha.bpbilletera.MainActivity}" drawable="deuna_20" />

	<!-- Duel Links -->
	<item component="ComponentInfo{jp.konami.duellinks/jp.konami.duellinks.plugins.YgomMainActivity}" drawable="duel_links" />

	<!-- MEGA MAN X DiVE - MOBILE -->
	<item component="ComponentInfo{com.yunchang.act.megaman.latam/com.hutong.supersdk.MainActivity}" drawable="mega_man_x_dive_mobile" />

	<!-- Mercado Libre -->
	<item component="ComponentInfo{com.mercadolibre/com.mercadolibre.splash.SplashActivity}" drawable="mercado_libre" />

	<!-- Molly -->
	<item component="ComponentInfo{im.molly.app/org.thoughtcrime.securesms.RoutingActivity}" drawable="molly" />

	<!-- Multicines -->
	<item component="ComponentInfo{ec.push.multicines/ec.push.multicines.MainActivity}" drawable="multicines" />

	<!-- Produbanco -->
	<item component="ComponentInfo{com.produbanco/crc64517879498075ee59.SplashActivity}" drawable="produbanco" />

	<!-- SotN -->
	<item component="ComponentInfo{jp.konami.epjCastlevania2/com.dotemu.castlevania.LaunchActivity}" drawable="sotn" />

</resources>