<resources>

	<!-- Alan -->
	<item component="ComponentInfo{com.alanmobile/com.alanmobile.MainActivity}" drawable="alan" />

	<!-- Amplificateur de son -->
	<item component="ComponentInfo{com.google.android.accessibility.soundamplifier/com.google.android.accessibility.soundamplifier.ui.SoundAmplifierSettingActivity}" drawable="amplificateur_de_son" />

	<!-- AntiCovid -->
	<item component="ComponentInfo{fr.gouv.android.stopcovid/com.lunabeestudio.stopcovid.activity.SplashScreenActivity}" drawable="anticovid" />

	<!-- Appareil photo -->
	<item component="ComponentInfo{com.asus.camera/com.asus.camera.CameraApp}" drawable="appareil_photo" />

	<!-- Assistant for No Man's Sky -->
	<item component="ComponentInfo{com.kurtlourens.no_mans_sky_recipes/io.flutter.embedding.android.FlutterActivity}" drawable="assistant_for_no_mans_sky" />

	<!-- Banxo -->
	<item component="ComponentInfo{com.caisseepargne.android.mobilebanking/fr.bpce.pulsar.login.ui.startup.StartUpActivity}" drawable="banxo" />

	<!-- Beholder -->
	<item component="ComponentInfo{com.creativemobile.beholder/com.unity3d.player.UnityPlayerActivity}" drawable="beholder" />

	<!-- Bien’ici -->
	<item component="ComponentInfo{com.bienici.prod/com.bienici.activities.MainActivity}" drawable="bien’ici" />

	<!-- Blades -->
	<item component="ComponentInfo{com.bethsoft.blade/com.bethesda.player.BgsPlayerActivity}" drawable="blades" />

	<!-- Bouygues Telecom -->
	<item component="ComponentInfo{fr.bouyguestelecom.ecm.android/com.bouyguestelecom.mcare.debug.MainActivity}" drawable="bouygues_telecom" />

	<!-- Boxing Gym Story -->
	<item component="ComponentInfo{net.kairosoft.android.boxing/main.Main}" drawable="boxing_gym_story" />

	<!-- Bullet Boy -->
	<item component="ComponentInfo{com.pomelogames.bulletboy.google/com.unity3d.player.UnityPlayerActivity}" drawable="bullet_boy" />

	<!-- Calculatrice -->
	<item component="ComponentInfo{com.asus.calculator/com.asus.calculator.Calculator}" drawable="calculatrice" />

	<!-- Camera One -->
	<item component="ComponentInfo{shu.galaxy.camera/shu.galaxy.camera.PrefActivity}" drawable="camera_one" />

	<!-- Compte ameli -->
	<item component="ComponentInfo{fr.cnamts.it.activity/fr.cnamts.it.activity.LoginActivity}" drawable="compte_ameli" />

	<!-- Contacts -->
	<item component="ComponentInfo{com.asus.contacts/com.android.contacts.activities.PeopleActivity}" drawable="contacts" />

	<!-- Dawnlands -->
	<item component="ComponentInfo{com.xishanju.codess.intl/com.xgsdk.client.api.splash.XGSplashActivity}" drawable="dawnlands" />

	<!-- DYSMANTLE -->
	<item component="ComponentInfo{com.the10tons.dysmantle/com.the10tons.MainActivity}" drawable="dysmantle" />

	<!-- EWTD2 Premium -->
	<item component="ComponentInfo{com.amtgames.ewtd2/com.amtgames.ewtd2.EWTD2Activity_atc}" drawable="ewtd2_premium" />

	<!-- FF15 PE -->
	<item component="ComponentInfo{com.square_enix.android_google.ffxvpe/com.unity3d.player.UnityPlayerActivity}" drawable="ff15_pe" />

	<!-- Fire TV -->
	<item component="ComponentInfo{com.amazon.storm.lightning.client.aosp/com.amazon.bison.SplashScreen}" drawable="fire_tv" />

	<!-- FitoTrack -->
	<item component="ComponentInfo{de.tadris.fitness/de.tadris.fitness.ui.LauncherActivity}" drawable="fitotrack" />

	<!-- France identité -->
	<item component="ComponentInfo{fr.gouv.franceidentite/fr.gouv.franceidentite.activities.MainActivity}" drawable="france_identite" />

	<!-- Freshdesk -->
	<item component="ComponentInfo{com.freshdesk.helpdesk/com.freshdesk.helpdesk.ui.SplashActivity}" drawable="freshdesk" />

	<!-- FuturisticGui -->
	<item component="ComponentInfo{fr.thema.wear.watch.futuristicgui/fr.thema.wear.watch.futuristicgui.WatchFaceCompanionConfigActivity}" drawable="futuristicgui" />

	<!-- Galerie -->
	<item component="ComponentInfo{com.asus.gallery/com.asus.gallery.app.EPhotoActivity}" drawable="galerie" />

	<!-- GeForce NOW -->
	<item component="ComponentInfo{com.nvidia.geforcenow/com.nvidia.geforcenow.MallActivity}" drawable="geforce_now" />

	<!-- Gestionnaire de fichiers -->
	<item component="ComponentInfo{com.asus.filemanager/com.asus.filemanager.activity.FileManagerActivity}" drawable="gestionnaire_de_fichiers" />

	<!-- Hello bank! -->
	<item component="ComponentInfo{fr.bnpp.digitalbanking/fr.bnpp.digitalbanking.prehome.SplashScreenActivity}" drawable="hello_bank_" />

	<!-- Home Connect -->
	<item component="ComponentInfo{com.bshg.homeconnect.android.release/com.bshg.homeconnect.app.ui2019.navigation.BottomNavigationActivity}" drawable="home_connect" />

	<!-- Horloge -->
	<item component="ComponentInfo{com.asus.deskclock/com.asus.deskclock.DeskClock}" drawable="horloge" />

	<!-- Idle Police Tycoon -->
	<item component="ComponentInfo{com.codigames.idle.police.department.tycoon.cop/com.google.firebase.MessagingUnityPlayerActivity}" drawable="idle_police_tycoon" />

	<!-- Immortal -->
	<item component="ComponentInfo{com.blizzard.diablo.immortal/com.netease.game.MessiahNativeActivity}" drawable="immortal" />

	<!-- Instant Gaming -->
	<item component="ComponentInfo{com.instantgaming.android/com.instantgaming.android.Activities.WebViewActivity}" drawable="instant_gaming" />

	<!-- Klassly -->
	<item component="ComponentInfo{co.roomapp.klassroom/co.roomapp.klassroom.activity.KROnboardingActivity}" drawable="klassly" />

	<!-- Konyks -->
	<item component="ComponentInfo{com.konyks/com.smart.ThingSplashActivity}" drawable="konyks" />

	<!-- Leboncoin -->
	<item component="ComponentInfo{fr.leboncoin/fr.leboncoin.features.splashscreen.ui.activities.SplashScreenActivity}" drawable="leboncoin" />

	<!-- Lien avec Windows -->
	<item component="ComponentInfo{com.microsoft.appmanager/com.microsoft.appmanager.StartUpCoreActivity}" drawable="lien_avec_windows" />

	<!-- Lunii -->
	<item component="ComponentInfo{fr.lunii.studio/fr.lunii.studio.MainActivity}" drawable="lunii" />

	<!-- Ma Livebox -->
	<item component="ComponentInfo{com.orange.mylivebox.fr/com.orange.mylivebox.fr.gui.startup.StartupActivity}" drawable="ma_livebox" />

	<!-- Magnétophone -->
	<item component="ComponentInfo{com.asus.soundrecorder/com.asus.soundrecorder.AsusRecorder}" drawable="magnetophone" />

	<!-- Météo -->
	<item component="ComponentInfo{com.asus.weathertime/com.asus.weathertime.WeatherTimeSettings}" drawable="meteo" />

	<!-- Mobvoi -->
	<item component="ComponentInfo{com.mobvoi.companion.aw/com.mobvoi.companion.aw.StartEntry}" drawable="mobvoi" />

	<!-- Niveau -->
	<item component="ComponentInfo{net.androgames.level/net.androgames.level.LevelActivity}" drawable="niveau" />

	<!-- Northgard -->
	<item component="ComponentInfo{com.playdigious.northgard/com.playdigious.northgard.NorthgardLoading}" drawable="northgard" />

	<!-- PC Creator 2 -->
	<item component="ComponentInfo{com.ultraandre.pccreator2/com.google.firebase.MessagingUnityPlayerActivity}" drawable="pc_creator_2" />

	<!-- Personeo -->
	<item component="ComponentInfo{net.bnpparibas.monepargnesalariale/com.tns.NativeScriptActivity}" drawable="personeo" />

	<!-- Phone Clone -->
	<item component="ComponentInfo{com.futuredial.asusdatatransfer/com.futuredial.asusdatatransfer.DefaultLauncherActivity}" drawable="phone_clone" />

	<!-- Photos -->
	<item component="ComponentInfo{com.synology.projectkailash/com.synology.projectkailash.ui.splash.SplashActivity}" drawable="photos" />

	<!-- Scanner QR -->
	<item component="ComponentInfo{com.camvision.qrcode.barcode.reader/com.camvision.qrcode.barcode.reader.main.Qr2MainActivity}" drawable="scanner_qr" />

	<!-- Signal -->
	<item component="ComponentInfo{org.thoughtcrime.securesms/org.thoughtcrime.securesms.RoutingActivityAltColor}" drawable="signal" />

	<!-- Simple Pixel -->
	<item component="ComponentInfo{fr.thema.wear.watch.minimalistpixel/fr.thema.wear.watch.minimalistpixel.WatchFaceCompanionConfigActivity}" drawable="simple_pixel" />

	<!-- Smart Life -->
	<item component="ComponentInfo{com.tuya.smartlife/com.smart.ThingSplashActivity}" drawable="smart_life" />

	<!-- Start -->
	<item component="ComponentInfo{com.microsoft.amp.apps.bingnews/com.microsoft.sapphire.app.main.SapphireMainActivity}" drawable="start" />

	<!-- Steam Chat -->
	<item component="ComponentInfo{com.valvesoftware.android.steam.friendsui/com.valvesoftware.android.steam.friendsui.MainActivity}" drawable="steam_chat" />

	<!-- SwitchBot -->
	<item component="ComponentInfo{com.theswitchbot.switchbot/com.theswitchbot.switchbot.index.ui.SplashActivity}" drawable="switchbot" />

	<!-- TabacInfoService -->
	<item component="ComponentInfo{fr.cnamts.tis/com.tabacinfoservice.MainActivity}" drawable="tabacinfoservice" />

	<!-- Téléphone -->
	<item component="ComponentInfo{com.asus.dialer/com.android.contacts.activities.DialtactsActivity}" drawable="telephone" />

	<!-- The Division Resurgence -->
	<item component="ComponentInfo{com.ubisoft.the.division.mobile.combat.shooting.open.world.rpg/com.epicgames.ue4.GameActivity}" drawable="the_division_resurgence" />

	<!-- TilesWatchTwo -->
	<item component="ComponentInfo{com.digitalwings.tileswatchtwo/com.digitalwings.tileswatchtwo.MainActivity}" drawable="tileswatchtwo" />

	<!-- Tiny Scanner -->
	<item component="ComponentInfo{com.appxy.tinyscanner/com.appxy.tinyscanfree.Activity_Start}" drawable="tiny_scanner" />

	<!-- TWoM -->
	<item component="ComponentInfo{com.elevenbitstudios.twommobile/com.android.Game11Bits.GoogleMainActivity}" drawable="twom" />

	<!-- Video Compressor -->
	<item component="ComponentInfo{com.video_converter.video_compressor/com.video_converter.video_compressor.screens.splashScreen.SplashScreenActivity}" drawable="video_compressor" />

	<!-- War Thunder Mobile -->
	<item component="ComponentInfo{com.gaijingames.wtm/com.gaijingames.wtm.VersionSelector}" drawable="war_thunder_mobile" />

	<!-- Warframe Companion -->
	<item component="ComponentInfo{com.digitalextremes.warframenexus/com.digitalextremes.warframenexus.WarframeCompanionActivity}" drawable="warframe_companion" />

	<!-- Warplanes: WW2 Dogfight -->
	<item component="ComponentInfo{com.HomeNetGames.Warplanes/com.unity3d.player.UnityPlayerActivity}" drawable="warplanes_ww2_dogfight" />

	<!-- Waze -->
	<item component="ComponentInfo{com.waze/com.waze.FreeMapAppActivity}" drawable="waze" />

	<!-- Wear OS -->
	<item component="ComponentInfo{com.google.android.wearable.app/com.google.android.clockwork.companion.launcher.LauncherActivity}" drawable="wear os" />

	<!-- WordReference -->
	<item component="ComponentInfo{com.wordreference/com.wordreference.MainApp}" drawable="wordreference" />

	<!-- Xiaomi Home -->
	<item component="ComponentInfo{com.xiaomi.smarthome/com.xiaomi.smarthome.SmartHomeMainActivity}" drawable="xiaomi_home" />

	<!-- Xtreme IPTV -->
	<item component="ComponentInfo{com.mca.iptvplayer.new/com.mca.iptvplayer.MainActivity}" drawable="xtreme_iptv" />

</resources>