<appmap>

	<!-- Alan -->
	<item class="com.alanmobile.MainActivity" name="alan"/>

	<!-- Amplificateur de son -->
	<item class="com.google.android.accessibility.soundamplifier.ui.SoundAmplifierSettingActivity" name="amplificateur_de_son"/>

	<!-- AntiCovid -->
	<item class="com.lunabeestudio.stopcovid.activity.SplashScreenActivity" name="anticovid"/>

	<!-- Appareil photo -->
	<item class="com.asus.camera.CameraApp" name="appareil_photo"/>

	<!-- Assistant for No Man's Sky -->
	<item class="io.flutter.embedding.android.FlutterActivity" name="assistant_for_no_mans_sky"/>

	<!-- Banxo -->
	<item class="fr.bpce.pulsar.login.ui.startup.StartUpActivity" name="banxo"/>

	<!-- Beholder -->
	<item class="com.unity3d.player.UnityPlayerActivity" name="beholder"/>

	<!-- Bien’ici -->
	<item class="com.bienici.activities.MainActivity" name="bien’ici"/>

	<!-- Blades -->
	<item class="com.bethesda.player.BgsPlayerActivity" name="blades"/>

	<!-- Bouygues Telecom -->
	<item class="com.bouyguestelecom.mcare.debug.MainActivity" name="bouygues_telecom"/>

	<!-- Boxing Gym Story -->
	<item class="main.Main" name="boxing_gym_story"/>

	<!-- Bullet Boy -->
	<item class="com.unity3d.player.UnityPlayerActivity" name="bullet_boy"/>

	<!-- Calculatrice -->
	<item class="com.asus.calculator.Calculator" name="calculatrice"/>

	<!-- Camera One -->
	<item class="shu.galaxy.camera.PrefActivity" name="camera_one"/>

	<!-- Compte ameli -->
	<item class="fr.cnamts.it.activity.LoginActivity" name="compte_ameli"/>

	<!-- Contacts -->
	<item class="com.android.contacts.activities.PeopleActivity" name="contacts"/>

	<!-- Dawnlands -->
	<item class="com.xgsdk.client.api.splash.XGSplashActivity" name="dawnlands"/>

	<!-- DYSMANTLE -->
	<item class="com.the10tons.MainActivity" name="dysmantle"/>

	<!-- EWTD2 Premium -->
	<item class="com.amtgames.ewtd2.EWTD2Activity_atc" name="ewtd2_premium"/>

	<!-- FF15 PE -->
	<item class="com.unity3d.player.UnityPlayerActivity" name="ff15_pe"/>

	<!-- Fire TV -->
	<item class="com.amazon.bison.SplashScreen" name="fire_tv"/>

	<!-- FitoTrack -->
	<item class="de.tadris.fitness.ui.LauncherActivity" name="fitotrack"/>

	<!-- France identité -->
	<item class="fr.gouv.franceidentite.activities.MainActivity" name="france_identite"/>

	<!-- Freshdesk -->
	<item class="com.freshdesk.helpdesk.ui.SplashActivity" name="freshdesk"/>

	<!-- FuturisticGui -->
	<item class="fr.thema.wear.watch.futuristicgui.WatchFaceCompanionConfigActivity" name="futuristicgui"/>

	<!-- Galerie -->
	<item class="com.asus.gallery.app.EPhotoActivity" name="galerie"/>

	<!-- GeForce NOW -->
	<item class="com.nvidia.geforcenow.MallActivity" name="geforce_now"/>

	<!-- Gestionnaire de fichiers -->
	<item class="com.asus.filemanager.activity.FileManagerActivity" name="gestionnaire_de_fichiers"/>

	<!-- Hello bank! -->
	<item class="fr.bnpp.digitalbanking.prehome.SplashScreenActivity" name="hello_bank_"/>

	<!-- Home Connect -->
	<item class="com.bshg.homeconnect.app.ui2019.navigation.BottomNavigationActivity" name="home_connect"/>

	<!-- Horloge -->
	<item class="com.asus.deskclock.DeskClock" name="horloge"/>

	<!-- Idle Police Tycoon -->
	<item class="com.google.firebase.MessagingUnityPlayerActivity" name="idle_police_tycoon"/>

	<!-- Immortal -->
	<item class="com.netease.game.MessiahNativeActivity" name="immortal"/>

	<!-- Instant Gaming -->
	<item class="com.instantgaming.android.Activities.WebViewActivity" name="instant_gaming"/>

	<!-- Klassly -->
	<item class="co.roomapp.klassroom.activity.KROnboardingActivity" name="klassly"/>

	<!-- Konyks -->
	<item class="com.smart.ThingSplashActivity" name="konyks"/>

	<!-- Leboncoin -->
	<item class="fr.leboncoin.features.splashscreen.ui.activities.SplashScreenActivity" name="leboncoin"/>

	<!-- Lien avec Windows -->
	<item class="com.microsoft.appmanager.StartUpCoreActivity" name="lien_avec_windows"/>

	<!-- Lunii -->
	<item class="fr.lunii.studio.MainActivity" name="lunii"/>

	<!-- Ma Livebox -->
	<item class="com.orange.mylivebox.fr.gui.startup.StartupActivity" name="ma_livebox"/>

	<!-- Magnétophone -->
	<item class="com.asus.soundrecorder.AsusRecorder" name="magnetophone"/>

	<!-- Météo -->
	<item class="com.asus.weathertime.WeatherTimeSettings" name="meteo"/>

	<!-- Mobvoi -->
	<item class="com.mobvoi.companion.aw.StartEntry" name="mobvoi"/>

	<!-- Niveau -->
	<item class="net.androgames.level.LevelActivity" name="niveau"/>

	<!-- Northgard -->
	<item class="com.playdigious.northgard.NorthgardLoading" name="northgard"/>

	<!-- PC Creator 2 -->
	<item class="com.google.firebase.MessagingUnityPlayerActivity" name="pc_creator_2"/>

	<!-- Personeo -->
	<item class="com.tns.NativeScriptActivity" name="personeo"/>

	<!-- Phone Clone -->
	<item class="com.futuredial.asusdatatransfer.DefaultLauncherActivity" name="phone_clone"/>

	<!-- Photos -->
	<item class="com.synology.projectkailash.ui.splash.SplashActivity" name="photos"/>

	<!-- Scanner QR -->
	<item class="com.camvision.qrcode.barcode.reader.main.Qr2MainActivity" name="scanner_qr"/>

	<!-- Signal -->
	<item class="org.thoughtcrime.securesms.RoutingActivityAltColor" name="signal"/>

	<!-- Simple Pixel -->
	<item class="fr.thema.wear.watch.minimalistpixel.WatchFaceCompanionConfigActivity" name="simple_pixel"/>

	<!-- Smart Life -->
	<item class="com.smart.ThingSplashActivity" name="smart_life"/>

	<!-- Start -->
	<item class="com.microsoft.sapphire.app.main.SapphireMainActivity" name="start"/>

	<!-- Steam Chat -->
	<item class="com.valvesoftware.android.steam.friendsui.MainActivity" name="steam_chat"/>

	<!-- SwitchBot -->
	<item class="com.theswitchbot.switchbot.index.ui.SplashActivity" name="switchbot"/>

	<!-- TabacInfoService -->
	<item class="com.tabacinfoservice.MainActivity" name="tabacinfoservice"/>

	<!-- Téléphone -->
	<item class="com.android.contacts.activities.DialtactsActivity" name="telephone"/>

	<!-- The Division Resurgence -->
	<item class="com.epicgames.ue4.GameActivity" name="the_division_resurgence"/>

	<!-- TilesWatchTwo -->
	<item class="com.digitalwings.tileswatchtwo.MainActivity" name="tileswatchtwo"/>

	<!-- Tiny Scanner -->
	<item class="com.appxy.tinyscanfree.Activity_Start" name="tiny_scanner"/>

	<!-- TWoM -->
	<item class="com.android.Game11Bits.GoogleMainActivity" name="twom"/>

	<!-- Video Compressor -->
	<item class="com.video_converter.video_compressor.screens.splashScreen.SplashScreenActivity" name="video_compressor"/>

	<!-- War Thunder Mobile -->
	<item class="com.gaijingames.wtm.VersionSelector" name="war_thunder_mobile"/>

	<!-- Warframe Companion -->
	<item class="com.digitalextremes.warframenexus.WarframeCompanionActivity" name="warframe_companion"/>

	<!-- Warplanes: WW2 Dogfight -->
	<item class="com.unity3d.player.UnityPlayerActivity" name="warplanes_ww2_dogfight"/>

	<!-- Waze -->
	<item class="com.waze.FreeMapAppActivity" name="waze"/>

	<!-- Wear OS -->
	<item class="com.google.android.clockwork.companion.launcher.LauncherActivity" name="wear os"/>

	<!-- WordReference -->
	<item class="com.wordreference.MainApp" name="wordreference"/>

	<!-- Xiaomi Home -->
	<item class="com.xiaomi.smarthome.SmartHomeMainActivity" name="xiaomi_home"/>

	<!-- Xtreme IPTV -->
	<item class="com.mca.iptvplayer.MainActivity" name="xtreme_iptv"/>

</appmap>