<Theme version="1">

	<!-- Alan -->
	<AppIcon name="com.alanmobile/com.alanmobile.MainActivity" image="alan"/>

	<!-- Amplificateur de son -->
	<AppIcon name="com.google.android.accessibility.soundamplifier/com.google.android.accessibility.soundamplifier.ui.SoundAmplifierSettingActivity" image="amplificateur_de_son"/>

	<!-- AntiCovid -->
	<AppIcon name="fr.gouv.android.stopcovid/com.lunabeestudio.stopcovid.activity.SplashScreenActivity" image="anticovid"/>

	<!-- Appareil photo -->
	<AppIcon name="com.asus.camera/com.asus.camera.CameraApp" image="appareil_photo"/>

	<!-- Assistant for No Man's Sky -->
	<AppIcon name="com.kurtlourens.no_mans_sky_recipes/io.flutter.embedding.android.FlutterActivity" image="assistant_for_no_mans_sky"/>

	<!-- Banxo -->
	<AppIcon name="com.caisseepargne.android.mobilebanking/fr.bpce.pulsar.login.ui.startup.StartUpActivity" image="banxo"/>

	<!-- Beholder -->
	<AppIcon name="com.creativemobile.beholder/com.unity3d.player.UnityPlayerActivity" image="beholder"/>

	<!-- Bien’ici -->
	<AppIcon name="com.bienici.prod/com.bienici.activities.MainActivity" image="bien’ici"/>

	<!-- Blades -->
	<AppIcon name="com.bethsoft.blade/com.bethesda.player.BgsPlayerActivity" image="blades"/>

	<!-- Bouygues Telecom -->
	<AppIcon name="fr.bouyguestelecom.ecm.android/com.bouyguestelecom.mcare.debug.MainActivity" image="bouygues_telecom"/>

	<!-- Boxing Gym Story -->
	<AppIcon name="net.kairosoft.android.boxing/main.Main" image="boxing_gym_story"/>

	<!-- Bullet Boy -->
	<AppIcon name="com.pomelogames.bulletboy.google/com.unity3d.player.UnityPlayerActivity" image="bullet_boy"/>

	<!-- Calculatrice -->
	<AppIcon name="com.asus.calculator/com.asus.calculator.Calculator" image="calculatrice"/>

	<!-- Camera One -->
	<AppIcon name="shu.galaxy.camera/shu.galaxy.camera.PrefActivity" image="camera_one"/>

	<!-- Compte ameli -->
	<AppIcon name="fr.cnamts.it.activity/fr.cnamts.it.activity.LoginActivity" image="compte_ameli"/>

	<!-- Contacts -->
	<AppIcon name="com.asus.contacts/com.android.contacts.activities.PeopleActivity" image="contacts"/>

	<!-- Dawnlands -->
	<AppIcon name="com.xishanju.codess.intl/com.xgsdk.client.api.splash.XGSplashActivity" image="dawnlands"/>

	<!-- DYSMANTLE -->
	<AppIcon name="com.the10tons.dysmantle/com.the10tons.MainActivity" image="dysmantle"/>

	<!-- EWTD2 Premium -->
	<AppIcon name="com.amtgames.ewtd2/com.amtgames.ewtd2.EWTD2Activity_atc" image="ewtd2_premium"/>

	<!-- FF15 PE -->
	<AppIcon name="com.square_enix.android_google.ffxvpe/com.unity3d.player.UnityPlayerActivity" image="ff15_pe"/>

	<!-- Fire TV -->
	<AppIcon name="com.amazon.storm.lightning.client.aosp/com.amazon.bison.SplashScreen" image="fire_tv"/>

	<!-- FitoTrack -->
	<AppIcon name="de.tadris.fitness/de.tadris.fitness.ui.LauncherActivity" image="fitotrack"/>

	<!-- France identité -->
	<AppIcon name="fr.gouv.franceidentite/fr.gouv.franceidentite.activities.MainActivity" image="france_identite"/>

	<!-- Freshdesk -->
	<AppIcon name="com.freshdesk.helpdesk/com.freshdesk.helpdesk.ui.SplashActivity" image="freshdesk"/>

	<!-- FuturisticGui -->
	<AppIcon name="fr.thema.wear.watch.futuristicgui/fr.thema.wear.watch.futuristicgui.WatchFaceCompanionConfigActivity" image="futuristicgui"/>

	<!-- Galerie -->
	<AppIcon name="com.asus.gallery/com.asus.gallery.app.EPhotoActivity" image="galerie"/>

	<!-- GeForce NOW -->
	<AppIcon name="com.nvidia.geforcenow/com.nvidia.geforcenow.MallActivity" image="geforce_now"/>

	<!-- Gestionnaire de fichiers -->
	<AppIcon name="com.asus.filemanager/com.asus.filemanager.activity.FileManagerActivity" image="gestionnaire_de_fichiers"/>

	<!-- Hello bank! -->
	<AppIcon name="fr.bnpp.digitalbanking/fr.bnpp.digitalbanking.prehome.SplashScreenActivity" image="hello_bank_"/>

	<!-- Home Connect -->
	<AppIcon name="com.bshg.homeconnect.android.release/com.bshg.homeconnect.app.ui2019.navigation.BottomNavigationActivity" image="home_connect"/>

	<!-- Horloge -->
	<AppIcon name="com.asus.deskclock/com.asus.deskclock.DeskClock" image="horloge"/>

	<!-- Idle Police Tycoon -->
	<AppIcon name="com.codigames.idle.police.department.tycoon.cop/com.google.firebase.MessagingUnityPlayerActivity" image="idle_police_tycoon"/>

	<!-- Immortal -->
	<AppIcon name="com.blizzard.diablo.immortal/com.netease.game.MessiahNativeActivity" image="immortal"/>

	<!-- Instant Gaming -->
	<AppIcon name="com.instantgaming.android/com.instantgaming.android.Activities.WebViewActivity" image="instant_gaming"/>

	<!-- Klassly -->
	<AppIcon name="co.roomapp.klassroom/co.roomapp.klassroom.activity.KROnboardingActivity" image="klassly"/>

	<!-- Konyks -->
	<AppIcon name="com.konyks/com.smart.ThingSplashActivity" image="konyks"/>

	<!-- Leboncoin -->
	<AppIcon name="fr.leboncoin/fr.leboncoin.features.splashscreen.ui.activities.SplashScreenActivity" image="leboncoin"/>

	<!-- Lien avec Windows -->
	<AppIcon name="com.microsoft.appmanager/com.microsoft.appmanager.StartUpCoreActivity" image="lien_avec_windows"/>

	<!-- Lunii -->
	<AppIcon name="fr.lunii.studio/fr.lunii.studio.MainActivity" image="lunii"/>

	<!-- Ma Livebox -->
	<AppIcon name="com.orange.mylivebox.fr/com.orange.mylivebox.fr.gui.startup.StartupActivity" image="ma_livebox"/>

	<!-- Magnétophone -->
	<AppIcon name="com.asus.soundrecorder/com.asus.soundrecorder.AsusRecorder" image="magnetophone"/>

	<!-- Météo -->
	<AppIcon name="com.asus.weathertime/com.asus.weathertime.WeatherTimeSettings" image="meteo"/>

	<!-- Mobvoi -->
	<AppIcon name="com.mobvoi.companion.aw/com.mobvoi.companion.aw.StartEntry" image="mobvoi"/>

	<!-- Niveau -->
	<AppIcon name="net.androgames.level/net.androgames.level.LevelActivity" image="niveau"/>

	<!-- Northgard -->
	<AppIcon name="com.playdigious.northgard/com.playdigious.northgard.NorthgardLoading" image="northgard"/>

	<!-- PC Creator 2 -->
	<AppIcon name="com.ultraandre.pccreator2/com.google.firebase.MessagingUnityPlayerActivity" image="pc_creator_2"/>

	<!-- Personeo -->
	<AppIcon name="net.bnpparibas.monepargnesalariale/com.tns.NativeScriptActivity" image="personeo"/>

	<!-- Phone Clone -->
	<AppIcon name="com.futuredial.asusdatatransfer/com.futuredial.asusdatatransfer.DefaultLauncherActivity" image="phone_clone"/>

	<!-- Photos -->
	<AppIcon name="com.synology.projectkailash/com.synology.projectkailash.ui.splash.SplashActivity" image="photos"/>

	<!-- Scanner QR -->
	<AppIcon name="com.camvision.qrcode.barcode.reader/com.camvision.qrcode.barcode.reader.main.Qr2MainActivity" image="scanner_qr"/>

	<!-- Signal -->
	<AppIcon name="org.thoughtcrime.securesms/org.thoughtcrime.securesms.RoutingActivityAltColor" image="signal"/>

	<!-- Simple Pixel -->
	<AppIcon name="fr.thema.wear.watch.minimalistpixel/fr.thema.wear.watch.minimalistpixel.WatchFaceCompanionConfigActivity" image="simple_pixel"/>

	<!-- Smart Life -->
	<AppIcon name="com.tuya.smartlife/com.smart.ThingSplashActivity" image="smart_life"/>

	<!-- Start -->
	<AppIcon name="com.microsoft.amp.apps.bingnews/com.microsoft.sapphire.app.main.SapphireMainActivity" image="start"/>

	<!-- Steam Chat -->
	<AppIcon name="com.valvesoftware.android.steam.friendsui/com.valvesoftware.android.steam.friendsui.MainActivity" image="steam_chat"/>

	<!-- SwitchBot -->
	<AppIcon name="com.theswitchbot.switchbot/com.theswitchbot.switchbot.index.ui.SplashActivity" image="switchbot"/>

	<!-- TabacInfoService -->
	<AppIcon name="fr.cnamts.tis/com.tabacinfoservice.MainActivity" image="tabacinfoservice"/>

	<!-- Téléphone -->
	<AppIcon name="com.asus.dialer/com.android.contacts.activities.DialtactsActivity" image="telephone"/>

	<!-- The Division Resurgence -->
	<AppIcon name="com.ubisoft.the.division.mobile.combat.shooting.open.world.rpg/com.epicgames.ue4.GameActivity" image="the_division_resurgence"/>

	<!-- TilesWatchTwo -->
	<AppIcon name="com.digitalwings.tileswatchtwo/com.digitalwings.tileswatchtwo.MainActivity" image="tileswatchtwo"/>

	<!-- Tiny Scanner -->
	<AppIcon name="com.appxy.tinyscanner/com.appxy.tinyscanfree.Activity_Start" image="tiny_scanner"/>

	<!-- TWoM -->
	<AppIcon name="com.elevenbitstudios.twommobile/com.android.Game11Bits.GoogleMainActivity" image="twom"/>

	<!-- Video Compressor -->
	<AppIcon name="com.video_converter.video_compressor/com.video_converter.video_compressor.screens.splashScreen.SplashScreenActivity" image="video_compressor"/>

	<!-- War Thunder Mobile -->
	<AppIcon name="com.gaijingames.wtm/com.gaijingames.wtm.VersionSelector" image="war_thunder_mobile"/>

	<!-- Warframe Companion -->
	<AppIcon name="com.digitalextremes.warframenexus/com.digitalextremes.warframenexus.WarframeCompanionActivity" image="warframe_companion"/>

	<!-- Warplanes: WW2 Dogfight -->
	<AppIcon name="com.HomeNetGames.Warplanes/com.unity3d.player.UnityPlayerActivity" image="warplanes_ww2_dogfight"/>

	<!-- Waze -->
	<AppIcon name="com.waze/com.waze.FreeMapAppActivity" image="waze"/>

	<!-- Wear OS -->
	<AppIcon name="com.google.android.wearable.app/com.google.android.clockwork.companion.launcher.LauncherActivity" image="wear os"/>

	<!-- WordReference -->
	<AppIcon name="com.wordreference/com.wordreference.MainApp" image="wordreference"/>

	<!-- Xiaomi Home -->
	<AppIcon name="com.xiaomi.smarthome/com.xiaomi.smarthome.SmartHomeMainActivity" image="xiaomi_home"/>

	<!-- Xtreme IPTV -->
	<AppIcon name="com.mca.iptvplayer.new/com.mca.iptvplayer.MainActivity" image="xtreme_iptv"/>

</Theme>