<appmap>

	<!-- Cache Cleaner -->
	<item class="com.github.bmx666.appcachecleaner.ui.activity.LauncherActivity" name="cache_cleaner"/>

	<!-- Calendar -->
	<item class="com.android.calendar.AllInOneActivity" name="calendar"/>

	<!-- Camera -->
	<item class="net.sourceforge.opencamera.MainActivity" name="camera"/>

	<!-- FM Radio -->
	<item class="com.caf.fmradio.FMRadio" name="fm_radio"/>

	<!-- Gap Messenger -->
	<item class="com.gapafzar.messenger.activity.MainActivity" name="gap_messenger"/>

	<!-- Magic Earth -->
	<item class="com.magiclane.androidsphere.map.MapActivity" name="magic_earth"/>

	<!-- My Angela 2 -->
	<item class="com.outfit7.sabretooth.MainActivity" name="my_angela_2"/>

	<!-- OpenKeychain -->
	<item class="org.sufficientlysecure.keychain.ui.MainActivity" name="openkeychain"/>

	<!-- PipePipe -->
	<item class="org.schabi.newpipe.MainActivity" name="pipepipe"/>

	<!-- Power Girls - Fantastic Heroes -->
	<item class="com.unity3d.player.UnityPlayerActivity" name="power_girls_fantastic_heroes"/>

	<!-- PsTube -->
	<item class="com.prateekmedia.pstube.MainActivity" name="pstube"/>

	<!-- Rescue Lover -->
	<item class="com.unity3d.player.UnityPlayerActivity" name="rescue_lover"/>

	<!-- Tasks -->
	<item class="org.dmfs.tasks.TaskListActivity" name="tasks"/>

	<!-- Virasty -->
	<item class="com.microblog.app.MainActivity" name="virasty"/>

	<!-- ایران صدا -->
	<item class="ir.iranseda.ChannelPage" name="ایران_صدا"/>

	<!-- پازل شاهزاده یخی -->
	<item class="app.puzzle.frozen.HomeActivity" name="پازل_شاهزاده_یخی"/>

</appmap>