<Theme version="1">

	<!-- 1Tap Cleaner -->
	<AppIcon name="com.a0soft.gphone.acc.free/com.a0soft.gphone.acc.free.MainWnd" image="_1tap_cleaner_pro"/>

	<!-- ChatGPT -->
	<AppIcon name="com.openai.chatgpt/com.openai.chatgpt.MainActivity" image="chatgpt"/>

	<!-- Device care -->
	<AppIcon name="com.samsung.android.lool/com.samsung.android.sm.ui.DefaultActivity" image="device_care"/>

	<!-- Device Info -->
	<AppIcon name="com.ytheekshana.deviceinfo/com.ytheekshana.deviceinfo.SplashActivity" image="device_info"/>

	<!-- Geometry Dash -->
	<AppIcon name="com.robtopx.geometryjump/com.robtopx.geometryjump.GeometryJump" image="geometry_dash"/>

	<!-- Live Transcribe -->
	<AppIcon name="com.google.audio.hearing.visualization.accessibility.scribe/com.google.audio.hearing.visualization.accessibility.scribe.LauncherActivity" image="live_transcribe"/>

	<!-- Muslim Pro -->
	<AppIcon name="com.bitsmedia.android.muslimpro/com.bitsmedia.android.muslimpro.core.activities.SplashActivity" image="muslim_pro"/>

	<!-- Nerd AI -->
	<AppIcon name="com.codeway.homework/com.codeway.homework.MainActivity" image="nerd_ai"/>

	<!-- Parental controls -->
	<AppIcon name="com.google.android.apps.kids.familylinkhelper/com.google.android.apps.kids.familylinkhelper.trampoline.TrampolineActivity" image="parental_controls"/>

	<!-- Pokémon GO -->
	<AppIcon name="com.nianticlabs.pokemongo/com.nianticproject.holoholo.libholoholo.unity.UnityMainActivity" image="pokemon_go"/>

	<!-- Runmefit -->
	<AppIcon name="com.starmax.runmefit/com.starmax.runmefit.MainActivity" image="runmefit"/>

	<!-- Shizuku -->
	<AppIcon name="moe.shizuku.privileged.api/moe.shizuku.manager.MainActivity" image="shizuku"/>

	<!-- Sound notifications -->
	<AppIcon name="com.google.audio.hearing.visualization.accessibility.scribe/com.google.audio.hearing.visualization.accessibility.dolphin.DolphinLauncherActivity" image="sound_notifications"/>

	<!-- Space Intern -->
	<AppIcon name="com.OakyGames.SpaceIntern/com.unity3d.player.UnityPlayerActivity" image="space_intern"/>

</Theme>