<resources>

	<!-- ∞ Loop -->
	<item component="ComponentInfo{com.balysv.loop/com.balysv.loop.SplashScreenActivity}" drawable="∞_loop" />

	<!-- 1Password -->
	<item component="ComponentInfo{com.onepassword.android/com.onepassword.android.app.StartActivity}" drawable="_1password" />

	<!-- ADB -->
	<item component="ComponentInfo{com.github.standardadb/com.github.standardadb.SplashActivity}" drawable="adb" />

	<!-- Adobe Photoshop Express -->
	<item component="ComponentInfo{com.adobe.psmobile/com.adobe.psmobile.MainActivity}" drawable="adobe_photoshop_express" />

	<!-- ADV Screen Recorder -->
	<item component="ComponentInfo{com.blogspot.byterevapps.lollipopscreenrecorder/com.blogspot.byterevapps.lollipopscreenrecorder.MainActivity}" drawable="adv_screen_recorder" />

	<!-- Affirm -->
	<item component="ComponentInfo{com.affirm.central/com.affirm.central.RootActivity}" drawable="affirm" />

	<!-- Amazon A to Z -->
	<item component="ComponentInfo{com.amazon.atozm/com.amazon.atozm.MainActivity}" drawable="amazon_a_to_z" />

	<!-- Ambience -->
	<item component="ComponentInfo{it.mm.android.ambience/it.mm.android.ambience.MainActivity}" drawable="ambience" />

	<!-- Ampere -->
	<item component="ComponentInfo{com.gombosdev.ampere/com.gombosdev.ampere.MainActivity}" drawable="ampere" />

	<!-- Android Developers -->
	<item component="ComponentInfo{org.chromium.webapk.aa70edc510a407f98_v2/org.chromium.webapk.shell_apk.h2o.H2OOpaqueMainActivity}" drawable="android_developers" />

	<!-- AndroVid Pro -->
	<item component="ComponentInfo{com.androvidpro/com.androvid.videokit.home.HomeActivity}" drawable="androvid_pro" />

	<!-- APKTime -->
	<item component="ComponentInfo{com.apktime.apktime/com.apktime.apktime.SplashActivity}" drawable="apktime" />

	<!-- Arts & Culture -->
	<item component="ComponentInfo{com.google.android.apps.cultural/com.google.android.apps.cultural.flutter.HomeFlutterActivity}" drawable="arts_and_culture" />

	<!-- Aspire -->
	<item component="ComponentInfo{com.atlanticus.aspire/com.atlanticus.aspire.MainActivity}" drawable="aspire" />

	<!-- Atom -->
	<item component="ComponentInfo{com.asn360.atom.iconpack/com.asn360.atom.iconpack.MainActivity}" drawable="atom" />

	<!-- Atom -->
	<item component="ComponentInfo{org.gamatech.androidclient.app/org.gamatech.androidclient.app.activities.gateway.HomeActivity}" drawable="atom" />

	<!-- Avant Credit -->
	<item component="ComponentInfo{com.avant.android.app/com.avant.android.SplashActivity}" drawable="avant_credit" />

	<!-- Best Buy -->
	<item component="ComponentInfo{com.bestbuy.android/com.bestbuy.android.activity.SplashActivity}" drawable="best_buy" />

	<!-- Business Calendar -->
	<item component="ComponentInfo{com.appgenix.bizcal/com.appgenix.bizcal.LaunchActivity}" drawable="business_calendar" />

	<!-- Calculator -->
	<item component="ComponentInfo{com.fourchars.lmpfree/gui.SplashScreenActivity2}" drawable="calculator" />

	<!-- Camera ZOOM FX -->
	<item component="ComponentInfo{slide.cameraZoom/slide.cameraZoom.CheckPermissionsActivity}" drawable="camera_zoom_fx" />

	<!-- Canary -->
	<item component="ComponentInfo{io.canarymail.android/io.canarymail.android.dark}" drawable="canary" />

	<!-- Capital One -->
	<item component="ComponentInfo{com.konylabs.capitalone/com.capitalone.ease.app.splash.SplashActivity}" drawable="capital_one" />

	<!-- Chat AI -->
	<item component="ComponentInfo{zip.gpt.ai.chat/com.zipoapps.premiumhelper.ui.splash.PHSplashActivity}" drawable="chat_ai" />

	<!-- Citizens Pay -->
	<item component="ComponentInfo{com.citizens.mobile.cpay/com.citizens.reference.view.LaunchActivity}" drawable="citizens_pay" />

	<!-- Clowdy KWGT -->
	<item component="ComponentInfo{clowdy.zeffi.kwgt/com.example.novel.MainActivity}" drawable="clowdy_kwgt" />

	<!-- CoachView -->
	<item component="ComponentInfo{com.firecrackersw.coachview/com.firecrackersw.coachview.MainActivity}" drawable="coachview" />

	<!-- Costco -->
	<item component="ComponentInfo{com.costco.app.android/com.costco.app.android.ui.main.MainActivity}" drawable="costco" />

	<!-- Credit Karma -->
	<item component="ComponentInfo{com.creditkarma.mobile/com.creditkarma.mobile.welcome.ui.WelcomeActivity}" drawable="credit_karma" />

	<!-- Credit One -->
	<item component="ComponentInfo{com.creditonebank.mobile/com.creditonebank.mobile.phase3.onboarding.activity.SplashScreen}" drawable="credit_one" />

	<!-- CVS -->
	<item component="ComponentInfo{com.cvs.launchers.cvs/com.cvs.launchers.cvs.StartupActivity}" drawable="cvs" />

	<!-- DALL·E -->
	<item component="ComponentInfo{org.chromium.webapk.acc98739b9fb2fb40_v2/org.chromium.webapk.shell_apk.h2o.H2OOpaqueMainActivity}" drawable="dall·e" />

	<!-- Database 76 -->
	<item component="ComponentInfo{com.planmoddatabase/com.planmoddatabase.activities.MainActivity}" drawable="database_76" />

	<!-- Defined Fit -->
	<item component="ComponentInfo{com.netpulse.mobile.defined/com.netpulse.mobile.launch.LaunchActivity}" drawable="defined_fit" />

	<!-- Discover -->
	<item component="ComponentInfo{com.discoverfinancial.mobile/c4c5046ae.e2731a8f9.pd6fab278.pf47237c8}" drawable="discover" />

	<!-- discovery+ -->
	<item component="ComponentInfo{com.discovery.discoveryplus.mobile/com.discovery.plus.presentation.activities.LaunchActivity}" drawable="discovery_" />

	<!-- Dutch Bros -->
	<item component="ComponentInfo{com.dutchbros.loyalty/com.wearehathway.apps.stock.views.splash.SplashActivity}" drawable="dutch_bros" />

	<!-- ESPN -->
	<item component="ComponentInfo{com.espn.score_center/com.espn.sportscenter.ui.EspnLaunchActivity}" drawable="espn" />

	<!-- Experian -->
	<item component="ComponentInfo{com.experian.android/com.experian.activities.LandingActivity}" drawable="experian" />

	<!-- Fastmail -->
	<item component="ComponentInfo{com.fastmail.app/com.fastmail.app.ui.webview.WebViewActivity}" drawable="fastmail" />

	<!-- Feast KWGT -->
	<item component="ComponentInfo{feastkwgt.kustom.pack/feastkwgt.kustom.pack.MainActivity}" drawable="feast_kwgt" />

	<!-- Fidelity -->
	<item component="ComponentInfo{com.fidelity.android/com.fidelity.android.activity.AppConfigLoaderActivity}" drawable="fidelity" />

	<!-- File manager -->
	<item component="ComponentInfo{com.splendapps.arsen/com.splendapps.arsen.MainActivity}" drawable="file_manager" />

	<!-- FilmPlus -->
	<item component="ComponentInfo{com.guideplus.co/com.guideplus.co.SplashActivity}" drawable="filmplus" />

	<!-- Google AI -->
	<item component="ComponentInfo{org.chromium.webapk.afebddbcb1aa293a9_v2/org.chromium.webapk.shell_apk.h2o.H2OOpaqueMainActivity}" drawable="google_ai" />

	<!-- GPS Status -->
	<item component="ComponentInfo{com.eclipsim.gpsstatus2/com.eclipsim.gpsstatus2.GPSStatus}" drawable="gps_status" />

	<!-- GRUBL -->
	<item component="ComponentInfo{helectronsoft.com.grubl.live.wallpapers3d/com.zipoapps.premiumhelper.ui.splash.PHSplashActivity}" drawable="grubl" />

	<!-- Headphones -->
	<item component="ComponentInfo{com.sony.songpal.mdr/com.sony.songpal.mdr.vim.activity.MdrMainActivity}" drawable="headphones" />

	<!-- Hidrate Spark -->
	<item component="ComponentInfo{hidratenow.com.hidrate.hidrateandroid/hidratenow.com.hidrate.hidrateandroid.activities.NoDisplayActivity}" drawable="hidrate_spark" />

	<!-- Hulu -->
	<item component="ComponentInfo{com.hulu.plus/com.hulu.features.splash.SplashActivity}" drawable="hulu" />

	<!-- iHealth -->
	<item component="ComponentInfo{com.ihealthlabs.MyVitalsPro/com.ihealth.business.common.welcome.WelcomeActivity}" drawable="ihealth" />

	<!-- Ipsos iSay -->
	<item component="ComponentInfo{com.ipsos.isay/com.talkonlinepanel.core.ui.activities.SplashActivity}" drawable="ipsos_isay" />

	<!-- Jack in the Box -->
	<item component="ComponentInfo{com.jackintheboxinc.JackMobileApp/com.wearehathway.jackinthebox.development.MainActivity}" drawable="jack_in_the_box" />

	<!-- Kasts -->
	<item component="ComponentInfo{org.kde.kasts/org.qtproject.qt5.android.bindings.QtActivity}" drawable="kasts" />

	<!-- Koda for Kustom -->
	<item component="ComponentInfo{kodaforkustom.droidbeauty.pack/kodaforkustom.droidbeauty.pack.MainActivity}" drawable="koda_for_kustom" />

	<!-- LG ThinQ -->
	<item component="ComponentInfo{com.lgeha.nuts/com.lgeha.nuts.MainActivity}" drawable="lg_thinq" />

	<!-- LineX -->
	<item component="ComponentInfo{com.jndapp.line.x.iconpack/com.jndapp.line.x.iconpack.MainActivity}" drawable="linex" />

	<!-- Lingopie: Learn Languages w/TV -->
	<item component="ComponentInfo{com.lingopie.android.stg/com.lingopie.presentation.splash.SplashActivity}" drawable="lingopie_learn_languages_w_tv" />

	<!-- Little Caesars -->
	<item component="ComponentInfo{com.littlecaesars/com.littlecaesars.startup.StartUpActivity}" drawable="little_caesars" />

	<!-- LuX -->
	<item component="ComponentInfo{com.jndapp.lux.iconpack/com.jndapp.lux.iconpack.MainActivity}" drawable="lux" />

	<!-- Magnifier -->
	<item component="ComponentInfo{com.google.android.apps.accessibility.magnifier/com.google.android.apps.accessibility.magnifier.home.HomeActivity}" drawable="magnifier" />

	<!-- Malwarebytes -->
	<item component="ComponentInfo{org.malwarebytes.antimalware/org.malwarebytes.antimalware.ui.MainActivity}" drawable="malwarebytes" />

	<!-- Maverik Rewards -->
	<item component="ComponentInfo{com.maverik.rewards/com.maverik.rewards.MainActivity}" drawable="maverik_rewards" />

	<!-- Max -->
	<item component="ComponentInfo{com.wbd.stream/com.wbd.stream.MainActivity}" drawable="max" />

	<!-- Merrick Mobile -->
	<item component="ComponentInfo{com.merrickbank.smartclient.prod/com.merrickbank.smartclient.prod.MainActivity}" drawable="merrick_mobile" />

	<!-- Moon+ Reader Pro -->
	<item component="ComponentInfo{com.flyersoft.moonreaderp/com.flyersoft.moonreaderp.ActivityMain}" drawable="moon_reader_pro" />

	<!-- MS Ignite -->
	<item component="ComponentInfo{org.chromium.webapk.aa3df913f31740a32_v2/org.chromium.webapk.shell_apk.h2o.H2OOpaqueMainActivity}" drawable="ms_ignite" />

	<!-- myPRES -->
	<item component="ComponentInfo{com.phs/com.phs.MainActivity}" drawable="mypres" />

	<!-- Network Survey -->
	<item component="ComponentInfo{com.craxiom.networksurvey/com.craxiom.networksurvey.NetworkSurveyActivity}" drawable="network_survey" />

	<!-- Newegg -->
	<item component="ComponentInfo{com.newegg.app/com.newegg.app.MainActivity}" drawable="newegg" />

	<!-- Notesnook -->
	<item component="ComponentInfo{com.streetwriters.notesnook/com.streetwriters.notesnook.MainActivity}" drawable="notesnook" />

	<!-- NPR -->
	<item component="ComponentInfo{org.npr.android.news/org.npr.one.StartActivity}" drawable="npr" />

	<!-- Nusenda CU -->
	<item component="ComponentInfo{com.nusendacreditunion5093.mobile/com.q2.app.core.ui.LauncherActivity}" drawable="nusenda_cu" />

	<!-- Panera -->
	<item component="ComponentInfo{com.panera.bread/com.panera.bread.views.SplashActivity}" drawable="panera" />

	<!-- Parallax 3D Live Wallpapers -->
	<item component="ComponentInfo{com.helectronsoft.free.live.wallpaper.parallax.background/com.helectronsoft.wallpaper.Splash}" drawable="parallax_3d_live_wallpapers" />

	<!-- Paramount+ -->
	<item component="ComponentInfo{com.cbs.app/com.paramount.android.pplus.splash.mobile.integration.SplashActivity}" drawable="paramount_" />

	<!-- Peacock -->
	<item component="ComponentInfo{com.peacocktv.peacockandroid/com.nowtv.view.activity.manhattan.MainActivity}" drawable="peacock" />

	<!-- Photo Studio PRO -->
	<item component="ComponentInfo{com.kvadgroup.photostudio_pro/com.kvadgroup.photostudio.visual.MainActivity}" drawable="photo_studio_pro" />

	<!-- PhotoPrintsNow -->
	<item component="ComponentInfo{com.meamobile.photoprintsnow/com.wearemea.printicularandroid.screen.SplashActivity}" drawable="photoprintsnow" />

	<!-- PIA VPN -->
	<item component="ComponentInfo{com.privateinternetaccess.android/com.privateinternetaccess.android.ui.LauncherActivity}" drawable="pia_vpn" />

	<!-- Pie Launcher -->
	<item component="ComponentInfo{de.markusfisch.android.pielauncher/de.markusfisch.android.pielauncher.activity.HomeActivity}" drawable="pie_launcher" />

	<!-- Pixel Tips -->
	<item component="ComponentInfo{com.google.android.apps.tips/com.google.android.apps.tips.TipsMain}" drawable="pixel_tips" />

	<!-- Player FM -->
	<item component="ComponentInfo{fm.player/fm.player.ui.MainActivity}" drawable="player_fm" />

	<!-- Podcast Republic -->
	<item component="ComponentInfo{com.itunestoppodcastplayer.app/com.itunestoppodcastplayer.app.StartupActivity}" drawable="podcast_republic" />

	<!-- RemoteVideoCam -->
	<item component="ComponentInfo{org.avmedia.remotevideocam/org.avmedia.remotevideocam.MainActivity}" drawable="remotevideocam" />

	<!-- Ring -->
	<item component="ComponentInfo{com.ringapp/com.ring.launch.LaunchActivity}" drawable="ring" />

	<!-- Ringtones for Android™ -->
	<item component="ComponentInfo{com.bestringtonesapps.freeringtonesforandroid/com.bra.classes.ConsentActivity}" drawable="ringtones_for_android™" />

	<!-- RoboForm -->
	<item component="ComponentInfo{com.siber.roboform/com.siber.roboform.StarterActivity}" drawable="roboform" />

	<!-- Rocket Money -->
	<item component="ComponentInfo{com.truebill/com.truebill.MainActivity}" drawable="rocket_money" />

	<!-- Sam's Club -->
	<item component="ComponentInfo{com.rfi.sams.android/com.rfi.sams.android.main.SplashActivity}" drawable="sams_club" />

	<!-- Screen Mirroring -->
	<item component="ComponentInfo{screen.mirroring.smart.tv/com.tvcast.screenmirroring.MainActivity}" drawable="screen_mirroring" />

	<!-- SeatGeek -->
	<item component="ComponentInfo{com.seatgeek.android/com.seatgeek.android.ui.activities.SplashActivity}" drawable="seatgeek" />

	<!-- Sengled Home -->
	<item component="ComponentInfo{com.sengled.life2/com.sengled.life2.MainActivity}" drawable="sengled_home" />

	<!-- SeriesGuide -->
	<item component="ComponentInfo{com.battlelancer.seriesguide/com.battlelancer.seriesguide.ui.ShowsActivity}" drawable="seriesguide" />

	<!-- Slow Motion FX -->
	<item component="ComponentInfo{com.mobile.bizo.slowmotion/com.mobile.bizo.slowmotion.SlowMotionVideoEditor}" drawable="slow_motion_fx" />

	<!-- Snapchat -->
	<item component="ComponentInfo{com.snapchat.android/com.snapchat.android.PrideAlias}" drawable="snapchat" />

	<!-- Sound Bar Controller -->
	<item component="ComponentInfo{com.wifiaudio.Yamaha/com.wifiaudio.app.SplashActivity}" drawable="sound_bar_controller" />

	<!-- Southwest -->
	<item component="ComponentInfo{com.southwestairlines.mobile/com.southwestairlines.mobile.common.splash.SplashActivity}" drawable="southwest" />

	<!-- Spark -->
	<item component="ComponentInfo{com.readdle.spark/com.readdle.spark.app.MainActivity}" drawable="spark" />

	<!-- Speechify -->
	<item component="ComponentInfo{com.cliffweitzman.speechify2/com.cliffweitzman.speechify2.screens.splash.SplashScreenActivity}" drawable="speechify" />

	<!-- Spirit Airlines -->
	<item component="ComponentInfo{com.spirit.customerapp/com.spirit.enterprise.guestmobileapp.ui.main.LandingActivity}" drawable="spirit_airlines" />

	<!-- Starlink -->
	<item component="ComponentInfo{com.starlink.mobile/com.starlink.mobile.MainActivity}" drawable="starlink" />

	<!-- STARZ -->
	<item component="ComponentInfo{com.bydeluxe.d3.android.program.starz/com.starz.handheld.SplashActivity}" drawable="starz" />

	<!-- Stitch -->
	<item component="ComponentInfo{soko.ekibun.stitch/soko.ekibun.stitch.MainActivity}" drawable="stitch" />

	<!-- StudentUniverse -->
	<item component="ComponentInfo{com.studentuniverse.triplingo/com.studentuniverse.triplingo.presentation.main.MainActivity}" drawable="studentuniverse" />

	<!-- Temp Mail -->
	<item component="ComponentInfo{com.tempmail/com.tempmail.splash.SplashActivity}" drawable="temp_mail" />

	<!-- Tenor -->
	<item component="ComponentInfo{com.riffsy.FBMGIFApp/com.riffsy.ui.activity.SplashActivity}" drawable="tenor" />

	<!-- Topgolf -->
	<item component="ComponentInfo{com.topgolf.mobile/com.topgolf.mobile.view.activity.LauncherActivity}" drawable="topgolf" />

	<!-- Travel -->
	<item component="ComponentInfo{org.chromium.webapk.a9c6d9d582d5958ce_v2/org.chromium.webapk.shell_apk.h2o.H2OOpaqueMainActivity}" drawable="travel" />

	<!-- Trendy Wall -->
	<item component="ComponentInfo{com.trendywalls.android/com.trendywalls.android.ui.MainActivity}" drawable="trendy_wall" />

	<!-- Udemy Business -->
	<item component="ComponentInfo{com.udemy.android.ufb/com.udemy.android.B2BSplashActivity}" drawable="udemy_business" />

	<!-- Unified Remote Full -->
	<item component="ComponentInfo{com.Relmtech.RemotePaid/com.unified.v3.frontend.views.MainActivity}" drawable="unified_remote_full" />

	<!-- UPS -->
	<item component="ComponentInfo{com.ups.mobile.android/com.ups.mobile.android.beta.MainActivity}" drawable="ups" />

	<!-- USAA -->
	<item component="ComponentInfo{com.usaa.mobile.android.usaa/com.usaa.mobile.android.app.MainEntryActivity}" drawable="usaa" />

	<!-- USPS Mobile -->
	<item component="ComponentInfo{com.usps.app/com.usps.app.mobile.SplashScreenActivity}" drawable="usps_mobile" />

	<!-- Voice Access -->
	<item component="ComponentInfo{com.google.android.apps.accessibility.voiceaccess/com.google.android.apps.accessibility.voiceaccess.LauncherActivity}" drawable="voice_access" />

	<!-- Walgreens -->
	<item component="ComponentInfo{com.usablenet.mobile.walgreen/com.usablenet.mobile.walgreen.AppStart}" drawable="walgreens" />

	<!-- Wattz -->
	<item component="ComponentInfo{dubrowgn.wattz/dubrowgn.wattz.MainActivity}" drawable="wattz" />

	<!-- Weather -->
	<item component="ComponentInfo{com.google.android.googlequicksearchbox/com.google.android.apps.search.weather.entrypoints.appicon.WeatherAppIconActivity}" drawable="weather" />

	<!-- Web Video Caster -->
	<item component="ComponentInfo{com.instantbits.cast.webvideo/com.instantbits.cast.webvideo.SplashActivity}" drawable="web_video_caster" />

	<!-- Whataburger -->
	<item component="ComponentInfo{wb.mobile.cx.client.droid/crc6482ea12e3f319a2d7.SplashScreen}" drawable="whataburger" />

	<!-- Whicons -->
	<item component="ComponentInfo{com.whicons.iconpack/com.whicons.iconpack.MainActivity}" drawable="whicons" />

	<!-- X -->
	<item component="ComponentInfo{org.chromium.webapk.a34fb767c343d2614_v2/org.chromium.webapk.shell_apk.h2o.H2OOpaqueMainActivity}" drawable="x" />

	<!-- Xfinity -->
	<item component="ComponentInfo{com.xfinity.digitalhome/com.xfinity.digitalhome.features.launch.splash.SplashActivity}" drawable="xfinity" />

	<!-- YT Create -->
	<item component="ComponentInfo{com.google.android.apps.youtube.producer/com.google.android.apps.youtube.producer.application.MainActivity}" drawable="yt_create" />

	<!-- YT TV -->
	<item component="ComponentInfo{com.google.android.apps.youtube.unplugged/com.google.android.apps.youtube.unplugged.startup.activity.SplashActivity}" drawable="yt_tv" />

</resources>