<Theme version="1">

	<!-- ∞ Loop -->
	<AppIcon name="com.balysv.loop/com.balysv.loop.SplashScreenActivity" image="∞_loop"/>

	<!-- 1Password -->
	<AppIcon name="com.onepassword.android/com.onepassword.android.app.StartActivity" image="_1password"/>

	<!-- ADB -->
	<AppIcon name="com.github.standardadb/com.github.standardadb.SplashActivity" image="adb"/>

	<!-- Adobe Photoshop Express -->
	<AppIcon name="com.adobe.psmobile/com.adobe.psmobile.MainActivity" image="adobe_photoshop_express"/>

	<!-- ADV Screen Recorder -->
	<AppIcon name="com.blogspot.byterevapps.lollipopscreenrecorder/com.blogspot.byterevapps.lollipopscreenrecorder.MainActivity" image="adv_screen_recorder"/>

	<!-- Affirm -->
	<AppIcon name="com.affirm.central/com.affirm.central.RootActivity" image="affirm"/>

	<!-- Amazon A to Z -->
	<AppIcon name="com.amazon.atozm/com.amazon.atozm.MainActivity" image="amazon_a_to_z"/>

	<!-- Ambience -->
	<AppIcon name="it.mm.android.ambience/it.mm.android.ambience.MainActivity" image="ambience"/>

	<!-- Ampere -->
	<AppIcon name="com.gombosdev.ampere/com.gombosdev.ampere.MainActivity" image="ampere"/>

	<!-- Android Developers -->
	<AppIcon name="org.chromium.webapk.aa70edc510a407f98_v2/org.chromium.webapk.shell_apk.h2o.H2OOpaqueMainActivity" image="android_developers"/>

	<!-- AndroVid Pro -->
	<AppIcon name="com.androvidpro/com.androvid.videokit.home.HomeActivity" image="androvid_pro"/>

	<!-- APKTime -->
	<AppIcon name="com.apktime.apktime/com.apktime.apktime.SplashActivity" image="apktime"/>

	<!-- Arts & Culture -->
	<AppIcon name="com.google.android.apps.cultural/com.google.android.apps.cultural.flutter.HomeFlutterActivity" image="arts_and_culture"/>

	<!-- Aspire -->
	<AppIcon name="com.atlanticus.aspire/com.atlanticus.aspire.MainActivity" image="aspire"/>

	<!-- Atom -->
	<AppIcon name="com.asn360.atom.iconpack/com.asn360.atom.iconpack.MainActivity" image="atom"/>

	<!-- Atom -->
	<AppIcon name="org.gamatech.androidclient.app/org.gamatech.androidclient.app.activities.gateway.HomeActivity" image="atom"/>

	<!-- Avant Credit -->
	<AppIcon name="com.avant.android.app/com.avant.android.SplashActivity" image="avant_credit"/>

	<!-- Best Buy -->
	<AppIcon name="com.bestbuy.android/com.bestbuy.android.activity.SplashActivity" image="best_buy"/>

	<!-- Business Calendar -->
	<AppIcon name="com.appgenix.bizcal/com.appgenix.bizcal.LaunchActivity" image="business_calendar"/>

	<!-- Calculator -->
	<AppIcon name="com.fourchars.lmpfree/gui.SplashScreenActivity2" image="calculator"/>

	<!-- Camera ZOOM FX -->
	<AppIcon name="slide.cameraZoom/slide.cameraZoom.CheckPermissionsActivity" image="camera_zoom_fx"/>

	<!-- Canary -->
	<AppIcon name="io.canarymail.android/io.canarymail.android.dark" image="canary"/>

	<!-- Capital One -->
	<AppIcon name="com.konylabs.capitalone/com.capitalone.ease.app.splash.SplashActivity" image="capital_one"/>

	<!-- Chat AI -->
	<AppIcon name="zip.gpt.ai.chat/com.zipoapps.premiumhelper.ui.splash.PHSplashActivity" image="chat_ai"/>

	<!-- Citizens Pay -->
	<AppIcon name="com.citizens.mobile.cpay/com.citizens.reference.view.LaunchActivity" image="citizens_pay"/>

	<!-- Clowdy KWGT -->
	<AppIcon name="clowdy.zeffi.kwgt/com.example.novel.MainActivity" image="clowdy_kwgt"/>

	<!-- CoachView -->
	<AppIcon name="com.firecrackersw.coachview/com.firecrackersw.coachview.MainActivity" image="coachview"/>

	<!-- Costco -->
	<AppIcon name="com.costco.app.android/com.costco.app.android.ui.main.MainActivity" image="costco"/>

	<!-- Credit Karma -->
	<AppIcon name="com.creditkarma.mobile/com.creditkarma.mobile.welcome.ui.WelcomeActivity" image="credit_karma"/>

	<!-- Credit One -->
	<AppIcon name="com.creditonebank.mobile/com.creditonebank.mobile.phase3.onboarding.activity.SplashScreen" image="credit_one"/>

	<!-- CVS -->
	<AppIcon name="com.cvs.launchers.cvs/com.cvs.launchers.cvs.StartupActivity" image="cvs"/>

	<!-- DALL·E -->
	<AppIcon name="org.chromium.webapk.acc98739b9fb2fb40_v2/org.chromium.webapk.shell_apk.h2o.H2OOpaqueMainActivity" image="dall·e"/>

	<!-- Database 76 -->
	<AppIcon name="com.planmoddatabase/com.planmoddatabase.activities.MainActivity" image="database_76"/>

	<!-- Defined Fit -->
	<AppIcon name="com.netpulse.mobile.defined/com.netpulse.mobile.launch.LaunchActivity" image="defined_fit"/>

	<!-- Discover -->
	<AppIcon name="com.discoverfinancial.mobile/c4c5046ae.e2731a8f9.pd6fab278.pf47237c8" image="discover"/>

	<!-- discovery+ -->
	<AppIcon name="com.discovery.discoveryplus.mobile/com.discovery.plus.presentation.activities.LaunchActivity" image="discovery_"/>

	<!-- Dutch Bros -->
	<AppIcon name="com.dutchbros.loyalty/com.wearehathway.apps.stock.views.splash.SplashActivity" image="dutch_bros"/>

	<!-- ESPN -->
	<AppIcon name="com.espn.score_center/com.espn.sportscenter.ui.EspnLaunchActivity" image="espn"/>

	<!-- Experian -->
	<AppIcon name="com.experian.android/com.experian.activities.LandingActivity" image="experian"/>

	<!-- Fastmail -->
	<AppIcon name="com.fastmail.app/com.fastmail.app.ui.webview.WebViewActivity" image="fastmail"/>

	<!-- Feast KWGT -->
	<AppIcon name="feastkwgt.kustom.pack/feastkwgt.kustom.pack.MainActivity" image="feast_kwgt"/>

	<!-- Fidelity -->
	<AppIcon name="com.fidelity.android/com.fidelity.android.activity.AppConfigLoaderActivity" image="fidelity"/>

	<!-- File manager -->
	<AppIcon name="com.splendapps.arsen/com.splendapps.arsen.MainActivity" image="file_manager"/>

	<!-- FilmPlus -->
	<AppIcon name="com.guideplus.co/com.guideplus.co.SplashActivity" image="filmplus"/>

	<!-- Google AI -->
	<AppIcon name="org.chromium.webapk.afebddbcb1aa293a9_v2/org.chromium.webapk.shell_apk.h2o.H2OOpaqueMainActivity" image="google_ai"/>

	<!-- GPS Status -->
	<AppIcon name="com.eclipsim.gpsstatus2/com.eclipsim.gpsstatus2.GPSStatus" image="gps_status"/>

	<!-- GRUBL -->
	<AppIcon name="helectronsoft.com.grubl.live.wallpapers3d/com.zipoapps.premiumhelper.ui.splash.PHSplashActivity" image="grubl"/>

	<!-- Headphones -->
	<AppIcon name="com.sony.songpal.mdr/com.sony.songpal.mdr.vim.activity.MdrMainActivity" image="headphones"/>

	<!-- Hidrate Spark -->
	<AppIcon name="hidratenow.com.hidrate.hidrateandroid/hidratenow.com.hidrate.hidrateandroid.activities.NoDisplayActivity" image="hidrate_spark"/>

	<!-- Hulu -->
	<AppIcon name="com.hulu.plus/com.hulu.features.splash.SplashActivity" image="hulu"/>

	<!-- iHealth -->
	<AppIcon name="com.ihealthlabs.MyVitalsPro/com.ihealth.business.common.welcome.WelcomeActivity" image="ihealth"/>

	<!-- Ipsos iSay -->
	<AppIcon name="com.ipsos.isay/com.talkonlinepanel.core.ui.activities.SplashActivity" image="ipsos_isay"/>

	<!-- Jack in the Box -->
	<AppIcon name="com.jackintheboxinc.JackMobileApp/com.wearehathway.jackinthebox.development.MainActivity" image="jack_in_the_box"/>

	<!-- Kasts -->
	<AppIcon name="org.kde.kasts/org.qtproject.qt5.android.bindings.QtActivity" image="kasts"/>

	<!-- Koda for Kustom -->
	<AppIcon name="kodaforkustom.droidbeauty.pack/kodaforkustom.droidbeauty.pack.MainActivity" image="koda_for_kustom"/>

	<!-- LG ThinQ -->
	<AppIcon name="com.lgeha.nuts/com.lgeha.nuts.MainActivity" image="lg_thinq"/>

	<!-- LineX -->
	<AppIcon name="com.jndapp.line.x.iconpack/com.jndapp.line.x.iconpack.MainActivity" image="linex"/>

	<!-- Lingopie: Learn Languages w/TV -->
	<AppIcon name="com.lingopie.android.stg/com.lingopie.presentation.splash.SplashActivity" image="lingopie_learn_languages_w_tv"/>

	<!-- Little Caesars -->
	<AppIcon name="com.littlecaesars/com.littlecaesars.startup.StartUpActivity" image="little_caesars"/>

	<!-- LuX -->
	<AppIcon name="com.jndapp.lux.iconpack/com.jndapp.lux.iconpack.MainActivity" image="lux"/>

	<!-- Magnifier -->
	<AppIcon name="com.google.android.apps.accessibility.magnifier/com.google.android.apps.accessibility.magnifier.home.HomeActivity" image="magnifier"/>

	<!-- Malwarebytes -->
	<AppIcon name="org.malwarebytes.antimalware/org.malwarebytes.antimalware.ui.MainActivity" image="malwarebytes"/>

	<!-- Maverik Rewards -->
	<AppIcon name="com.maverik.rewards/com.maverik.rewards.MainActivity" image="maverik_rewards"/>

	<!-- Max -->
	<AppIcon name="com.wbd.stream/com.wbd.stream.MainActivity" image="max"/>

	<!-- Merrick Mobile -->
	<AppIcon name="com.merrickbank.smartclient.prod/com.merrickbank.smartclient.prod.MainActivity" image="merrick_mobile"/>

	<!-- Moon+ Reader Pro -->
	<AppIcon name="com.flyersoft.moonreaderp/com.flyersoft.moonreaderp.ActivityMain" image="moon_reader_pro"/>

	<!-- MS Ignite -->
	<AppIcon name="org.chromium.webapk.aa3df913f31740a32_v2/org.chromium.webapk.shell_apk.h2o.H2OOpaqueMainActivity" image="ms_ignite"/>

	<!-- myPRES -->
	<AppIcon name="com.phs/com.phs.MainActivity" image="mypres"/>

	<!-- Network Survey -->
	<AppIcon name="com.craxiom.networksurvey/com.craxiom.networksurvey.NetworkSurveyActivity" image="network_survey"/>

	<!-- Newegg -->
	<AppIcon name="com.newegg.app/com.newegg.app.MainActivity" image="newegg"/>

	<!-- Notesnook -->
	<AppIcon name="com.streetwriters.notesnook/com.streetwriters.notesnook.MainActivity" image="notesnook"/>

	<!-- NPR -->
	<AppIcon name="org.npr.android.news/org.npr.one.StartActivity" image="npr"/>

	<!-- Nusenda CU -->
	<AppIcon name="com.nusendacreditunion5093.mobile/com.q2.app.core.ui.LauncherActivity" image="nusenda_cu"/>

	<!-- Panera -->
	<AppIcon name="com.panera.bread/com.panera.bread.views.SplashActivity" image="panera"/>

	<!-- Parallax 3D Live Wallpapers -->
	<AppIcon name="com.helectronsoft.free.live.wallpaper.parallax.background/com.helectronsoft.wallpaper.Splash" image="parallax_3d_live_wallpapers"/>

	<!-- Paramount+ -->
	<AppIcon name="com.cbs.app/com.paramount.android.pplus.splash.mobile.integration.SplashActivity" image="paramount_"/>

	<!-- Peacock -->
	<AppIcon name="com.peacocktv.peacockandroid/com.nowtv.view.activity.manhattan.MainActivity" image="peacock"/>

	<!-- Photo Studio PRO -->
	<AppIcon name="com.kvadgroup.photostudio_pro/com.kvadgroup.photostudio.visual.MainActivity" image="photo_studio_pro"/>

	<!-- PhotoPrintsNow -->
	<AppIcon name="com.meamobile.photoprintsnow/com.wearemea.printicularandroid.screen.SplashActivity" image="photoprintsnow"/>

	<!-- PIA VPN -->
	<AppIcon name="com.privateinternetaccess.android/com.privateinternetaccess.android.ui.LauncherActivity" image="pia_vpn"/>

	<!-- Pie Launcher -->
	<AppIcon name="de.markusfisch.android.pielauncher/de.markusfisch.android.pielauncher.activity.HomeActivity" image="pie_launcher"/>

	<!-- Pixel Tips -->
	<AppIcon name="com.google.android.apps.tips/com.google.android.apps.tips.TipsMain" image="pixel_tips"/>

	<!-- Player FM -->
	<AppIcon name="fm.player/fm.player.ui.MainActivity" image="player_fm"/>

	<!-- Podcast Republic -->
	<AppIcon name="com.itunestoppodcastplayer.app/com.itunestoppodcastplayer.app.StartupActivity" image="podcast_republic"/>

	<!-- RemoteVideoCam -->
	<AppIcon name="org.avmedia.remotevideocam/org.avmedia.remotevideocam.MainActivity" image="remotevideocam"/>

	<!-- Ring -->
	<AppIcon name="com.ringapp/com.ring.launch.LaunchActivity" image="ring"/>

	<!-- Ringtones for Android™ -->
	<AppIcon name="com.bestringtonesapps.freeringtonesforandroid/com.bra.classes.ConsentActivity" image="ringtones_for_android™"/>

	<!-- RoboForm -->
	<AppIcon name="com.siber.roboform/com.siber.roboform.StarterActivity" image="roboform"/>

	<!-- Rocket Money -->
	<AppIcon name="com.truebill/com.truebill.MainActivity" image="rocket_money"/>

	<!-- Sam's Club -->
	<AppIcon name="com.rfi.sams.android/com.rfi.sams.android.main.SplashActivity" image="sams_club"/>

	<!-- Screen Mirroring -->
	<AppIcon name="screen.mirroring.smart.tv/com.tvcast.screenmirroring.MainActivity" image="screen_mirroring"/>

	<!-- SeatGeek -->
	<AppIcon name="com.seatgeek.android/com.seatgeek.android.ui.activities.SplashActivity" image="seatgeek"/>

	<!-- Sengled Home -->
	<AppIcon name="com.sengled.life2/com.sengled.life2.MainActivity" image="sengled_home"/>

	<!-- SeriesGuide -->
	<AppIcon name="com.battlelancer.seriesguide/com.battlelancer.seriesguide.ui.ShowsActivity" image="seriesguide"/>

	<!-- Slow Motion FX -->
	<AppIcon name="com.mobile.bizo.slowmotion/com.mobile.bizo.slowmotion.SlowMotionVideoEditor" image="slow_motion_fx"/>

	<!-- Snapchat -->
	<AppIcon name="com.snapchat.android/com.snapchat.android.PrideAlias" image="snapchat"/>

	<!-- Sound Bar Controller -->
	<AppIcon name="com.wifiaudio.Yamaha/com.wifiaudio.app.SplashActivity" image="sound_bar_controller"/>

	<!-- Southwest -->
	<AppIcon name="com.southwestairlines.mobile/com.southwestairlines.mobile.common.splash.SplashActivity" image="southwest"/>

	<!-- Spark -->
	<AppIcon name="com.readdle.spark/com.readdle.spark.app.MainActivity" image="spark"/>

	<!-- Speechify -->
	<AppIcon name="com.cliffweitzman.speechify2/com.cliffweitzman.speechify2.screens.splash.SplashScreenActivity" image="speechify"/>

	<!-- Spirit Airlines -->
	<AppIcon name="com.spirit.customerapp/com.spirit.enterprise.guestmobileapp.ui.main.LandingActivity" image="spirit_airlines"/>

	<!-- Starlink -->
	<AppIcon name="com.starlink.mobile/com.starlink.mobile.MainActivity" image="starlink"/>

	<!-- STARZ -->
	<AppIcon name="com.bydeluxe.d3.android.program.starz/com.starz.handheld.SplashActivity" image="starz"/>

	<!-- Stitch -->
	<AppIcon name="soko.ekibun.stitch/soko.ekibun.stitch.MainActivity" image="stitch"/>

	<!-- StudentUniverse -->
	<AppIcon name="com.studentuniverse.triplingo/com.studentuniverse.triplingo.presentation.main.MainActivity" image="studentuniverse"/>

	<!-- Temp Mail -->
	<AppIcon name="com.tempmail/com.tempmail.splash.SplashActivity" image="temp_mail"/>

	<!-- Tenor -->
	<AppIcon name="com.riffsy.FBMGIFApp/com.riffsy.ui.activity.SplashActivity" image="tenor"/>

	<!-- Topgolf -->
	<AppIcon name="com.topgolf.mobile/com.topgolf.mobile.view.activity.LauncherActivity" image="topgolf"/>

	<!-- Travel -->
	<AppIcon name="org.chromium.webapk.a9c6d9d582d5958ce_v2/org.chromium.webapk.shell_apk.h2o.H2OOpaqueMainActivity" image="travel"/>

	<!-- Trendy Wall -->
	<AppIcon name="com.trendywalls.android/com.trendywalls.android.ui.MainActivity" image="trendy_wall"/>

	<!-- Udemy Business -->
	<AppIcon name="com.udemy.android.ufb/com.udemy.android.B2BSplashActivity" image="udemy_business"/>

	<!-- Unified Remote Full -->
	<AppIcon name="com.Relmtech.RemotePaid/com.unified.v3.frontend.views.MainActivity" image="unified_remote_full"/>

	<!-- UPS -->
	<AppIcon name="com.ups.mobile.android/com.ups.mobile.android.beta.MainActivity" image="ups"/>

	<!-- USAA -->
	<AppIcon name="com.usaa.mobile.android.usaa/com.usaa.mobile.android.app.MainEntryActivity" image="usaa"/>

	<!-- USPS Mobile -->
	<AppIcon name="com.usps.app/com.usps.app.mobile.SplashScreenActivity" image="usps_mobile"/>

	<!-- Voice Access -->
	<AppIcon name="com.google.android.apps.accessibility.voiceaccess/com.google.android.apps.accessibility.voiceaccess.LauncherActivity" image="voice_access"/>

	<!-- Walgreens -->
	<AppIcon name="com.usablenet.mobile.walgreen/com.usablenet.mobile.walgreen.AppStart" image="walgreens"/>

	<!-- Wattz -->
	<AppIcon name="dubrowgn.wattz/dubrowgn.wattz.MainActivity" image="wattz"/>

	<!-- Weather -->
	<AppIcon name="com.google.android.googlequicksearchbox/com.google.android.apps.search.weather.entrypoints.appicon.WeatherAppIconActivity" image="weather"/>

	<!-- Web Video Caster -->
	<AppIcon name="com.instantbits.cast.webvideo/com.instantbits.cast.webvideo.SplashActivity" image="web_video_caster"/>

	<!-- Whataburger -->
	<AppIcon name="wb.mobile.cx.client.droid/crc6482ea12e3f319a2d7.SplashScreen" image="whataburger"/>

	<!-- Whicons -->
	<AppIcon name="com.whicons.iconpack/com.whicons.iconpack.MainActivity" image="whicons"/>

	<!-- X -->
	<AppIcon name="org.chromium.webapk.a34fb767c343d2614_v2/org.chromium.webapk.shell_apk.h2o.H2OOpaqueMainActivity" image="x"/>

	<!-- Xfinity -->
	<AppIcon name="com.xfinity.digitalhome/com.xfinity.digitalhome.features.launch.splash.SplashActivity" image="xfinity"/>

	<!-- YT Create -->
	<AppIcon name="com.google.android.apps.youtube.producer/com.google.android.apps.youtube.producer.application.MainActivity" image="yt_create"/>

	<!-- YT TV -->
	<AppIcon name="com.google.android.apps.youtube.unplugged/com.google.android.apps.youtube.unplugged.startup.activity.SplashActivity" image="yt_tv"/>

</Theme>