<resources>

	<!-- AndFTP -->
	<item component="ComponentInfo{lysesoft.andftp/lysesoft.andftp.SplashActivity}" drawable="andftp" />

	<!-- Audio Share -->
	<item component="ComponentInfo{io.github.mkckr0.audio_share_app/io.github.mkckr0.audio_share_app.MainActivity}" drawable="audio_share" />

	<!-- Beats -->
	<item component="ComponentInfo{com.apple.bnd/com.apple.vienna.v4.interaction.presentation.screens.welcome.WelcomeActivity}" drawable="beats" />

	<!-- Calculator For Android Wear -->
	<item component="ComponentInfo{rocketstartups.wearcalculator/rocketstartups.wearcalculator.MainActivity}" drawable="calculator_for_android_wear" />

	<!-- Chinese English Dictionary -->
	<item component="ComponentInfo{com.naver.android.globaldictcnen/com.naver.android.globaldict.LaunchActivity}" drawable="chinese_english_dictionary" />

	<!-- DaumCafe -->
	<item component="ComponentInfo{net.daum.android.cafe/net.daum.android.cafe.activity.init.InitActivity}" drawable="daumcafe" />

	<!-- Device Policy -->
	<item component="ComponentInfo{com.google.android.apps.enterprise.dmagent/com.google.android.apps.enterprise.dmagent.DMAgentActivity}" drawable="device_policy" />

	<!-- Epson iPrint -->
	<item component="ComponentInfo{epson.print/epson.print.WellcomeScreenActivity}" drawable="epson_iprint" />

	<!-- Epson Print Enabler -->
	<item component="ComponentInfo{com.epson.mobilephone.android.epsonprintserviceplugin/com.epson.mobilephone.android.epsonprintserviceplugin.WelcomeScreenActivity}" drawable="epson_print_enabler" />

	<!-- Epson Smart Panel -->
	<item component="ComponentInfo{com.epson.epsonsmart/com.epson.epsonsmart.controller.splash.SplashActivity}" drawable="epson_smart_panel" />

</resources>