<appmap>

	<!-- AndFTP -->
	<item class="lysesoft.andftp.SplashActivity" name="andftp"/>

	<!-- Audio Share -->
	<item class="io.github.mkckr0.audio_share_app.MainActivity" name="audio_share"/>

	<!-- Beats -->
	<item class="com.apple.vienna.v4.interaction.presentation.screens.welcome.WelcomeActivity" name="beats"/>

	<!-- Calculator For Android Wear -->
	<item class="rocketstartups.wearcalculator.MainActivity" name="calculator_for_android_wear"/>

	<!-- Chinese English Dictionary -->
	<item class="com.naver.android.globaldict.LaunchActivity" name="chinese_english_dictionary"/>

	<!-- DaumCafe -->
	<item class="net.daum.android.cafe.activity.init.InitActivity" name="daumcafe"/>

	<!-- Device Policy -->
	<item class="com.google.android.apps.enterprise.dmagent.DMAgentActivity" name="device_policy"/>

	<!-- Epson iPrint -->
	<item class="epson.print.WellcomeScreenActivity" name="epson_iprint"/>

	<!-- Epson Print Enabler -->
	<item class="com.epson.mobilephone.android.epsonprintserviceplugin.WelcomeScreenActivity" name="epson_print_enabler"/>

	<!-- Epson Smart Panel -->
	<item class="com.epson.epsonsmart.controller.splash.SplashActivity" name="epson_smart_panel"/>

</appmap>