<Theme version="1">

	<!-- AndFTP -->
	<AppIcon name="lysesoft.andftp/lysesoft.andftp.SplashActivity" image="andftp"/>

	<!-- Audio Share -->
	<AppIcon name="io.github.mkckr0.audio_share_app/io.github.mkckr0.audio_share_app.MainActivity" image="audio_share"/>

	<!-- Beats -->
	<AppIcon name="com.apple.bnd/com.apple.vienna.v4.interaction.presentation.screens.welcome.WelcomeActivity" image="beats"/>

	<!-- Calculator For Android Wear -->
	<AppIcon name="rocketstartups.wearcalculator/rocketstartups.wearcalculator.MainActivity" image="calculator_for_android_wear"/>

	<!-- Chinese English Dictionary -->
	<AppIcon name="com.naver.android.globaldictcnen/com.naver.android.globaldict.LaunchActivity" image="chinese_english_dictionary"/>

	<!-- DaumCafe -->
	<AppIcon name="net.daum.android.cafe/net.daum.android.cafe.activity.init.InitActivity" image="daumcafe"/>

	<!-- Device Policy -->
	<AppIcon name="com.google.android.apps.enterprise.dmagent/com.google.android.apps.enterprise.dmagent.DMAgentActivity" image="device_policy"/>

	<!-- Epson iPrint -->
	<AppIcon name="epson.print/epson.print.WellcomeScreenActivity" image="epson_iprint"/>

	<!-- Epson Print Enabler -->
	<AppIcon name="com.epson.mobilephone.android.epsonprintserviceplugin/com.epson.mobilephone.android.epsonprintserviceplugin.WelcomeScreenActivity" image="epson_print_enabler"/>

	<!-- Epson Smart Panel -->
	<AppIcon name="com.epson.epsonsmart/com.epson.epsonsmart.controller.splash.SplashActivity" image="epson_smart_panel"/>

</Theme>