<Theme version="1">

	<!-- AIMP -->
	<AppIcon name="com.aimp.player/com.aimp.player.ui.activities.main.MainActivity" image="aimp"/>

	<!-- ANOTHERpass -->
	<AppIcon name="de.jepfa.yapm/de.jepfa.yapm.ui.credential.ListCredentialsActivity" image="anotherpass"/>

	<!-- Feeder -->
	<AppIcon name="com.nononsenseapps.feeder/com.nononsenseapps.feeder.ui.MainActivity" image="feeder"/>

	<!-- FOSS Browser -->
	<AppIcon name="de.baumann.browser/de.baumann.browser.activity.BrowserActivity" image="foss_browser_baumann"/>

	<!-- Galerie -->
	<AppIcon name="org.fossify.gallery/org.fossify.gallery.activities.SplashActivity.Green" image="galerie"/>

	<!-- Jugendmodus -->
	<AppIcon name="com.agui.studentmodel/com.agui.studentmodel.StudentModelActivity" image="jugendmodus"/>

	<!-- Kamera -->
	<AppIcon name="com.mediatek.camera/com.mediatek.camera.CameraLauncher" image="kamera"/>

	<!-- Kontakte -->
	<AppIcon name="de.ritscher.simplemobiletools.contacts.pro/com.simplemobiletools.contacts.pro.activities.SplashActivity.Green" image="kontakte"/>

	<!-- NFC-Kartensimulation -->
	<AppIcon name="com.agui.nfc/com.agui.nfc.MainActivity" image="nfc_kartensimulation"/>

	<!-- Notizbuch -->
	<AppIcon name="com.mediatek.notebook/com.mediatek.notebook.NotesList" image="notizbuch"/>

	<!-- Notrufe -->
	<AppIcon name="com.mediatek.cellbroadcastreceiver/com.mediatek.cellbroadcastreceiver.CellBroadcastListActivity" image="notrufe"/>

	<!-- Planisphäre -->
	<AppIcon name="org.tengel.planisphere/org.tengel.planisphere.MainActivity" image="planisphare"/>

	<!-- SMS-Messenger -->
	<AppIcon name="com.simplemobiletools.smsmessenger/com.simplemobiletools.smsmessenger.activities.SplashActivity.Teal" image="simplemobiletools_sms_messenger"/>

	<!-- Soundrekorder -->
	<AppIcon name="com.android.soundrecorder/com.android.soundrecorder.SoundRecorder" image="soundrekorder"/>

	<!-- Spielemodus -->
	<AppIcon name="com.agui.game/com.agui.game.gamelist.MainActivity" image="spielemodus"/>

	<!-- Telefon -->
	<AppIcon name="com.simplemobiletools.dialer/com.simplemobiletools.dialer.activities.SplashActivity.Orange" image="telefon"/>

	<!-- UKW-Radio -->
	<AppIcon name="com.android.fmradio/com.android.fmradio.FmMainActivity" image="ukw_radio"/>

	<!-- Werkzeugkasten -->
	<AppIcon name="com.agoldcomm.toolbox/com.agoldcomm.toolbox.MainActivity" image="werkzeugkasten"/>

</Theme>