<resources>

	<!-- 1. FC Köln -->
	<item component="ComponentInfo{de.fckoeln.app/de.imagineon.fcpa.controller.SplashScreenActivity}" drawable="_1_fc_koln" />

	<!-- AirGuard -->
	<item component="ComponentInfo{de.seemoo.at_tracking_detection/de.seemoo.at_tracking_detection.ui.MainActivity}" drawable="airguard" />

	<!-- ALDI SÜD -->
	<item component="ComponentInfo{de.apptiv.business.android.aldi_de/de.apptiv.business.android.aldi_at_ahead.presentation.screens.splash.SplashActivity}" drawable="aldi_sud" />

	<!-- B﻿A-Mobil -->
	<item component="ComponentInfo{de.arbeitsagentur.bka/de.arbeitsagentur.bka.landing.LandingActivity}" drawable="b﻿a_mobil" />

	<!-- Blockchain -->
	<item component="ComponentInfo{piuk.blockchain.android/piuk.blockchain.android.ui.launcher.LauncherActivity}" drawable="blockchain" />

	<!-- Burger King -->
	<item component="ComponentInfo{de.burgerking.kingfinder/rbi.android.app.MainActivity}" drawable="burger_king" />

	<!-- CHECK24 -->
	<item component="ComponentInfo{de.check24.check24/de.check24.check24.activities.Check24Activity}" drawable="check24" />

	<!-- Coolblue -->
	<item component="ComponentInfo{eu.coolblue.shop/eu.coolblue.shop.presentation.splash.SplashActivity}" drawable="coolblue" />

	<!-- CosmosDirekt -->
	<item component="ComponentInfo{de.cosmosdirekt.meincosmos/de.cosmosdirekt.meincosmos.MainActivity}" drawable="cosmosdirekt" />

	<!-- Cryptix -->
	<item component="ComponentInfo{com.biotstoiq.cryptix/com.biotstoiq.cryptix.MainActivity}" drawable="cryptix" />

	<!-- Custom Search -->
	<item component="ComponentInfo{tyagi.shubham.customsearch/tyagi.shubham.customsearch.ui.Main}" drawable="custom_search" />

	<!-- DAZN -->
	<item component="ComponentInfo{com.dazn/com.dazn.splash.view.SplashScreenActivity}" drawable="dazn" />

	<!-- DEL -->
	<item component="ComponentInfo{org.del.android/org.del.android.ui.activity.StartupActivity}" drawable="del" />

	<!-- DevCalc -->
	<item component="ComponentInfo{yumekan.android.devcalc/yumekan.android.devcalc.MainViewPage}" drawable="devcalc" />

	<!-- DS finder -->
	<item component="ComponentInfo{com.synology.DSfinder/com.synology.assistant.ui.activity.SplashActivity}" drawable="ds_finder" />

	<!-- Einkaufsliste -->
	<item component="ComponentInfo{pl.edu.pjwstk.s999844.shoppinglist/pl.edu.pjwstk.s999844.shoppinglist.activities.MainActivity}" drawable="einkaufsliste" />

	<!-- ESET Security -->
	<item component="ComponentInfo{com.eset.ems2.gp/com.eset.ems.gui.MainActivityAlias}" drawable="eset_security" />

	<!-- ESET Zahlungsschutz -->
	<item component="ComponentInfo{com.eset.ems2.gp/com.eset.ems.gui.AliasSafeLauncherActivity}" drawable="eset_zahlungsschutz" />

	<!-- F-Droid -->
	<item component="ComponentInfo{com.offsec.nethunter.store/org.fdroid.fdroid.views.main.MainActivity}" drawable="f_droid" />

	<!-- Flippy Bit And The Attack Of The Hexadecimals From Base 16 -->
	<item component="ComponentInfo{com.q42.flippybitandtheattackofthehexadecimalsfrombase16/com.unity3d.player.UnityPlayerProxyActivity}" drawable="flippy_bit_and_the_attack_of_the_hexadecimals_from_base_16" />

	<!-- Fon -->
	<item component="ComponentInfo{de.avm.android.fritzapp/de.avm.android.fritzapp.StartActivity}" drawable="fon" />

	<!-- Gaming Hub -->
	<item component="ComponentInfo{com.samsung.android.game.gamehome/com.samsung.android.game.gamehome.app.MainActivity}" drawable="gaming_hub" />

	<!-- GetConnected -->
	<item component="ComponentInfo{net.conntac.gcade/net.conntac.app.ConntacQtActivity}" drawable="getconnected" />

	<!-- Gewerbe anmelden -->
	<item component="ComponentInfo{com.bergmann.gewerbeanmeldung/host.exp.exponent.MainActivity}" drawable="gewerbe_anmelden" />

	<!-- GMX Mail -->
	<item component="ComponentInfo{de.gmx.mobile.android.mail/com.unitedinternet.portal.ui.HostActivity}" drawable="gmx_mail" />

	<!-- Golem IT-News -->
	<item component="ComponentInfo{pascal.golemnews/dtss.golemnews.MainActivity}" drawable="golem_it_news" />

	<!-- Google Ads -->
	<item component="ComponentInfo{com.google.android.apps.adwords/com.google.android.apps.adwords.InitialLoadingActivity}" drawable="google_ads" />

	<!-- gptAssist -->
	<item component="ComponentInfo{org.woheller69.gptassist/org.woheller69.gptassist.MainActivity}" drawable="gptassist" />

	<!-- heise online -->
	<item component="ComponentInfo{de.heise.android.heiseonlineapp/heise.activity.MainActivity}" drawable="heise_online" />

	<!-- ImmoScout24 -->
	<item component="ComponentInfo{de.is24.android/de.is24.mobile.splash.SplashScreenActivity}" drawable="immoscout24" />

	<!-- Invest -->
	<item component="ComponentInfo{com.starfinanz.mobile.android.invest/de.starfinanz.sdepot.launch.MainActivity}" drawable="invest" />

	<!-- IPCalc -->
	<item component="ComponentInfo{fr.jnda.android.ipcalc/fr.jnda.ipcalc.MainActivity}" drawable="ipcalc" />

	<!-- iPrint&Scan -->
	<item component="ComponentInfo{com.brother.mfc.brprint/com.brother.mfc.brprint.v2.ui.top.SplashActivity}" drawable="iprint_and_scan" />

	<!-- Jobsuche -->
	<item component="ComponentInfo{com.indeed.android.jobsearch/com.indeed.android.jobsearch.LaunchActivity}" drawable="jobsuche" />

	<!-- kicker -->
	<item component="ComponentInfo{com.netbiscuits.kicker/com.tickaroo.kicker.purabo.onboarding.KPurAboOnboardingActivity}" drawable="kicker" />

	<!-- Kölner Haie -->
	<item component="ComponentInfo{com.voidmod.kec/com.voidmod.kec.SplashActivity}" drawable="kolner_haie" />

	<!-- KSTA -->
	<item component="ComponentInfo{de.dumont.ksta.android/de.ksta.app.MainActivity}" drawable="ksta" />

	<!-- KVB -->
	<item component="ComponentInfo{koeln.kvb.ticket.app/com.cubic.cumo.mts.SplashActivity}" drawable="kvb" />

	<!-- Linux Command Library -->
	<item component="ComponentInfo{com.inspiredandroid.linuxcommandbibliotheca/com.inspiredandroid.linuxcommandbibliotheca.MainActivity}" drawable="linux_command_library" />

	<!-- McDonald's -->
	<item component="ComponentInfo{de.mcdonalds.mcdonaldsinfoapp/com.mcdonalds.mcdcoreapp.common.activity.SplashActivity}" drawable="mcdonalds" />

	<!-- MiX -->
	<item component="ComponentInfo{com.mixplorer/com.mixplorer.activities.BrowseActivity}" drawable="mix" />

	<!-- Mobiles Bezahlen -->
	<item component="ComponentInfo{com.s_payment.mobiles_bezahlen/com.s_payment.mobiles_bezahlen.launcher_baa083a7a092f38e8deb2bc73613cf9c91197cf30cc045df4157288cc7937a73}" drawable="mobiles_bezahlen" />

	<!-- MyFRITZ! -->
	<item component="ComponentInfo{de.avm.android.myfritz2/de.avm.android.one.activities.StartActivity}" drawable="myfritz_" />

	<!-- MyJDownloader -->
	<item component="ComponentInfo{org.appwork.myjdandroid/org.appwork.myjdandroid.SecondLevelLaunch}" drawable="myjdownloader" />

	<!-- News -->
	<item component="ComponentInfo{com.google.android.apps.magazines/com.google.apps.dots.android.app.activity.CurrentsStartActivity}" drawable="news" />

	<!-- OCR (Tesseract) -->
	<item component="ComponentInfo{org.totschnig.ocr.tesseract/org.totschnig.ocr.SettingsActivity}" drawable="ocr_tesseract_" />

	<!-- Percipio -->
	<item component="ComponentInfo{com.skillsoft.Percipio/com.skillsoft.Percipio.MainActivity}" drawable="percipio" />

	<!-- Post & DHL -->
	<item component="ComponentInfo{de.dhl.paket/de.its_berlin.dhlpaket.base.main.MainActivity}" drawable="post_and_dhl" />

	<!-- REVG -->
	<item component="ComponentInfo{koeln.kvb.ticket.revgapp/com.cubic.cumo.mts.SplashActivity}" drawable="revg" />

	<!-- Schrittzähler -->
	<item component="ComponentInfo{org.secuso.privacyfriendlyactivitytracker/org.secuso.privacyfriendlyactivitytracker.activities.SplashActivity}" drawable="schrittzahler" />

	<!-- SD Maid Pro -->
	<item component="ComponentInfo{eu.thedarken.sdm.unlocker/eu.thedarken.sdm.unlocker.MainActivity}" drawable="sd_maid_pro" />

	<!-- SD Maid SE -->
	<item component="ComponentInfo{eu.darken.sdmse/eu.darken.sdmse.main.ui.MainActivity}" drawable="sd_maid_se" />

	<!-- Secure SignIn -->
	<item component="ComponentInfo{com.synology.securesignin/com.synology.securesignin.MainActivity}" drawable="secure_signin" />

	<!-- SEO Check -->
	<item component="ComponentInfo{net.seobility.seocheck/net.seobility.seocheck.MainActivity}" drawable="seo_check" />

	<!-- Steuerbot -->
	<item component="ComponentInfo{com.steuerbot/com.steuerbot.MainActivity}" drawable="steuerbot" />

	<!-- tagesschau -->
	<item component="ComponentInfo{de.tagesschau/de.tagesschau.ui.splashscreen.SplashScreen}" drawable="tagesschau" />

	<!-- TIDAL -->
	<item component="ComponentInfo{com.aspiro.tidal/com.aspiro.wamp.LoginFragmentActivity}" drawable="tidal" />

	<!-- Tipico Sportwetten -->
	<item component="ComponentInfo{tipico.sports/sportbet.android.activities.MainActivity}" drawable="tipico_sportwetten" />

	<!-- TK -->
	<item component="ComponentInfo{de.tk.tkapp/de.tk.tkapp.start.StartActivity}" drawable="tk" />

	<!-- Transfermarkt -->
	<item component="ComponentInfo{de.transfermarkt.v2/de.transfermarkt.v2.MainActivity}" drawable="transfermarkt" />

	<!-- TV -->
	<item component="ComponentInfo{com.samsung.android.tvplus/com.samsung.android.tvplus.MainActivity}" drawable="tv" />

	<!-- UKW-Radio -->
	<item component="ComponentInfo{com.miui.fm/com.miui.fmradio.FmRadioActivity}" drawable="ukw_radio" />

	<!-- UML Class Editor -->
	<item component="ComponentInfo{com.nathaniel.motus.umlclasseditor/com.nathaniel.motus.umlclasseditor.controller.MainActivity}" drawable="uml_class_editor" />

	<!-- Unciv -->
	<item component="ComponentInfo{com.unciv.app/com.unciv.app.AndroidLauncher}" drawable="unciv" />

	<!-- URL Cleaner -->
	<item component="ComponentInfo{com.svenjacobs.app.leon/com.svenjacobs.app.leon.MainActivity}" drawable="url_cleaner" />

	<!-- volders -->
	<item component="ComponentInfo{com.volders.app/com.volders.app.MainActivity}" drawable="volders" />

	<!-- WiFi Tools -->
	<item component="ComponentInfo{com.ddm.iptoolslight/com.ddm.iptoolslight.ui.MainActivity}" drawable="wifi_tools" />

	<!-- Wise -->
	<item component="ComponentInfo{com.transferwise.android/com.transferwise.android.activity.SplashActivity}" drawable="wise" />

	<!-- XING -->
	<item component="ComponentInfo{com.xing.android/com.xing.android.landing.presentation.ui.MainActivity}" drawable="xing" />

</resources>