<appmap>

	<!-- 1. FC Köln -->
	<item class="de.imagineon.fcpa.controller.SplashScreenActivity" name="_1_fc_koln"/>

	<!-- AirGuard -->
	<item class="de.seemoo.at_tracking_detection.ui.MainActivity" name="airguard"/>

	<!-- ALDI SÜD -->
	<item class="de.apptiv.business.android.aldi_at_ahead.presentation.screens.splash.SplashActivity" name="aldi_sud"/>

	<!-- B﻿A-Mobil -->
	<item class="de.arbeitsagentur.bka.landing.LandingActivity" name="b﻿a_mobil"/>

	<!-- Blockchain -->
	<item class="piuk.blockchain.android.ui.launcher.LauncherActivity" name="blockchain"/>

	<!-- Burger King -->
	<item class="rbi.android.app.MainActivity" name="burger_king"/>

	<!-- CHECK24 -->
	<item class="de.check24.check24.activities.Check24Activity" name="check24"/>

	<!-- Coolblue -->
	<item class="eu.coolblue.shop.presentation.splash.SplashActivity" name="coolblue"/>

	<!-- CosmosDirekt -->
	<item class="de.cosmosdirekt.meincosmos.MainActivity" name="cosmosdirekt"/>

	<!-- Cryptix -->
	<item class="com.biotstoiq.cryptix.MainActivity" name="cryptix"/>

	<!-- Custom Search -->
	<item class="tyagi.shubham.customsearch.ui.Main" name="custom_search"/>

	<!-- DAZN -->
	<item class="com.dazn.splash.view.SplashScreenActivity" name="dazn"/>

	<!-- DEL -->
	<item class="org.del.android.ui.activity.StartupActivity" name="del"/>

	<!-- DevCalc -->
	<item class="yumekan.android.devcalc.MainViewPage" name="devcalc"/>

	<!-- DS finder -->
	<item class="com.synology.assistant.ui.activity.SplashActivity" name="ds_finder"/>

	<!-- Einkaufsliste -->
	<item class="pl.edu.pjwstk.s999844.shoppinglist.activities.MainActivity" name="einkaufsliste"/>

	<!-- ESET Security -->
	<item class="com.eset.ems.gui.MainActivityAlias" name="eset_security"/>

	<!-- ESET Zahlungsschutz -->
	<item class="com.eset.ems.gui.AliasSafeLauncherActivity" name="eset_zahlungsschutz"/>

	<!-- F-Droid -->
	<item class="org.fdroid.fdroid.views.main.MainActivity" name="f_droid"/>

	<!-- Flippy Bit And The Attack Of The Hexadecimals From Base 16 -->
	<item class="com.unity3d.player.UnityPlayerProxyActivity" name="flippy_bit_and_the_attack_of_the_hexadecimals_from_base_16"/>

	<!-- Fon -->
	<item class="de.avm.android.fritzapp.StartActivity" name="fon"/>

	<!-- Gaming Hub -->
	<item class="com.samsung.android.game.gamehome.app.MainActivity" name="gaming_hub"/>

	<!-- GetConnected -->
	<item class="net.conntac.app.ConntacQtActivity" name="getconnected"/>

	<!-- Gewerbe anmelden -->
	<item class="host.exp.exponent.MainActivity" name="gewerbe_anmelden"/>

	<!-- GMX Mail -->
	<item class="com.unitedinternet.portal.ui.HostActivity" name="gmx_mail"/>

	<!-- Golem IT-News -->
	<item class="dtss.golemnews.MainActivity" name="golem_it_news"/>

	<!-- Google Ads -->
	<item class="com.google.android.apps.adwords.InitialLoadingActivity" name="google_ads"/>

	<!-- gptAssist -->
	<item class="org.woheller69.gptassist.MainActivity" name="gptassist"/>

	<!-- heise online -->
	<item class="heise.activity.MainActivity" name="heise_online"/>

	<!-- ImmoScout24 -->
	<item class="de.is24.mobile.splash.SplashScreenActivity" name="immoscout24"/>

	<!-- Invest -->
	<item class="de.starfinanz.sdepot.launch.MainActivity" name="invest"/>

	<!-- IPCalc -->
	<item class="fr.jnda.ipcalc.MainActivity" name="ipcalc"/>

	<!-- iPrint&Scan -->
	<item class="com.brother.mfc.brprint.v2.ui.top.SplashActivity" name="iprint_and_scan"/>

	<!-- Jobsuche -->
	<item class="com.indeed.android.jobsearch.LaunchActivity" name="jobsuche"/>

	<!-- kicker -->
	<item class="com.tickaroo.kicker.purabo.onboarding.KPurAboOnboardingActivity" name="kicker"/>

	<!-- Kölner Haie -->
	<item class="com.voidmod.kec.SplashActivity" name="kolner_haie"/>

	<!-- KSTA -->
	<item class="de.ksta.app.MainActivity" name="ksta"/>

	<!-- KVB -->
	<item class="com.cubic.cumo.mts.SplashActivity" name="kvb"/>

	<!-- Linux Command Library -->
	<item class="com.inspiredandroid.linuxcommandbibliotheca.MainActivity" name="linux_command_library"/>

	<!-- McDonald's -->
	<item class="com.mcdonalds.mcdcoreapp.common.activity.SplashActivity" name="mcdonalds"/>

	<!-- MiX -->
	<item class="com.mixplorer.activities.BrowseActivity" name="mix"/>

	<!-- Mobiles Bezahlen -->
	<item class="com.s_payment.mobiles_bezahlen.launcher_baa083a7a092f38e8deb2bc73613cf9c91197cf30cc045df4157288cc7937a73" name="mobiles_bezahlen"/>

	<!-- MyFRITZ! -->
	<item class="de.avm.android.one.activities.StartActivity" name="myfritz_"/>

	<!-- MyJDownloader -->
	<item class="org.appwork.myjdandroid.SecondLevelLaunch" name="myjdownloader"/>

	<!-- News -->
	<item class="com.google.apps.dots.android.app.activity.CurrentsStartActivity" name="news"/>

	<!-- OCR (Tesseract) -->
	<item class="org.totschnig.ocr.SettingsActivity" name="ocr_tesseract_"/>

	<!-- Percipio -->
	<item class="com.skillsoft.Percipio.MainActivity" name="percipio"/>

	<!-- Post & DHL -->
	<item class="de.its_berlin.dhlpaket.base.main.MainActivity" name="post_and_dhl"/>

	<!-- REVG -->
	<item class="com.cubic.cumo.mts.SplashActivity" name="revg"/>

	<!-- Schrittzähler -->
	<item class="org.secuso.privacyfriendlyactivitytracker.activities.SplashActivity" name="schrittzahler"/>

	<!-- SD Maid Pro -->
	<item class="eu.thedarken.sdm.unlocker.MainActivity" name="sd_maid_pro"/>

	<!-- SD Maid SE -->
	<item class="eu.darken.sdmse.main.ui.MainActivity" name="sd_maid_se"/>

	<!-- Secure SignIn -->
	<item class="com.synology.securesignin.MainActivity" name="secure_signin"/>

	<!-- SEO Check -->
	<item class="net.seobility.seocheck.MainActivity" name="seo_check"/>

	<!-- Steuerbot -->
	<item class="com.steuerbot.MainActivity" name="steuerbot"/>

	<!-- tagesschau -->
	<item class="de.tagesschau.ui.splashscreen.SplashScreen" name="tagesschau"/>

	<!-- TIDAL -->
	<item class="com.aspiro.wamp.LoginFragmentActivity" name="tidal"/>

	<!-- Tipico Sportwetten -->
	<item class="sportbet.android.activities.MainActivity" name="tipico_sportwetten"/>

	<!-- TK -->
	<item class="de.tk.tkapp.start.StartActivity" name="tk"/>

	<!-- Transfermarkt -->
	<item class="de.transfermarkt.v2.MainActivity" name="transfermarkt"/>

	<!-- TV -->
	<item class="com.samsung.android.tvplus.MainActivity" name="tv"/>

	<!-- UKW-Radio -->
	<item class="com.miui.fmradio.FmRadioActivity" name="ukw_radio"/>

	<!-- UML Class Editor -->
	<item class="com.nathaniel.motus.umlclasseditor.controller.MainActivity" name="uml_class_editor"/>

	<!-- Unciv -->
	<item class="com.unciv.app.AndroidLauncher" name="unciv"/>

	<!-- URL Cleaner -->
	<item class="com.svenjacobs.app.leon.MainActivity" name="url_cleaner"/>

	<!-- volders -->
	<item class="com.volders.app.MainActivity" name="volders"/>

	<!-- WiFi Tools -->
	<item class="com.ddm.iptoolslight.ui.MainActivity" name="wifi_tools"/>

	<!-- Wise -->
	<item class="com.transferwise.android.activity.SplashActivity" name="wise"/>

	<!-- XING -->
	<item class="com.xing.android.landing.presentation.ui.MainActivity" name="xing"/>

</appmap>