<Theme version="1">

	<!-- 1. FC Köln -->
	<AppIcon name="de.fckoeln.app/de.imagineon.fcpa.controller.SplashScreenActivity" image="_1_fc_koln"/>

	<!-- AirGuard -->
	<AppIcon name="de.seemoo.at_tracking_detection/de.seemoo.at_tracking_detection.ui.MainActivity" image="airguard"/>

	<!-- ALDI SÜD -->
	<AppIcon name="de.apptiv.business.android.aldi_de/de.apptiv.business.android.aldi_at_ahead.presentation.screens.splash.SplashActivity" image="aldi_sud"/>

	<!-- B﻿A-Mobil -->
	<AppIcon name="de.arbeitsagentur.bka/de.arbeitsagentur.bka.landing.LandingActivity" image="b﻿a_mobil"/>

	<!-- Blockchain -->
	<AppIcon name="piuk.blockchain.android/piuk.blockchain.android.ui.launcher.LauncherActivity" image="blockchain"/>

	<!-- Burger King -->
	<AppIcon name="de.burgerking.kingfinder/rbi.android.app.MainActivity" image="burger_king"/>

	<!-- CHECK24 -->
	<AppIcon name="de.check24.check24/de.check24.check24.activities.Check24Activity" image="check24"/>

	<!-- Coolblue -->
	<AppIcon name="eu.coolblue.shop/eu.coolblue.shop.presentation.splash.SplashActivity" image="coolblue"/>

	<!-- CosmosDirekt -->
	<AppIcon name="de.cosmosdirekt.meincosmos/de.cosmosdirekt.meincosmos.MainActivity" image="cosmosdirekt"/>

	<!-- Cryptix -->
	<AppIcon name="com.biotstoiq.cryptix/com.biotstoiq.cryptix.MainActivity" image="cryptix"/>

	<!-- Custom Search -->
	<AppIcon name="tyagi.shubham.customsearch/tyagi.shubham.customsearch.ui.Main" image="custom_search"/>

	<!-- DAZN -->
	<AppIcon name="com.dazn/com.dazn.splash.view.SplashScreenActivity" image="dazn"/>

	<!-- DEL -->
	<AppIcon name="org.del.android/org.del.android.ui.activity.StartupActivity" image="del"/>

	<!-- DevCalc -->
	<AppIcon name="yumekan.android.devcalc/yumekan.android.devcalc.MainViewPage" image="devcalc"/>

	<!-- DS finder -->
	<AppIcon name="com.synology.DSfinder/com.synology.assistant.ui.activity.SplashActivity" image="ds_finder"/>

	<!-- Einkaufsliste -->
	<AppIcon name="pl.edu.pjwstk.s999844.shoppinglist/pl.edu.pjwstk.s999844.shoppinglist.activities.MainActivity" image="einkaufsliste"/>

	<!-- ESET Security -->
	<AppIcon name="com.eset.ems2.gp/com.eset.ems.gui.MainActivityAlias" image="eset_security"/>

	<!-- ESET Zahlungsschutz -->
	<AppIcon name="com.eset.ems2.gp/com.eset.ems.gui.AliasSafeLauncherActivity" image="eset_zahlungsschutz"/>

	<!-- F-Droid -->
	<AppIcon name="com.offsec.nethunter.store/org.fdroid.fdroid.views.main.MainActivity" image="f_droid"/>

	<!-- Flippy Bit And The Attack Of The Hexadecimals From Base 16 -->
	<AppIcon name="com.q42.flippybitandtheattackofthehexadecimalsfrombase16/com.unity3d.player.UnityPlayerProxyActivity" image="flippy_bit_and_the_attack_of_the_hexadecimals_from_base_16"/>

	<!-- Fon -->
	<AppIcon name="de.avm.android.fritzapp/de.avm.android.fritzapp.StartActivity" image="fon"/>

	<!-- Gaming Hub -->
	<AppIcon name="com.samsung.android.game.gamehome/com.samsung.android.game.gamehome.app.MainActivity" image="gaming_hub"/>

	<!-- GetConnected -->
	<AppIcon name="net.conntac.gcade/net.conntac.app.ConntacQtActivity" image="getconnected"/>

	<!-- Gewerbe anmelden -->
	<AppIcon name="com.bergmann.gewerbeanmeldung/host.exp.exponent.MainActivity" image="gewerbe_anmelden"/>

	<!-- GMX Mail -->
	<AppIcon name="de.gmx.mobile.android.mail/com.unitedinternet.portal.ui.HostActivity" image="gmx_mail"/>

	<!-- Golem IT-News -->
	<AppIcon name="pascal.golemnews/dtss.golemnews.MainActivity" image="golem_it_news"/>

	<!-- Google Ads -->
	<AppIcon name="com.google.android.apps.adwords/com.google.android.apps.adwords.InitialLoadingActivity" image="google_ads"/>

	<!-- gptAssist -->
	<AppIcon name="org.woheller69.gptassist/org.woheller69.gptassist.MainActivity" image="gptassist"/>

	<!-- heise online -->
	<AppIcon name="de.heise.android.heiseonlineapp/heise.activity.MainActivity" image="heise_online"/>

	<!-- ImmoScout24 -->
	<AppIcon name="de.is24.android/de.is24.mobile.splash.SplashScreenActivity" image="immoscout24"/>

	<!-- Invest -->
	<AppIcon name="com.starfinanz.mobile.android.invest/de.starfinanz.sdepot.launch.MainActivity" image="invest"/>

	<!-- IPCalc -->
	<AppIcon name="fr.jnda.android.ipcalc/fr.jnda.ipcalc.MainActivity" image="ipcalc"/>

	<!-- iPrint&Scan -->
	<AppIcon name="com.brother.mfc.brprint/com.brother.mfc.brprint.v2.ui.top.SplashActivity" image="iprint_and_scan"/>

	<!-- Jobsuche -->
	<AppIcon name="com.indeed.android.jobsearch/com.indeed.android.jobsearch.LaunchActivity" image="jobsuche"/>

	<!-- kicker -->
	<AppIcon name="com.netbiscuits.kicker/com.tickaroo.kicker.purabo.onboarding.KPurAboOnboardingActivity" image="kicker"/>

	<!-- Kölner Haie -->
	<AppIcon name="com.voidmod.kec/com.voidmod.kec.SplashActivity" image="kolner_haie"/>

	<!-- KSTA -->
	<AppIcon name="de.dumont.ksta.android/de.ksta.app.MainActivity" image="ksta"/>

	<!-- KVB -->
	<AppIcon name="koeln.kvb.ticket.app/com.cubic.cumo.mts.SplashActivity" image="kvb"/>

	<!-- Linux Command Library -->
	<AppIcon name="com.inspiredandroid.linuxcommandbibliotheca/com.inspiredandroid.linuxcommandbibliotheca.MainActivity" image="linux_command_library"/>

	<!-- McDonald's -->
	<AppIcon name="de.mcdonalds.mcdonaldsinfoapp/com.mcdonalds.mcdcoreapp.common.activity.SplashActivity" image="mcdonalds"/>

	<!-- MiX -->
	<AppIcon name="com.mixplorer/com.mixplorer.activities.BrowseActivity" image="mix"/>

	<!-- Mobiles Bezahlen -->
	<AppIcon name="com.s_payment.mobiles_bezahlen/com.s_payment.mobiles_bezahlen.launcher_baa083a7a092f38e8deb2bc73613cf9c91197cf30cc045df4157288cc7937a73" image="mobiles_bezahlen"/>

	<!-- MyFRITZ! -->
	<AppIcon name="de.avm.android.myfritz2/de.avm.android.one.activities.StartActivity" image="myfritz_"/>

	<!-- MyJDownloader -->
	<AppIcon name="org.appwork.myjdandroid/org.appwork.myjdandroid.SecondLevelLaunch" image="myjdownloader"/>

	<!-- News -->
	<AppIcon name="com.google.android.apps.magazines/com.google.apps.dots.android.app.activity.CurrentsStartActivity" image="news"/>

	<!-- OCR (Tesseract) -->
	<AppIcon name="org.totschnig.ocr.tesseract/org.totschnig.ocr.SettingsActivity" image="ocr_tesseract_"/>

	<!-- Percipio -->
	<AppIcon name="com.skillsoft.Percipio/com.skillsoft.Percipio.MainActivity" image="percipio"/>

	<!-- Post & DHL -->
	<AppIcon name="de.dhl.paket/de.its_berlin.dhlpaket.base.main.MainActivity" image="post_and_dhl"/>

	<!-- REVG -->
	<AppIcon name="koeln.kvb.ticket.revgapp/com.cubic.cumo.mts.SplashActivity" image="revg"/>

	<!-- Schrittzähler -->
	<AppIcon name="org.secuso.privacyfriendlyactivitytracker/org.secuso.privacyfriendlyactivitytracker.activities.SplashActivity" image="schrittzahler"/>

	<!-- SD Maid Pro -->
	<AppIcon name="eu.thedarken.sdm.unlocker/eu.thedarken.sdm.unlocker.MainActivity" image="sd_maid_pro"/>

	<!-- SD Maid SE -->
	<AppIcon name="eu.darken.sdmse/eu.darken.sdmse.main.ui.MainActivity" image="sd_maid_se"/>

	<!-- Secure SignIn -->
	<AppIcon name="com.synology.securesignin/com.synology.securesignin.MainActivity" image="secure_signin"/>

	<!-- SEO Check -->
	<AppIcon name="net.seobility.seocheck/net.seobility.seocheck.MainActivity" image="seo_check"/>

	<!-- Steuerbot -->
	<AppIcon name="com.steuerbot/com.steuerbot.MainActivity" image="steuerbot"/>

	<!-- tagesschau -->
	<AppIcon name="de.tagesschau/de.tagesschau.ui.splashscreen.SplashScreen" image="tagesschau"/>

	<!-- TIDAL -->
	<AppIcon name="com.aspiro.tidal/com.aspiro.wamp.LoginFragmentActivity" image="tidal"/>

	<!-- Tipico Sportwetten -->
	<AppIcon name="tipico.sports/sportbet.android.activities.MainActivity" image="tipico_sportwetten"/>

	<!-- TK -->
	<AppIcon name="de.tk.tkapp/de.tk.tkapp.start.StartActivity" image="tk"/>

	<!-- Transfermarkt -->
	<AppIcon name="de.transfermarkt.v2/de.transfermarkt.v2.MainActivity" image="transfermarkt"/>

	<!-- TV -->
	<AppIcon name="com.samsung.android.tvplus/com.samsung.android.tvplus.MainActivity" image="tv"/>

	<!-- UKW-Radio -->
	<AppIcon name="com.miui.fm/com.miui.fmradio.FmRadioActivity" image="ukw_radio"/>

	<!-- UML Class Editor -->
	<AppIcon name="com.nathaniel.motus.umlclasseditor/com.nathaniel.motus.umlclasseditor.controller.MainActivity" image="uml_class_editor"/>

	<!-- Unciv -->
	<AppIcon name="com.unciv.app/com.unciv.app.AndroidLauncher" image="unciv"/>

	<!-- URL Cleaner -->
	<AppIcon name="com.svenjacobs.app.leon/com.svenjacobs.app.leon.MainActivity" image="url_cleaner"/>

	<!-- volders -->
	<AppIcon name="com.volders.app/com.volders.app.MainActivity" image="volders"/>

	<!-- WiFi Tools -->
	<AppIcon name="com.ddm.iptoolslight/com.ddm.iptoolslight.ui.MainActivity" image="wifi_tools"/>

	<!-- Wise -->
	<AppIcon name="com.transferwise.android/com.transferwise.android.activity.SplashActivity" image="wise"/>

	<!-- XING -->
	<AppIcon name="com.xing.android/com.xing.android.landing.presentation.ui.MainActivity" image="xing"/>

</Theme>