<appmap>

	<!-- ACR Phone -->
	<item class="com.nll.cb.DefaultAlias" name="acr_phone"/>

	<!-- Activity Manager -->
	<item class="com.sdex.activityrunner.MainActivity" name="activity_manager"/>

	<!-- Adblock Fast -->
	<item class="com.rocketshipapps.adblockfast.MainActivity" name="adblock_fast"/>

	<!-- AdBlock for Samsung Internet -->
	<item class="org.adblockplus.adblockplussbrowser.app.ui.LauncherActivity" name="adblock_for_samsung_internet"/>

	<!-- Airtel -->
	<item class="com.myairtelapp.home.views.activities.SplashScreenActivity" name="airtel"/>

	<!-- Alpi Maps -->
	<item class="com.tns.NativeScriptActivity" name="alpi_maps"/>

	<!-- Anuto TD -->
	<item class="ch.logixisland.anuto.view.game.GameActivity" name="anuto_td"/>

	<!-- AnySoftKeyboard -->
	<item class="com.menny.android.anysoftkeyboard.LauncherSettingsActivity" name="anysoftkeyboard"/>

	<!-- Apk Extractor -->
	<item class="axp.tool.apkextractor.MainActivity" name="apk_extractor"/>

	<!-- Audile -->
	<item class="com.mrsep.musicrecognizer.presentation.MainActivity" name="audile"/>

	<!-- Audio Remote -->
	<item class="com.samsung.samsungband.controller.WelcomeActivity" name="audio_remote"/>

	<!-- Aurora Droid -->
	<item class="com.aurora.adroid.ui.generic.activity.SplashActivity" name="aurora_droid"/>

	<!-- Auxio -->
	<item class="org.oxycblt.auxio.MainActivity" name="auxio"/>

	<!-- Aves Libre -->
	<item class="deckers.thibault.aves.MainActivity" name="aves_libre"/>

	<!-- Block'Buster -->
	<item class="org.asafonov.arkanoid.MainActivity" name="blockbuster"/>

	<!-- Blossom -->
	<item class="com.example.blossomsocial.ui.splash.SplashActivity" name="blossom"/>

	<!-- Bromite -->
	<item class="com.google.android.apps.chrome.Main" name="bromite"/>

	<!-- Call of Duty -->
	<item class="com.tencent.tmgp.cod.CODMPrivatePermissionActivity" name="call_of_duty"/>

	<!-- Capital One Canada -->
	<item class="com.capitalone.mobile.wallet.launch.SplashActivity" name="capital_one_canada"/>

	<!-- Cards With Cats -->
	<item class="com.dozingcatsoftware.cardswithcats.MainActivity" name="cards_with_cats"/>

	<!-- Chd Bus Routes -->
	<item class="com.uwemo.chdbusroutes.activities.main.MainActivity" name="chd_bus_routes"/>

	<!-- ChYK's Theme Collections -->
	<item class="com.ss.launcher2.themepicker.MainActivity" name="chyks_theme_collections"/>

	<!-- Clima -->
	<item class="io.flutter.embedding.android.FlutterActivity" name="clima"/>

	<!-- CloudStream -->
	<item class="com.lagradost.cloudstream3.ui.account.AccountSelectActivity" name="cloudstream"/>

	<!-- Collector -->
	<item class="org.collector.MainActivity" name="collector"/>

	<!-- Discreet Launcher -->
	<item class="com.vincent_falzon.discreetlauncher.ActivityMain" name="discreet_launcher"/>

	<!-- Droid-ify -->
	<item class="com.looker.droidify.MainActivity" name="droid_ify"/>

	<!-- Drum On! -->
	<item class="se.tube42.drum.android.MainActivity" name="drum_on_"/>

	<!-- Dungeon Crawl Stone Soup -->
	<item class="org.develz.crawl.DCSSLauncher" name="dungeon_crawl_stone_soup"/>

	<!-- dvd -->
	<item class="org.yausername.dvd.ui.MainActivity" name="dvd"/>

	<!-- ecobee -->
	<item class="com.ecobee.athenamobile.launcher.LauncherActivity" name="ecobee"/>

	<!-- Endless Sky -->
	<item class="com.github.thewierdnut.endless_mobile.ESActivity" name="endless_sky"/>

	<!-- Fedilab -->
	<item class="app.fedilab.android.activities.MainActivity.Bubbles" name="fedilab"/>

	<!-- Feeder -->
	<item class="com.nononsenseapps.feeder.ui.MainActivity" name="feeder"/>

	<!-- Fire Strike Retro -->
	<item class="zame.game.feature.launcher.LauncherActivity" name="fire_strike_retro"/>

	<!-- FlorisBoard -->
	<item class="dev.patrickgold.florisboard.SettingsLauncherAlias" name="florisboard"/>

	<!-- FlorisBoard Beta -->
	<item class="dev.patrickgold.florisboard.SettingsLauncherAlias" name="florisboard_beta"/>

	<!-- Flowit! -->
	<item class="com.bytehamster.flowitgame.Main" name="flowit_"/>

	<!-- Fluent Reader -->
	<item class="me.hyliu.fluent_reader_lite.MainActivity" name="fluent_reader"/>

	<!-- Foxy Droid -->
	<item class="nya.kitsunyan.foxydroid.MainActivity" name="foxy_droid"/>

	<!-- Free TV -->
	<item class="com.phstudio.freetv.MainActivity" name="free_tv"/>

	<!-- Frost -->
	<item class="com.pitchedapps.frost.StartActivity" name="frost"/>

	<!-- Frozen Bubble -->
	<item class="com.efortin.frozenbubble.HomeScreen" name="frozen_bubble"/>

	<!-- G-Droid -->
	<item class="org.gdroid.gdroid.MainActivity" name="g_droid"/>

	<!-- Galaxy Enhance-X -->
	<item class="com.samsung.android.imageenhancer.MainActivity" name="galaxy_enhance_x"/>

	<!-- Gallery -->
	<item class="org.fossify.gallery.activities.SplashActivity.Green" name="gallery"/>

	<!-- GameSir -->
	<item class="com.xiaoji.gameworld.activity.EntryActivity" name="gamesir"/>

	<!-- Gaming Hub -->
	<item class="com.samsung.android.game.gamehome.app.MainActivity" name="gaming_hub"/>

	<!-- GApps Browser -->
	<item class="com.tobykurien.google_news.GoogleNewsActivity" name="gapps_browser"/>

	<!-- Gridle -->
	<item class="org.billthefarmer.gridle.Gridle" name="gridle"/>

	<!-- HD STREAMZ -->
	<item class="com.android.vending.a.Splash" name="hd_streamz"/>

	<!-- HouseSigma -->
	<item class="com.housesigma.android.ui.splash.SplashActivity" name="housesigma"/>

	<!-- iA Mobile -->
	<item class="crc64dc5351d3529f28e6.MainActivity" name="ia_mobile"/>

	<!-- IBKR -->
	<item class="atws.activity.launcher.LauncherActivity" name="ibkr"/>

	<!-- Immortal -->
	<item class="com.netease.game.MessiahNativeActivity" name="immortal"/>

	<!-- Indeed Job Search -->
	<item class="com.indeed.android.jobsearch.LaunchActivity" name="indeed_job_search"/>

	<!-- iPrint&Scan -->
	<item class="com.brother.mfc.brprint.v2.ui.top.SplashActivity" name="iprint_and_scan"/>

	<!-- IzzyOnDroid -->
	<item class="in.sunilpaulmathew.izzyondroid.MainActivity" name="izzyondroid"/>

	<!-- Jerboa -->
	<item class="com.jerboa.MainActivity" name="jerboa"/>

	<!-- Jugnoo -->
	<item class="product.clicklabs.jugnoo.SplashNewActivity" name="jugnoo"/>

	<!-- JustChess -->
	<item class="com.alaskalinuxuser.justchess.IntroActivity" name="justchess"/>

	<!-- KISS launcher -->
	<item class="fr.neamar.kiss.MainActivity" name="kiss_launcher"/>

	<!-- KOReader -->
	<item class="org.koreader.launcher.MainActivity" name="koreader"/>

	<!-- Kraken Pro -->
	<item class="com.kraken.trade.MainActivity" name="kraken_pro"/>

	<!-- Lawnicons -->
	<item class="app.lawnchair.lawnicons.MainActivity" name="lawnicons"/>

	<!-- lemmur -->
	<item class="com.krawieck.lemmur.MainActivity" name="lemmur"/>

	<!-- LibreTube -->
	<item class="com.github.libretube.Default" name="libretube"/>

	<!-- LibreWeatherRN -->
	<item class="com.libreweatherrn.MainActivity" name="libreweatherrn"/>

	<!-- lichess -->
	<item class="org.lichess.mobileapp.MainActivity" name="lichess"/>

	<!-- Linebit -->
	<item class="com.edzondm.linebit.MainActivity" name="linebit"/>

	<!-- Lunar Launcher -->
	<item class="rasel.lunar.launcher.LauncherActivity" name="lunar_launcher"/>

	<!-- Magic Earth -->
	<item class="com.magiclane.androidsphere.map.MapActivity" name="magic_earth"/>

	<!-- Mindustry -->
	<item class="mindustry.android.AndroidLauncher" name="mindustry"/>

	<!-- Mindustry Classic -->
	<item class="io.anuke.mindustry.AndroidLauncher" name="mindustry_classic"/>

	<!-- MineSweeper -->
	<item class="it.reyboz.minesweeper.MineSweeper" name="minesweeper"/>

	<!-- Mini Metro -->
	<item class="com.dinopoloclub.minimetro.nbo.LicensedActivity" name="mini_metro"/>

	<!-- mLauncher -->
	<item class="com.github.hecodes2much.mlauncher.MainActivity" name="mlauncher"/>

	<!-- Monopoly -->
	<item class="com.fiveplay.mod.RMS.Recovery" name="monopoly"/>

	<!-- Musify -->
	<item class="com.ryanheise.audioservice.AudioServiceActivity" name="musify"/>

	<!-- Neo Launcher -->
	<item class="com.saggitt.omega.OmegaLauncher" name="neo_launcher"/>

	<!-- NewPipe Legacy -->
	<item class="org.schabi.newpipelegacy.MainActivity" name="newpipe_legacy"/>

	<!-- NewPipe preunified -->
	<item class="org.schabi.newpipe.MainActivity" name="newpipe_preunified"/>

	<!-- NoFasel -->
	<item class="com.n00nedev.nofasel.MainActivity" name="nofasel"/>

	<!-- NotiStar -->
	<item class="com.samsung.systemui.notilus.NotiCenterPage" name="notistar"/>

	<!-- Nozzle -->
	<item class="com.kaiwolfram.nozzle.MainActivity" name="nozzle"/>

	<!-- Nunti -->
	<item class="com.nunti.MainActivity" name="nunti"/>

	<!-- Offline Puzzle Solver -->
	<item class="t20kdc.offlinepuzzlesolver.MainActivity" name="offline_puzzle_solver"/>

	<!-- Ola -->
	<item class="com.olacabs.customer.ui.SplashActivity" name="ola"/>

	<!-- Olauncher -->
	<item class="app.olauncher.MainActivity" name="olauncher"/>

	<!-- Open Sudoku -->
	<item class="org.moire.opensudoku.gui.TitleScreenActivity" name="open_sudoku"/>

	<!-- Open Video Editor -->
	<item class="io.github.devhyper.openvideoeditor.main.MainActivity" name="open_video_editor"/>

	<!-- OpenBoard -->
	<item class="org.dslul.openboard.inputmethod.latin.setup.SetupActivity" name="openboard"/>

	<!-- OpenVPN for Android -->
	<item class="de.blinkt.openvpn.activities.MainActivity" name="openvpn_for_android"/>

	<!-- Organic Maps (Beta) -->
	<item class="app.organicmaps.DownloadResourcesActivity" name="organic_maps_beta_"/>

	<!-- OsmAnd~ -->
	<item class="net.osmand.plus.activities.MapActivity" name="osmand_"/>

	<!-- Package Viewer -->
	<item class="cz.seeq.prog.android.packageviewer.PackagesActivity" name="package_viewer"/>

	<!-- PipePipe -->
	<item class="org.schabi.newpipe.MainActivity" name="pipepipe"/>

	<!-- PixelDroid -->
	<item class="org.pixeldroid.app.MainActivity" name="pixeldroid"/>

	<!-- Plex -->
	<item class="com.plexapp.plex.activities.SplashActivity" name="plex"/>

	<!-- Popup Widget -->
	<item class="com.ss.popupWidget.MainActivity" name="popup_widget"/>

	<!-- Pulse Music -->
	<item class="com.hardcodecoder.pulsemusic.activities.main.SplashActivity" name="pulse_music"/>

	<!-- QKSMS -->
	<item class="com.moez.QKSMS.feature.main.MainActivity" name="qksms"/>

	<!-- RadioDroid -->
	<item class="net.programmierecke.radiodroid2.ActivityMain" name="radiodroid"/>

	<!-- RaumBaller -->
	<item class="jgame.platform.JGActivity" name="raumballer"/>

	<!-- RBC Mobile -->
	<item class="com.rbc.mobile.bud.pre_auth.common.activity.SplashActivity" name="rbc_mobile"/>

	<!-- Read You -->
	<item class="me.ash.reader.MainActivity" name="read_you"/>

	<!-- RedReader -->
	<item class="org.quantumbadger.redreader.activities.MainActivity" name="redreader"/>

	<!-- Rocks 'n' Diamonds -->
	<item class="org.artsoft.rocksndiamonds.RocksNDiamonds" name="rocks_n_diamonds"/>

	<!-- S Note -->
	<item class="com.samsung.android.snote.control.ui.filemanager.MainHomeActivity" name="s_note"/>

	<!-- Samsung Level -->
	<item class="com.sec.samsungsoundphone.ui.control.DefaultActivity" name="samsung_level"/>

	<!-- Schildpad Launcher -->
	<item class="app.schildpad.schildpad.MainActivity" name="schildpad_launcher"/>

	<!-- Scotiabank -->
	<item class="com.scotiabank.nova.startup.StartupAlias" name="scotiabank"/>

	<!-- Seeneva -->
	<item class="app.seeneva.reader.screen.MainActivity" name="seeneva"/>

	<!-- Shattered Pixel Dungeon -->
	<item class="com.shatteredpixel.shatteredpixeldungeon.android.AndroidLauncher" name="shattered_pixel_dungeon"/>

	<!-- Shosetsu -->
	<item class="app.shosetsu.android.activity.MainActivity" name="shosetsu"/>

	<!-- Signal -->
	<item class="org.thoughtcrime.securesms.RoutingActivityAltDark" name="signal"/>

	<!-- Simple Keyboard -->
	<item class="rkr.simplekeyboard.inputmethod.latin.settings.SettingsActivity" name="simple_keyboard"/>

	<!-- SkyTube Extra -->
	<item class="free.rm.skytube.gui.activities.MainActivity" name="skytube_extra"/>

	<!-- SongTube -->
	<item class="com.ryanheise.audioservice.AudioServiceActivity" name="songtube"/>

	<!-- SoU Official -->
	<item class="com.statueofunity.MainActivity" name="sou_official"/>

	<!-- Speedometer -->
	<item class="gps.speedometer.gpsspeedometer.odometer.activity.SplashActivity" name="speedometer"/>

	<!-- Squawker -->
	<item class="org.ca.squawker.MainActivity" name="squawker"/>

	<!-- Stealth -->
	<item class="com.cosmos.unreddit.MainActivity" name="stealth"/>

	<!-- Street­Complete -->
	<item class="de.westnordost.streetcomplete.screens.MainActivity" name="street­complete"/>

	<!-- sudoku -->
	<item class="org.benoitharrault.sudoku.MainActivity" name="sudoku"/>

	<!-- SudoQ -->
	<item class="de.sudoq.controller.menus.SplashActivity" name="sudoq"/>

	<!-- Swingworm -->
	<item class="com.the10tons.JNexusInterface" name="swingworm"/>

	<!-- Tangerine -->
	<item class="ca.tangerine.MainActivity" name="tangerine"/>

	<!-- TC -->
	<item class="eu.faircode.netguard.ActivityMain" name="tc"/>

	<!-- TC -->
	<item class="eu.faircode.netguard.ActivityMain" name="tc"/>

	<!-- Technology CMM Theme -->
	<item class="com.launcher.smart.technology.theme.MainActivity" name="technology_cmm_theme"/>

	<!-- Thud -->
	<item class="io.ionic.starter.MainActivity" name="thud"/>

	<!-- TinyBit launcher -->
	<item class="rocks.tbog.tblauncher.TBLauncherActivity" name="tinybit_launcher"/>

	<!-- TorrDroid -->
	<item class="intelligems.torrdroid.MainActivity" name="torrdroid"/>

	<!-- Total Launcher -->
	<item class="com.ss.launcher2.MainActivity" name="total_launcher"/>

	<!-- TradingView -->
	<item class="com.tradingview.tradingviewapp.root.view.RootActivity" name="tradingview"/>

	<!-- TREK: Total Launcher Theme -->
	<item class="com.nstenterprises.tltheme.trek.MainActivity" name="trek_total_launcher_theme"/>

	<!-- Tubi -->
	<item class="com.tubitv.activities.MainActivity" name="tubi"/>

	<!-- TV -->
	<item class="com.samsung.android.tvplus.MainActivity" name="tv"/>

	<!-- Unciv -->
	<item class="com.unciv.app.AndroidLauncher" name="unciv"/>

	<!-- UniWar -->
	<item class="android.uniwar.UniWarActivity" name="uniwar"/>

	<!-- URL Radio -->
	<item class="com.jamal2367.urlradio.MainActivity" name="url_radio"/>

	<!-- UserLAnd -->
	<item class="tech.ula.library.MainActivity" name="userland"/>

	<!-- UserTesting -->
	<item class="com.usertesting.recorder.startup.splash.SplashActivity" name="usertesting"/>

	<!-- Vanilla Music -->
	<item class="ch.blinkenlights.android.vanilla.LibraryActivity" name="vanilla_music"/>

	<!-- Vector Pinball -->
	<item class="com.dozingcatsoftware.bouncy.BouncyActivity" name="vector_pinball"/>

	<!-- Watermarking -->
	<item class="com.example.free_watermark.MainActivity" name="watermarking"/>

	<!-- Waxmoon -->
	<item class="org.waxmoon.AppListActivity" name="waxmoon"/>

	<!-- Wealthsimple -->
	<item class="com.wealthsimple.trade.LaunchActivity" name="wealthsimple"/>

	<!-- Weather -->
	<item class="org.breezyweather.main.MainActivity" name="weather"/>

	<!-- Wonderland -->
	<item class="com.samsung.android.wonderland.wallpaper.settings.StartupActivity" name="wonderland"/>

	<!-- Write on PDF -->
	<item class="spdfnote.control.ui.filemanager.MainHomeActivity" name="write_on_pdf"/>

	<!-- wynk -->
	<item class="ng.wynk.MainActivity" name="wynk"/>

	<!-- Xeonjia -->
	<item class="xyz.deepdaikon.xeonjia.MainActivity" name="xeonjia"/>

	<!-- Yatri -->
	<item class="com.yatrirailways.yatri.ui.activities.SplashActivity" name="yatri"/>

	<!-- Yet Another Call Blocker -->
	<item class="dummydomain.yetanothercallblocker.MainActivity" name="yet_another_call_blocker"/>

</appmap>