<resources>

	<!-- Background Eraser -->
	<item component="ComponentInfo{com.handycloset.android.eraser/com.handycloset.android.eraser.MainActivity}" drawable="background_eraser" />

	<!-- Cache Cleaner -->
	<item component="ComponentInfo{com.github.bmx666.appcachecleaner/com.github.bmx666.appcachecleaner.ui.activity.LauncherActivity}" drawable="cache_cleaner" />

	<!-- Calculator -->
	<item component="ComponentInfo{com.coloros.calculator/com.android.calculator2.Calculator}" drawable="calculator" />

	<!-- Camera -->
	<item component="ComponentInfo{com.oplus.camera/com.oplus.camera.Camera}" drawable="camera" />

	<!-- Clubhouse -->
	<item component="ComponentInfo{com.clubhouse.app/com.clubhouse.android.ui.ClubhouseActivity}" drawable="clubhouse" />

	<!-- Compass -->
	<item component="ComponentInfo{com.coloros.compass2/com.coloros.compass.flat.FlatCompass}" drawable="compass" />

	<!-- Games -->
	<item component="ComponentInfo{com.oplus.games/com.oplus.games.ui.main.MainGameActivity}" drawable="games" />

	<!-- NoiseFit -->
	<item component="ComponentInfo{com.noisefit/com.noisefit.ui.SplashActivity}" drawable="noisefit" />

	<!-- Photos -->
	<item component="ComponentInfo{com.coloros.gallery3d/com.coloros.gallery3d.app.MainActivity}" drawable="photos" />

	<!-- PicSay Pro -->
	<item component="ComponentInfo{com.shinycore.picsaypro/com.shinycore.picsaypro.main}" drawable="picsay_pro" />

	<!-- PrivadoVPN -->
	<item component="ComponentInfo{io.privado.android/io.privado.android.ui.splash.SplashActivity}" drawable="privadovpn" />

	<!-- QR/Barcode Scanner Pro -->
	<item component="ComponentInfo{com.barcode.qrcode.scanner.reader.pro/com.barcode.qrcode.scanner.reader.pro.activity.MainActivity}" drawable="qr_barcode_scanner_pro" />

	<!-- Recorder -->
	<item component="ComponentInfo{com.coloros.soundrecorder/oplus.multimedia.soundrecorder.filebrowser.BrowseFile}" drawable="recorder" />

	<!-- Rewards -->
	<item component="ComponentInfo{com.google.android.apps.paidtasks/com.google.android.apps.paidtasks.activity.LaunchActivity}" drawable="rewards" />

	<!-- Solitaire -->
	<item component="ComponentInfo{com.microsoft.microsoftsolitairecollection/com.smokingguninc.engine.framework.SgiLauncherActivity}" drawable="solitaire" />

	<!-- Theme Store -->
	<item component="ComponentInfo{com.heytap.themestore/com.nearme.themespace.activities.ThemeActivity}" drawable="theme_store" />

	<!-- µTorrent Pro -->
	<item component="ComponentInfo{com.utorrent.client.pro/com.bittorrent.app.Main}" drawable="µtorrent_pro" />

</resources>