<Theme version="1">

	<!-- Background Eraser -->
	<AppIcon name="com.handycloset.android.eraser/com.handycloset.android.eraser.MainActivity" image="background_eraser"/>

	<!-- Cache Cleaner -->
	<AppIcon name="com.github.bmx666.appcachecleaner/com.github.bmx666.appcachecleaner.ui.activity.LauncherActivity" image="cache_cleaner"/>

	<!-- Calculator -->
	<AppIcon name="com.coloros.calculator/com.android.calculator2.Calculator" image="calculator"/>

	<!-- Camera -->
	<AppIcon name="com.oplus.camera/com.oplus.camera.Camera" image="camera"/>

	<!-- Clubhouse -->
	<AppIcon name="com.clubhouse.app/com.clubhouse.android.ui.ClubhouseActivity" image="clubhouse"/>

	<!-- Compass -->
	<AppIcon name="com.coloros.compass2/com.coloros.compass.flat.FlatCompass" image="compass"/>

	<!-- Games -->
	<AppIcon name="com.oplus.games/com.oplus.games.ui.main.MainGameActivity" image="games"/>

	<!-- NoiseFit -->
	<AppIcon name="com.noisefit/com.noisefit.ui.SplashActivity" image="noisefit"/>

	<!-- Photos -->
	<AppIcon name="com.coloros.gallery3d/com.coloros.gallery3d.app.MainActivity" image="photos"/>

	<!-- PicSay Pro -->
	<AppIcon name="com.shinycore.picsaypro/com.shinycore.picsaypro.main" image="picsay_pro"/>

	<!-- PrivadoVPN -->
	<AppIcon name="io.privado.android/io.privado.android.ui.splash.SplashActivity" image="privadovpn"/>

	<!-- QR/Barcode Scanner Pro -->
	<AppIcon name="com.barcode.qrcode.scanner.reader.pro/com.barcode.qrcode.scanner.reader.pro.activity.MainActivity" image="qr_barcode_scanner_pro"/>

	<!-- Recorder -->
	<AppIcon name="com.coloros.soundrecorder/oplus.multimedia.soundrecorder.filebrowser.BrowseFile" image="recorder"/>

	<!-- Rewards -->
	<AppIcon name="com.google.android.apps.paidtasks/com.google.android.apps.paidtasks.activity.LaunchActivity" image="rewards"/>

	<!-- Solitaire -->
	<AppIcon name="com.microsoft.microsoftsolitairecollection/com.smokingguninc.engine.framework.SgiLauncherActivity" image="solitaire"/>

	<!-- Theme Store -->
	<AppIcon name="com.heytap.themestore/com.nearme.themespace.activities.ThemeActivity" image="theme_store"/>

	<!-- µTorrent Pro -->
	<AppIcon name="com.utorrent.client.pro/com.bittorrent.app.Main" image="µtorrent_pro"/>

</Theme>