<resources>

	<!-- aCalendar -->
	<item component="ComponentInfo{org.withouthat.acalendar/org.withouthat.acalendar.ACalendar}" drawable="acalendar" />

	<!-- AnyDesk -->
	<item component="ComponentInfo{com.anydesk.anydeskandroid/com.anydesk.anydeskandroid.gui.activity.MainActivity}" drawable="anydesk" />

	<!-- B﻿A-Mobil -->
	<item component="ComponentInfo{de.arbeitsagentur.bka/de.arbeitsagentur.bka.landing.LandingActivity}" drawable="b﻿a_mobil" />

	<!-- Caffeine -->
	<item component="ComponentInfo{moe.zhs.caffeine/moe.zhs.caffeine.MainActivity}" drawable="caffeine" />

	<!-- Camera -->
	<item component="ComponentInfo{com.oneplus.camera/com.oneplus.camera.OPCameraActivity}" drawable="camera" />

	<!-- Character Keep -->
	<item component="ComponentInfo{com.putnoczki.CharacterKeep/com.tns.NativeScriptActivity}" drawable="character_keep" />

	<!-- Clock -->
	<item component="ComponentInfo{com.oneplus.deskclock/com.oneplus.deskclock.DeskClock}" drawable="clock" />

	<!-- Clone Phone -->
	<item component="ComponentInfo{com.oneplus.backuprestore/com.oplus.phoneclone.PhoneCloneMainActivity}" drawable="clone_phone" />

	<!-- Community -->
	<item component="ComponentInfo{net.oneplus.forums/com.oneplus.community.activity.LauncherActivity}" drawable="community" />

	<!-- congstar -->
	<item component="ComponentInfo{de.congstar.meincongstar/de.congstar.meincongstar.ui.login.LoginActivity}" drawable="congstar" />

	<!-- Dice -->
	<item component="ComponentInfo{fr.sevenpixels.dice/com.unity3d.player.UnityPlayerActivity}" drawable="dice" />

	<!-- Dominion -->
	<item component="ComponentInfo{com.templegatesgames.DominionAndroid/com.TGActivity.TGActivity}" drawable="dominion" />

	<!-- flamy -->
	<item component="ComponentInfo{net.offlinefirst.flamy/net.offlinefirst.flamy.MainActivity}" drawable="flamy" />

	<!-- Foxit PDF Editor -->
	<item component="ComponentInfo{com.foxit.mobile.pdf.lite/com.fx.app.ui.AppActivity}" drawable="foxit_pdf_editor" />

	<!-- Games -->
	<item component="ComponentInfo{com.oplus.games/com.oplus.games.ui.main.MainGameActivity}" drawable="games" />

	<!-- Hunky Punk -->
	<item component="ComponentInfo{org.andglkmod.hunkypunk/org.andglkmod.hunkypunk.GamesList}" drawable="hunky_punk" />

	<!-- JFrotz -->
	<item component="ComponentInfo{com.whj1972.jfrotz/com.whj1972.jfrotz.JFrotzActivity}" drawable="jfrotz" />

	<!-- Keepass2Android -->
	<item component="ComponentInfo{keepass2android.keepass2android/crc64dd09b2a2e58bb27d.KeePass}" drawable="keepass2android" />

	<!-- Letterboxd -->
	<item component="ComponentInfo{com.letterboxd.letterboxd/com.letterboxd.letterboxd.ui.activities.LaunchActivity}" drawable="letterboxd" />

	<!-- Megalodon -->
	<item component="ComponentInfo{org.joinmastodon.android.sk/org.joinmastodon.android.MainActivity}" drawable="megalodon" />

	<!-- Messages -->
	<item component="ComponentInfo{com.android.mms/com.android.mms.ui.ConversationList}" drawable="messages" />

	<!-- MILES -->
	<item component="ComponentInfo{com.driveby.app/com.zoontek.rnbootsplash.RNBootSplashActivity}" drawable="miles" />

	<!-- Mondstern Acrylic Icons -->
	<item component="ComponentInfo{de.moooon.acrylicons/de.moooon.acrylicons.MainActivity}" drawable="mondstern_acrylic_icons" />

	<!-- My Files -->
	<item component="ComponentInfo{com.oneplus.filemanager/com.oplus.filemanager.main.ui.MainActivity}" drawable="my_files" />

	<!-- N26 -->
	<item component="ComponentInfo{de.number26.android/de.number26.machete.android.refactor.presentation.settings.customize_icon.launch_aliases.TealActivityLauncher}" drawable="n26" />

	<!-- Notes -->
	<item component="ComponentInfo{com.oneplus.note/com.nearme.note.main.MainActivity}" drawable="notes" />

	<!-- NYT Games -->
	<item component="ComponentInfo{com.nytimes.crossword/com.nytimes.crosswordlib.activity.MainActivity}" drawable="nyt_games" />

	<!-- OnePlus Store -->
	<item component="ComponentInfo{com.oneplus.store/com.oneplus.mall.view.SplashActivity}" drawable="oneplus_store" />

	<!-- Phone -->
	<item component="ComponentInfo{com.android.contacts/com.android.contacts.DialtactsActivityAlias}" drawable="phone" />

	<!-- Photos -->
	<item component="ComponentInfo{com.oneplus.gallery/com.oneplus.gallery.app.MainActivity}" drawable="photos" />

	<!-- Pocket Casts -->
	<item component="ComponentInfo{au.com.shiftyjelly.pocketcasts/au.com.shiftyjelly.pocketcasts.ui.MainActivity}" drawable="pocket_casts" />

	<!-- Post & DHL -->
	<item component="ComponentInfo{de.dhl.paket/de.its_berlin.dhlpaket.base.main.MainActivity}" drawable="post_and_dhl" />

	<!-- ScummVM -->
	<item component="ComponentInfo{org.scummvm.scummvm/org.scummvm.scummvm.SplashActivity}" drawable="scummvm" />

	<!-- Spark -->
	<item component="ComponentInfo{com.readdle.spark/com.readdle.spark.app.MainActivity}" drawable="spark" />

	<!-- tolino -->
	<item component="ComponentInfo{com.mytolino.app/com.musketeer.host.MainActivity}" drawable="tolino" />

	<!-- Weather -->
	<item component="ComponentInfo{net.oneplus.weather/net.oneplus.weather.app.MainActivity}" drawable="weather" />

	<!-- xkcd -->
	<item component="ComponentInfo{xyz.jienan.xkcd/xyz.jienan.xkcd.home.MainActivity}" drawable="xkcd" />

	<!-- Yorck Kinos -->
	<item component="ComponentInfo{nz.co.vista.android.movie.yorckkinos/nz.co.vista.android.movie.abc.feature.splash.SplashActivity}" drawable="yorck_kinos" />

	<!-- Zen Mode -->
	<item component="ComponentInfo{com.oneplus.brickmode/com.oneplus.brickmode.activity.MainControlActivity}" drawable="zen_mode" />

</resources>