<appmap>

	<!-- Camera -->
	<item class="com.android.camera.CameraLauncher" name="camera"/>

	<!-- Free Fire MAX -->
	<item class="com.dts.freefireth.FFMainActivity" name="free_fire_max"/>

	<!-- Hypatia -->
	<item class="us.spotco.malwarescanner.MainActivity" name="hypatia"/>

	<!-- ImageCraft -->
	<item class="com.yangdai.imagecraft.main.MainActivity" name="imagecraft"/>

	<!-- KUBOOM -->
	<item class="com.unity3d.player.UnityPlayerActivity" name="kuboom"/>

	<!-- Lena Adaptive -->
	<item class="com.candybar.dev.activities.SplashActivity" name="lena_adaptive"/>

	<!-- One Read -->
	<item class="alldocumentreader.office.viewer.filereader.splash.BlankActivity" name="one_read"/>

	<!-- Rewards -->
	<item class="com.google.android.apps.paidtasks.activity.LaunchActivity" name="rewards"/>

	<!-- Sav PDF Viewer -->
	<item class="com.saverio.pdfviewer.MainActivity" name="sav_pdf_viewer"/>

</appmap>