<resources>

	<!-- Alight Motion -->
	<item component="ComponentInfo{com.alightcreative.motion/com.alightcreative.app.motion.activities.main.MainActivity}" drawable="alight_motion" />

	<!-- Background Eraser -->
	<item component="ComponentInfo{com.handycloset.android.eraser/com.handycloset.android.eraser.MainActivity}" drawable="background_eraser" />

	<!-- Brevent -->
	<item component="ComponentInfo{me.piebridge.brevent/me.piebridge.brevent.ui.BreventActivity}" drawable="brevent" />

	<!-- Calendar -->
	<item component="ComponentInfo{deltazero.amarok/deltazero.amarok.launcher.calendar}" drawable="calendar" />

	<!-- CastChat -->
	<item component="ComponentInfo{walkie.talkie.among.us.friends/walkie.talkie.talk.SplashADActivity}" drawable="castchat" />

	<!-- DB LEGENDS -->
	<item component="ComponentInfo{com.bandainamcoent.dblegends_ww/jp.co.dimps.trad.common.TRADMainActivity}" drawable="db_legends" />

	<!-- Geometry Dash -->
	<item component="ComponentInfo{com.robtopx.geometryjump/com.robtopx.geometryjump.GeometryJump}" drawable="geometry_dash" />

	<!-- Hear Boost -->
	<item component="ComponentInfo{com.audiofix.hearboost/com.audiofix.hearboost.MainActivity}" drawable="hear_boost" />

	<!-- Home Workout -->
	<item component="ComponentInfo{homeworkout.homeworkouts.noequipment/homeworkout.homeworkouts.noequipment.SplashActivity}" drawable="home_workout" />

	<!-- Jawline -->
	<item component="ComponentInfo{jawline.exercises.slim.face.yoga/jawline.exercises.slim.face.yoga.activity.SplashActivity}" drawable="jawline" />

	<!-- Lawnicons -->
	<item component="ComponentInfo{app.lawnchair.lawnicons/app.lawnchair.lawnicons.MainActivity}" drawable="lawnicons" />

	<!-- Light It Up -->
	<item component="ComponentInfo{com.crazylabs.light.it.up/com.unity3d.player.UnityPlayerActivity}" drawable="light_it_up" />

	<!-- Melon Sandbox -->
	<item component="ComponentInfo{com.studio27.MelonPlayground/com.unity3d.player.UnityPlayerActivity}" drawable="melon_sandbox" />

	<!-- Package Names -->
	<item component="ComponentInfo{com.csdroid.pkg/com.csdroid.pkg.MainActivity}" drawable="package_names" />

	<!-- Pickup Lines -->
	<item component="ComponentInfo{com.kakideveloper.pickupline/com.zipoapps.premiumhelper.ui.splash.PHSplashActivity}" drawable="pickup_lines" />

	<!-- Ragdoll Fists -->
	<item component="ComponentInfo{com.lonriv.radofists/org.cocos2dx.cpp.AppActivity}" drawable="ragdoll_fists" />

	<!-- Read You -->
	<item component="ComponentInfo{me.ash.reader/me.ash.reader.infrastructure.android.MainActivity}" drawable="read_you" />

	<!-- Seal Downloader -->
	<item component="ComponentInfo{com.hkapps.sealdownloader/com.hkapps.sealdownloader.activities.SplashScreen}" drawable="seal_downloader" />

	<!-- SetEdit -->
	<item component="ComponentInfo{by4a.setedit22/by4a.setedit.EditorActivity}" drawable="setedit" />

	<!-- Shizuku -->
	<item component="ComponentInfo{moe.shizuku.privileged.api/moe.shizuku.manager.MainActivity}" drawable="shizuku" />

</resources>