<resources>

	<!-- TiviMate Companion -->
	<item component="ComponentInfo{ar.tvplayer.companion/ar.tvplayer.companion.ui.MainActivity}" drawable="tivimate_companion" />

	<!-- TNAS mobile 3 -->
	<item component="ComponentInfo{com.terramaster.plus/io.dcloud.PandoraEntry}" drawable="tnas_mobile_3" />

	<!-- TOD -->
	<item component="ComponentInfo{com.todtv.tod/axis.android.sdk.app.startup.ui.StartupActivity}" drawable="tod" />

	<!-- Tooly -->
	<item component="ComponentInfo{com.yousx.thetoolsapp/com.yousx.thetoolsapp.SplashScreenActivity}" drawable="tooly" />

	<!-- Trip.com -->
	<item component="ComponentInfo{ctrip.english/com.ctrip.ibu.myctrip.main.module.home.IBUHomeActivity}" drawable="tripcom" />

	<!-- Tripadvisor -->
	<item component="ComponentInfo{com.tripadvisor.tripadvisor/com.tripadvisor.android.ui.launcher.LauncherActivity}" drawable="tripadvisor" />

	<!-- Trovit Cars -->
	<item component="ComponentInfo{com.trovit.android.apps.cars/com.trovit.android.apps.cars.ui.activities.SplashActivity}" drawable="trovit_cars" />

	<!-- TRUXX -->
	<item component="ComponentInfo{ae.truxx.trips/ae.truxx.trips.MainActivity}" drawable="truxx" />

	<!-- TTLock -->
	<item component="ComponentInfo{com.tongtongsuo.app/com.scaf.android.client.activity.LoadingActivity}" drawable="ttlock" />

	<!-- Twitch -->
	<item component="ComponentInfo{tv.twitch.android.app/tv.twitch.android.app.core.LandingActivity}" drawable="twitch" />

	<!-- TwomonUSB -->
	<item component="ComponentInfo{com.devguru.eltwomonusb/com.devguru.eltwomonusb.Activity_ViewController}" drawable="twomonusb" />

	<!-- Ubuy -->
	<item component="ComponentInfo{com.ubuy/com.app.mazade.ubuy.SplashActivity}" drawable="ubuy" />

	<!-- Urban -->
	<item component="ComponentInfo{com.intelligentb.proptech/com.intelligentb.proptech.ui.MainActivity}" drawable="urban" />

	<!-- Urban Company -->
	<item component="ComponentInfo{com.urbanclap.urbanclap/com.urbanclap.urbanclap.core.app_icon.NormalUser}" drawable="urban_company" />

	<!-- UX Led Free -->
	<item component="ComponentInfo{skr.susanta.uxledfree/skr.susanta.uxledfree.MainActivity}" drawable="ux_led_free" />

	<!-- Vape Tool -->
	<item component="ComponentInfo{com.stasbar.vape_tool/com.stasbar.activity.MainActivity}" drawable="vape_tool" />

	<!-- Versus -->
	<item component="ComponentInfo{com.versus/com.google.androidbrowserhelper.trusted.LauncherActivity}" drawable="versus" />

	<!-- vFlat -->
	<item component="ComponentInfo{com.voyagerx.scanner/com.voyagerx.livedewarp.EntryActivity}" drawable="vflat" />

	<!-- Videoleap -->
	<item component="ComponentInfo{com.lightricks.videoleap/com.lightricks.videoleap.app.SplashActivity}" drawable="videoleap" />

	<!-- VIMAGE -->
	<item component="ComponentInfo{com.vimage.android/com.vimage.vimageapp.SplashActivity}" drawable="vimage" />

	<!-- Vinci -->
	<item component="ComponentInfo{io.vinci.android/io.vinci.android.MainActivity}" drawable="vinci" />

	<!-- Virgin Megastore -->
	<item component="ComponentInfo{com.virginmegastore.mobile/com.virginmegastore.mobile.MainActivity}" drawable="virgin_megastore" />

	<!-- Viu -->
	<item component="ComponentInfo{com.vuclip.viu/com.viu.phone.ui.activity.WelcomeActivity}" drawable="viu" />

	<!-- VivaVideo -->
	<item component="ComponentInfo{com.quvideo.xiaoying/com.quvideo.xiaoying.app.splash.SplashActivity}" drawable="vivavideo" />

	<!-- VOX Cinemas -->
	<item component="ComponentInfo{com.voxcinemas.voxcinemasdev/com.voxcinemas.activities.SplashActivity}" drawable="vox_cinemas" />

	<!-- VpnHood! -->
	<item component="ComponentInfo{com.vpnhood.client.android/crc64878500d16bb23c1a.MainActivity}" drawable="vpnhood_" />

	<!-- VSCO -->
	<item component="ComponentInfo{com.vsco.cam/com.vsco.cam.navigation.LithiumActivity}" drawable="vsco" />

	<!-- walletplus -->
	<item component="ComponentInfo{com.rev.mobilebanking.etihaduae/com.rev.mobilebanking.activities.SplashActivity}" drawable="walletplus" />

	<!-- WATCH IT -->
	<item component="ComponentInfo{com.watchit.vod/com.watchit.vod.refactor.splash.ui.SplashActivity}" drawable="watch_it" />

	<!-- WawanPro -->
	<item component="ComponentInfo{com.wawanpro2.app/com.common.app.activities.LauncherActivity}" drawable="wawanpro" />

	<!-- Webex -->
	<item component="ComponentInfo{com.cisco.wx2.android/com.webex.teams.WebexLauncherActivity}" drawable="webex" />

	<!-- Webex Meet -->
	<item component="ComponentInfo{com.cisco.webex.meetings/com.cisco.webex.meetings.ui.premeeting.welcome.WebExMeeting}" drawable="webex_meet" />

	<!-- Western Union -->
	<item component="ComponentInfo{com.westernunion.moneytransferr3app.ae/com.wurnmobile.MainActivity}" drawable="western_union" />

	<!-- Weyyak -->
	<item component="ComponentInfo{com.tva.z5/com.tva.z5.SplashScreen}" drawable="weyyak" />

	<!-- WhattaWatch -->
	<item component="ComponentInfo{com.whattawatch/com.whattawatch.MainActivity}" drawable="whattawatch" />

	<!-- Whiteboard -->
	<item component="ComponentInfo{com.microsoft.whiteboard.publicpreview/com.microsoft.whiteboard.activity.WhiteBoardLauncherActivity}" drawable="whiteboard" />

	<!-- WiFi Maestro -->
	<item component="ComponentInfo{abdelrahman.wifimaestro/abdelrahman.wifimaestro.MainActivity}" drawable="wifi_maestro" />

	<!-- Wizz Air -->
	<item component="ComponentInfo{com.wizzair.WizzAirApp/com.wizzair.app.MainActivityV2}" drawable="wizz_air" />

	<!-- WolOn -->
	<item component="ComponentInfo{com.bitklog.wolon/com.bitklog.wolon.ui.activity.MainActivity}" drawable="wolon" />

	<!-- Wonderland -->
	<item component="ComponentInfo{com.samsung.android.wonderland.wallpaper/com.samsung.android.wonderland.wallpaper.settings.StartupActivity}" drawable="wonderland" />

	<!-- Wooask -->
	<item component="ComponentInfo{com.wooask.zx/com.wooask.zx.Ac_Welcome}" drawable="wooask" />

	<!-- X Gamepad Tester -->
	<item component="ComponentInfo{com.OyunErbabi.XGamepadTester/com.unity3d.player.UnityPlayerActivity}" drawable="x_gamepad_tester" />

	<!-- xbStream controller -->
	<item component="ComponentInfo{com.osstream.xboxOneController/com.osstream.xboxOneController.mainmenu.MainMenuActivity}" drawable="xbstream_controller" />

	<!-- XEFX Pro -->
	<item component="ComponentInfo{com.ryzenrise.xefx/com.lightcone.xefx.activity.SplashActivity}" drawable="xefx_pro" />

	<!-- xperience -->
	<item component="ComponentInfo{com.theentertainerme.visago/com.theentertainerme.visago.ActivityLanding}" drawable="xperience" />

	<!-- Yatra -->
	<item component="ComponentInfo{com.yatra.base/com.yatra.base.activity.SplashScreenActivity}" drawable="yatra" />

	<!-- Yuka -->
	<item component="ComponentInfo{io.yuka.android/io.yuka.android.Main.RootActivity}" drawable="yuka" />

	<!-- Zabehaty -->
	<item component="ComponentInfo{com.atp.zabehati/com.atp.zabehati.MainActivity}" drawable="zabehaty" />

	<!-- ZARA -->
	<item component="ComponentInfo{com.inditex.zara/com.inditex.zara.MainActivityDefaultIcon}" drawable="zara" />

	<!-- Zara Home -->
	<item component="ComponentInfo{com.inditex.ecommerce.zarahome.android/es.sdos.sdosproject.ui.splash.activity.LaunchActivity}" drawable="zara_home" />

	<!-- Zen Brush -->
	<item component="ComponentInfo{jp.co.psoft.zenbrushfree/jp.co.psoft.zenbrushfree.ZenBrushActivity}" drawable="zen_brush" />

	<!-- zFile -->
	<item component="ComponentInfo{com.htetznaing.zfile/com.htetznaing.zfile.ui.MainActivity}" drawable="zfile" />

	<!-- zFont 3 -->
	<item component="ComponentInfo{com.htetznaing.zfont2/com.htetznaing.zfont4.MainActivity}" drawable="zfont_3" />

	<!-- Zomato -->
	<item component="ComponentInfo{com.application.zomato/com.application.zomato.activities.Splash}" drawable="zomato" />

	<!-- zTranslate -->
	<item component="ComponentInfo{asia.zsoft.subtranslate/asia.zsoft.subtranslate.view.MainActivity}" drawable="ztranslate" />

	<!-- µTorrent Pro -->
	<item component="ComponentInfo{com.utorrent.client.pro/com.bittorrent.app.Main}" drawable="µtorrent_pro" />

</resources>