<appmap>

	<!-- TiviMate Companion -->
	<item class="ar.tvplayer.companion.ui.MainActivity" name="tivimate_companion"/>

	<!-- TNAS mobile 3 -->
	<item class="io.dcloud.PandoraEntry" name="tnas_mobile_3"/>

	<!-- TOD -->
	<item class="axis.android.sdk.app.startup.ui.StartupActivity" name="tod"/>

	<!-- Tooly -->
	<item class="com.yousx.thetoolsapp.SplashScreenActivity" name="tooly"/>

	<!-- Trip.com -->
	<item class="com.ctrip.ibu.myctrip.main.module.home.IBUHomeActivity" name="tripcom"/>

	<!-- Tripadvisor -->
	<item class="com.tripadvisor.android.ui.launcher.LauncherActivity" name="tripadvisor"/>

	<!-- Trovit Cars -->
	<item class="com.trovit.android.apps.cars.ui.activities.SplashActivity" name="trovit_cars"/>

	<!-- TRUXX -->
	<item class="ae.truxx.trips.MainActivity" name="truxx"/>

	<!-- TTLock -->
	<item class="com.scaf.android.client.activity.LoadingActivity" name="ttlock"/>

	<!-- Twitch -->
	<item class="tv.twitch.android.app.core.LandingActivity" name="twitch"/>

	<!-- TwomonUSB -->
	<item class="com.devguru.eltwomonusb.Activity_ViewController" name="twomonusb"/>

	<!-- Ubuy -->
	<item class="com.app.mazade.ubuy.SplashActivity" name="ubuy"/>

	<!-- Urban -->
	<item class="com.intelligentb.proptech.ui.MainActivity" name="urban"/>

	<!-- Urban Company -->
	<item class="com.urbanclap.urbanclap.core.app_icon.NormalUser" name="urban_company"/>

	<!-- UX Led Free -->
	<item class="skr.susanta.uxledfree.MainActivity" name="ux_led_free"/>

	<!-- Vape Tool -->
	<item class="com.stasbar.activity.MainActivity" name="vape_tool"/>

	<!-- Versus -->
	<item class="com.google.androidbrowserhelper.trusted.LauncherActivity" name="versus"/>

	<!-- vFlat -->
	<item class="com.voyagerx.livedewarp.EntryActivity" name="vflat"/>

	<!-- Videoleap -->
	<item class="com.lightricks.videoleap.app.SplashActivity" name="videoleap"/>

	<!-- VIMAGE -->
	<item class="com.vimage.vimageapp.SplashActivity" name="vimage"/>

	<!-- Vinci -->
	<item class="io.vinci.android.MainActivity" name="vinci"/>

	<!-- Virgin Megastore -->
	<item class="com.virginmegastore.mobile.MainActivity" name="virgin_megastore"/>

	<!-- Viu -->
	<item class="com.viu.phone.ui.activity.WelcomeActivity" name="viu"/>

	<!-- VivaVideo -->
	<item class="com.quvideo.xiaoying.app.splash.SplashActivity" name="vivavideo"/>

	<!-- VOX Cinemas -->
	<item class="com.voxcinemas.activities.SplashActivity" name="vox_cinemas"/>

	<!-- VpnHood! -->
	<item class="crc64878500d16bb23c1a.MainActivity" name="vpnhood_"/>

	<!-- VSCO -->
	<item class="com.vsco.cam.navigation.LithiumActivity" name="vsco"/>

	<!-- walletplus -->
	<item class="com.rev.mobilebanking.activities.SplashActivity" name="walletplus"/>

	<!-- WATCH IT -->
	<item class="com.watchit.vod.refactor.splash.ui.SplashActivity" name="watch_it"/>

	<!-- WawanPro -->
	<item class="com.common.app.activities.LauncherActivity" name="wawanpro"/>

	<!-- Webex -->
	<item class="com.webex.teams.WebexLauncherActivity" name="webex"/>

	<!-- Webex Meet -->
	<item class="com.cisco.webex.meetings.ui.premeeting.welcome.WebExMeeting" name="webex_meet"/>

	<!-- Western Union -->
	<item class="com.wurnmobile.MainActivity" name="western_union"/>

	<!-- Weyyak -->
	<item class="com.tva.z5.SplashScreen" name="weyyak"/>

	<!-- WhattaWatch -->
	<item class="com.whattawatch.MainActivity" name="whattawatch"/>

	<!-- Whiteboard -->
	<item class="com.microsoft.whiteboard.activity.WhiteBoardLauncherActivity" name="whiteboard"/>

	<!-- WiFi Maestro -->
	<item class="abdelrahman.wifimaestro.MainActivity" name="wifi_maestro"/>

	<!-- Wizz Air -->
	<item class="com.wizzair.app.MainActivityV2" name="wizz_air"/>

	<!-- WolOn -->
	<item class="com.bitklog.wolon.ui.activity.MainActivity" name="wolon"/>

	<!-- Wonderland -->
	<item class="com.samsung.android.wonderland.wallpaper.settings.StartupActivity" name="wonderland"/>

	<!-- Wooask -->
	<item class="com.wooask.zx.Ac_Welcome" name="wooask"/>

	<!-- X Gamepad Tester -->
	<item class="com.unity3d.player.UnityPlayerActivity" name="x_gamepad_tester"/>

	<!-- xbStream controller -->
	<item class="com.osstream.xboxOneController.mainmenu.MainMenuActivity" name="xbstream_controller"/>

	<!-- XEFX Pro -->
	<item class="com.lightcone.xefx.activity.SplashActivity" name="xefx_pro"/>

	<!-- xperience -->
	<item class="com.theentertainerme.visago.ActivityLanding" name="xperience"/>

	<!-- Yatra -->
	<item class="com.yatra.base.activity.SplashScreenActivity" name="yatra"/>

	<!-- Yuka -->
	<item class="io.yuka.android.Main.RootActivity" name="yuka"/>

	<!-- Zabehaty -->
	<item class="com.atp.zabehati.MainActivity" name="zabehaty"/>

	<!-- ZARA -->
	<item class="com.inditex.zara.MainActivityDefaultIcon" name="zara"/>

	<!-- Zara Home -->
	<item class="es.sdos.sdosproject.ui.splash.activity.LaunchActivity" name="zara_home"/>

	<!-- Zen Brush -->
	<item class="jp.co.psoft.zenbrushfree.ZenBrushActivity" name="zen_brush"/>

	<!-- zFile -->
	<item class="com.htetznaing.zfile.ui.MainActivity" name="zfile"/>

	<!-- zFont 3 -->
	<item class="com.htetznaing.zfont4.MainActivity" name="zfont_3"/>

	<!-- Zomato -->
	<item class="com.application.zomato.activities.Splash" name="zomato"/>

	<!-- zTranslate -->
	<item class="asia.zsoft.subtranslate.view.MainActivity" name="ztranslate"/>

	<!-- µTorrent Pro -->
	<item class="com.bittorrent.app.Main" name="µtorrent_pro"/>

</appmap>