<appmap>

	<!-- Cercanías Renfe Trenes -->
	<item class="com.drnapps.cercanias.ui.splash.SplashActivity" name="cercanias_renfe_trenes"/>

	<!-- El Tiempo -->
	<item class="com.microsoft.sapphire.app.main.SapphireMainActivity" name="el_tiempo"/>

	<!-- Horarios FEVE -->
	<item class="com.wekele.feve.Main" name="horarios_feve"/>

	<!-- Managed Home Screen -->
	<item class="com.microsoft.launcher.EntryActivity" name="managed_home_screen"/>

	<!-- MediaMarkt -->
	<item class="com.mediamarkt.mms_oscapps_flutter.MainActivity" name="mediamarkt"/>

	<!-- QuickSupport -->
	<item class="com.teamviewer.quicksupport.ui.QSActivity" name="quicksupport"/>

	<!-- Start -->
	<item class="com.microsoft.sapphire.app.main.SapphireMainActivity" name="start"/>

	<!-- Stream -->
	<item class="com.microsoft.stream.MainActivity" name="stream"/>

</appmap>