<Theme version="1">

	<!-- Cercanías Renfe Trenes -->
	<AppIcon name="com.drnapps.cercanias/com.drnapps.cercanias.ui.splash.SplashActivity" image="cercanias_renfe_trenes"/>

	<!-- El Tiempo -->
	<AppIcon name="com.microsoft.amp.apps.bingweather/com.microsoft.sapphire.app.main.SapphireMainActivity" image="el_tiempo"/>

	<!-- Horarios FEVE -->
	<AppIcon name="com.wekele.feve/com.wekele.feve.Main" image="horarios_feve"/>

	<!-- Managed Home Screen -->
	<AppIcon name="com.microsoft.launcher.enterprise/com.microsoft.launcher.EntryActivity" image="managed_home_screen"/>

	<!-- MediaMarkt -->
	<AppIcon name="es.mediamarkt.app/com.mediamarkt.mms_oscapps_flutter.MainActivity" image="mediamarkt"/>

	<!-- QuickSupport -->
	<AppIcon name="com.teamviewer.quicksupport.market/com.teamviewer.quicksupport.ui.QSActivity" image="quicksupport"/>

	<!-- Start -->
	<AppIcon name="com.microsoft.amp.apps.bingnews/com.microsoft.sapphire.app.main.SapphireMainActivity" image="start"/>

	<!-- Stream -->
	<AppIcon name="com.microsoft.stream/com.microsoft.stream.MainActivity" image="stream"/>

</Theme>