<resources>

	<!-- BERSHKA -->
	<item component="ComponentInfo{com.inditex.ecommerce.bershka/es.sdos.sdosproject.bershka.ui.splash.activity.LaunchActivity}" drawable="bershka" />

	<!-- File Manager -->
	<item component="ComponentInfo{com.documentfolderorganizer.filemanager/filesexplorer.fileopener.filemanager.activities.SplashActivity}" drawable="file_manager" />

	<!-- File Manager by Lufick -->
	<item component="ComponentInfo{com.cvinfo.filemanager/com.cvinfo.filemanager.activities.SplashActivity}" drawable="file_manager_by_lufick" />

	<!-- Gestor de archivos -->
	<item component="ComponentInfo{com.ekia.files.manager/com.ekia.filecontrolmanager.module.activity.FMFirstActivity}" drawable="gestor_de_archivos" />

	<!-- KakaoTalk -->
	<item component="ComponentInfo{com.kakao.talk/com.kakao.talk.activity.SplashActivity}" drawable="kakaotalk" />

	<!-- Lefties -->
	<item component="ComponentInfo{com.inditex.lefties/es.sdos.sdosproject.ui.splash.activity.LaunchActivity}" drawable="lefties" />

	<!-- Pull&Bear -->
	<item component="ComponentInfo{com.inditex.pullandbear/es.sdos.sdosproject.ui.splash.activity.LaunchActivity}" drawable="pull_and_bear" />

	<!-- Showroom -->
	<item component="ComponentInfo{com.holosfind.showroom/com.holosfind.showroom.activity.SplashActivity}" drawable="showroom" />

</resources>