<Theme version="1">

	<!-- BERSHKA -->
	<AppIcon name="com.inditex.ecommerce.bershka/es.sdos.sdosproject.bershka.ui.splash.activity.LaunchActivity" image="bershka"/>

	<!-- File Manager -->
	<AppIcon name="com.documentfolderorganizer.filemanager/filesexplorer.fileopener.filemanager.activities.SplashActivity" image="file_manager"/>

	<!-- File Manager by Lufick -->
	<AppIcon name="com.cvinfo.filemanager/com.cvinfo.filemanager.activities.SplashActivity" image="file_manager_by_lufick"/>

	<!-- Gestor de archivos -->
	<AppIcon name="com.ekia.files.manager/com.ekia.filecontrolmanager.module.activity.FMFirstActivity" image="gestor_de_archivos"/>

	<!-- KakaoTalk -->
	<AppIcon name="com.kakao.talk/com.kakao.talk.activity.SplashActivity" image="kakaotalk"/>

	<!-- Lefties -->
	<AppIcon name="com.inditex.lefties/es.sdos.sdosproject.ui.splash.activity.LaunchActivity" image="lefties"/>

	<!-- Pull&Bear -->
	<AppIcon name="com.inditex.pullandbear/es.sdos.sdosproject.ui.splash.activity.LaunchActivity" image="pull_and_bear"/>

	<!-- Showroom -->
	<AppIcon name="com.holosfind.showroom/com.holosfind.showroom.activity.SplashActivity" image="showroom"/>

</Theme>