<resources>

	<!-- ∞ Loop -->
	<item component="ComponentInfo{com.balysv.loop/com.balysv.loop.SplashScreenActivity}" drawable="∞_loop" />

	<!-- 2048 -->
	<item component="ComponentInfo{com.fastsoft.game2048w/com.fastsoft.game2048w.Game2048}" drawable="_2048" />

	<!-- 2048 Open Fun Game -->
	<item component="ComponentInfo{org.andstatus.game2048/org.andstatus.game2048.MyMainActivity}" drawable="_2048_open_fun_game" />

	<!-- 3D Rechner -->
	<item component="ComponentInfo{org.geogebra.android.g3d/org.geogebra.android.privatelibrary.splashscreen.SplashScreenActivity}" drawable="_3d_rechner" />

	<!-- AirGuard -->
	<item component="ComponentInfo{de.seemoo.at_tracking_detection/de.seemoo.at_tracking_detection.ui.MainActivity}" drawable="airguard" />

	<!-- AllCast -->
	<item component="ComponentInfo{com.koushikdutta.cast/com.koushikdutta.cast.SearchActivity}" drawable="allcast" />

	<!-- Analog Classic 24 -->
	<item component="ComponentInfo{com.watchfacestudio.ac24/com.watchfacestudio.ac24.MainActivity}" drawable="analog_classic_24" />

	<!-- Analog xT: Watch face -->
	<item component="ComponentInfo{com.amoledwatchfaces.analogxt/com.amoledwatchfaces.analogxt.MainMobileActivity}" drawable="analog_xt_watch_face" />

	<!-- AndroTainer -->
	<item component="ComponentInfo{com.dokeraj.androtainer/com.dokeraj.androtainer.MainActiviy}" drawable="androtainer" />

	<!-- ANTON -->
	<item component="ComponentInfo{com.solocode.anton/com.solocode.anton.MainActivity}" drawable="anton" />

	<!-- Appinio -->
	<item component="ComponentInfo{com.appinio.appinio/com.appinio.appinio.MainActivity}" drawable="appinio" />

	<!-- Apps Backup Restore -->
	<item component="ComponentInfo{com.touchfield.appbackuprestore/com.touchfield.appbackuprestore.MainActivity}" drawable="apps_backup_restore" />

	<!-- Arcticons Material You -->
	<item component="ComponentInfo{com.donnnno.arcticons.you/com.donnnno.arcticons.activities.SplashActivity}" drawable="arcticons_material_you" />

	<!-- Ärgern lohnt nicht -->
	<item component="ComponentInfo{org.secuso.privacyfriendlyludo/org.secuso.privacyfriendlyludo.activities.SplashActivity}" drawable="argern_lohnt_nicht" />

	<!-- aShell -->
	<item component="ComponentInfo{in.sunilpaulmathew.ashell/in.sunilpaulmathew.ashell.activities.StartActivity}" drawable="ashell" />

	<!-- Athlete 2 Lite -->
	<item component="ComponentInfo{com.amoledwatchfaces.athlete2lite/com.amoledwatchfaces.athlete2lite.MainActivity}" drawable="athlete_2_lite" />

	<!-- Atomic -->
	<item component="ComponentInfo{com.jlindemann.science/com.jlindemann.science.activities.SplashActivity}" drawable="atomic" />

	<!-- Audio Recorder -->
	<item component="ComponentInfo{com.dimowner.audiorecorder/com.dimowner.audiorecorder.app.main.MainActivity}" drawable="audio_recorder" />

	<!-- Audioverstärker -->
	<item component="ComponentInfo{com.google.android.accessibility.soundamplifier/com.google.android.accessibility.soundamplifier.LauncherActivity}" drawable="audioverstarker" />

	<!-- Authenticator -->
	<item component="ComponentInfo{me.jmh.authenticatorpro/crc643c2a2b888a14ec9a.MainActivity}" drawable="authenticator" />

	<!-- AutoTagger -->
	<item component="ComponentInfo{com.serg.chuprin.tageditor/com.serg.chuprin.tageditor.app.main.view.MainActivity}" drawable="autotagger" />

	<!-- AwoX HomeControl -->
	<item component="ComponentInfo{com.awox.homecontrol/com.awox.home.control.SplashScreenActivity}" drawable="awox_homecontrol" />

	<!-- Bankomatkarten Infos 2 -->
	<item component="ComponentInfo{at.zweng.bankomatinfos2/at.zweng.bankomatinfos.ui.MainActivity}" drawable="bankomatkarten_infos_2" />

	<!-- Barcode Scanner+ -->
	<item component="ComponentInfo{com.srowen.bs.android/com.srowen.bs.android.CaptureActivity}" drawable="barcode_scanner_" />

	<!-- Beeper -->
	<item component="ComponentInfo{com.beeper.chat/im.vector.application.features.Alias}" drawable="beeper" />

	<!-- BikeandRideBox -->
	<item component="ComponentInfo{de.bikeandridebox.app/de.bikeandridebox.app.MainActivity}" drawable="bikeandridebox" />

	<!-- BirdNET -->
	<item component="ComponentInfo{de.tu_chemnitz.mi.kahst.birdnet/de.tu_chemnitz.mi.kahst.birdnet.Activity_SplashScreen}" drawable="birdnet" />

	<!-- BitLife -->
	<item component="ComponentInfo{com.candywriter.bitlife/com.unity3d.player.UnityPlayerActivity}" drawable="bitlife" />

	<!-- BKK VDN -->
	<item component="ComponentInfo{de.bkkvdn.android/de.ds4d.ds4dapp.MainActivity}" drawable="bkk_vdn" />

	<!-- Bluetooth Control -->
	<item component="ComponentInfo{com.fischertechnik.btsmart.joystick_new.bluetooth_control/com.fischertechnik.btsmart.joystick_new.bluetooth_control.ScanActivity}" drawable="bluetooth_control" />

	<!-- Bluetooth LE Spam -->
	<item component="ComponentInfo{de.simon.dankelmann.bluetoothlespam/de.simon.dankelmann.bluetoothlespam.MainActivity}" drawable="bluetooth_le_spam" />

	<!-- Buzzing Bee Adventure -->
	<item component="ComponentInfo{com.cromacompany.buzzing_bee_adventure/com.cromacompany.buzzing_bee_adventure.MainMobileActivity}" drawable="buzzing_bee_adventure" />

	<!-- Cactus Run! -->
	<item component="ComponentInfo{app.retro.cactusgame/app.retro.cactusgame.MainActivity}" drawable="cactus_run_" />

	<!-- CalcES -->
	<item component="ComponentInfo{advanced.scientific.calculator.calc991.plus/advanced.scientific.calculator.calc991.plus.main.ytivitcArotaluclaCecneicS_kLCneODahnPWsyfdoUSygLOxHQLt_e}" drawable="calces" />

	<!-- Calculator++ -->
	<item component="ComponentInfo{org.solovyev.android.calculator/org.solovyev.android.calculator.CalculatorActivity}" drawable="calculator_" />

	<!-- Calculator++ (Fenstermodus) -->
	<item component="ComponentInfo{org.solovyev.android.calculator/org.solovyev.android.calculator.floating.FloatingCalculatorActivity}" drawable="calculator_fenstermodus_" />

	<!-- Canon Print Service -->
	<item component="ComponentInfo{jp.co.canon.android.printservice.plugin/jp.co.canon.android.printservice.plugin.WalkThroughActivity}" drawable="canon_print_service" />

	<!-- Canta -->
	<item component="ComponentInfo{org.samo_lego.canta/org.samo_lego.canta.MainActivity}" drawable="canta" />

	<!-- Cardboard -->
	<item component="ComponentInfo{com.google.samples.apps.cardboarddemo/com.google.vr.cardboard.paperscope.carton.Home2Dv2}" drawable="cardboard" />

	<!-- Carnet -->
	<item component="ComponentInfo{com.spisoft.quicknote/com.spisoft.quicknote.MainActivity}" drawable="carnet" />

	<!-- Catima -->
	<item component="ComponentInfo{me.hackerchick.catima/protect.card_locker.MainActivity}" drawable="catima" />

	<!-- ChargePoint -->
	<item component="ComponentInfo{com.coulombtech/com.cp.ui.activity.launcher.LauncherActivity}" drawable="chargepoint" />

	<!-- ChatGPT -->
	<item component="ComponentInfo{com.openai.chatgpt/com.openai.chatgpt.MainActivity}" drawable="chatgpt" />

	<!-- Classical Music Tagger -->
	<item component="ComponentInfo{de.kromke.andreas.musictagger/de.kromke.andreas.musictagger.MainActivity}" drawable="classical_music_tagger" />

	<!-- CloudStream -->
	<item component="ComponentInfo{com.lagradost.cloudstream3/com.lagradost.cloudstream3.ui.account.AccountSelectActivity}" drawable="cloudstream" />

	<!-- CoinDetect -->
	<item component="ComponentInfo{com.miccron.coindetect/com.miccron.coindetect.MainActivity}" drawable="coindetect" />

	<!-- Color Flashlight -->
	<item component="ComponentInfo{com.socialnmobile.hd.flashlight/com.socialnmobile.hd.flashlight.Flashlight}" drawable="color_flashlight" />

	<!-- Complications Suite -->
	<item component="ComponentInfo{com.weartools.weekdayutccomp/com.weartools.weekdayutccomp.MainActivity}" drawable="complications_suite" />

	<!-- Concentric -->
	<item component="ComponentInfo{com.watchfacedesigns.Concentric/com.watchfacedesigns.Concentric.MainActivity}" drawable="concentric" />

	<!-- Converter NOW -->
	<item component="ComponentInfo{com.ferrarid.converterpro/com.ferrarid.converterpro.MainActivity}" drawable="converter_now" />

	<!-- CPU Info -->
	<item component="ComponentInfo{com.kgurgul.cpuinfo/com.kgurgul.cpuinfo.features.HostActivity}" drawable="cpu_info" />

	<!-- Cuberite -->
	<item component="ComponentInfo{org.cuberite.android/org.cuberite.android.MainActivity}" drawable="cuberite" />

	<!-- Daily Pill -->
	<item component="ComponentInfo{br.com.gualandi.dailypill/br.com.gualandi.dailypill.MainActivity}" drawable="daily_pill" />

	<!-- DankChat -->
	<item component="ComponentInfo{com.flxrs.dankchat/com.flxrs.dankchat.main.MainActivity}" drawable="dankchat" />

	<!-- DAVx⁵ -->
	<item component="ComponentInfo{at.bitfire.davdroid/at.bitfire.davdroid.ui.AccountsActivity}" drawable="davx⁵" />

	<!-- DB Bauarbeiten -->
	<item component="ComponentInfo{de.bauarbeiten.bahn/de.bauarbeiten.bahn.MainActivity}" drawable="db_bauarbeiten" />

	<!-- Digital Basic Gradient 1 -->
	<item component="ComponentInfo{com.watchfacestudio.dbgrd1/com.watchfacestudio.dbgrd1.MainActivity}" drawable="digital_basic_gradient_1" />

	<!-- Digitales Wohlbef. -->
	<item component="ComponentInfo{com.samsung.android.forest/com.samsung.android.forest.launcher.LauncherActivity}" drawable="digitales_wohlbef" />

	<!-- DING -->
	<item component="ComponentInfo{com.mdv.DINGCompanion/crc64b6d2ff8b4700f500.StartupActivity}" drawable="ding" />

	<!-- DiskUsage -->
	<item component="ComponentInfo{com.google.android.diskusage/com.google.android.diskusage.ui.SelectActivity}" drawable="diskusage" />

	<!-- DKB -->
	<item component="ComponentInfo{com.dkbcodefactory.banking/com.dkbcodefactory.banking.splash.SplashActivity}" drawable="dkb" />

	<!-- Dooz -->
	<item component="ComponentInfo{io.github.yamin8000.dooz/io.github.yamin8000.dooz.content.MainActivity}" drawable="dooz" />

	<!-- Download Navi -->
	<item component="ComponentInfo{com.tachibana.downloader/com.tachibana.downloader.ui.main.MainActivity}" drawable="download_navi" />

	<!-- DroidCam OBS -->
	<item component="ComponentInfo{com.dev47apps.obsdroidcam/com.dev47apps.obsdroidcam.MainActivity}" drawable="droidcam_obs" />

	<!-- DroidCamX -->
	<item component="ComponentInfo{com.dev47apps.droidcamx/com.dev47apps.droidcamx.DroidCamX}" drawable="droidcamx" />

	<!-- DroidPlay -->
	<item component="ComponentInfo{com.tt.droidplay/com.tt.droidplay.DroidPlayActivity}" drawable="droidplay" />

	<!-- Dude Theft Wars -->
	<item component="ComponentInfo{com.PoxelStudios.DudeTheftAuto/com.unity3d.player.UnityPlayerActivity}" drawable="dude_theft_wars" />

	<!-- E-Rezept -->
	<item component="ComponentInfo{de.gematik.ti.erp.app/de.gematik.ti.erp.app.MainActivity}" drawable="e_rezept" />

	<!-- Earth Hero -->
	<item component="ComponentInfo{com.earthheroorg.earthhero/com.earthheroorg.earthhero.ui.intro.MainActivity}" drawable="earth_hero" />

	<!-- Easter Eggs -->
	<item component="ComponentInfo{com.dede.android_eggs/com.dede.android_eggs.views.main.EasterEggsActivity}" drawable="easter_eggs" />

	<!-- Eat Poop You Cat -->
	<item component="ComponentInfo{dev.develsinthedetails.eatpoopyoucat/dev.develsinthedetails.eatpoopyoucat.MainActivity}" drawable="eat_poop_you_cat" />

	<!-- Energy Ease -->
	<item component="ComponentInfo{com.solarman.smarthome/com.solarman.smarthome.MainActivity}" drawable="energy_ease" />

	<!-- ePA -->
	<item component="ComponentInfo{com.rise_world.epa.bkkVdn.qu/com.rise_world.epa.ui.splash.SplashActivity}" drawable="epa" />

	<!-- Essentials4 -->
	<item component="ComponentInfo{com.activewatchdesign.essentials4/com.activewatchdesign.essentials4.MainActivity}" drawable="essentials4" />

	<!-- Face Morphing HD -->
	<item component="ComponentInfo{com.mixaimaging.facemorphing_hd/com.mixaimaging.facemorphing.MainActivity}" drawable="face_morphing_hd" />

	<!-- Facer -->
	<item component="ComponentInfo{com.jeremysteckling.facerrel/com.jeremysteckling.facerrel.Launcher}" drawable="facer" />

	<!-- FairEmail -->
	<item component="ComponentInfo{eu.faircode.email/eu.faircode.email.ActivityMain}" drawable="fairemail" />

	<!-- FakeStandby -->
	<item component="ComponentInfo{android.jonas.fakestandby/android.jonas.fakestandby.settings.SettingsActivity}" drawable="fakestandby" />

	<!-- Falou -->
	<item component="ComponentInfo{com.moymer.falou/com.moymer.falou.flow.onboarding.LauncherActivity}" drawable="falou" />

	<!-- Fancade -->
	<item component="ComponentInfo{com.martinmagni.fancade/com.martinmagni.fancade.Fancade}" drawable="fancade" />

	<!-- Feeder -->
	<item component="ComponentInfo{com.nononsenseapps.feeder/com.nononsenseapps.feeder.ui.MainActivity}" drawable="feeder" />

	<!-- Feeel -->
	<item component="ComponentInfo{com.enjoyingfoss.feeel/io.flutter.embedding.android.FlutterActivity}" drawable="feeel" />

	<!-- FIDO / WebAuthn Example -->
	<item component="ComponentInfo{de.cotech.hw.fido.example/de.cotech.hw.fido.example.MainActivity}" drawable="fido_webauthn_example" />

	<!-- Finanzguru -->
	<item component="ComponentInfo{de.dwins.financeguru/de.dwins.financeguru.SplashActivity}" drawable="finanzguru" />

	<!-- Find Starlink -->
	<item component="ComponentInfo{com.findstarlink/com.findstarlink.MainActivity}" drawable="find_starlink" />

	<!-- FindMyDevice -->
	<item component="ComponentInfo{de.nulide.findmydevice/de.nulide.findmydevice.ui.MainActivity}" drawable="findmydevice" />

	<!-- Flightradar24 -->
	<item component="ComponentInfo{com.flightradar24free/com.flightradar24free.feature.splash.view.SplashActivity}" drawable="flightradar24" />

	<!-- Fon -->
	<item component="ComponentInfo{de.avm.android.fritzapp/de.avm.android.fritzapp.gui.FRITZApp}" drawable="fon" />

	<!-- FS 23 -->
	<item component="ComponentInfo{com.giantssoftware.fs23.google/com.fiveplay.mod.RMS.Recovery}" drawable="fs_23" />

	<!-- Geldzähler -->
	<item component="ComponentInfo{com.germanfsd.money_counter/com.germanfsd.money_counter.MainActivity}" drawable="geldzahler" />

	<!-- Genius Scan -->
	<item component="ComponentInfo{com.thegrizzlylabs.geniusscan.free/com.thegrizzlylabs.geniusscan.ui.welcome.WelcomeActivity}" drawable="genius_scan" />

	<!-- Geometrie -->
	<item component="ComponentInfo{org.geogebra.android.geometry/org.geogebra.android.privatelibrary.splashscreen.SplashScreenActivity}" drawable="geometrie" />

	<!-- Gerätewartung -->
	<item component="ComponentInfo{com.samsung.android.lool/com.samsung.android.sm.ui.DefaultActivity}" drawable="geratewartung" />

	<!-- Global Goals -->
	<item component="ComponentInfo{com.samsung.sree/com.samsung.sree.ui.MainActivity}" drawable="global_goals" />

	<!-- Goat Run! Lite -->
	<item component="ComponentInfo{app.retro.goatlite/app.retro.cactusgame.MainActivity}" drawable="goat_run_lite" />

	<!-- GPS Cockpit -->
	<item component="ComponentInfo{org.woheller69.gpscockpit/org.woheller69.gpscockpit.MainActivity}" drawable="gps_cockpit" />

	<!-- Grasshopper -->
	<item component="ComponentInfo{com.area120.grasshopper/com.google.engedu.grasshopper.flutter.MainActivity}" drawable="grasshopper" />

	<!-- groceries -->
	<item component="ComponentInfo{io.ionic.starter/io.ionic.starter.MainActivity}" drawable="groceries" />

	<!-- Headphones -->
	<item component="ComponentInfo{com.sony.songpal.mdr/com.sony.songpal.mdr.vim.activity.MdrMainActivity}" drawable="headphones" />

	<!-- Home -->
	<item component="ComponentInfo{io.github.domi04151309.home/io.github.domi04151309.home.activities.SplashActivity}" drawable="home" />

	<!-- Home Assistant -->
	<item component="ComponentInfo{io.homeassistant.companion.android/io.homeassistant.companion.android.launch.LaunchActivity}" drawable="home_assistant" />

	<!-- Homescapes -->
	<item component="ComponentInfo{com.playrix.homescapes/com.playrix.homescapes.GoogleActivity}" drawable="homescapes" />

	<!-- Hue -->
	<item component="ComponentInfo{com.philips.lighting.hue2/com.philips.lighting.hue2.ContentActivity}" drawable="hue" />

	<!-- Hue Brain Games -->
	<item component="ComponentInfo{nl.wienelware.huebraingames/nl.wienelware.huebraingames.MainActivity}" drawable="hue_brain_games" />

	<!-- Hue Essentials -->
	<item component="ComponentInfo{com.superthomaslab.hueessentials/com.superthomaslab.hueessentials.MainActivity}" drawable="hue_essentials" />

	<!-- hueManic -->
	<item component="ComponentInfo{com.urbandroid.hue/com.urbandroid.hue.MainActivity}" drawable="huemanic" />

	<!-- I am -->
	<item component="ComponentInfo{com.hrd.iam/com.hrd.view.onboarding.OnboardingSplashActivity}" drawable="i_am" />

	<!-- Icon Pack Studio -->
	<item component="ComponentInfo{ginlemon.iconpackstudio/ginlemon.iconpackstudio.editor.homeActivity.HomeActivity}" drawable="icon_pack_studio" />

	<!-- iLightShow -->
	<item component="ComponentInfo{com.nanjoran.ilightshow/com.nanjoran.ilightshow.MainActivity}" drawable="ilightshow" />

	<!-- Image Sync -->
	<item component="ComponentInfo{com.ricohimaging.imagesync/com.ricohimaging.imagesync.TitleActivity}" drawable="image_sync" />

	<!-- Intervall Timer -->
	<item component="ComponentInfo{com.mdev.intervaltimer/com.mdev.intervaltimer.ui.MainActivity}" drawable="intervall_timer" />

	<!-- Intervalltimer -->
	<item component="ComponentInfo{org.secuso.privacyfriendlyintervaltimer/org.secuso.privacyfriendlyintervaltimer.activities.SplashActivity}" drawable="intervalltimer" />

	<!-- JBL Portable -->
	<item component="ComponentInfo{com.harman.ble.jbllink/com.harman.jbl.portable.WelcomeActivity}" drawable="jbl_portable" />

	<!-- jtx Board -->
	<item component="ComponentInfo{at.techbee.jtx/at.techbee.jtx.MainActivity2}" drawable="jtx_board" />

	<!-- KeePassDX -->
	<item component="ComponentInfo{com.kunzisoft.keepass.libre/com.kunzisoft.keepass.activities.FileDatabaseSelectActivity}" drawable="keepassdx" />

	<!-- Kid3 -->
	<item component="ComponentInfo{net.sourceforge.kid3/net.sourceforge.kid3.Kid3Activity}" drawable="kid3" />

	<!-- Kizzy -->
	<item component="ComponentInfo{com.my.kizzy/com.my.kizzy.MainActivity}" drawable="kizzy" />

	<!-- Kleinanzeigen -->
	<item component="ComponentInfo{com.ebay.kleinanzeigen/ebk.ui.splash.SplashActivity}" drawable="kleinanzeigen" />

	<!-- Kopfrechentrainer -->
	<item component="ComponentInfo{org.secuso.privacyfriendlyrecknoningskills/org.secuso.privacyfriendlyreckoningskills.activities.SplashActivity}" drawable="kopfrechentrainer" />

	<!-- Kore -->
	<item component="ComponentInfo{org.xbmc.kore/org.xbmc.kore.ui.sections.remote.RemoteActivity}" drawable="kore" />

	<!-- KulturPass DE -->
	<item component="ComponentInfo{de.bkm.kulturpass/de.bkm.kulturpass.MainActivity}" drawable="kulturpass_de" />

	<!-- Kvaesitso -->
	<item component="ComponentInfo{de.mm20.launcher2.release/de.mm20.launcher2.ui.launcher.LauncherActivity}" drawable="kvaesitso" />

	<!-- Lawnicons -->
	<item component="ComponentInfo{app.lawnchair.lawnicons/app.lawnchair.lawnicons.MainActivity}" drawable="lawnicons" />

	<!-- Lexica -->
	<item component="ComponentInfo{com.serwylo.lexica/com.serwylo.lexica.MainMenuActivity}" drawable="lexica" />

	<!-- Libby -->
	<item component="ComponentInfo{com.overdrive.mobile.android.libby/com.overdrive.mobile.android.nautilus.ui.Activity_Main}" drawable="libby" />

	<!-- LibreTube -->
	<item component="ComponentInfo{com.github.libretube/com.github.libretube.Default}" drawable="libretube" />

	<!-- LTE Discovery -->
	<item component="ComponentInfo{net.simplyadvanced.ltediscovery/net.simplyadvanced.ltediscovery.main.LtedMainActivity}" drawable="lte_discovery" />

	<!-- Lux-O-Meter Lichtmesser -->
	<item component="ComponentInfo{de.heidsoft.lux_o_meterlightsensor/de.heidsoft.lux_o_meterlightsensor.MainActivity}" drawable="lux_o_meter_lichtmesser" />

	<!-- Magic Home -->
	<item component="ComponentInfo{com.zengge.wifi/com.zengge.wifi.StartActivity}" drawable="magic_home" />

	<!-- Manual Camera DSLR Pro -->
	<item component="ComponentInfo{com.lensesdev.manual.camera.pro/com.antafunny.burstcamera.MainActivity}" drawable="manual_camera_dslr_pro" />

	<!-- Material 4 -->
	<item component="ComponentInfo{com.amoledwatchfaces.material4/com.amoledwatchfaces.material4.MainActivity}" drawable="material_4" />

	<!-- Mathe: Kopfrechnen Trainieren -->
	<item component="ComponentInfo{com.astepanov.mobile.mindmathtricks/com.astepanov.mobile.mindmathtricks.ui.MainActivity}" drawable="mathe_kopfrechnen_trainieren" />

	<!-- Megalodon -->
	<item component="ComponentInfo{org.joinmastodon.android.sk/org.joinmastodon.android.MainActivity}" drawable="megalodon" />

	<!-- Mein Blau -->
	<item component="ComponentInfo{telefonica.de.blau/com.tuenti.messenger.ui.activity.MainActivity}" drawable="mein_blau" />

	<!-- Messa Watch Companion -->
	<item component="ComponentInfo{com.messa.messabn70/com.messa.messabn70.MainMobileActivity}" drawable="messa_watch_companion" />

	<!-- Messa Watch Companion -->
	<item component="ComponentInfo{com.messa.messalx34/com.messa.messalx34.MainMobileActivity}" drawable="messa_watch_companion" />

	<!-- Mikrofon -->
	<item component="ComponentInfo{de.favo.mircophone/de.favo.mircophone.Microphone}" drawable="mikrofon" />

	<!-- Minetest -->
	<item component="ComponentInfo{net.minetest.minetest/net.minetest.minetest.MainActivity}" drawable="minetest" />

	<!-- Minimal -->
	<item component="ComponentInfo{com.GD.Minimal/com.GD.Minimal.MainActivity}" drawable="minimal" />

	<!-- MJ PDF -->
	<item component="ComponentInfo{com.gitlab.mudlej.MjPdfReader/com.gitlab.mudlej.MjPdfReader.LauncherAlias}" drawable="mj_pdf" />

	<!-- MNML Thin -->
	<item component="ComponentInfo{com.watchfacestudio.awfmnmlthin/com.watchfacestudio.awfmnmlthin.MainActivity}" drawable="mnml_thin" />

	<!-- Mobvoi Health -->
	<item component="ComponentInfo{com.mobvoi.companion.at/com.mobvoi.companion.aw.ui.main.HomeActivity}" drawable="mobvoi_health" />

	<!-- MOQO -->
	<item component="ComponentInfo{de.moqo.work/de.tamyca.fleetbutler.activities.RoutingActivity}" drawable="moqo" />

	<!-- Motivation -->
	<item component="ComponentInfo{com.hrd.motivation/com.hrd.view.onboarding.OnboardingSplashActivity}" drawable="motivation" />

	<!-- Musiksuche -->
	<item component="ComponentInfo{com.rocketsauce83.musicsearch/com.rocketsauce83.musicsearch.MainActivity}" drawable="musiksuche" />

	<!-- Muviz Watch Faces -->
	<item component="ComponentInfo{com.sparkine.watchfaces/com.sparkine.watchfaces.activity.OnboardActivity}" drawable="muviz_watch_faces" />

	<!-- MyFRITZ! -->
	<item component="ComponentInfo{de.avm.android.myfritz2/de.avm.android.one.activities.StartActivity}" drawable="myfritz_" />

	<!-- Neo Launcher -->
	<item component="ComponentInfo{com.saggitt.omega/com.saggitt.omega.OmegaLauncher}" drawable="neo_launcher" />

	<!-- Neo Store -->
	<item component="ComponentInfo{com.machiav3lli.fdroid/com.machiav3lli.fdroid.ui.activities.MainActivityX}" drawable="neo_store" />

	<!-- nextbike -->
	<item component="ComponentInfo{de.nextbike/net.nextbike.v3.presentation.ui.main.view.MapActivity}" drawable="nextbike" />

	<!-- NFC Tasks -->
	<item component="ComponentInfo{com.wakdev.nfctasks/com.wakdev.nfctasks.views.MainActivity}" drawable="nfc_tasks" />

	<!-- NFC Tools PRO -->
	<item component="ComponentInfo{com.wakdev.nfctools.pro/com.wakdev.nfctools.pro.views.MainActivityPro}" drawable="nfc_tools_pro" />

	<!-- Notizbuch -->
	<item component="ComponentInfo{com.zoho.notebook/com.zoho.notebook.activities.NoteBookActivity}" drawable="notizbuch" />

	<!-- Notizen -->
	<item component="ComponentInfo{com.simplemobiletools.notes.pro/com.simplemobiletools.notes.pro.activities.SplashActivity.Orange}" drawable="notizen" />

	<!-- Ohms Now! -->
	<item component="ComponentInfo{com.ktprograms.ohmsnow/com.ktprograms.ohmsnow.MainActivity}" drawable="ohms_now_" />

	<!-- Olauncher Clutter Free -->
	<item component="ComponentInfo{app.olaunchercf/app.olaunchercf.MainActivity}" drawable="olauncher_clutter_free" />

	<!-- Open Video Editor -->
	<item component="ComponentInfo{io.github.devhyper.openvideoeditor/io.github.devhyper.openvideoeditor.main.MainActivity}" drawable="open_video_editor" />

	<!-- OpenKeychain -->
	<item component="ComponentInfo{org.sufficientlysecure.keychain/org.sufficientlysecure.keychain.ui.MainActivity}" drawable="openkeychain" />

	<!-- OsmAnd~ -->
	<item component="ComponentInfo{net.osmand.plus/net.osmand.plus.activities.MapActivity}" drawable="osmand_" />

	<!-- Pacific E -->
	<item component="ComponentInfo{com.amoledwatchfaces.pacifice/com.amoledwatchfaces.pacifice.MainActivity}" drawable="pacific_e" />

	<!-- Package Manager -->
	<item component="ComponentInfo{com.smartpack.packagemanager/com.smartpack.packagemanager.activities.StartActivity}" drawable="package_manager" />

	<!-- Perplexity -->
	<item component="ComponentInfo{ai.perplexity.app.android/ai.perplexity.app.android.ui.main.MainActivity}" drawable="perplexity" />

	<!-- phase6 -->
	<item component="ComponentInfo{de.phase6.freeversion.beta/de.phase6.vtrainer.StartActivity}" drawable="phase6" />

	<!-- Phone Battery Complication -->
	<item component="ComponentInfo{com.weartools.phonebattcomp/com.weartools.phonebattcomp.MainActivity}" drawable="phone_battery_complication" />

	<!-- PhotoRoom -->
	<item component="ComponentInfo{com.photoroom.app/com.photoroom.application.LaunchActivity}" drawable="photoroom" />

	<!-- PIN Merkstrategien -->
	<item component="ComponentInfo{org.secuso.privacyfriendlypin/org.secuso.privacyfriendlypinmnemonic.SplashActivity}" drawable="pin_merkstrategien" />

	<!-- PixelSimple -->
	<item component="ComponentInfo{com.djay.pixelsimple/com.djay.pixelsimple.MainActivity}" drawable="pixelsimple" />

	<!-- Plants vs. Zombies FREE -->
	<item component="ComponentInfo{com.ea.game.pvzfree_row/com.ea.game.pvzfree_row.COPPAActivity}" drawable="plants_vs_zombies_free" />

	<!-- PocketBook -->
	<item component="ComponentInfo{com.obreey.reader/com.obreey.reader.StartActivity}" drawable="pocketbook" />

	<!-- Podcaster*innen -->
	<item component="ComponentInfo{fm.anchor.android/anchor.MainActivity}" drawable="podcaster_innen" />

	<!-- Port Authority -->
	<item component="ComponentInfo{com.aaronjwood.portauthority/com.aaronjwood.portauthority.activity.MainActivity}" drawable="port_authority" />

	<!-- Portarius -->
	<item component="ComponentInfo{si.zbe.portarius/com.example.portarius.MainActivity}" drawable="portarius" />

	<!-- Postident -->
	<item component="ComponentInfo{de.deutschepost.postident/de.post.ident.ui.WelcomeActivity}" drawable="postident" />

	<!-- PRINT -->
	<item component="ComponentInfo{jp.co.canon.bsd.ad.pixmaprint/jp.co.canon.bsd.ad.pixmaprint.EulaActivity}" drawable="print" />

	<!-- ProShot -->
	<item component="ComponentInfo{com.riseupgames.proshot2/com.riseupgames.proshot2.activities.PermissionsActivity}" drawable="proshot" />

	<!-- RadioDroid -->
	<item component="ComponentInfo{net.programmierecke.radiodroid2/net.programmierecke.radiodroid2.ActivityMain}" drawable="radiodroid" />

	<!-- RadioUpnp -->
	<item component="ComponentInfo{com.watea.radio_upnp/com.watea.radio_upnp.activity.MainActivity}" drawable="radioupnp" />

	<!-- Randomix -->
	<item component="ComponentInfo{com.minar.randomix/com.minar.randomix.activities.MainActivity}" drawable="randomix" />

	<!-- Readly -->
	<item component="ComponentInfo{com.readly.client/com.readly.client.activity.StarterActivity}" drawable="readly" />

	<!-- RealityScan -->
	<item component="ComponentInfo{com.epicgames.realityscan/com.epicgames.realityscan.MainActivity}" drawable="realityscan" />

	<!-- Red Is Bad -->
	<item component="ComponentInfo{com.JindoBlu.RedIsBad/com.unity3d.player.UnityPlayerProxyActivity}" drawable="red_is_bad" />

	<!-- RemoteCam -->
	<item component="ComponentInfo{com.samsung.android.scan3d/com.samsung.android.scan3d.CameraActivity}" drawable="remotecam" />

	<!-- RetroArch -->
	<item component="ComponentInfo{com.retroarch/com.retroarch.browser.mainmenu.MainMenuActivity}" drawable="retroarch" />

	<!-- Salon Gabi -->
	<item component="ComponentInfo{de.timeglobe.salongabi/de.timeglobe.reservation.MainActivity}" drawable="salon_gabi" />

	<!-- SaverTuner -->
	<item component="ComponentInfo{s1m.savertuner/com.draco.buoy.views.MainActivity}" drawable="savertuner" />

	<!-- SCEE -->
	<item component="ComponentInfo{de.westnordost.streetcomplete.expert/de.westnordost.streetcomplete.screens.MainActivity}" drawable="scee" />

	<!-- Schach -->
	<item component="ComponentInfo{uk.co.aifactory.chessfree/uk.co.aifactory.chessfree.ChessFreeActivity}" drawable="schach" />

	<!-- Schneidewerk -->
	<item component="ComponentInfo{de.timeglobe.schneidewerk/de.timeglobe.reservation.MainActivity}" drawable="schneidewerk" />

	<!-- SD Maid SE -->
	<item component="ComponentInfo{eu.darken.sdmse/eu.darken.sdmse.main.ui.MainActivity}" drawable="sd_maid_se" />

	<!-- Sea Battle -->
	<item component="ComponentInfo{com.byril.seabattle/com.byril.seabattle.AndroidLauncher}" drawable="sea_battle" />

	<!-- Seven -->
	<item component="ComponentInfo{se.perigee.android.seven/com.perigee.seven.ui.activity.SplashActivity}" drawable="seven" />

	<!-- Shitter -->
	<item component="ComponentInfo{org.nuclearfog.twidda/org.nuclearfog.twidda.ui.activities.MainActivity}" drawable="shitter" />

	<!-- Shizuku -->
	<item component="ComponentInfo{moe.shizuku.privileged.api/moe.shizuku.manager.MainActivity}" drawable="shizuku" />

	<!-- Shoop -->
	<item component="ComponentInfo{de.shoop.app/de.shoop.app.MainActivity}" drawable="shoop" />

	<!-- Signal -->
	<item component="ComponentInfo{org.thoughtcrime.securesms/org.thoughtcrime.securesms.RoutingActivityAltDark}" drawable="signal" />

	<!-- SIKUCONTROL -->
	<item component="ComponentInfo{de.siku.sikucontrol32/de.siku.sikucontrol32.activities.SplashActivity}" drawable="sikucontrol" />

	<!-- SIM Game -->
	<item component="ComponentInfo{org.chromium.webapk.af13e3e64ea59f986_v2/org.chromium.webapk.shell_apk.h2o.H2OOpaqueMainActivity}" drawable="sim_game" />

	<!-- Simple Digital -->
	<item component="ComponentInfo{com.amoledwatchfaces.simpledigital/com.amoledwatchfaces.simpledigital.MainActivity}" drawable="simple_digital" />

	<!-- Simple Time Tracker -->
	<item component="ComponentInfo{com.razeeman.util.simpletimetracker/com.example.util.simpletimetracker.ui.MainActivity}" drawable="simple_time_tracker" />

	<!-- Sky Map -->
	<item component="ComponentInfo{com.google.android.stardroid/com.google.android.stardroid.activities.SplashScreenActivity}" drawable="sky_map" />

	<!-- SkyTube Extra -->
	<item component="ComponentInfo{free.rm.skytube.extra/free.rm.skytube.gui.activities.MainActivity}" drawable="skytube_extra" />

	<!-- Smart Card Emulator -->
	<item component="ComponentInfo{com.vsmartcard.acardemulator/com.vsmartcard.acardemulator.MainActivity}" drawable="smart_card_emulator" />

	<!-- Smart Home -->
	<item component="ComponentInfo{com.bosch.sh.ui.android/com.bosch.sh.ui.android.ux.launcher.LauncherActivity}" drawable="smart_home" />

	<!-- Smash Hit -->
	<item component="ComponentInfo{com.mediocre.smashhit/cn.releasedata.ReleaseDataActivity.SplashActivityKing}" drawable="smash_hit" />

	<!-- Snapdrop -->
	<item component="ComponentInfo{com.fmsys.snapdrop/com.fmsys.snapdrop.MainActivity}" drawable="snapdrop" />

	<!-- SOLARMAN Intelligent -->
	<item component="ComponentInfo{com.igen.xiaomaizhidian/com.igen.rrgf.MainActivity}" drawable="solarman_intelligent" />

	<!-- SongTube -->
	<item component="ComponentInfo{com.artxdev.songtube/com.ryanheise.audioservice.AudioServiceActivity}" drawable="songtube" />

	<!-- Sonos -->
	<item component="ComponentInfo{com.sonos.acr2/com.sonos.acr.SonosLaunchActivity}" drawable="sonos" />

	<!-- Specifically Clementines -->
	<item component="ComponentInfo{net.shaytech.groceries/net.shaytech.groceries.MainActivity}" drawable="specifically_clementines" />

	<!-- SpotiFlyer -->
	<item component="ComponentInfo{com.shabinder.spotiflyer/com.shabinder.spotiflyer.ui.SplashScreenActivity}" drawable="spotiflyer" />

	<!-- StarkFitness -->
	<item component="ComponentInfo{se.starkapps.starkfitness/se.starkapps.starkfitness.MainActivity}" drawable="starkfitness" />

	<!-- Stocard -->
	<item component="ComponentInfo{de.stocard.stocard/de.stocard.ui.main.InitActivity}" drawable="stocard" />

	<!-- Street­Complete -->
	<item component="ComponentInfo{de.westnordost.streetcomplete/de.westnordost.streetcomplete.screens.MainActivity}" drawable="street­complete" />

	<!-- Street­Measure -->
	<item component="ComponentInfo{de.westnordost.streetmeasure/de.westnordost.streetmeasure.MeasureActivity}" drawable="street­measure" />

	<!-- StromGedacht -->
	<item component="ComponentInfo{de.transnetbw.stromgedacht/de.transnetbw.stromgedacht.MainActivity}" drawable="stromgedacht" />

	<!-- Stundenplan -->
	<item component="ComponentInfo{app.smart.timetable/app.smart.timetable.MainActivity}" drawable="stundenplan" />

	<!-- Subway Surf -->
	<item component="ComponentInfo{com.kiloo.subwaysurf/com.sybogames.chili.multidex.ChiliMultidexSupportActivity}" drawable="subway_surf" />

	<!-- SWU App -->
	<item component="ComponentInfo{de.hansecom.swuapp/de.hansecom.swuapp.SplashActivity}" drawable="swu_app" />

	<!-- Syncthing-Fork -->
	<item component="ComponentInfo{com.github.catfriend1.syncthingandroid/com.nutomic.syncthingandroid.activities.FirstStartActivity}" drawable="syncthing_fork" />

	<!-- Tachometer -->
	<item component="ComponentInfo{apps.r.speedometer/apps.r.speedometer.StartTheme.Charcoal}" drawable="tachometer" />

	<!-- tagesschau -->
	<item component="ComponentInfo{de.tagesschau/de.tagesschau.ui.splashscreen.SplashScreen}" drawable="tagesschau" />

	<!-- TAN2go -->
	<item component="ComponentInfo{com.starfinanz.mobile.android.dkbpushtan/com.starfinanz.mobile.android.dkbpushtan.DKBPushTan}" drawable="tan2go" />

	<!-- Telegram -->
	<item component="ComponentInfo{org.telegram.messenger.web/org.telegram.messenger.AquaIcon}" drawable="telegram" />

	<!-- TermBot -->
	<item component="ComponentInfo{org.sufficientlysecure.termbot/org.connectbot.HostListActivity}" drawable="termbot" />

	<!-- TIER -->
	<item component="ComponentInfo{com.tier.app/com.tier.legacy.ui.splash.SplashActivity}" drawable="tier" />

	<!-- TimeLimit -->
	<item component="ComponentInfo{io.timelimit.android.aosp.direct/io.timelimit.android.ui.MainActivity}" drawable="timelimit" />

	<!-- TimeR Machine -->
	<item component="ComponentInfo{io.github.deweyreed.timer.other/io.github.deweyreed.timer.ui.MainActivity}" drawable="timer_machine" />

	<!-- TimeShow -->
	<item component="ComponentInfo{com.mobvoi.mwf.magicfaces/com.mobvoi.mwf.splash.SplashActivity}" drawable="timeshow" />

	<!-- Todoist -->
	<item component="ComponentInfo{com.todoist/com.todoist.alias.HomeActivityDefault}" drawable="todoist" />

	<!-- Toilet Finder -->
	<item component="ComponentInfo{com.bto.toilet/com.betomorrow.toiletfinder.SplashActivity}" drawable="toilet_finder" />

	<!-- tolino -->
	<item component="ComponentInfo{com.mytolino.app/com.musketeer.host.MainActivity}" drawable="tolino" />

	<!-- Too Good To Go -->
	<item component="ComponentInfo{com.app.tgtg/com.app.tgtg.activities.login.SplashActivity}" drawable="too_good_to_go" />

	<!-- Trinkwasser -->
	<item component="ComponentInfo{de.trinkwasser_unterwegs.www.twa/de.trinkwasser_unterwegs.www.twa.LauncherActivity}" drawable="trinkwasser" />

	<!-- TTS Tool -->
	<item component="ComponentInfo{de.favo.ttstool/de.favo.ttstool.Splash}" drawable="tts_tool" />

	<!-- TTS Util -->
	<item component="ComponentInfo{com.danefinlay.ttsutil/com.danefinlay.ttsutil.ui.MainActivity}" drawable="tts_util" />

	<!-- Tuya Smart -->
	<item component="ComponentInfo{com.tuya.smart/com.smart.ThingSplashActivity}" drawable="tuya_smart" />

	<!-- Unexpected Keyboard -->
	<item component="ComponentInfo{juloo.keyboard2/juloo.keyboard2.LauncherActivity}" drawable="unexpected_keyboard" />

	<!-- USA Simply Grey -->
	<item component="ComponentInfo{com.usadesign.usasimplygrey/com.usadesign.usasimplygrey.MainActivity}" drawable="usa_simply_grey" />

	<!-- Vanishing Hour -->
	<item component="ComponentInfo{com.watchfacedesigns.Vanish/com.watchfacedesigns.Vanish.MainActivity}" drawable="vanishing_hour" />

	<!-- Vespucci -->
	<item component="ComponentInfo{de.blau.android/de.blau.android.Splash}" drawable="vespucci" />

	<!-- vs088 -->
	<item component="ComponentInfo{com.watchfacestudio.vs088/com.watchfacestudio.vs088.MainActivity}" drawable="vs088" />

	<!-- WADBS -->
	<item component="ComponentInfo{com.smoothie.wirelessDebuggingSwitch/com.smoothie.wirelessDebuggingSwitch.SettingsActivity}" drawable="wadbs" />

	<!-- Wave -->
	<item component="ComponentInfo{com.watchfacestudio.awfwave/com.watchfacestudio.awfwave.MainActivity}" drawable="wave" />

	<!-- Wear OS -->
	<item component="ComponentInfo{com.google.android.wearable.app/com.google.android.clockwork.companion.launcher.LauncherActivity}" drawable="wear os" />

	<!-- Web Media Share -->
	<item component="ComponentInfo{com.tobykurien.webmediashare/com.tobykurien.webmediashare.activity.MainActivity}" drawable="web_media_share" />

	<!-- Web Opac -->
	<item component="ComponentInfo{de.geeksfactory.opacclient/de.geeksfactory.opacclient.frontend.MainActivity}" drawable="web_opac" />

	<!-- what3words -->
	<item component="ComponentInfo{com.what3words.android/com.what3words.android.ui.splash.SplashActivity}" drawable="what3words" />

	<!-- Wohin·Du·Willst -->
	<item component="ComponentInfo{de.dbregio.wohinduwillst/de.dbregio.wohinduwillst.feature.splashscreen.SplashscreenActivity}" drawable="wohin·du·willst" />

	<!-- Workout Pro -->
	<item component="ComponentInfo{fitness.workouts.home.workoutspro/fitness.workouts.home.workoutspro.activity.SplashActivity}" drawable="workout_pro" />

	<!-- Workouts Zuhause -->
	<item component="ComponentInfo{homeworkout.homeworkouts.noequipment/homeworkout.homeworkouts.noequipment.SplashActivity}" drawable="workouts_zuhause" />

	<!-- WTMP -->
	<item component="ComponentInfo{com.wtmp.svdsoftware/com.wtmp.ui.HostActivity}" drawable="wtmp" />

	<!-- Wunderfind -->
	<item component="ComponentInfo{com.hf.findlostdevice/com.hf.findlostdevice.DeviceListActivity}" drawable="wunderfind" />

	<!-- Würfelspiel -->
	<item component="ComponentInfo{org.secuso.privacyfriendlyyahtzeedicer/org.secuso.privacyfriendlydicegame.SplashActivity}" drawable="wurfelspiel" />

	<!-- YAACC -->
	<item component="ComponentInfo{de.yaacc/de.yaacc.browser.TabBrowserActivity}" drawable="yaacc" />

	<!-- YouGov -->
	<item component="ComponentInfo{com.yougov.mobile.online/com.yougov.init.InitActivity}" drawable="yougov" />

	<!-- zave.it -->
	<item component="ComponentInfo{it.zave.app/it.zave.app.MainActivity}" drawable="zaveit" />

	<!-- ZDFheute -->
	<item component="ComponentInfo{de.heute.mobile/de.heute.mobile.ui.MainActivity}" drawable="zdfheute" />

	<!-- Zeichnen -->
	<item component="ComponentInfo{com.simplemobiletools.draw.pro/com.simplemobiletools.draw.pro.activities.SplashActivity.Orange}" drawable="zeichnen" />

	<!-- zsTgriZxoUTLGtQ -->
	<item component="ComponentInfo{ru.ejtclqof.wbpztuets/ru.ejtclqof.wbpztuets.MainActivity1}" drawable="zstgrizxoutlgtq" />

	<!-- Zu gut für die Tonne! – App -->
	<item component="ComponentInfo{app.zugutfuerdietonne/app.zugutfuerdietonne.MainActivity}" drawable="zu_gut_fur_die_tonne_–_app" />

</resources>