<appmap>

	<!-- ∞ Loop -->
	<item class="com.balysv.loop.SplashScreenActivity" name="∞_loop"/>

	<!-- 2048 -->
	<item class="com.fastsoft.game2048w.Game2048" name="_2048"/>

	<!-- 2048 Open Fun Game -->
	<item class="org.andstatus.game2048.MyMainActivity" name="_2048_open_fun_game"/>

	<!-- 3D Rechner -->
	<item class="org.geogebra.android.privatelibrary.splashscreen.SplashScreenActivity" name="_3d_rechner"/>

	<!-- AirGuard -->
	<item class="de.seemoo.at_tracking_detection.ui.MainActivity" name="airguard"/>

	<!-- AllCast -->
	<item class="com.koushikdutta.cast.SearchActivity" name="allcast"/>

	<!-- Analog Classic 24 -->
	<item class="com.watchfacestudio.ac24.MainActivity" name="analog_classic_24"/>

	<!-- Analog xT: Watch face -->
	<item class="com.amoledwatchfaces.analogxt.MainMobileActivity" name="analog_xt_watch_face"/>

	<!-- AndroTainer -->
	<item class="com.dokeraj.androtainer.MainActiviy" name="androtainer"/>

	<!-- ANTON -->
	<item class="com.solocode.anton.MainActivity" name="anton"/>

	<!-- Appinio -->
	<item class="com.appinio.appinio.MainActivity" name="appinio"/>

	<!-- Apps Backup Restore -->
	<item class="com.touchfield.appbackuprestore.MainActivity" name="apps_backup_restore"/>

	<!-- Arcticons Material You -->
	<item class="com.donnnno.arcticons.activities.SplashActivity" name="arcticons_material_you"/>

	<!-- Ärgern lohnt nicht -->
	<item class="org.secuso.privacyfriendlyludo.activities.SplashActivity" name="argern_lohnt_nicht"/>

	<!-- aShell -->
	<item class="in.sunilpaulmathew.ashell.activities.StartActivity" name="ashell"/>

	<!-- Athlete 2 Lite -->
	<item class="com.amoledwatchfaces.athlete2lite.MainActivity" name="athlete_2_lite"/>

	<!-- Atomic -->
	<item class="com.jlindemann.science.activities.SplashActivity" name="atomic"/>

	<!-- Audio Recorder -->
	<item class="com.dimowner.audiorecorder.app.main.MainActivity" name="audio_recorder"/>

	<!-- Audioverstärker -->
	<item class="com.google.android.accessibility.soundamplifier.LauncherActivity" name="audioverstarker"/>

	<!-- Authenticator -->
	<item class="crc643c2a2b888a14ec9a.MainActivity" name="authenticator"/>

	<!-- AutoTagger -->
	<item class="com.serg.chuprin.tageditor.app.main.view.MainActivity" name="autotagger"/>

	<!-- AwoX HomeControl -->
	<item class="com.awox.home.control.SplashScreenActivity" name="awox_homecontrol"/>

	<!-- Bankomatkarten Infos 2 -->
	<item class="at.zweng.bankomatinfos.ui.MainActivity" name="bankomatkarten_infos_2"/>

	<!-- Barcode Scanner+ -->
	<item class="com.srowen.bs.android.CaptureActivity" name="barcode_scanner_"/>

	<!-- Beeper -->
	<item class="im.vector.application.features.Alias" name="beeper"/>

	<!-- BikeandRideBox -->
	<item class="de.bikeandridebox.app.MainActivity" name="bikeandridebox"/>

	<!-- BirdNET -->
	<item class="de.tu_chemnitz.mi.kahst.birdnet.Activity_SplashScreen" name="birdnet"/>

	<!-- BitLife -->
	<item class="com.unity3d.player.UnityPlayerActivity" name="bitlife"/>

	<!-- BKK VDN -->
	<item class="de.ds4d.ds4dapp.MainActivity" name="bkk_vdn"/>

	<!-- Bluetooth Control -->
	<item class="com.fischertechnik.btsmart.joystick_new.bluetooth_control.ScanActivity" name="bluetooth_control"/>

	<!-- Bluetooth LE Spam -->
	<item class="de.simon.dankelmann.bluetoothlespam.MainActivity" name="bluetooth_le_spam"/>

	<!-- Buzzing Bee Adventure -->
	<item class="com.cromacompany.buzzing_bee_adventure.MainMobileActivity" name="buzzing_bee_adventure"/>

	<!-- Cactus Run! -->
	<item class="app.retro.cactusgame.MainActivity" name="cactus_run_"/>

	<!-- CalcES -->
	<item class="advanced.scientific.calculator.calc991.plus.main.ytivitcArotaluclaCecneicS_kLCneODahnPWsyfdoUSygLOxHQLt_e" name="calces"/>

	<!-- Calculator++ -->
	<item class="org.solovyev.android.calculator.CalculatorActivity" name="calculator_"/>

	<!-- Calculator++ (Fenstermodus) -->
	<item class="org.solovyev.android.calculator.floating.FloatingCalculatorActivity" name="calculator_fenstermodus_"/>

	<!-- Canon Print Service -->
	<item class="jp.co.canon.android.printservice.plugin.WalkThroughActivity" name="canon_print_service"/>

	<!-- Canta -->
	<item class="org.samo_lego.canta.MainActivity" name="canta"/>

	<!-- Cardboard -->
	<item class="com.google.vr.cardboard.paperscope.carton.Home2Dv2" name="cardboard"/>

	<!-- Carnet -->
	<item class="com.spisoft.quicknote.MainActivity" name="carnet"/>

	<!-- Catima -->
	<item class="protect.card_locker.MainActivity" name="catima"/>

	<!-- ChargePoint -->
	<item class="com.cp.ui.activity.launcher.LauncherActivity" name="chargepoint"/>

	<!-- ChatGPT -->
	<item class="com.openai.chatgpt.MainActivity" name="chatgpt"/>

	<!-- Classical Music Tagger -->
	<item class="de.kromke.andreas.musictagger.MainActivity" name="classical_music_tagger"/>

	<!-- CloudStream -->
	<item class="com.lagradost.cloudstream3.ui.account.AccountSelectActivity" name="cloudstream"/>

	<!-- CoinDetect -->
	<item class="com.miccron.coindetect.MainActivity" name="coindetect"/>

	<!-- Color Flashlight -->
	<item class="com.socialnmobile.hd.flashlight.Flashlight" name="color_flashlight"/>

	<!-- Complications Suite -->
	<item class="com.weartools.weekdayutccomp.MainActivity" name="complications_suite"/>

	<!-- Concentric -->
	<item class="com.watchfacedesigns.Concentric.MainActivity" name="concentric"/>

	<!-- Converter NOW -->
	<item class="com.ferrarid.converterpro.MainActivity" name="converter_now"/>

	<!-- CPU Info -->
	<item class="com.kgurgul.cpuinfo.features.HostActivity" name="cpu_info"/>

	<!-- Cuberite -->
	<item class="org.cuberite.android.MainActivity" name="cuberite"/>

	<!-- Daily Pill -->
	<item class="br.com.gualandi.dailypill.MainActivity" name="daily_pill"/>

	<!-- DankChat -->
	<item class="com.flxrs.dankchat.main.MainActivity" name="dankchat"/>

	<!-- DAVx⁵ -->
	<item class="at.bitfire.davdroid.ui.AccountsActivity" name="davx⁵"/>

	<!-- DB Bauarbeiten -->
	<item class="de.bauarbeiten.bahn.MainActivity" name="db_bauarbeiten"/>

	<!-- Digital Basic Gradient 1 -->
	<item class="com.watchfacestudio.dbgrd1.MainActivity" name="digital_basic_gradient_1"/>

	<!-- Digitales Wohlbef. -->
	<item class="com.samsung.android.forest.launcher.LauncherActivity" name="digitales_wohlbef"/>

	<!-- DING -->
	<item class="crc64b6d2ff8b4700f500.StartupActivity" name="ding"/>

	<!-- DiskUsage -->
	<item class="com.google.android.diskusage.ui.SelectActivity" name="diskusage"/>

	<!-- DKB -->
	<item class="com.dkbcodefactory.banking.splash.SplashActivity" name="dkb"/>

	<!-- Dooz -->
	<item class="io.github.yamin8000.dooz.content.MainActivity" name="dooz"/>

	<!-- Download Navi -->
	<item class="com.tachibana.downloader.ui.main.MainActivity" name="download_navi"/>

	<!-- DroidCam OBS -->
	<item class="com.dev47apps.obsdroidcam.MainActivity" name="droidcam_obs"/>

	<!-- DroidCamX -->
	<item class="com.dev47apps.droidcamx.DroidCamX" name="droidcamx"/>

	<!-- DroidPlay -->
	<item class="com.tt.droidplay.DroidPlayActivity" name="droidplay"/>

	<!-- Dude Theft Wars -->
	<item class="com.unity3d.player.UnityPlayerActivity" name="dude_theft_wars"/>

	<!-- E-Rezept -->
	<item class="de.gematik.ti.erp.app.MainActivity" name="e_rezept"/>

	<!-- Earth Hero -->
	<item class="com.earthheroorg.earthhero.ui.intro.MainActivity" name="earth_hero"/>

	<!-- Easter Eggs -->
	<item class="com.dede.android_eggs.views.main.EasterEggsActivity" name="easter_eggs"/>

	<!-- Eat Poop You Cat -->
	<item class="dev.develsinthedetails.eatpoopyoucat.MainActivity" name="eat_poop_you_cat"/>

	<!-- Energy Ease -->
	<item class="com.solarman.smarthome.MainActivity" name="energy_ease"/>

	<!-- ePA -->
	<item class="com.rise_world.epa.ui.splash.SplashActivity" name="epa"/>

	<!-- Essentials4 -->
	<item class="com.activewatchdesign.essentials4.MainActivity" name="essentials4"/>

	<!-- Face Morphing HD -->
	<item class="com.mixaimaging.facemorphing.MainActivity" name="face_morphing_hd"/>

	<!-- Facer -->
	<item class="com.jeremysteckling.facerrel.Launcher" name="facer"/>

	<!-- FairEmail -->
	<item class="eu.faircode.email.ActivityMain" name="fairemail"/>

	<!-- FakeStandby -->
	<item class="android.jonas.fakestandby.settings.SettingsActivity" name="fakestandby"/>

	<!-- Falou -->
	<item class="com.moymer.falou.flow.onboarding.LauncherActivity" name="falou"/>

	<!-- Fancade -->
	<item class="com.martinmagni.fancade.Fancade" name="fancade"/>

	<!-- Feeder -->
	<item class="com.nononsenseapps.feeder.ui.MainActivity" name="feeder"/>

	<!-- Feeel -->
	<item class="io.flutter.embedding.android.FlutterActivity" name="feeel"/>

	<!-- FIDO / WebAuthn Example -->
	<item class="de.cotech.hw.fido.example.MainActivity" name="fido_webauthn_example"/>

	<!-- Finanzguru -->
	<item class="de.dwins.financeguru.SplashActivity" name="finanzguru"/>

	<!-- Find Starlink -->
	<item class="com.findstarlink.MainActivity" name="find_starlink"/>

	<!-- FindMyDevice -->
	<item class="de.nulide.findmydevice.ui.MainActivity" name="findmydevice"/>

	<!-- Flightradar24 -->
	<item class="com.flightradar24free.feature.splash.view.SplashActivity" name="flightradar24"/>

	<!-- Fon -->
	<item class="de.avm.android.fritzapp.gui.FRITZApp" name="fon"/>

	<!-- FS 23 -->
	<item class="com.fiveplay.mod.RMS.Recovery" name="fs_23"/>

	<!-- Geldzähler -->
	<item class="com.germanfsd.money_counter.MainActivity" name="geldzahler"/>

	<!-- Genius Scan -->
	<item class="com.thegrizzlylabs.geniusscan.ui.welcome.WelcomeActivity" name="genius_scan"/>

	<!-- Geometrie -->
	<item class="org.geogebra.android.privatelibrary.splashscreen.SplashScreenActivity" name="geometrie"/>

	<!-- Gerätewartung -->
	<item class="com.samsung.android.sm.ui.DefaultActivity" name="geratewartung"/>

	<!-- Global Goals -->
	<item class="com.samsung.sree.ui.MainActivity" name="global_goals"/>

	<!-- Goat Run! Lite -->
	<item class="app.retro.cactusgame.MainActivity" name="goat_run_lite"/>

	<!-- GPS Cockpit -->
	<item class="org.woheller69.gpscockpit.MainActivity" name="gps_cockpit"/>

	<!-- Grasshopper -->
	<item class="com.google.engedu.grasshopper.flutter.MainActivity" name="grasshopper"/>

	<!-- groceries -->
	<item class="io.ionic.starter.MainActivity" name="groceries"/>

	<!-- Headphones -->
	<item class="com.sony.songpal.mdr.vim.activity.MdrMainActivity" name="headphones"/>

	<!-- Home -->
	<item class="io.github.domi04151309.home.activities.SplashActivity" name="home"/>

	<!-- Home Assistant -->
	<item class="io.homeassistant.companion.android.launch.LaunchActivity" name="home_assistant"/>

	<!-- Homescapes -->
	<item class="com.playrix.homescapes.GoogleActivity" name="homescapes"/>

	<!-- Hue -->
	<item class="com.philips.lighting.hue2.ContentActivity" name="hue"/>

	<!-- Hue Brain Games -->
	<item class="nl.wienelware.huebraingames.MainActivity" name="hue_brain_games"/>

	<!-- Hue Essentials -->
	<item class="com.superthomaslab.hueessentials.MainActivity" name="hue_essentials"/>

	<!-- hueManic -->
	<item class="com.urbandroid.hue.MainActivity" name="huemanic"/>

	<!-- I am -->
	<item class="com.hrd.view.onboarding.OnboardingSplashActivity" name="i_am"/>

	<!-- Icon Pack Studio -->
	<item class="ginlemon.iconpackstudio.editor.homeActivity.HomeActivity" name="icon_pack_studio"/>

	<!-- iLightShow -->
	<item class="com.nanjoran.ilightshow.MainActivity" name="ilightshow"/>

	<!-- Image Sync -->
	<item class="com.ricohimaging.imagesync.TitleActivity" name="image_sync"/>

	<!-- Intervall Timer -->
	<item class="com.mdev.intervaltimer.ui.MainActivity" name="intervall_timer"/>

	<!-- Intervalltimer -->
	<item class="org.secuso.privacyfriendlyintervaltimer.activities.SplashActivity" name="intervalltimer"/>

	<!-- JBL Portable -->
	<item class="com.harman.jbl.portable.WelcomeActivity" name="jbl_portable"/>

	<!-- jtx Board -->
	<item class="at.techbee.jtx.MainActivity2" name="jtx_board"/>

	<!-- KeePassDX -->
	<item class="com.kunzisoft.keepass.activities.FileDatabaseSelectActivity" name="keepassdx"/>

	<!-- Kid3 -->
	<item class="net.sourceforge.kid3.Kid3Activity" name="kid3"/>

	<!-- Kizzy -->
	<item class="com.my.kizzy.MainActivity" name="kizzy"/>

	<!-- Kleinanzeigen -->
	<item class="ebk.ui.splash.SplashActivity" name="kleinanzeigen"/>

	<!-- Kopfrechentrainer -->
	<item class="org.secuso.privacyfriendlyreckoningskills.activities.SplashActivity" name="kopfrechentrainer"/>

	<!-- Kore -->
	<item class="org.xbmc.kore.ui.sections.remote.RemoteActivity" name="kore"/>

	<!-- KulturPass DE -->
	<item class="de.bkm.kulturpass.MainActivity" name="kulturpass_de"/>

	<!-- Kvaesitso -->
	<item class="de.mm20.launcher2.ui.launcher.LauncherActivity" name="kvaesitso"/>

	<!-- Lawnicons -->
	<item class="app.lawnchair.lawnicons.MainActivity" name="lawnicons"/>

	<!-- Lexica -->
	<item class="com.serwylo.lexica.MainMenuActivity" name="lexica"/>

	<!-- Libby -->
	<item class="com.overdrive.mobile.android.nautilus.ui.Activity_Main" name="libby"/>

	<!-- LibreTube -->
	<item class="com.github.libretube.Default" name="libretube"/>

	<!-- LTE Discovery -->
	<item class="net.simplyadvanced.ltediscovery.main.LtedMainActivity" name="lte_discovery"/>

	<!-- Lux-O-Meter Lichtmesser -->
	<item class="de.heidsoft.lux_o_meterlightsensor.MainActivity" name="lux_o_meter_lichtmesser"/>

	<!-- Magic Home -->
	<item class="com.zengge.wifi.StartActivity" name="magic_home"/>

	<!-- Manual Camera DSLR Pro -->
	<item class="com.antafunny.burstcamera.MainActivity" name="manual_camera_dslr_pro"/>

	<!-- Material 4 -->
	<item class="com.amoledwatchfaces.material4.MainActivity" name="material_4"/>

	<!-- Mathe: Kopfrechnen Trainieren -->
	<item class="com.astepanov.mobile.mindmathtricks.ui.MainActivity" name="mathe_kopfrechnen_trainieren"/>

	<!-- Megalodon -->
	<item class="org.joinmastodon.android.MainActivity" name="megalodon"/>

	<!-- Mein Blau -->
	<item class="com.tuenti.messenger.ui.activity.MainActivity" name="mein_blau"/>

	<!-- Messa Watch Companion -->
	<item class="com.messa.messabn70.MainMobileActivity" name="messa_watch_companion"/>

	<!-- Messa Watch Companion -->
	<item class="com.messa.messalx34.MainMobileActivity" name="messa_watch_companion"/>

	<!-- Mikrofon -->
	<item class="de.favo.mircophone.Microphone" name="mikrofon"/>

	<!-- Minetest -->
	<item class="net.minetest.minetest.MainActivity" name="minetest"/>

	<!-- Minimal -->
	<item class="com.GD.Minimal.MainActivity" name="minimal"/>

	<!-- MJ PDF -->
	<item class="com.gitlab.mudlej.MjPdfReader.LauncherAlias" name="mj_pdf"/>

	<!-- MNML Thin -->
	<item class="com.watchfacestudio.awfmnmlthin.MainActivity" name="mnml_thin"/>

	<!-- Mobvoi Health -->
	<item class="com.mobvoi.companion.aw.ui.main.HomeActivity" name="mobvoi_health"/>

	<!-- MOQO -->
	<item class="de.tamyca.fleetbutler.activities.RoutingActivity" name="moqo"/>

	<!-- Motivation -->
	<item class="com.hrd.view.onboarding.OnboardingSplashActivity" name="motivation"/>

	<!-- Musiksuche -->
	<item class="com.rocketsauce83.musicsearch.MainActivity" name="musiksuche"/>

	<!-- Muviz Watch Faces -->
	<item class="com.sparkine.watchfaces.activity.OnboardActivity" name="muviz_watch_faces"/>

	<!-- MyFRITZ! -->
	<item class="de.avm.android.one.activities.StartActivity" name="myfritz_"/>

	<!-- Neo Launcher -->
	<item class="com.saggitt.omega.OmegaLauncher" name="neo_launcher"/>

	<!-- Neo Store -->
	<item class="com.machiav3lli.fdroid.ui.activities.MainActivityX" name="neo_store"/>

	<!-- nextbike -->
	<item class="net.nextbike.v3.presentation.ui.main.view.MapActivity" name="nextbike"/>

	<!-- NFC Tasks -->
	<item class="com.wakdev.nfctasks.views.MainActivity" name="nfc_tasks"/>

	<!-- NFC Tools PRO -->
	<item class="com.wakdev.nfctools.pro.views.MainActivityPro" name="nfc_tools_pro"/>

	<!-- Notizbuch -->
	<item class="com.zoho.notebook.activities.NoteBookActivity" name="notizbuch"/>

	<!-- Notizen -->
	<item class="com.simplemobiletools.notes.pro.activities.SplashActivity.Orange" name="notizen"/>

	<!-- Ohms Now! -->
	<item class="com.ktprograms.ohmsnow.MainActivity" name="ohms_now_"/>

	<!-- Olauncher Clutter Free -->
	<item class="app.olaunchercf.MainActivity" name="olauncher_clutter_free"/>

	<!-- Open Video Editor -->
	<item class="io.github.devhyper.openvideoeditor.main.MainActivity" name="open_video_editor"/>

	<!-- OpenKeychain -->
	<item class="org.sufficientlysecure.keychain.ui.MainActivity" name="openkeychain"/>

	<!-- OsmAnd~ -->
	<item class="net.osmand.plus.activities.MapActivity" name="osmand_"/>

	<!-- Pacific E -->
	<item class="com.amoledwatchfaces.pacifice.MainActivity" name="pacific_e"/>

	<!-- Package Manager -->
	<item class="com.smartpack.packagemanager.activities.StartActivity" name="package_manager"/>

	<!-- Perplexity -->
	<item class="ai.perplexity.app.android.ui.main.MainActivity" name="perplexity"/>

	<!-- phase6 -->
	<item class="de.phase6.vtrainer.StartActivity" name="phase6"/>

	<!-- Phone Battery Complication -->
	<item class="com.weartools.phonebattcomp.MainActivity" name="phone_battery_complication"/>

	<!-- PhotoRoom -->
	<item class="com.photoroom.application.LaunchActivity" name="photoroom"/>

	<!-- PIN Merkstrategien -->
	<item class="org.secuso.privacyfriendlypinmnemonic.SplashActivity" name="pin_merkstrategien"/>

	<!-- PixelSimple -->
	<item class="com.djay.pixelsimple.MainActivity" name="pixelsimple"/>

	<!-- Plants vs. Zombies FREE -->
	<item class="com.ea.game.pvzfree_row.COPPAActivity" name="plants_vs_zombies_free"/>

	<!-- PocketBook -->
	<item class="com.obreey.reader.StartActivity" name="pocketbook"/>

	<!-- Podcaster*innen -->
	<item class="anchor.MainActivity" name="podcaster_innen"/>

	<!-- Port Authority -->
	<item class="com.aaronjwood.portauthority.activity.MainActivity" name="port_authority"/>

	<!-- Portarius -->
	<item class="com.example.portarius.MainActivity" name="portarius"/>

	<!-- Postident -->
	<item class="de.post.ident.ui.WelcomeActivity" name="postident"/>

	<!-- PRINT -->
	<item class="jp.co.canon.bsd.ad.pixmaprint.EulaActivity" name="print"/>

	<!-- ProShot -->
	<item class="com.riseupgames.proshot2.activities.PermissionsActivity" name="proshot"/>

	<!-- RadioDroid -->
	<item class="net.programmierecke.radiodroid2.ActivityMain" name="radiodroid"/>

	<!-- RadioUpnp -->
	<item class="com.watea.radio_upnp.activity.MainActivity" name="radioupnp"/>

	<!-- Randomix -->
	<item class="com.minar.randomix.activities.MainActivity" name="randomix"/>

	<!-- Readly -->
	<item class="com.readly.client.activity.StarterActivity" name="readly"/>

	<!-- RealityScan -->
	<item class="com.epicgames.realityscan.MainActivity" name="realityscan"/>

	<!-- Red Is Bad -->
	<item class="com.unity3d.player.UnityPlayerProxyActivity" name="red_is_bad"/>

	<!-- RemoteCam -->
	<item class="com.samsung.android.scan3d.CameraActivity" name="remotecam"/>

	<!-- RetroArch -->
	<item class="com.retroarch.browser.mainmenu.MainMenuActivity" name="retroarch"/>

	<!-- Salon Gabi -->
	<item class="de.timeglobe.reservation.MainActivity" name="salon_gabi"/>

	<!-- SaverTuner -->
	<item class="com.draco.buoy.views.MainActivity" name="savertuner"/>

	<!-- SCEE -->
	<item class="de.westnordost.streetcomplete.screens.MainActivity" name="scee"/>

	<!-- Schach -->
	<item class="uk.co.aifactory.chessfree.ChessFreeActivity" name="schach"/>

	<!-- Schneidewerk -->
	<item class="de.timeglobe.reservation.MainActivity" name="schneidewerk"/>

	<!-- SD Maid SE -->
	<item class="eu.darken.sdmse.main.ui.MainActivity" name="sd_maid_se"/>

	<!-- Sea Battle -->
	<item class="com.byril.seabattle.AndroidLauncher" name="sea_battle"/>

	<!-- Seven -->
	<item class="com.perigee.seven.ui.activity.SplashActivity" name="seven"/>

	<!-- Shitter -->
	<item class="org.nuclearfog.twidda.ui.activities.MainActivity" name="shitter"/>

	<!-- Shizuku -->
	<item class="moe.shizuku.manager.MainActivity" name="shizuku"/>

	<!-- Shoop -->
	<item class="de.shoop.app.MainActivity" name="shoop"/>

	<!-- Signal -->
	<item class="org.thoughtcrime.securesms.RoutingActivityAltDark" name="signal"/>

	<!-- SIKUCONTROL -->
	<item class="de.siku.sikucontrol32.activities.SplashActivity" name="sikucontrol"/>

	<!-- SIM Game -->
	<item class="org.chromium.webapk.shell_apk.h2o.H2OOpaqueMainActivity" name="sim_game"/>

	<!-- Simple Digital -->
	<item class="com.amoledwatchfaces.simpledigital.MainActivity" name="simple_digital"/>

	<!-- Simple Time Tracker -->
	<item class="com.example.util.simpletimetracker.ui.MainActivity" name="simple_time_tracker"/>

	<!-- Sky Map -->
	<item class="com.google.android.stardroid.activities.SplashScreenActivity" name="sky_map"/>

	<!-- SkyTube Extra -->
	<item class="free.rm.skytube.gui.activities.MainActivity" name="skytube_extra"/>

	<!-- Smart Card Emulator -->
	<item class="com.vsmartcard.acardemulator.MainActivity" name="smart_card_emulator"/>

	<!-- Smart Home -->
	<item class="com.bosch.sh.ui.android.ux.launcher.LauncherActivity" name="smart_home"/>

	<!-- Smash Hit -->
	<item class="cn.releasedata.ReleaseDataActivity.SplashActivityKing" name="smash_hit"/>

	<!-- Snapdrop -->
	<item class="com.fmsys.snapdrop.MainActivity" name="snapdrop"/>

	<!-- SOLARMAN Intelligent -->
	<item class="com.igen.rrgf.MainActivity" name="solarman_intelligent"/>

	<!-- SongTube -->
	<item class="com.ryanheise.audioservice.AudioServiceActivity" name="songtube"/>

	<!-- Sonos -->
	<item class="com.sonos.acr.SonosLaunchActivity" name="sonos"/>

	<!-- Specifically Clementines -->
	<item class="net.shaytech.groceries.MainActivity" name="specifically_clementines"/>

	<!-- SpotiFlyer -->
	<item class="com.shabinder.spotiflyer.ui.SplashScreenActivity" name="spotiflyer"/>

	<!-- StarkFitness -->
	<item class="se.starkapps.starkfitness.MainActivity" name="starkfitness"/>

	<!-- Stocard -->
	<item class="de.stocard.ui.main.InitActivity" name="stocard"/>

	<!-- Street­Complete -->
	<item class="de.westnordost.streetcomplete.screens.MainActivity" name="street­complete"/>

	<!-- Street­Measure -->
	<item class="de.westnordost.streetmeasure.MeasureActivity" name="street­measure"/>

	<!-- StromGedacht -->
	<item class="de.transnetbw.stromgedacht.MainActivity" name="stromgedacht"/>

	<!-- Stundenplan -->
	<item class="app.smart.timetable.MainActivity" name="stundenplan"/>

	<!-- Subway Surf -->
	<item class="com.sybogames.chili.multidex.ChiliMultidexSupportActivity" name="subway_surf"/>

	<!-- SWU App -->
	<item class="de.hansecom.swuapp.SplashActivity" name="swu_app"/>

	<!-- Syncthing-Fork -->
	<item class="com.nutomic.syncthingandroid.activities.FirstStartActivity" name="syncthing_fork"/>

	<!-- Tachometer -->
	<item class="apps.r.speedometer.StartTheme.Charcoal" name="tachometer"/>

	<!-- tagesschau -->
	<item class="de.tagesschau.ui.splashscreen.SplashScreen" name="tagesschau"/>

	<!-- TAN2go -->
	<item class="com.starfinanz.mobile.android.dkbpushtan.DKBPushTan" name="tan2go"/>

	<!-- Telegram -->
	<item class="org.telegram.messenger.AquaIcon" name="telegram"/>

	<!-- TermBot -->
	<item class="org.connectbot.HostListActivity" name="termbot"/>

	<!-- TIER -->
	<item class="com.tier.legacy.ui.splash.SplashActivity" name="tier"/>

	<!-- TimeLimit -->
	<item class="io.timelimit.android.ui.MainActivity" name="timelimit"/>

	<!-- TimeR Machine -->
	<item class="io.github.deweyreed.timer.ui.MainActivity" name="timer_machine"/>

	<!-- TimeShow -->
	<item class="com.mobvoi.mwf.splash.SplashActivity" name="timeshow"/>

	<!-- Todoist -->
	<item class="com.todoist.alias.HomeActivityDefault" name="todoist"/>

	<!-- Toilet Finder -->
	<item class="com.betomorrow.toiletfinder.SplashActivity" name="toilet_finder"/>

	<!-- tolino -->
	<item class="com.musketeer.host.MainActivity" name="tolino"/>

	<!-- Too Good To Go -->
	<item class="com.app.tgtg.activities.login.SplashActivity" name="too_good_to_go"/>

	<!-- Trinkwasser -->
	<item class="de.trinkwasser_unterwegs.www.twa.LauncherActivity" name="trinkwasser"/>

	<!-- TTS Tool -->
	<item class="de.favo.ttstool.Splash" name="tts_tool"/>

	<!-- TTS Util -->
	<item class="com.danefinlay.ttsutil.ui.MainActivity" name="tts_util"/>

	<!-- Tuya Smart -->
	<item class="com.smart.ThingSplashActivity" name="tuya_smart"/>

	<!-- Unexpected Keyboard -->
	<item class="juloo.keyboard2.LauncherActivity" name="unexpected_keyboard"/>

	<!-- USA Simply Grey -->
	<item class="com.usadesign.usasimplygrey.MainActivity" name="usa_simply_grey"/>

	<!-- Vanishing Hour -->
	<item class="com.watchfacedesigns.Vanish.MainActivity" name="vanishing_hour"/>

	<!-- Vespucci -->
	<item class="de.blau.android.Splash" name="vespucci"/>

	<!-- vs088 -->
	<item class="com.watchfacestudio.vs088.MainActivity" name="vs088"/>

	<!-- WADBS -->
	<item class="com.smoothie.wirelessDebuggingSwitch.SettingsActivity" name="wadbs"/>

	<!-- Wave -->
	<item class="com.watchfacestudio.awfwave.MainActivity" name="wave"/>

	<!-- Wear OS -->
	<item class="com.google.android.clockwork.companion.launcher.LauncherActivity" name="wear os"/>

	<!-- Web Media Share -->
	<item class="com.tobykurien.webmediashare.activity.MainActivity" name="web_media_share"/>

	<!-- Web Opac -->
	<item class="de.geeksfactory.opacclient.frontend.MainActivity" name="web_opac"/>

	<!-- what3words -->
	<item class="com.what3words.android.ui.splash.SplashActivity" name="what3words"/>

	<!-- Wohin·Du·Willst -->
	<item class="de.dbregio.wohinduwillst.feature.splashscreen.SplashscreenActivity" name="wohin·du·willst"/>

	<!-- Workout Pro -->
	<item class="fitness.workouts.home.workoutspro.activity.SplashActivity" name="workout_pro"/>

	<!-- Workouts Zuhause -->
	<item class="homeworkout.homeworkouts.noequipment.SplashActivity" name="workouts_zuhause"/>

	<!-- WTMP -->
	<item class="com.wtmp.ui.HostActivity" name="wtmp"/>

	<!-- Wunderfind -->
	<item class="com.hf.findlostdevice.DeviceListActivity" name="wunderfind"/>

	<!-- Würfelspiel -->
	<item class="org.secuso.privacyfriendlydicegame.SplashActivity" name="wurfelspiel"/>

	<!-- YAACC -->
	<item class="de.yaacc.browser.TabBrowserActivity" name="yaacc"/>

	<!-- YouGov -->
	<item class="com.yougov.init.InitActivity" name="yougov"/>

	<!-- zave.it -->
	<item class="it.zave.app.MainActivity" name="zaveit"/>

	<!-- ZDFheute -->
	<item class="de.heute.mobile.ui.MainActivity" name="zdfheute"/>

	<!-- Zeichnen -->
	<item class="com.simplemobiletools.draw.pro.activities.SplashActivity.Orange" name="zeichnen"/>

	<!-- zsTgriZxoUTLGtQ -->
	<item class="ru.ejtclqof.wbpztuets.MainActivity1" name="zstgrizxoutlgtq"/>

	<!-- Zu gut für die Tonne! – App -->
	<item class="app.zugutfuerdietonne.MainActivity" name="zu_gut_fur_die_tonne_–_app"/>

</appmap>