<resources>

	<!-- Arcticons Material You -->
	<item component="ComponentInfo{com.donnnno.arcticons.you/com.donnnno.arcticons.activities.MainActivity}" drawable="arcticons_material_you" />

	<!-- Hubble -->
	<item component="ComponentInfo{money.myhubble/money.myhubble.MainActivity}" drawable="hubble" />

	<!-- iOS Widgets - iWidgets -->
	<item component="ComponentInfo{colorwidgets.ios.widget.topwidgets/colorwidgets.ios.widget.topwidgets.ui.activity.loading.LoadingActivity}" drawable="ios_widgets_iwidgets" />

	<!-- Liquide -->
	<item component="ComponentInfo{life.liquide.app/life.liquide.app.MainActivity}" drawable="liquide" />

	<!-- Mindly -->
	<item component="ComponentInfo{com.dripgrind.mindly/com.dripgrind.mindly.highlights.MainActivity}" drawable="mindly" />

	<!-- Moneycontrol PRO -->
	<item component="ComponentInfo{com.divum.MoneyControl/com.moneycontrol.handheld.SplashActivity.PRO}" drawable="moneycontrol_pro" />

	<!-- Planet Marathi -->
	<item component="ComponentInfo{com.planetmarathi.android/com.planetmarathi.android.SplashActivity}" drawable="planet_marathi" />

	<!-- Pluma -->
	<item component="ComponentInfo{qijaz221.android.rss.reader/qijaz221.android.rss.reader.SplashActivity}" drawable="pluma" />

	<!-- Review -->
	<item component="ComponentInfo{fred.tasks/fred.tasks.MainActivity}" drawable="review" />

	<!-- Torrent Search Revolution V2 -->
	<item component="ComponentInfo{torrent.search.revolutionv2/com.example.torrentsearchrevolutionv2.presentation.activities.InitActivity}" drawable="torrent_search_revolution_v2" />

	<!-- ViPER4Android FX -->
	<item component="ComponentInfo{com.pittvandewitt.viperfx/com.pittvandewitt.viperfx.MainActivity}" drawable="viper4android_fx" />

	<!-- Wondrium -->
	<item component="ComponentInfo{com.tgc.greatcoursesplus/com.teachco.tgcplus.teachcoplus.activities.LoginActivity}" drawable="wondrium" />

	<!-- YMusic -->
	<item component="ComponentInfo{com.kapp.youtube.final/com.kapp.youtube.ui.MainActivity}" drawable="ymusic" />

</resources>