<Theme version="1">

	<!-- Arcticons Material You -->
	<AppIcon name="com.donnnno.arcticons.you/com.donnnno.arcticons.activities.MainActivity" image="arcticons_material_you"/>

	<!-- Hubble -->
	<AppIcon name="money.myhubble/money.myhubble.MainActivity" image="hubble"/>

	<!-- iOS Widgets - iWidgets -->
	<AppIcon name="colorwidgets.ios.widget.topwidgets/colorwidgets.ios.widget.topwidgets.ui.activity.loading.LoadingActivity" image="ios_widgets_iwidgets"/>

	<!-- Liquide -->
	<AppIcon name="life.liquide.app/life.liquide.app.MainActivity" image="liquide"/>

	<!-- Mindly -->
	<AppIcon name="com.dripgrind.mindly/com.dripgrind.mindly.highlights.MainActivity" image="mindly"/>

	<!-- Moneycontrol PRO -->
	<AppIcon name="com.divum.MoneyControl/com.moneycontrol.handheld.SplashActivity.PRO" image="moneycontrol_pro"/>

	<!-- Planet Marathi -->
	<AppIcon name="com.planetmarathi.android/com.planetmarathi.android.SplashActivity" image="planet_marathi"/>

	<!-- Pluma -->
	<AppIcon name="qijaz221.android.rss.reader/qijaz221.android.rss.reader.SplashActivity" image="pluma"/>

	<!-- Review -->
	<AppIcon name="fred.tasks/fred.tasks.MainActivity" image="review"/>

	<!-- Torrent Search Revolution V2 -->
	<AppIcon name="torrent.search.revolutionv2/com.example.torrentsearchrevolutionv2.presentation.activities.InitActivity" image="torrent_search_revolution_v2"/>

	<!-- ViPER4Android FX -->
	<AppIcon name="com.pittvandewitt.viperfx/com.pittvandewitt.viperfx.MainActivity" image="viper4android_fx"/>

	<!-- Wondrium -->
	<AppIcon name="com.tgc.greatcoursesplus/com.teachco.tgcplus.teachcoplus.activities.LoginActivity" image="wondrium"/>

	<!-- YMusic -->
	<AppIcon name="com.kapp.youtube.final/com.kapp.youtube.ui.MainActivity" image="ymusic"/>

</Theme>