<resources>

	<!-- AFWall+ -->
	<item component="ComponentInfo{dev.ukanth.ufirewall/dev.ukanth.ufirewall.MainActivity}" drawable="afwall_" />

	<!-- AMM -->
	<item component="ComponentInfo{com.fox2code.mmm/com.fox2code.mmm.MainActivity}" drawable="amm" />

	<!-- Array -->
	<item component="ComponentInfo{com.advice.array/com.advice.array.MainActivity}" drawable="array" />

	<!-- BARMER -->
	<item component="ComponentInfo{de.barmergek.serviceapp/de.barmer.serviceapp.viewlayer.activities.NativeSplashActivity}" drawable="barmer" />

	<!-- Bring! -->
	<item component="ComponentInfo{ch.publisheria.bring/ch.publisheria.bring.activities.BringMainActivity}" drawable="bring_" />

	<!-- CrossMe -->
	<item component="ComponentInfo{com.mobiledynamix.crossme.premium/com.mobiledynamix.crossme.CrossMeActivity}" drawable="crossme" />

	<!-- DITMM? -->
	<item component="ComponentInfo{dev.corruptedark.diditakemymeds/dev.corruptedark.diditakemymeds.MainActivity}" drawable="ditmm_" />

	<!-- Dollphone -->
	<item component="ComponentInfo{me.x2gd4.dollphone/me.x2gd4.dollphone.activities.MainActivity}" drawable="dollphone" />

	<!-- Finanzguru -->
	<item component="ComponentInfo{de.dwins.financeguru/de.dwins.financeguru.SplashActivity}" drawable="finanzguru" />

	<!-- Flow Free -->
	<item component="ComponentInfo{com.bigduckgames.flow/com.bigduckgames.flow.flow}" drawable="flow_free" />

	<!-- Flow Free -->
	<item component="ComponentInfo{com.bigduckgames.flowbridges/com.bigduckgames.flow.flow}" drawable="flow_free" />

	<!-- Flow Free -->
	<item component="ComponentInfo{com.bigduckgames.flowhexes/com.bigduckgames.flow.flow}" drawable="flow_free" />

	<!-- ImmoScout24 -->
	<item component="ComponentInfo{de.is24.android/de.is24.mobile.splash.SplashScreenActivity}" drawable="immoscout24" />

	<!-- Into the Dead -->
	<item component="ComponentInfo{com.sidheinteractive.sif.DR/com.pikpok.PikPokUnityActivity}" drawable="into_the_dead" />

	<!-- Nyan Cat: Lost In Space -->
	<item component="ComponentInfo{com.istomgames.engine/com.istomgames.engine.EngineActivity}" drawable="nyan_cat_lost_in_space" />

	<!-- TickTick -->
	<item component="ComponentInfo{com.ticktick.task/com.ticktick.task.HomeAlia_christmas}" drawable="ticktick" />

	<!-- Titanium Backup -->
	<item component="ComponentInfo{com.keramidas.TitaniumBackup/com.keramidas.TitaniumBackup.MainActivity}" drawable="titanium_backup" />

	<!-- Xoom -->
	<item component="ComponentInfo{com.xoom.android.app/com.xoom.android.app.launch.view.InitialActivity}" drawable="xoom" />

</resources>