<Theme version="1">

	<!-- AFWall+ -->
	<AppIcon name="dev.ukanth.ufirewall/dev.ukanth.ufirewall.MainActivity" image="afwall_"/>

	<!-- AMM -->
	<AppIcon name="com.fox2code.mmm/com.fox2code.mmm.MainActivity" image="amm"/>

	<!-- Array -->
	<AppIcon name="com.advice.array/com.advice.array.MainActivity" image="array"/>

	<!-- BARMER -->
	<AppIcon name="de.barmergek.serviceapp/de.barmer.serviceapp.viewlayer.activities.NativeSplashActivity" image="barmer"/>

	<!-- Bring! -->
	<AppIcon name="ch.publisheria.bring/ch.publisheria.bring.activities.BringMainActivity" image="bring_"/>

	<!-- CrossMe -->
	<AppIcon name="com.mobiledynamix.crossme.premium/com.mobiledynamix.crossme.CrossMeActivity" image="crossme"/>

	<!-- DITMM? -->
	<AppIcon name="dev.corruptedark.diditakemymeds/dev.corruptedark.diditakemymeds.MainActivity" image="ditmm_"/>

	<!-- Dollphone -->
	<AppIcon name="me.x2gd4.dollphone/me.x2gd4.dollphone.activities.MainActivity" image="dollphone"/>

	<!-- Finanzguru -->
	<AppIcon name="de.dwins.financeguru/de.dwins.financeguru.SplashActivity" image="finanzguru"/>

	<!-- Flow Free -->
	<AppIcon name="com.bigduckgames.flow/com.bigduckgames.flow.flow" image="flow_free"/>

	<!-- Flow Free -->
	<AppIcon name="com.bigduckgames.flowbridges/com.bigduckgames.flow.flow" image="flow_free"/>

	<!-- Flow Free -->
	<AppIcon name="com.bigduckgames.flowhexes/com.bigduckgames.flow.flow" image="flow_free"/>

	<!-- ImmoScout24 -->
	<AppIcon name="de.is24.android/de.is24.mobile.splash.SplashScreenActivity" image="immoscout24"/>

	<!-- Into the Dead -->
	<AppIcon name="com.sidheinteractive.sif.DR/com.pikpok.PikPokUnityActivity" image="into_the_dead"/>

	<!-- Nyan Cat: Lost In Space -->
	<AppIcon name="com.istomgames.engine/com.istomgames.engine.EngineActivity" image="nyan_cat_lost_in_space"/>

	<!-- TickTick -->
	<AppIcon name="com.ticktick.task/com.ticktick.task.HomeAlia_christmas" image="ticktick"/>

	<!-- Titanium Backup -->
	<AppIcon name="com.keramidas.TitaniumBackup/com.keramidas.TitaniumBackup.MainActivity" image="titanium_backup"/>

	<!-- Xoom -->
	<AppIcon name="com.xoom.android.app/com.xoom.android.app.launch.view.InitialActivity" image="xoom"/>

</Theme>