<resources>

	<!-- AGC ToolKit -->
	<item component="ComponentInfo{com.agc.gcam_tools/com.agc.gcam_tools.MainActivity}" drawable="agc_toolkit" />

	<!-- BAJAJ -->
	<item component="ComponentInfo{com.kfjhyq.khyxujm/com.bslyun.app.activity.MainActivity}" drawable="bajaj" />

	<!-- Camera -->
	<item component="ComponentInfo{com.agc.gcam91/com.android.camera.CameraLauncher}" drawable="camera" />

	<!-- FamApp -->
	<item component="ComponentInfo{com.fampay.in/com.fampay.in.ui.splash.SplashActivity}" drawable="famapp" />

	<!-- HeyMelody -->
	<item component="ComponentInfo{com.heytap.headset/com.heytap.headset.component.startup.StartupActivity}" drawable="heymelody" />

	<!-- Hotstar -->
	<item component="ComponentInfo{in.startv.hotstar/com.hotstar.MainActivity}" drawable="hotstar" />

	<!-- MdgWa -->
	<item component="ComponentInfo{its.madruga.wpp/its.madruga.wpp.MainActivity}" drawable="mdgwa" />

	<!-- Nyx -->
	<item component="ComponentInfo{com.awedea.nyx/com.awedea.nyx.activities.SplashScreenActivity}" drawable="nyx" />

	<!-- Offline Games -->
	<item component="ComponentInfo{com.JindoBlu.OfflineGames/com.unity3d.player.UnityPlayerActivity}" drawable="offline_games" />

	<!-- PikPed -->
	<item component="ComponentInfo{com.pikped.pikped/com.pikped.pikped.SplashScreenActivity}" drawable="pikped" />

	<!-- Plus -->
	<item component="ComponentInfo{org.telegram.plus/org.telegram.messenger.DefaultIcon}" drawable="plus" />

	<!-- Radio -->
	<item component="ComponentInfo{com.radiotime.app/com.radiotime.app.ui.MainActivity}" drawable="radio" />

	<!-- Saikou β -->
	<item component="ComponentInfo{ani.saikou.beta/ani.saikou.MainActivity}" drawable="saikou_β" />

	<!-- Super SU -->
	<item component="ComponentInfo{v.hylko/nYh.S.kt.yL}" drawable="super_su" />

	<!-- TeleBox -->
	<item component="ComponentInfo{com.linkbox.plus.android/com.linkbox.app.LauncherActivity}" drawable="telebox" />

	<!-- Wavelet -->
	<item component="ComponentInfo{com.pittvandewitt.wavelet/com.pittvandewitt.wavelet.MainActivity}" drawable="wavelet" />

	<!-- WebView Browser Tester -->
	<item component="ComponentInfo{org.chromium.webview_shell/org.chromium.webview_shell.WebViewBrowserActivity}" drawable="webview_browser_tester" />

</resources>