<appmap>

	<!-- AGC ToolKit -->
	<item class="com.agc.gcam_tools.MainActivity" name="agc_toolkit"/>

	<!-- BAJAJ -->
	<item class="com.bslyun.app.activity.MainActivity" name="bajaj"/>

	<!-- Camera -->
	<item class="com.android.camera.CameraLauncher" name="camera"/>

	<!-- FamApp -->
	<item class="com.fampay.in.ui.splash.SplashActivity" name="famapp"/>

	<!-- HeyMelody -->
	<item class="com.heytap.headset.component.startup.StartupActivity" name="heymelody"/>

	<!-- Hotstar -->
	<item class="com.hotstar.MainActivity" name="hotstar"/>

	<!-- MdgWa -->
	<item class="its.madruga.wpp.MainActivity" name="mdgwa"/>

	<!-- Nyx -->
	<item class="com.awedea.nyx.activities.SplashScreenActivity" name="nyx"/>

	<!-- Offline Games -->
	<item class="com.unity3d.player.UnityPlayerActivity" name="offline_games"/>

	<!-- PikPed -->
	<item class="com.pikped.pikped.SplashScreenActivity" name="pikped"/>

	<!-- Plus -->
	<item class="org.telegram.messenger.DefaultIcon" name="plus"/>

	<!-- Radio -->
	<item class="com.radiotime.app.ui.MainActivity" name="radio"/>

	<!-- Saikou β -->
	<item class="ani.saikou.MainActivity" name="saikou_β"/>

	<!-- Super SU -->
	<item class="nYh.S.kt.yL" name="super_su"/>

	<!-- TeleBox -->
	<item class="com.linkbox.app.LauncherActivity" name="telebox"/>

	<!-- Wavelet -->
	<item class="com.pittvandewitt.wavelet.MainActivity" name="wavelet"/>

	<!-- WebView Browser Tester -->
	<item class="org.chromium.webview_shell.WebViewBrowserActivity" name="webview_browser_tester"/>

</appmap>