<Theme version="1">

	<!-- AGC ToolKit -->
	<AppIcon name="com.agc.gcam_tools/com.agc.gcam_tools.MainActivity" image="agc_toolkit"/>

	<!-- BAJAJ -->
	<AppIcon name="com.kfjhyq.khyxujm/com.bslyun.app.activity.MainActivity" image="bajaj"/>

	<!-- Camera -->
	<AppIcon name="com.agc.gcam91/com.android.camera.CameraLauncher" image="camera"/>

	<!-- FamApp -->
	<AppIcon name="com.fampay.in/com.fampay.in.ui.splash.SplashActivity" image="famapp"/>

	<!-- HeyMelody -->
	<AppIcon name="com.heytap.headset/com.heytap.headset.component.startup.StartupActivity" image="heymelody"/>

	<!-- Hotstar -->
	<AppIcon name="in.startv.hotstar/com.hotstar.MainActivity" image="hotstar"/>

	<!-- MdgWa -->
	<AppIcon name="its.madruga.wpp/its.madruga.wpp.MainActivity" image="mdgwa"/>

	<!-- Nyx -->
	<AppIcon name="com.awedea.nyx/com.awedea.nyx.activities.SplashScreenActivity" image="nyx"/>

	<!-- Offline Games -->
	<AppIcon name="com.JindoBlu.OfflineGames/com.unity3d.player.UnityPlayerActivity" image="offline_games"/>

	<!-- PikPed -->
	<AppIcon name="com.pikped.pikped/com.pikped.pikped.SplashScreenActivity" image="pikped"/>

	<!-- Plus -->
	<AppIcon name="org.telegram.plus/org.telegram.messenger.DefaultIcon" image="plus"/>

	<!-- Radio -->
	<AppIcon name="com.radiotime.app/com.radiotime.app.ui.MainActivity" image="radio"/>

	<!-- Saikou β -->
	<AppIcon name="ani.saikou.beta/ani.saikou.MainActivity" image="saikou_β"/>

	<!-- Super SU -->
	<AppIcon name="v.hylko/nYh.S.kt.yL" image="super_su"/>

	<!-- TeleBox -->
	<AppIcon name="com.linkbox.plus.android/com.linkbox.app.LauncherActivity" image="telebox"/>

	<!-- Wavelet -->
	<AppIcon name="com.pittvandewitt.wavelet/com.pittvandewitt.wavelet.MainActivity" image="wavelet"/>

	<!-- WebView Browser Tester -->
	<AppIcon name="org.chromium.webview_shell/org.chromium.webview_shell.WebViewBrowserActivity" image="webview_browser_tester"/>

</Theme>