<appmap>

	<!-- 2048 -->
	<item class="com.uberspot.a2048.MainActivity" name="_2048"/>

	<!-- andOTP -->
	<item class="org.shadowice.flocke.andotp.Activities.MainActivity" name="andotp"/>

	<!-- Aqua Mail -->
	<item class="org.kman.AquaMail.ui.AccountListActivity" name="aqua_mail"/>

	<!-- Aruba PEC -->
	<item class="it.aruba.mobile.uxlib.loginUx.LoginActivity" name="aruba_pec"/>

	<!-- Auxio -->
	<item class="org.oxycblt.auxio.MainActivity" name="auxio"/>

	<!-- BestifyMe -->
	<item class="com.mayur.personalitydevelopment.activity.SplashActivity" name="bestifyme"/>

	<!-- Cake -->
	<item class="me.mycake.MainActivity" name="cake"/>

	<!-- Calendar -->
	<item class="com.simplemobiletools.calendar.pro.activities.SplashActivity.Blue" name="simplemobiletools_calendar_blue"/>

	<!-- Cards With Cats -->
	<item class="com.dozingcatsoftware.cardswithcats.MainActivity" name="cards_with_cats"/>

	<!-- Chronus -->
	<item class="com.dvtonder.chronus.preference.PreferencesMain" name="chronus"/>

	<!-- Coffee -->
	<item class="com.github.muellerma.coffee.activities.MainActivity" name="coffee"/>

	<!-- Compass -->
	<item class="com.bobek.compass.MainActivity" name="compass"/>

	<!-- Crossword Puzzles -->
	<item class="com.cruciappfree.MainSplashScreen" name="crossword_puzzles"/>

	<!-- Etsy -->
	<item class="com.etsy.android.ui.homescreen.HomescreenTabsActivity" name="etsy"/>

	<!-- Feedly -->
	<item class="com.devhd.feedly.MainActivity" name="feedly"/>

	<!-- Flashscore -->
	<item class="eu.livesport.LiveSport_cz.config.core.DefaultLauncher" name="flashscore"/>

	<!-- Gallery -->
	<item class="com.simplemobiletools.gallery.pro.activities.SplashActivity.Green" name="simplemobiletools_gallery_green"/>

	<!-- ho. -->
	<item class="it.nttdata.vodafonelean.splash.SplashActivity" name="ho"/>

	<!-- Keepass2Android -->
	<item class="crc64dd09b2a2e58bb27d.KeePass" name="keepass2android"/>

	<!-- Kindle -->
	<item class="com.amazon.kindle.UpgradePage" name="kindle"/>

	<!-- Memo Game -->
	<item class="org.secuso.privacyfriendlymemory.ui.SplashActivity" name="memo_game"/>

	<!-- MioDottore.it -->
	<item class="com.app.MainActivity" name="miodottoreit"/>

	<!-- Mobile -->
	<item class="com.latuabancaperandroid.presentation.activity.LandingPageActivity2" name="mobile"/>

	<!-- MyInfoCert -->
	<item class="com.mobile.android.infocert.section.launch.ui.LaunchActivity" name="myinfocert"/>

	<!-- Mysplash -->
	<item class="com.wangdaye.mysplash.main.MainActivity" name="mysplash"/>

	<!-- Notes -->
	<item class="com.simplemobiletools.notes.pro.activities.SplashActivity.Yellow" name="simplemobiletools_notes_yellow"/>

	<!-- PacedBreathing -->
	<item class="com.mihaibulic.apps.pacedbreathing.MainActivity" name="pacedbreathing"/>

	<!-- Pixel Tips -->
	<item class="com.google.android.apps.tips.TipsMain" name="pixel_tips"/>

	<!-- Prezzi Benzina -->
	<item class="it.prezzibenzina.pb3.activities.MainActivity" name="prezzi_benzina"/>

	<!-- QR Scanner -->
	<item class="com.secuso.privacyfriendlycodescanner.qrscanner.ui.activities.SplashActivity" name="qr_scanner"/>

	<!-- Radio Garden -->
	<item class="com.jonathanpuckey.radiogarden.MainActivity" name="radio_garden"/>

	<!-- Recorder -->
	<item class="com.google.android.apps.recorder.ui.recordings.MainActivity" name="recorder"/>

	<!-- ReZ Launcher -->
	<item class="com.perryoncrack.rez.MainActivity" name="rez_launcher"/>

	<!-- Ruler -->
	<item class="org.nixgame.ruler.ActivityRuler" name="ruler"/>

	<!-- RustDesk -->
	<item class="com.carriez.flutter_hbb.MainActivity" name="rustdesk"/>

	<!-- SD Maid -->
	<item class="eu.thedarken.sdm.main.ui.SDMMainActivity" name="sd_maid"/>

	<!-- SD Maid Pro -->
	<item class="eu.thedarken.sdm.unlocker.MainActivity" name="sd_maid_pro"/>

	<!-- Shelf -->
	<item class="com.shelf.app.main.ShelfActivity" name="shelf"/>

	<!-- Simple Solitaire Collection -->
	<item class="de.tobiasbielefeld.solitaire.ui.GameSelector" name="simple_solitaire_collection"/>

	<!-- Subito -->
	<item class="it.subito.v2.search.ListingActivity" name="subito"/>

	<!-- Tasky -->
	<item class="com.thatsmanmeet.taskyapp.MainActivity" name="tasky"/>

	<!-- Thank You -->
	<item class="com.simplemobiletools.thankyou.activities.SplashActivity.Orange" name="thank_you"/>

	<!-- Tinder -->
	<item class="com.tinder.launch.internal.activities.LoginActivity" name="tinder"/>

	<!-- Tv italiane -->
	<item class="com.eurostreamable.italy.MainActivity" name="tv_italiane"/>

	<!-- Volume -->
	<item class="de.hp.volume.Main" name="volume"/>

	<!-- Wallapop -->
	<item class="com.wallapop.activities.HomeActivity" name="wallapop"/>

	<!-- Where Are U -->
	<item class="it.Beta80Group.whereareu.SplashActivity" name="where_are_u"/>

	<!-- WordUp -->
	<item class="crc646f45dd7a1b6aab56.SplashScreen" name="wordup"/>

	<!-- Workout Pro -->
	<item class="fitness.workouts.home.workoutspro.activity.SplashActivity" name="workout_pro"/>

</appmap>