<resources>

	<!-- App Share -->
	<item component="ComponentInfo{com.taskmanager.appshare/com.taskmanager.appshare.MainActivity}" drawable="app_share" />

	<!-- AudioLab -->
	<item component="ComponentInfo{com.hitrolab.audioeditor/com.hitrolab.audioeditor.MainActivity}" drawable="audiolab" />

	<!-- AutoGuard -->
	<item component="ComponentInfo{com.hovans.autoguard/com.hovans.autoguard.ui.HomeActivity}" drawable="autoguard" />

	<!-- COIN -->
	<item component="ComponentInfo{network.xyo.coin/network.xyo.coin.LoginActivity}" drawable="coin" />

	<!-- Cube ACR -->
	<item component="ComponentInfo{com.catalinagroup.callrecorder/com.catalinagroup.callrecorder.AppListActivityAlias}" drawable="cube_acr" />

	<!-- Cube ACR Helper -->
	<item component="ComponentInfo{com.catalinagroup.callrecorder.helper/com.catalinagroup.callrecorder.AppListActivityAlias}" drawable="cube_acr_helper" />

	<!-- Default App Manager Lite -->
	<item component="ComponentInfo{com.webserveis.app.defaultappmanager/com.webserveis.app.defaultappmanager.MainActivity}" drawable="default_app_manager_lite" />

	<!-- Droid Dashcam -->
	<item component="ComponentInfo{com.helge.droiddashcam/com.helge.droiddashcam.ui.rec.RecActivity}" drawable="droid_dashcam" />

	<!-- Fetch -->
	<item component="ComponentInfo{com.fetchrewards.fetchrewards.hop/com.fetchrewards.fetchrewards.splash.activities.SplashActivity}" drawable="fetch" />

	<!-- Hiya -->
	<item component="ComponentInfo{com.webascender.callerid/com.hiya.stingray.features.splash.presentation.SplashActivity}" drawable="hiya" />

	<!-- LED Me Know -->
	<item component="ComponentInfo{com.anker.ledmeknow/com.anker.ledmeknow.activity.MainActivity}" drawable="led_me_know" />

	<!-- Muviz Edge -->
	<item component="ComponentInfo{com.sparkine.muvizedge/com.sparkine.muvizedge.activity.HomeActivity}" drawable="muviz_edge" />

	<!-- Picsart -->
	<item component="ComponentInfo{com.picsart.studio/com.socialin.android.photo.picsinphoto.MainPagerActivity}" drawable="picsart" />

	<!-- Quora -->
	<item component="ComponentInfo{com.quora.android/com.quora.android.components.activities.LauncherActivity}" drawable="quora" />

	<!-- Rocket Money -->
	<item component="ComponentInfo{com.truebill/com.truebill.MainActivity}" drawable="rocket_money" />

	<!-- Shouter -->
	<item component="ComponentInfo{com.bhkapps.proshouter/com.bhkapps.shouter.ui.ShouterActivity}" drawable="shouter" />

	<!-- SpotiQ Ten -->
	<item component="ComponentInfo{com.frack.spotiqten/com.frack.spotiqten.SplashActivity}" drawable="spotiq_ten" />

	<!-- Visual Voicemail -->
	<item component="ComponentInfo{com.tmobile.vvm.application/com.tmobile.vvm.application.activity.setup.WelcomeActivity}" drawable="visual_voicemail" />

	<!-- Wallpaper Changer -->
	<item component="ComponentInfo{de.j4velin.wallpaperChanger/de.j4velin.wallpaperChanger.settings.Settings}" drawable="wallpaper_changer" />

	<!-- Walmart -->
	<item component="ComponentInfo{com.walmart.android/com.walmart.glass.integration.splash.SplashActivity}" drawable="walmart" />

</resources>