<appmap>

	<!-- App Share -->
	<item class="com.taskmanager.appshare.MainActivity" name="app_share"/>

	<!-- AudioLab -->
	<item class="com.hitrolab.audioeditor.MainActivity" name="audiolab"/>

	<!-- AutoGuard -->
	<item class="com.hovans.autoguard.ui.HomeActivity" name="autoguard"/>

	<!-- COIN -->
	<item class="network.xyo.coin.LoginActivity" name="coin"/>

	<!-- Cube ACR -->
	<item class="com.catalinagroup.callrecorder.AppListActivityAlias" name="cube_acr"/>

	<!-- Cube ACR Helper -->
	<item class="com.catalinagroup.callrecorder.AppListActivityAlias" name="cube_acr_helper"/>

	<!-- Default App Manager Lite -->
	<item class="com.webserveis.app.defaultappmanager.MainActivity" name="default_app_manager_lite"/>

	<!-- Droid Dashcam -->
	<item class="com.helge.droiddashcam.ui.rec.RecActivity" name="droid_dashcam"/>

	<!-- Fetch -->
	<item class="com.fetchrewards.fetchrewards.splash.activities.SplashActivity" name="fetch"/>

	<!-- Hiya -->
	<item class="com.hiya.stingray.features.splash.presentation.SplashActivity" name="hiya"/>

	<!-- LED Me Know -->
	<item class="com.anker.ledmeknow.activity.MainActivity" name="led_me_know"/>

	<!-- Muviz Edge -->
	<item class="com.sparkine.muvizedge.activity.HomeActivity" name="muviz_edge"/>

	<!-- Picsart -->
	<item class="com.socialin.android.photo.picsinphoto.MainPagerActivity" name="picsart"/>

	<!-- Quora -->
	<item class="com.quora.android.components.activities.LauncherActivity" name="quora"/>

	<!-- Rocket Money -->
	<item class="com.truebill.MainActivity" name="rocket_money"/>

	<!-- Shouter -->
	<item class="com.bhkapps.shouter.ui.ShouterActivity" name="shouter"/>

	<!-- SpotiQ Ten -->
	<item class="com.frack.spotiqten.SplashActivity" name="spotiq_ten"/>

	<!-- Visual Voicemail -->
	<item class="com.tmobile.vvm.application.activity.setup.WelcomeActivity" name="visual_voicemail"/>

	<!-- Wallpaper Changer -->
	<item class="de.j4velin.wallpaperChanger.settings.Settings" name="wallpaper_changer"/>

	<!-- Walmart -->
	<item class="com.walmart.glass.integration.splash.SplashActivity" name="walmart"/>

</appmap>