<Theme version="1">

	<!-- App Share -->
	<AppIcon name="com.taskmanager.appshare/com.taskmanager.appshare.MainActivity" image="app_share"/>

	<!-- AudioLab -->
	<AppIcon name="com.hitrolab.audioeditor/com.hitrolab.audioeditor.MainActivity" image="audiolab"/>

	<!-- AutoGuard -->
	<AppIcon name="com.hovans.autoguard/com.hovans.autoguard.ui.HomeActivity" image="autoguard"/>

	<!-- COIN -->
	<AppIcon name="network.xyo.coin/network.xyo.coin.LoginActivity" image="coin"/>

	<!-- Cube ACR -->
	<AppIcon name="com.catalinagroup.callrecorder/com.catalinagroup.callrecorder.AppListActivityAlias" image="cube_acr"/>

	<!-- Cube ACR Helper -->
	<AppIcon name="com.catalinagroup.callrecorder.helper/com.catalinagroup.callrecorder.AppListActivityAlias" image="cube_acr_helper"/>

	<!-- Default App Manager Lite -->
	<AppIcon name="com.webserveis.app.defaultappmanager/com.webserveis.app.defaultappmanager.MainActivity" image="default_app_manager_lite"/>

	<!-- Droid Dashcam -->
	<AppIcon name="com.helge.droiddashcam/com.helge.droiddashcam.ui.rec.RecActivity" image="droid_dashcam"/>

	<!-- Fetch -->
	<AppIcon name="com.fetchrewards.fetchrewards.hop/com.fetchrewards.fetchrewards.splash.activities.SplashActivity" image="fetch"/>

	<!-- Hiya -->
	<AppIcon name="com.webascender.callerid/com.hiya.stingray.features.splash.presentation.SplashActivity" image="hiya"/>

	<!-- LED Me Know -->
	<AppIcon name="com.anker.ledmeknow/com.anker.ledmeknow.activity.MainActivity" image="led_me_know"/>

	<!-- Muviz Edge -->
	<AppIcon name="com.sparkine.muvizedge/com.sparkine.muvizedge.activity.HomeActivity" image="muviz_edge"/>

	<!-- Picsart -->
	<AppIcon name="com.picsart.studio/com.socialin.android.photo.picsinphoto.MainPagerActivity" image="picsart"/>

	<!-- Quora -->
	<AppIcon name="com.quora.android/com.quora.android.components.activities.LauncherActivity" image="quora"/>

	<!-- Rocket Money -->
	<AppIcon name="com.truebill/com.truebill.MainActivity" image="rocket_money"/>

	<!-- Shouter -->
	<AppIcon name="com.bhkapps.proshouter/com.bhkapps.shouter.ui.ShouterActivity" image="shouter"/>

	<!-- SpotiQ Ten -->
	<AppIcon name="com.frack.spotiqten/com.frack.spotiqten.SplashActivity" image="spotiq_ten"/>

	<!-- Visual Voicemail -->
	<AppIcon name="com.tmobile.vvm.application/com.tmobile.vvm.application.activity.setup.WelcomeActivity" image="visual_voicemail"/>

	<!-- Wallpaper Changer -->
	<AppIcon name="de.j4velin.wallpaperChanger/de.j4velin.wallpaperChanger.settings.Settings" image="wallpaper_changer"/>

	<!-- Walmart -->
	<AppIcon name="com.walmart.android/com.walmart.glass.integration.splash.SplashActivity" image="walmart"/>

</Theme>