<resources>

	<!-- BiglyBT -->
	<item component="ComponentInfo{com.biglybt.android.client/com.biglybt.android.client.activity.IntentHandler}" drawable="biglybt" />

	<!-- Camera -->
	<item component="ComponentInfo{com.oplus.camera/com.oplus.camera.Camera}" drawable="camera" />

	<!-- Community -->
	<item component="ComponentInfo{com.realmecomm.app/com.android.realme2.start.view.AdvertiseActivity}" drawable="community" />

	<!-- Eddie - AirVPN GUI -->
	<item component="ComponentInfo{org.airvpn.eddie/org.airvpn.eddie.MainActivity}" drawable="eddie_airvpn_gui" />

	<!-- Games -->
	<item component="ComponentInfo{com.oplus.games/com.oplus.games.ui.main.MainGameActivity}" drawable="games" />

	<!-- GCash -->
	<item component="ComponentInfo{com.globe.gcash.android/com.globe.gcash.android.Default}" drawable="gcash" />

	<!-- GOMO PH -->
	<item component="ComponentInfo{ph.com.globe.gomo/ph.com.globe.gomo.MainActivity}" drawable="gomo_ph" />

	<!-- Loud Horns and Sirens -->
	<item component="ComponentInfo{st.soundboard.sirenpranksound/st.soundboard.sirenpranksound.MainActivity}" drawable="loud_horns_and_sirens" />

	<!-- Mulch -->
	<item component="ComponentInfo{us.spotco.mulch/com.google.android.apps.chrome.Main}" drawable="mulch" />

	<!-- ORoaming -->
	<item component="ComponentInfo{com.redteamobile.roaming/com.redteamobile.roaming.MainActivity}" drawable="oroaming" />

	<!-- sNotz -->
	<item component="ComponentInfo{com.sunilpaulmathew.snotz/com.sunilpaulmathew.snotz.activities.StartActivity}" drawable="snotz" />

	<!-- StepsApp -->
	<item component="ComponentInfo{com.stepsappgmbh.stepsapp/com.stepsappgmbh.stepsapp.home.MainActivity}" drawable="stepsapp" />

	<!-- Theme Store -->
	<item component="ComponentInfo{com.oplus.themestore/com.nearme.themespace.activities.ThemeActivity}" drawable="theme_store" />

	<!-- Tubular -->
	<item component="ComponentInfo{org.polymorphicshade.tubular/org.schabi.newpipe.MainActivity}" drawable="tubular" />

	<!-- Xe -->
	<item component="ComponentInfo{com.xe.currency/com.xe.currency.MainActivity}" drawable="xe" />

</resources>