<resources>

	<!-- Artspira -->
	<item component="ComponentInfo{com.brother.ph.mobile.craftsewing/crc6471b349ff9ff2fe4d.SplashActivity}" drawable="artspira" />

	<!-- Clinometer -->
	<item component="ComponentInfo{eu.basicairdata.clinometer/eu.basicairdata.clinometer.ClinometerActivity}" drawable="clinometer" />

	<!-- Connect -->
	<item component="ComponentInfo{com.garmin.android.apps.connectmobile/com.garmin.android.apps.connectmobile.GCMActivityStartup}" drawable="connect" />

	<!-- Connect IQ -->
	<item component="ComponentInfo{com.garmin.connectiq/com.garmin.connectiq.ui.startup.StartupActivity}" drawable="connect_iq" />

	<!-- Gurgle -->
	<item component="ComponentInfo{org.billthefarmer.gurgle/org.billthefarmer.gurgle.Gurgle}" drawable="gurgle" />

	<!-- Hash Checker -->
	<item component="ComponentInfo{com.smlnskgmail.jaman.hashchecker.thirdparty/com.smlnskgmail.jaman.hashchecker.MainActivity}" drawable="hash_checker" />

	<!-- Headphones -->
	<item component="ComponentInfo{com.sony.songpal.mdr/com.sony.songpal.mdr.vim.activity.MdrMainActivity}" drawable="headphones" />

	<!-- Hive with AI -->
	<item component="ComponentInfo{com.jb.hive.android/com.jb.hive.android.StartActivity}" drawable="hive_with_ai" />

	<!-- hoopla -->
	<item component="ComponentInfo{com.hoopladigital.android/com.hoopladigital.android.ui.activity.SplashScreenActivity}" drawable="hoopla" />

	<!-- Iconeration -->
	<item component="ComponentInfo{com.kaanelloed.iconeration/com.kaanelloed.iconeration.MainActivity}" drawable="iconeration" />

	<!-- Inner Breeze -->
	<item component="ComponentInfo{io.naox.inbe/io.naox.inbe.MainActivity}" drawable="inner_breeze" />

	<!-- Jerboa -->
	<item component="ComponentInfo{com.jerboa/com.jerboa.MainActivity}" drawable="jerboa" />

	<!-- Just Player -->
	<item component="ComponentInfo{com.brouken.player/com.brouken.player.PlayerActivity}" drawable="just_player" />

	<!-- Kindle -->
	<item component="ComponentInfo{com.amazon.kindle/com.amazon.kindle.UpgradePage}" drawable="kindle" />

	<!-- Libby -->
	<item component="ComponentInfo{com.overdrive.mobile.android.libby/com.overdrive.mobile.android.nautilus.ui.Activity_Main}" drawable="libby" />

	<!-- Logseq -->
	<item component="ComponentInfo{com.logseq.app/com.logseq.app.MainActivity}" drawable="logseq" />

	<!-- Lovense Remote -->
	<item component="ComponentInfo{com.lovense.wear/com.wear.main.FlashActivity}" drawable="lovense_remote" />

	<!-- monerujo -->
	<item component="ComponentInfo{com.m2049r.xmrwallet/com.m2049r.xmrwallet.MainActivity}" drawable="monerujo" />

	<!-- OctoDroid -->
	<item component="ComponentInfo{com.gh4a/com.gh4a.activities.Github4AndroidActivity}" drawable="octodroid" />

	<!-- OfferUp -->
	<item component="ComponentInfo{com.offerup/com.offerup.MainActivity}" drawable="offerup" />

	<!-- Osm Go! -->
	<item component="ComponentInfo{fr.dogeo.osmgo/fr.dogeo.osmgo.MainActivity}" drawable="osm_go_" />

	<!-- SmallTalk -->
	<item component="ComponentInfo{app.dapk.st/app.dapk.st.MainActivity}" drawable="smalltalk" />

	<!-- Street­Complete -->
	<item component="ComponentInfo{de.westnordost.streetcomplete/de.westnordost.streetcomplete.screens.MainActivity}" drawable="street­complete" />

	<!-- SuperFreezZ -->
	<item component="ComponentInfo{superfreeze.tool.android/superfreeze.tool.android.userInterface.mainActivity.MainActivity}" drawable="superfreezz" />

	<!-- Survival Manual -->
	<item component="ComponentInfo{org.ligi.survivalmanual/org.ligi.survivalmanual.ui.MainActivity}" drawable="survival_manual" />

	<!-- Syncthing -->
	<item component="ComponentInfo{com.nutomic.syncthingandroid/com.nutomic.syncthingandroid.activities.FirstStartActivity}" drawable="syncthing" />

	<!-- Tophy -->
	<item component="ComponentInfo{com.tophy.android/com.wear.buzzee.app.SplashActivity}" drawable="tophy" />

	<!-- Vanadium -->
	<item component="ComponentInfo{app.vanadium.browser/com.google.android.apps.chrome.Main}" drawable="vanadium" />

	<!-- Vantage West -->
	<item component="ComponentInfo{com.vantagewestcu.vantagewestcu/com.vantagewestcu.vantagewestcu.MainActivity}" drawable="vantage_west" />

	<!-- Venmo -->
	<item component="ComponentInfo{com.venmo/com.venmo.AppExperienceLauncherActivity}" drawable="venmo" />

</resources>