<appmap>

	<!-- Artspira -->
	<item class="crc6471b349ff9ff2fe4d.SplashActivity" name="artspira"/>

	<!-- Clinometer -->
	<item class="eu.basicairdata.clinometer.ClinometerActivity" name="clinometer"/>

	<!-- Connect -->
	<item class="com.garmin.android.apps.connectmobile.GCMActivityStartup" name="connect"/>

	<!-- Connect IQ -->
	<item class="com.garmin.connectiq.ui.startup.StartupActivity" name="connect_iq"/>

	<!-- Gurgle -->
	<item class="org.billthefarmer.gurgle.Gurgle" name="gurgle"/>

	<!-- Hash Checker -->
	<item class="com.smlnskgmail.jaman.hashchecker.MainActivity" name="hash_checker"/>

	<!-- Headphones -->
	<item class="com.sony.songpal.mdr.vim.activity.MdrMainActivity" name="headphones"/>

	<!-- Hive with AI -->
	<item class="com.jb.hive.android.StartActivity" name="hive_with_ai"/>

	<!-- hoopla -->
	<item class="com.hoopladigital.android.ui.activity.SplashScreenActivity" name="hoopla"/>

	<!-- Iconeration -->
	<item class="com.kaanelloed.iconeration.MainActivity" name="iconeration"/>

	<!-- Inner Breeze -->
	<item class="io.naox.inbe.MainActivity" name="inner_breeze"/>

	<!-- Jerboa -->
	<item class="com.jerboa.MainActivity" name="jerboa"/>

	<!-- Just Player -->
	<item class="com.brouken.player.PlayerActivity" name="just_player"/>

	<!-- Kindle -->
	<item class="com.amazon.kindle.UpgradePage" name="kindle"/>

	<!-- Libby -->
	<item class="com.overdrive.mobile.android.nautilus.ui.Activity_Main" name="libby"/>

	<!-- Logseq -->
	<item class="com.logseq.app.MainActivity" name="logseq"/>

	<!-- Lovense Remote -->
	<item class="com.wear.main.FlashActivity" name="lovense_remote"/>

	<!-- monerujo -->
	<item class="com.m2049r.xmrwallet.MainActivity" name="monerujo"/>

	<!-- OctoDroid -->
	<item class="com.gh4a.activities.Github4AndroidActivity" name="octodroid"/>

	<!-- OfferUp -->
	<item class="com.offerup.MainActivity" name="offerup"/>

	<!-- Osm Go! -->
	<item class="fr.dogeo.osmgo.MainActivity" name="osm_go_"/>

	<!-- SmallTalk -->
	<item class="app.dapk.st.MainActivity" name="smalltalk"/>

	<!-- Street­Complete -->
	<item class="de.westnordost.streetcomplete.screens.MainActivity" name="street­complete"/>

	<!-- SuperFreezZ -->
	<item class="superfreeze.tool.android.userInterface.mainActivity.MainActivity" name="superfreezz"/>

	<!-- Survival Manual -->
	<item class="org.ligi.survivalmanual.ui.MainActivity" name="survival_manual"/>

	<!-- Syncthing -->
	<item class="com.nutomic.syncthingandroid.activities.FirstStartActivity" name="syncthing"/>

	<!-- Tophy -->
	<item class="com.wear.buzzee.app.SplashActivity" name="tophy"/>

	<!-- Vanadium -->
	<item class="com.google.android.apps.chrome.Main" name="vanadium"/>

	<!-- Vantage West -->
	<item class="com.vantagewestcu.vantagewestcu.MainActivity" name="vantage_west"/>

	<!-- Venmo -->
	<item class="com.venmo.AppExperienceLauncherActivity" name="venmo"/>

</appmap>