<Theme version="1">

	<!-- Artspira -->
	<AppIcon name="com.brother.ph.mobile.craftsewing/crc6471b349ff9ff2fe4d.SplashActivity" image="artspira"/>

	<!-- Clinometer -->
	<AppIcon name="eu.basicairdata.clinometer/eu.basicairdata.clinometer.ClinometerActivity" image="clinometer"/>

	<!-- Connect -->
	<AppIcon name="com.garmin.android.apps.connectmobile/com.garmin.android.apps.connectmobile.GCMActivityStartup" image="connect"/>

	<!-- Connect IQ -->
	<AppIcon name="com.garmin.connectiq/com.garmin.connectiq.ui.startup.StartupActivity" image="connect_iq"/>

	<!-- Gurgle -->
	<AppIcon name="org.billthefarmer.gurgle/org.billthefarmer.gurgle.Gurgle" image="gurgle"/>

	<!-- Hash Checker -->
	<AppIcon name="com.smlnskgmail.jaman.hashchecker.thirdparty/com.smlnskgmail.jaman.hashchecker.MainActivity" image="hash_checker"/>

	<!-- Headphones -->
	<AppIcon name="com.sony.songpal.mdr/com.sony.songpal.mdr.vim.activity.MdrMainActivity" image="headphones"/>

	<!-- Hive with AI -->
	<AppIcon name="com.jb.hive.android/com.jb.hive.android.StartActivity" image="hive_with_ai"/>

	<!-- hoopla -->
	<AppIcon name="com.hoopladigital.android/com.hoopladigital.android.ui.activity.SplashScreenActivity" image="hoopla"/>

	<!-- Iconeration -->
	<AppIcon name="com.kaanelloed.iconeration/com.kaanelloed.iconeration.MainActivity" image="iconeration"/>

	<!-- Inner Breeze -->
	<AppIcon name="io.naox.inbe/io.naox.inbe.MainActivity" image="inner_breeze"/>

	<!-- Jerboa -->
	<AppIcon name="com.jerboa/com.jerboa.MainActivity" image="jerboa"/>

	<!-- Just Player -->
	<AppIcon name="com.brouken.player/com.brouken.player.PlayerActivity" image="just_player"/>

	<!-- Kindle -->
	<AppIcon name="com.amazon.kindle/com.amazon.kindle.UpgradePage" image="kindle"/>

	<!-- Libby -->
	<AppIcon name="com.overdrive.mobile.android.libby/com.overdrive.mobile.android.nautilus.ui.Activity_Main" image="libby"/>

	<!-- Logseq -->
	<AppIcon name="com.logseq.app/com.logseq.app.MainActivity" image="logseq"/>

	<!-- Lovense Remote -->
	<AppIcon name="com.lovense.wear/com.wear.main.FlashActivity" image="lovense_remote"/>

	<!-- monerujo -->
	<AppIcon name="com.m2049r.xmrwallet/com.m2049r.xmrwallet.MainActivity" image="monerujo"/>

	<!-- OctoDroid -->
	<AppIcon name="com.gh4a/com.gh4a.activities.Github4AndroidActivity" image="octodroid"/>

	<!-- OfferUp -->
	<AppIcon name="com.offerup/com.offerup.MainActivity" image="offerup"/>

	<!-- Osm Go! -->
	<AppIcon name="fr.dogeo.osmgo/fr.dogeo.osmgo.MainActivity" image="osm_go_"/>

	<!-- SmallTalk -->
	<AppIcon name="app.dapk.st/app.dapk.st.MainActivity" image="smalltalk"/>

	<!-- Street­Complete -->
	<AppIcon name="de.westnordost.streetcomplete/de.westnordost.streetcomplete.screens.MainActivity" image="street­complete"/>

	<!-- SuperFreezZ -->
	<AppIcon name="superfreeze.tool.android/superfreeze.tool.android.userInterface.mainActivity.MainActivity" image="superfreezz"/>

	<!-- Survival Manual -->
	<AppIcon name="org.ligi.survivalmanual/org.ligi.survivalmanual.ui.MainActivity" image="survival_manual"/>

	<!-- Syncthing -->
	<AppIcon name="com.nutomic.syncthingandroid/com.nutomic.syncthingandroid.activities.FirstStartActivity" image="syncthing"/>

	<!-- Tophy -->
	<AppIcon name="com.tophy.android/com.wear.buzzee.app.SplashActivity" image="tophy"/>

	<!-- Vanadium -->
	<AppIcon name="app.vanadium.browser/com.google.android.apps.chrome.Main" image="vanadium"/>

	<!-- Vantage West -->
	<AppIcon name="com.vantagewestcu.vantagewestcu/com.vantagewestcu.vantagewestcu.MainActivity" image="vantage_west"/>

	<!-- Venmo -->
	<AppIcon name="com.venmo/com.venmo.AppExperienceLauncherActivity" image="venmo"/>

</Theme>