<resources>

	<!-- AccuBattery -->
	<item component="ComponentInfo{com.digibites.accubattery/com.digibites.abatterysaver.BatterySaverActivity}" drawable="accubattery" />

	<!-- Camera Connect -->
	<item component="ComponentInfo{jp.co.canon.ic.cameraconnect/jp.co.canon.ic.cameraconnect.top.CCTopActivity}" drawable="camera_connect" />

	<!-- IKO -->
	<item component="ComponentInfo{pl.pkobp.iko/pl.pkobp.iko.feature.startup.StartupActivity}" drawable="iko" />

	<!-- Kontakty -->
	<item component="ComponentInfo{org.fossify.contacts/org.fossify.contacts.activities.SplashActivity.Green}" drawable="kontakty" />

	<!-- Obrazkowo -->
	<item component="ComponentInfo{com.piorko.obrazkowo/com.piorko.obrazkowo.SplashScreen}" drawable="obrazkowo" />

	<!-- Phone -->
	<item component="ComponentInfo{org.fossify.phone/org.fossify.phone.activities.SplashActivity.Green}" drawable="phone" />

	<!-- Syncthing-Fork -->
	<item component="ComponentInfo{com.github.catfriend1.syncthingandroid/com.nutomic.syncthingandroid.activities.FirstStartActivity}" drawable="syncthing_fork" />

	<!-- Śledzenie przesyłek -->
	<item component="ComponentInfo{com.ssamedi.Packages_Tracker/com.ssamedi.Packages_Tracker.MainActivity}" drawable="sledzenie_przesyłek" />

	<!-- Wiadomości -->
	<item component="ComponentInfo{org.fossify.messages/org.fossify.messages.activities.SplashActivity.Green}" drawable="wiadomosci" />

	<!-- Wypiek -->
	<item component="ComponentInfo{io.bakehaus.wypiek/io.bakehaus.wypiek.MainActivity}" drawable="wypiek" />

	<!-- Zegar -->
	<item component="ComponentInfo{com.simplemobiletools.clock/com.simplemobiletools.clock.activities.SplashActivity.Grey_black}" drawable="zegar" />

</resources>