<appmap>

	<!-- AccuBattery -->
	<item class="com.digibites.abatterysaver.BatterySaverActivity" name="accubattery"/>

	<!-- Camera Connect -->
	<item class="jp.co.canon.ic.cameraconnect.top.CCTopActivity" name="camera_connect"/>

	<!-- IKO -->
	<item class="pl.pkobp.iko.feature.startup.StartupActivity" name="iko"/>

	<!-- Kontakty -->
	<item class="org.fossify.contacts.activities.SplashActivity.Green" name="kontakty"/>

	<!-- Obrazkowo -->
	<item class="com.piorko.obrazkowo.SplashScreen" name="obrazkowo"/>

	<!-- Phone -->
	<item class="org.fossify.phone.activities.SplashActivity.Green" name="phone"/>

	<!-- Syncthing-Fork -->
	<item class="com.nutomic.syncthingandroid.activities.FirstStartActivity" name="syncthing_fork"/>

	<!-- Śledzenie przesyłek -->
	<item class="com.ssamedi.Packages_Tracker.MainActivity" name="sledzenie_przesyłek"/>

	<!-- Wiadomości -->
	<item class="org.fossify.messages.activities.SplashActivity.Green" name="wiadomosci"/>

	<!-- Wypiek -->
	<item class="io.bakehaus.wypiek.MainActivity" name="wypiek"/>

	<!-- Zegar -->
	<item class="com.simplemobiletools.clock.activities.SplashActivity.Grey_black" name="zegar"/>

</appmap>