<Theme version="1">

	<!-- AccuBattery -->
	<AppIcon name="com.digibites.accubattery/com.digibites.abatterysaver.BatterySaverActivity" image="accubattery"/>

	<!-- Camera Connect -->
	<AppIcon name="jp.co.canon.ic.cameraconnect/jp.co.canon.ic.cameraconnect.top.CCTopActivity" image="camera_connect"/>

	<!-- IKO -->
	<AppIcon name="pl.pkobp.iko/pl.pkobp.iko.feature.startup.StartupActivity" image="iko"/>

	<!-- Kontakty -->
	<AppIcon name="org.fossify.contacts/org.fossify.contacts.activities.SplashActivity.Green" image="kontakty"/>

	<!-- Obrazkowo -->
	<AppIcon name="com.piorko.obrazkowo/com.piorko.obrazkowo.SplashScreen" image="obrazkowo"/>

	<!-- Phone -->
	<AppIcon name="org.fossify.phone/org.fossify.phone.activities.SplashActivity.Green" image="phone"/>

	<!-- Syncthing-Fork -->
	<AppIcon name="com.github.catfriend1.syncthingandroid/com.nutomic.syncthingandroid.activities.FirstStartActivity" image="syncthing_fork"/>

	<!-- Śledzenie przesyłek -->
	<AppIcon name="com.ssamedi.Packages_Tracker/com.ssamedi.Packages_Tracker.MainActivity" image="sledzenie_przesyłek"/>

	<!-- Wiadomości -->
	<AppIcon name="org.fossify.messages/org.fossify.messages.activities.SplashActivity.Green" image="wiadomosci"/>

	<!-- Wypiek -->
	<AppIcon name="io.bakehaus.wypiek/io.bakehaus.wypiek.MainActivity" image="wypiek"/>

	<!-- Zegar -->
	<AppIcon name="com.simplemobiletools.clock/com.simplemobiletools.clock.activities.SplashActivity.Grey_black" image="zegar"/>

</Theme>