<resources>

	<!-- Bible -->
	<item component="ComponentInfo{com.sirma.mobile.bible.android/youversion.bible.app.MainActivity}" drawable="bible" />

	<!-- Buffer -->
	<item component="ComponentInfo{org.buffer.android/org.buffer.android.ui.splash.SplashScreenActivity}" drawable="buffer" />

	<!-- Burger King -->
	<item component="ComponentInfo{com.emn8.mobilem8.nativeapp.bk/com.emn8.mobilem8.nativeapp.bk.MainActivity}" drawable="burger_king" />

	<!-- Filen -->
	<item component="ComponentInfo{io.filen.app/io.filen.app.MainActivity}" drawable="filen" />

	<!-- HubSpot -->
	<item component="ComponentInfo{com.hubspot.android/com.hubspot.android.app.splash.SplashActivity}" drawable="hubspot" />

	<!-- Libby -->
	<item component="ComponentInfo{com.overdrive.mobile.android.libby/com.overdrive.mobile.android.nautilus.ui.Activity_Main}" drawable="libby" />

	<!-- Literal Word -->
	<item component="ComponentInfo{com.literalword.mobile_app/com.literalword.mobile_app.MainActivity}" drawable="literal_word" />

	<!-- Logos Bible -->
	<item component="ComponentInfo{com.logos.androidlogos/md56ab619a8c39531950374b1258c5efd44.SplashScreen}" drawable="logos_bible" />

	<!-- Pedometer -->
	<item component="ComponentInfo{org.secuso.privacyfriendlyactivitytracker/org.secuso.privacyfriendlyactivitytracker.activities.SplashActivity}" drawable="pedometer" />

	<!-- Reader -->
	<item component="ComponentInfo{com.readermobile/com.readermobile.MainActivity}" drawable="reader" />

	<!-- Readwise -->
	<item component="ComponentInfo{com.readwise/com.readwise.MainActivity}" drawable="readwise" />

	<!-- Todoist -->
	<item component="ComponentInfo{com.todoist/com.todoist.alias.HomeActivityDefault}" drawable="todoist" />

	<!-- Workflowy -->
	<item component="ComponentInfo{com.workflowy.android/com.workflowy.android.MainActivity}" drawable="workflowy" />

</resources>