<Theme version="1">

	<!-- Bible -->
	<AppIcon name="com.sirma.mobile.bible.android/youversion.bible.app.MainActivity" image="bible"/>

	<!-- Buffer -->
	<AppIcon name="org.buffer.android/org.buffer.android.ui.splash.SplashScreenActivity" image="buffer"/>

	<!-- Burger King -->
	<AppIcon name="com.emn8.mobilem8.nativeapp.bk/com.emn8.mobilem8.nativeapp.bk.MainActivity" image="burger_king"/>

	<!-- Filen -->
	<AppIcon name="io.filen.app/io.filen.app.MainActivity" image="filen"/>

	<!-- HubSpot -->
	<AppIcon name="com.hubspot.android/com.hubspot.android.app.splash.SplashActivity" image="hubspot"/>

	<!-- Libby -->
	<AppIcon name="com.overdrive.mobile.android.libby/com.overdrive.mobile.android.nautilus.ui.Activity_Main" image="libby"/>

	<!-- Literal Word -->
	<AppIcon name="com.literalword.mobile_app/com.literalword.mobile_app.MainActivity" image="literal_word"/>

	<!-- Logos Bible -->
	<AppIcon name="com.logos.androidlogos/md56ab619a8c39531950374b1258c5efd44.SplashScreen" image="logos_bible"/>

	<!-- Pedometer -->
	<AppIcon name="org.secuso.privacyfriendlyactivitytracker/org.secuso.privacyfriendlyactivitytracker.activities.SplashActivity" image="pedometer"/>

	<!-- Reader -->
	<AppIcon name="com.readermobile/com.readermobile.MainActivity" image="reader"/>

	<!-- Readwise -->
	<AppIcon name="com.readwise/com.readwise.MainActivity" image="readwise"/>

	<!-- Todoist -->
	<AppIcon name="com.todoist/com.todoist.alias.HomeActivityDefault" image="todoist"/>

	<!-- Workflowy -->
	<AppIcon name="com.workflowy.android/com.workflowy.android.MainActivity" image="workflowy"/>

</Theme>