<resources>

	<!-- PlockaUpp Watchface -->
	<item component="ComponentInfo{com.forzaone.watches.plockaupp/com.forzaone.watches.plockaupp.WelcomeActivity}" drawable="plockaupp_watchface" />

	<!-- Radii -->
	<item component="ComponentInfo{in.thedesigncycle.radii/in.thedesigncycle.radii.LaunchActivity}" drawable="radii" />

	<!-- Ruler -->
	<item component="ComponentInfo{fr.ecp.ruler.app/com.xalphalab.rulerlib.MainActivity}" drawable="ruler" />

	<!-- Simple Text Editor -->
	<item component="ComponentInfo{com.maxistar.textpad/com.maxistar.textpad.activities.EditorActivity}" drawable="simple_text_editor" />

	<!-- Skull Wear -->
	<item component="ComponentInfo{fr.thema.wear.watch.skull/fr.thema.wear.watch.skull.WatchFaceCompanionConfigActivity}" drawable="skull_wear" />

	<!-- Slideshow Watchface -->
	<item component="ComponentInfo{de.Bit_Bite.SlideshowWatchface/crc647cdb993a12d77b7f.MainActivity}" drawable="slideshow_watchface" />

	<!-- SWF Solar V2 Planets Watch Face Installation -->
	<item component="ComponentInfo{com.swisswatchface.swf.solar.v2.planets.proseries/com.swisswatchface.swf.solar.v2.planets.proseries.MainMobileActivity}" drawable="swf_solar_v2_planets_watch_face_installation" />

	<!-- Terminal Command Watch Face -->
	<item component="ComponentInfo{com.vishnu.terminalcommandwatchface/com.vishnu.terminalcommandwatchface.MainActivity}" drawable="terminal_command_watch_face" />

	<!-- Timr Face -->
	<item component="ComponentInfo{com.timrface/com.timrface.ConfigurationActivity}" drawable="timr_face" />

	<!-- TT RideShare -->
	<item component="ComponentInfo{production.ttrides.customer/product.clicklabs.jugnoo.SplashNewActivity}" drawable="tt_rideshare" />

</resources>