<appmap>

	<!-- PlockaUpp Watchface -->
	<item class="com.forzaone.watches.plockaupp.WelcomeActivity" name="plockaupp_watchface"/>

	<!-- Radii -->
	<item class="in.thedesigncycle.radii.LaunchActivity" name="radii"/>

	<!-- Ruler -->
	<item class="com.xalphalab.rulerlib.MainActivity" name="ruler"/>

	<!-- Simple Text Editor -->
	<item class="com.maxistar.textpad.activities.EditorActivity" name="simple_text_editor"/>

	<!-- Skull Wear -->
	<item class="fr.thema.wear.watch.skull.WatchFaceCompanionConfigActivity" name="skull_wear"/>

	<!-- Slideshow Watchface -->
	<item class="crc647cdb993a12d77b7f.MainActivity" name="slideshow_watchface"/>

	<!-- SWF Solar V2 Planets Watch Face Installation -->
	<item class="com.swisswatchface.swf.solar.v2.planets.proseries.MainMobileActivity" name="swf_solar_v2_planets_watch_face_installation"/>

	<!-- Terminal Command Watch Face -->
	<item class="com.vishnu.terminalcommandwatchface.MainActivity" name="terminal_command_watch_face"/>

	<!-- Timr Face -->
	<item class="com.timrface.ConfigurationActivity" name="timr_face"/>

	<!-- TT RideShare -->
	<item class="product.clicklabs.jugnoo.SplashNewActivity" name="tt_rideshare"/>

</appmap>