<Theme version="1">

	<!-- PlockaUpp Watchface -->
	<AppIcon name="com.forzaone.watches.plockaupp/com.forzaone.watches.plockaupp.WelcomeActivity" image="plockaupp_watchface"/>

	<!-- Radii -->
	<AppIcon name="in.thedesigncycle.radii/in.thedesigncycle.radii.LaunchActivity" image="radii"/>

	<!-- Ruler -->
	<AppIcon name="fr.ecp.ruler.app/com.xalphalab.rulerlib.MainActivity" image="ruler"/>

	<!-- Simple Text Editor -->
	<AppIcon name="com.maxistar.textpad/com.maxistar.textpad.activities.EditorActivity" image="simple_text_editor"/>

	<!-- Skull Wear -->
	<AppIcon name="fr.thema.wear.watch.skull/fr.thema.wear.watch.skull.WatchFaceCompanionConfigActivity" image="skull_wear"/>

	<!-- Slideshow Watchface -->
	<AppIcon name="de.Bit_Bite.SlideshowWatchface/crc647cdb993a12d77b7f.MainActivity" image="slideshow_watchface"/>

	<!-- SWF Solar V2 Planets Watch Face Installation -->
	<AppIcon name="com.swisswatchface.swf.solar.v2.planets.proseries/com.swisswatchface.swf.solar.v2.planets.proseries.MainMobileActivity" image="swf_solar_v2_planets_watch_face_installation"/>

	<!-- Terminal Command Watch Face -->
	<AppIcon name="com.vishnu.terminalcommandwatchface/com.vishnu.terminalcommandwatchface.MainActivity" image="terminal_command_watch_face"/>

	<!-- Timr Face -->
	<AppIcon name="com.timrface/com.timrface.ConfigurationActivity" image="timr_face"/>

	<!-- TT RideShare -->
	<AppIcon name="production.ttrides.customer/product.clicklabs.jugnoo.SplashNewActivity" image="tt_rideshare"/>

</Theme>