<Theme version="1">

	<!-- Amazon -->
	<AppIcon name="in.amazon.mShop.android.shopping/com.amazon.mShop.home.HomeActivity" image="amazon"/>

	<!-- Audile -->
	<AppIcon name="com.mrsep.musicrecognizer/com.mrsep.musicrecognizer.presentation.MainActivity" image="audile"/>

	<!-- Botim -->
	<AppIcon name="im.thebot.messenger/im.thebot.messenger.BOTStartPage" image="botim"/>

	<!-- Classroom -->
	<AppIcon name="com.google.android.apps.classroom/com.google.android.apps.classroom.classroomflutter.MainActivity" image="classroom"/>

	<!-- Home options -->
	<AppIcon name="com.ss.squarehome2/com.ss.squarehome2.MyPreferencesActivity" image="home_options"/>

	<!-- HoYoLAB -->
	<AppIcon name="com.mihoyo.hoyolab/com.mihoyo.hoyolab.splash.splash.HoYoSplashActivity" image="hoyolab"/>

	<!-- inshorts -->
	<AppIcon name="com.nis.app/com.nis.app.ui.activities.HomeActivity" image="inshorts"/>

	<!-- Microsoft Designer -->
	<AppIcon name="com.microsoft.designer/com.microsoft.designer.app.home.view.launch.DesignerLoginActivity" image="microsoft_designer"/>

	<!-- PNB ONE -->
	<AppIcon name="com.Version1/com.Version1.Version1" image="pnb_one"/>

	<!-- SMS Organizer -->
	<AppIcon name="com.microsoft.android.smsorganizer/com.microsoft.android.smsorganizer.StartupActivity" image="sms_organizer"/>

	<!-- soundcore -->
	<AppIcon name="com.oceanwing.soundcore/com.oceanwing.soundcore.activity.WelcomeActivity" image="soundcore"/>

	<!-- Square Home -->
	<AppIcon name="com.ss.squarehome2/com.ss.squarehome2.MainActivity" image="square_home"/>

	<!-- Unit Converter -->
	<AppIcon name="com.androidapps.unitconverter/com.androidapps.unitconverter.start.StartActivity" image="unit_converter"/>

	<!-- Windscribe -->
	<AppIcon name="com.windscribe.vpn/com.windscribe.mobile.splash.SplashActivity" image="windscribe"/>

</Theme>