<resources>

	<!-- 10 min Email -->
	<item component="ComponentInfo{com.tenminutemail/com.tempmail.splash.SplashActivity}" drawable="_10_min_email" />

	<!-- 2048 primium -->
	<item component="ComponentInfo{com.ww2048primium_14391700/com.appsgeyser.multiTabApp.MainNavigationActivity}" drawable="_2048_primium" />

	<!-- 5Post -->
	<item component="ComponentInfo{ru.x5.omni/ru.x5.omni.presentation.root.RootActivity}" drawable="_5post" />

	<!-- Акционер Сбера -->
	<item component="ComponentInfo{ru.sberbank.sberbankir2020/com.example.sberbank_ir.presentation.view.activities.SplashActivity}" drawable="акционер_сбера" />

	<!-- АптекиПлюс -->
	<item component="ComponentInfo{ru.apteki.plus/ru.apteki.plus.MainActivity}" drawable="аптекиплюс" />

	<!-- Билеты ПДД 2024 и Экзамен ПДД онлайн (Дром ПДД) -->
	<item component="ComponentInfo{ru.drom.pdd.android.app/ru.drom.pdd.android.app.splash.SplashActivity}" drawable="билеты_пдд_2024_и_экзамен_пдд_онлаин_дром_пдд_" />

	<!-- Браузер -->
	<item component="ComponentInfo{com.yandex.browser/com.yandex.browser.YandexBrowserActivity}" drawable="браузер" />

	<!-- Галерея -->
	<item component="ComponentInfo{com.miui.gallery/com.miui.gallery.activity.HomePageActivity}" drawable="галерея" />

	<!-- Гамбол & Подземелья(G&D) -->
	<item component="ComponentInfo{com.qcplay.slimegogogo/org.cocos2dx.lua.AppActivity}" drawable="гамбол_and_подземелья_g_and_d_" />

	<!-- Госуслуги -->
	<item component="ComponentInfo{ru.rostel/ru.minsvyaz.coreproject.MainActivity}" drawable="госуслуги" />

	<!-- Дзен -->
	<item component="ComponentInfo{ru.zen.android/com.yandex.zen.ZenMainActivity}" drawable="дзен" />

	<!-- Диск -->
	<item component="ComponentInfo{ru.yandex.disk/ru.yandex.disk.DefaultIcon}" drawable="диск" />

	<!-- Драйвер ККТ -->
	<item component="ComponentInfo{ru.atol.drivers10.service/ru.atol.drivers10.service.ui.MainActivity}" drawable="драивер_ккт" />

	<!-- Едадил -->
	<item component="ComponentInfo{com.edadeal.android/com.edadeal.android.ui.main.MainActivity}" drawable="едадил" />

	<!-- жадная пещера -->
	<item component="ComponentInfo{com.avalon.cave/org.cocos2dx.cpp.AppActivity}" drawable="жадная_пещера" />

	<!-- Железный Десант -->
	<item component="ComponentInfo{com.ironhidegames.android.ironmarines/com.google.firebase.MessagingUnityPlayerActivity}" drawable="железныи_десант" />

	<!-- Иви -->
	<item component="ComponentInfo{ru.ivi.client/ru.ivi.client.MainActivityAppIcon}" drawable="иви" />

	<!-- Кинопоиск -->
	<item component="ComponentInfo{ru.kinopoisk/ru.kinopoisk.presentation.screen.tabs.RedirectTabsIntentsActivity}" drawable="кинопоиск" />

	<!-- Клиент удаленного рабочего стола -->
	<item component="ComponentInfo{com.microsoft.rdc.androidx/com.microsoft.rdc.ui.activities.HomeActivity}" drawable="клиент_удаленного_рабочего_стола" />

	<!-- Лента виджетов -->
	<item component="ComponentInfo{com.mi.android.globalminusscreen/com.mi.android.globalminusscreen.tab.MainActivity}" drawable="лента_виджетов" />

	<!-- Магнит -->
	<item component="ComponentInfo{ru.tander.magnit/ru.tander.magnit.presentation.MainActivity}" drawable="магнит" />

	<!-- МегаФон -->
	<item component="ComponentInfo{ru.megafon.mlk/ru.megafon.mlk.ui.activities.ActivityMain}" drawable="мегафон" />

	<!-- Мой МТС -->
	<item component="ComponentInfo{ru.mts.mymts/ru.mts.core.ActivitySplash}" drawable="мои_мтс" />

	<!-- Мой Ростелеком -->
	<item component="ComponentInfo{com.dartit.RTcabinet/com.dartit.rtcabinet.ui.SplashActivity}" drawable="мои_ростелеком" />

	<!-- Навигатор -->
	<item component="ComponentInfo{ru.yandex.yandexnavi/ru.yandex.yandexnavi.core.NavigatorActivity}" drawable="навигатор" />

	<!-- Народный фронт -->
	<item component="ComponentInfo{ru.onf.dobro/ru.mosreg.ekjp.ui.start.StartActivity}" drawable="народныи_фронт" />

	<!-- Национальная Лотерея -->
	<item component="ComponentInfo{com.national.lottery/com.national.lottery.ui.main.MainActivity}" drawable="национальная_лотерея" />

	<!-- ОК -->
	<item component="ComponentInfo{ru.ok.android/ru.ok.android.ui.activity.main.OdklActivity}" drawable="ок" />

	<!-- Переводчик -->
	<item component="ComponentInfo{ru.yandex.translate/ru.yandex.translate.ui.activities.MainActivity}" drawable="переводчик" />

	<!-- Пикабу -->
	<item component="ComponentInfo{ru.pikabu.android/ru.pikabu.android.screens.SplashActivity}" drawable="пикабу" />

	<!-- Плюс Сити -->
	<item component="ComponentInfo{com.yandex.mobile.plus.game.city/com.yandex.plus.game.city.presentation.activities.StandaloneGameActivity}" drawable="плюс_сити" />

	<!-- Почта -->
	<item component="ComponentInfo{ru.yandex.mail/ru.yandex.mail.ui.LoginActivity}" drawable="почта" />

	<!-- Почта Банк -->
	<item component="ComponentInfo{ru.letobank.Prometheus/ru.letobank.Prometheus.ui.activity.common.InitialActivity}" drawable="почта_банк" />

	<!-- Почта России -->
	<item component="ComponentInfo{com.octopod.russianpost.client.android/com.octopod.russianpost.client.android.ui.splash.SplashActivity}" drawable="почта_россии" />

	<!-- Почта Mail.ru -->
	<item component="ComponentInfo{ru.mail.mailapp/ru.mail.mailapp.SplashScreenActivity}" drawable="почта_mailru" />

	<!-- Проигрыватель музыки -->
	<item component="ComponentInfo{com.simplemobiletools.musicplayer/com.simplemobiletools.musicplayer.activities.SplashActivity.Orange}" drawable="проигрыватель_музыки" />

	<!-- пузырьковый уровень -->
	<item component="ComponentInfo{level.bubblelevel.ruler/level.bubblelevel.ruler.MainActivity}" drawable="пузырьковыи_уровень" />

	<!-- Пятёрочка -->
	<item component="ComponentInfo{ru.pyaterochka.app.browser/ru.pyaterochka.app.launch.Launcher_New_Year}" drawable="пятерочка" />

	<!-- Радар.НФ -->
	<item component="ComponentInfo{ru.onf.rdr/ru.onf.rdr.ui.start.StartActivity}" drawable="радарнф" />

	<!-- Рамблер/почта -->
	<item component="ComponentInfo{ru.rambler.mail/ru.rambler.mail.MainActivity}" drawable="рамблер_почта" />

	<!-- СберБанк -->
	<item component="ComponentInfo{ru.sberbankmobile/ru.sberbank.mobile.auth.presentation.splash.SplashActivity}" drawable="сбербанк" />

	<!-- Службы и обратная связь -->
	<item component="ComponentInfo{com.miui.miservice/com.miui.miservice.main.MainActivity}" drawable="службы_и_обратная_связь" />

	<!-- Столото -->
	<item component="ComponentInfo{ru.stoloto.mobile/ru.stoloto.mobile.feature_splash.ui.SplashActivity}" drawable="столото" />

	<!-- Таблица Шульте. Скорочтение -->
	<item component="ComponentInfo{com.SbmGames.SchulteTable/com.unity3d.player.UnityPlayerActivity}" drawable="таблица_шульте_скорочтение" />

	<!-- Тинькофф -->
	<item component="ComponentInfo{com.idamob.tinkoff.android/ru.tinkoff.mb.feature.splash.bank.ui.presentation.BankSplashActivity}" drawable="тинькофф" />

	<!-- Тренировки для Дома -->
	<item component="ComponentInfo{homeworkout.homeworkouts.noequipment/homeworkout.homeworkouts.noequipment.SplashActivity}" drawable="тренировки_для_дома" />

	<!-- Удаленный раб. стол -->
	<item component="ComponentInfo{com.google.chromeremotedesktop/com.google.remoting.androidwrapper.MainActivity}" drawable="удаленныи_раб_стол" />

	<!-- Усиление Басов -->
	<item component="ComponentInfo{music.basss.booster.effect.equalizer/com.equize.library.activity.ActivityWelcome}" drawable="усиление_басов" />

	<!-- Часы -->
	<item component="ComponentInfo{com.android.deskclock/com.android.deskclock.DeskClockTabActivity}" drawable="часы" />

	<!-- Шедеврум -->
	<item component="ComponentInfo{com.yandex.shedevrus/com.yandex.shedevrus.MainActivity}" drawable="шедеврум" />

	<!-- ЮMoney -->
	<item component="ComponentInfo{ru.yoo.money/ru.yoo.money.entryPoint.presentation.EntryPointActivity}" drawable="юmoney" />

	<!-- Я.Маркет -->
	<item component="ComponentInfo{ru.beru.android/ru.yandex.market.ui.splash.MarketSplashActivity}" drawable="ямаркет" />

	<!-- Я.Музыка -->
	<item component="ComponentInfo{ru.yandex.music/ru.yandex.music.main.RebrandingScreenActivityAlias}" drawable="ямузыка" />

	<!-- Я.Погода -->
	<item component="ComponentInfo{ru.yandex.weatherplugin/ru.yandex.weatherplugin.ui.activity.SplashActivity}" drawable="япогода" />

	<!-- Яндекс Пэй -->
	<item component="ComponentInfo{com.yandex.bank/com.yandex.bank.screens.MainActivity}" drawable="яндекс_пэи" />

	<!-- A downloader for Instagram -->
	<item component="ComponentInfo{instagram.video.downloader.story.saver/instasaver.instagram.video.downloader.photo.ui.startup.StartupActivity}" drawable="a_downloader_for_instagram" />

	<!-- AAWSApp -->
	<item component="ComponentInfo{com.embarcadero.AAWSApp/com.embarcadero.firemonkey.FMXNativeActivity}" drawable="aawsapp" />

	<!-- AIDA64 -->
	<item component="ComponentInfo{com.finalwire.aida64/com.finalwire.aida64.HHMainActivity}" drawable="aida64" />

	<!-- Albion Online -->
	<item component="ComponentInfo{com.albiononline/com.albion.AlbionActivity}" drawable="albion_online" />

	<!-- Alien Invasion -->
	<item component="ComponentInfo{com.multicastgames.venomSurvive/com.unity3d.player.UnityPlayerActivity}" drawable="alien_invasion" />

	<!-- Alien Shooter -->
	<item component="ComponentInfo{com.alien.shooter.galaxy.attack/com.google.firebase.MessagingUnityPlayerActivity}" drawable="alien_shooter" />

	<!-- AliExpress -->
	<item component="ComponentInfo{ru.aliexpress.buyer/com.alibaba.aliexpresshd.home.ui.MainActivity}" drawable="aliexpress" />

	<!-- AlpineQuest -->
	<item component="ComponentInfo{psyberia.alpinequest.full/psyberia.alpinequest.full.AlpineQuestActivity}" drawable="alpinequest" />

	<!-- Amway -->
	<item component="ComponentInfo{com.amway.businessapp.rukz/com.amway.businessapp.rukz.AmwayRussia}" drawable="amway" />

	<!-- Appbonus -->
	<item component="ComponentInfo{ru.appbonus.android/com.application.library.MainActivity}" drawable="appbonus" />

	<!-- Apptools -->
	<item component="ComponentInfo{ru.apptools/ru.apptools.activity.TabWidgetActivity}" drawable="apptools" />

	<!-- ARC -->
	<item component="ComponentInfo{com.pioneer.alternativeremote/com.pioneer.alternativeremote.activity.OpeningActivity}" drawable="arc" />

	<!-- Auto Diggers -->
	<item component="ComponentInfo{com.ISAAC.Autodiggers/com.unity3d.player.UnityPlayerActivity}" drawable="auto_diggers" />

	<!-- Automation -->
	<item component="ComponentInfo{com.jens.automation2/com.jens.automation2.ActivityMainTabLayout}" drawable="automation" />

	<!-- Backit (ePN) -->
	<item component="ComponentInfo{bz.epn.cashback.epncashback/bz.epn.cashback.epncashback.ui.activity.splash.SplashActivity}" drawable="backit_epn_" />

	<!-- Basketball Battle -->
	<item component="ComponentInfo{com.doubletapsoftware.basketballbattle/com.unity3d.player.UnityPlayerActivity}" drawable="basketball_battle" />

	<!-- Bitrix24 -->
	<item component="ComponentInfo{com.bitrix24.android/com.bitrix24.android.BX24Activity}" drawable="bitrix24" />

	<!-- Bricks VS Breaker -->
	<item component="ComponentInfo{com.bricks.vs.balls.breaker/org.cocos2dx.lua.AppActivity}" drawable="bricks_vs_breaker" />

	<!-- Capsule -->
	<item component="ComponentInfo{com.checkpoint.VPN/com.checkpoint.VPN.MainHandler}" drawable="capsule" />

	<!-- Cartoon Craft -->
	<item component="ComponentInfo{com.magmon.cartooncraft/org.cocos2dx.cpp.AppActivity}" drawable="cartoon_craft" />

	<!-- CDEK -->
	<item component="ComponentInfo{com.logistic.sdek/com.logistic.sdek.v2.modules.splash.ui.SplashV2Activity}" drawable="cdek" />

	<!-- ChipDip -->
	<item component="ComponentInfo{ru.chipdip.mobile/ru.chipdip.mobile.activities.MainActivity}" drawable="chipdip" />

	<!-- Coub -->
	<item component="ComponentInfo{com.coub.android/com.coub.android.ui.MainActivity}" drawable="coub" />

	<!-- Dan The Man -->
	<item component="ComponentInfo{com.halfbrick.dantheman/com.halfbrick.mortar.MortarGameLauncherActivity}" drawable="dan_the_man" />

	<!-- Dawn of Zombies -->
	<item component="ComponentInfo{com.survival.last/com.game.UnityPlayerActivity}" drawable="dawn_of_zombies" />

	<!-- Day R Survival -->
	<item component="ComponentInfo{com.gm_shaber.dayr/com.ansca.corona.CoronaActivity}" drawable="day_r_survival" />

	<!-- Demon Hunter Premium -->
	<item component="ComponentInfo{com.eapublishing.dhsw.paid/com.enigma.customactivity.EsUnityPlayerActivity}" drawable="demon_hunter_premium" />

	<!-- Document Scanner -->
	<item component="ComponentInfo{com.documentscanner.scanpdf/com.cpm.scanner.activity.SplashActivity}" drawable="document_scanner" />

	<!-- DrawNote -->
	<item component="ComponentInfo{com.dragonnest.drawnote/com.dragonnest.app.EmptyLauncherActivity}" drawable="drawnote" />

	<!-- Epic Battle Fantasy 5 -->
	<item component="ComponentInfo{air.EpicBattleFantasy5/air.EpicBattleFantasy5.AIRAppEntry}" drawable="epic_battle_fantasy_5" />

	<!-- Evil Hunter Tycoon -->
	<item component="ComponentInfo{com.superplanet.evilhunter/com.google.firebase.MessagingUnityPlayerActivity}" drawable="evil_hunter_tycoon" />

	<!-- FixPrice -->
	<item component="ComponentInfo{ru.bestprice.fixprice/ru.bestprice.fixprice.application.splash.ui.SplashActivity}" drawable="fixprice" />

	<!-- Flightradar24 -->
	<item component="ComponentInfo{com.flightradar24free/com.flightradar24free.SplashActivity}" drawable="flightradar24" />

	<!-- FM-радио -->
	<item component="ComponentInfo{com.miui.fm/com.miui.fmradio.activity.LauncherActivity}" drawable="fm_радио" />

	<!-- Fox Legends -->
	<item component="ComponentInfo{com.espritgames.rpg.nine.songs/com.xlcwnet.hsjg.xlcw.UnityPlayerActivity}" drawable="fox_legends" />

	<!-- GameOfDice -->
	<item component="ComponentInfo{com.joycity.god/com.joycity.platform.unity.JoypleUnityActivity}" drawable="gameofdice" />

	<!-- GetApps -->
	<item component="ComponentInfo{com.xiaomi.mipicks/com.xiaomi.mipicks.DefaultAlias}" drawable="getapps" />

	<!-- GPS status -->
	<item component="ComponentInfo{com.khalnadj.khaledhabbachi.gpsstatus/com.khalnadj.khaledhabbachi.gpsstatus.SplashScreenActivity}" drawable="gps_status" />

	<!-- GPS Test -->
	<item component="ComponentInfo{com.chartcross.gpstest/com.chartcross.gpstest.MainActivity}" drawable="gps_test" />

	<!-- GuitarTuna -->
	<item component="ComponentInfo{com.ovelin.guitartuna/com.yousician.yousiciannative.GuitarTunaActivity}" drawable="guitartuna" />

	<!-- Heroes v. Hordes -->
	<item component="ComponentInfo{com.swiftgames.survival/com.unity3d.player.UnityPlayerActivity}" drawable="heroes_v_hordes" />

	<!-- Honor Band 6 Циферблаты -->
	<item component="ComponentInfo{dev.markgroup.hband6/dev.markgroup.hband6.MainActivity}" drawable="honor_band_6_циферблаты" />

	<!-- Huawei Health -->
	<item component="ComponentInfo{com.huawei.health/com.huawei.health.MainActivity}" drawable="huawei_health" />

	<!-- iCSee -->
	<item component="ComponentInfo{com.xm.csee/com.xworld.activity.welcome.view.WelcomePageActivity}" drawable="icsee" />

	<!-- IG Downloader -->
	<item component="ComponentInfo{instasaver.instagram.video.downloader.photo/instasaver.instagram.video.downloader.photo.ui.startup.StartupActivity}" drawable="ig_downloader" />

	<!-- IngoMobile -->
	<item component="ComponentInfo{ru.ingos.ingomobile/ru.ingos.ingomobile.navigation.SingleActivity}" drawable="ingomobile" />

	<!-- Jackal Squad -->
	<item component="ComponentInfo{com.rocket.jackal.squad/com.google.firebase.MessagingUnityPlayerActivity}" drawable="jackal_squad" />

	<!-- Jackal Survival Reborn -->
	<item component="ComponentInfo{com.dra.jackal.survival/com.google.firebase.MessagingUnityPlayerActivity}" drawable="jackal_survival_reborn" />

	<!-- KKM-PRN -->
	<item component="ComponentInfo{ru.a402d.prnfromatolkkm/ru.a402d.prnfromatolkkm.activity.MainActivity}" drawable="kkm_prn" />

	<!-- KPassNotes -->
	<item component="ComponentInfo{com.ivanovsky.passnotes/com.ivanovsky.passnotes.presentation.StartActivity}" drawable="kpassnotes" />

	<!-- LastMageStanding -->
	<item component="ComponentInfo{com.robotogames.iogame/com.robotogames.IOGameActivity}" drawable="lastmagestanding" />

	<!-- Legendary Adventure -->
	<item component="ComponentInfo{com.stereo7games.legendaryadventure/org.cocos2dx.cpp.DungeonActivity}" drawable="legendary_adventure" />

	<!-- Life Bubble -->
	<item component="ComponentInfo{com.ristretto.lifebubble/com.unity3d.player.UnityPlayerActivity}" drawable="life_bubble" />

	<!-- LiveUAMap -->
	<item component="ComponentInfo{com.altwork.liveuamap/com.altwork.liveuamap.MainActivity}" drawable="liveuamap" />

	<!-- Manual Camera DSLR Pro -->
	<item component="ComponentInfo{com.lensesdev.manual.camera.pro/com.antafunny.burstcamera.MainActivity}" drawable="manual_camera_dslr_pro" />

	<!-- Mi Пульт -->
	<item component="ComponentInfo{com.duokan.phone.remotecontroller/com.xiaomi.mitv.phone.remotecontroller.HoriWidgetMainActivityV2}" drawable="mi_пульт" />

	<!-- MIUI Downloader -->
	<item component="ComponentInfo{com.xiaomiui.downloader/com.xiaomiui.downloader.MainActivity}" drawable="miui_downloader" />

	<!-- Mock Locations -->
	<item component="ComponentInfo{ru.gavrikov.mocklocations/ru.gavrikov.mocklocations.MainActivity}" drawable="mock_locations" />

	<!-- Money Quiz -->
	<item component="ComponentInfo{com.yydlsggj.moneyquiz/org.cocos2dx.javascript.AppActivity}" drawable="money_quiz" />

	<!-- Motionleap -->
	<item component="ComponentInfo{com.lightricks.pixaloop/com.lightricks.pixaloop.SplashActivity}" drawable="motionleap" />

	<!-- Network Cell Info -->
	<item component="ComponentInfo{com.wilysis.cellinfo/com.wilysis.cellinfo.Arxikh}" drawable="network_cell_info" />

	<!-- Nomad VPN -->
	<item component="ComponentInfo{com.rg.nomadvpn/com.rg.nomadvpn.MainActivity}" drawable="nomad_vpn" />

	<!-- Nyan -->
	<item component="ComponentInfo{com.powerje.nyan/com.powerje.nyan.NyanActivity}" drawable="nyan" />

	<!-- Onetwo -->
	<item component="ComponentInfo{com.onetwo.app/com.onetwo.app.LoginActivity}" drawable="onetwo" />

	<!-- OZON -->
	<item component="ComponentInfo{ru.ozon.app.android/ru.ozon.app.android.ui.start.AppHostActivity}" drawable="ozon" />

	<!-- Ozon Банк -->
	<item component="ComponentInfo{ru.ozon.fintech.finance/ru.ozon.fintech.features.tabber.presentation.finance.FinanceActivity}" drawable="ozon_банк" />

	<!-- Path of Immortals: Выживший -->
	<item component="ComponentInfo{com.mechanist.poi/com.mechanist.myotheractivity.MainActivity}" drawable="path_of_immortals_выжившии" />

	<!-- Photo EXIF Editor -->
	<item component="ComponentInfo{net.xnano.android.photoexifeditor/net.xnano.android.photoexifeditor.HomeActivity}" drawable="photo_exif_editor" />

	<!-- Pickle Pete -->
	<item component="ComponentInfo{com.frojo.pickle/com.google.firebase.MessagingUnityPlayerActivity}" drawable="pickle_pete" />

	<!-- Ping -->
	<item component="ComponentInfo{ru.otdr.ping/ru.otdr.ping.MainActivity}" drawable="ping" />

	<!-- Poco Community -->
	<item component="ComponentInfo{com.mi.global.pocobbs/com.mi.global.pocobbs.ui.SplashActivity}" drawable="poco_community" />

	<!-- POCO Store -->
	<item component="ComponentInfo{com.mi.global.pocostore/com.mi.global.shopcomponents.activity.LaunchActivity}" drawable="poco_store" />

	<!-- Poweramp -->
	<item component="ComponentInfo{com.maxmpz.audioplayer/com.maxmpz.audioplayer.standard_adaptive}" drawable="poweramp" />

	<!-- Poweramp - разблокировка -->
	<item component="ComponentInfo{com.maxmpz.audioplayer.unlock/com.maxmpz.audioplayer.unlock.LauncherRedirectorActivity}" drawable="poweramp_разблокировка" />

	<!-- Prosto -->
	<item component="ComponentInfo{com.prostoapp/com.prostoapp.MainActivity}" drawable="prosto" />

	<!-- PUBG MOBILE Gift Box -->
	<item component="ComponentInfo{com.tencent.igxiaomi/com.tencent.igxiaomi.MainActivity}" drawable="pubg_mobile_gift_box" />

	<!-- QIWI -->
	<item component="ComponentInfo{ru.mw/ru.mw.splashScreen.view.SplashScreenActivity}" drawable="qiwi" />

	<!-- QR-сканер -->
	<item component="ComponentInfo{com.camvision.qrcode.barcode.reader/com.camvision.qrcode.barcode.reader.main.Qr2MainActivity}" drawable="qr_сканер" />

	<!-- RawBT -->
	<item component="ComponentInfo{ru.a402d.rawbtprinter/ru.a402d.rawbtprinter.activity.MainActivity}" drawable="rawbt" />

	<!-- Relaxing Sleep Sounds PRO -->
	<item component="ComponentInfo{com.turtleapps.relaxingsleepsoundspro/com.turtleapps.relaxingsleepsoundspro.SplashActivity}" drawable="relaxing_sleep_sounds_pro" />

	<!-- Ringtone Maker -->
	<item component="ComponentInfo{com.herman.ringtone/com.herman.ringtone.MusicPicker}" drawable="ringtone_maker" />

	<!-- RuStore -->
	<item component="ComponentInfo{ru.vk.store/ru.vk.store.app.MainActivity}" drawable="rustore" />

	<!-- RUTUBE -->
	<item component="ComponentInfo{ru.rutube.app/ru.rutube.app.ui.activity.splash.SplashActivity}" drawable="rutube" />

	<!-- Shadowsocks -->
	<item component="ComponentInfo{com.github.shadowsocks/com.github.shadowsocks.MainActivity}" drawable="shadowsocks" />

	<!-- SHAREit -->
	<item component="ComponentInfo{com.lenovo.anyshare.gps/com.lenovo.anyshare.ApMainActivity}" drawable="shareit" />

	<!-- Side Bar -->
	<item component="ComponentInfo{com.bhanu.simplesidebar/com.bhanu.simplesidebar.activities.HomeActivity}" drawable="side_bar" />

	<!-- Tank 1990 -->
	<item component="ComponentInfo{com.bravestars.mt.tankbattle.classic.game/org.cocos2dx.javascript.AppActivity}" drawable="tank_1990" />

	<!-- Tank Stars -->
	<item component="ComponentInfo{com.playgendary.tanks/com.lllibset.LLActivity.LLActivity}" drawable="tank_stars" />

	<!-- Tap Away -->
	<item component="ComponentInfo{com.jctswbglsm.SwipeAway/com.google.firebase.MessagingUnityPlayerActivity}" drawable="tap_away" />

	<!-- The Hole -->
	<item component="ComponentInfo{ru.mediumquality.app/ru.mediumquality.app.MainActivity}" drawable="the_hole" />

	<!-- Track24 -->
	<item component="ComponentInfo{net.track24.android/net.track24.android.SplashActivity}" drawable="track24" />

	<!-- Tuner -->
	<item component="ComponentInfo{de.moekadu.tuner/de.moekadu.tuner.MainActivity}" drawable="tuner" />

	<!-- Unciv -->
	<item component="ComponentInfo{com.unciv.app/com.unciv.app.AndroidLauncher}" drawable="unciv" />

	<!-- Vivaldi -->
	<item component="ComponentInfo{ru.vivaldi.android/ru.vivaldi.android.views.SplashActivity}" drawable="vivaldi" />

	<!-- VMP -->
	<item component="ComponentInfo{com.grif.vmp/com.grif.vmp.ui.activity.main.MainActivity}" drawable="vmp" />

	<!-- War Regions -->
	<item component="ComponentInfo{games.war.regions/by.saygames.SayKitActivity}" drawable="war_regions" />

	<!-- WebMoney Keeper -->
	<item component="ComponentInfo{com.webmoney.my/com.webmoney.my.v3.screen.main.MasterActivity}" drawable="webmoney_keeper" />

	<!-- WG Tunnel -->
	<item component="ComponentInfo{com.zaneschepke.wireguardautotunnel/com.zaneschepke.wireguardautotunnel.ui.MainActivity}" drawable="wg_tunnel" />

	<!-- Wildberries -->
	<item component="ComponentInfo{com.wildberries.ru/ru.wildberries.SplashActivity}" drawable="wildberries" />

	<!-- Wink -->
	<item component="ComponentInfo{ru.rt.video.app.mobile/ru.rt.video.app.splash.SplashActivity}" drawable="wink" />

	<!-- Workout Pro -->
	<item component="ComponentInfo{fitness.workouts.home.workoutspro/fitness.workouts.home.workoutspro.activity.SplashActivity}" drawable="workout_pro" />

	<!-- WoW -->
	<item component="ComponentInfo{com.fugo.wow/com.unity3d.player.UnityPlayerActivity}" drawable="wow" />

	<!-- YouCut - Video Editor -->
	<item component="ComponentInfo{com.camerasideas.trimmer/com.camerasideas.instashot.MainActivity}" drawable="youcut_video_editor" />

	<!-- Yulsun -->
	<item component="ComponentInfo{ru.yulsun.app2/ru.yulsun.app2.MainActivity}" drawable="yulsun" />

	<!-- Zombotron -->
	<item component="ComponentInfo{ru.antkarlov.zombotron/com.unity3d.player.UnityPlayerActivity}" drawable="zombotron" />

</resources>