<appmap>

	<!-- 10 min Email -->
	<item class="com.tempmail.splash.SplashActivity" name="_10_min_email"/>

	<!-- 2048 primium -->
	<item class="com.appsgeyser.multiTabApp.MainNavigationActivity" name="_2048_primium"/>

	<!-- 5Post -->
	<item class="ru.x5.omni.presentation.root.RootActivity" name="_5post"/>

	<!-- Акционер Сбера -->
	<item class="com.example.sberbank_ir.presentation.view.activities.SplashActivity" name="акционер_сбера"/>

	<!-- АптекиПлюс -->
	<item class="ru.apteki.plus.MainActivity" name="аптекиплюс"/>

	<!-- Билеты ПДД 2024 и Экзамен ПДД онлайн (Дром ПДД) -->
	<item class="ru.drom.pdd.android.app.splash.SplashActivity" name="билеты_пдд_2024_и_экзамен_пдд_онлаин_дром_пдд_"/>

	<!-- Браузер -->
	<item class="com.yandex.browser.YandexBrowserActivity" name="браузер"/>

	<!-- Галерея -->
	<item class="com.miui.gallery.activity.HomePageActivity" name="галерея"/>

	<!-- Гамбол & Подземелья(G&D) -->
	<item class="org.cocos2dx.lua.AppActivity" name="гамбол_and_подземелья_g_and_d_"/>

	<!-- Госуслуги -->
	<item class="ru.minsvyaz.coreproject.MainActivity" name="госуслуги"/>

	<!-- Дзен -->
	<item class="com.yandex.zen.ZenMainActivity" name="дзен"/>

	<!-- Диск -->
	<item class="ru.yandex.disk.DefaultIcon" name="диск"/>

	<!-- Драйвер ККТ -->
	<item class="ru.atol.drivers10.service.ui.MainActivity" name="драивер_ккт"/>

	<!-- Едадил -->
	<item class="com.edadeal.android.ui.main.MainActivity" name="едадил"/>

	<!-- жадная пещера -->
	<item class="org.cocos2dx.cpp.AppActivity" name="жадная_пещера"/>

	<!-- Железный Десант -->
	<item class="com.google.firebase.MessagingUnityPlayerActivity" name="железныи_десант"/>

	<!-- Иви -->
	<item class="ru.ivi.client.MainActivityAppIcon" name="иви"/>

	<!-- Кинопоиск -->
	<item class="ru.kinopoisk.presentation.screen.tabs.RedirectTabsIntentsActivity" name="кинопоиск"/>

	<!-- Клиент удаленного рабочего стола -->
	<item class="com.microsoft.rdc.ui.activities.HomeActivity" name="клиент_удаленного_рабочего_стола"/>

	<!-- Лента виджетов -->
	<item class="com.mi.android.globalminusscreen.tab.MainActivity" name="лента_виджетов"/>

	<!-- Магнит -->
	<item class="ru.tander.magnit.presentation.MainActivity" name="магнит"/>

	<!-- МегаФон -->
	<item class="ru.megafon.mlk.ui.activities.ActivityMain" name="мегафон"/>

	<!-- Мой МТС -->
	<item class="ru.mts.core.ActivitySplash" name="мои_мтс"/>

	<!-- Мой Ростелеком -->
	<item class="com.dartit.rtcabinet.ui.SplashActivity" name="мои_ростелеком"/>

	<!-- Навигатор -->
	<item class="ru.yandex.yandexnavi.core.NavigatorActivity" name="навигатор"/>

	<!-- Народный фронт -->
	<item class="ru.mosreg.ekjp.ui.start.StartActivity" name="народныи_фронт"/>

	<!-- Национальная Лотерея -->
	<item class="com.national.lottery.ui.main.MainActivity" name="национальная_лотерея"/>

	<!-- ОК -->
	<item class="ru.ok.android.ui.activity.main.OdklActivity" name="ок"/>

	<!-- Переводчик -->
	<item class="ru.yandex.translate.ui.activities.MainActivity" name="переводчик"/>

	<!-- Пикабу -->
	<item class="ru.pikabu.android.screens.SplashActivity" name="пикабу"/>

	<!-- Плюс Сити -->
	<item class="com.yandex.plus.game.city.presentation.activities.StandaloneGameActivity" name="плюс_сити"/>

	<!-- Почта -->
	<item class="ru.yandex.mail.ui.LoginActivity" name="почта"/>

	<!-- Почта Банк -->
	<item class="ru.letobank.Prometheus.ui.activity.common.InitialActivity" name="почта_банк"/>

	<!-- Почта России -->
	<item class="com.octopod.russianpost.client.android.ui.splash.SplashActivity" name="почта_россии"/>

	<!-- Почта Mail.ru -->
	<item class="ru.mail.mailapp.SplashScreenActivity" name="почта_mailru"/>

	<!-- Проигрыватель музыки -->
	<item class="com.simplemobiletools.musicplayer.activities.SplashActivity.Orange" name="проигрыватель_музыки"/>

	<!-- пузырьковый уровень -->
	<item class="level.bubblelevel.ruler.MainActivity" name="пузырьковыи_уровень"/>

	<!-- Пятёрочка -->
	<item class="ru.pyaterochka.app.launch.Launcher_New_Year" name="пятерочка"/>

	<!-- Радар.НФ -->
	<item class="ru.onf.rdr.ui.start.StartActivity" name="радарнф"/>

	<!-- Рамблер/почта -->
	<item class="ru.rambler.mail.MainActivity" name="рамблер_почта"/>

	<!-- СберБанк -->
	<item class="ru.sberbank.mobile.auth.presentation.splash.SplashActivity" name="сбербанк"/>

	<!-- Службы и обратная связь -->
	<item class="com.miui.miservice.main.MainActivity" name="службы_и_обратная_связь"/>

	<!-- Столото -->
	<item class="ru.stoloto.mobile.feature_splash.ui.SplashActivity" name="столото"/>

	<!-- Таблица Шульте. Скорочтение -->
	<item class="com.unity3d.player.UnityPlayerActivity" name="таблица_шульте_скорочтение"/>

	<!-- Тинькофф -->
	<item class="ru.tinkoff.mb.feature.splash.bank.ui.presentation.BankSplashActivity" name="тинькофф"/>

	<!-- Тренировки для Дома -->
	<item class="homeworkout.homeworkouts.noequipment.SplashActivity" name="тренировки_для_дома"/>

	<!-- Удаленный раб. стол -->
	<item class="com.google.remoting.androidwrapper.MainActivity" name="удаленныи_раб_стол"/>

	<!-- Усиление Басов -->
	<item class="com.equize.library.activity.ActivityWelcome" name="усиление_басов"/>

	<!-- Часы -->
	<item class="com.android.deskclock.DeskClockTabActivity" name="часы"/>

	<!-- Шедеврум -->
	<item class="com.yandex.shedevrus.MainActivity" name="шедеврум"/>

	<!-- ЮMoney -->
	<item class="ru.yoo.money.entryPoint.presentation.EntryPointActivity" name="юmoney"/>

	<!-- Я.Маркет -->
	<item class="ru.yandex.market.ui.splash.MarketSplashActivity" name="ямаркет"/>

	<!-- Я.Музыка -->
	<item class="ru.yandex.music.main.RebrandingScreenActivityAlias" name="ямузыка"/>

	<!-- Я.Погода -->
	<item class="ru.yandex.weatherplugin.ui.activity.SplashActivity" name="япогода"/>

	<!-- Яндекс Пэй -->
	<item class="com.yandex.bank.screens.MainActivity" name="яндекс_пэи"/>

	<!-- A downloader for Instagram -->
	<item class="instasaver.instagram.video.downloader.photo.ui.startup.StartupActivity" name="a_downloader_for_instagram"/>

	<!-- AAWSApp -->
	<item class="com.embarcadero.firemonkey.FMXNativeActivity" name="aawsapp"/>

	<!-- AIDA64 -->
	<item class="com.finalwire.aida64.HHMainActivity" name="aida64"/>

	<!-- Albion Online -->
	<item class="com.albion.AlbionActivity" name="albion_online"/>

	<!-- Alien Invasion -->
	<item class="com.unity3d.player.UnityPlayerActivity" name="alien_invasion"/>

	<!-- Alien Shooter -->
	<item class="com.google.firebase.MessagingUnityPlayerActivity" name="alien_shooter"/>

	<!-- AliExpress -->
	<item class="com.alibaba.aliexpresshd.home.ui.MainActivity" name="aliexpress"/>

	<!-- AlpineQuest -->
	<item class="psyberia.alpinequest.full.AlpineQuestActivity" name="alpinequest"/>

	<!-- Amway -->
	<item class="com.amway.businessapp.rukz.AmwayRussia" name="amway"/>

	<!-- Appbonus -->
	<item class="com.application.library.MainActivity" name="appbonus"/>

	<!-- Apptools -->
	<item class="ru.apptools.activity.TabWidgetActivity" name="apptools"/>

	<!-- ARC -->
	<item class="com.pioneer.alternativeremote.activity.OpeningActivity" name="arc"/>

	<!-- Auto Diggers -->
	<item class="com.unity3d.player.UnityPlayerActivity" name="auto_diggers"/>

	<!-- Automation -->
	<item class="com.jens.automation2.ActivityMainTabLayout" name="automation"/>

	<!-- Backit (ePN) -->
	<item class="bz.epn.cashback.epncashback.ui.activity.splash.SplashActivity" name="backit_epn_"/>

	<!-- Basketball Battle -->
	<item class="com.unity3d.player.UnityPlayerActivity" name="basketball_battle"/>

	<!-- Bitrix24 -->
	<item class="com.bitrix24.android.BX24Activity" name="bitrix24"/>

	<!-- Bricks VS Breaker -->
	<item class="org.cocos2dx.lua.AppActivity" name="bricks_vs_breaker"/>

	<!-- Capsule -->
	<item class="com.checkpoint.VPN.MainHandler" name="capsule"/>

	<!-- Cartoon Craft -->
	<item class="org.cocos2dx.cpp.AppActivity" name="cartoon_craft"/>

	<!-- CDEK -->
	<item class="com.logistic.sdek.v2.modules.splash.ui.SplashV2Activity" name="cdek"/>

	<!-- ChipDip -->
	<item class="ru.chipdip.mobile.activities.MainActivity" name="chipdip"/>

	<!-- Coub -->
	<item class="com.coub.android.ui.MainActivity" name="coub"/>

	<!-- Dan The Man -->
	<item class="com.halfbrick.mortar.MortarGameLauncherActivity" name="dan_the_man"/>

	<!-- Dawn of Zombies -->
	<item class="com.game.UnityPlayerActivity" name="dawn_of_zombies"/>

	<!-- Day R Survival -->
	<item class="com.ansca.corona.CoronaActivity" name="day_r_survival"/>

	<!-- Demon Hunter Premium -->
	<item class="com.enigma.customactivity.EsUnityPlayerActivity" name="demon_hunter_premium"/>

	<!-- Document Scanner -->
	<item class="com.cpm.scanner.activity.SplashActivity" name="document_scanner"/>

	<!-- DrawNote -->
	<item class="com.dragonnest.app.EmptyLauncherActivity" name="drawnote"/>

	<!-- Epic Battle Fantasy 5 -->
	<item class="air.EpicBattleFantasy5.AIRAppEntry" name="epic_battle_fantasy_5"/>

	<!-- Evil Hunter Tycoon -->
	<item class="com.google.firebase.MessagingUnityPlayerActivity" name="evil_hunter_tycoon"/>

	<!-- FixPrice -->
	<item class="ru.bestprice.fixprice.application.splash.ui.SplashActivity" name="fixprice"/>

	<!-- Flightradar24 -->
	<item class="com.flightradar24free.SplashActivity" name="flightradar24"/>

	<!-- FM-радио -->
	<item class="com.miui.fmradio.activity.LauncherActivity" name="fm_радио"/>

	<!-- Fox Legends -->
	<item class="com.xlcwnet.hsjg.xlcw.UnityPlayerActivity" name="fox_legends"/>

	<!-- GameOfDice -->
	<item class="com.joycity.platform.unity.JoypleUnityActivity" name="gameofdice"/>

	<!-- GetApps -->
	<item class="com.xiaomi.mipicks.DefaultAlias" name="getapps"/>

	<!-- GPS status -->
	<item class="com.khalnadj.khaledhabbachi.gpsstatus.SplashScreenActivity" name="gps_status"/>

	<!-- GPS Test -->
	<item class="com.chartcross.gpstest.MainActivity" name="gps_test"/>

	<!-- GuitarTuna -->
	<item class="com.yousician.yousiciannative.GuitarTunaActivity" name="guitartuna"/>

	<!-- Heroes v. Hordes -->
	<item class="com.unity3d.player.UnityPlayerActivity" name="heroes_v_hordes"/>

	<!-- Honor Band 6 Циферблаты -->
	<item class="dev.markgroup.hband6.MainActivity" name="honor_band_6_циферблаты"/>

	<!-- Huawei Health -->
	<item class="com.huawei.health.MainActivity" name="huawei_health"/>

	<!-- iCSee -->
	<item class="com.xworld.activity.welcome.view.WelcomePageActivity" name="icsee"/>

	<!-- IG Downloader -->
	<item class="instasaver.instagram.video.downloader.photo.ui.startup.StartupActivity" name="ig_downloader"/>

	<!-- IngoMobile -->
	<item class="ru.ingos.ingomobile.navigation.SingleActivity" name="ingomobile"/>

	<!-- Jackal Squad -->
	<item class="com.google.firebase.MessagingUnityPlayerActivity" name="jackal_squad"/>

	<!-- Jackal Survival Reborn -->
	<item class="com.google.firebase.MessagingUnityPlayerActivity" name="jackal_survival_reborn"/>

	<!-- KKM-PRN -->
	<item class="ru.a402d.prnfromatolkkm.activity.MainActivity" name="kkm_prn"/>

	<!-- KPassNotes -->
	<item class="com.ivanovsky.passnotes.presentation.StartActivity" name="kpassnotes"/>

	<!-- LastMageStanding -->
	<item class="com.robotogames.IOGameActivity" name="lastmagestanding"/>

	<!-- Legendary Adventure -->
	<item class="org.cocos2dx.cpp.DungeonActivity" name="legendary_adventure"/>

	<!-- Life Bubble -->
	<item class="com.unity3d.player.UnityPlayerActivity" name="life_bubble"/>

	<!-- LiveUAMap -->
	<item class="com.altwork.liveuamap.MainActivity" name="liveuamap"/>

	<!-- Manual Camera DSLR Pro -->
	<item class="com.antafunny.burstcamera.MainActivity" name="manual_camera_dslr_pro"/>

	<!-- Mi Пульт -->
	<item class="com.xiaomi.mitv.phone.remotecontroller.HoriWidgetMainActivityV2" name="mi_пульт"/>

	<!-- MIUI Downloader -->
	<item class="com.xiaomiui.downloader.MainActivity" name="miui_downloader"/>

	<!-- Mock Locations -->
	<item class="ru.gavrikov.mocklocations.MainActivity" name="mock_locations"/>

	<!-- Money Quiz -->
	<item class="org.cocos2dx.javascript.AppActivity" name="money_quiz"/>

	<!-- Motionleap -->
	<item class="com.lightricks.pixaloop.SplashActivity" name="motionleap"/>

	<!-- Network Cell Info -->
	<item class="com.wilysis.cellinfo.Arxikh" name="network_cell_info"/>

	<!-- Nomad VPN -->
	<item class="com.rg.nomadvpn.MainActivity" name="nomad_vpn"/>

	<!-- Nyan -->
	<item class="com.powerje.nyan.NyanActivity" name="nyan"/>

	<!-- Onetwo -->
	<item class="com.onetwo.app.LoginActivity" name="onetwo"/>

	<!-- OZON -->
	<item class="ru.ozon.app.android.ui.start.AppHostActivity" name="ozon"/>

	<!-- Ozon Банк -->
	<item class="ru.ozon.fintech.features.tabber.presentation.finance.FinanceActivity" name="ozon_банк"/>

	<!-- Path of Immortals: Выживший -->
	<item class="com.mechanist.myotheractivity.MainActivity" name="path_of_immortals_выжившии"/>

	<!-- Photo EXIF Editor -->
	<item class="net.xnano.android.photoexifeditor.HomeActivity" name="photo_exif_editor"/>

	<!-- Pickle Pete -->
	<item class="com.google.firebase.MessagingUnityPlayerActivity" name="pickle_pete"/>

	<!-- Ping -->
	<item class="ru.otdr.ping.MainActivity" name="ping"/>

	<!-- Poco Community -->
	<item class="com.mi.global.pocobbs.ui.SplashActivity" name="poco_community"/>

	<!-- POCO Store -->
	<item class="com.mi.global.shopcomponents.activity.LaunchActivity" name="poco_store"/>

	<!-- Poweramp -->
	<item class="com.maxmpz.audioplayer.standard_adaptive" name="poweramp"/>

	<!-- Poweramp - разблокировка -->
	<item class="com.maxmpz.audioplayer.unlock.LauncherRedirectorActivity" name="poweramp_разблокировка"/>

	<!-- Prosto -->
	<item class="com.prostoapp.MainActivity" name="prosto"/>

	<!-- PUBG MOBILE Gift Box -->
	<item class="com.tencent.igxiaomi.MainActivity" name="pubg_mobile_gift_box"/>

	<!-- QIWI -->
	<item class="ru.mw.splashScreen.view.SplashScreenActivity" name="qiwi"/>

	<!-- QR-сканер -->
	<item class="com.camvision.qrcode.barcode.reader.main.Qr2MainActivity" name="qr_сканер"/>

	<!-- RawBT -->
	<item class="ru.a402d.rawbtprinter.activity.MainActivity" name="rawbt"/>

	<!-- Relaxing Sleep Sounds PRO -->
	<item class="com.turtleapps.relaxingsleepsoundspro.SplashActivity" name="relaxing_sleep_sounds_pro"/>

	<!-- Ringtone Maker -->
	<item class="com.herman.ringtone.MusicPicker" name="ringtone_maker"/>

	<!-- RuStore -->
	<item class="ru.vk.store.app.MainActivity" name="rustore"/>

	<!-- RUTUBE -->
	<item class="ru.rutube.app.ui.activity.splash.SplashActivity" name="rutube"/>

	<!-- Shadowsocks -->
	<item class="com.github.shadowsocks.MainActivity" name="shadowsocks"/>

	<!-- SHAREit -->
	<item class="com.lenovo.anyshare.ApMainActivity" name="shareit"/>

	<!-- Side Bar -->
	<item class="com.bhanu.simplesidebar.activities.HomeActivity" name="side_bar"/>

	<!-- Tank 1990 -->
	<item class="org.cocos2dx.javascript.AppActivity" name="tank_1990"/>

	<!-- Tank Stars -->
	<item class="com.lllibset.LLActivity.LLActivity" name="tank_stars"/>

	<!-- Tap Away -->
	<item class="com.google.firebase.MessagingUnityPlayerActivity" name="tap_away"/>

	<!-- The Hole -->
	<item class="ru.mediumquality.app.MainActivity" name="the_hole"/>

	<!-- Track24 -->
	<item class="net.track24.android.SplashActivity" name="track24"/>

	<!-- Tuner -->
	<item class="de.moekadu.tuner.MainActivity" name="tuner"/>

	<!-- Unciv -->
	<item class="com.unciv.app.AndroidLauncher" name="unciv"/>

	<!-- Vivaldi -->
	<item class="ru.vivaldi.android.views.SplashActivity" name="vivaldi"/>

	<!-- VMP -->
	<item class="com.grif.vmp.ui.activity.main.MainActivity" name="vmp"/>

	<!-- War Regions -->
	<item class="by.saygames.SayKitActivity" name="war_regions"/>

	<!-- WebMoney Keeper -->
	<item class="com.webmoney.my.v3.screen.main.MasterActivity" name="webmoney_keeper"/>

	<!-- WG Tunnel -->
	<item class="com.zaneschepke.wireguardautotunnel.ui.MainActivity" name="wg_tunnel"/>

	<!-- Wildberries -->
	<item class="ru.wildberries.SplashActivity" name="wildberries"/>

	<!-- Wink -->
	<item class="ru.rt.video.app.splash.SplashActivity" name="wink"/>

	<!-- Workout Pro -->
	<item class="fitness.workouts.home.workoutspro.activity.SplashActivity" name="workout_pro"/>

	<!-- WoW -->
	<item class="com.unity3d.player.UnityPlayerActivity" name="wow"/>

	<!-- YouCut - Video Editor -->
	<item class="com.camerasideas.instashot.MainActivity" name="youcut_video_editor"/>

	<!-- Yulsun -->
	<item class="ru.yulsun.app2.MainActivity" name="yulsun"/>

	<!-- Zombotron -->
	<item class="com.unity3d.player.UnityPlayerActivity" name="zombotron"/>

</appmap>