<Theme version="1">

	<!-- 10 min Email -->
	<AppIcon name="com.tenminutemail/com.tempmail.splash.SplashActivity" image="_10_min_email"/>

	<!-- 2048 primium -->
	<AppIcon name="com.ww2048primium_14391700/com.appsgeyser.multiTabApp.MainNavigationActivity" image="_2048_primium"/>

	<!-- 5Post -->
	<AppIcon name="ru.x5.omni/ru.x5.omni.presentation.root.RootActivity" image="_5post"/>

	<!-- Акционер Сбера -->
	<AppIcon name="ru.sberbank.sberbankir2020/com.example.sberbank_ir.presentation.view.activities.SplashActivity" image="акционер_сбера"/>

	<!-- АптекиПлюс -->
	<AppIcon name="ru.apteki.plus/ru.apteki.plus.MainActivity" image="аптекиплюс"/>

	<!-- Билеты ПДД 2024 и Экзамен ПДД онлайн (Дром ПДД) -->
	<AppIcon name="ru.drom.pdd.android.app/ru.drom.pdd.android.app.splash.SplashActivity" image="билеты_пдд_2024_и_экзамен_пдд_онлаин_дром_пдд_"/>

	<!-- Браузер -->
	<AppIcon name="com.yandex.browser/com.yandex.browser.YandexBrowserActivity" image="браузер"/>

	<!-- Галерея -->
	<AppIcon name="com.miui.gallery/com.miui.gallery.activity.HomePageActivity" image="галерея"/>

	<!-- Гамбол & Подземелья(G&D) -->
	<AppIcon name="com.qcplay.slimegogogo/org.cocos2dx.lua.AppActivity" image="гамбол_and_подземелья_g_and_d_"/>

	<!-- Госуслуги -->
	<AppIcon name="ru.rostel/ru.minsvyaz.coreproject.MainActivity" image="госуслуги"/>

	<!-- Дзен -->
	<AppIcon name="ru.zen.android/com.yandex.zen.ZenMainActivity" image="дзен"/>

	<!-- Диск -->
	<AppIcon name="ru.yandex.disk/ru.yandex.disk.DefaultIcon" image="диск"/>

	<!-- Драйвер ККТ -->
	<AppIcon name="ru.atol.drivers10.service/ru.atol.drivers10.service.ui.MainActivity" image="драивер_ккт"/>

	<!-- Едадил -->
	<AppIcon name="com.edadeal.android/com.edadeal.android.ui.main.MainActivity" image="едадил"/>

	<!-- жадная пещера -->
	<AppIcon name="com.avalon.cave/org.cocos2dx.cpp.AppActivity" image="жадная_пещера"/>

	<!-- Железный Десант -->
	<AppIcon name="com.ironhidegames.android.ironmarines/com.google.firebase.MessagingUnityPlayerActivity" image="железныи_десант"/>

	<!-- Иви -->
	<AppIcon name="ru.ivi.client/ru.ivi.client.MainActivityAppIcon" image="иви"/>

	<!-- Кинопоиск -->
	<AppIcon name="ru.kinopoisk/ru.kinopoisk.presentation.screen.tabs.RedirectTabsIntentsActivity" image="кинопоиск"/>

	<!-- Клиент удаленного рабочего стола -->
	<AppIcon name="com.microsoft.rdc.androidx/com.microsoft.rdc.ui.activities.HomeActivity" image="клиент_удаленного_рабочего_стола"/>

	<!-- Лента виджетов -->
	<AppIcon name="com.mi.android.globalminusscreen/com.mi.android.globalminusscreen.tab.MainActivity" image="лента_виджетов"/>

	<!-- Магнит -->
	<AppIcon name="ru.tander.magnit/ru.tander.magnit.presentation.MainActivity" image="магнит"/>

	<!-- МегаФон -->
	<AppIcon name="ru.megafon.mlk/ru.megafon.mlk.ui.activities.ActivityMain" image="мегафон"/>

	<!-- Мой МТС -->
	<AppIcon name="ru.mts.mymts/ru.mts.core.ActivitySplash" image="мои_мтс"/>

	<!-- Мой Ростелеком -->
	<AppIcon name="com.dartit.RTcabinet/com.dartit.rtcabinet.ui.SplashActivity" image="мои_ростелеком"/>

	<!-- Навигатор -->
	<AppIcon name="ru.yandex.yandexnavi/ru.yandex.yandexnavi.core.NavigatorActivity" image="навигатор"/>

	<!-- Народный фронт -->
	<AppIcon name="ru.onf.dobro/ru.mosreg.ekjp.ui.start.StartActivity" image="народныи_фронт"/>

	<!-- Национальная Лотерея -->
	<AppIcon name="com.national.lottery/com.national.lottery.ui.main.MainActivity" image="национальная_лотерея"/>

	<!-- ОК -->
	<AppIcon name="ru.ok.android/ru.ok.android.ui.activity.main.OdklActivity" image="ок"/>

	<!-- Переводчик -->
	<AppIcon name="ru.yandex.translate/ru.yandex.translate.ui.activities.MainActivity" image="переводчик"/>

	<!-- Пикабу -->
	<AppIcon name="ru.pikabu.android/ru.pikabu.android.screens.SplashActivity" image="пикабу"/>

	<!-- Плюс Сити -->
	<AppIcon name="com.yandex.mobile.plus.game.city/com.yandex.plus.game.city.presentation.activities.StandaloneGameActivity" image="плюс_сити"/>

	<!-- Почта -->
	<AppIcon name="ru.yandex.mail/ru.yandex.mail.ui.LoginActivity" image="почта"/>

	<!-- Почта Банк -->
	<AppIcon name="ru.letobank.Prometheus/ru.letobank.Prometheus.ui.activity.common.InitialActivity" image="почта_банк"/>

	<!-- Почта России -->
	<AppIcon name="com.octopod.russianpost.client.android/com.octopod.russianpost.client.android.ui.splash.SplashActivity" image="почта_россии"/>

	<!-- Почта Mail.ru -->
	<AppIcon name="ru.mail.mailapp/ru.mail.mailapp.SplashScreenActivity" image="почта_mailru"/>

	<!-- Проигрыватель музыки -->
	<AppIcon name="com.simplemobiletools.musicplayer/com.simplemobiletools.musicplayer.activities.SplashActivity.Orange" image="проигрыватель_музыки"/>

	<!-- пузырьковый уровень -->
	<AppIcon name="level.bubblelevel.ruler/level.bubblelevel.ruler.MainActivity" image="пузырьковыи_уровень"/>

	<!-- Пятёрочка -->
	<AppIcon name="ru.pyaterochka.app.browser/ru.pyaterochka.app.launch.Launcher_New_Year" image="пятерочка"/>

	<!-- Радар.НФ -->
	<AppIcon name="ru.onf.rdr/ru.onf.rdr.ui.start.StartActivity" image="радарнф"/>

	<!-- Рамблер/почта -->
	<AppIcon name="ru.rambler.mail/ru.rambler.mail.MainActivity" image="рамблер_почта"/>

	<!-- СберБанк -->
	<AppIcon name="ru.sberbankmobile/ru.sberbank.mobile.auth.presentation.splash.SplashActivity" image="сбербанк"/>

	<!-- Службы и обратная связь -->
	<AppIcon name="com.miui.miservice/com.miui.miservice.main.MainActivity" image="службы_и_обратная_связь"/>

	<!-- Столото -->
	<AppIcon name="ru.stoloto.mobile/ru.stoloto.mobile.feature_splash.ui.SplashActivity" image="столото"/>

	<!-- Таблица Шульте. Скорочтение -->
	<AppIcon name="com.SbmGames.SchulteTable/com.unity3d.player.UnityPlayerActivity" image="таблица_шульте_скорочтение"/>

	<!-- Тинькофф -->
	<AppIcon name="com.idamob.tinkoff.android/ru.tinkoff.mb.feature.splash.bank.ui.presentation.BankSplashActivity" image="тинькофф"/>

	<!-- Тренировки для Дома -->
	<AppIcon name="homeworkout.homeworkouts.noequipment/homeworkout.homeworkouts.noequipment.SplashActivity" image="тренировки_для_дома"/>

	<!-- Удаленный раб. стол -->
	<AppIcon name="com.google.chromeremotedesktop/com.google.remoting.androidwrapper.MainActivity" image="удаленныи_раб_стол"/>

	<!-- Усиление Басов -->
	<AppIcon name="music.basss.booster.effect.equalizer/com.equize.library.activity.ActivityWelcome" image="усиление_басов"/>

	<!-- Часы -->
	<AppIcon name="com.android.deskclock/com.android.deskclock.DeskClockTabActivity" image="часы"/>

	<!-- Шедеврум -->
	<AppIcon name="com.yandex.shedevrus/com.yandex.shedevrus.MainActivity" image="шедеврум"/>

	<!-- ЮMoney -->
	<AppIcon name="ru.yoo.money/ru.yoo.money.entryPoint.presentation.EntryPointActivity" image="юmoney"/>

	<!-- Я.Маркет -->
	<AppIcon name="ru.beru.android/ru.yandex.market.ui.splash.MarketSplashActivity" image="ямаркет"/>

	<!-- Я.Музыка -->
	<AppIcon name="ru.yandex.music/ru.yandex.music.main.RebrandingScreenActivityAlias" image="ямузыка"/>

	<!-- Я.Погода -->
	<AppIcon name="ru.yandex.weatherplugin/ru.yandex.weatherplugin.ui.activity.SplashActivity" image="япогода"/>

	<!-- Яндекс Пэй -->
	<AppIcon name="com.yandex.bank/com.yandex.bank.screens.MainActivity" image="яндекс_пэи"/>

	<!-- A downloader for Instagram -->
	<AppIcon name="instagram.video.downloader.story.saver/instasaver.instagram.video.downloader.photo.ui.startup.StartupActivity" image="a_downloader_for_instagram"/>

	<!-- AAWSApp -->
	<AppIcon name="com.embarcadero.AAWSApp/com.embarcadero.firemonkey.FMXNativeActivity" image="aawsapp"/>

	<!-- AIDA64 -->
	<AppIcon name="com.finalwire.aida64/com.finalwire.aida64.HHMainActivity" image="aida64"/>

	<!-- Albion Online -->
	<AppIcon name="com.albiononline/com.albion.AlbionActivity" image="albion_online"/>

	<!-- Alien Invasion -->
	<AppIcon name="com.multicastgames.venomSurvive/com.unity3d.player.UnityPlayerActivity" image="alien_invasion"/>

	<!-- Alien Shooter -->
	<AppIcon name="com.alien.shooter.galaxy.attack/com.google.firebase.MessagingUnityPlayerActivity" image="alien_shooter"/>

	<!-- AliExpress -->
	<AppIcon name="ru.aliexpress.buyer/com.alibaba.aliexpresshd.home.ui.MainActivity" image="aliexpress"/>

	<!-- AlpineQuest -->
	<AppIcon name="psyberia.alpinequest.full/psyberia.alpinequest.full.AlpineQuestActivity" image="alpinequest"/>

	<!-- Amway -->
	<AppIcon name="com.amway.businessapp.rukz/com.amway.businessapp.rukz.AmwayRussia" image="amway"/>

	<!-- Appbonus -->
	<AppIcon name="ru.appbonus.android/com.application.library.MainActivity" image="appbonus"/>

	<!-- Apptools -->
	<AppIcon name="ru.apptools/ru.apptools.activity.TabWidgetActivity" image="apptools"/>

	<!-- ARC -->
	<AppIcon name="com.pioneer.alternativeremote/com.pioneer.alternativeremote.activity.OpeningActivity" image="arc"/>

	<!-- Auto Diggers -->
	<AppIcon name="com.ISAAC.Autodiggers/com.unity3d.player.UnityPlayerActivity" image="auto_diggers"/>

	<!-- Automation -->
	<AppIcon name="com.jens.automation2/com.jens.automation2.ActivityMainTabLayout" image="automation"/>

	<!-- Backit (ePN) -->
	<AppIcon name="bz.epn.cashback.epncashback/bz.epn.cashback.epncashback.ui.activity.splash.SplashActivity" image="backit_epn_"/>

	<!-- Basketball Battle -->
	<AppIcon name="com.doubletapsoftware.basketballbattle/com.unity3d.player.UnityPlayerActivity" image="basketball_battle"/>

	<!-- Bitrix24 -->
	<AppIcon name="com.bitrix24.android/com.bitrix24.android.BX24Activity" image="bitrix24"/>

	<!-- Bricks VS Breaker -->
	<AppIcon name="com.bricks.vs.balls.breaker/org.cocos2dx.lua.AppActivity" image="bricks_vs_breaker"/>

	<!-- Capsule -->
	<AppIcon name="com.checkpoint.VPN/com.checkpoint.VPN.MainHandler" image="capsule"/>

	<!-- Cartoon Craft -->
	<AppIcon name="com.magmon.cartooncraft/org.cocos2dx.cpp.AppActivity" image="cartoon_craft"/>

	<!-- CDEK -->
	<AppIcon name="com.logistic.sdek/com.logistic.sdek.v2.modules.splash.ui.SplashV2Activity" image="cdek"/>

	<!-- ChipDip -->
	<AppIcon name="ru.chipdip.mobile/ru.chipdip.mobile.activities.MainActivity" image="chipdip"/>

	<!-- Coub -->
	<AppIcon name="com.coub.android/com.coub.android.ui.MainActivity" image="coub"/>

	<!-- Dan The Man -->
	<AppIcon name="com.halfbrick.dantheman/com.halfbrick.mortar.MortarGameLauncherActivity" image="dan_the_man"/>

	<!-- Dawn of Zombies -->
	<AppIcon name="com.survival.last/com.game.UnityPlayerActivity" image="dawn_of_zombies"/>

	<!-- Day R Survival -->
	<AppIcon name="com.gm_shaber.dayr/com.ansca.corona.CoronaActivity" image="day_r_survival"/>

	<!-- Demon Hunter Premium -->
	<AppIcon name="com.eapublishing.dhsw.paid/com.enigma.customactivity.EsUnityPlayerActivity" image="demon_hunter_premium"/>

	<!-- Document Scanner -->
	<AppIcon name="com.documentscanner.scanpdf/com.cpm.scanner.activity.SplashActivity" image="document_scanner"/>

	<!-- DrawNote -->
	<AppIcon name="com.dragonnest.drawnote/com.dragonnest.app.EmptyLauncherActivity" image="drawnote"/>

	<!-- Epic Battle Fantasy 5 -->
	<AppIcon name="air.EpicBattleFantasy5/air.EpicBattleFantasy5.AIRAppEntry" image="epic_battle_fantasy_5"/>

	<!-- Evil Hunter Tycoon -->
	<AppIcon name="com.superplanet.evilhunter/com.google.firebase.MessagingUnityPlayerActivity" image="evil_hunter_tycoon"/>

	<!-- FixPrice -->
	<AppIcon name="ru.bestprice.fixprice/ru.bestprice.fixprice.application.splash.ui.SplashActivity" image="fixprice"/>

	<!-- Flightradar24 -->
	<AppIcon name="com.flightradar24free/com.flightradar24free.SplashActivity" image="flightradar24"/>

	<!-- FM-радио -->
	<AppIcon name="com.miui.fm/com.miui.fmradio.activity.LauncherActivity" image="fm_радио"/>

	<!-- Fox Legends -->
	<AppIcon name="com.espritgames.rpg.nine.songs/com.xlcwnet.hsjg.xlcw.UnityPlayerActivity" image="fox_legends"/>

	<!-- GameOfDice -->
	<AppIcon name="com.joycity.god/com.joycity.platform.unity.JoypleUnityActivity" image="gameofdice"/>

	<!-- GetApps -->
	<AppIcon name="com.xiaomi.mipicks/com.xiaomi.mipicks.DefaultAlias" image="getapps"/>

	<!-- GPS status -->
	<AppIcon name="com.khalnadj.khaledhabbachi.gpsstatus/com.khalnadj.khaledhabbachi.gpsstatus.SplashScreenActivity" image="gps_status"/>

	<!-- GPS Test -->
	<AppIcon name="com.chartcross.gpstest/com.chartcross.gpstest.MainActivity" image="gps_test"/>

	<!-- GuitarTuna -->
	<AppIcon name="com.ovelin.guitartuna/com.yousician.yousiciannative.GuitarTunaActivity" image="guitartuna"/>

	<!-- Heroes v. Hordes -->
	<AppIcon name="com.swiftgames.survival/com.unity3d.player.UnityPlayerActivity" image="heroes_v_hordes"/>

	<!-- Honor Band 6 Циферблаты -->
	<AppIcon name="dev.markgroup.hband6/dev.markgroup.hband6.MainActivity" image="honor_band_6_циферблаты"/>

	<!-- Huawei Health -->
	<AppIcon name="com.huawei.health/com.huawei.health.MainActivity" image="huawei_health"/>

	<!-- iCSee -->
	<AppIcon name="com.xm.csee/com.xworld.activity.welcome.view.WelcomePageActivity" image="icsee"/>

	<!-- IG Downloader -->
	<AppIcon name="instasaver.instagram.video.downloader.photo/instasaver.instagram.video.downloader.photo.ui.startup.StartupActivity" image="ig_downloader"/>

	<!-- IngoMobile -->
	<AppIcon name="ru.ingos.ingomobile/ru.ingos.ingomobile.navigation.SingleActivity" image="ingomobile"/>

	<!-- Jackal Squad -->
	<AppIcon name="com.rocket.jackal.squad/com.google.firebase.MessagingUnityPlayerActivity" image="jackal_squad"/>

	<!-- Jackal Survival Reborn -->
	<AppIcon name="com.dra.jackal.survival/com.google.firebase.MessagingUnityPlayerActivity" image="jackal_survival_reborn"/>

	<!-- KKM-PRN -->
	<AppIcon name="ru.a402d.prnfromatolkkm/ru.a402d.prnfromatolkkm.activity.MainActivity" image="kkm_prn"/>

	<!-- KPassNotes -->
	<AppIcon name="com.ivanovsky.passnotes/com.ivanovsky.passnotes.presentation.StartActivity" image="kpassnotes"/>

	<!-- LastMageStanding -->
	<AppIcon name="com.robotogames.iogame/com.robotogames.IOGameActivity" image="lastmagestanding"/>

	<!-- Legendary Adventure -->
	<AppIcon name="com.stereo7games.legendaryadventure/org.cocos2dx.cpp.DungeonActivity" image="legendary_adventure"/>

	<!-- Life Bubble -->
	<AppIcon name="com.ristretto.lifebubble/com.unity3d.player.UnityPlayerActivity" image="life_bubble"/>

	<!-- LiveUAMap -->
	<AppIcon name="com.altwork.liveuamap/com.altwork.liveuamap.MainActivity" image="liveuamap"/>

	<!-- Manual Camera DSLR Pro -->
	<AppIcon name="com.lensesdev.manual.camera.pro/com.antafunny.burstcamera.MainActivity" image="manual_camera_dslr_pro"/>

	<!-- Mi Пульт -->
	<AppIcon name="com.duokan.phone.remotecontroller/com.xiaomi.mitv.phone.remotecontroller.HoriWidgetMainActivityV2" image="mi_пульт"/>

	<!-- MIUI Downloader -->
	<AppIcon name="com.xiaomiui.downloader/com.xiaomiui.downloader.MainActivity" image="miui_downloader"/>

	<!-- Mock Locations -->
	<AppIcon name="ru.gavrikov.mocklocations/ru.gavrikov.mocklocations.MainActivity" image="mock_locations"/>

	<!-- Money Quiz -->
	<AppIcon name="com.yydlsggj.moneyquiz/org.cocos2dx.javascript.AppActivity" image="money_quiz"/>

	<!-- Motionleap -->
	<AppIcon name="com.lightricks.pixaloop/com.lightricks.pixaloop.SplashActivity" image="motionleap"/>

	<!-- Network Cell Info -->
	<AppIcon name="com.wilysis.cellinfo/com.wilysis.cellinfo.Arxikh" image="network_cell_info"/>

	<!-- Nomad VPN -->
	<AppIcon name="com.rg.nomadvpn/com.rg.nomadvpn.MainActivity" image="nomad_vpn"/>

	<!-- Nyan -->
	<AppIcon name="com.powerje.nyan/com.powerje.nyan.NyanActivity" image="nyan"/>

	<!-- Onetwo -->
	<AppIcon name="com.onetwo.app/com.onetwo.app.LoginActivity" image="onetwo"/>

	<!-- OZON -->
	<AppIcon name="ru.ozon.app.android/ru.ozon.app.android.ui.start.AppHostActivity" image="ozon"/>

	<!-- Ozon Банк -->
	<AppIcon name="ru.ozon.fintech.finance/ru.ozon.fintech.features.tabber.presentation.finance.FinanceActivity" image="ozon_банк"/>

	<!-- Path of Immortals: Выживший -->
	<AppIcon name="com.mechanist.poi/com.mechanist.myotheractivity.MainActivity" image="path_of_immortals_выжившии"/>

	<!-- Photo EXIF Editor -->
	<AppIcon name="net.xnano.android.photoexifeditor/net.xnano.android.photoexifeditor.HomeActivity" image="photo_exif_editor"/>

	<!-- Pickle Pete -->
	<AppIcon name="com.frojo.pickle/com.google.firebase.MessagingUnityPlayerActivity" image="pickle_pete"/>

	<!-- Ping -->
	<AppIcon name="ru.otdr.ping/ru.otdr.ping.MainActivity" image="ping"/>

	<!-- Poco Community -->
	<AppIcon name="com.mi.global.pocobbs/com.mi.global.pocobbs.ui.SplashActivity" image="poco_community"/>

	<!-- POCO Store -->
	<AppIcon name="com.mi.global.pocostore/com.mi.global.shopcomponents.activity.LaunchActivity" image="poco_store"/>

	<!-- Poweramp -->
	<AppIcon name="com.maxmpz.audioplayer/com.maxmpz.audioplayer.standard_adaptive" image="poweramp"/>

	<!-- Poweramp - разблокировка -->
	<AppIcon name="com.maxmpz.audioplayer.unlock/com.maxmpz.audioplayer.unlock.LauncherRedirectorActivity" image="poweramp_разблокировка"/>

	<!-- Prosto -->
	<AppIcon name="com.prostoapp/com.prostoapp.MainActivity" image="prosto"/>

	<!-- PUBG MOBILE Gift Box -->
	<AppIcon name="com.tencent.igxiaomi/com.tencent.igxiaomi.MainActivity" image="pubg_mobile_gift_box"/>

	<!-- QIWI -->
	<AppIcon name="ru.mw/ru.mw.splashScreen.view.SplashScreenActivity" image="qiwi"/>

	<!-- QR-сканер -->
	<AppIcon name="com.camvision.qrcode.barcode.reader/com.camvision.qrcode.barcode.reader.main.Qr2MainActivity" image="qr_сканер"/>

	<!-- RawBT -->
	<AppIcon name="ru.a402d.rawbtprinter/ru.a402d.rawbtprinter.activity.MainActivity" image="rawbt"/>

	<!-- Relaxing Sleep Sounds PRO -->
	<AppIcon name="com.turtleapps.relaxingsleepsoundspro/com.turtleapps.relaxingsleepsoundspro.SplashActivity" image="relaxing_sleep_sounds_pro"/>

	<!-- Ringtone Maker -->
	<AppIcon name="com.herman.ringtone/com.herman.ringtone.MusicPicker" image="ringtone_maker"/>

	<!-- RuStore -->
	<AppIcon name="ru.vk.store/ru.vk.store.app.MainActivity" image="rustore"/>

	<!-- RUTUBE -->
	<AppIcon name="ru.rutube.app/ru.rutube.app.ui.activity.splash.SplashActivity" image="rutube"/>

	<!-- Shadowsocks -->
	<AppIcon name="com.github.shadowsocks/com.github.shadowsocks.MainActivity" image="shadowsocks"/>

	<!-- SHAREit -->
	<AppIcon name="com.lenovo.anyshare.gps/com.lenovo.anyshare.ApMainActivity" image="shareit"/>

	<!-- Side Bar -->
	<AppIcon name="com.bhanu.simplesidebar/com.bhanu.simplesidebar.activities.HomeActivity" image="side_bar"/>

	<!-- Tank 1990 -->
	<AppIcon name="com.bravestars.mt.tankbattle.classic.game/org.cocos2dx.javascript.AppActivity" image="tank_1990"/>

	<!-- Tank Stars -->
	<AppIcon name="com.playgendary.tanks/com.lllibset.LLActivity.LLActivity" image="tank_stars"/>

	<!-- Tap Away -->
	<AppIcon name="com.jctswbglsm.SwipeAway/com.google.firebase.MessagingUnityPlayerActivity" image="tap_away"/>

	<!-- The Hole -->
	<AppIcon name="ru.mediumquality.app/ru.mediumquality.app.MainActivity" image="the_hole"/>

	<!-- Track24 -->
	<AppIcon name="net.track24.android/net.track24.android.SplashActivity" image="track24"/>

	<!-- Tuner -->
	<AppIcon name="de.moekadu.tuner/de.moekadu.tuner.MainActivity" image="tuner"/>

	<!-- Unciv -->
	<AppIcon name="com.unciv.app/com.unciv.app.AndroidLauncher" image="unciv"/>

	<!-- Vivaldi -->
	<AppIcon name="ru.vivaldi.android/ru.vivaldi.android.views.SplashActivity" image="vivaldi"/>

	<!-- VMP -->
	<AppIcon name="com.grif.vmp/com.grif.vmp.ui.activity.main.MainActivity" image="vmp"/>

	<!-- War Regions -->
	<AppIcon name="games.war.regions/by.saygames.SayKitActivity" image="war_regions"/>

	<!-- WebMoney Keeper -->
	<AppIcon name="com.webmoney.my/com.webmoney.my.v3.screen.main.MasterActivity" image="webmoney_keeper"/>

	<!-- WG Tunnel -->
	<AppIcon name="com.zaneschepke.wireguardautotunnel/com.zaneschepke.wireguardautotunnel.ui.MainActivity" image="wg_tunnel"/>

	<!-- Wildberries -->
	<AppIcon name="com.wildberries.ru/ru.wildberries.SplashActivity" image="wildberries"/>

	<!-- Wink -->
	<AppIcon name="ru.rt.video.app.mobile/ru.rt.video.app.splash.SplashActivity" image="wink"/>

	<!-- Workout Pro -->
	<AppIcon name="fitness.workouts.home.workoutspro/fitness.workouts.home.workoutspro.activity.SplashActivity" image="workout_pro"/>

	<!-- WoW -->
	<AppIcon name="com.fugo.wow/com.unity3d.player.UnityPlayerActivity" image="wow"/>

	<!-- YouCut - Video Editor -->
	<AppIcon name="com.camerasideas.trimmer/com.camerasideas.instashot.MainActivity" image="youcut_video_editor"/>

	<!-- Yulsun -->
	<AppIcon name="ru.yulsun.app2/ru.yulsun.app2.MainActivity" image="yulsun"/>

	<!-- Zombotron -->
	<AppIcon name="ru.antkarlov.zombotron/com.unity3d.player.UnityPlayerActivity" image="zombotron"/>

</Theme>