<resources>

	<!-- apps_Packages Info -->
	<item component="ComponentInfo{com.oF2pks.applicationsinfo/com.oF2pks.applicationsinfo.MainActivity}" drawable="apps_packages_info" />

	<!-- Arcticons -->
	<item component="ComponentInfo{com.donnnno.arcticons/com.donnnno.arcticons.activities.SplashActivity}" drawable="arcticons" />

	<!-- Audio Recorder -->
	<item component="ComponentInfo{com.dimowner.audiorecorder/com.dimowner.audiorecorder.app.main.MainActivity}" drawable="audio_recorder" />

	<!-- Bixby Vision -->
	<item component="ComponentInfo{com.samsung.android.visionintelligence/com.samsung.android.visionintelligence.main.DummyActivity}" drawable="bixby_vision" />

	<!-- Calculator -->
	<item component="ComponentInfo{com.darkempire78.opencalculator/com.darkempire78.opencalculator.MainActivity}" drawable="calculator" />

	<!-- Cool text and symbols -->
	<item component="ComponentInfo{com.dricodes.simboloseletrasdiferentesfree/com.dricodes.simboloseletrasdiferentesfree.HomeActivity}" drawable="cool_text_and_symbols" />

	<!-- Digilocker -->
	<item component="ComponentInfo{com.digilocker.android/in.gov.digilocker.views.mainactivity.SplashScreenActivity}" drawable="digilocker" />

	<!-- DMSS -->
	<item component="ComponentInfo{com.mm.android.DMSS/com.mm.android.base.devicemain.SplashActivity}" drawable="dmss" />

	<!-- EDS Lite -->
	<item component="ComponentInfo{com.sovworks.edslite/com.sovworks.eds.android.filemanager.activities.FileManagerActivity}" drawable="eds_lite" />

	<!-- FlorisBoard -->
	<item component="ComponentInfo{dev.patrickgold.florisboard/dev.patrickgold.florisboard.SettingsLauncherAlias}" drawable="florisboard" />

	<!-- HDFC Bank -->
	<item component="ComponentInfo{com.snapwork.hdfc/com.snapwork.hdfc.launcher_d88b5c5194763f71a0b9000b2167d32df77bd19df2fb186232ee9b3ce115458a}" drawable="hdfc_bank" />

	<!-- Imagepipe -->
	<item component="ComponentInfo{de.kaffeemitkoffein.imagepipe/de.kaffeemitkoffein.imagepipe.ImageReceiver}" drawable="imagepipe" />

	<!-- Internet Speed Meter -->
	<item component="ComponentInfo{com.internet.speed.meter/com.internet.speed.meter.lite.MainActivity}" drawable="internet_speed_meter" />

	<!-- Inure -->
	<item component="ComponentInfo{app.simple.inure/app.simple.inure.activities.app.MainActivity}" drawable="inure" />

	<!-- KDE Connect -->
	<item component="ComponentInfo{org.kde.kdeconnect_tp/org.kde.kdeconnect.UserInterface.MainActivity}" drawable="kde_connect" />

	<!-- KeePassDX -->
	<item component="ComponentInfo{com.kunzisoft.keepass.libre/com.kunzisoft.keepass.activities.FileDatabaseSelectActivity}" drawable="keepassdx" />

	<!-- LibreOffice Viewer -->
	<item component="ComponentInfo{org.documentfoundation.libreoffice/org.libreoffice.ui.LibreOfficeUIActivity}" drawable="libreoffice_viewer" />

	<!-- mAadhaar -->
	<item component="ComponentInfo{in.gov.uidai.mAadhaarPlus/in.gov.uidai.mAadhaarPlus.MainActivity}" drawable="maadhaar" />

	<!-- Marrow -->
	<item component="ComponentInfo{com.marrow/com.marrow.ui.activities.onboarding.splash.SplashActivity}" drawable="marrow" />

	<!-- MX Player Pro -->
	<item component="ComponentInfo{com.mxtech.videoplayer.pro/com.mxtech.videoplayer.pro.ActivityWelcomeMX}" drawable="mx_player_pro" />

	<!-- Next Player -->
	<item component="ComponentInfo{dev.anilbeesetti.nextplayer/dev.anilbeesetti.nextplayer.MainActivity}" drawable="next_player" />

	<!-- Notally -->
	<item component="ComponentInfo{com.omgodse.notally/com.omgodse.notally.activities.MainActivity}" drawable="notally" />

	<!-- Obsidian -->
	<item component="ComponentInfo{md.obsidian/md.obsidian.MainActivity}" drawable="obsidian" />

	<!-- Open Stable Diffusion -->
	<item component="ComponentInfo{com.openstablediffusion/com.openstablediffusion.MainActivity}" drawable="open_stable_diffusion" />

	<!-- Reckoning Skills -->
	<item component="ComponentInfo{org.secuso.privacyfriendlyrecknoningskills/org.secuso.privacyfriendlyreckoningskills.activities.SplashActivity}" drawable="reckoning_skills" />

	<!-- SDAI -->
	<item component="ComponentInfo{com.shifthackz.aisdv1.app.foss/com.shifthackz.aisdv1.presentation.activity.AiStableDiffusionActivity}" drawable="sdai" />

	<!-- Squawker -->
	<item component="ComponentInfo{org.ca.squawker/org.ca.squawker.MainActivity}" drawable="squawker" />

	<!-- Tata 1mg -->
	<item component="ComponentInfo{com.aranoah.healthkart.plus/com.aranoah.healthkart.plus.startup.splash.SplashActivity}" drawable="tata_1mg" />

</resources>