<appmap>

	<!-- apps_Packages Info -->
	<item class="com.oF2pks.applicationsinfo.MainActivity" name="apps_packages_info"/>

	<!-- Arcticons -->
	<item class="com.donnnno.arcticons.activities.SplashActivity" name="arcticons"/>

	<!-- Audio Recorder -->
	<item class="com.dimowner.audiorecorder.app.main.MainActivity" name="audio_recorder"/>

	<!-- Bixby Vision -->
	<item class="com.samsung.android.visionintelligence.main.DummyActivity" name="bixby_vision"/>

	<!-- Calculator -->
	<item class="com.darkempire78.opencalculator.MainActivity" name="calculator"/>

	<!-- Cool text and symbols -->
	<item class="com.dricodes.simboloseletrasdiferentesfree.HomeActivity" name="cool_text_and_symbols"/>

	<!-- Digilocker -->
	<item class="in.gov.digilocker.views.mainactivity.SplashScreenActivity" name="digilocker"/>

	<!-- DMSS -->
	<item class="com.mm.android.base.devicemain.SplashActivity" name="dmss"/>

	<!-- EDS Lite -->
	<item class="com.sovworks.eds.android.filemanager.activities.FileManagerActivity" name="eds_lite"/>

	<!-- FlorisBoard -->
	<item class="dev.patrickgold.florisboard.SettingsLauncherAlias" name="florisboard"/>

	<!-- HDFC Bank -->
	<item class="com.snapwork.hdfc.launcher_d88b5c5194763f71a0b9000b2167d32df77bd19df2fb186232ee9b3ce115458a" name="hdfc_bank"/>

	<!-- Imagepipe -->
	<item class="de.kaffeemitkoffein.imagepipe.ImageReceiver" name="imagepipe"/>

	<!-- Internet Speed Meter -->
	<item class="com.internet.speed.meter.lite.MainActivity" name="internet_speed_meter"/>

	<!-- Inure -->
	<item class="app.simple.inure.activities.app.MainActivity" name="inure"/>

	<!-- KDE Connect -->
	<item class="org.kde.kdeconnect.UserInterface.MainActivity" name="kde_connect"/>

	<!-- KeePassDX -->
	<item class="com.kunzisoft.keepass.activities.FileDatabaseSelectActivity" name="keepassdx"/>

	<!-- LibreOffice Viewer -->
	<item class="org.libreoffice.ui.LibreOfficeUIActivity" name="libreoffice_viewer"/>

	<!-- mAadhaar -->
	<item class="in.gov.uidai.mAadhaarPlus.MainActivity" name="maadhaar"/>

	<!-- Marrow -->
	<item class="com.marrow.ui.activities.onboarding.splash.SplashActivity" name="marrow"/>

	<!-- MX Player Pro -->
	<item class="com.mxtech.videoplayer.pro.ActivityWelcomeMX" name="mx_player_pro"/>

	<!-- Next Player -->
	<item class="dev.anilbeesetti.nextplayer.MainActivity" name="next_player"/>

	<!-- Notally -->
	<item class="com.omgodse.notally.activities.MainActivity" name="notally"/>

	<!-- Obsidian -->
	<item class="md.obsidian.MainActivity" name="obsidian"/>

	<!-- Open Stable Diffusion -->
	<item class="com.openstablediffusion.MainActivity" name="open_stable_diffusion"/>

	<!-- Reckoning Skills -->
	<item class="org.secuso.privacyfriendlyreckoningskills.activities.SplashActivity" name="reckoning_skills"/>

	<!-- SDAI -->
	<item class="com.shifthackz.aisdv1.presentation.activity.AiStableDiffusionActivity" name="sdai"/>

	<!-- Squawker -->
	<item class="org.ca.squawker.MainActivity" name="squawker"/>

	<!-- Tata 1mg -->
	<item class="com.aranoah.healthkart.plus.startup.splash.SplashActivity" name="tata_1mg"/>

</appmap>