<Theme version="1">

	<!-- apps_Packages Info -->
	<AppIcon name="com.oF2pks.applicationsinfo/com.oF2pks.applicationsinfo.MainActivity" image="apps_packages_info"/>

	<!-- Arcticons -->
	<AppIcon name="com.donnnno.arcticons/com.donnnno.arcticons.activities.SplashActivity" image="arcticons"/>

	<!-- Audio Recorder -->
	<AppIcon name="com.dimowner.audiorecorder/com.dimowner.audiorecorder.app.main.MainActivity" image="audio_recorder"/>

	<!-- Bixby Vision -->
	<AppIcon name="com.samsung.android.visionintelligence/com.samsung.android.visionintelligence.main.DummyActivity" image="bixby_vision"/>

	<!-- Calculator -->
	<AppIcon name="com.darkempire78.opencalculator/com.darkempire78.opencalculator.MainActivity" image="calculator"/>

	<!-- Cool text and symbols -->
	<AppIcon name="com.dricodes.simboloseletrasdiferentesfree/com.dricodes.simboloseletrasdiferentesfree.HomeActivity" image="cool_text_and_symbols"/>

	<!-- Digilocker -->
	<AppIcon name="com.digilocker.android/in.gov.digilocker.views.mainactivity.SplashScreenActivity" image="digilocker"/>

	<!-- DMSS -->
	<AppIcon name="com.mm.android.DMSS/com.mm.android.base.devicemain.SplashActivity" image="dmss"/>

	<!-- EDS Lite -->
	<AppIcon name="com.sovworks.edslite/com.sovworks.eds.android.filemanager.activities.FileManagerActivity" image="eds_lite"/>

	<!-- FlorisBoard -->
	<AppIcon name="dev.patrickgold.florisboard/dev.patrickgold.florisboard.SettingsLauncherAlias" image="florisboard"/>

	<!-- HDFC Bank -->
	<AppIcon name="com.snapwork.hdfc/com.snapwork.hdfc.launcher_d88b5c5194763f71a0b9000b2167d32df77bd19df2fb186232ee9b3ce115458a" image="hdfc_bank"/>

	<!-- Imagepipe -->
	<AppIcon name="de.kaffeemitkoffein.imagepipe/de.kaffeemitkoffein.imagepipe.ImageReceiver" image="imagepipe"/>

	<!-- Internet Speed Meter -->
	<AppIcon name="com.internet.speed.meter/com.internet.speed.meter.lite.MainActivity" image="internet_speed_meter"/>

	<!-- Inure -->
	<AppIcon name="app.simple.inure/app.simple.inure.activities.app.MainActivity" image="inure"/>

	<!-- KDE Connect -->
	<AppIcon name="org.kde.kdeconnect_tp/org.kde.kdeconnect.UserInterface.MainActivity" image="kde_connect"/>

	<!-- KeePassDX -->
	<AppIcon name="com.kunzisoft.keepass.libre/com.kunzisoft.keepass.activities.FileDatabaseSelectActivity" image="keepassdx"/>

	<!-- LibreOffice Viewer -->
	<AppIcon name="org.documentfoundation.libreoffice/org.libreoffice.ui.LibreOfficeUIActivity" image="libreoffice_viewer"/>

	<!-- mAadhaar -->
	<AppIcon name="in.gov.uidai.mAadhaarPlus/in.gov.uidai.mAadhaarPlus.MainActivity" image="maadhaar"/>

	<!-- Marrow -->
	<AppIcon name="com.marrow/com.marrow.ui.activities.onboarding.splash.SplashActivity" image="marrow"/>

	<!-- MX Player Pro -->
	<AppIcon name="com.mxtech.videoplayer.pro/com.mxtech.videoplayer.pro.ActivityWelcomeMX" image="mx_player_pro"/>

	<!-- Next Player -->
	<AppIcon name="dev.anilbeesetti.nextplayer/dev.anilbeesetti.nextplayer.MainActivity" image="next_player"/>

	<!-- Notally -->
	<AppIcon name="com.omgodse.notally/com.omgodse.notally.activities.MainActivity" image="notally"/>

	<!-- Obsidian -->
	<AppIcon name="md.obsidian/md.obsidian.MainActivity" image="obsidian"/>

	<!-- Open Stable Diffusion -->
	<AppIcon name="com.openstablediffusion/com.openstablediffusion.MainActivity" image="open_stable_diffusion"/>

	<!-- Reckoning Skills -->
	<AppIcon name="org.secuso.privacyfriendlyrecknoningskills/org.secuso.privacyfriendlyreckoningskills.activities.SplashActivity" image="reckoning_skills"/>

	<!-- SDAI -->
	<AppIcon name="com.shifthackz.aisdv1.app.foss/com.shifthackz.aisdv1.presentation.activity.AiStableDiffusionActivity" image="sdai"/>

	<!-- Squawker -->
	<AppIcon name="org.ca.squawker/org.ca.squawker.MainActivity" image="squawker"/>

	<!-- Tata 1mg -->
	<AppIcon name="com.aranoah.healthkart.plus/com.aranoah.healthkart.plus.startup.splash.SplashActivity" image="tata_1mg"/>

</Theme>