<Theme version="1">

	<!-- 123云盘 -->
	<AppIcon name="com.mfcloudcalculate.networkdisk/com.mfcloudcalculate.networkdisk.activity.SplashActivity" image="_123云盘"/>

	<!-- 阿里巴巴 -->
	<AppIcon name="com.alibaba.wireless/com.alibaba.wireless.launch.LauncherActivity" image="阿里巴巴"/>

	<!-- 阿里云盘 -->
	<AppIcon name="com.alicloud.databox/com.alicloud.databox.launcher.splash.SplashActivity" image="阿里云盘"/>

	<!-- 安卓清理君 -->
	<AppIcon name="com.magicalstory.cleaner/com.magicalstory.cleaner.main.MainActivity" image="安卓清理君"/>

	<!-- 百度网盘 -->
	<AppIcon name="com.baidu.netdisk/com.baidu.netdisk.ui.OPLauncherActivity" image="百度网盘"/>

	<!-- 崩坏：星穹铁道 -->
	<AppIcon name="com.miHoYo.hkrpg/com.mihoyo.combosdk.ComboSDKActivity" image="崩坏：星穹铁道"/>

	<!-- 必胜客 -->
	<AppIcon name="com.yumc.phsuperapp/com.yum.ph.SplashAct" image="必胜客"/>

	<!-- 哔哩哔哩 -->
	<AppIcon name="tv.danmaku.bili/tv.danmaku.bili.MainActivityV2" image="哔哩哔哩"/>

	<!-- 便签 -->
	<AppIcon name="com.coloros.note/com.nearme.note.main.MainActivity" image="便签"/>

	<!-- 才士题库 -->
	<AppIcon name="com.cswx.doorknowquestionbank/com.cswx.doorknowquestionbank.ui.LaunchActivity" image="才士题库"/>

	<!-- 菜鸟 -->
	<AppIcon name="com.cainiao.wireless/com.cainiao.wireless.homepage.view.activity.WelcomeActivity" image="菜鸟"/>

	<!-- 禅定空间 -->
	<AppIcon name="com.oneplus.brickmode/com.oneplus.brickmode.activity.MainControlActivity" image="禅定空间"/>

	<!-- 锤锤 -->
	<AppIcon name="com.fuck.android.rimet/com.fuck.android.rimet.MainActivity" image="锤锤"/>

	<!-- 存储空间隔离 -->
	<AppIcon name="moe.shizuku.redirectstorage/moe.shizuku.redirectstorage.MainActivity" image="存储空间隔离"/>

	<!-- 叨鱼 -->
	<AppIcon name="com.sdo.sdaccountkey/com.sdo.sdaccountkey.ui.welcome.WelcomeActivity" image="叨鱼"/>

	<!-- 滴滴出行 -->
	<AppIcon name="com.sdu.didi.psnger/com.didi.sdk.app.launch.splash.SplashActivity" image="滴滴出行"/>

	<!-- 钉钉 -->
	<AppIcon name="com.alibaba.android.rimet/com.alibaba.android.rimet.biz.LaunchHomeActivity" image="钉钉"/>

	<!-- 懂车帝 -->
	<AppIcon name="com.ss.android.auto/com.ss.android.auto.policy.AutoPrivacyActivity" image="懂车帝"/>

	<!-- 抖音 -->
	<AppIcon name="com.ss.android.ugc.aweme/com.ss.android.ugc.aweme.splash.SplashActivity" image="抖音"/>

	<!-- 飞智游戏厅 -->
	<AppIcon name="com.fdg.flashplay.farsee/com.game.motionelf.activity.ActivityStart" image="飞智游戏厅"/>

	<!-- 高德地图 -->
	<AppIcon name="com.autonavi.minimap/com.autonavi.map.activity.SplashActivity" image="高德地图"/>

	<!-- 航旅纵横 -->
	<AppIcon name="com.umetrip.android.msky.app/com.umetrip.android.msky.app.module.startup.SplashActivity" image="航旅纵横"/>

	<!-- 好游快爆 -->
	<AppIcon name="com.xmcy.hykb/com.xmcy.hykb.app.ui.splash.SplashActivity" image="好游快爆"/>

	<!-- 黑料网 -->
	<AppIcon name="jp.arnli.becuap/com.mater.ct.mater.MainActivity" image="黑料网"/>

	<!-- 红薯猪手 -->
	<AppIcon name="com.skyhand.redbookhelper/com.skyhand.redbookhelper.MainActivityAlias" image="红薯猪手"/>

	<!-- 红外遥控 -->
	<AppIcon name="com.oplus.consumerIRApp/com.oplus.consumerIRApp.navigation.HomeActivity" image="红外遥控"/>

	<!-- 火星搜题 -->
	<AppIcon name="com.fenbi.android.souti/com.fenbi.android.souti.WelcomeActivity" image="火星搜题"/>

	<!-- 家庭空间 -->
	<AppIcon name="com.coloros.familyguard/com.coloros.familyguard.FakeActivity" image="家庭空间"/>

	<!-- 减掉腹部脂肪 -->
	<AppIcon name="losebellyfat.flatstomach.absworkout.fatburning/losebellyfat.flatstomach.absworkout.fatburning.activity.StartActivity" image="减掉腹部脂肪"/>

	<!-- 健康 -->
	<AppIcon name="com.heytap.health/com.heytap.health.oobe.LaunchActivity" image="健康"/>

	<!-- 京东 -->
	<AppIcon name="com.jingdong.app.mall/com.jingdong.app.mall.main.MainActivity" image="京东"/>

	<!-- 考拉海购 -->
	<AppIcon name="com.kaola/com.kaola.modules.main.controller.MainActivity" image="考拉海购"/>

	<!-- 夸克 -->
	<AppIcon name="com.quark.browser/com.ucpro.MainActivity" image="夸克"/>

	<!-- 夸克扫描王 -->
	<AppIcon name="com.quark.scanking/com.ucpro.MainActivity" image="夸克扫描王"/>

	<!-- 快捷方式 -->
	<AppIcon name="com.syyf.quickpay/com.syyf.quickpay.MainActivity" image="快捷方式"/>

	<!-- 慢慢买 -->
	<AppIcon name="com.manmanbuy.bijia/com.manmanbuy.bijia.StartActivity" image="慢慢买"/>

	<!-- 芒果TV -->
	<AppIcon name="com.hunantv.imgo.activity/com.hunantv.imgo.activity.MainActivity" image="芒果tv"/>

	<!-- 猫眼 -->
	<AppIcon name="com.sankuai.movie/com.sankuai.movie.welcome.Welcome" image="猫眼"/>

	<!-- 猫爪 -->
	<AppIcon name="com.xiyou.miao/com.xiyou.miao.SplashActivity" image="猫爪"/>

	<!-- 美团 -->
	<AppIcon name="com.sankuai.meituan/com.meituan.android.pt.homepage.activity.MainActivity" image="美团"/>

	<!-- 美团外卖 -->
	<AppIcon name="com.sankuai.meituan.takeoutnew/com.sankuai.meituan.takeoutnew.ui.page.boot.WelcomeActivity" image="美团外卖"/>

	<!-- 霓虹深渊：无限 -->
	<AppIcon name="com.shangyoo.neon/com.tpf.sdk.activity.TPFSplashActivity" image="霓虹深渊：无限"/>

	<!-- 泡泡 -->
	<AppIcon name="com.picacomic.PicacomicChatApp/com.example.picacomic_audio_chat_mobile_app.MainActivity" image="泡泡"/>

	<!-- 拼多多 -->
	<AppIcon name="com.xunmeng.pinduoduo/com.xunmeng.pinduoduo.ui.activity.MainFrameActivity" image="拼多多"/>

	<!-- 起点读书 -->
	<AppIcon name="com.qidian.QDReader/com.qidian.QDReader.ui.activity.SplashActivity" image="起点读书"/>

	<!-- 钱包 -->
	<AppIcon name="com.finshell.wallet/com.finshell.icon.activity.CNYIconActivity" image="钱包"/>

	<!-- 钱迹 -->
	<AppIcon name="com.mutangtech.qianji/com.mutangtech.qianji.ui.main.MainActivity" image="钱迹"/>

	<!-- 清浊 -->
	<AppIcon name="com.farplace.qingzhuo/com.farplace.qingzhuo.views.SplashActivity" image="清浊"/>

	<!-- 全境封锁2配装工具 -->
	<AppIcon name="com.mauiapp.division2app/crc64f5769658b188c6b7.MainActivity" image="全境封锁2配装工具"/>

	<!-- 人卫 -->
	<AppIcon name="com.pmph.irenwei/cn.pmph.splash.SplashActivity" image="人卫"/>

	<!-- 日历 -->
	<AppIcon name="com.coloros.calendar/com.android.calendar.AllInOneActivity" image="日历"/>

	<!-- 什么值得买 -->
	<AppIcon name="com.smzdm.client.android/com.smzdm.client.android.app.WelComeActivity" image="什么值得买"/>

	<!-- 视频 -->
	<AppIcon name="com.heytap.yoli/com.heytap.yoli.icon_org" image="视频"/>

	<!-- 手机搬家 -->
	<AppIcon name="com.coloros.backuprestore/com.oplus.phoneclone.PhoneCloneMainActivity" image="手机搬家"/>

	<!-- 书城 -->
	<AppIcon name="com.heytap.book/com.qq.reader.activity.SplashActivity" image="书城"/>

	<!-- 数据备份 -->
	<AppIcon name="com.xayah.databackup.premium/com.xayah.databackup.ui.activity.splash.SplashActivity" image="数据备份"/>

	<!-- 淘宝 -->
	<AppIcon name="com.taobao.taobao/com.taobao.tao.welcome.Welcome" image="淘宝"/>

	<!-- 腾讯会议 -->
	<AppIcon name="com.tencent.wemeet.app/com.tencent.wemeet.app.StartupActivity" image="腾讯会议"/>

	<!-- 铁路12306 -->
	<AppIcon name="com.MobileTicket/com.MobileTicket.ui.activity.WelcomeGuideActivity" image="铁路12306"/>

	<!-- 通知滤盒 -->
	<AppIcon name="com.catchingnow.np/com.catchingnow.np.E$W" image="通知滤盒"/>

	<!-- 王者荣耀 -->
	<AppIcon name="com.tencent.tmgp.sgame/com.tencent.tmgp.sgame.SGameActivity" image="王者荣耀"/>

	<!-- 王者营地 -->
	<AppIcon name="com.tencent.gamehelper.smoba/com.tencent.gamehelper.biz.launcher.ui.SplashActivity" image="王者营地"/>

	<!-- 网易云音乐 -->
	<AppIcon name="com.netease.cloudmusic/com.netease.cloudmusic.activity.IconChangeDefaultAlias" image="网易云音乐"/>

	<!-- 微博 -->
	<AppIcon name="com.sina.weibo/com.sina.weibo.SplashActivity" image="微博"/>

	<!-- 微光 -->
	<AppIcon name="com.qingqi.dianbo/com.qingqi.dianbo.DefaultAliasActivity" image="微光"/>

	<!-- 微信输入法 -->
	<AppIcon name="com.tencent.wetype/com.tencent.wetype.plugin.hld.reactnative.activity.ImeMainSettingActivity" image="微信输入法"/>

	<!-- 微X模块 -->
	<AppIcon name="com.fkzhang.wechatxposed/com.fkzhang.wechatxposed.MainActivityAlias" image="微x模块"/>

	<!-- 我的电视 -->
	<AppIcon name="com.lizongying.mytv/com.lizongying.mytv.MainActivity" image="我的电视"/>

	<!-- 我的一加 -->
	<AppIcon name="com.oneplus.member/com.oppo.usercenter.vip.UCVIPMainActivity" image="我的一加"/>

	<!-- 闲鱼 -->
	<AppIcon name="com.taobao.idlefish/com.taobao.fleamarket.home.activity.InitActivity" image="闲鱼"/>

	<!-- 相机 -->
	<AppIcon name="com.oplus.camera/com.oplus.camera.Camera" image="相机"/>

	<!-- 相机 -->
	<AppIcon name="com.agc.gcam91/com.android.camera.CameraLauncher" image="相机"/>

	<!-- 小布指令 -->
	<AppIcon name="com.coloros.shortcuts/com.coloros.shortcuts.ui.MainActivity" image="小布指令"/>

	<!-- 小布助手 -->
	<AppIcon name="com.heytap.speechassist/com.heytap.speechassist.launcher.SpeechAssistMainActivity" image="小布助手"/>

	<!-- 小鸡游戏世界 -->
	<AppIcon name="com.xiaoji.xtouch/com.xiaoji.gameworld.activity.EntryActivity" image="小鸡游戏世界"/>

	<!-- 小游戏 -->
	<AppIcon name="com.oplus.play/com.nearme.play.module.main.LauncherActivity" image="小游戏"/>

	<!-- 携程旅行 -->
	<AppIcon name="ctrip.android.view/ctrip.business.splash.CtripSplashActivity" image="携程旅行"/>

	<!-- 心悦俱乐部 -->
	<AppIcon name="com.tencent.tgclub/com.tencent.tgclub.business.appframe.WelcomeActivity" image="心悦俱乐部"/>

	<!-- 星返 -->
	<AppIcon name="com.xingfan1.app/com.waquan.ui.LauncherActivity" image="星返"/>

	<!-- 星河避难所 -->
	<AppIcon name="vip.kirakira.starcitizenlite/vip.kirakira.starcitizenlite.MainActivity" image="星河避难所"/>

	<!-- 学习强国 -->
	<AppIcon name="cn.xuexi.android/com.alibaba.android.rimet.biz.SplashActivity" image="学习强国"/>

	<!-- 一加全能盒子 -->
	<AppIcon name="com.daxiaamu.op7mutools/com.e4a.runtime.android.mainActivity" image="一加全能盒子"/>

	<!-- 一加社区 -->
	<AppIcon name="com.oneplus.bbs/com.oplus.community.activity.LauncherActivity" image="一加社区"/>

	<!-- 医学电子书包 -->
	<AppIcon name="com.mvw.nationalmedicalPhone/com.mvw.nationalmedicalPhone.activity.SplashActivity" image="医学电子书包"/>

	<!-- 影像解剖图谱 -->
	<AppIcon name="cn.osmk.imgmedical/cn.osmk.imgmedical.MainActivity" image="影像解剖图谱"/>

	<!-- 邮件 -->
	<AppIcon name="com.android.email/com.android.email.login.activity.WelcomeActivity" image="邮件"/>

	<!-- 元力FUN -->
	<AppIcon name="com.tryfun.intelligent/com.tryfun.intelligent.MainActivity" image="元力fun"/>

	<!-- 阅读 -->
	<AppIcon name="com.heytap.reader/com.chaozh.iReader.ui.activity.WelcomeActivity" image="阅读"/>

	<!-- 阅读 -->
	<AppIcon name="io.legado.app.release/io.legado.app.ui.welcome.WelcomeActivity" image="阅读"/>

	<!-- 阅读工具箱 -->
	<AppIcon name="com.zeroworld.yuedu.tool/com.zeroworld.tool.MainActivity" image="阅读工具箱"/>

	<!-- 运动模拟器 -->
	<AppIcon name="com.zhufucdev.motion_emulator/com.zhufucdev.motion_emulator.ui.MainActivity" image="运动模拟器"/>

	<!-- 运动模拟器模拟位置插件 -->
	<AppIcon name="com.zhufucdev.mock_location_plugin/com.zhufucdev.mock_location_plugin.ui.MainActivity" image="运动模拟器模拟位置插件"/>

	<!-- 掌上道聚城 -->
	<AppIcon name="com.tencent.djcity/com.tencent.djcity.activities.homepage.PortalActivity" image="掌上道聚城"/>

	<!-- 掌医课堂 -->
	<AppIcon name="com.zgnet.eClass/com.zgnet.eClass.ui.SplashActivity" image="掌医课堂"/>

	<!-- 支付宝 -->
	<AppIcon name="com.eg.android.AlipayGphone/com.eg.android.AlipayGphone.AlipayLogin" image="支付宝"/>

	<!-- 知乎 -->
	<AppIcon name="com.zhihu.android/com.zhihu.android.app.ui.activity.LauncherActivity" image="知乎"/>

	<!-- 智能家居 -->
	<AppIcon name="com.heytap.smarthome/com.heytap.smarthome.LauncherActivity" image="智能家居"/>

	<!-- 智谱清言 -->
	<AppIcon name="com.zhipuai.qingyan/com.zhipuai.qingyan.MainActivity" image="智谱清言"/>

	<!-- 中国电信 -->
	<AppIcon name="com.ct.client/com.ct.client.activity.SplashActivity" image="中国电信"/>

	<!-- 中国建设银行 -->
	<AppIcon name="com.chinamworld.main/com.ccb.start.MainActivity" image="中国建设银行"/>

	<!-- 中国银行 -->
	<AppIcon name="com.chinamworld.bocmbci/com.boc.bocsoft.mobile.bocmobile.buss.system.splash.SplashActivity" image="中国银行"/>

	<!-- 主题商店 -->
	<AppIcon name="com.heytap.themestore/com.nearme.themespace.activities.ThemeActivity" image="主题商店"/>

	<!-- 自动记账 -->
	<AppIcon name="cn.dreamn.qianji_auto/cn.dreamn.qianji_auto.ui.activity.MainActivity" image="自动记账"/>

	<!-- AccA -->
	<AppIcon name="mattecarra.accapp/mattecarra.accapp.activities.MainActivity" image="acca"/>

	<!-- AccuBattery -->
	<AppIcon name="com.digibites.accubattery/com.digibites.abatterysaver.BatterySaverActivity" image="accubattery"/>

	<!-- AGC ToolKit -->
	<AppIcon name="com.agc.gcam_tools/com.agc.gcam_tools.MainActivity" image="agc_toolkit"/>

	<!-- Alpha -->
	<AppIcon name="io.github.vvb2060.magisk/com.topjohnwu.magisk.ui.MainActivity" image="alpha"/>

	<!-- App Ops -->
	<AppIcon name="rikka.appops/rikka.appops.home.HomeActivity" image="app_ops"/>

	<!-- c001apk -->
	<AppIcon name="com.example.c001apk/com.example.c001apk.ui.activity.MainActivity" image="c001apk"/>

	<!-- Clash Meta -->
	<AppIcon name="com.github.metacubex.clash.meta/com.github.kr328.clash.MainActivity" image="clash_meta"/>

	<!-- DJI Mimo -->
	<AppIcon name="dji.mimo/dji.mimo.main.DJILaunchActivity" image="dji_mimo"/>

	<!-- Fake Location -->
	<AppIcon name="com.lerist.fakelocation/com.lerist.fakelocation.ui.activity.MainActivity" image="fake_location"/>

	<!-- FakeStandby -->
	<AppIcon name="android.jonas.fakestandby/android.jonas.fakestandby.settings.SettingsActivity" image="fakestandby"/>

	<!-- Filmic Pro -->
	<AppIcon name="com.filmic.filmicpro/com.filmic.activity.FilmicActivity" image="filmic_pro"/>

	<!-- GKD -->
	<AppIcon name="li.songe.gkd/li.songe.gkd.MainActivity" image="gkd"/>

	<!-- Gopeed -->
	<AppIcon name="com.gopeed/com.gopeed.MainActivity" image="gopeed"/>

	<!-- GPS Locker -->
	<AppIcon name="com.silentlexx.gpslock/com.silentlexx.gpslock.MainActivity" image="gps_locker"/>

	<!-- H3C魔术家 -->
	<AppIcon name="com.h3c.android.h3cmagic/com.h3c.magic.app.mvp.ui.activity.SplashActivity" image="h3c魔术家"/>

	<!-- Horizon Kernel Flasher -->
	<AppIcon name="xzr.hkf/xzr.hkf.MainActivity" image="horizon_kernel_flasher"/>

	<!-- Ingress -->
	<AppIcon name="com.nianticproject.ingress/com.nianticproject.ingress.IngressActivity" image="ingress"/>

	<!-- KOOK -->
	<AppIcon name="cn.kaiheila/cn.kaiheila.ui.main.SplashActivity" image="kook"/>

	<!-- LSPosed -->
	<AppIcon name="org.lsposed.manager/org.lsposed.manager.ui.activity.MainActivity" image="lsposed"/>

	<!-- LuckyTool -->
	<AppIcon name="com.luckyzyx.luckytool/com.luckyzyx.luckytool.Hide" image="luckytool"/>

	<!-- Mantis Gamepad Pro -->
	<AppIcon name="app.mantispro.gamepad/app.mantispro.gamepad.MainActivity" image="mantis_gamepad_pro"/>

	<!-- MCC -->
	<AppIcon name="module.config.control/module.config.control.SplashActivity" image="mcc"/>

	<!-- mediaScanner -->
	<AppIcon name="awais.media.scanner/awais.media.scanner.Main" image="mediascanner"/>

	<!-- MHW伙伴 -->
	<AppIcon name="com.wonderplay.mhwo/com.wonderplay.mhwo.MainActivity" image="mhw伙伴"/>

	<!-- Mihon -->
	<AppIcon name="app.mihon/eu.kanade.tachiyomi.ui.main.MainActivity" image="mihon"/>

	<!-- Momo -->
	<AppIcon name="io.github.vvb2060.mahoshojo/io.github.vvb2060.mahoshojo.home.HomeActivity" image="momo"/>

	<!-- MultiTTS -->
	<AppIcon name="org.nobody.multitts/org.nobody.multitts.ui.main.MainActivity" image="multitts"/>

	<!-- MuPDF mini -->
	<AppIcon name="com.artifex.mupdf.mini.app/com.artifex.mupdf.mini.app.LibraryActivity" image="mupdf_mini"/>

	<!-- Nagram -->
	<AppIcon name="xyz.nextalone.nagram/org.telegram.messenger.DefaultIcon" image="nagram"/>

	<!-- Native Test -->
	<AppIcon name="icu.nullptr.nativetest/android.app.NativeActivity" image="native_test"/>

	<!-- NekoBox -->
	<AppIcon name="moe.nb4a/io.nekohasekai.sagernet.ui.MainActivity" image="nekobox"/>

	<!-- NGA客户端 -->
	<AppIcon name="gov.anzong.androidnga/gov.anzong.androidnga.activity.MainActivity" image="nga客户端"/>

	<!-- OneSync -->
	<AppIcon name="com.ttxapps.onesyncv2/com.ttxapps.sync.app.MainActivity" image="onesync"/>

	<!-- OPPO 商城 -->
	<AppIcon name="com.oppo.store/com.oppo.store.InitActivity" image="oppo_商城"/>

	<!-- PlusNE -->
	<AppIcon name="com.nnnen.plusne/com.nnnen.plusne.MainActivity" image="plusne"/>

	<!-- PlusNE -->
	<AppIcon name="me.plusne/me.plusne.MainActivity" image="plusne"/>

	<!-- Poweramp 均衡器 -->
	<AppIcon name="com.maxmpz.equalizer/com.maxmpz.audioplayer.standard_adaptive" image="poweramp_均衡器"/>

	<!-- QAuxiliary -->
	<AppIcon name="io.github.qauxv/io.github.qauxv.activity.ConfigV2ActivityAlias" image="qauxiliary"/>

	<!-- QDReadHook -->
	<AppIcon name="cn.xihan.qdds/cn.xihan.qdds.MainActivity" image="qdreadhook"/>

	<!-- QQ -->
	<AppIcon name="com.tencent.mobileqq/com.tencent.mobileqq.activity.SplashActivity" image="qq"/>

	<!-- QQ音乐 -->
	<AppIcon name="com.tencent.qqmusic/com.tencent.qqmusic.activity.AppStarterActivity" image="qq音乐"/>

	<!-- Scene -->
	<AppIcon name="com.omarea.vtools/com.omarea.vtools.activities.ActivityMain" image="scene"/>

	<!-- Securify -->
	<AppIcon name="io.github.rabahx.securify/io.github.rabahx.securify.ui.activity.MainActivity" image="securify"/>

	<!-- SmarGate -->
	<AppIcon name="com.smarGate.huawei/com.smarGate.MainActivity" image="smargate"/>

	<!-- Soul -->
	<AppIcon name="cn.soulapp.android/cn.soulapp.android.component.startup.main.MainActivity" image="soul"/>

	<!-- SteamPY -->
	<AppIcon name="com.steampy.app/com.steampy.app.activity.common.splash.SplashActivity" image="steampy"/>

	<!-- Tachiyomi -->
	<AppIcon name="eu.kanade.tachiyomi/eu.kanade.tachiyomi.ui.main.MainActivity" image="tachiyomi"/>

	<!-- Tailscale -->
	<AppIcon name="com.tailscale.ipn/com.tailscale.ipn.IPNActivity" image="tailscale"/>

	<!-- TapTap -->
	<AppIcon name="com.taptap/com.play.taptap.ui.SplashAct" image="taptap"/>

	<!-- TGStickerProvider -->
	<AppIcon name="cc.microblock.TGStickerProvider/cc.microblock.TGStickerProvider.Home" image="tgstickerprovider"/>

	<!-- TSBattery -->
	<AppIcon name="com.fankes.tsbattery/com.fankes.tsbattery.Home" image="tsbattery"/>

	<!-- Ubisoft Connect -->
	<AppIcon name="com.ubisoft.uplay/com.zoontek.rnbootsplash.RNBootSplashActivity" image="ubisoft_connect"/>

	<!-- UU加速器 -->
	<AppIcon name="com.netease.uu/com.netease.uu.activity.LaunchActivity" image="uu加速器"/>

	<!-- Xbox Beta -->
	<AppIcon name="com.microsoft.xboxone.smartglass.beta/com.microsoft.xbox.MainActivity" image="xbox_beta"/>

	<!-- YC调度管理 -->
	<AppIcon name="com.sulisong.uperf/com.sulisong.uperf.MainActivity" image="yc调度管理"/>

	<!-- yuzu -->
	<AppIcon name="org.yuzu.yuzu_emu/org.yuzu.yuzu_emu.ui.main.MainActivity" image="yuzu"/>

</Theme>