<resources>

	<!-- A&W -->
	<item component="ComponentInfo{com.myelane2_aw/com.aw.ordering.android.presentation.MainActivity}" drawable="a_and_w" />

	<!-- Affirm -->
	<item component="ComponentInfo{com.affirm.central/com.affirm.central.RootActivity}" drawable="affirm" />

	<!-- Android Clock Widgets -->
	<item component="ComponentInfo{com.bytenine.androidclockwidgets/com.bytenine.androidclockwidgets.PurchaseActivity}" drawable="android_clock_widgets" />

	<!-- Black Screen -->
	<item component="ComponentInfo{io.japp.blackscreen/io.japp.blackscreen.ui.MainActivity}" drawable="black_screen" />

	<!-- Burger King -->
	<item component="ComponentInfo{com.emn8.mobilem8.nativeapp.bkca/com.emn8.mobilem8.nativeapp.bkca.MainActivity}" drawable="burger_king" />

	<!-- Canada Post -->
	<item component="ComponentInfo{com.canadapost.android/ca.canadapost.SplashActivity}" drawable="canada_post" />

	<!-- Canadian Tire -->
	<item component="ComponentInfo{com.simplygood.ct/ca.triangle.retail.canadiantire.splash_screen.SplashActivity}" drawable="canadian_tire" />

	<!-- Cash Tornado™ -->
	<item component="ComponentInfo{com.topultragame.slotlasvega/org.cocos2dx.lua.AppActivity}" drawable="cash_tornado™" />

	<!-- Cloud -->
	<item component="ComponentInfo{com.samsung.android.scloud/com.samsung.android.scloud.app.ui.splash.launcher}" drawable="cloud" />

	<!-- CrookCatcher -->
	<item component="ComponentInfo{com.harteg.crookcatcher/com.harteg.crookcatcher.MainActivity}" drawable="crookcatcher" />

	<!-- Daily Horoscope -->
	<item component="ComponentInfo{info.androidz.horoscope/info.androidz.horoscope.Horoscope}" drawable="daily_horoscope" />

	<!-- EPIK -->
	<item component="ComponentInfo{com.snowcorp.epik/com.yrk.photovision.SplashActivity}" drawable="epik" />

	<!-- EQ Bank -->
	<item component="ComponentInfo{com.eqbank.eqbank/com.eqbank.view.MainActivity}" drawable="eq_bank" />

	<!-- ESET Payment Protection -->
	<item component="ComponentInfo{com.eset.ems2.gp/com.eset.ems.gui.AliasSafeLauncherActivity}" drawable="eset_payment_protection" />

	<!-- ESET Security -->
	<item component="ComponentInfo{com.eset.ems2.gp/com.eset.ems.gui.MainActivityAlias}" drawable="eset_security" />

	<!-- Esso Mobil -->
	<item component="ComponentInfo{com.exxonmobil.speedpassplus_ca/com.p97.exxonmobil.ui.activities.MainActivity}" drawable="esso_mobil" />

	<!-- Family Link -->
	<item component="ComponentInfo{com.google.android.apps.kids.familylink/com.google.android.apps.kids.familylink.flutter.standalone.HomeActivity}" drawable="family_link" />

	<!-- Fluid Live Wallpaper -->
	<item component="ComponentInfo{com.azmobile.fluidwallpaper/com.azmobile.fluidwallpaper.ui.splash.SplashActivity}" drawable="fluid_live_wallpaper" />

	<!-- Follow -->
	<item component="ComponentInfo{com.dexcom.follow.region4.mmol/com.dexcom.follow.presentation.app_compat.SplashScreenActivity}" drawable="follow" />

	<!-- GasBuddy -->
	<item component="ComponentInfo{gbis.gbandroid/gbis.gbandroid.MainActivity}" drawable="gasbuddy" />

	<!-- Image Search -->
	<item component="ComponentInfo{com.reverse.ImageSearch/com.reverse.ImageSearch.MainActivity}" drawable="image_search" />

	<!-- KOHO -->
	<item component="ComponentInfo{ca.koho/ca.koho.MainActivity}" drawable="koho" />

	<!-- Life360 -->
	<item component="ComponentInfo{com.life360.android.safetymapd/com.life360.koko.root.RootActivity}" drawable="life360" />

	<!-- Lotto Spot! -->
	<item component="ComponentInfo{com.wclclottoapp.transactional/crc645a0b4d6b224518a5.SplashScreen}" drawable="lotto_spot_" />

	<!-- Lucky Day -->
	<item component="ComponentInfo{com.luckyday.app/com.luckyday.app.ui.activity.mvvm.splash.SplashActivity}" drawable="lucky_day" />

	<!-- Lucky Match -->
	<item component="ComponentInfo{com.lucky.sweepstakes.match.cash.paypal.win/com.clevertap.unity.CleverTapOverrideActivity}" drawable="lucky_match" />

	<!-- Maps & Navigation -->
	<item component="ComponentInfo{com.maps.voice.navigation.traffic.gps.location.route.driving.directions/com.maps.voice.navigation.traffic.gps.location.route.driving.directions.LanguageScreen.LanguageActivity}" drawable="maps_and_navigation" />

	<!-- McDonald's -->
	<item component="ComponentInfo{com.mcdonalds.superapp/com.mcdonalds.mcdcoreapp.common.activity.SplashActivity}" drawable="mcdonalds" />

	<!-- Mintpay -->
	<item component="ComponentInfo{lk.mintpay.app/lk.mintpay.app.MainActivity}" drawable="mintpay" />

	<!-- mySASKTEL -->
	<item component="ComponentInfo{com.sasktel.mysasktel/com.sasktel.mysasktel.MainActivity}" drawable="mysasktel" />

	<!-- Notepad Free -->
	<item component="ComponentInfo{com.atomczak.notepat/com.atomczak.notepat.MainActivity}" drawable="notepad_free" />

	<!-- Noterly -->
	<item component="ComponentInfo{uk.co.tdsstudios.noterly/uk.co.tdsstudios.noterly.MainActivity}" drawable="noterly" />

	<!-- One4Wall -->
	<item component="ComponentInfo{one4studio.wallpaper.one4wall/one4studio.wallpaper.one4wall.MainActivity}" drawable="one4wall" />

	<!-- Pixlr -->
	<item component="ComponentInfo{com.pixlr.express/com.pixlr.express.ui.startup.StartupActivity}" drawable="pixlr" />

	<!-- Police Siren Light and Sound simulator PRO -->
	<item component="ComponentInfo{com.usefultools.policesirenandsound/com.usefultools.policesirenandsound.MainActivity}" drawable="police_siren_light_and_sound_simulator_pro" />

	<!-- RBC Mobile -->
	<item component="ComponentInfo{com.rbc.mobile.android/com.rbc.mobile.bud.pre_auth.common.activity.SplashActivity}" drawable="rbc_mobile" />

	<!-- Remind -->
	<item component="ComponentInfo{com.remind101/com.remind101.splash.SplashActivity}" drawable="remind" />

	<!-- RingFit -->
	<item component="ComponentInfo{avinya.tech.ringfit/avinya.tech.ringfit.ui.activities.SplashActivity}" drawable="ringfit" />

	<!-- Sezzle -->
	<item component="ComponentInfo{com.sezzle.sezzlemobile/com.sezzle.sezzlemobile.MainActivity}" drawable="sezzle" />

	<!-- Skip Ads -->
	<item component="ComponentInfo{com.skipads.skipyoutubeadsandcommercials/com.skipads.skipyoutubeadsandcommercials.activity.Splash_Screen}" drawable="skip_ads" />

	<!-- SkipTheDishes -->
	<item component="ComponentInfo{com.ncconsulting.skipthedishes_android/ca.skipthedishes.customer.activities.NotificationReceiverActivity}" drawable="skipthedishes" />

	<!-- Smart Tutor -->
	<item component="ComponentInfo{com.rsupport.rs.activity.rsupport.aas2/com.rsupport.rs.activity.edit.IntroActivity}" drawable="smart_tutor" />

	<!-- SoundHound -->
	<item component="ComponentInfo{com.melodis.midomiMusicIdentifier.freemium/com.soundhound.android.appcommon.activity.SplashScreenActivity}" drawable="soundhound" />

	<!-- testerup -->
	<item component="ComponentInfo{de.empfohlen/de.empfohlen.MainActivity}" drawable="testerup" />

	<!-- Touch The Notch -->
	<item component="ComponentInfo{com.notch.touch/com.notch.touch.ui.Sa}" drawable="touch_the_notch" />

	<!-- True Edge -->
	<item component="ComponentInfo{com.newgen.edgelighting/com.newgen.edgelighting.activities.PreferencesActivity}" drawable="true_edge" />

	<!-- Tubi -->
	<item component="ComponentInfo{com.tubitv/com.tubitv.activities.MainActivity}" drawable="tubi" />

	<!-- Voice Access -->
	<item component="ComponentInfo{com.google.android.apps.accessibility.voiceaccess/com.google.android.apps.accessibility.voiceaccess.LauncherActivity}" drawable="voice_access" />

	<!-- Walmart Canada -->
	<item component="ComponentInfo{ca.walmart.ecommerceapp/com.walmart.glass.integration.splash.SplashActivity}" drawable="walmart_canada" />

	<!-- Weemarkable -->
	<item component="ComponentInfo{ca.ymca.weemarkable/ca.ymca.weemarkable.SplashActivity}" drawable="weemarkable" />

	<!-- Wize Adblock -->
	<item component="ComponentInfo{com.fulldive.extension.adshield.dnschanger/ui.MainActivity}" drawable="wize_adblock" />

	<!-- Wonderland -->
	<item component="ComponentInfo{com.samsung.android.wonderland.wallpaper/com.samsung.android.wonderland.wallpaper.settings.StartupActivity}" drawable="wonderland" />

</resources>