<Theme version="1">

	<!-- A&W -->
	<AppIcon name="com.myelane2_aw/com.aw.ordering.android.presentation.MainActivity" image="a_and_w"/>

	<!-- Affirm -->
	<AppIcon name="com.affirm.central/com.affirm.central.RootActivity" image="affirm"/>

	<!-- Android Clock Widgets -->
	<AppIcon name="com.bytenine.androidclockwidgets/com.bytenine.androidclockwidgets.PurchaseActivity" image="android_clock_widgets"/>

	<!-- Black Screen -->
	<AppIcon name="io.japp.blackscreen/io.japp.blackscreen.ui.MainActivity" image="black_screen"/>

	<!-- Burger King -->
	<AppIcon name="com.emn8.mobilem8.nativeapp.bkca/com.emn8.mobilem8.nativeapp.bkca.MainActivity" image="burger_king"/>

	<!-- Canada Post -->
	<AppIcon name="com.canadapost.android/ca.canadapost.SplashActivity" image="canada_post"/>

	<!-- Canadian Tire -->
	<AppIcon name="com.simplygood.ct/ca.triangle.retail.canadiantire.splash_screen.SplashActivity" image="canadian_tire"/>

	<!-- Cash Tornado™ -->
	<AppIcon name="com.topultragame.slotlasvega/org.cocos2dx.lua.AppActivity" image="cash_tornado™"/>

	<!-- Cloud -->
	<AppIcon name="com.samsung.android.scloud/com.samsung.android.scloud.app.ui.splash.launcher" image="cloud"/>

	<!-- CrookCatcher -->
	<AppIcon name="com.harteg.crookcatcher/com.harteg.crookcatcher.MainActivity" image="crookcatcher"/>

	<!-- Daily Horoscope -->
	<AppIcon name="info.androidz.horoscope/info.androidz.horoscope.Horoscope" image="daily_horoscope"/>

	<!-- EPIK -->
	<AppIcon name="com.snowcorp.epik/com.yrk.photovision.SplashActivity" image="epik"/>

	<!-- EQ Bank -->
	<AppIcon name="com.eqbank.eqbank/com.eqbank.view.MainActivity" image="eq_bank"/>

	<!-- ESET Payment Protection -->
	<AppIcon name="com.eset.ems2.gp/com.eset.ems.gui.AliasSafeLauncherActivity" image="eset_payment_protection"/>

	<!-- ESET Security -->
	<AppIcon name="com.eset.ems2.gp/com.eset.ems.gui.MainActivityAlias" image="eset_security"/>

	<!-- Esso Mobil -->
	<AppIcon name="com.exxonmobil.speedpassplus_ca/com.p97.exxonmobil.ui.activities.MainActivity" image="esso_mobil"/>

	<!-- Family Link -->
	<AppIcon name="com.google.android.apps.kids.familylink/com.google.android.apps.kids.familylink.flutter.standalone.HomeActivity" image="family_link"/>

	<!-- Fluid Live Wallpaper -->
	<AppIcon name="com.azmobile.fluidwallpaper/com.azmobile.fluidwallpaper.ui.splash.SplashActivity" image="fluid_live_wallpaper"/>

	<!-- Follow -->
	<AppIcon name="com.dexcom.follow.region4.mmol/com.dexcom.follow.presentation.app_compat.SplashScreenActivity" image="follow"/>

	<!-- GasBuddy -->
	<AppIcon name="gbis.gbandroid/gbis.gbandroid.MainActivity" image="gasbuddy"/>

	<!-- Image Search -->
	<AppIcon name="com.reverse.ImageSearch/com.reverse.ImageSearch.MainActivity" image="image_search"/>

	<!-- KOHO -->
	<AppIcon name="ca.koho/ca.koho.MainActivity" image="koho"/>

	<!-- Life360 -->
	<AppIcon name="com.life360.android.safetymapd/com.life360.koko.root.RootActivity" image="life360"/>

	<!-- Lotto Spot! -->
	<AppIcon name="com.wclclottoapp.transactional/crc645a0b4d6b224518a5.SplashScreen" image="lotto_spot_"/>

	<!-- Lucky Day -->
	<AppIcon name="com.luckyday.app/com.luckyday.app.ui.activity.mvvm.splash.SplashActivity" image="lucky_day"/>

	<!-- Lucky Match -->
	<AppIcon name="com.lucky.sweepstakes.match.cash.paypal.win/com.clevertap.unity.CleverTapOverrideActivity" image="lucky_match"/>

	<!-- Maps & Navigation -->
	<AppIcon name="com.maps.voice.navigation.traffic.gps.location.route.driving.directions/com.maps.voice.navigation.traffic.gps.location.route.driving.directions.LanguageScreen.LanguageActivity" image="maps_and_navigation"/>

	<!-- McDonald's -->
	<AppIcon name="com.mcdonalds.superapp/com.mcdonalds.mcdcoreapp.common.activity.SplashActivity" image="mcdonalds"/>

	<!-- Mintpay -->
	<AppIcon name="lk.mintpay.app/lk.mintpay.app.MainActivity" image="mintpay"/>

	<!-- mySASKTEL -->
	<AppIcon name="com.sasktel.mysasktel/com.sasktel.mysasktel.MainActivity" image="mysasktel"/>

	<!-- Notepad Free -->
	<AppIcon name="com.atomczak.notepat/com.atomczak.notepat.MainActivity" image="notepad_free"/>

	<!-- Noterly -->
	<AppIcon name="uk.co.tdsstudios.noterly/uk.co.tdsstudios.noterly.MainActivity" image="noterly"/>

	<!-- One4Wall -->
	<AppIcon name="one4studio.wallpaper.one4wall/one4studio.wallpaper.one4wall.MainActivity" image="one4wall"/>

	<!-- Pixlr -->
	<AppIcon name="com.pixlr.express/com.pixlr.express.ui.startup.StartupActivity" image="pixlr"/>

	<!-- Police Siren Light and Sound simulator PRO -->
	<AppIcon name="com.usefultools.policesirenandsound/com.usefultools.policesirenandsound.MainActivity" image="police_siren_light_and_sound_simulator_pro"/>

	<!-- RBC Mobile -->
	<AppIcon name="com.rbc.mobile.android/com.rbc.mobile.bud.pre_auth.common.activity.SplashActivity" image="rbc_mobile"/>

	<!-- Remind -->
	<AppIcon name="com.remind101/com.remind101.splash.SplashActivity" image="remind"/>

	<!-- RingFit -->
	<AppIcon name="avinya.tech.ringfit/avinya.tech.ringfit.ui.activities.SplashActivity" image="ringfit"/>

	<!-- Sezzle -->
	<AppIcon name="com.sezzle.sezzlemobile/com.sezzle.sezzlemobile.MainActivity" image="sezzle"/>

	<!-- Skip Ads -->
	<AppIcon name="com.skipads.skipyoutubeadsandcommercials/com.skipads.skipyoutubeadsandcommercials.activity.Splash_Screen" image="skip_ads"/>

	<!-- SkipTheDishes -->
	<AppIcon name="com.ncconsulting.skipthedishes_android/ca.skipthedishes.customer.activities.NotificationReceiverActivity" image="skipthedishes"/>

	<!-- Smart Tutor -->
	<AppIcon name="com.rsupport.rs.activity.rsupport.aas2/com.rsupport.rs.activity.edit.IntroActivity" image="smart_tutor"/>

	<!-- SoundHound -->
	<AppIcon name="com.melodis.midomiMusicIdentifier.freemium/com.soundhound.android.appcommon.activity.SplashScreenActivity" image="soundhound"/>

	<!-- testerup -->
	<AppIcon name="de.empfohlen/de.empfohlen.MainActivity" image="testerup"/>

	<!-- Touch The Notch -->
	<AppIcon name="com.notch.touch/com.notch.touch.ui.Sa" image="touch_the_notch"/>

	<!-- True Edge -->
	<AppIcon name="com.newgen.edgelighting/com.newgen.edgelighting.activities.PreferencesActivity" image="true_edge"/>

	<!-- Tubi -->
	<AppIcon name="com.tubitv/com.tubitv.activities.MainActivity" image="tubi"/>

	<!-- Voice Access -->
	<AppIcon name="com.google.android.apps.accessibility.voiceaccess/com.google.android.apps.accessibility.voiceaccess.LauncherActivity" image="voice_access"/>

	<!-- Walmart Canada -->
	<AppIcon name="ca.walmart.ecommerceapp/com.walmart.glass.integration.splash.SplashActivity" image="walmart_canada"/>

	<!-- Weemarkable -->
	<AppIcon name="ca.ymca.weemarkable/ca.ymca.weemarkable.SplashActivity" image="weemarkable"/>

	<!-- Wize Adblock -->
	<AppIcon name="com.fulldive.extension.adshield.dnschanger/ui.MainActivity" image="wize_adblock"/>

	<!-- Wonderland -->
	<AppIcon name="com.samsung.android.wonderland.wallpaper/com.samsung.android.wonderland.wallpaper.settings.StartupActivity" image="wonderland"/>

</Theme>