<resources>

	<!-- Adobe Scan -->
	<item component="ComponentInfo{com.adobe.scan.android/com.adobe.scan.android.SplashActivity}" drawable="adobe_scan" />

	<!-- Authenticator -->
	<item component="ComponentInfo{com.azure.authenticator/com.azure.authenticator.ui.LaunchActivity}" drawable="authenticator" />

	<!-- Camera Assistant -->
	<item component="ComponentInfo{com.samsung.android.app.cameraassistant/com.samsung.android.app.cameraassistant.MainActivity}" drawable="camera_assistant" />

	<!-- Good Guardians -->
	<item component="ComponentInfo{com.android.samsung.utilityapp/com.android.samsung.utilityapp.app.presentation.welcomepage.WelcomeActivity}" drawable="good_guardians" />

	<!-- Good Lock -->
	<item component="ComponentInfo{com.samsung.android.goodlock/com.samsung.android.goodlock.presentation.view.LaunchActivity}" drawable="good_lock" />

	<!-- Lieferando -->
	<item component="ComponentInfo{com.yopeso.lieferando/com.takeaway.android.activity.Splash}" drawable="lieferando" />

	<!-- OneNote -->
	<item component="ComponentInfo{com.microsoft.office.onenote/com.microsoft.office.onenote.ui.ONMSplashActivity}" drawable="onenote" />

	<!-- PayPal -->
	<item component="ComponentInfo{com.paypal.android.p2pmobile/com.paypal.android.p2pmobile.startup.activities.StartupActivity}" drawable="paypal" />

	<!-- Samsung Flow -->
	<item component="ComponentInfo{com.samsung.android.galaxycontinuity/com.samsung.android.galaxycontinuity.SplashActivity}" drawable="samsung_flow" />

	<!-- Skype -->
	<item component="ComponentInfo{com.skype.raider/com.skype4life.MainActivity}" drawable="skype" />

	<!-- Teams -->
	<item component="ComponentInfo{com.microsoft.teams/com.microsoft.skype.teams.Launcher}" drawable="teams" />

	<!-- Theme Park -->
	<item component="ComponentInfo{com.samsung.android.themedesigner/com.samsung.android.themedesigner.SplashActivity}" drawable="theme_park" />

	<!-- TikTok -->
	<item component="ComponentInfo{com.zhiliaoapp.musically/com.ss.android.ugc.aweme.splash.SplashActivity}" drawable="tiktok" />

	<!-- To Do -->
	<item component="ComponentInfo{com.microsoft.todos/com.microsoft.todos.ui.LaunchActivity}" drawable="to_do" />

	<!-- Zalando -->
	<item component="ComponentInfo{de.zalando.mobile/de.zalando.mobile.ui.start.SplashActivity}" drawable="zalando" />

	<!-- Zoom -->
	<item component="ComponentInfo{us.zoom.videomeetings/com.zipow.videobox.LauncherActivity}" drawable="zoom" />

</resources>