<resources>

	<!-- 达达骑士版 -->
	<item component="ComponentInfo{com.dada.mobile.android/com.dada.mobile.delivery.home.splash.ActivityNewWelcome}" drawable="达达骑士版" />

	<!-- 抖音 -->
	<item component="ComponentInfo{com.ss.android.ugc.aweme/com.ss.android.ugc.aweme.splash.SplashActivity}" drawable="抖音" />

	<!-- 丰巢管家 -->
	<item component="ComponentInfo{com.fcbox.hivebox/com.fcbox.hivebox.business.splash.WelcomeActivity}" drawable="丰巢管家" />

	<!-- 高德地图 -->
	<item component="ComponentInfo{com.autonavi.minimap/com.autonavi.map.activity.SplashActivity}" drawable="高德地图" />

	<!-- 京东 -->
	<item component="ComponentInfo{com.jingdong.app.mall/com.jingdong.app.mall.main.MainActivity}" drawable="京东" />

	<!-- 快递短信宝 -->
	<item component="ComponentInfo{com.dada.kdb123/io.dcloud.PandoraEntry}" drawable="快递短信宝" />

	<!-- 快连 VPN -->
	<item component="ComponentInfo{world.letsgo.booster.android.pro/world.letsgo.booster.android.pages.guide.GuideActivity}" drawable="快连_vpn" />

	<!-- 铃声多多 -->
	<item component="ComponentInfo{com.shoujiduoduo.ringtone/com.shoujiduoduo.ringtone.activity.WelcomeActivity}" drawable="铃声多多" />

	<!-- 拼多多 -->
	<item component="ComponentInfo{com.xunmeng.pinduoduo/com.xunmeng.pinduoduo.ui.activity.MainFrameActivity}" drawable="拼多多" />

	<!-- 淘宝 -->
	<item component="ComponentInfo{com.taobao.taobao/com.taobao.tao.welcome.Welcome}" drawable="淘宝" />

	<!-- 天气 -->
	<item component="ComponentInfo{com.meizu.flyme.weather/com.hy.weather.mz.modules.home.WeatherMainActivity}" drawable="天气" />

	<!-- 西瓜视频 -->
	<item component="ComponentInfo{com.ss.android.article.video/com.ss.android.article.video.activity.SplashActivity}" drawable="西瓜视频" />

	<!-- 携程旅行 -->
	<item component="ComponentInfo{ctrip.android.view/ctrip.business.splash.CtripSplashActivity}" drawable="携程旅行" />

	<!-- 音乐时刻 -->
	<item component="ComponentInfo{com.music.moment/com.music.moment.ui.page.splash.SplashActivity}" drawable="音乐时刻" />

	<!-- 云闪付 -->
	<item component="ComponentInfo{com.unionpay/com.unionpay.activity.UPActivityMain}" drawable="云闪付" />

	<!-- 支付宝 -->
	<item component="ComponentInfo{com.eg.android.AlipayGphone/com.eg.android.AlipayGphone.AlipayLogin}" drawable="支付宝" />

	<!-- 知乎 -->
	<item component="ComponentInfo{com.zhihu.android/com.zhihu.android.app.ui.activity.LauncherActivity}" drawable="知乎" />

	<!-- 智慧中小学 -->
	<item component="ComponentInfo{com.eduyun.app.factory.ykt/com.nd.smartcan.appfactory.demo.SplashActivity}" drawable="智慧中小学" />

	<!-- 中国电信 -->
	<item component="ComponentInfo{com.ct.client/com.ct.client.activity.SplashActivity}" drawable="中国电信" />

	<!-- 中国气象 -->
	<item component="ComponentInfo{com.china/com.china.activity.WelcomeActivity}" drawable="中国气象" />

	<!-- 中国银行 -->
	<item component="ComponentInfo{com.chinamworld.bocmbci/com.boc.bocsoft.mobile.bocmobile.buss.system.splash.SplashActivity}" drawable="中国银行" />

	<!-- Ampere -->
	<item component="ComponentInfo{com.gombosdev.ampere/com.gombosdev.ampere.MainActivity}" drawable="ampere" />

	<!-- APatch -->
	<item component="ComponentInfo{me.bmax.apatch/me.bmax.apatch.ui.MainActivity}" drawable="apatch" />

	<!-- BOSS直聘 -->
	<item component="ComponentInfo{com.hpbr.bosszhipin/com.hpbr.bosszhipin.module.launcher.WelcomeActivity}" drawable="boss直聘" />

	<!-- CaptiveMgr -->
	<item component="ComponentInfo{tech.evlsoc.captivemgr/tech.evlsoc.captivemgr.MainActivity}" drawable="captivemgr" />

	<!-- DiskInfo -->
	<item component="ComponentInfo{com.drhowdydoo.diskinfo/com.drhowdydoo.diskinfo.activity.MainActivity}" drawable="diskinfo" />

	<!-- FKM -->
	<item component="ComponentInfo{com.franco.kernel/com.franco.kernel.activities.SplashActivity}" drawable="fkm" />

	<!-- Integrity Checker -->
	<item component="ComponentInfo{gr.nikolasspyr.integritycheck/gr.nikolasspyr.integritycheck.MainActivity}" drawable="integrity_checker" />

	<!-- L Speed -->
	<item component="ComponentInfo{com.paget96.lsandroid/com.paget96.lsandroid.activities.SplashScreenActivity}" drawable="l_speed" />

	<!-- Permission Ruler (Donate) -->
	<item component="ComponentInfo{com.stefanosiano.permissionrulerdonate/com.stefanosiano.permissionruler.view.activity.M10_MainActivity}" drawable="permission_ruler_donate_" />

	<!-- SD Maid SE -->
	<item component="ComponentInfo{eu.darken.sdmse/eu.darken.sdmse.main.ui.MainActivity}" drawable="sd_maid_se" />

	<!-- Thanox Pro -->
	<item component="ComponentInfo{github.tornaco.android.thanos.pro/now.fortuitous.thanos.main.NavActivity}" drawable="thanox_pro" />

	<!-- YouTube AdAway -->
	<item component="ComponentInfo{ma.wanam.youtubeadaway/ma.wanam.youtubeadaway.SettingsActivity}" drawable="youtube_adaway" />

</resources>