<Theme version="1">

	<!-- 达达骑士版 -->
	<AppIcon name="com.dada.mobile.android/com.dada.mobile.delivery.home.splash.ActivityNewWelcome" image="达达骑士版"/>

	<!-- 抖音 -->
	<AppIcon name="com.ss.android.ugc.aweme/com.ss.android.ugc.aweme.splash.SplashActivity" image="抖音"/>

	<!-- 丰巢管家 -->
	<AppIcon name="com.fcbox.hivebox/com.fcbox.hivebox.business.splash.WelcomeActivity" image="丰巢管家"/>

	<!-- 高德地图 -->
	<AppIcon name="com.autonavi.minimap/com.autonavi.map.activity.SplashActivity" image="高德地图"/>

	<!-- 京东 -->
	<AppIcon name="com.jingdong.app.mall/com.jingdong.app.mall.main.MainActivity" image="京东"/>

	<!-- 快递短信宝 -->
	<AppIcon name="com.dada.kdb123/io.dcloud.PandoraEntry" image="快递短信宝"/>

	<!-- 快连 VPN -->
	<AppIcon name="world.letsgo.booster.android.pro/world.letsgo.booster.android.pages.guide.GuideActivity" image="快连_vpn"/>

	<!-- 铃声多多 -->
	<AppIcon name="com.shoujiduoduo.ringtone/com.shoujiduoduo.ringtone.activity.WelcomeActivity" image="铃声多多"/>

	<!-- 拼多多 -->
	<AppIcon name="com.xunmeng.pinduoduo/com.xunmeng.pinduoduo.ui.activity.MainFrameActivity" image="拼多多"/>

	<!-- 淘宝 -->
	<AppIcon name="com.taobao.taobao/com.taobao.tao.welcome.Welcome" image="淘宝"/>

	<!-- 天气 -->
	<AppIcon name="com.meizu.flyme.weather/com.hy.weather.mz.modules.home.WeatherMainActivity" image="天气"/>

	<!-- 西瓜视频 -->
	<AppIcon name="com.ss.android.article.video/com.ss.android.article.video.activity.SplashActivity" image="西瓜视频"/>

	<!-- 携程旅行 -->
	<AppIcon name="ctrip.android.view/ctrip.business.splash.CtripSplashActivity" image="携程旅行"/>

	<!-- 音乐时刻 -->
	<AppIcon name="com.music.moment/com.music.moment.ui.page.splash.SplashActivity" image="音乐时刻"/>

	<!-- 云闪付 -->
	<AppIcon name="com.unionpay/com.unionpay.activity.UPActivityMain" image="云闪付"/>

	<!-- 支付宝 -->
	<AppIcon name="com.eg.android.AlipayGphone/com.eg.android.AlipayGphone.AlipayLogin" image="支付宝"/>

	<!-- 知乎 -->
	<AppIcon name="com.zhihu.android/com.zhihu.android.app.ui.activity.LauncherActivity" image="知乎"/>

	<!-- 智慧中小学 -->
	<AppIcon name="com.eduyun.app.factory.ykt/com.nd.smartcan.appfactory.demo.SplashActivity" image="智慧中小学"/>

	<!-- 中国电信 -->
	<AppIcon name="com.ct.client/com.ct.client.activity.SplashActivity" image="中国电信"/>

	<!-- 中国气象 -->
	<AppIcon name="com.china/com.china.activity.WelcomeActivity" image="中国气象"/>

	<!-- 中国银行 -->
	<AppIcon name="com.chinamworld.bocmbci/com.boc.bocsoft.mobile.bocmobile.buss.system.splash.SplashActivity" image="中国银行"/>

	<!-- Ampere -->
	<AppIcon name="com.gombosdev.ampere/com.gombosdev.ampere.MainActivity" image="ampere"/>

	<!-- APatch -->
	<AppIcon name="me.bmax.apatch/me.bmax.apatch.ui.MainActivity" image="apatch"/>

	<!-- BOSS直聘 -->
	<AppIcon name="com.hpbr.bosszhipin/com.hpbr.bosszhipin.module.launcher.WelcomeActivity" image="boss直聘"/>

	<!-- CaptiveMgr -->
	<AppIcon name="tech.evlsoc.captivemgr/tech.evlsoc.captivemgr.MainActivity" image="captivemgr"/>

	<!-- DiskInfo -->
	<AppIcon name="com.drhowdydoo.diskinfo/com.drhowdydoo.diskinfo.activity.MainActivity" image="diskinfo"/>

	<!-- FKM -->
	<AppIcon name="com.franco.kernel/com.franco.kernel.activities.SplashActivity" image="fkm"/>

	<!-- Integrity Checker -->
	<AppIcon name="gr.nikolasspyr.integritycheck/gr.nikolasspyr.integritycheck.MainActivity" image="integrity_checker"/>

	<!-- L Speed -->
	<AppIcon name="com.paget96.lsandroid/com.paget96.lsandroid.activities.SplashScreenActivity" image="l_speed"/>

	<!-- Permission Ruler (Donate) -->
	<AppIcon name="com.stefanosiano.permissionrulerdonate/com.stefanosiano.permissionruler.view.activity.M10_MainActivity" image="permission_ruler_donate_"/>

	<!-- SD Maid SE -->
	<AppIcon name="eu.darken.sdmse/eu.darken.sdmse.main.ui.MainActivity" image="sd_maid_se"/>

	<!-- Thanox Pro -->
	<AppIcon name="github.tornaco.android.thanos.pro/now.fortuitous.thanos.main.NavActivity" image="thanox_pro"/>

	<!-- YouTube AdAway -->
	<AppIcon name="ma.wanam.youtubeadaway/ma.wanam.youtubeadaway.SettingsActivity" image="youtube_adaway"/>

</Theme>