<resources>

	<!-- BiglyBT -->
	<item component="ComponentInfo{com.biglybt.android.client/com.biglybt.android.client.activity.IntentHandler}" drawable="biglybt" />

	<!-- Downloads -->
	<item component="ComponentInfo{com.android.providers.downloads.ui/com.android.providers.downloads.ui.activity.DownloadListEntry}" drawable="downloads" />

	<!-- Eddie - AirVPN GUI -->
	<item component="ComponentInfo{org.airvpn.eddie/org.airvpn.eddie.MainActivity}" drawable="eddie_airvpn_gui" />

	<!-- GCash -->
	<item component="ComponentInfo{com.globe.gcash.android/com.globe.gcash.android.Default}" drawable="gcash" />

	<!-- IconRequest -->
	<item component="ComponentInfo{de.kaiserdragon.iconrequest/de.kaiserdragon.iconrequest.MainActivity}" drawable="iconrequest" />

	<!-- Mi Picks -->
	<item component="ComponentInfo{com.xiaomi.mipicks/com.xiaomi.mipicks.MiPicksAlias}" drawable="mi_picks" />

	<!-- Mihon -->
	<item component="ComponentInfo{app.mihon/eu.kanade.tachiyomi.ui.main.MainActivity}" drawable="mihon" />

	<!-- Mulch -->
	<item component="ComponentInfo{us.spotco.mulch/com.google.android.apps.chrome.Main}" drawable="mulch" />

	<!-- Smart -->
	<item component="ComponentInfo{com.smart.consumer.app/com.smart.consumer.app.view.splash.SplashActivity}" drawable="smart" />

	<!-- sNotz -->
	<item component="ComponentInfo{com.sunilpaulmathew.snotz/com.sunilpaulmathew.snotz.activities.StartActivity}" drawable="snotz" />

	<!-- Tubular -->
	<item component="ComponentInfo{org.polymorphicshade.tubular/org.schabi.newpipe.MainActivity}" drawable="tubular" />

	<!-- Xe -->
	<item component="ComponentInfo{com.xe.currency/com.xe.currency.MainActivity}" drawable="xe" />

</resources>