<Theme version="1">

	<!-- BiglyBT -->
	<AppIcon name="com.biglybt.android.client/com.biglybt.android.client.activity.IntentHandler" image="biglybt"/>

	<!-- Downloads -->
	<AppIcon name="com.android.providers.downloads.ui/com.android.providers.downloads.ui.activity.DownloadListEntry" image="downloads"/>

	<!-- Eddie - AirVPN GUI -->
	<AppIcon name="org.airvpn.eddie/org.airvpn.eddie.MainActivity" image="eddie_airvpn_gui"/>

	<!-- GCash -->
	<AppIcon name="com.globe.gcash.android/com.globe.gcash.android.Default" image="gcash"/>

	<!-- IconRequest -->
	<AppIcon name="de.kaiserdragon.iconrequest/de.kaiserdragon.iconrequest.MainActivity" image="iconrequest"/>

	<!-- Mi Picks -->
	<AppIcon name="com.xiaomi.mipicks/com.xiaomi.mipicks.MiPicksAlias" image="mi_picks"/>

	<!-- Mihon -->
	<AppIcon name="app.mihon/eu.kanade.tachiyomi.ui.main.MainActivity" image="mihon"/>

	<!-- Mulch -->
	<AppIcon name="us.spotco.mulch/com.google.android.apps.chrome.Main" image="mulch"/>

	<!-- Smart -->
	<AppIcon name="com.smart.consumer.app/com.smart.consumer.app.view.splash.SplashActivity" image="smart"/>

	<!-- sNotz -->
	<AppIcon name="com.sunilpaulmathew.snotz/com.sunilpaulmathew.snotz.activities.StartActivity" image="snotz"/>

	<!-- Tubular -->
	<AppIcon name="org.polymorphicshade.tubular/org.schabi.newpipe.MainActivity" image="tubular"/>

	<!-- Xe -->
	<AppIcon name="com.xe.currency/com.xe.currency.MainActivity" image="xe"/>

</Theme>