<resources>

	<!-- analiti -->
	<item component="ComponentInfo{com.analiti.fastest.android/com.analiti.fastest.android.NonTVAnalitiActivity}" drawable="analiti" />

	<!-- Analizador WiFi -->
	<item component="ComponentInfo{com.wifianalyzer.networktools.wifitest/com.wifi.analyzer.test.view.activity.SplashActivity}" drawable="analizador_wifi" />

	<!-- Analizador WiFi -->
	<item component="ComponentInfo{dev.egl.com.analizadorwifi/dev.egl.com.analizadorwifi.ui.SplashActivity}" drawable="analizador_wifi_1753032836210.png" />

	<!-- Escáner Wi-Fi -->
	<item component="ComponentInfo{ru.angryrobot.wifiscanner/ru.angryrobot.wifiscanner.MainActivity}" drawable="escaner_wi_fi" />

	<!-- Netmonitor -->
	<item component="ComponentInfo{com.parizene.netmonitor/com.parizene.netmonitor.ui.main.MainActivity}" drawable="netmonitor" />

	<!-- Network Analyzer -->
	<item component="ComponentInfo{com.appsinception.networkinfo/com.appsinception.networkinfo.ui.splash.SplashScreenActivity}" drawable="network_analyzer" />

	<!-- WiFi Analyzer -->
	<item component="ComponentInfo{com.name.wifi.analyzer/com.name.wifi.analyzer.RsreCsxZaa}" drawable="wifi_analyzer" />

	<!-- WiFi Analyzer and Surveyor -->
	<item component="ComponentInfo{com.manageengine.wifimonitor/com.manageengine.wifimonitor.brain.mode_analyzer.MEAnalyzer_ChannelGraph}" drawable="wifi_analyzer_and_surveyor" />

	<!-- WiFi Analyzer PI -->
	<item component="ComponentInfo{com.infernus.androidwifianalyzer/com.infernus.androidwifianalyzer.MainActivity}" drawable="wifi_analyzer_pi" />

	<!-- WifiAnalyzer -->
	<item component="ComponentInfo{com.vic.wifianalyzer/com.vic.wifianalyzer.MainActivity}" drawable="wifianalyzer" />

</resources>