<resources>

	<!-- BiliBili -->
	<item component="ComponentInfo{com.bstar.intl/tv.danmaku.bili.ui.splash.SplashActivity}" drawable="bilibili" />

	<!-- Bilingual Bible -->
	<item component="ComponentInfo{english.tagalog.bible/king.james.bible.android.activity.LaunchActivity}" drawable="bilingual_bible" />

	<!-- Brevent -->
	<item component="ComponentInfo{me.piebridge.brevent/me.piebridge.brevent.ui.BreventActivity}" drawable="brevent" />

	<!-- Chrome Canary -->
	<item component="ComponentInfo{com.chrome.canary/com.google.android.apps.chrome.Main}" drawable="chrome_canary" />

	<!-- Cinema -->
	<item component="ComponentInfo{com.pc.pacine/com.pc.pacine.ui.login.splash.SplashActivity}" drawable="cinema" />

	<!-- Compass -->
	<item component="ComponentInfo{com.sprd.compass/com.sprd.compass.CompassActivity}" drawable="compass" />

	<!-- Cpu Monitor -->
	<item component="ComponentInfo{com.glgjing.stark/com.glgjing.stark.HomeActivity}" drawable="cpu_monitor" />

	<!-- Dialer -->
	<item component="ComponentInfo{com.simplemobiletools.dialer/com.simplemobiletools.dialer.activities.SplashActivity.Orange}" drawable="dialer" />

	<!-- File Manager -->
	<item component="ComponentInfo{com.coloros.filemanager/com.coloros.filemanager.filerefactor.ui.main.MainActivity}" drawable="file_manager" />

	<!-- GCash -->
	<item component="ComponentInfo{com.globe.gcash.android/com.globe.gcash.android.MerryGCash2023}" drawable="gcash" />

	<!-- Greenify -->
	<item component="ComponentInfo{com.oasisfeng.greenify/com.oasisfeng.greenify.GreenifyActivity}" drawable="greenify" />

	<!-- HiTV -->
	<item component="ComponentInfo{com.gohitv.hitv/com.gohitv.hitv.ui.activity.WelcomeActivity}" drawable="hitv" />

	<!-- Maya -->
	<item component="ComponentInfo{com.paymaya/com.paymaya.ui.login.view.activity.impl.LauncherActivity}" drawable="maya" />

	<!-- Microsoft SwiftKey Beta Keyboard -->
	<item component="ComponentInfo{com.touchtype.swiftkey.beta/com.touchtype.LauncherActivityIcon}" drawable="microsoft_swiftkey_beta_keyboard" />

	<!-- Mihon -->
	<item component="ComponentInfo{app.mihon/eu.kanade.tachiyomi.ui.main.MainActivity}" drawable="mihon" />

	<!-- Mobile Legends: Bang Bang -->
	<item component="ComponentInfo{com.mobile.legends/com.moba.unityplugin.MobaGameMainActivityWithExtractor}" drawable="mobile_legends_bang_bang" />

	<!-- Pou -->
	<item component="ComponentInfo{me.pou.app/me.pou.app.App}" drawable="pou" />

	<!-- Poweramp -->
	<item component="ComponentInfo{com.maxmpz.audioplayer/com.maxmpz.audioplayer.standard_adaptive}" drawable="poweramp" />

	<!-- Poweramp Unlocker -->
	<item component="ComponentInfo{com.maxmpz.audioplayer.unlock/com.maxmpz.audioplayer.unlock.LauncherRedirectorActivity}" drawable="poweramp_unlocker" />

	<!-- QuickEdit -->
	<item component="ComponentInfo{com.rhmsoft.edit/com.rhmsoft.edit.activity.MainActivity}" drawable="quickedit" />

	<!-- QuickShortcutMaker -->
	<item component="ComponentInfo{com.sika524.android.quickshortcut/com.sika524.android.quickshortcut.app.CreateActivity}" drawable="quickshortcutmaker" />

	<!-- Recorder -->
	<item component="ComponentInfo{com.android.soundrecorder/com.sprd.soundrecorder.RecorderActivity}" drawable="recorder" />

	<!-- SetEdit -->
	<item component="ComponentInfo{by4a.setedit22/by4a.setedit.EditorActivity}" drawable="setedit" />

	<!-- Shopee -->
	<item component="ComponentInfo{com.shopee.ph/com.shopee.app.ui.home.HomeActivity_}" drawable="shopee" />

	<!-- Simple Weather App -->
	<item component="ComponentInfo{brillembourg.forecast.weather.simple/brillembourg.forecast.weather.simple.presentation.MainActivity}" drawable="simple_weather_app" />

	<!-- Smart -->
	<item component="ComponentInfo{com.smart.consumer.app/com.smart.consumer.app.view.splash.SplashActivity}" drawable="smart" />

	<!-- Tachiyomi -->
	<item component="ComponentInfo{eu.kanade.tachiyomi/eu.kanade.tachiyomi.ui.main.MainActivity}" drawable="tachiyomi" />

	<!-- Telegram -->
	<item component="ComponentInfo{org.telegram.messenger.web/org.telegram.messenger.DefaultIcon}" drawable="telegram" />

	<!-- TikTok -->
	<item component="ComponentInfo{com.ss.android.ugc.trill/com.ss.android.ugc.aweme.splash.SplashActivity}" drawable="tiktok" />

	<!-- Videos -->
	<item component="ComponentInfo{com.coloros.video/com.oplus.video.VideoListActivity}" drawable="videos" />

	<!-- VidMate -->
	<item component="ComponentInfo{com.video.fun.app/com.nemo.vidmate.host.WelcomeActivity}" drawable="vidmate" />

</resources>