<appmap>

	<!-- BiliBili -->
	<item class="tv.danmaku.bili.ui.splash.SplashActivity" name="bilibili"/>

	<!-- Bilingual Bible -->
	<item class="king.james.bible.android.activity.LaunchActivity" name="bilingual_bible"/>

	<!-- Brevent -->
	<item class="me.piebridge.brevent.ui.BreventActivity" name="brevent"/>

	<!-- Chrome Canary -->
	<item class="com.google.android.apps.chrome.Main" name="chrome_canary"/>

	<!-- Cinema -->
	<item class="com.pc.pacine.ui.login.splash.SplashActivity" name="cinema"/>

	<!-- Compass -->
	<item class="com.sprd.compass.CompassActivity" name="compass"/>

	<!-- Cpu Monitor -->
	<item class="com.glgjing.stark.HomeActivity" name="cpu_monitor"/>

	<!-- Dialer -->
	<item class="com.simplemobiletools.dialer.activities.SplashActivity.Orange" name="dialer"/>

	<!-- File Manager -->
	<item class="com.coloros.filemanager.filerefactor.ui.main.MainActivity" name="file_manager"/>

	<!-- GCash -->
	<item class="com.globe.gcash.android.MerryGCash2023" name="gcash"/>

	<!-- Greenify -->
	<item class="com.oasisfeng.greenify.GreenifyActivity" name="greenify"/>

	<!-- HiTV -->
	<item class="com.gohitv.hitv.ui.activity.WelcomeActivity" name="hitv"/>

	<!-- Maya -->
	<item class="com.paymaya.ui.login.view.activity.impl.LauncherActivity" name="maya"/>

	<!-- Microsoft SwiftKey Beta Keyboard -->
	<item class="com.touchtype.LauncherActivityIcon" name="microsoft_swiftkey_beta_keyboard"/>

	<!-- Mihon -->
	<item class="eu.kanade.tachiyomi.ui.main.MainActivity" name="mihon"/>

	<!-- Mobile Legends: Bang Bang -->
	<item class="com.moba.unityplugin.MobaGameMainActivityWithExtractor" name="mobile_legends_bang_bang"/>

	<!-- Pou -->
	<item class="me.pou.app.App" name="pou"/>

	<!-- Poweramp -->
	<item class="com.maxmpz.audioplayer.standard_adaptive" name="poweramp"/>

	<!-- Poweramp Unlocker -->
	<item class="com.maxmpz.audioplayer.unlock.LauncherRedirectorActivity" name="poweramp_unlocker"/>

	<!-- QuickEdit -->
	<item class="com.rhmsoft.edit.activity.MainActivity" name="quickedit"/>

	<!-- QuickShortcutMaker -->
	<item class="com.sika524.android.quickshortcut.app.CreateActivity" name="quickshortcutmaker"/>

	<!-- Recorder -->
	<item class="com.sprd.soundrecorder.RecorderActivity" name="recorder"/>

	<!-- SetEdit -->
	<item class="by4a.setedit.EditorActivity" name="setedit"/>

	<!-- Shopee -->
	<item class="com.shopee.app.ui.home.HomeActivity_" name="shopee"/>

	<!-- Simple Weather App -->
	<item class="brillembourg.forecast.weather.simple.presentation.MainActivity" name="simple_weather_app"/>

	<!-- Smart -->
	<item class="com.smart.consumer.app.view.splash.SplashActivity" name="smart"/>

	<!-- Tachiyomi -->
	<item class="eu.kanade.tachiyomi.ui.main.MainActivity" name="tachiyomi"/>

	<!-- Telegram -->
	<item class="org.telegram.messenger.DefaultIcon" name="telegram"/>

	<!-- TikTok -->
	<item class="com.ss.android.ugc.aweme.splash.SplashActivity" name="tiktok"/>

	<!-- Videos -->
	<item class="com.oplus.video.VideoListActivity" name="videos"/>

	<!-- VidMate -->
	<item class="com.nemo.vidmate.host.WelcomeActivity" name="vidmate"/>

</appmap>