<Theme version="1">

	<!-- BiliBili -->
	<AppIcon name="com.bstar.intl/tv.danmaku.bili.ui.splash.SplashActivity" image="bilibili"/>

	<!-- Bilingual Bible -->
	<AppIcon name="english.tagalog.bible/king.james.bible.android.activity.LaunchActivity" image="bilingual_bible"/>

	<!-- Brevent -->
	<AppIcon name="me.piebridge.brevent/me.piebridge.brevent.ui.BreventActivity" image="brevent"/>

	<!-- Chrome Canary -->
	<AppIcon name="com.chrome.canary/com.google.android.apps.chrome.Main" image="chrome_canary"/>

	<!-- Cinema -->
	<AppIcon name="com.pc.pacine/com.pc.pacine.ui.login.splash.SplashActivity" image="cinema"/>

	<!-- Compass -->
	<AppIcon name="com.sprd.compass/com.sprd.compass.CompassActivity" image="compass"/>

	<!-- Cpu Monitor -->
	<AppIcon name="com.glgjing.stark/com.glgjing.stark.HomeActivity" image="cpu_monitor"/>

	<!-- Dialer -->
	<AppIcon name="com.simplemobiletools.dialer/com.simplemobiletools.dialer.activities.SplashActivity.Orange" image="dialer"/>

	<!-- File Manager -->
	<AppIcon name="com.coloros.filemanager/com.coloros.filemanager.filerefactor.ui.main.MainActivity" image="file_manager"/>

	<!-- GCash -->
	<AppIcon name="com.globe.gcash.android/com.globe.gcash.android.MerryGCash2023" image="gcash"/>

	<!-- Greenify -->
	<AppIcon name="com.oasisfeng.greenify/com.oasisfeng.greenify.GreenifyActivity" image="greenify"/>

	<!-- HiTV -->
	<AppIcon name="com.gohitv.hitv/com.gohitv.hitv.ui.activity.WelcomeActivity" image="hitv"/>

	<!-- Maya -->
	<AppIcon name="com.paymaya/com.paymaya.ui.login.view.activity.impl.LauncherActivity" image="maya"/>

	<!-- Microsoft SwiftKey Beta Keyboard -->
	<AppIcon name="com.touchtype.swiftkey.beta/com.touchtype.LauncherActivityIcon" image="microsoft_swiftkey_beta_keyboard"/>

	<!-- Mihon -->
	<AppIcon name="app.mihon/eu.kanade.tachiyomi.ui.main.MainActivity" image="mihon"/>

	<!-- Mobile Legends: Bang Bang -->
	<AppIcon name="com.mobile.legends/com.moba.unityplugin.MobaGameMainActivityWithExtractor" image="mobile_legends_bang_bang"/>

	<!-- Pou -->
	<AppIcon name="me.pou.app/me.pou.app.App" image="pou"/>

	<!-- Poweramp -->
	<AppIcon name="com.maxmpz.audioplayer/com.maxmpz.audioplayer.standard_adaptive" image="poweramp"/>

	<!-- Poweramp Unlocker -->
	<AppIcon name="com.maxmpz.audioplayer.unlock/com.maxmpz.audioplayer.unlock.LauncherRedirectorActivity" image="poweramp_unlocker"/>

	<!-- QuickEdit -->
	<AppIcon name="com.rhmsoft.edit/com.rhmsoft.edit.activity.MainActivity" image="quickedit"/>

	<!-- QuickShortcutMaker -->
	<AppIcon name="com.sika524.android.quickshortcut/com.sika524.android.quickshortcut.app.CreateActivity" image="quickshortcutmaker"/>

	<!-- Recorder -->
	<AppIcon name="com.android.soundrecorder/com.sprd.soundrecorder.RecorderActivity" image="recorder"/>

	<!-- SetEdit -->
	<AppIcon name="by4a.setedit22/by4a.setedit.EditorActivity" image="setedit"/>

	<!-- Shopee -->
	<AppIcon name="com.shopee.ph/com.shopee.app.ui.home.HomeActivity_" image="shopee"/>

	<!-- Simple Weather App -->
	<AppIcon name="brillembourg.forecast.weather.simple/brillembourg.forecast.weather.simple.presentation.MainActivity" image="simple_weather_app"/>

	<!-- Smart -->
	<AppIcon name="com.smart.consumer.app/com.smart.consumer.app.view.splash.SplashActivity" image="smart"/>

	<!-- Tachiyomi -->
	<AppIcon name="eu.kanade.tachiyomi/eu.kanade.tachiyomi.ui.main.MainActivity" image="tachiyomi"/>

	<!-- Telegram -->
	<AppIcon name="org.telegram.messenger.web/org.telegram.messenger.DefaultIcon" image="telegram"/>

	<!-- TikTok -->
	<AppIcon name="com.ss.android.ugc.trill/com.ss.android.ugc.aweme.splash.SplashActivity" image="tiktok"/>

	<!-- Videos -->
	<AppIcon name="com.coloros.video/com.oplus.video.VideoListActivity" image="videos"/>

	<!-- VidMate -->
	<AppIcon name="com.video.fun.app/com.nemo.vidmate.host.WelcomeActivity" image="vidmate"/>

</Theme>