<resources>

	<!-- Amazon -->
	<item component="ComponentInfo{in.amazon.mShop.android.shopping/com.amazon.mShop.home.HomeActivity}" drawable="amazon" />

	<!-- IndianOil ONE -->
	<item component="ComponentInfo{cx.indianoil.in/cx.indianoil.in.lpg.view.login.WelcomeActivity}" drawable="indianoil_one" />

	<!-- JioPOS Lite -->
	<item component="ComponentInfo{com.jio.poslite/com.jio.poslite.activities.SplashScreenActivity}" drawable="jiopos_lite" />

	<!-- NTES -->
	<item component="ComponentInfo{cris.icms.ntes/cris.icms.ntes.LaunchApp}" drawable="ntes" />

	<!-- Paytm for Business -->
	<item component="ComponentInfo{com.paytm.business/com.paytm.business.splash.SplashActivity}" drawable="paytm_for_business" />

	<!-- PayZapp -->
	<item component="ComponentInfo{com.hdfcbank.payzapp/com.apollorncontainer.activities.SplashActivity}" drawable="payzapp" />

	<!-- Pulsar -->
	<item component="ComponentInfo{com.rhmsoft.pulsar/com.rhmsoft.play.MainActivity}" drawable="pulsar" />

	<!-- Resplash -->
	<item component="ComponentInfo{com.b_lam.resplash/com.b_lam.resplash.ui.main.MainActivity}" drawable="resplash" />

	<!-- Tata Play -->
	<item component="ComponentInfo{com.ryzmedia.tatasky/com.ryzmedia.tatasky.Default}" drawable="tata_play" />

</resources>