<resources>

	<!-- Anilab -->
	<item component="ComponentInfo{com.anilab.android/com.anilab.android.ui.activity.MainActivity}" drawable="anilab" />

	<!-- Arcticons Day & Night -->
	<item component="ComponentInfo{com.donnnno.arcticons.daynight/com.donnnno.arcticons.activities.MainActivity}" drawable="arcticons_day_and_night" />

	<!-- Arcticons Material You -->
	<item component="ComponentInfo{com.donnnno.arcticons.you.play/com.donnnno.arcticons.activities.MainActivity}" drawable="arcticons_material_you" />

	<!-- Aspire Study -->
	<item component="ComponentInfo{co.april2019.asp/co.classplus.app.ui.common.splash.KSplashActivity}" drawable="aspire_study" />

	<!-- Burger King -->
	<item component="ComponentInfo{in.burgerking.android/in.burgerking.android.MainActivity}" drawable="burger_king" />

	<!-- Camera -->
	<item component="ComponentInfo{com.nothing.camera/com.nothing.camera.activity.CameraActivity}" drawable="camera" />

	<!-- Cent m-Passbook -->
	<item component="ComponentInfo{com.mobile.cbiepassbook/com.mobile.cbiepassbook.EbookSplashActivity}" drawable="cent_m_passbook" />

	<!-- Delhivery -->
	<item component="ComponentInfo{com.delhiveryConsigneeApp/com.delhiveryConsigneeApp.MainActivity}" drawable="delhivery" />

	<!-- Gallery -->
	<item component="ComponentInfo{org.fossify.gallery/org.fossify.gallery.activities.SplashActivity.Blue}" drawable="gallery" />

	<!-- Just Player -->
	<item component="ComponentInfo{com.brouken.player/com.brouken.player.PlayerActivity}" drawable="just_player" />

	<!-- Noto -->
	<item component="ComponentInfo{com.noto/com.noto.app.DarkSide}" drawable="noto" />

	<!-- Obtainium -->
	<item component="ComponentInfo{dev.imranr.obtainium.fdroid/dev.imranr.obtainium.MainActivity}" drawable="obtainium" />

	<!-- One4Wall -->
	<item component="ComponentInfo{one4studio.wallpaper.one4wall/one4studio.wallpaper.one4wall.MainActivity}" drawable="one4wall" />

	<!-- Recorder -->
	<item component="ComponentInfo{com.nothing.soundrecorder/com.nothing.soundrecorder.ui.NewMainActivity}" drawable="recorder" />

	<!-- Routine Tracker -->
	<item component="ComponentInfo{com.rendox.routinetracker/com.rendox.routinetracker.app.MainActivity}" drawable="routine_tracker" />

	<!-- SJ -->
	<item component="ComponentInfo{com.sj.mahavidyalaya/com.sj.mahavidyalaya.MainActivity}" drawable="sj" />

	<!-- Weather -->
	<item component="ComponentInfo{com.nothing.weather/com.nothing.weather.ui.main.MainActivity}" drawable="weather" />

</resources>