<Theme version="1">

	<!-- Anilab -->
	<AppIcon name="com.anilab.android/com.anilab.android.ui.activity.MainActivity" image="anilab"/>

	<!-- Arcticons Day & Night -->
	<AppIcon name="com.donnnno.arcticons.daynight/com.donnnno.arcticons.activities.MainActivity" image="arcticons_day_and_night"/>

	<!-- Arcticons Material You -->
	<AppIcon name="com.donnnno.arcticons.you.play/com.donnnno.arcticons.activities.MainActivity" image="arcticons_material_you"/>

	<!-- Aspire Study -->
	<AppIcon name="co.april2019.asp/co.classplus.app.ui.common.splash.KSplashActivity" image="aspire_study"/>

	<!-- Burger King -->
	<AppIcon name="in.burgerking.android/in.burgerking.android.MainActivity" image="burger_king"/>

	<!-- Camera -->
	<AppIcon name="com.nothing.camera/com.nothing.camera.activity.CameraActivity" image="camera"/>

	<!-- Cent m-Passbook -->
	<AppIcon name="com.mobile.cbiepassbook/com.mobile.cbiepassbook.EbookSplashActivity" image="cent_m_passbook"/>

	<!-- Delhivery -->
	<AppIcon name="com.delhiveryConsigneeApp/com.delhiveryConsigneeApp.MainActivity" image="delhivery"/>

	<!-- Gallery -->
	<AppIcon name="org.fossify.gallery/org.fossify.gallery.activities.SplashActivity.Blue" image="gallery"/>

	<!-- Just Player -->
	<AppIcon name="com.brouken.player/com.brouken.player.PlayerActivity" image="just_player"/>

	<!-- Noto -->
	<AppIcon name="com.noto/com.noto.app.DarkSide" image="noto"/>

	<!-- Obtainium -->
	<AppIcon name="dev.imranr.obtainium.fdroid/dev.imranr.obtainium.MainActivity" image="obtainium"/>

	<!-- One4Wall -->
	<AppIcon name="one4studio.wallpaper.one4wall/one4studio.wallpaper.one4wall.MainActivity" image="one4wall"/>

	<!-- Recorder -->
	<AppIcon name="com.nothing.soundrecorder/com.nothing.soundrecorder.ui.NewMainActivity" image="recorder"/>

	<!-- Routine Tracker -->
	<AppIcon name="com.rendox.routinetracker/com.rendox.routinetracker.app.MainActivity" image="routine_tracker"/>

	<!-- SJ -->
	<AppIcon name="com.sj.mahavidyalaya/com.sj.mahavidyalaya.MainActivity" image="sj"/>

	<!-- Weather -->
	<AppIcon name="com.nothing.weather/com.nothing.weather.ui.main.MainActivity" image="weather"/>

</Theme>