<resources>

	<!-- AccuBattery -->
	<item component="ComponentInfo{com.digibites.accubattery/com.digibites.abatterysaver.BatterySaverActivity}" drawable="accubattery" />

	<!-- Aline White -->
	<item component="ComponentInfo{one4studio.pixelperfect.iconpack.alinewhite/com.candybar.dev.activities.SplashActivity}" drawable="aline_white" />

	<!-- Asteroid -->
	<item component="ComponentInfo{com.atanusanyal.asteroid/com.atanusanyal.asteroid.activities.SplashActivity}" drawable="asteroid" />

	<!-- Bass EQ -->
	<item component="ComponentInfo{music.bassbooster.equalizer.pay/net.coocent.eq.bassbooster.activity.LauncherActivity}" drawable="bass_eq" />

	<!-- BlueMail -->
	<item component="ComponentInfo{me.bluemail.mail/com.trtf.blue.activity.Accounts}" drawable="bluemail" />

	<!-- CarInfo -->
	<item component="ComponentInfo{com.cuvora.carinfo/com.cuvora.carinfo.splash.SplashScreenActivity}" drawable="carinfo" />

	<!-- Cashew -->
	<item component="ComponentInfo{com.budget.tracker_app/com.budget.tracker_app.MainActivity}" drawable="cashew" />

	<!-- Charge Meter -->
	<item component="ComponentInfo{dev.km.android.chargemeter/dev.km.android.chargemeter.Activities.MainActivity}" drawable="charge_meter" />

	<!-- Chess -->
	<item component="ComponentInfo{com.jetstartgames.chess/com.jetstartgames.chess.MenuActivity}" drawable="chess" />

	<!-- Easy Coder -->
	<item component="ComponentInfo{com.amensah.easycoder.python/com.amensah.easycoder.SplashActivity}" drawable="easy_coder" />

	<!-- Form Photo Maker -->
	<item component="ComponentInfo{com.vihatsoft.form.photomaker/com.vihatsoft.form.photomaker.SampleActivity}" drawable="form_photo_maker" />

	<!-- HomeworkApp -->
	<item component="ComponentInfo{ai.homework.app.ncert.cbse.maths.science/ai.homework.app.ncert.cbse.maths.science.application_android.ui.splash.HomeworkSplashActivity}" drawable="homeworkapp" />

	<!-- Learning SQL -->
	<item component="ComponentInfo{com.airtonsiq.aprendendosql/com.airtonsiq.aprendendosql.Splash}" drawable="learning_sql" />

	<!-- learnsql -->
	<item component="ComponentInfo{com.aswdc_dbms/com.aswdc_dbms.MainActivity}" drawable="learnsql" />

	<!-- Mind Games Pro -->
	<item component="ComponentInfo{mindware.mindgamespro/mindware.mindgamespro.main}" drawable="mind_games_pro" />

	<!-- Nothing -->
	<item component="ComponentInfo{com.jndapp.nothing.white.dots.iconpack/com.jndapp.nothing.white.dots.iconpack.MainActivity}" drawable="nothing" />

	<!-- One4Wall -->
	<item component="ComponentInfo{one4studio.wallpaper.one4wall/one4studio.wallpaper.one4wall.MainActivity}" drawable="one4wall" />

	<!-- OneScore -->
	<item component="ComponentInfo{tech.fplabs.score/tech.fplabs.score.MainActivity}" drawable="onescore" />

	<!-- Pincode -->
	<item component="ComponentInfo{com.pincode.shop/com.phonepe.shopping.ui.CustomLaunchActivity}" drawable="pincode" />

	<!-- PNB Genie -->
	<item component="ComponentInfo{com.isg.mobile.creditcard.pnb/com.isg.mobile.creditcard.ui.activity.SplashActivity}" drawable="pnb_genie" />

	<!-- PNB Rewardz Credit Card -->
	<item component="ComponentInfo{org.chromium.webapk.a480167403c2b16dc_v2/org.chromium.webapk.shell_apk.h2o.H2OOpaqueMainActivity}" drawable="pnb_rewardz_credit_card" />

	<!-- PPSSPP -->
	<item component="ComponentInfo{org.ppsspp.ppsspp/org.ppsspp.ppsspp.PpssppActivity}" drawable="ppsspp" />

	<!-- PREQUEL -->
	<item component="ComponentInfo{com.prequel.app/com.prequel.app.ui.SplashActivity}" drawable="prequel" />

	<!-- Price History -->
	<item component="ComponentInfo{in.pricehistory.app/in.pricehistory.app.MainActivity}" drawable="price_history" />

	<!-- Raya Reloaded Icon Pack -->
	<item component="ComponentInfo{com.osheden.raya.reloaded/com.osheden.raya.reloaded.activities.MainActivity}" drawable="raya_reloaded_icon_pack" />

	<!-- RBL MyCard -->
	<item component="ComponentInfo{com.rbl.rblmycard/com.rblbank.mycard.LauncherActivity}" drawable="rbl_mycard" />

	<!-- SIM Toolkit -->
	<item component="ComponentInfo{com.android.stk/com.android.stk.StkLauncherListActivity}" drawable="sim_toolkit" />

	<!-- Sound Meter -->
	<item component="ComponentInfo{app.tools.soundmeter.decibel.noisedetector.pro/cn.coocent.tools.soundmeter.app.LaunchActivity}" drawable="sound_meter" />

	<!-- Star Trek Timelines -->
	<item component="ComponentInfo{com.disruptorbeam.StarTrekTimelines/com.disruptorbeam.DisruptorBeamActivity}" drawable="star_trek_timelines" />

	<!-- Supercons -->
	<item component="ComponentInfo{com.supercons.icon/com.supercons.icon.MainActivity}" drawable="supercons" />

	<!-- Trainman -->
	<item component="ComponentInfo{in.trainman.trainmanandroidapp/in.trainman.trainmanandroidapp.splashScreen.view.SplashScreenV2}" drawable="trainman" />

	<!-- Wasavi -->
	<item component="ComponentInfo{com.rocknnull.wasavi/com.rocknnull.wasavi.activities.MainActivity}" drawable="wasavi" />

	<!-- β-Maniac -->
	<item component="ComponentInfo{it.mirko.beta/it.mirko.beta.login.LoadingActivity}" drawable="β_maniac" />

	<!-- µTorrent Pro -->
	<item component="ComponentInfo{com.utorrent.client.pro/com.bittorrent.app.Main}" drawable="µtorrent_pro" />

</resources>