<Theme version="1">

	<!-- AccuBattery -->
	<AppIcon name="com.digibites.accubattery/com.digibites.abatterysaver.BatterySaverActivity" image="accubattery"/>

	<!-- Aline White -->
	<AppIcon name="one4studio.pixelperfect.iconpack.alinewhite/com.candybar.dev.activities.SplashActivity" image="aline_white"/>

	<!-- Asteroid -->
	<AppIcon name="com.atanusanyal.asteroid/com.atanusanyal.asteroid.activities.SplashActivity" image="asteroid"/>

	<!-- Bass EQ -->
	<AppIcon name="music.bassbooster.equalizer.pay/net.coocent.eq.bassbooster.activity.LauncherActivity" image="bass_eq"/>

	<!-- BlueMail -->
	<AppIcon name="me.bluemail.mail/com.trtf.blue.activity.Accounts" image="bluemail"/>

	<!-- CarInfo -->
	<AppIcon name="com.cuvora.carinfo/com.cuvora.carinfo.splash.SplashScreenActivity" image="carinfo"/>

	<!-- Cashew -->
	<AppIcon name="com.budget.tracker_app/com.budget.tracker_app.MainActivity" image="cashew"/>

	<!-- Charge Meter -->
	<AppIcon name="dev.km.android.chargemeter/dev.km.android.chargemeter.Activities.MainActivity" image="charge_meter"/>

	<!-- Chess -->
	<AppIcon name="com.jetstartgames.chess/com.jetstartgames.chess.MenuActivity" image="chess"/>

	<!-- Easy Coder -->
	<AppIcon name="com.amensah.easycoder.python/com.amensah.easycoder.SplashActivity" image="easy_coder"/>

	<!-- Form Photo Maker -->
	<AppIcon name="com.vihatsoft.form.photomaker/com.vihatsoft.form.photomaker.SampleActivity" image="form_photo_maker"/>

	<!-- HomeworkApp -->
	<AppIcon name="ai.homework.app.ncert.cbse.maths.science/ai.homework.app.ncert.cbse.maths.science.application_android.ui.splash.HomeworkSplashActivity" image="homeworkapp"/>

	<!-- Learning SQL -->
	<AppIcon name="com.airtonsiq.aprendendosql/com.airtonsiq.aprendendosql.Splash" image="learning_sql"/>

	<!-- learnsql -->
	<AppIcon name="com.aswdc_dbms/com.aswdc_dbms.MainActivity" image="learnsql"/>

	<!-- Mind Games Pro -->
	<AppIcon name="mindware.mindgamespro/mindware.mindgamespro.main" image="mind_games_pro"/>

	<!-- Nothing -->
	<AppIcon name="com.jndapp.nothing.white.dots.iconpack/com.jndapp.nothing.white.dots.iconpack.MainActivity" image="nothing"/>

	<!-- One4Wall -->
	<AppIcon name="one4studio.wallpaper.one4wall/one4studio.wallpaper.one4wall.MainActivity" image="one4wall"/>

	<!-- OneScore -->
	<AppIcon name="tech.fplabs.score/tech.fplabs.score.MainActivity" image="onescore"/>

	<!-- Pincode -->
	<AppIcon name="com.pincode.shop/com.phonepe.shopping.ui.CustomLaunchActivity" image="pincode"/>

	<!-- PNB Genie -->
	<AppIcon name="com.isg.mobile.creditcard.pnb/com.isg.mobile.creditcard.ui.activity.SplashActivity" image="pnb_genie"/>

	<!-- PNB Rewardz Credit Card -->
	<AppIcon name="org.chromium.webapk.a480167403c2b16dc_v2/org.chromium.webapk.shell_apk.h2o.H2OOpaqueMainActivity" image="pnb_rewardz_credit_card"/>

	<!-- PPSSPP -->
	<AppIcon name="org.ppsspp.ppsspp/org.ppsspp.ppsspp.PpssppActivity" image="ppsspp"/>

	<!-- PREQUEL -->
	<AppIcon name="com.prequel.app/com.prequel.app.ui.SplashActivity" image="prequel"/>

	<!-- Price History -->
	<AppIcon name="in.pricehistory.app/in.pricehistory.app.MainActivity" image="price_history"/>

	<!-- Raya Reloaded Icon Pack -->
	<AppIcon name="com.osheden.raya.reloaded/com.osheden.raya.reloaded.activities.MainActivity" image="raya_reloaded_icon_pack"/>

	<!-- RBL MyCard -->
	<AppIcon name="com.rbl.rblmycard/com.rblbank.mycard.LauncherActivity" image="rbl_mycard"/>

	<!-- SIM Toolkit -->
	<AppIcon name="com.android.stk/com.android.stk.StkLauncherListActivity" image="sim_toolkit"/>

	<!-- Sound Meter -->
	<AppIcon name="app.tools.soundmeter.decibel.noisedetector.pro/cn.coocent.tools.soundmeter.app.LaunchActivity" image="sound_meter"/>

	<!-- Star Trek Timelines -->
	<AppIcon name="com.disruptorbeam.StarTrekTimelines/com.disruptorbeam.DisruptorBeamActivity" image="star_trek_timelines"/>

	<!-- Supercons -->
	<AppIcon name="com.supercons.icon/com.supercons.icon.MainActivity" image="supercons"/>

	<!-- Trainman -->
	<AppIcon name="in.trainman.trainmanandroidapp/in.trainman.trainmanandroidapp.splashScreen.view.SplashScreenV2" image="trainman"/>

	<!-- Wasavi -->
	<AppIcon name="com.rocknnull.wasavi/com.rocknnull.wasavi.activities.MainActivity" image="wasavi"/>

	<!-- β-Maniac -->
	<AppIcon name="it.mirko.beta/it.mirko.beta.login.LoadingActivity" image="β_maniac"/>

	<!-- µTorrent Pro -->
	<AppIcon name="com.utorrent.client.pro/com.bittorrent.app.Main" image="µtorrent_pro"/>

</Theme>