<resources>

	<!-- Adaptive Brightness Tile -->
	<item component="ComponentInfo{com.rascarlo.adaptive.brightness.tile/com.rascarlo.adaptive.brightness.tile.MainActivity}" drawable="adaptive_brightness_tile" />

	<!-- All Video Downloader -->
	<item component="ComponentInfo{all.video.downloader.allvideodownloader/video.downloader.videodownloader.activity.MainActivity}" drawable="all_video_downloader" />

	<!-- Arcticons Material You -->
	<item component="ComponentInfo{com.donnnno.arcticons.you/com.donnnno.arcticons.activities.MainActivity}" drawable="arcticons_material_you" />

	<!-- Binaural Beats Brain Waves -->
	<item component="ComponentInfo{com.project.rbxproject/com.example.rbxproject.WelcomeActivity}" drawable="binaural_beats_brain_waves" />

	<!-- Call History -->
	<item component="ComponentInfo{com.android.dialer/com.android.dialer.app.calllog.CallLogActivity}" drawable="call_history" />

	<!-- Clock -->
	<item component="ComponentInfo{com.chen.deskclock/com.chen.deskclock.DeskClock}" drawable="clock" />

	<!-- Cream Adaptive -->
	<item component="ComponentInfo{cream.adaptive.app/cream.adaptive.app.MainActivity}" drawable="cream_adaptive" />

	<!-- Daff Moon -->
	<item component="ComponentInfo{com.dafftin.android.moon_phase/com.dafftin.android.moon_phase.MoonPhase}" drawable="daff_moon" />

	<!-- Gallery -->
	<item component="ComponentInfo{com.alensw.PicFolder/com.alensw.PicFolder.GalleryActivity}" drawable="gallery" />

	<!-- Hibernator -->
	<item component="ComponentInfo{com.tafayor.hibernator/com.tafayor.hibernator.MainActivity}" drawable="hibernator" />

	<!-- hoopla -->
	<item component="ComponentInfo{com.hoopladigital.android/com.hoopladigital.android.ui.activity.SplashScreenActivity}" drawable="hoopla" />

	<!-- Libby -->
	<item component="ComponentInfo{com.overdrive.mobile.android.libby/com.overdrive.mobile.android.nautilus.ui.Activity_Main}" drawable="libby" />

	<!-- Lithium -->
	<item component="ComponentInfo{com.faultexception.reader/com.faultexception.reader.MainActivity}" drawable="lithium" />

	<!-- My Location -->
	<item component="ComponentInfo{com.mirfatif.mylocation/com.mirfatif.mylocation.MainActivity}" drawable="my_location" />

	<!-- Night Mode -->
	<item component="ComponentInfo{io.github.subhamtyagi.nightmode/io.github.subhamtyagi.nightmode.LandingPage}" drawable="night_mode" />

	<!-- Office Documents Viewer -->
	<item component="ComponentInfo{de.joergjahnke.documentviewer.android.free/de.joergjahnke.documentviewer.android.free.MainActivityFree}" drawable="office_documents_viewer" />

	<!-- personalDNSfilter -->
	<item component="ComponentInfo{dnsfilter.android/dnsfilter.android.DNSProxyActivity}" drawable="personaldnsfilter" />

	<!-- Simple ABP -->
	<item component="ComponentInfo{mdmt.sabp/mdmt.sabp.A}" drawable="simple_abp" />

	<!-- Sora -->
	<item component="ComponentInfo{com.overdrive.mobile.android.sora/com.overdrive.mobile.android.nautilus.ui.Activity_Main}" drawable="sora" />

	<!-- Storage & USB -->
	<item component="ComponentInfo{com.enrico.filemanager/com.enrico.filemanager.MainActivity}" drawable="storage_and_usb" />

	<!-- Tiny Music Player -->
	<item component="ComponentInfo{com.martinmimigames.tinymusicplayer/com.martinmimigames.tinymusicplayer.Launcher}" drawable="tiny_music_player" />

</resources>