<appmap>

	<!-- Adaptive Brightness Tile -->
	<item class="com.rascarlo.adaptive.brightness.tile.MainActivity" name="adaptive_brightness_tile"/>

	<!-- All Video Downloader -->
	<item class="video.downloader.videodownloader.activity.MainActivity" name="all_video_downloader"/>

	<!-- Arcticons Material You -->
	<item class="com.donnnno.arcticons.activities.MainActivity" name="arcticons_material_you"/>

	<!-- Binaural Beats Brain Waves -->
	<item class="com.example.rbxproject.WelcomeActivity" name="binaural_beats_brain_waves"/>

	<!-- Call History -->
	<item class="com.android.dialer.app.calllog.CallLogActivity" name="call_history"/>

	<!-- Clock -->
	<item class="com.chen.deskclock.DeskClock" name="clock"/>

	<!-- Cream Adaptive -->
	<item class="cream.adaptive.app.MainActivity" name="cream_adaptive"/>

	<!-- Daff Moon -->
	<item class="com.dafftin.android.moon_phase.MoonPhase" name="daff_moon"/>

	<!-- Gallery -->
	<item class="com.alensw.PicFolder.GalleryActivity" name="gallery"/>

	<!-- Hibernator -->
	<item class="com.tafayor.hibernator.MainActivity" name="hibernator"/>

	<!-- hoopla -->
	<item class="com.hoopladigital.android.ui.activity.SplashScreenActivity" name="hoopla"/>

	<!-- Libby -->
	<item class="com.overdrive.mobile.android.nautilus.ui.Activity_Main" name="libby"/>

	<!-- Lithium -->
	<item class="com.faultexception.reader.MainActivity" name="lithium"/>

	<!-- My Location -->
	<item class="com.mirfatif.mylocation.MainActivity" name="my_location"/>

	<!-- Night Mode -->
	<item class="io.github.subhamtyagi.nightmode.LandingPage" name="night_mode"/>

	<!-- Office Documents Viewer -->
	<item class="de.joergjahnke.documentviewer.android.free.MainActivityFree" name="office_documents_viewer"/>

	<!-- personalDNSfilter -->
	<item class="dnsfilter.android.DNSProxyActivity" name="personaldnsfilter"/>

	<!-- Simple ABP -->
	<item class="mdmt.sabp.A" name="simple_abp"/>

	<!-- Sora -->
	<item class="com.overdrive.mobile.android.nautilus.ui.Activity_Main" name="sora"/>

	<!-- Storage & USB -->
	<item class="com.enrico.filemanager.MainActivity" name="storage_and_usb"/>

	<!-- Tiny Music Player -->
	<item class="com.martinmimigames.tinymusicplayer.Launcher" name="tiny_music_player"/>

</appmap>