<Theme version="1">

	<!-- Adaptive Brightness Tile -->
	<AppIcon name="com.rascarlo.adaptive.brightness.tile/com.rascarlo.adaptive.brightness.tile.MainActivity" image="adaptive_brightness_tile"/>

	<!-- All Video Downloader -->
	<AppIcon name="all.video.downloader.allvideodownloader/video.downloader.videodownloader.activity.MainActivity" image="all_video_downloader"/>

	<!-- Arcticons Material You -->
	<AppIcon name="com.donnnno.arcticons.you/com.donnnno.arcticons.activities.MainActivity" image="arcticons_material_you"/>

	<!-- Binaural Beats Brain Waves -->
	<AppIcon name="com.project.rbxproject/com.example.rbxproject.WelcomeActivity" image="binaural_beats_brain_waves"/>

	<!-- Call History -->
	<AppIcon name="com.android.dialer/com.android.dialer.app.calllog.CallLogActivity" image="call_history"/>

	<!-- Clock -->
	<AppIcon name="com.chen.deskclock/com.chen.deskclock.DeskClock" image="clock"/>

	<!-- Cream Adaptive -->
	<AppIcon name="cream.adaptive.app/cream.adaptive.app.MainActivity" image="cream_adaptive"/>

	<!-- Daff Moon -->
	<AppIcon name="com.dafftin.android.moon_phase/com.dafftin.android.moon_phase.MoonPhase" image="daff_moon"/>

	<!-- Gallery -->
	<AppIcon name="com.alensw.PicFolder/com.alensw.PicFolder.GalleryActivity" image="gallery"/>

	<!-- Hibernator -->
	<AppIcon name="com.tafayor.hibernator/com.tafayor.hibernator.MainActivity" image="hibernator"/>

	<!-- hoopla -->
	<AppIcon name="com.hoopladigital.android/com.hoopladigital.android.ui.activity.SplashScreenActivity" image="hoopla"/>

	<!-- Libby -->
	<AppIcon name="com.overdrive.mobile.android.libby/com.overdrive.mobile.android.nautilus.ui.Activity_Main" image="libby"/>

	<!-- Lithium -->
	<AppIcon name="com.faultexception.reader/com.faultexception.reader.MainActivity" image="lithium"/>

	<!-- My Location -->
	<AppIcon name="com.mirfatif.mylocation/com.mirfatif.mylocation.MainActivity" image="my_location"/>

	<!-- Night Mode -->
	<AppIcon name="io.github.subhamtyagi.nightmode/io.github.subhamtyagi.nightmode.LandingPage" image="night_mode"/>

	<!-- Office Documents Viewer -->
	<AppIcon name="de.joergjahnke.documentviewer.android.free/de.joergjahnke.documentviewer.android.free.MainActivityFree" image="office_documents_viewer"/>

	<!-- personalDNSfilter -->
	<AppIcon name="dnsfilter.android/dnsfilter.android.DNSProxyActivity" image="personaldnsfilter"/>

	<!-- Simple ABP -->
	<AppIcon name="mdmt.sabp/mdmt.sabp.A" image="simple_abp"/>

	<!-- Sora -->
	<AppIcon name="com.overdrive.mobile.android.sora/com.overdrive.mobile.android.nautilus.ui.Activity_Main" image="sora"/>

	<!-- Storage & USB -->
	<AppIcon name="com.enrico.filemanager/com.enrico.filemanager.MainActivity" image="storage_and_usb"/>

	<!-- Tiny Music Player -->
	<AppIcon name="com.martinmimigames.tinymusicplayer/com.martinmimigames.tinymusicplayer.Launcher" image="tiny_music_player"/>

</Theme>