<resources>

	<!-- Calendar -->
	<item component="ComponentInfo{com.samsung.android.calendar/com.android.calendar.AllInOneActivity}" drawable="calendar" />

	<!-- Contacts -->
	<item component="ComponentInfo{com.samsung.android.contacts/com.android.contacts.activities.PeopleActivity}" drawable="contacts" />

	<!-- DroidRec -->
	<item component="ComponentInfo{com.yakovlevegor.DroidRec/com.yakovlevegor.DroidRec.MainActivity}" drawable="droidrec" />

	<!-- FordActivator -->
	<item component="ComponentInfo{com.n0b0dy.fordactivator/com.n0b0dy.fordactivator.Activator}" drawable="fordactivator" />

	<!-- Gallery -->
	<item component="ComponentInfo{com.sec.android.gallery3d/com.sec.android.gallery3d.app.GalleryOpaqueActivity}" drawable="gallery" />

	<!-- My Files -->
	<item component="ComponentInfo{com.sec.android.app.myfiles/com.sec.android.app.myfiles.common.MainActivity}" drawable="my_files" />

	<!-- Oblique Strategies -->
	<item component="ComponentInfo{garden.lina.oblique_strategies/garden.lina.oblique_strategies.MainActivity}" drawable="oblique_strategies" />

	<!-- Phone -->
	<item component="ComponentInfo{com.samsung.android.contacts/com.android.dialer.DialtactsActivity}" drawable="phone" />

	<!-- PixelDroid -->
	<item component="ComponentInfo{org.pixeldroid.app/org.pixeldroid.app.MainActivity}" drawable="pixeldroid" />

	<!-- Psiphon Pro -->
	<item component="ComponentInfo{com.psiphon3.subscription/com.psiphon3.MainActivity}" drawable="psiphon_pro" />

</resources>