<Theme version="1">

	<!-- Calendar -->
	<AppIcon name="com.samsung.android.calendar/com.android.calendar.AllInOneActivity" image="calendar"/>

	<!-- Contacts -->
	<AppIcon name="com.samsung.android.contacts/com.android.contacts.activities.PeopleActivity" image="contacts"/>

	<!-- DroidRec -->
	<AppIcon name="com.yakovlevegor.DroidRec/com.yakovlevegor.DroidRec.MainActivity" image="droidrec"/>

	<!-- FordActivator -->
	<AppIcon name="com.n0b0dy.fordactivator/com.n0b0dy.fordactivator.Activator" image="fordactivator"/>

	<!-- Gallery -->
	<AppIcon name="com.sec.android.gallery3d/com.sec.android.gallery3d.app.GalleryOpaqueActivity" image="gallery"/>

	<!-- My Files -->
	<AppIcon name="com.sec.android.app.myfiles/com.sec.android.app.myfiles.common.MainActivity" image="my_files"/>

	<!-- Oblique Strategies -->
	<AppIcon name="garden.lina.oblique_strategies/garden.lina.oblique_strategies.MainActivity" image="oblique_strategies"/>

	<!-- Phone -->
	<AppIcon name="com.samsung.android.contacts/com.android.dialer.DialtactsActivity" image="phone"/>

	<!-- PixelDroid -->
	<AppIcon name="org.pixeldroid.app/org.pixeldroid.app.MainActivity" image="pixeldroid"/>

	<!-- Psiphon Pro -->
	<AppIcon name="com.psiphon3.subscription/com.psiphon3.MainActivity" image="psiphon_pro"/>

</Theme>