<resources>

	<!-- Amazon -->
	<item component="ComponentInfo{in.amazon.mShop.android.shopping/com.amazon.mShop.home.HomeActivity}" drawable="amazon" />

	<!-- Ampere -->
	<item component="ComponentInfo{com.gombosdev.ampere/com.gombosdev.ampere.MainActivity}" drawable="ampere" />

	<!-- Clock -->
	<item component="ComponentInfo{com.android.deskclock/com.android.deskclock.DeskClockTabActivity}" drawable="clock" />

	<!-- Gallery -->
	<item component="ComponentInfo{com.miui.gallery/com.miui.gallery.activity.HomePageActivity}" drawable="gallery" />

	<!-- Lenskart -->
	<item component="ComponentInfo{com.lenskart.app/com.lenskart.app.main.ui.SplashActivity}" drawable="lenskart" />

	<!-- Mi Remote -->
	<item component="ComponentInfo{com.duokan.phone.remotecontroller/com.xiaomi.mitv.phone.remotecontroller.HoriWidgetMainActivityV2}" drawable="mi_remote" />

	<!-- Myntra -->
	<item component="ComponentInfo{com.myntra.android/com.myntra.android.activities.react.ReactActivity}" drawable="myntra" />

	<!-- Outlook Lite -->
	<item component="ComponentInfo{com.microsoft.outlooklite/com.microsoft.outlooklite.sms.SmsMainActivity}" drawable="outlook_lite" />

	<!-- Screen Recorder -->
	<item component="ComponentInfo{com.miui.screenrecorder/com.miui.screenrecorder.activity.ScreenRecorderHomeActivity}" drawable="screen_recorder" />

	<!-- Spinny -->
	<item component="ComponentInfo{com.spinny.consumer/com.spinny.consumer.MainActivityregular}" drawable="spinny" />

	<!-- Themes -->
	<item component="ComponentInfo{com.android.thememanager/com.android.thememanager.ThemeResourceTabActivity}" drawable="themes" />

	<!-- TorrDroid -->
	<item component="ComponentInfo{intelligems.torrdroid/intelligems.torrdroid.MainActivity}" drawable="torrdroid" />

	<!-- Truein User -->
	<item component="ComponentInfo{com.gotruein.one/com.gotruein.one.MainActivity}" drawable="truein_user" />

	<!-- XPlayer - Video Player -->
	<item component="ComponentInfo{video.player.videoplayer/com.inshot.xplayer.activities.SplashActivity}" drawable="xplayer_video_player" />

	<!-- YMusic -->
	<item component="ComponentInfo{com.kapp.youtube.final/com.kapp.youtube.ui.MainActivity}" drawable="ymusic" />

	<!-- Yono Lite SBI -->
	<item component="ComponentInfo{com.sbi.SBIFreedomPlus/com.sbi.SBIFreedomPlus.SBIYonoLite}" drawable="yono_lite_sbi" />

	<!-- YouCam Perfect -->
	<item component="ComponentInfo{com.cyberlink.youperfect/com.cyberlink.youperfect.activity.SplashActivity}" drawable="youcam_perfect" />

	<!-- YT Music -->
	<item component="ComponentInfo{app.revanced.android.apps.youtube.music/com.google.android.apps.youtube.music.activities.MusicActivity}" drawable="yt_music" />

	<!-- Zepp -->
	<item component="ComponentInfo{com.huami.watch.hmwatchmanager/com.xiaomi.hm.health.activity.StartUpActivity}" drawable="zepp" />

</resources>