<appmap>

	<!-- Amazon -->
	<item class="com.amazon.mShop.home.HomeActivity" name="amazon"/>

	<!-- Ampere -->
	<item class="com.gombosdev.ampere.MainActivity" name="ampere"/>

	<!-- Clock -->
	<item class="com.android.deskclock.DeskClockTabActivity" name="clock"/>

	<!-- Gallery -->
	<item class="com.miui.gallery.activity.HomePageActivity" name="gallery"/>

	<!-- Lenskart -->
	<item class="com.lenskart.app.main.ui.SplashActivity" name="lenskart"/>

	<!-- Mi Remote -->
	<item class="com.xiaomi.mitv.phone.remotecontroller.HoriWidgetMainActivityV2" name="mi_remote"/>

	<!-- Myntra -->
	<item class="com.myntra.android.activities.react.ReactActivity" name="myntra"/>

	<!-- Outlook Lite -->
	<item class="com.microsoft.outlooklite.sms.SmsMainActivity" name="outlook_lite"/>

	<!-- Screen Recorder -->
	<item class="com.miui.screenrecorder.activity.ScreenRecorderHomeActivity" name="screen_recorder"/>

	<!-- Spinny -->
	<item class="com.spinny.consumer.MainActivityregular" name="spinny"/>

	<!-- Themes -->
	<item class="com.android.thememanager.ThemeResourceTabActivity" name="themes"/>

	<!-- TorrDroid -->
	<item class="intelligems.torrdroid.MainActivity" name="torrdroid"/>

	<!-- Truein User -->
	<item class="com.gotruein.one.MainActivity" name="truein_user"/>

	<!-- XPlayer - Video Player -->
	<item class="com.inshot.xplayer.activities.SplashActivity" name="xplayer_video_player"/>

	<!-- YMusic -->
	<item class="com.kapp.youtube.ui.MainActivity" name="ymusic"/>

	<!-- Yono Lite SBI -->
	<item class="com.sbi.SBIFreedomPlus.SBIYonoLite" name="yono_lite_sbi"/>

	<!-- YouCam Perfect -->
	<item class="com.cyberlink.youperfect.activity.SplashActivity" name="youcam_perfect"/>

	<!-- YT Music -->
	<item class="com.google.android.apps.youtube.music.activities.MusicActivity" name="yt_music"/>

	<!-- Zepp -->
	<item class="com.xiaomi.hm.health.activity.StartUpActivity" name="zepp"/>

</appmap>