<Theme version="1">

	<!-- Amazon -->
	<AppIcon name="in.amazon.mShop.android.shopping/com.amazon.mShop.home.HomeActivity" image="amazon"/>

	<!-- Ampere -->
	<AppIcon name="com.gombosdev.ampere/com.gombosdev.ampere.MainActivity" image="ampere"/>

	<!-- Clock -->
	<AppIcon name="com.android.deskclock/com.android.deskclock.DeskClockTabActivity" image="clock"/>

	<!-- Gallery -->
	<AppIcon name="com.miui.gallery/com.miui.gallery.activity.HomePageActivity" image="gallery"/>

	<!-- Lenskart -->
	<AppIcon name="com.lenskart.app/com.lenskart.app.main.ui.SplashActivity" image="lenskart"/>

	<!-- Mi Remote -->
	<AppIcon name="com.duokan.phone.remotecontroller/com.xiaomi.mitv.phone.remotecontroller.HoriWidgetMainActivityV2" image="mi_remote"/>

	<!-- Myntra -->
	<AppIcon name="com.myntra.android/com.myntra.android.activities.react.ReactActivity" image="myntra"/>

	<!-- Outlook Lite -->
	<AppIcon name="com.microsoft.outlooklite/com.microsoft.outlooklite.sms.SmsMainActivity" image="outlook_lite"/>

	<!-- Screen Recorder -->
	<AppIcon name="com.miui.screenrecorder/com.miui.screenrecorder.activity.ScreenRecorderHomeActivity" image="screen_recorder"/>

	<!-- Spinny -->
	<AppIcon name="com.spinny.consumer/com.spinny.consumer.MainActivityregular" image="spinny"/>

	<!-- Themes -->
	<AppIcon name="com.android.thememanager/com.android.thememanager.ThemeResourceTabActivity" image="themes"/>

	<!-- TorrDroid -->
	<AppIcon name="intelligems.torrdroid/intelligems.torrdroid.MainActivity" image="torrdroid"/>

	<!-- Truein User -->
	<AppIcon name="com.gotruein.one/com.gotruein.one.MainActivity" image="truein_user"/>

	<!-- XPlayer - Video Player -->
	<AppIcon name="video.player.videoplayer/com.inshot.xplayer.activities.SplashActivity" image="xplayer_video_player"/>

	<!-- YMusic -->
	<AppIcon name="com.kapp.youtube.final/com.kapp.youtube.ui.MainActivity" image="ymusic"/>

	<!-- Yono Lite SBI -->
	<AppIcon name="com.sbi.SBIFreedomPlus/com.sbi.SBIFreedomPlus.SBIYonoLite" image="yono_lite_sbi"/>

	<!-- YouCam Perfect -->
	<AppIcon name="com.cyberlink.youperfect/com.cyberlink.youperfect.activity.SplashActivity" image="youcam_perfect"/>

	<!-- YT Music -->
	<AppIcon name="app.revanced.android.apps.youtube.music/com.google.android.apps.youtube.music.activities.MusicActivity" image="yt_music"/>

	<!-- Zepp -->
	<AppIcon name="com.huami.watch.hmwatchmanager/com.xiaomi.hm.health.activity.StartUpActivity" image="zepp"/>

</Theme>