<resources>

	<!-- 1DM+ -->
	<item component="ComponentInfo{idm.internet.download.manager.plus/idm.internet.download.manager.MainActivity}" drawable="_1dm_" />

	<!-- Amazon -->
	<item component="ComponentInfo{in.amazon.mShop.android.shopping/com.amazon.mShop.home.HomeActivity}" drawable="amazon" />

	<!-- Audio Recorder -->
	<item component="ComponentInfo{com.github.axet.audiorecorder/com.github.axet.audiorecorder.activities.MainActivity}" drawable="audio_recorder" />

	<!-- Battery Log -->
	<item component="ComponentInfo{kr.hwangti.batterylog/kr.hwangti.batterylog.MainActivity}" drawable="battery_log" />

	<!-- ChatGPT -->
	<item component="ComponentInfo{com.openai.chatgpt/com.openai.chatgpt.MainActivity}" drawable="chatgpt" />

	<!-- Cherrygram -->
	<item component="ComponentInfo{uz.unnarsx.cherrygram/uz.unnarsx.cherrygram.CG_Icon_Cherry_NY}" drawable="cherrygram" />

	<!-- Fire TV -->
	<item component="ComponentInfo{com.amazon.storm.lightning.client.aosp/com.amazon.bison.SplashScreen}" drawable="fire_tv" />

	<!-- FKM -->
	<item component="ComponentInfo{com.franco.kernel/com.franco.kernel.activities.SplashActivity}" drawable="fkm" />

	<!-- imo Lite -->
	<item component="ComponentInfo{com.imo.android.imoimlite/com.imo.android.imoim.activities.Home}" drawable="imo_lite" />

	<!-- KeePassDX -->
	<item component="ComponentInfo{com.kunzisoft.keepass.free/com.kunzisoft.keepass.activities.FileDatabaseSelectActivity}" drawable="keepassdx" />

	<!-- LogFox -->
	<item component="ComponentInfo{com.f0x1d.logfox/com.f0x1d.logfox.ui.activity.MainActivity}" drawable="logfox" />

	<!-- Niagara Launcher -->
	<item component="ComponentInfo{bitpit.launcher/bitpit.launcher.ui.HomeActivity}" drawable="niagara_launcher" />

	<!-- PCAPdroid -->
	<item component="ComponentInfo{com.emanuelef.remote_capture/com.emanuelef.remote_capture.activities.MainActivity}" drawable="pcapdroid" />

	<!-- Photo Compare -->
	<item component="ComponentInfo{ch.want.imagecompare/ch.want.imagecompare.ui.listfolders.SelectImagePoolActivity}" drawable="photo_compare" />

	<!-- Play Deals -->
	<item component="ComponentInfo{me.sujanpoudel.playdeals/me.sujanpoudel.playdeals.MainActivity}" drawable="play_deals" />

	<!-- Scanner -->
	<item component="ComponentInfo{com.xiaomi.scanner/com.xiaomi.scanner.app.ScanActivity}" drawable="scanner" />

	<!-- Seal -->
	<item component="ComponentInfo{com.junkfood.seal/com.junkfood.seal.MainActivity}" drawable="seal" />

	<!-- Simple Play Integrity Checker -->
	<item component="ComponentInfo{com.henrikherzig.playintegritychecker/com.henrikherzig.playintegritychecker.MainActivity}" drawable="simple_play_integrity_checker" />

	<!-- Stremio -->
	<item component="ComponentInfo{com.stremio.one/com.stremio.MainActivity}" drawable="stremio" />

	<!-- Swift Backup -->
	<item component="ComponentInfo{org.swiftapps.swiftbackup/org.swiftapps.swiftbackup.intro.IntroActivity}" drawable="swift_backup" />

	<!-- UCO mBanking Plus -->
	<item component="ComponentInfo{com.lcode.ucomobilebanking/com.lcode.ucomobilebanking.UserSplashActivity}" drawable="uco_mbanking_plus" />

	<!-- Voice Search -->
	<item component="ComponentInfo{com.google.android.googlequicksearchbox/com.google.android.googlequicksearchbox.VoiceSearchActivity}" drawable="voice_search" />

	<!-- Wall You -->
	<item component="ComponentInfo{com.bnyro.wallpaper/com.bnyro.wallpaper.ui.activities.MainActivity}" drawable="wall_you" />

	<!-- X -->
	<item component="ComponentInfo{com.twitter.android/com.twitter.android.StartActivity}" drawable="x" />

</resources>