<resources>

	<!-- dgismobile -->
	<item component="ComponentInfo{ru.dublgis.dgismobile/ru.dublgis.dgismobile.GrymMobileActivity}" drawable="dgismobile" />

	<!-- avito -->
	<item component="ComponentInfo{com.avito.android/com.avito.android.Launcher}" drawable="avito" />

	<!-- Английский -->
	<item component="ComponentInfo{ru.poas.englishwords/ru.poas.englishwords.splash.SplashActivity}" drawable="englishwords" />

	<!-- Безопасность -->
	<item component="ComponentInfo{com.miui.securitycenter/com.miui.securityscan.MainActivity}" drawable="безопасность" />

	<!-- Галерея -->
	<item component="ComponentInfo{com.miui.gallery/com.miui.gallery.activity.HomePageActivity}" drawable="галерея" />

	<!-- Диктофон -->
	<item component="ComponentInfo{com.android.soundrecorder/com.android.soundrecorder.SoundRecorder}" drawable="диктофон" />

	<!-- Загрузки -->
	<item component="ComponentInfo{com.android.providers.downloads.ui/com.android.providers.downloads.ui.DownloadList}" drawable="загрузки" />

	<!-- Заметки -->
	<item component="ComponentInfo{com.miui.notes/com.miui.notes.ui.NotesListActivity}" drawable="заметки" />

	<!-- Запись экрана -->
	<item component="ComponentInfo{com.miui.screenrecorder/com.miui.screenrecorder.activity.ScreenRecorderHomeActivity}" drawable="miui_screenrecorder" />

	<!-- Календарь -->
	<item component="ComponentInfo{com.xiaomi.calendar/com.android.calendar.homepage.AllInOneActivity}" drawable="календарь" />

	<!-- Калькулятор -->
	<item component="ComponentInfo{com.miui.calculator/com.miui.calculator.cal.CalculatorActivity}" drawable="калькулятор" />

	<!-- Компас -->
	<item component="ComponentInfo{com.miui.compass/com.miui.compass.CompassActivity}" drawable="компас" />

	<!-- Мой Tele2 -->
	<item component="ComponentInfo{ru.tele2.mytele2/ru.tele2.mytele2.ui.splash.SplashActivity}" drawable="mytele2" />

	<!-- Музыка -->
	<item component="ComponentInfo{com.miui.player/com.miui.player.ui.MusicBrowserActivity}" drawable="музыка" />

	<!-- Настройки -->
	<item component="ComponentInfo{com.android.settings/com.android.settings.MainSettings}" drawable="настройки" />

	<!-- Погода -->
	<item component="ComponentInfo{com.miui.weather2/com.miui.weather2.ActivityWeatherMain}" drawable="погода" />

	<!-- Потрачено -->
	<item component="ComponentInfo{me.lucky.wasted/me.lucky.wasted.MainActivity}" drawable="lucky_wasted" />

	<!-- Сервисы и обратная связь -->
	<item component="ComponentInfo{com.miui.miservice/com.miui.miservice.main.MainActivity}" drawable="сервисы_и_обратная_связь" />

	<!-- Сканер -->
	<item component="ComponentInfo{com.xiaomi.scanner/com.xiaomi.scanner.app.ScanActivity}" drawable="сканер" />

	<!-- Сообщения -->
	<item component="ComponentInfo{com.android.mms/com.android.mms.ui.MmsTabActivity}" drawable="android_mms" />

	<!-- Телефон -->
	<item component="ComponentInfo{com.android.contacts/com.android.contacts.activities.TwelveKeyDialer}" drawable="twelve_key_dialer" />

	<!-- Темы -->
	<item component="ComponentInfo{com.android.thememanager/com.android.thememanager.ThemeResourceTabActivity}" drawable="thememanager" />

	<!-- Тинькофф -->
	<item component="ComponentInfo{com.idamob.tinkoff.android/ru.tinkoff.mb.feature.splash.bank.ui.presentation.BankSplashActivity}" drawable="тинькофф" />

	<!-- Часы -->
	<item component="ComponentInfo{com.android.deskclock/com.android.deskclock.DeskClockTabActivity}" drawable="часы" />

	<!-- AdAway -->
	<item component="ComponentInfo{org.adaway/org.adaway.ui.home.HomeActivity}" drawable="adaway" />

	<!-- BatteryCalibrate -->
	<item component="ComponentInfo{eu.roggstar.luigithehunter.batterycalibrate/eu.roggstar.batterycalibrator.MainActivity}" drawable="batterycalibrate" />

	<!-- Bitmask -->
	<item component="ComponentInfo{se.leap.bitmaskclient/se.leap.bitmaskclient.base.StartActivity}" drawable="bitmask" />

	<!-- Cheogram -->
	<item component="ComponentInfo{com.cheogram.android/eu.siacs.conversations.ui.ConversationActivity}" drawable="cheogram" />

	<!-- Cromite -->
	<item component="ComponentInfo{org.cromite.cromite/com.google.android.apps.chrome.Main}" drawable="cromite" />

	<!-- DNS Hero -->
	<item component="ComponentInfo{com.gianlu.dnshero/com.gianlu.dnshero.LoadingActivity}" drawable="dns_hero" />

	<!-- FM-радио -->
	<item component="ComponentInfo{com.miui.fm/com.miui.fmradio.FmRadioActivity}" drawable="fm_радио" />

	<!-- Hidden Settings -->
	<item component="ComponentInfo{com.netvor.hiddensettings/com.netvor.hiddensettings.LaunchActivity}" drawable="hidden_settings" />

	<!-- Hosts Editor -->
	<item component="ComponentInfo{com.nilhcem.hostseditor/com.nilhcem.hostseditor.ui.list.ListHostsActivity}" drawable="hosts_editor" />

	<!-- IR Remote -->
	<item component="ComponentInfo{us.spotco.ir_remote/org.twinone.irremote.ui.MainActivity}" drawable="ir_remote" />

	<!-- KeePassDX -->
	<item component="ComponentInfo{com.kunzisoft.keepass.free/com.kunzisoft.keepass.activities.FileDatabaseSelectActivity}" drawable="keepassdx" />

	<!-- Mi Видео -->
	<item component="ComponentInfo{com.miui.videoplayer/com.miui.video.global.app.LauncherActivity}" drawable="mi_видео" />

	<!-- OneKeePass -->
	<item component="ComponentInfo{com.onekeepassmobile/com.onekeepassmobile.MainActivity}" drawable="onekeepass" />

	<!-- PCAPdroid -->
	<item component="ComponentInfo{com.emanuelef.remote_capture/com.emanuelef.remote_capture.activities.MainActivity}" drawable="pcapdroid" />

	<!-- Pix Wallpapers -->
	<item component="ComponentInfo{com.pashapuma.pix.wallpapers/com.pashapuma.pix.wallpapers.MainActivity}" drawable="pix_wallpapers" />

	<!-- Pixel icon pack -->
	<item component="ComponentInfo{ru.pt.iconpack.pixel/ru.pt.iconpack.pixel.activities.Check_GDPR}" drawable="pixel_icon_pack" />

	<!-- Proton Drive -->
	<item component="ComponentInfo{me.proton.android.drive/me.proton.android.drive.ui.MainActivity}" drawable="proton_drive" />

	<!-- RethinkDNS -->
	<item component="ComponentInfo{com.celzero.bravedns/com.celzero.bravedns.ui.HomeScreenActivity}" drawable="rethinkdns" />

	<!-- VK mp3 mod -->
	<item component="ComponentInfo{com.vkmp3mod.android/com.vkmp3mod.android.3}" drawable="vk_mp3_mod" />

	<!-- Windscribe -->
	<item component="ComponentInfo{com.windscribe.vpn/com.windscribe.mobile.splash.SplashActivity}" drawable="windscribe" />

	<!-- Zona -->
	<item component="ComponentInfo{mobi.zona/mobi.zona.ui.MainActivity}" drawable="zona" />

</resources>