<Theme version="1">

	<!-- dgismobile -->
	<AppIcon name="ru.dublgis.dgismobile/ru.dublgis.dgismobile.GrymMobileActivity" image="dgismobile"/>

	<!-- avito -->
	<AppIcon name="com.avito.android/com.avito.android.Launcher" image="avito"/>

	<!-- Английский -->
	<AppIcon name="ru.poas.englishwords/ru.poas.englishwords.splash.SplashActivity" image="englishwords"/>

	<!-- Безопасность -->
	<AppIcon name="com.miui.securitycenter/com.miui.securityscan.MainActivity" image="безопасность"/>

	<!-- Галерея -->
	<AppIcon name="com.miui.gallery/com.miui.gallery.activity.HomePageActivity" image="галерея"/>

	<!-- Диктофон -->
	<AppIcon name="com.android.soundrecorder/com.android.soundrecorder.SoundRecorder" image="диктофон"/>

	<!-- Загрузки -->
	<AppIcon name="com.android.providers.downloads.ui/com.android.providers.downloads.ui.DownloadList" image="загрузки"/>

	<!-- Заметки -->
	<AppIcon name="com.miui.notes/com.miui.notes.ui.NotesListActivity" image="заметки"/>

	<!-- Запись экрана -->
	<AppIcon name="com.miui.screenrecorder/com.miui.screenrecorder.activity.ScreenRecorderHomeActivity" image="miui_screenrecorder"/>

	<!-- Календарь -->
	<AppIcon name="com.xiaomi.calendar/com.android.calendar.homepage.AllInOneActivity" image="календарь"/>

	<!-- Калькулятор -->
	<AppIcon name="com.miui.calculator/com.miui.calculator.cal.CalculatorActivity" image="калькулятор"/>

	<!-- Компас -->
	<AppIcon name="com.miui.compass/com.miui.compass.CompassActivity" image="компас"/>

	<!-- Мой Tele2 -->
	<AppIcon name="ru.tele2.mytele2/ru.tele2.mytele2.ui.splash.SplashActivity" image="mytele2"/>

	<!-- Музыка -->
	<AppIcon name="com.miui.player/com.miui.player.ui.MusicBrowserActivity" image="музыка"/>

	<!-- Настройки -->
	<AppIcon name="com.android.settings/com.android.settings.MainSettings" image="настройки"/>

	<!-- Погода -->
	<AppIcon name="com.miui.weather2/com.miui.weather2.ActivityWeatherMain" image="погода"/>

	<!-- Потрачено -->
	<AppIcon name="me.lucky.wasted/me.lucky.wasted.MainActivity" image="lucky_wasted"/>

	<!-- Сервисы и обратная связь -->
	<AppIcon name="com.miui.miservice/com.miui.miservice.main.MainActivity" image="сервисы_и_обратная_связь"/>

	<!-- Сканер -->
	<AppIcon name="com.xiaomi.scanner/com.xiaomi.scanner.app.ScanActivity" image="сканер"/>

	<!-- Сообщения -->
	<AppIcon name="com.android.mms/com.android.mms.ui.MmsTabActivity" image="android_mms"/>

	<!-- Телефон -->
	<AppIcon name="com.android.contacts/com.android.contacts.activities.TwelveKeyDialer" image="twelve_key_dialer"/>

	<!-- Темы -->
	<AppIcon name="com.android.thememanager/com.android.thememanager.ThemeResourceTabActivity" image="thememanager"/>

	<!-- Тинькофф -->
	<AppIcon name="com.idamob.tinkoff.android/ru.tinkoff.mb.feature.splash.bank.ui.presentation.BankSplashActivity" image="тинькофф"/>

	<!-- Часы -->
	<AppIcon name="com.android.deskclock/com.android.deskclock.DeskClockTabActivity" image="часы"/>

	<!-- AdAway -->
	<AppIcon name="org.adaway/org.adaway.ui.home.HomeActivity" image="adaway"/>

	<!-- BatteryCalibrate -->
	<AppIcon name="eu.roggstar.luigithehunter.batterycalibrate/eu.roggstar.batterycalibrator.MainActivity" image="batterycalibrate"/>

	<!-- Bitmask -->
	<AppIcon name="se.leap.bitmaskclient/se.leap.bitmaskclient.base.StartActivity" image="bitmask"/>

	<!-- Cheogram -->
	<AppIcon name="com.cheogram.android/eu.siacs.conversations.ui.ConversationActivity" image="cheogram"/>

	<!-- Cromite -->
	<AppIcon name="org.cromite.cromite/com.google.android.apps.chrome.Main" image="cromite"/>

	<!-- DNS Hero -->
	<AppIcon name="com.gianlu.dnshero/com.gianlu.dnshero.LoadingActivity" image="dns_hero"/>

	<!-- FM-радио -->
	<AppIcon name="com.miui.fm/com.miui.fmradio.FmRadioActivity" image="fm_радио"/>

	<!-- Hidden Settings -->
	<AppIcon name="com.netvor.hiddensettings/com.netvor.hiddensettings.LaunchActivity" image="hidden_settings"/>

	<!-- Hosts Editor -->
	<AppIcon name="com.nilhcem.hostseditor/com.nilhcem.hostseditor.ui.list.ListHostsActivity" image="hosts_editor"/>

	<!-- IR Remote -->
	<AppIcon name="us.spotco.ir_remote/org.twinone.irremote.ui.MainActivity" image="ir_remote"/>

	<!-- KeePassDX -->
	<AppIcon name="com.kunzisoft.keepass.free/com.kunzisoft.keepass.activities.FileDatabaseSelectActivity" image="keepassdx"/>

	<!-- Mi Видео -->
	<AppIcon name="com.miui.videoplayer/com.miui.video.global.app.LauncherActivity" image="mi_видео"/>

	<!-- OneKeePass -->
	<AppIcon name="com.onekeepassmobile/com.onekeepassmobile.MainActivity" image="onekeepass"/>

	<!-- PCAPdroid -->
	<AppIcon name="com.emanuelef.remote_capture/com.emanuelef.remote_capture.activities.MainActivity" image="pcapdroid"/>

	<!-- Pix Wallpapers -->
	<AppIcon name="com.pashapuma.pix.wallpapers/com.pashapuma.pix.wallpapers.MainActivity" image="pix_wallpapers"/>

	<!-- Pixel icon pack -->
	<AppIcon name="ru.pt.iconpack.pixel/ru.pt.iconpack.pixel.activities.Check_GDPR" image="pixel_icon_pack"/>

	<!-- Proton Drive -->
	<AppIcon name="me.proton.android.drive/me.proton.android.drive.ui.MainActivity" image="proton_drive"/>

	<!-- RethinkDNS -->
	<AppIcon name="com.celzero.bravedns/com.celzero.bravedns.ui.HomeScreenActivity" image="rethinkdns"/>

	<!-- VK mp3 mod -->
	<AppIcon name="com.vkmp3mod.android/com.vkmp3mod.android.3" image="vk_mp3_mod"/>

	<!-- Windscribe -->
	<AppIcon name="com.windscribe.vpn/com.windscribe.mobile.splash.SplashActivity" image="windscribe"/>

	<!-- Zona -->
	<AppIcon name="mobi.zona/mobi.zona.ui.MainActivity" image="zona"/>

</Theme>