<resources>

	<!-- MyAnimeList -->
	<item component="ComponentInfo{net.myanimelist.app/net.myanimelist.presentation.activity.HomeActivity}" drawable="myanimelist" />

	<!-- neutriNote CE -->
	<item component="ComponentInfo{com.appmindlab.nano/com.appmindlab.nano.IntroActivity}" drawable="neutrinote_ce" />

	<!-- OpenVPN Connect -->
	<item component="ComponentInfo{net.openvpn.openvpn/net.openvpn.unified.MainActivity}" drawable="openvpn_connect" />

	<!-- Password Keeper -->
	<item component="ComponentInfo{com.blackberry.passwordkeeper/com.blackberry.passwordkeeper.WhatsNewActivity}" drawable="password_keeper" />

	<!-- RBC Caribbean -->
	<item component="ComponentInfo{com.rbcc.mobile.android/com.rbcc.mobile.bud.activities.WelcomeActivity}" drawable="rbc_caribbean" />

	<!-- Roku -->
	<item component="ComponentInfo{com.roku.remote/com.roku.remote.ui.activities.splash.SplashActivity}" drawable="roku" />

	<!-- SpanishDictionary.com -->
	<item component="ComponentInfo{com.spanishdict.spanishdict/com.spanishdict.spanishdict.feature.HomeActivity}" drawable="spanishdictionarycom" />

	<!-- Stellarium -->
	<item component="ComponentInfo{com.noctuasoftware.stellarium_free/com.noctuasoftware.stellarium_free.Stellarium}" drawable="stellarium" />

	<!-- Subway Trinidad -->
	<item component="ComponentInfo{uk.co.hungrrr.subwaytrinidad/com.mtcmobile.whitelabel.activities.privacy_disclosure.PrivacyDisclosureActivity}" drawable="subway_trinidad" />

	<!-- Sudoku -->
	<item component="ComponentInfo{ee.dustland.android.dustlandsudoku/ee.dustland.android.dustlandsudoku.SudokuHostActivity}" drawable="sudoku" />

</resources>