<appmap>

	<!-- MyAnimeList -->
	<item class="net.myanimelist.presentation.activity.HomeActivity" name="myanimelist"/>

	<!-- neutriNote CE -->
	<item class="com.appmindlab.nano.IntroActivity" name="neutrinote_ce"/>

	<!-- OpenVPN Connect -->
	<item class="net.openvpn.unified.MainActivity" name="openvpn_connect"/>

	<!-- Password Keeper -->
	<item class="com.blackberry.passwordkeeper.WhatsNewActivity" name="password_keeper"/>

	<!-- RBC Caribbean -->
	<item class="com.rbcc.mobile.bud.activities.WelcomeActivity" name="rbc_caribbean"/>

	<!-- Roku -->
	<item class="com.roku.remote.ui.activities.splash.SplashActivity" name="roku"/>

	<!-- SpanishDictionary.com -->
	<item class="com.spanishdict.spanishdict.feature.HomeActivity" name="spanishdictionarycom"/>

	<!-- Stellarium -->
	<item class="com.noctuasoftware.stellarium_free.Stellarium" name="stellarium"/>

	<!-- Subway Trinidad -->
	<item class="com.mtcmobile.whitelabel.activities.privacy_disclosure.PrivacyDisclosureActivity" name="subway_trinidad"/>

	<!-- Sudoku -->
	<item class="ee.dustland.android.dustlandsudoku.SudokuHostActivity" name="sudoku"/>

</appmap>