<Theme version="1">

	<!-- MyAnimeList -->
	<AppIcon name="net.myanimelist.app/net.myanimelist.presentation.activity.HomeActivity" image="myanimelist"/>

	<!-- neutriNote CE -->
	<AppIcon name="com.appmindlab.nano/com.appmindlab.nano.IntroActivity" image="neutrinote_ce"/>

	<!-- OpenVPN Connect -->
	<AppIcon name="net.openvpn.openvpn/net.openvpn.unified.MainActivity" image="openvpn_connect"/>

	<!-- Password Keeper -->
	<AppIcon name="com.blackberry.passwordkeeper/com.blackberry.passwordkeeper.WhatsNewActivity" image="password_keeper"/>

	<!-- RBC Caribbean -->
	<AppIcon name="com.rbcc.mobile.android/com.rbcc.mobile.bud.activities.WelcomeActivity" image="rbc_caribbean"/>

	<!-- Roku -->
	<AppIcon name="com.roku.remote/com.roku.remote.ui.activities.splash.SplashActivity" image="roku"/>

	<!-- SpanishDictionary.com -->
	<AppIcon name="com.spanishdict.spanishdict/com.spanishdict.spanishdict.feature.HomeActivity" image="spanishdictionarycom"/>

	<!-- Stellarium -->
	<AppIcon name="com.noctuasoftware.stellarium_free/com.noctuasoftware.stellarium_free.Stellarium" image="stellarium"/>

	<!-- Subway Trinidad -->
	<AppIcon name="uk.co.hungrrr.subwaytrinidad/com.mtcmobile.whitelabel.activities.privacy_disclosure.PrivacyDisclosureActivity" image="subway_trinidad"/>

	<!-- Sudoku -->
	<AppIcon name="ee.dustland.android.dustlandsudoku/ee.dustland.android.dustlandsudoku.SudokuHostActivity" image="sudoku"/>

</Theme>