<resources>

	<!-- Alibi -->
	<item component="ComponentInfo{app.myzel394.alibi/app.myzel394.alibi.MainActivity}" drawable="alibi" />

	<!-- APK Installer -->
	<item component="ComponentInfo{com.uptodown.installer/com.uptodown.installer.activity.SplashActivity}" drawable="apk_installer" />

	<!-- APKUpdater -->
	<item component="ComponentInfo{com.apkupdater/com.apkupdater.ui.activity.MainActivity}" drawable="apkupdater" />

	<!-- CieID -->
	<item component="ComponentInfo{it.ipzs.cieid/it.ipzs.cieid.splash.SplashActivity}" drawable="cieid" />

	<!-- Cruciverba 10 Pro -->
	<item component="ComponentInfo{com.blog.deschamps.crosswords.pro/com.blog.deschamps.crosswords.activities.MainMenuActivity}" drawable="cruciverba_10_pro" />

	<!-- Inspector -->
	<item component="ComponentInfo{ussr.razar.inspector/ussr.razar.inspector.StartAc}" drawable="inspector" />

	<!-- MiX -->
	<item component="ComponentInfo{com.mixplorer.silver/com.mixplorer.activities.BrowseActivity}" drawable="mix" />

	<!-- Neo Store -->
	<item component="ComponentInfo{com.machiav3lli.fdroid/com.machiav3lli.fdroid.ui.activities.MainActivityX}" drawable="neo_store" />

	<!-- NetGuard -->
	<item component="ComponentInfo{eu.faircode.netguard/eu.faircode.netguard.ActivityMain}" drawable="netguard" />

	<!-- Neutron Player -->
	<item component="ComponentInfo{com.neutroncode.mp/com.neutroncode.mp.NeutronMPCore}" drawable="neutron_player" />

	<!-- Quillpad -->
	<item component="ComponentInfo{io.github.quillpad/org.qosp.notes.ui.MainActivity}" drawable="quillpad" />

	<!-- RE Equalizer -->
	<item component="ComponentInfo{com.wiseschematics.reeq01/com.wiseschematics.reeq01.EQ}" drawable="re_equalizer" />

	<!-- Runner -->
	<item component="ComponentInfo{ir.lydia.runner/ir.lydia.runner.SplashScreen}" drawable="runner" />

	<!-- SD Maid SE -->
	<item component="ComponentInfo{eu.darken.sdmse/eu.darken.sdmse.main.ui.MainActivity}" drawable="sd_maid_se" />

	<!-- Seal -->
	<item component="ComponentInfo{com.junkfood.seal/com.junkfood.seal.MainActivity}" drawable="seal" />

	<!-- Simple Battery Graph -->
	<item component="ComponentInfo{com.saltpp.simplebatterygraph2/com.saltpp.simplebatterygraph2.SimpleBatteryGraphActivity}" drawable="simple_battery_graph" />

	<!-- STARS -->
	<item component="ComponentInfo{com.maxelus.livewallpaper.stars/com.justzht.unity.lwp.activity.LiveWallpaperLauncherRedirectActivity}" drawable="stars" />

	<!-- SuperFreezZ -->
	<item component="ComponentInfo{superfreeze.tool.android/superfreeze.tool.android.userInterface.mainActivity.MainActivity}" drawable="superfreezz" />

	<!-- Total Launcher -->
	<item component="ComponentInfo{com.ss.launcher2/com.ss.launcher2.MainActivity}" drawable="total_launcher" />

	<!-- YTDLnis -->
	<item component="ComponentInfo{com.deniscerri.ytdl/com.deniscerri.ytdlnis.Default}" drawable="ytdlnis" />

</resources>