<appmap>

	<!-- Alibi -->
	<item class="app.myzel394.alibi.MainActivity" name="alibi"/>

	<!-- APK Installer -->
	<item class="com.uptodown.installer.activity.SplashActivity" name="apk_installer"/>

	<!-- APKUpdater -->
	<item class="com.apkupdater.ui.activity.MainActivity" name="apkupdater"/>

	<!-- CieID -->
	<item class="it.ipzs.cieid.splash.SplashActivity" name="cieid"/>

	<!-- Cruciverba 10 Pro -->
	<item class="com.blog.deschamps.crosswords.activities.MainMenuActivity" name="cruciverba_10_pro"/>

	<!-- Inspector -->
	<item class="ussr.razar.inspector.StartAc" name="inspector"/>

	<!-- MiX -->
	<item class="com.mixplorer.activities.BrowseActivity" name="mix"/>

	<!-- Neo Store -->
	<item class="com.machiav3lli.fdroid.ui.activities.MainActivityX" name="neo_store"/>

	<!-- NetGuard -->
	<item class="eu.faircode.netguard.ActivityMain" name="netguard"/>

	<!-- Neutron Player -->
	<item class="com.neutroncode.mp.NeutronMPCore" name="neutron_player"/>

	<!-- Quillpad -->
	<item class="org.qosp.notes.ui.MainActivity" name="quillpad"/>

	<!-- RE Equalizer -->
	<item class="com.wiseschematics.reeq01.EQ" name="re_equalizer"/>

	<!-- Runner -->
	<item class="ir.lydia.runner.SplashScreen" name="runner"/>

	<!-- SD Maid SE -->
	<item class="eu.darken.sdmse.main.ui.MainActivity" name="sd_maid_se"/>

	<!-- Seal -->
	<item class="com.junkfood.seal.MainActivity" name="seal"/>

	<!-- Simple Battery Graph -->
	<item class="com.saltpp.simplebatterygraph2.SimpleBatteryGraphActivity" name="simple_battery_graph"/>

	<!-- STARS -->
	<item class="com.justzht.unity.lwp.activity.LiveWallpaperLauncherRedirectActivity" name="stars"/>

	<!-- SuperFreezZ -->
	<item class="superfreeze.tool.android.userInterface.mainActivity.MainActivity" name="superfreezz"/>

	<!-- Total Launcher -->
	<item class="com.ss.launcher2.MainActivity" name="total_launcher"/>

	<!-- YTDLnis -->
	<item class="com.deniscerri.ytdlnis.Default" name="ytdlnis"/>

</appmap>