<Theme version="1">

	<!-- Alibi -->
	<AppIcon name="app.myzel394.alibi/app.myzel394.alibi.MainActivity" image="alibi"/>

	<!-- APK Installer -->
	<AppIcon name="com.uptodown.installer/com.uptodown.installer.activity.SplashActivity" image="apk_installer"/>

	<!-- APKUpdater -->
	<AppIcon name="com.apkupdater/com.apkupdater.ui.activity.MainActivity" image="apkupdater"/>

	<!-- CieID -->
	<AppIcon name="it.ipzs.cieid/it.ipzs.cieid.splash.SplashActivity" image="cieid"/>

	<!-- Cruciverba 10 Pro -->
	<AppIcon name="com.blog.deschamps.crosswords.pro/com.blog.deschamps.crosswords.activities.MainMenuActivity" image="cruciverba_10_pro"/>

	<!-- Inspector -->
	<AppIcon name="ussr.razar.inspector/ussr.razar.inspector.StartAc" image="inspector"/>

	<!-- MiX -->
	<AppIcon name="com.mixplorer.silver/com.mixplorer.activities.BrowseActivity" image="mix"/>

	<!-- Neo Store -->
	<AppIcon name="com.machiav3lli.fdroid/com.machiav3lli.fdroid.ui.activities.MainActivityX" image="neo_store"/>

	<!-- NetGuard -->
	<AppIcon name="eu.faircode.netguard/eu.faircode.netguard.ActivityMain" image="netguard"/>

	<!-- Neutron Player -->
	<AppIcon name="com.neutroncode.mp/com.neutroncode.mp.NeutronMPCore" image="neutron_player"/>

	<!-- Quillpad -->
	<AppIcon name="io.github.quillpad/org.qosp.notes.ui.MainActivity" image="quillpad"/>

	<!-- RE Equalizer -->
	<AppIcon name="com.wiseschematics.reeq01/com.wiseschematics.reeq01.EQ" image="re_equalizer"/>

	<!-- Runner -->
	<AppIcon name="ir.lydia.runner/ir.lydia.runner.SplashScreen" image="runner"/>

	<!-- SD Maid SE -->
	<AppIcon name="eu.darken.sdmse/eu.darken.sdmse.main.ui.MainActivity" image="sd_maid_se"/>

	<!-- Seal -->
	<AppIcon name="com.junkfood.seal/com.junkfood.seal.MainActivity" image="seal"/>

	<!-- Simple Battery Graph -->
	<AppIcon name="com.saltpp.simplebatterygraph2/com.saltpp.simplebatterygraph2.SimpleBatteryGraphActivity" image="simple_battery_graph"/>

	<!-- STARS -->
	<AppIcon name="com.maxelus.livewallpaper.stars/com.justzht.unity.lwp.activity.LiveWallpaperLauncherRedirectActivity" image="stars"/>

	<!-- SuperFreezZ -->
	<AppIcon name="superfreeze.tool.android/superfreeze.tool.android.userInterface.mainActivity.MainActivity" image="superfreezz"/>

	<!-- Total Launcher -->
	<AppIcon name="com.ss.launcher2/com.ss.launcher2.MainActivity" image="total_launcher"/>

	<!-- YTDLnis -->
	<AppIcon name="com.deniscerri.ytdl/com.deniscerri.ytdlnis.Default" image="ytdlnis"/>

</Theme>