<resources>

	<!-- Akulaku -->
	<item component="ComponentInfo{io.silvrr.installment/io.silvrr.installment.module.startup.SplashActivity}" drawable="akulaku" />

	<!-- CoinEx -->
	<item component="ComponentInfo{com.coinex.trade.play/com.coinex.trade.modules.SplashActivity}" drawable="coinex" />

	<!-- FitCloudPro -->
	<item component="ComponentInfo{com.topstep.fitcloudpro/com.topstep.fitcloud.pro.ui.LaunchActivity}" drawable="fitcloudpro" />

	<!-- Get Rich -->
	<item component="ComponentInfo{com.linecorp.LGGRTHN/com.linecorp.LGMARBLE.LGMARBLE}" drawable="get_rich" />

	<!-- Kompas -->
	<item component="ComponentInfo{com.ktwapps.digitalcompass/com.ktwapps.digitalcompass.MainActivity}" drawable="kompas" />

	<!-- Krom -->
	<item component="ComponentInfo{com.krom.android/com.krom.android.ui.splash.GPlayCheckActivity}" drawable="krom" />

	<!-- MicroG -->
	<item component="ComponentInfo{com.gold.android.gms/org.microg.gms.ui.SettingsActivity}" drawable="microg" />

	<!-- QR/Barcode Scanner Pro -->
	<item component="ComponentInfo{com.barcode.qrcode.scanner.reader.pro/com.barcode.qrcode.scanner.reader.pro.activity.MainActivity}" drawable="qr_barcode_scanner_pro" />

	<!-- Tokocrypto -->
	<item component="ComponentInfo{com.binance.cloud.tokocrypto/binance.app.main.module.StartActivity}" drawable="tokocrypto" />

	<!-- U-Dictionary -->
	<item component="ComponentInfo{com.youdao.hindict/com.youdao.hindict.activity.SplashActivity}" drawable="u_dictionary" />

	<!-- WAMR -->
	<item component="ComponentInfo{com.drilens.wamr/com.drilens.wamr.MainActivity}" drawable="wamr" />

	<!-- 王者荣耀 -->
	<item component="ComponentInfo{com.tencent.tmgp.sgame/com.tencent.tmgp.sgame.SGameActivity}" drawable="王者荣耀" />

</resources>