<Theme version="1">

	<!-- Akulaku -->
	<AppIcon name="io.silvrr.installment/io.silvrr.installment.module.startup.SplashActivity" image="akulaku"/>

	<!-- CoinEx -->
	<AppIcon name="com.coinex.trade.play/com.coinex.trade.modules.SplashActivity" image="coinex"/>

	<!-- FitCloudPro -->
	<AppIcon name="com.topstep.fitcloudpro/com.topstep.fitcloud.pro.ui.LaunchActivity" image="fitcloudpro"/>

	<!-- Get Rich -->
	<AppIcon name="com.linecorp.LGGRTHN/com.linecorp.LGMARBLE.LGMARBLE" image="get_rich"/>

	<!-- Kompas -->
	<AppIcon name="com.ktwapps.digitalcompass/com.ktwapps.digitalcompass.MainActivity" image="kompas"/>

	<!-- Krom -->
	<AppIcon name="com.krom.android/com.krom.android.ui.splash.GPlayCheckActivity" image="krom"/>

	<!-- MicroG -->
	<AppIcon name="com.gold.android.gms/org.microg.gms.ui.SettingsActivity" image="microg"/>

	<!-- QR/Barcode Scanner Pro -->
	<AppIcon name="com.barcode.qrcode.scanner.reader.pro/com.barcode.qrcode.scanner.reader.pro.activity.MainActivity" image="qr_barcode_scanner_pro"/>

	<!-- Tokocrypto -->
	<AppIcon name="com.binance.cloud.tokocrypto/binance.app.main.module.StartActivity" image="tokocrypto"/>

	<!-- U-Dictionary -->
	<AppIcon name="com.youdao.hindict/com.youdao.hindict.activity.SplashActivity" image="u_dictionary"/>

	<!-- WAMR -->
	<AppIcon name="com.drilens.wamr/com.drilens.wamr.MainActivity" image="wamr"/>

	<!-- 王者荣耀 -->
	<AppIcon name="com.tencent.tmgp.sgame/com.tencent.tmgp.sgame.SGameActivity" image="王者荣耀"/>

</Theme>