<resources>

	<!-- AccuBattery -->
	<item component="ComponentInfo{com.digibites.accubattery/com.digibites.abatterysaver.BatterySaverActivity}" drawable="accubattery" />

	<!-- Ango icons -->
	<item component="ComponentInfo{com.maxpatchs.ango/com.maxpatchs.ango.activities.SplashActivity}" drawable="ango_icons" />

	<!-- AppBar -->
	<item component="ComponentInfo{rk.android.app.appbar/rk.android.app.appbar.activities.launch.LaunchActivity}" drawable="appbar" />

	<!-- AppDrop -->
	<item component="ComponentInfo{com.bulk.uninstall/com.bulk.uninstall.main.LauncherActivity}" drawable="appdrop" />

	<!-- Battery Meter Overlay -->
	<item component="ComponentInfo{jp.gr.java_conf.soboku.batterymeter/jp.gr.java_conf.soboku.batterymeter.ui.SettingsActivity}" drawable="battery_meter_overlay" />

	<!-- Black Army Omni -->
	<item component="ComponentInfo{com.osheden.blackarmy.omni/com.osheden.blackarmy.omni.activities.SplashActivity}" drawable="black_army_omni" />

	<!-- Black Screen -->
	<item component="ComponentInfo{io.japp.blackscreen/io.japp.blackscreen.ui.MainActivity}" drawable="black_screen" />

	<!-- BLINK -->
	<item component="ComponentInfo{com.saveyoureyesfromdying.blink/com.saveyoureyesfromdying.blink.MainActivity}" drawable="blink" />

	<!-- Blue Light Filter -->
	<item component="ComponentInfo{com.eyefilter.nightmode.bluelightfilter/com.eyefilter.nightmode.bluelightfilter.ui.WelcomeActivity}" drawable="blue_light_filter" />

	<!-- Calendar -->
	<item component="ComponentInfo{com.samsung.android.calendar/com.android.calendar.AllInOneActivity}" drawable="calendar" />

	<!-- Contacts -->
	<item component="ComponentInfo{com.samsung.android.contacts/com.android.contacts.activities.PeopleActivity}" drawable="contacts" />

	<!-- Crowd Evolution! -->
	<item component="ComponentInfo{com.longhorn.countmasterevo/com.unity3d.player.UnityPlayerActivity}" drawable="crowd_evolution_" />

	<!-- Daily Quotes Widget -->
	<item component="ComponentInfo{com.lstapps.dailymotivationalquotewidget/com.lstapps.dailymotivationalquotewidget.MainActivity}" drawable="daily_quotes_widget" />

	<!-- Dialer -->
	<item component="ComponentInfo{com.goodwy.dialer/com.goodwy.dialer.activities.SplashActivity.Orange}" drawable="dialer" />

	<!-- Distraction Free -->
	<item component="ComponentInfo{com.osheden.distraction.free.icon.pack/com.osheden.distraction.free.icon.pack.activities.SplashActivity}" drawable="distraction_free" />

	<!-- Dockalizer -->
	<item component="ComponentInfo{color.dev.com.beige/color.dev.com.beige.Splash}" drawable="dockalizer" />

	<!-- Download Progress++ -->
	<item component="ComponentInfo{com.ceco.sbdp.pro/com.ceco.sbdp.pro.Settings}" drawable="download_progress_" />

	<!-- DualWallpaper -->
	<item component="ComponentInfo{de.dlyt.yanndroid.dualwallpaper/de.dlyt.yanndroid.dualwallpaper.ui.activity.MainActivity}" drawable="dualwallpaper" />

	<!-- Energy Bar -->
	<item component="ComponentInfo{you.in.spark.energy/you.in.spark.energy.WelcomeScreen}" drawable="energy_bar" />

	<!-- Fine Lock -->
	<item component="ComponentInfo{yuh.yuh.finelock/yuh.yuh.finelock.T}" drawable="fine_lock" />

	<!-- FNG -->
	<item component="ComponentInfo{com.fb.fluid/com.fb.fluid.ui.ActivitySettings}" drawable="fng" />

	<!-- Gallery -->
	<item component="ComponentInfo{com.sec.android.gallery3d/com.sec.android.gallery3d.app.GalleryOpaqueActivity}" drawable="gallery" />

	<!-- Key Mapper -->
	<item component="ComponentInfo{io.github.sds100.keymapper/io.github.sds100.keymapper.SplashActivity}" drawable="key_mapper" />

	<!-- Klepon Wheel -->
	<item component="ComponentInfo{com.bandot.klepon.wheel.darkiconpack/com.bandot.klepon.wheel.darkiconpack.activities.SplashActivity}" drawable="klepon_wheel" />

	<!-- Launcher Ops -->
	<item component="ComponentInfo{com.flea.gsd.flea/com.flea.gsd.activities.MainActivity}" drawable="launcher_ops" />

	<!-- Lena -->
	<item component="ComponentInfo{one4studio.iconpack.lena/com.candybar.dev.activities.SplashActivity}" drawable="lena" />

	<!-- LinkSheet -->
	<item component="ComponentInfo{fe.linksheet/fe.linksheet.activity.MainActivity}" drawable="linksheet" />

	<!-- Mahjong -->
	<item component="ComponentInfo{com.microsoft.mahjong/com.smokingguninc.engine.framework.SgiLauncherActivity}" drawable="mahjong" />

	<!-- Meeye -->
	<item component="ComponentInfo{com.yeyebbc.play.meeye.iconpack/com.yeyebbc.play.meeye.iconpack.activities.SplashActivity}" drawable="meeye" />

	<!-- Memo -->
	<item component="ComponentInfo{com.samsung.android.app.memo/com.samsung.android.app.memo.Main}" drawable="memo" />

	<!-- Midnight Dark - Icon Pack -->
	<item component="ComponentInfo{com.italiano.midnightdark/com.italiano.midnightdark.activities.MainActivity}" drawable="midnight_dark_icon_pack" />

	<!-- MiMax Black -->
	<item component="ComponentInfo{com.eatos.mpux.black/com.eatos.mpux.black.MainActivity}" drawable="mimax_black" />

	<!-- Muviz -->
	<item component="ComponentInfo{com.perfectapps.muviz/com.perfectapps.muviz.activity.HomeActivity}" drawable="muviz" />

	<!-- My Files -->
	<item component="ComponentInfo{com.sec.android.app.myfiles/com.sec.android.app.myfiles.common.MainActivity}" drawable="my_files" />

	<!-- Notisave -->
	<item component="ComponentInfo{com.tenqube.notisave/com.tenqube.notisave.presentation.splash.SplashActivity}" drawable="notisave" />

	<!-- Nuts Vol Booster -->
	<item component="ComponentInfo{volume.booster.soundamplifier/com.coocent.theme.volumebooster.activity.SplashActivity}" drawable="nuts_vol_booster" />

	<!-- Orgi -->
	<item component="ComponentInfo{com.atanusanyal.orgi/com.atanusanyal.orgi.activities.SplashActivity}" drawable="orgi" />

	<!-- Oto Music -->
	<item component="ComponentInfo{com.piyush.music/com.piyush.music.activities.main.MainActivity}" drawable="oto_music" />

	<!-- Phone -->
	<item component="ComponentInfo{com.samsung.android.contacts/com.android.dialer.DialtactsActivity}" drawable="phone" />

	<!-- ReZ Launcher -->
	<item component="ComponentInfo{com.perryoncrack.rez/com.perryoncrack.rez.MainActivity}" drawable="rez_launcher" />

	<!-- ScreenshotGo -->
	<item component="ComponentInfo{org.mozilla.screenshot.go/org.mozilla.scryer.MainActivity}" drawable="screenshotgo" />

	<!-- SD Maid SE -->
	<item component="ComponentInfo{eu.darken.sdmse/eu.darken.sdmse.main.ui.MainActivity}" drawable="sd_maid_se" />

	<!-- Secure Folder -->
	<item component="ComponentInfo{com.samsung.knox.securefolder/com.samsung.knox.securefolder.switcher.SecureFolderShortcutActivity}" drawable="secure_folder" />

	<!-- Simplified -->
	<item component="ComponentInfo{com.simplified.reborn/com.simplified.reborn.activities.SplashActivity}" drawable="simplified" />

	<!-- StayFree -->
	<item component="ComponentInfo{com.burockgames.timeclocker/com.burockgames.timeclocker.main.MainActivity}" drawable="stayfree" />

	<!-- Super Status Bar -->
	<item component="ComponentInfo{com.tombayley.statusbar/com.tombayley.statusbar.app.ui.home.MainActivity}" drawable="super_status_bar" />

	<!-- Transparency - Icon Pack -->
	<item component="ComponentInfo{com.italiano.transparency/com.italiano.transparency.activities.MainActivity}" drawable="transparency_icon_pack" />

	<!-- True Amps -->
	<item component="ComponentInfo{com.newgen.trueamps/com.newgen.trueamps.activities.PreferencesActivity}" drawable="true_amps" />

	<!-- Ultra Volume -->
	<item component="ComponentInfo{com.treydev.volume/com.zipoapps.premiumhelper.ui.splash.PHSplashActivity}" drawable="ultra_volume" />

	<!-- Vinty -->
	<item component="ComponentInfo{com.esethnet.vinty/com.esethnet.vinty.LicenseActivity}" drawable="vinty" />

	<!-- الشفيع -->
	<item component="ComponentInfo{salah.rasoulallah.com/salah.rasoulallah.com.MainActivity}" drawable="الشفيع" />

	<!-- القرأن الكريم قراءة واستماع -->
	<item component="ComponentInfo{alamin.mohamed.islam.app.qurankarim.lireandlisten/alamin.mohamed.islam.app.qurankarim.lireandlisten.splash_screen}" drawable="القرأن_الكريم_قراءة_واستماع" />

	<!-- نختم -->
	<item component="ComponentInfo{com.karim.khatma/com.karim.khatma.run}" drawable="نختم" />

</resources>