<appmap>

	<!-- AccuBattery -->
	<item class="com.digibites.abatterysaver.BatterySaverActivity" name="accubattery"/>

	<!-- Ango icons -->
	<item class="com.maxpatchs.ango.activities.SplashActivity" name="ango_icons"/>

	<!-- AppBar -->
	<item class="rk.android.app.appbar.activities.launch.LaunchActivity" name="appbar"/>

	<!-- AppDrop -->
	<item class="com.bulk.uninstall.main.LauncherActivity" name="appdrop"/>

	<!-- Battery Meter Overlay -->
	<item class="jp.gr.java_conf.soboku.batterymeter.ui.SettingsActivity" name="battery_meter_overlay"/>

	<!-- Black Army Omni -->
	<item class="com.osheden.blackarmy.omni.activities.SplashActivity" name="black_army_omni"/>

	<!-- Black Screen -->
	<item class="io.japp.blackscreen.ui.MainActivity" name="black_screen"/>

	<!-- BLINK -->
	<item class="com.saveyoureyesfromdying.blink.MainActivity" name="blink"/>

	<!-- Blue Light Filter -->
	<item class="com.eyefilter.nightmode.bluelightfilter.ui.WelcomeActivity" name="blue_light_filter"/>

	<!-- Calendar -->
	<item class="com.android.calendar.AllInOneActivity" name="calendar"/>

	<!-- Contacts -->
	<item class="com.android.contacts.activities.PeopleActivity" name="contacts"/>

	<!-- Crowd Evolution! -->
	<item class="com.unity3d.player.UnityPlayerActivity" name="crowd_evolution_"/>

	<!-- Daily Quotes Widget -->
	<item class="com.lstapps.dailymotivationalquotewidget.MainActivity" name="daily_quotes_widget"/>

	<!-- Dialer -->
	<item class="com.goodwy.dialer.activities.SplashActivity.Orange" name="dialer"/>

	<!-- Distraction Free -->
	<item class="com.osheden.distraction.free.icon.pack.activities.SplashActivity" name="distraction_free"/>

	<!-- Dockalizer -->
	<item class="color.dev.com.beige.Splash" name="dockalizer"/>

	<!-- Download Progress++ -->
	<item class="com.ceco.sbdp.pro.Settings" name="download_progress_"/>

	<!-- DualWallpaper -->
	<item class="de.dlyt.yanndroid.dualwallpaper.ui.activity.MainActivity" name="dualwallpaper"/>

	<!-- Energy Bar -->
	<item class="you.in.spark.energy.WelcomeScreen" name="energy_bar"/>

	<!-- Fine Lock -->
	<item class="yuh.yuh.finelock.T" name="fine_lock"/>

	<!-- FNG -->
	<item class="com.fb.fluid.ui.ActivitySettings" name="fng"/>

	<!-- Gallery -->
	<item class="com.sec.android.gallery3d.app.GalleryOpaqueActivity" name="gallery"/>

	<!-- Key Mapper -->
	<item class="io.github.sds100.keymapper.SplashActivity" name="key_mapper"/>

	<!-- Klepon Wheel -->
	<item class="com.bandot.klepon.wheel.darkiconpack.activities.SplashActivity" name="klepon_wheel"/>

	<!-- Launcher Ops -->
	<item class="com.flea.gsd.activities.MainActivity" name="launcher_ops"/>

	<!-- Lena -->
	<item class="com.candybar.dev.activities.SplashActivity" name="lena"/>

	<!-- LinkSheet -->
	<item class="fe.linksheet.activity.MainActivity" name="linksheet"/>

	<!-- Mahjong -->
	<item class="com.smokingguninc.engine.framework.SgiLauncherActivity" name="mahjong"/>

	<!-- Meeye -->
	<item class="com.yeyebbc.play.meeye.iconpack.activities.SplashActivity" name="meeye"/>

	<!-- Memo -->
	<item class="com.samsung.android.app.memo.Main" name="memo"/>

	<!-- Midnight Dark - Icon Pack -->
	<item class="com.italiano.midnightdark.activities.MainActivity" name="midnight_dark_icon_pack"/>

	<!-- MiMax Black -->
	<item class="com.eatos.mpux.black.MainActivity" name="mimax_black"/>

	<!-- Muviz -->
	<item class="com.perfectapps.muviz.activity.HomeActivity" name="muviz"/>

	<!-- My Files -->
	<item class="com.sec.android.app.myfiles.common.MainActivity" name="my_files"/>

	<!-- Notisave -->
	<item class="com.tenqube.notisave.presentation.splash.SplashActivity" name="notisave"/>

	<!-- Nuts Vol Booster -->
	<item class="com.coocent.theme.volumebooster.activity.SplashActivity" name="nuts_vol_booster"/>

	<!-- Orgi -->
	<item class="com.atanusanyal.orgi.activities.SplashActivity" name="orgi"/>

	<!-- Oto Music -->
	<item class="com.piyush.music.activities.main.MainActivity" name="oto_music"/>

	<!-- Phone -->
	<item class="com.android.dialer.DialtactsActivity" name="phone"/>

	<!-- ReZ Launcher -->
	<item class="com.perryoncrack.rez.MainActivity" name="rez_launcher"/>

	<!-- ScreenshotGo -->
	<item class="org.mozilla.scryer.MainActivity" name="screenshotgo"/>

	<!-- SD Maid SE -->
	<item class="eu.darken.sdmse.main.ui.MainActivity" name="sd_maid_se"/>

	<!-- Secure Folder -->
	<item class="com.samsung.knox.securefolder.switcher.SecureFolderShortcutActivity" name="secure_folder"/>

	<!-- Simplified -->
	<item class="com.simplified.reborn.activities.SplashActivity" name="simplified"/>

	<!-- StayFree -->
	<item class="com.burockgames.timeclocker.main.MainActivity" name="stayfree"/>

	<!-- Super Status Bar -->
	<item class="com.tombayley.statusbar.app.ui.home.MainActivity" name="super_status_bar"/>

	<!-- Transparency - Icon Pack -->
	<item class="com.italiano.transparency.activities.MainActivity" name="transparency_icon_pack"/>

	<!-- True Amps -->
	<item class="com.newgen.trueamps.activities.PreferencesActivity" name="true_amps"/>

	<!-- Ultra Volume -->
	<item class="com.zipoapps.premiumhelper.ui.splash.PHSplashActivity" name="ultra_volume"/>

	<!-- Vinty -->
	<item class="com.esethnet.vinty.LicenseActivity" name="vinty"/>

	<!-- الشفيع -->
	<item class="salah.rasoulallah.com.MainActivity" name="الشفيع"/>

	<!-- القرأن الكريم قراءة واستماع -->
	<item class="alamin.mohamed.islam.app.qurankarim.lireandlisten.splash_screen" name="القرأن_الكريم_قراءة_واستماع"/>

	<!-- نختم -->
	<item class="com.karim.khatma.run" name="نختم"/>

</appmap>