<Theme version="1">

	<!-- AccuBattery -->
	<AppIcon name="com.digibites.accubattery/com.digibites.abatterysaver.BatterySaverActivity" image="accubattery"/>

	<!-- Ango icons -->
	<AppIcon name="com.maxpatchs.ango/com.maxpatchs.ango.activities.SplashActivity" image="ango_icons"/>

	<!-- AppBar -->
	<AppIcon name="rk.android.app.appbar/rk.android.app.appbar.activities.launch.LaunchActivity" image="appbar"/>

	<!-- AppDrop -->
	<AppIcon name="com.bulk.uninstall/com.bulk.uninstall.main.LauncherActivity" image="appdrop"/>

	<!-- Battery Meter Overlay -->
	<AppIcon name="jp.gr.java_conf.soboku.batterymeter/jp.gr.java_conf.soboku.batterymeter.ui.SettingsActivity" image="battery_meter_overlay"/>

	<!-- Black Army Omni -->
	<AppIcon name="com.osheden.blackarmy.omni/com.osheden.blackarmy.omni.activities.SplashActivity" image="black_army_omni"/>

	<!-- Black Screen -->
	<AppIcon name="io.japp.blackscreen/io.japp.blackscreen.ui.MainActivity" image="black_screen"/>

	<!-- BLINK -->
	<AppIcon name="com.saveyoureyesfromdying.blink/com.saveyoureyesfromdying.blink.MainActivity" image="blink"/>

	<!-- Blue Light Filter -->
	<AppIcon name="com.eyefilter.nightmode.bluelightfilter/com.eyefilter.nightmode.bluelightfilter.ui.WelcomeActivity" image="blue_light_filter"/>

	<!-- Calendar -->
	<AppIcon name="com.samsung.android.calendar/com.android.calendar.AllInOneActivity" image="calendar"/>

	<!-- Contacts -->
	<AppIcon name="com.samsung.android.contacts/com.android.contacts.activities.PeopleActivity" image="contacts"/>

	<!-- Crowd Evolution! -->
	<AppIcon name="com.longhorn.countmasterevo/com.unity3d.player.UnityPlayerActivity" image="crowd_evolution_"/>

	<!-- Daily Quotes Widget -->
	<AppIcon name="com.lstapps.dailymotivationalquotewidget/com.lstapps.dailymotivationalquotewidget.MainActivity" image="daily_quotes_widget"/>

	<!-- Dialer -->
	<AppIcon name="com.goodwy.dialer/com.goodwy.dialer.activities.SplashActivity.Orange" image="dialer"/>

	<!-- Distraction Free -->
	<AppIcon name="com.osheden.distraction.free.icon.pack/com.osheden.distraction.free.icon.pack.activities.SplashActivity" image="distraction_free"/>

	<!-- Dockalizer -->
	<AppIcon name="color.dev.com.beige/color.dev.com.beige.Splash" image="dockalizer"/>

	<!-- Download Progress++ -->
	<AppIcon name="com.ceco.sbdp.pro/com.ceco.sbdp.pro.Settings" image="download_progress_"/>

	<!-- DualWallpaper -->
	<AppIcon name="de.dlyt.yanndroid.dualwallpaper/de.dlyt.yanndroid.dualwallpaper.ui.activity.MainActivity" image="dualwallpaper"/>

	<!-- Energy Bar -->
	<AppIcon name="you.in.spark.energy/you.in.spark.energy.WelcomeScreen" image="energy_bar"/>

	<!-- Fine Lock -->
	<AppIcon name="yuh.yuh.finelock/yuh.yuh.finelock.T" image="fine_lock"/>

	<!-- FNG -->
	<AppIcon name="com.fb.fluid/com.fb.fluid.ui.ActivitySettings" image="fng"/>

	<!-- Gallery -->
	<AppIcon name="com.sec.android.gallery3d/com.sec.android.gallery3d.app.GalleryOpaqueActivity" image="gallery"/>

	<!-- Key Mapper -->
	<AppIcon name="io.github.sds100.keymapper/io.github.sds100.keymapper.SplashActivity" image="key_mapper"/>

	<!-- Klepon Wheel -->
	<AppIcon name="com.bandot.klepon.wheel.darkiconpack/com.bandot.klepon.wheel.darkiconpack.activities.SplashActivity" image="klepon_wheel"/>

	<!-- Launcher Ops -->
	<AppIcon name="com.flea.gsd.flea/com.flea.gsd.activities.MainActivity" image="launcher_ops"/>

	<!-- Lena -->
	<AppIcon name="one4studio.iconpack.lena/com.candybar.dev.activities.SplashActivity" image="lena"/>

	<!-- LinkSheet -->
	<AppIcon name="fe.linksheet/fe.linksheet.activity.MainActivity" image="linksheet"/>

	<!-- Mahjong -->
	<AppIcon name="com.microsoft.mahjong/com.smokingguninc.engine.framework.SgiLauncherActivity" image="mahjong"/>

	<!-- Meeye -->
	<AppIcon name="com.yeyebbc.play.meeye.iconpack/com.yeyebbc.play.meeye.iconpack.activities.SplashActivity" image="meeye"/>

	<!-- Memo -->
	<AppIcon name="com.samsung.android.app.memo/com.samsung.android.app.memo.Main" image="memo"/>

	<!-- Midnight Dark - Icon Pack -->
	<AppIcon name="com.italiano.midnightdark/com.italiano.midnightdark.activities.MainActivity" image="midnight_dark_icon_pack"/>

	<!-- MiMax Black -->
	<AppIcon name="com.eatos.mpux.black/com.eatos.mpux.black.MainActivity" image="mimax_black"/>

	<!-- Muviz -->
	<AppIcon name="com.perfectapps.muviz/com.perfectapps.muviz.activity.HomeActivity" image="muviz"/>

	<!-- My Files -->
	<AppIcon name="com.sec.android.app.myfiles/com.sec.android.app.myfiles.common.MainActivity" image="my_files"/>

	<!-- Notisave -->
	<AppIcon name="com.tenqube.notisave/com.tenqube.notisave.presentation.splash.SplashActivity" image="notisave"/>

	<!-- Nuts Vol Booster -->
	<AppIcon name="volume.booster.soundamplifier/com.coocent.theme.volumebooster.activity.SplashActivity" image="nuts_vol_booster"/>

	<!-- Orgi -->
	<AppIcon name="com.atanusanyal.orgi/com.atanusanyal.orgi.activities.SplashActivity" image="orgi"/>

	<!-- Oto Music -->
	<AppIcon name="com.piyush.music/com.piyush.music.activities.main.MainActivity" image="oto_music"/>

	<!-- Phone -->
	<AppIcon name="com.samsung.android.contacts/com.android.dialer.DialtactsActivity" image="phone"/>

	<!-- ReZ Launcher -->
	<AppIcon name="com.perryoncrack.rez/com.perryoncrack.rez.MainActivity" image="rez_launcher"/>

	<!-- ScreenshotGo -->
	<AppIcon name="org.mozilla.screenshot.go/org.mozilla.scryer.MainActivity" image="screenshotgo"/>

	<!-- SD Maid SE -->
	<AppIcon name="eu.darken.sdmse/eu.darken.sdmse.main.ui.MainActivity" image="sd_maid_se"/>

	<!-- Secure Folder -->
	<AppIcon name="com.samsung.knox.securefolder/com.samsung.knox.securefolder.switcher.SecureFolderShortcutActivity" image="secure_folder"/>

	<!-- Simplified -->
	<AppIcon name="com.simplified.reborn/com.simplified.reborn.activities.SplashActivity" image="simplified"/>

	<!-- StayFree -->
	<AppIcon name="com.burockgames.timeclocker/com.burockgames.timeclocker.main.MainActivity" image="stayfree"/>

	<!-- Super Status Bar -->
	<AppIcon name="com.tombayley.statusbar/com.tombayley.statusbar.app.ui.home.MainActivity" image="super_status_bar"/>

	<!-- Transparency - Icon Pack -->
	<AppIcon name="com.italiano.transparency/com.italiano.transparency.activities.MainActivity" image="transparency_icon_pack"/>

	<!-- True Amps -->
	<AppIcon name="com.newgen.trueamps/com.newgen.trueamps.activities.PreferencesActivity" image="true_amps"/>

	<!-- Ultra Volume -->
	<AppIcon name="com.treydev.volume/com.zipoapps.premiumhelper.ui.splash.PHSplashActivity" image="ultra_volume"/>

	<!-- Vinty -->
	<AppIcon name="com.esethnet.vinty/com.esethnet.vinty.LicenseActivity" image="vinty"/>

	<!-- الشفيع -->
	<AppIcon name="salah.rasoulallah.com/salah.rasoulallah.com.MainActivity" image="الشفيع"/>

	<!-- القرأن الكريم قراءة واستماع -->
	<AppIcon name="alamin.mohamed.islam.app.qurankarim.lireandlisten/alamin.mohamed.islam.app.qurankarim.lireandlisten.splash_screen" image="القرأن_الكريم_قراءة_واستماع"/>

	<!-- نختم -->
	<AppIcon name="com.karim.khatma/com.karim.khatma.run" image="نختم"/>

</Theme>