<resources>

	<!-- 4PDA -->
	<item component="ComponentInfo{ru.fourpda.client/ru.fourpda.client.MainActivity}" drawable="_4pda" />

	<!-- AccA -->
	<item component="ComponentInfo{mattecarra.accapp/mattecarra.accapp.activities.MainActivity}" drawable="acca" />

	<!-- AccuBattery -->
	<item component="ComponentInfo{com.digibites.accubattery/com.digibites.abatterysaver.BatterySaverActivity}" drawable="accubattery" />

	<!-- AliExpress -->
	<item component="ComponentInfo{ru.aliexpress.buyer/com.alibaba.aliexpresshd.home.ui.MainActivity}" drawable="aliexpress" />

	<!-- Android Samba Client -->
	<item component="ComponentInfo{com.google.android.sambadocumentsprovider/com.google.android.sambadocumentsprovider.mount.MountServerActivity}" drawable="android_samba_client" />

	<!-- AndSMB -->
	<item component="ComponentInfo{lysesoft.andsmb/lysesoft.andsmb.SplashActivity}" drawable="andsmb" />

	<!-- AniLabX -->
	<item component="ComponentInfo{com.crazyxacker.apps.anilabx3/com.crazyxacker.apps.anilabx3.AniLabXSplash}" drawable="anilabx" />

	<!-- Arcticons Material You -->
	<item component="ComponentInfo{com.donnnno.arcticons.you/com.donnnno.arcticons.activities.MainActivity}" drawable="arcticons_material_you" />

	<!-- AudioFX -->
	<item component="ComponentInfo{org.lineageos.audiofx/org.lineageos.audiofx.activity.ActivityMusic}" drawable="audiofx" />

	<!-- av.by -->
	<item component="ComponentInfo{by.av.client/by.av.client.ui.activity.SplashActivity}" drawable="avby" />

	<!-- AyuGram -->
	<item component="ComponentInfo{com.radolyn.ayugram/com.exteragram.messenger.AmethystIcon}" drawable="ayugram" />

	<!-- Belkart Pay -->
	<item component="ComponentInfo{com.belkartpay.belkartpay/com.belkartpay.belkartpay.MainActivity}" drawable="belkart_pay" />

	<!-- Bid Wars -->
	<item component="ComponentInfo{br.com.tapps.bidwars/br.com.tapps.love.SplashActivity}" drawable="bid_wars" />

	<!-- Bluetooth LE Spam Debug -->
	<item component="ComponentInfo{de.simon.dankelmann.bluetoothlespam.debug/de.simon.dankelmann.bluetoothlespam.MainActivity}" drawable="bluetooth_le_spam_debug" />

	<!-- Boosty -->
	<item component="ComponentInfo{to.boosty.mobile/to.boosty.android.ui.root.MainActivity}" drawable="boosty" />

	<!-- BusyBox -->
	<item component="ComponentInfo{com.jrummy.busybox.installer/com.jrummy.busybox.installer.activities.MainActivity}" drawable="busybox" />

	<!-- Call Recorder -->
	<item component="ComponentInfo{com.github.axet.callrecorder/com.github.axet.callrecorder.activities.MainActivity}" drawable="call_recorder" />

	<!-- Card Emulator Pro -->
	<item component="ComponentInfo{com.yuanwofei.cardemulator.pro/com.yuanwofei.cardemulator.MainActivity}" drawable="card_emulator_pro" />

	<!-- CSV file viewer -->
	<item component="ComponentInfo{csv.file.reader/csv.file.reader.HomeActivity}" drawable="csv_file_viewer" />

	<!-- Despotism 3k -->
	<item component="ComponentInfo{com.KonfaGames.Despotism3k/com.unity3d.player.UnityPlayerActivity}" drawable="despotism_3k" />

	<!-- Dollphone -->
	<item component="ComponentInfo{me.x2gd4.dollphone/me.x2gd4.dollphone.activities.MainActivity}" drawable="dollphone" />

	<!-- Everyday Tasks -->
	<item component="ComponentInfo{de.jepfa.personaltasklogger/de.jepfa.personaltasklogger.MainActivity}" drawable="everyday_tasks" />

	<!-- FKM -->
	<item component="ComponentInfo{com.franco.kernel/com.franco.kernel.activities.SplashActivity}" drawable="fkm" />

	<!-- Game -->
	<item component="ComponentInfo{com.zzirwwoslnupzztasg/com.zzirwwoslnupzztasg.MainActivity}" drawable="game" />

	<!-- Game -->
	<item component="ComponentInfo{com.zzirwwoslnupzztasg/com.zzirwwoslnupzztasg.ActivityMain}" drawable="game" />

	<!-- Gish Reloaded -->
	<item component="ComponentInfo{com.hardwire.gishreloaded/j2ab.android.app.J2ABMIDletActivity}" drawable="gish_reloaded" />

	<!-- GrowCastle -->
	<item component="ComponentInfo{com.raongames.growcastle/com.raongames.player.MainActivity}" drawable="growcastle" />

	<!-- Habr -->
	<item component="ComponentInfo{ru.habrahabr/ru.habrahabr.ui.activities.WebviewActivity}" drawable="habr" />

	<!-- Hide My Applist -->
	<item component="ComponentInfo{com.tsng.hidemyapplist/com.tsng.hidemyapplist.MainActivityLauncher}" drawable="hide_my_applist" />

	<!-- Hole.io -->
	<item component="ComponentInfo{io.voodoo.holeio/com.unity3d.player.UnityPlayerActivity}" drawable="holeio" />

	<!-- Husky -->
	<item component="ComponentInfo{su.xash.husky/com.keylesspalace.tusky.SplashActivity}" drawable="husky" />

	<!-- INSNC -->
	<item component="ComponentInfo{by.alfabank.insync3/by.alfabank.insync.presentation.feature.splash.activity.SplashActivity}" drawable="insnc" />

	<!-- JJ Classic -->
	<item component="ComponentInfo{com.halfbrick.jetpack.classic/com.halfbrick.mortar.SplashActivity}" drawable="jj_classic" />

	<!-- KonoSuba: FD -->
	<item component="ComponentInfo{com.nexon.konosuba/com.google.firebase.MessagingUnityPlayerActivity}" drawable="konosuba_fd" />

	<!-- Kufar -->
	<item component="ComponentInfo{se.scmv.belarus/by.kufar.splash.ui.SplashScreenActivity}" drawable="kufar" />

	<!-- LIrspRcDtqtkaHA -->
	<item component="ComponentInfo{ru.foajjupf.qkxxzawtk/ru.foajjupf.qkxxzawtk.MainActivity1}" drawable="lirsprcdtqtkaha" />

	<!-- M-Belarusbank -->
	<item component="ComponentInfo{com.mobicon.mbank2.belarusbank/com.mobicon.mbank2.client.android.GENERAL}" drawable="m_belarusbank" />

	<!-- Mail -->
	<item component="ComponentInfo{ru.yandex.mail/ru.yandex.mail.ui.LoginActivity}" drawable="mail" />

	<!-- MangaLib -->
	<item component="ComponentInfo{org.chromium.webapk.aadc54cd22f33bfe5_v2/org.chromium.webapk.shell_apk.h2o.H2OOpaqueMainActivity}" drawable="mangalib" />

	<!-- Mark Counter -->
	<item component="ComponentInfo{com.tutam.markcounter/com.tutam.tutam.markcounter.LaunchActivity}" drawable="mark_counter" />

	<!-- Material Terminal -->
	<item component="ComponentInfo{yarolegovich.materialterminal/yarolegovich.materialterminal.Term}" drawable="material_terminal" />

	<!-- MicroG -->
	<item component="ComponentInfo{com.mgoogle.android.gms/org.microg.gms.ui.SettingsActivity}" drawable="microg" />

	<!-- Mighty DOOM -->
	<item component="ComponentInfo{com.bethsoft.ubu/com.google.firebase.MessagingUnityPlayerActivity}" drawable="mighty_doom" />

	<!-- Momo -->
	<item component="ComponentInfo{io.github.vvb2060.mahoshojo/io.github.vvb2060.mahoshojo.home.HomeActivity}" drawable="momo" />

	<!-- Neo Backup -->
	<item component="ComponentInfo{com.machiav3lli.backup/com.machiav3lli.backup.activities.MainActivityX}" drawable="neo_backup" />

	<!-- NetBird -->
	<item component="ComponentInfo{io.netbird.client/io.netbird.client.MainActivity}" drawable="netbird" />

	<!-- osu! -->
	<item component="ComponentInfo{sh.ppy.osulazer/crc64f3e94a995e5d9e96.OsuGameActivity}" drawable="osu_" />

	<!-- OUTERPLANE -->
	<item component="ComponentInfo{com.smilegate.outerplane.stove.google/com.stove.mobilegamesecurity.RhPreLoader}" drawable="outerplane" />

	<!-- OZON -->
	<item component="ComponentInfo{ru.ozon.app.android/ru.ozon.app.android.ui.start.AppHostActivity}" drawable="ozon" />

	<!-- Photomath -->
	<item component="ComponentInfo{com.microblink.photomath/com.microblink.photomath.main.activity.LauncherActivity}" drawable="photomath" />

	<!-- Pixel Xpert -->
	<item component="ComponentInfo{sh.siava.pixelxpert/sh.siava.pixelxpert.SplashScreenActivityNormalIcon}" drawable="pixel_xpert" />

	<!-- PixelDroid -->
	<item component="ComponentInfo{org.pixeldroid.app/org.pixeldroid.app.MainActivity}" drawable="pixeldroid" />

	<!-- Pixelify GPhotos -->
	<item component="ComponentInfo{balti.xposed.pixelifygooglephotos/balti.xposed.pixelifygooglephotos.ActivityMain}" drawable="pixelify_gphotos" />

	<!-- Postknight 2 -->
	<item component="ComponentInfo{com.kurechii.postknight2/com.unity3d.player.UnityPlayerActivity}" drawable="postknight_2" />

	<!-- Prior Online -->
	<item component="ComponentInfo{by.st.priormobile/by.priorbank.authentication.splash.SplashActivity}" drawable="prior_online" />

	<!-- Rboard Patcher -->
	<item component="ComponentInfo{de.dertyp7214.rboardpatcher/de.dertyp7214.rboardpatcher.screens.MainActivity}" drawable="rboard_patcher" />

	<!-- Rboard Theme Manager V3 -->
	<item component="ComponentInfo{de.dertyp7214.rboardthememanager/de.dertyp7214.rboardthememanager.screens.MainActivity}" drawable="rboard_theme_manager_v3" />

	<!-- Sensor Test -->
	<item component="ComponentInfo{ru.andr7e.sensortest/ru.andr7e.sensortest.MainActivity}" drawable="sensor_test" />

	<!-- Shadow Fight 2 -->
	<item component="ComponentInfo{com.nekki.shadowfight/com.nekki.utils.activity.FCMNekkiUnityPlayerActivity}" drawable="shadow_fight_2" />

	<!-- Simplenote -->
	<item component="ComponentInfo{com.automattic.simplenote/com.automattic.simplenote.NotesActivity}" drawable="simplenote" />

	<!-- Slash _ Girl -->
	<item component="ComponentInfo{com.slash.girl.redfish/com.sungame.jinx.qx.MainActivity}" drawable="slash_girl" />

	<!-- Soul Knight Prequel -->
	<item component="ComponentInfo{com.chillyroom.soulknightprequel/com.chillyroomsdk.sdkbridge.BasePlayerActivity}" drawable="soul_knight_prequel" />

	<!-- Street­Measure -->
	<item component="ComponentInfo{de.westnordost.streetmeasure/de.westnordost.streetmeasure.MeasureActivity}" drawable="street­measure" />

	<!-- Subway Surf -->
	<item component="ComponentInfo{com.kiloo.subwaysurf/com.sybogames.chili.multidex.ChiliMultidexSupportActivity}" drawable="subway_surf" />

	<!-- Survivor.io -->
	<item component="ComponentInfo{com.dxx.firenow/com.unity3d.player.UnityPlayerActivityOverride}" drawable="survivorio" />

	<!-- Telegraph -->
	<item component="ComponentInfo{ir.ilmili.telegraph/org.telegram.messenger.DefaultIcon}" drawable="telegraph" />

	<!-- Tinkoff -->
	<item component="ComponentInfo{com.idamob.tinkoff.android/ru.tinkoff.mb.feature.splash.bank.ui.presentation.BankSplashActivity}" drawable="tinkoff" />

	<!-- Transmission BTC -->
	<item component="ComponentInfo{com.ap.transmission.btc/com.ap.transmission.btc.activities.MainActivity}" drawable="transmission_btc" />

	<!-- Transport BY -->
	<item component="ComponentInfo{by.iba.transport/by.iba.transport.presentation.ui.MainActivity}" drawable="transport_by" />

	<!-- Tremotesf -->
	<item component="ComponentInfo{org.equeim.tremotesf/org.equeim.tremotesf.ui.NavigationActivity}" drawable="tremotesf" />

	<!-- VK Coffee -->
	<item component="ComponentInfo{su.operator555.vkcoffee/su.operator555.vkcoffee.VKCoffeeMaterial}" drawable="vk_coffee" />

	<!-- VK X -->
	<item component="ComponentInfo{ua.itaysonlab.vkx/ua.itaysonlab.vkx.VkxIcon}" drawable="vk_x" />

	<!-- VPN.lat -->
	<item component="ComponentInfo{com.vpn.lat/com.abc.opvpnfree.WelcomeActivity}" drawable="vpnlat" />

	<!-- VTLite -->
	<item component="ComponentInfo{com.vtosters.lite/com.vtosters.lite.id11}" drawable="vtlite" />

	<!-- Witch and Council -->
	<item component="ComponentInfo{com.neugemstudio.witch/com.google.firebase.MessagingUnityPlayerActivity}" drawable="witch_and_council" />

	<!-- Y.Weather -->
	<item component="ComponentInfo{ru.yandex.weatherplugin/ru.yandex.weatherplugin.ui.activity.SplashActivity}" drawable="yweather" />

	<!-- YandexGo -->
	<item component="ComponentInfo{ru.yandex.taxi/ru.yandex.taxi.activity.StartActivity}" drawable="yandexgo" />

	<!-- yetCalc -->
	<item component="ComponentInfo{yetzio.yetcalc/yetzio.yetcalc.MainActivity}" drawable="yetcalc" />

	<!-- YooMoney -->
	<item component="ComponentInfo{ru.yoo.money/ru.yoo.money.entryPoint.presentation.EntryPointActivity}" drawable="yoomoney" />

	<!-- Zombie Age 3 -->
	<item component="ComponentInfo{com.redantz.game.zombie3/com.redantz.game.zombieage3.MainActivity}" drawable="zombie_age_3" />

	<!-- Zombie Age 3 Premium -->
	<item component="ComponentInfo{com.redantz.game.za3p/com.redantz.game.zombieage3.MainActivity}" drawable="zombie_age_3_premium" />

	<!-- Zombie Tsunami -->
	<item component="ComponentInfo{net.mobigame.zombietsunami/net.mobigame.zombietsunami.ZombieActivity}" drawable="zombie_tsunami" />

	<!-- Каталог -->
	<item component="ComponentInfo{by.onliner.catalog/by.onliner.catalog.screen.splash.SplashActivity}" drawable="каталог" />

	<!-- Кинопоиск -->
	<item component="ComponentInfo{ru.kinopoisk/ru.kinopoisk.presentation.screen.tabs.RedirectTabsIntentsActivity}" drawable="кинопоиск" />

	<!-- Мой МТС -->
	<item component="ComponentInfo{by.mts.client/ru.stream.mymts.MainActivity}" drawable="мои_мтс" />

</resources>