<Theme version="1">

	<!-- 4PDA -->
	<AppIcon name="ru.fourpda.client/ru.fourpda.client.MainActivity" image="_4pda"/>

	<!-- AccA -->
	<AppIcon name="mattecarra.accapp/mattecarra.accapp.activities.MainActivity" image="acca"/>

	<!-- AccuBattery -->
	<AppIcon name="com.digibites.accubattery/com.digibites.abatterysaver.BatterySaverActivity" image="accubattery"/>

	<!-- AliExpress -->
	<AppIcon name="ru.aliexpress.buyer/com.alibaba.aliexpresshd.home.ui.MainActivity" image="aliexpress"/>

	<!-- Android Samba Client -->
	<AppIcon name="com.google.android.sambadocumentsprovider/com.google.android.sambadocumentsprovider.mount.MountServerActivity" image="android_samba_client"/>

	<!-- AndSMB -->
	<AppIcon name="lysesoft.andsmb/lysesoft.andsmb.SplashActivity" image="andsmb"/>

	<!-- AniLabX -->
	<AppIcon name="com.crazyxacker.apps.anilabx3/com.crazyxacker.apps.anilabx3.AniLabXSplash" image="anilabx"/>

	<!-- Arcticons Material You -->
	<AppIcon name="com.donnnno.arcticons.you/com.donnnno.arcticons.activities.MainActivity" image="arcticons_material_you"/>

	<!-- AudioFX -->
	<AppIcon name="org.lineageos.audiofx/org.lineageos.audiofx.activity.ActivityMusic" image="audiofx"/>

	<!-- av.by -->
	<AppIcon name="by.av.client/by.av.client.ui.activity.SplashActivity" image="avby"/>

	<!-- AyuGram -->
	<AppIcon name="com.radolyn.ayugram/com.exteragram.messenger.AmethystIcon" image="ayugram"/>

	<!-- Belkart Pay -->
	<AppIcon name="com.belkartpay.belkartpay/com.belkartpay.belkartpay.MainActivity" image="belkart_pay"/>

	<!-- Bid Wars -->
	<AppIcon name="br.com.tapps.bidwars/br.com.tapps.love.SplashActivity" image="bid_wars"/>

	<!-- Bluetooth LE Spam Debug -->
	<AppIcon name="de.simon.dankelmann.bluetoothlespam.debug/de.simon.dankelmann.bluetoothlespam.MainActivity" image="bluetooth_le_spam_debug"/>

	<!-- Boosty -->
	<AppIcon name="to.boosty.mobile/to.boosty.android.ui.root.MainActivity" image="boosty"/>

	<!-- BusyBox -->
	<AppIcon name="com.jrummy.busybox.installer/com.jrummy.busybox.installer.activities.MainActivity" image="busybox"/>

	<!-- Call Recorder -->
	<AppIcon name="com.github.axet.callrecorder/com.github.axet.callrecorder.activities.MainActivity" image="call_recorder"/>

	<!-- Card Emulator Pro -->
	<AppIcon name="com.yuanwofei.cardemulator.pro/com.yuanwofei.cardemulator.MainActivity" image="card_emulator_pro"/>

	<!-- CSV file viewer -->
	<AppIcon name="csv.file.reader/csv.file.reader.HomeActivity" image="csv_file_viewer"/>

	<!-- Despotism 3k -->
	<AppIcon name="com.KonfaGames.Despotism3k/com.unity3d.player.UnityPlayerActivity" image="despotism_3k"/>

	<!-- Dollphone -->
	<AppIcon name="me.x2gd4.dollphone/me.x2gd4.dollphone.activities.MainActivity" image="dollphone"/>

	<!-- Everyday Tasks -->
	<AppIcon name="de.jepfa.personaltasklogger/de.jepfa.personaltasklogger.MainActivity" image="everyday_tasks"/>

	<!-- FKM -->
	<AppIcon name="com.franco.kernel/com.franco.kernel.activities.SplashActivity" image="fkm"/>

	<!-- Game -->
	<AppIcon name="com.zzirwwoslnupzztasg/com.zzirwwoslnupzztasg.MainActivity" image="game"/>

	<!-- Game -->
	<AppIcon name="com.zzirwwoslnupzztasg/com.zzirwwoslnupzztasg.ActivityMain" image="game"/>

	<!-- Gish Reloaded -->
	<AppIcon name="com.hardwire.gishreloaded/j2ab.android.app.J2ABMIDletActivity" image="gish_reloaded"/>

	<!-- GrowCastle -->
	<AppIcon name="com.raongames.growcastle/com.raongames.player.MainActivity" image="growcastle"/>

	<!-- Habr -->
	<AppIcon name="ru.habrahabr/ru.habrahabr.ui.activities.WebviewActivity" image="habr"/>

	<!-- Hide My Applist -->
	<AppIcon name="com.tsng.hidemyapplist/com.tsng.hidemyapplist.MainActivityLauncher" image="hide_my_applist"/>

	<!-- Hole.io -->
	<AppIcon name="io.voodoo.holeio/com.unity3d.player.UnityPlayerActivity" image="holeio"/>

	<!-- Husky -->
	<AppIcon name="su.xash.husky/com.keylesspalace.tusky.SplashActivity" image="husky"/>

	<!-- INSNC -->
	<AppIcon name="by.alfabank.insync3/by.alfabank.insync.presentation.feature.splash.activity.SplashActivity" image="insnc"/>

	<!-- JJ Classic -->
	<AppIcon name="com.halfbrick.jetpack.classic/com.halfbrick.mortar.SplashActivity" image="jj_classic"/>

	<!-- KonoSuba: FD -->
	<AppIcon name="com.nexon.konosuba/com.google.firebase.MessagingUnityPlayerActivity" image="konosuba_fd"/>

	<!-- Kufar -->
	<AppIcon name="se.scmv.belarus/by.kufar.splash.ui.SplashScreenActivity" image="kufar"/>

	<!-- LIrspRcDtqtkaHA -->
	<AppIcon name="ru.foajjupf.qkxxzawtk/ru.foajjupf.qkxxzawtk.MainActivity1" image="lirsprcdtqtkaha"/>

	<!-- M-Belarusbank -->
	<AppIcon name="com.mobicon.mbank2.belarusbank/com.mobicon.mbank2.client.android.GENERAL" image="m_belarusbank"/>

	<!-- Mail -->
	<AppIcon name="ru.yandex.mail/ru.yandex.mail.ui.LoginActivity" image="mail"/>

	<!-- MangaLib -->
	<AppIcon name="org.chromium.webapk.aadc54cd22f33bfe5_v2/org.chromium.webapk.shell_apk.h2o.H2OOpaqueMainActivity" image="mangalib"/>

	<!-- Mark Counter -->
	<AppIcon name="com.tutam.markcounter/com.tutam.tutam.markcounter.LaunchActivity" image="mark_counter"/>

	<!-- Material Terminal -->
	<AppIcon name="yarolegovich.materialterminal/yarolegovich.materialterminal.Term" image="material_terminal"/>

	<!-- MicroG -->
	<AppIcon name="com.mgoogle.android.gms/org.microg.gms.ui.SettingsActivity" image="microg"/>

	<!-- Mighty DOOM -->
	<AppIcon name="com.bethsoft.ubu/com.google.firebase.MessagingUnityPlayerActivity" image="mighty_doom"/>

	<!-- Momo -->
	<AppIcon name="io.github.vvb2060.mahoshojo/io.github.vvb2060.mahoshojo.home.HomeActivity" image="momo"/>

	<!-- Neo Backup -->
	<AppIcon name="com.machiav3lli.backup/com.machiav3lli.backup.activities.MainActivityX" image="neo_backup"/>

	<!-- NetBird -->
	<AppIcon name="io.netbird.client/io.netbird.client.MainActivity" image="netbird"/>

	<!-- osu! -->
	<AppIcon name="sh.ppy.osulazer/crc64f3e94a995e5d9e96.OsuGameActivity" image="osu_"/>

	<!-- OUTERPLANE -->
	<AppIcon name="com.smilegate.outerplane.stove.google/com.stove.mobilegamesecurity.RhPreLoader" image="outerplane"/>

	<!-- OZON -->
	<AppIcon name="ru.ozon.app.android/ru.ozon.app.android.ui.start.AppHostActivity" image="ozon"/>

	<!-- Photomath -->
	<AppIcon name="com.microblink.photomath/com.microblink.photomath.main.activity.LauncherActivity" image="photomath"/>

	<!-- Pixel Xpert -->
	<AppIcon name="sh.siava.pixelxpert/sh.siava.pixelxpert.SplashScreenActivityNormalIcon" image="pixel_xpert"/>

	<!-- PixelDroid -->
	<AppIcon name="org.pixeldroid.app/org.pixeldroid.app.MainActivity" image="pixeldroid"/>

	<!-- Pixelify GPhotos -->
	<AppIcon name="balti.xposed.pixelifygooglephotos/balti.xposed.pixelifygooglephotos.ActivityMain" image="pixelify_gphotos"/>

	<!-- Postknight 2 -->
	<AppIcon name="com.kurechii.postknight2/com.unity3d.player.UnityPlayerActivity" image="postknight_2"/>

	<!-- Prior Online -->
	<AppIcon name="by.st.priormobile/by.priorbank.authentication.splash.SplashActivity" image="prior_online"/>

	<!-- Rboard Patcher -->
	<AppIcon name="de.dertyp7214.rboardpatcher/de.dertyp7214.rboardpatcher.screens.MainActivity" image="rboard_patcher"/>

	<!-- Rboard Theme Manager V3 -->
	<AppIcon name="de.dertyp7214.rboardthememanager/de.dertyp7214.rboardthememanager.screens.MainActivity" image="rboard_theme_manager_v3"/>

	<!-- Sensor Test -->
	<AppIcon name="ru.andr7e.sensortest/ru.andr7e.sensortest.MainActivity" image="sensor_test"/>

	<!-- Shadow Fight 2 -->
	<AppIcon name="com.nekki.shadowfight/com.nekki.utils.activity.FCMNekkiUnityPlayerActivity" image="shadow_fight_2"/>

	<!-- Simplenote -->
	<AppIcon name="com.automattic.simplenote/com.automattic.simplenote.NotesActivity" image="simplenote"/>

	<!-- Slash _ Girl -->
	<AppIcon name="com.slash.girl.redfish/com.sungame.jinx.qx.MainActivity" image="slash_girl"/>

	<!-- Soul Knight Prequel -->
	<AppIcon name="com.chillyroom.soulknightprequel/com.chillyroomsdk.sdkbridge.BasePlayerActivity" image="soul_knight_prequel"/>

	<!-- Street­Measure -->
	<AppIcon name="de.westnordost.streetmeasure/de.westnordost.streetmeasure.MeasureActivity" image="street­measure"/>

	<!-- Subway Surf -->
	<AppIcon name="com.kiloo.subwaysurf/com.sybogames.chili.multidex.ChiliMultidexSupportActivity" image="subway_surf"/>

	<!-- Survivor.io -->
	<AppIcon name="com.dxx.firenow/com.unity3d.player.UnityPlayerActivityOverride" image="survivorio"/>

	<!-- Telegraph -->
	<AppIcon name="ir.ilmili.telegraph/org.telegram.messenger.DefaultIcon" image="telegraph"/>

	<!-- Tinkoff -->
	<AppIcon name="com.idamob.tinkoff.android/ru.tinkoff.mb.feature.splash.bank.ui.presentation.BankSplashActivity" image="tinkoff"/>

	<!-- Transmission BTC -->
	<AppIcon name="com.ap.transmission.btc/com.ap.transmission.btc.activities.MainActivity" image="transmission_btc"/>

	<!-- Transport BY -->
	<AppIcon name="by.iba.transport/by.iba.transport.presentation.ui.MainActivity" image="transport_by"/>

	<!-- Tremotesf -->
	<AppIcon name="org.equeim.tremotesf/org.equeim.tremotesf.ui.NavigationActivity" image="tremotesf"/>

	<!-- VK Coffee -->
	<AppIcon name="su.operator555.vkcoffee/su.operator555.vkcoffee.VKCoffeeMaterial" image="vk_coffee"/>

	<!-- VK X -->
	<AppIcon name="ua.itaysonlab.vkx/ua.itaysonlab.vkx.VkxIcon" image="vk_x"/>

	<!-- VPN.lat -->
	<AppIcon name="com.vpn.lat/com.abc.opvpnfree.WelcomeActivity" image="vpnlat"/>

	<!-- VTLite -->
	<AppIcon name="com.vtosters.lite/com.vtosters.lite.id11" image="vtlite"/>

	<!-- Witch and Council -->
	<AppIcon name="com.neugemstudio.witch/com.google.firebase.MessagingUnityPlayerActivity" image="witch_and_council"/>

	<!-- Y.Weather -->
	<AppIcon name="ru.yandex.weatherplugin/ru.yandex.weatherplugin.ui.activity.SplashActivity" image="yweather"/>

	<!-- YandexGo -->
	<AppIcon name="ru.yandex.taxi/ru.yandex.taxi.activity.StartActivity" image="yandexgo"/>

	<!-- yetCalc -->
	<AppIcon name="yetzio.yetcalc/yetzio.yetcalc.MainActivity" image="yetcalc"/>

	<!-- YooMoney -->
	<AppIcon name="ru.yoo.money/ru.yoo.money.entryPoint.presentation.EntryPointActivity" image="yoomoney"/>

	<!-- Zombie Age 3 -->
	<AppIcon name="com.redantz.game.zombie3/com.redantz.game.zombieage3.MainActivity" image="zombie_age_3"/>

	<!-- Zombie Age 3 Premium -->
	<AppIcon name="com.redantz.game.za3p/com.redantz.game.zombieage3.MainActivity" image="zombie_age_3_premium"/>

	<!-- Zombie Tsunami -->
	<AppIcon name="net.mobigame.zombietsunami/net.mobigame.zombietsunami.ZombieActivity" image="zombie_tsunami"/>

	<!-- Каталог -->
	<AppIcon name="by.onliner.catalog/by.onliner.catalog.screen.splash.SplashActivity" image="каталог"/>

	<!-- Кинопоиск -->
	<AppIcon name="ru.kinopoisk/ru.kinopoisk.presentation.screen.tabs.RedirectTabsIntentsActivity" image="кинопоиск"/>

	<!-- Мой МТС -->
	<AppIcon name="by.mts.client/ru.stream.mymts.MainActivity" image="мои_мтс"/>

</Theme>