<Theme version="1">

	<!-- 2048 -->
	<AppIcon name="com.uberspot.a2048/com.uberspot.a2048.MainActivity" image="_2048"/>

	<!-- andOTP -->
	<AppIcon name="org.shadowice.flocke.andotp/org.shadowice.flocke.andotp.Activities.MainActivity" image="andotp"/>

	<!-- Aqua Mail -->
	<AppIcon name="org.kman.AquaMail/org.kman.AquaMail.ui.AccountListActivity" image="aqua_mail"/>

	<!-- Aruba PEC -->
	<AppIcon name="it.aruba.pec.mobile/it.aruba.mobile.uxlib.loginUx.LoginActivity" image="aruba_pec"/>

	<!-- Auxio -->
	<AppIcon name="org.oxycblt.auxio/org.oxycblt.auxio.MainActivity" image="auxio"/>

	<!-- BestifyMe -->
	<AppIcon name="com.mayur.personalitydevelopment/com.mayur.personalitydevelopment.activity.SplashActivity" image="bestifyme"/>

	<!-- Cake -->
	<AppIcon name="me.mycake/me.mycake.MainActivity" image="cake"/>

	<!-- Calendar -->
	<AppIcon name="com.simplemobiletools.calendar.pro/com.simplemobiletools.calendar.pro.activities.SplashActivity.Blue" image="calendar"/>

	<!-- Cards With Cats -->
	<AppIcon name="com.dozingcatsoftware.cardswithcats/com.dozingcatsoftware.cardswithcats.MainActivity" image="cards_with_cats"/>

	<!-- Chronus -->
	<AppIcon name="com.dvtonder.chronus/com.dvtonder.chronus.preference.PreferencesMain" image="chronus"/>

	<!-- Coffee -->
	<AppIcon name="com.github.muellerma.coffee/com.github.muellerma.coffee.activities.MainActivity" image="coffee"/>

	<!-- Compass -->
	<AppIcon name="com.bobek.compass/com.bobek.compass.MainActivity" image="compass"/>

	<!-- Crossword Puzzles -->
	<AppIcon name="com.cruciappfree/com.cruciappfree.MainSplashScreen" image="crossword_puzzles"/>

	<!-- Etsy -->
	<AppIcon name="com.etsy.android/com.etsy.android.ui.homescreen.HomescreenTabsActivity" image="etsy"/>

	<!-- Feedly -->
	<AppIcon name="com.devhd.feedly/com.devhd.feedly.MainActivity" image="feedly"/>

	<!-- Flashscore -->
	<AppIcon name="eu.livesport.FlashScore_com/eu.livesport.LiveSport_cz.config.core.DefaultLauncher" image="flashscore"/>

	<!-- Gallery -->
	<AppIcon name="com.simplemobiletools.gallery.pro/com.simplemobiletools.gallery.pro.activities.SplashActivity.Green" image="gallery"/>

	<!-- ho. -->
	<AppIcon name="it.homobile.ho/it.nttdata.vodafonelean.splash.SplashActivity" image="ho"/>

	<!-- Keepass2Android -->
	<AppIcon name="keepass2android.keepass2android/crc64dd09b2a2e58bb27d.KeePass" image="keepass2android"/>

	<!-- Kindle -->
	<AppIcon name="com.amazon.kindle/com.amazon.kindle.UpgradePage" image="kindle"/>

	<!-- Memo Game -->
	<AppIcon name="org.secuso.privacyfriendlymemory/org.secuso.privacyfriendlymemory.ui.SplashActivity" image="memo_game"/>

	<!-- MioDottore.it -->
	<AppIcon name="it.docplanner/com.app.MainActivity" image="miodottoreit"/>

	<!-- Mobile -->
	<AppIcon name="com.latuabancaperandroid/com.latuabancaperandroid.presentation.activity.LandingPageActivity2" image="mobile"/>

	<!-- MyInfoCert -->
	<AppIcon name="it.infocert.myinfocert.phoenix/com.mobile.android.infocert.section.launch.ui.LaunchActivity" image="myinfocert"/>

	<!-- Mysplash -->
	<AppIcon name="com.wangdaye.mysplash/com.wangdaye.mysplash.main.MainActivity" image="mysplash"/>

	<!-- Notes -->
	<AppIcon name="com.simplemobiletools.notes.pro/com.simplemobiletools.notes.pro.activities.SplashActivity.Yellow" image="notes"/>

	<!-- PacedBreathing -->
	<AppIcon name="com.apps.paced.breathing/com.mihaibulic.apps.pacedbreathing.MainActivity" image="pacedbreathing"/>

	<!-- Pixel Tips -->
	<AppIcon name="com.google.android.apps.tips/com.google.android.apps.tips.TipsMain" image="pixel_tips"/>

	<!-- Prezzi Benzina -->
	<AppIcon name="org.vernazza.androidfuel/it.prezzibenzina.pb3.activities.MainActivity" image="prezzi_benzina"/>

	<!-- QR Scanner -->
	<AppIcon name="com.secuso.privacyFriendlyCodeScanner/com.secuso.privacyfriendlycodescanner.qrscanner.ui.activities.SplashActivity" image="qr_scanner"/>

	<!-- Radio Garden -->
	<AppIcon name="com.jonathanpuckey.radiogarden/com.jonathanpuckey.radiogarden.MainActivity" image="radio_garden"/>

	<!-- Recorder -->
	<AppIcon name="com.google.android.apps.recorder/com.google.android.apps.recorder.ui.recordings.MainActivity" image="recorder"/>

	<!-- ReZ Launcher -->
	<AppIcon name="com.perryoncrack.rez/com.perryoncrack.rez.MainActivity" image="rez_launcher"/>

	<!-- Ruler -->
	<AppIcon name="org.nixgame.ruler/org.nixgame.ruler.ActivityRuler" image="ruler"/>

	<!-- RustDesk -->
	<AppIcon name="com.carriez.flutter_hbb/com.carriez.flutter_hbb.MainActivity" image="rustdesk"/>

	<!-- SD Maid -->
	<AppIcon name="eu.thedarken.sdm/eu.thedarken.sdm.main.ui.SDMMainActivity" image="sd_maid"/>

	<!-- SD Maid Pro -->
	<AppIcon name="eu.thedarken.sdm.unlocker/eu.thedarken.sdm.unlocker.MainActivity" image="sd_maid_pro"/>

	<!-- Shelf -->
	<AppIcon name="com.shelf.app/com.shelf.app.main.ShelfActivity" image="shelf"/>

	<!-- Simple Solitaire Collection -->
	<AppIcon name="de.tobiasbielefeld.solitaire/de.tobiasbielefeld.solitaire.ui.GameSelector" image="simple_solitaire_collection"/>

	<!-- Subito -->
	<AppIcon name="it.subito/it.subito.v2.search.ListingActivity" image="subito"/>

	<!-- Tasky -->
	<AppIcon name="com.thatsmanmeet.taskyapp/com.thatsmanmeet.taskyapp.MainActivity" image="tasky"/>

	<!-- Thank You -->
	<AppIcon name="com.simplemobiletools.thankyou/com.simplemobiletools.thankyou.activities.SplashActivity.Orange" image="thank_you"/>

	<!-- Tinder -->
	<AppIcon name="com.tinder/com.tinder.launch.internal.activities.LoginActivity" image="tinder"/>

	<!-- Tv italiane -->
	<AppIcon name="com.eurostreamable.italy/com.eurostreamable.italy.MainActivity" image="tv_italiane"/>

	<!-- Volume -->
	<AppIcon name="de.hp.volume/de.hp.volume.Main" image="volume"/>

	<!-- Wallapop -->
	<AppIcon name="com.wallapop/com.wallapop.activities.HomeActivity" image="wallapop"/>

	<!-- Where Are U -->
	<AppIcon name="it.Beta80Group.whereareu/it.Beta80Group.whereareu.SplashActivity" image="where_are_u"/>

	<!-- WordUp -->
	<AppIcon name="co.wordupapp.app/crc646f45dd7a1b6aab56.SplashScreen" image="wordup"/>

	<!-- Workout Pro -->
	<AppIcon name="fitness.workouts.home.workoutspro/fitness.workouts.home.workoutspro.activity.SplashActivity" image="workout_pro"/>

</Theme>