<resources>

	<!-- 2FAuth -->
	<item component="ComponentInfo{org.chromium.webapk.ab4bd3da93f0edb6b_v2/org.chromium.webapk.shell_apk.h2o.H2OOpaqueMainActivity}" drawable="_2fauth" />

	<!-- Allancoding Beef Admin -->
	<item component="ComponentInfo{org.chromium.webapk.aff61a053c754f81e_v2/org.chromium.webapk.shell_apk.h2o.H2OOpaqueMainActivity}" drawable="allancoding_beef_admin" />

	<!-- Audiobookshelf -->
	<item component="ComponentInfo{com.audiobookshelf.app/com.audiobookshelf.app.MainActivity}" drawable="audiobookshelf" />

	<!-- Bluetooth Keyboard & Mouse -->
	<item component="ComponentInfo{io.appground.blekpremium/io.appground.blek.MainActivity}" drawable="bluetooth_keyboard_and_mouse" />

	<!-- Boxcars by Riogrande Games -->
	<item component="ComponentInfo{com.montanab.rgg/com.montanab.rgg.MainActivity}" drawable="boxcars_by_riogrande_games" />

	<!-- Camera Connect -->
	<item component="ComponentInfo{jp.co.canon.ic.cameraconnect/jp.co.canon.ic.cameraconnect.top.CCTopActivity}" drawable="camera_connect" />

	<!-- Chirp -->
	<item component="ComponentInfo{com.chirpbooks.chirp/com.chirpbooks.chirp.MainActivity}" drawable="chirp" />

	<!-- ClassiCube -->
	<item component="ComponentInfo{com.classicube.android.client/com.classicube.MainActivity}" drawable="classicube" />

	<!-- CloudMare -->
	<item component="ComponentInfo{dev.jtsalva.cloudmare/dev.jtsalva.cloudmare.ZoneListActivity}" drawable="cloudmare" />

	<!-- Doctrinal Mastery -->
	<item component="ComponentInfo{org.lds.sm/org.lds.sm.ux.main.MainActivity}" drawable="doctrinal_mastery" />

	<!-- Epson Print Enabler -->
	<item component="ComponentInfo{com.epson.mobilephone.android.epsonprintserviceplugin/com.epson.mobilephone.android.epsonprintserviceplugin.WelcomeScreenActivity}" drawable="epson_print_enabler" />

	<!-- Flow Free -->
	<item component="ComponentInfo{com.bigduckgames.flow/com.bigduckgames.flow.flow}" drawable="flow_free" />

	<!-- FTC Driver Station -->
	<item component="ComponentInfo{com.qualcomm.ftcdriverstation/com.qualcomm.ftcdriverstation.DriverStationUserspaceAlias}" drawable="ftc_driver_station" />

	<!-- FTC Scorer 2023-24 -->
	<item component="ComponentInfo{org.themomentmakers.ftc.scorer/org.themomentmakers.ftc.scorer.MainActivity}" drawable="ftc_scorer_2023_24" />

	<!-- Fusion -->
	<item component="ComponentInfo{com.autodesk.fusion/com.autodesk.a360.ui.activities.launcher.A360LauncherActivity}" drawable="fusion" />

	<!-- Geocaching -->
	<item component="ComponentInfo{com.groundspeak.geocaching.intro/com.groundspeak.geocaching.intro.main.MainActivity}" drawable="geocaching" />

	<!-- GroupMe -->
	<item component="ComponentInfo{com.groupme.android/com.groupme.android.HomeActivity}" drawable="groupme" />

	<!-- Hill Climb Racing -->
	<item component="ComponentInfo{com.fingersoft.hillclimb/com.fingersoft.game.MainActivity}" drawable="hill_climb_racing" />

	<!-- JoinNow MultiOS -->
	<item component="ComponentInfo{com.securew2.paladin/com.securew2.paladin.android.activity.MainActivity}" drawable="joinnow_multios" />

	<!-- Knightin' -->
	<item component="ComponentInfo{com.crescentmoongames.knightin/com.crescentmoongames.knightin.MainActivity}" drawable="knightin" />

	<!-- Libby -->
	<item component="ComponentInfo{com.overdrive.mobile.android.libby/com.overdrive.mobile.android.nautilus.ui.Activity_Main}" drawable="libby" />

	<!-- Library -->
	<item component="ComponentInfo{org.lds.ldssa/org.lds.ldssa.ux.main.MainActivity}" drawable="library" />

	<!-- Living -->
	<item component="ComponentInfo{org.lds.liv/org.lds.gliv.ux.nav.SplashActivity}" drawable="living" />

	<!-- Mahjong -->
	<item component="ComponentInfo{com.fenghenda.mahjong/com.fenghenda.mahjong.MainActivity}" drawable="mahjong" />

	<!-- Monopoly -->
	<item component="ComponentInfo{com.marmalade.monopoly/com.google.firebase.MessagingUnityPlayerActivity}" drawable="monopoly" />

	<!-- movie-web -->
	<item component="ComponentInfo{org.chromium.webapk.a3abb961cf027312d_v2/org.chromium.webapk.shell_apk.h2o.H2OOpaqueMainActivity}" drawable="movie_web" />

	<!-- Music -->
	<item component="ComponentInfo{org.lds.ldsmusic/org.lds.ldsmusic.ux.startup.StartupActivity}" drawable="music" />

	<!-- mySeminary -->
	<item component="ComponentInfo{org.chromium.webapk.a22e4ed40b215fb1b_v2/org.chromium.webapk.shell_apk.h2o.H2OOpaqueMainActivity}" drawable="myseminary" />

	<!-- Network Scanner -->
	<item component="ComponentInfo{com.pzolee.networkscanner/com.pzolee.networkscanner.MainActivity}" drawable="network_scanner" />

	<!-- NYT Games -->
	<item component="ComponentInfo{com.nytimes.crossword/com.nytimes.crosswordlib.activity.MainActivity}" drawable="nyt_games" />

	<!-- OctoApp -->
	<item component="ComponentInfo{de.crysxd.octoapp/de.crysxd.octoapp.MainActivity}" drawable="octoapp" />

	<!-- Open World -->
	<item component="ComponentInfo{com.bewgames.openworld/org.cocos2dx.cpp.AppActivity}" drawable="open_world" />

	<!-- Pi-hole Connect -->
	<item component="ComponentInfo{com.tien.piholeconnect/com.tien.piholeconnect.MainActivity}" drawable="pi_hole_connect" />

	<!-- PowerSchool -->
	<item component="ComponentInfo{com.powerschool.portal/com.pearson.powerschool.android.portal.PortalActivity}" drawable="powerschool" />

	<!-- Remote Desktop -->
	<item component="ComponentInfo{com.google.chromeremotedesktop/com.google.remoting.androidwrapper.MainActivity}" drawable="remote_desktop" />

	<!-- RetroArch Plus -->
	<item component="ComponentInfo{com.retroarch.aarch64/com.retroarch.browser.mainmenu.MainMenuActivity}" drawable="retroarch_plus" />

	<!-- RVNC Viewer -->
	<item component="ComponentInfo{com.realvnc.viewer.android/com.realvnc.viewer.android.app.ConnectionChooserActivity}" drawable="rvnc_viewer" />

	<!-- Samsung Cloud -->
	<item component="ComponentInfo{com.samsung.android.scloud/com.samsung.android.scloud.app.ui.splash.launcher}" drawable="samsung_cloud" />

	<!-- Scam Shield -->
	<item component="ComponentInfo{com.tmobile.services.nameid/com.tmobile.services.nameid.Startup.IdentifyingNumbersActivity}" drawable="scam_shield" />

	<!-- Sora -->
	<item component="ComponentInfo{com.overdrive.mobile.android.sora/com.overdrive.mobile.android.nautilus.ui.Activity_Main}" drawable="sora" />

	<!-- SRPG 1 -->
	<item component="ComponentInfo{com.bewgames.survivaladventure/org.cocos2dx.cpp.AppActivity}" drawable="srpg_1" />

	<!-- SRPG 2 -->
	<item component="ComponentInfo{com.bewgames.templeruins/org.cocos2dx.cpp.AppActivity}" drawable="srpg_2" />

	<!-- SRPG 3 -->
	<item component="ComponentInfo{com.bewgames.lostintime/org.cocos2dx.cpp.AppActivity}" drawable="srpg_3" />

	<!-- SRW 2 -->
	<item component="ComponentInfo{com.rkgames.basisgame/com.unity3d.player.UnityPlayerActivity}" drawable="srw_2" />

	<!-- Strava -->
	<item component="ComponentInfo{com.strava/com.strava.SplashActivity}" drawable="strava" />

	<!-- Tailscale -->
	<item component="ComponentInfo{com.tailscale.ipn/com.tailscale.ipn.IPNActivity}" drawable="tailscale" />

	<!-- Tetris -->
	<item component="ComponentInfo{com.n3twork.tetris/com.n3twork.NWUnityPlayerActivity}" drawable="tetris" />

	<!-- The Bibulator -->
	<item component="ComponentInfo{org.chromium.webapk.a544727f3e14d4d19_v2/org.chromium.webapk.shell_apk.h2o.H2OOpaqueMainActivity}" drawable="the_bibulator" />

	<!-- Tools -->
	<item component="ComponentInfo{org.lds.ldstools/org.lds.ldstools.ux.main.MainActivity}" drawable="tools" />

	<!-- tpPLC -->
	<item component="ComponentInfo{com.tplink.tpplc/com.tplink.tpplc.AppLaunchActivity}" drawable="tpplc" />

	<!-- Watermelon -->
	<item component="ComponentInfo{com.lazycell.watermelon/com.unity3d.player.UnityPlayerActivity}" drawable="watermelon" />

	<!-- Wii Phone -->
	<item component="ComponentInfo{com.karuzohikari.wiiphone/com.unity3d.player.UnityPlayerActivity}" drawable="wii_phone" />

</resources>