<Theme version="1">

	<!-- 2FAuth -->
	<AppIcon name="org.chromium.webapk.ab4bd3da93f0edb6b_v2/org.chromium.webapk.shell_apk.h2o.H2OOpaqueMainActivity" image="_2fauth"/>

	<!-- Allancoding Beef Admin -->
	<AppIcon name="org.chromium.webapk.aff61a053c754f81e_v2/org.chromium.webapk.shell_apk.h2o.H2OOpaqueMainActivity" image="allancoding_beef_admin"/>

	<!-- Audiobookshelf -->
	<AppIcon name="com.audiobookshelf.app/com.audiobookshelf.app.MainActivity" image="audiobookshelf"/>

	<!-- Bluetooth Keyboard & Mouse -->
	<AppIcon name="io.appground.blekpremium/io.appground.blek.MainActivity" image="bluetooth_keyboard_and_mouse"/>

	<!-- Boxcars by Riogrande Games -->
	<AppIcon name="com.montanab.rgg/com.montanab.rgg.MainActivity" image="boxcars_by_riogrande_games"/>

	<!-- Camera Connect -->
	<AppIcon name="jp.co.canon.ic.cameraconnect/jp.co.canon.ic.cameraconnect.top.CCTopActivity" image="camera_connect"/>

	<!-- Chirp -->
	<AppIcon name="com.chirpbooks.chirp/com.chirpbooks.chirp.MainActivity" image="chirp"/>

	<!-- ClassiCube -->
	<AppIcon name="com.classicube.android.client/com.classicube.MainActivity" image="classicube"/>

	<!-- CloudMare -->
	<AppIcon name="dev.jtsalva.cloudmare/dev.jtsalva.cloudmare.ZoneListActivity" image="cloudmare"/>

	<!-- Doctrinal Mastery -->
	<AppIcon name="org.lds.sm/org.lds.sm.ux.main.MainActivity" image="doctrinal_mastery"/>

	<!-- Epson Print Enabler -->
	<AppIcon name="com.epson.mobilephone.android.epsonprintserviceplugin/com.epson.mobilephone.android.epsonprintserviceplugin.WelcomeScreenActivity" image="epson_print_enabler"/>

	<!-- Flow Free -->
	<AppIcon name="com.bigduckgames.flow/com.bigduckgames.flow.flow" image="flow_free"/>

	<!-- FTC Driver Station -->
	<AppIcon name="com.qualcomm.ftcdriverstation/com.qualcomm.ftcdriverstation.DriverStationUserspaceAlias" image="ftc_driver_station"/>

	<!-- FTC Scorer 2023-24 -->
	<AppIcon name="org.themomentmakers.ftc.scorer/org.themomentmakers.ftc.scorer.MainActivity" image="ftc_scorer_2023_24"/>

	<!-- Fusion -->
	<AppIcon name="com.autodesk.fusion/com.autodesk.a360.ui.activities.launcher.A360LauncherActivity" image="fusion"/>

	<!-- Geocaching -->
	<AppIcon name="com.groundspeak.geocaching.intro/com.groundspeak.geocaching.intro.main.MainActivity" image="geocaching"/>

	<!-- GroupMe -->
	<AppIcon name="com.groupme.android/com.groupme.android.HomeActivity" image="groupme"/>

	<!-- Hill Climb Racing -->
	<AppIcon name="com.fingersoft.hillclimb/com.fingersoft.game.MainActivity" image="hill_climb_racing"/>

	<!-- JoinNow MultiOS -->
	<AppIcon name="com.securew2.paladin/com.securew2.paladin.android.activity.MainActivity" image="joinnow_multios"/>

	<!-- Knightin' -->
	<AppIcon name="com.crescentmoongames.knightin/com.crescentmoongames.knightin.MainActivity" image="knightin"/>

	<!-- Libby -->
	<AppIcon name="com.overdrive.mobile.android.libby/com.overdrive.mobile.android.nautilus.ui.Activity_Main" image="libby"/>

	<!-- Library -->
	<AppIcon name="org.lds.ldssa/org.lds.ldssa.ux.main.MainActivity" image="library"/>

	<!-- Living -->
	<AppIcon name="org.lds.liv/org.lds.gliv.ux.nav.SplashActivity" image="living"/>

	<!-- Mahjong -->
	<AppIcon name="com.fenghenda.mahjong/com.fenghenda.mahjong.MainActivity" image="mahjong"/>

	<!-- Monopoly -->
	<AppIcon name="com.marmalade.monopoly/com.google.firebase.MessagingUnityPlayerActivity" image="monopoly"/>

	<!-- movie-web -->
	<AppIcon name="org.chromium.webapk.a3abb961cf027312d_v2/org.chromium.webapk.shell_apk.h2o.H2OOpaqueMainActivity" image="movie_web"/>

	<!-- Music -->
	<AppIcon name="org.lds.ldsmusic/org.lds.ldsmusic.ux.startup.StartupActivity" image="music"/>

	<!-- mySeminary -->
	<AppIcon name="org.chromium.webapk.a22e4ed40b215fb1b_v2/org.chromium.webapk.shell_apk.h2o.H2OOpaqueMainActivity" image="myseminary"/>

	<!-- Network Scanner -->
	<AppIcon name="com.pzolee.networkscanner/com.pzolee.networkscanner.MainActivity" image="network_scanner"/>

	<!-- NYT Games -->
	<AppIcon name="com.nytimes.crossword/com.nytimes.crosswordlib.activity.MainActivity" image="nyt_games"/>

	<!-- OctoApp -->
	<AppIcon name="de.crysxd.octoapp/de.crysxd.octoapp.MainActivity" image="octoapp"/>

	<!-- Open World -->
	<AppIcon name="com.bewgames.openworld/org.cocos2dx.cpp.AppActivity" image="open_world"/>

	<!-- Pi-hole Connect -->
	<AppIcon name="com.tien.piholeconnect/com.tien.piholeconnect.MainActivity" image="pi_hole_connect"/>

	<!-- PowerSchool -->
	<AppIcon name="com.powerschool.portal/com.pearson.powerschool.android.portal.PortalActivity" image="powerschool"/>

	<!-- Remote Desktop -->
	<AppIcon name="com.google.chromeremotedesktop/com.google.remoting.androidwrapper.MainActivity" image="remote_desktop"/>

	<!-- RetroArch Plus -->
	<AppIcon name="com.retroarch.aarch64/com.retroarch.browser.mainmenu.MainMenuActivity" image="retroarch_plus"/>

	<!-- RVNC Viewer -->
	<AppIcon name="com.realvnc.viewer.android/com.realvnc.viewer.android.app.ConnectionChooserActivity" image="rvnc_viewer"/>

	<!-- Samsung Cloud -->
	<AppIcon name="com.samsung.android.scloud/com.samsung.android.scloud.app.ui.splash.launcher" image="samsung_cloud"/>

	<!-- Scam Shield -->
	<AppIcon name="com.tmobile.services.nameid/com.tmobile.services.nameid.Startup.IdentifyingNumbersActivity" image="scam_shield"/>

	<!-- Sora -->
	<AppIcon name="com.overdrive.mobile.android.sora/com.overdrive.mobile.android.nautilus.ui.Activity_Main" image="sora"/>

	<!-- SRPG 1 -->
	<AppIcon name="com.bewgames.survivaladventure/org.cocos2dx.cpp.AppActivity" image="srpg_1"/>

	<!-- SRPG 2 -->
	<AppIcon name="com.bewgames.templeruins/org.cocos2dx.cpp.AppActivity" image="srpg_2"/>

	<!-- SRPG 3 -->
	<AppIcon name="com.bewgames.lostintime/org.cocos2dx.cpp.AppActivity" image="srpg_3"/>

	<!-- SRW 2 -->
	<AppIcon name="com.rkgames.basisgame/com.unity3d.player.UnityPlayerActivity" image="srw_2"/>

	<!-- Strava -->
	<AppIcon name="com.strava/com.strava.SplashActivity" image="strava"/>

	<!-- Tailscale -->
	<AppIcon name="com.tailscale.ipn/com.tailscale.ipn.IPNActivity" image="tailscale"/>

	<!-- Tetris -->
	<AppIcon name="com.n3twork.tetris/com.n3twork.NWUnityPlayerActivity" image="tetris"/>

	<!-- The Bibulator -->
	<AppIcon name="org.chromium.webapk.a544727f3e14d4d19_v2/org.chromium.webapk.shell_apk.h2o.H2OOpaqueMainActivity" image="the_bibulator"/>

	<!-- Tools -->
	<AppIcon name="org.lds.ldstools/org.lds.ldstools.ux.main.MainActivity" image="tools"/>

	<!-- tpPLC -->
	<AppIcon name="com.tplink.tpplc/com.tplink.tpplc.AppLaunchActivity" image="tpplc"/>

	<!-- Watermelon -->
	<AppIcon name="com.lazycell.watermelon/com.unity3d.player.UnityPlayerActivity" image="watermelon"/>

	<!-- Wii Phone -->
	<AppIcon name="com.karuzohikari.wiiphone/com.unity3d.player.UnityPlayerActivity" image="wii_phone"/>

</Theme>