<resources>

	<!-- A Cloud Guru -->
	<item component="ComponentInfo{com.acloudguru/com.acloudguru.MainActivity}" drawable="a_cloud_guru" />

	<!-- Apex Manager -->
	<item component="ComponentInfo{com.vivokey.apexmanager/com.vivokey.apexmanager.presentation.ApexManagerActivity}" drawable="apex_manager" />

	<!-- App Tester -->
	<item component="ComponentInfo{dev.firebase.appdistribution/dev.firebase.appdistribution.main.MainActivity}" drawable="app tester" />

	<!-- Awlad School -->
	<item component="ComponentInfo{com.bdouin.awladschool/com.bdouin.awladschool.MainActivity}" drawable="awlad_school" />

	<!-- ChipDefense -->
	<item component="ComponentInfo{de.chadenas.cpudefense/com.example.cpudefense.WelcomeActivity}" drawable="chipdefense" />

	<!-- Curve -->
	<item component="ComponentInfo{com.imaginecurve.curve.prd/com.imaginecurve.curve.startup.launch.LaunchActivity}" drawable="curve" />

	<!-- CyberArk Identity -->
	<item component="ComponentInfo{com.centrify.mdm.samsung/com.centrify.directcontrol.Identity}" drawable="cyberark_identity" />

	<!-- CyberArk Identity -->
	<item component="ComponentInfo{com.centrify.mdm.samsung.internal/com.centrify.directcontrol.Identity}" drawable="cyberark_identity" />

	<!-- CyberArk Mobile -->
	<item component="ComponentInfo{com.cyberark.alero/com.cyberark.alero.MainActivity}" drawable="cyberark_mobile" />

	<!-- Duo Mobile -->
	<item component="ComponentInfo{com.duosecurity.duomobile/com.duosecurity.duomobile.account_list.AccountListActivity}" drawable="duo_mobile" />

	<!-- Etar -->
	<item component="ComponentInfo{ws.xsoh.etar/com.android.calendar.AllInOneActivity}" drawable="etar" />

	<!-- Expensify -->
	<item component="ComponentInfo{org.me.mobiexpensifyg/org.me.mobiexpensifyg.ExpensifyActivityBase}" drawable="expensify" />

	<!-- Fidesmo -->
	<item component="ComponentInfo{com.fidesmo.sec.android/com.fidesmo.sec.android.ui.MainActivity}" drawable="fidesmo" />

	<!-- Fortuneo -->
	<item component="ComponentInfo{com.fortuneo.android/com.fortuneo.android.activities.EntryActivity}" drawable="fortuneo" />

	<!-- G7 Taxi -->
	<item component="ComponentInfo{fr.taxisg7.grandpublic/fr.taxisg7.app.launcher}" drawable="g7_taxi" />

	<!-- Image Toolbox -->
	<item component="ComponentInfo{ru.tech.imageresizershrinker/ru.tech.imageresizershrinker.presentation.AppActivity}" drawable="image_toolbox" />

	<!-- KeyboardSwap Plugin -->
	<item component="ComponentInfo{keepass2android.plugin.keyboardswap2/crc64546702c72fe163a8.MainActivity}" drawable="keyboardswap_plugin" />

	<!-- Le Monde -->
	<item component="ComponentInfo{com.lemonde.androidapp/com.lemonde.androidapp.MainActivity}" drawable="le_monde" />

	<!-- Leboncoin -->
	<item component="ComponentInfo{fr.leboncoin/fr.leboncoin.features.splashscreen.ui.activities.SplashScreenActivity}" drawable="leboncoin" />

	<!-- Mariages.net -->
	<item component="ComponentInfo{net.mariages.launcher/net.bodas.launcher.presentation.screens.splash.SplashScreenActivity}" drawable="mariagesnet" />

	<!-- Mes Comptes - LCL -->
	<item component="ComponentInfo{fr.lcl.android.customerarea/fr.lcl.android.customerarea.activities.notconnected.SplashScreenActivity}" drawable="mes_comptes_lcl" />

	<!-- MusicCast -->
	<item component="ComponentInfo{com.yamaha.av.musiccastcontroller/com.yamaha.av.musiccastcontroller.activity.MainActivity}" drawable="musiccast" />

	<!-- MX Player -->
	<item component="ComponentInfo{com.mxtech.videoplayer.ad/com.mxtech.videoplayer.ad.ActivityWelcomeMX}" drawable="mx_player" />

	<!-- OQEE by Free -->
	<item component="ComponentInfo{net.oqee.androidmobile/net.oqee.android.ui.main.splash.SplashActivity}" drawable="oqee_by_free" />

	<!-- personalDNSfilter -->
	<item component="ComponentInfo{dnsfilter.android/dnsfilter.android.DNSProxyActivity}" drawable="personaldnsfilter" />

	<!-- Pluxee FR -->
	<item component="ComponentInfo{com.guerdons.passresto/com.sodexo.passresto.loading.presentation.activites.LoadingActivity}" drawable="pluxee_fr" />

	<!-- Port Knocker -->
	<item component="ComponentInfo{com.xargsgrep.portknocker/com.xargsgrep.portknocker.activity.HostListActivity}" drawable="port_knocker" />

	<!-- SatStat -->
	<item component="ComponentInfo{com.vonglasow.michael.satstat/com.vonglasow.michael.satstat.ui.MainActivity}" drawable="satstat" />

	<!-- SharePoint -->
	<item component="ComponentInfo{com.microsoft.sharepoint/com.microsoft.sharepoint.MainActivity}" drawable="sharepoint" />

	<!-- Sky Map -->
	<item component="ComponentInfo{com.google.android.stardroid/com.google.android.stardroid.activities.SplashScreenActivity}" drawable="sky map" />

	<!-- SNCF Connect -->
	<item component="ComponentInfo{com.vsct.vsc.mobile.horaireetresa.android/com.evoyageurs.invictus.flutter.MainActivity}" drawable="sncf_connect" />

	<!-- Téléphone -->
	<item component="ComponentInfo{com.orange.phone/com.orange.phone.DialtactsActivity}" drawable="telephone" />

	<!-- Textra -->
	<item component="ComponentInfo{com.textra/com.mplus.lib.ui.main.Main}" drawable="textra" />

	<!-- Ultrasonic -->
	<item component="ComponentInfo{org.moire.ultrasonic/org.moire.ultrasonic.activity.NavigationActivity}" drawable="ultrasonic" />

</resources>