<appmap>

	<!-- A Cloud Guru -->
	<item class="com.acloudguru.MainActivity" name="a_cloud_guru"/>

	<!-- Apex Manager -->
	<item class="com.vivokey.apexmanager.presentation.ApexManagerActivity" name="apex_manager"/>

	<!-- App Tester -->
	<item class="dev.firebase.appdistribution.main.MainActivity" name="app tester"/>

	<!-- Awlad School -->
	<item class="com.bdouin.awladschool.MainActivity" name="awlad_school"/>

	<!-- ChipDefense -->
	<item class="com.example.cpudefense.WelcomeActivity" name="chipdefense"/>

	<!-- Curve -->
	<item class="com.imaginecurve.curve.startup.launch.LaunchActivity" name="curve"/>

	<!-- CyberArk Identity -->
	<item class="com.centrify.directcontrol.Identity" name="cyberark_identity"/>

	<!-- CyberArk Identity -->
	<item class="com.centrify.directcontrol.Identity" name="cyberark_identity"/>

	<!-- CyberArk Mobile -->
	<item class="com.cyberark.alero.MainActivity" name="cyberark_mobile"/>

	<!-- Duo Mobile -->
	<item class="com.duosecurity.duomobile.account_list.AccountListActivity" name="duo_mobile"/>

	<!-- Etar -->
	<item class="com.android.calendar.AllInOneActivity" name="etar"/>

	<!-- Expensify -->
	<item class="org.me.mobiexpensifyg.ExpensifyActivityBase" name="expensify"/>

	<!-- Fidesmo -->
	<item class="com.fidesmo.sec.android.ui.MainActivity" name="fidesmo"/>

	<!-- Fortuneo -->
	<item class="com.fortuneo.android.activities.EntryActivity" name="fortuneo"/>

	<!-- G7 Taxi -->
	<item class="fr.taxisg7.app.launcher" name="g7_taxi"/>

	<!-- Image Toolbox -->
	<item class="ru.tech.imageresizershrinker.presentation.AppActivity" name="image_toolbox"/>

	<!-- KeyboardSwap Plugin -->
	<item class="crc64546702c72fe163a8.MainActivity" name="keyboardswap_plugin"/>

	<!-- Le Monde -->
	<item class="com.lemonde.androidapp.MainActivity" name="le_monde"/>

	<!-- Leboncoin -->
	<item class="fr.leboncoin.features.splashscreen.ui.activities.SplashScreenActivity" name="leboncoin"/>

	<!-- Mariages.net -->
	<item class="net.bodas.launcher.presentation.screens.splash.SplashScreenActivity" name="mariagesnet"/>

	<!-- Mes Comptes - LCL -->
	<item class="fr.lcl.android.customerarea.activities.notconnected.SplashScreenActivity" name="mes_comptes_lcl"/>

	<!-- MusicCast -->
	<item class="com.yamaha.av.musiccastcontroller.activity.MainActivity" name="musiccast"/>

	<!-- MX Player -->
	<item class="com.mxtech.videoplayer.ad.ActivityWelcomeMX" name="mx_player"/>

	<!-- OQEE by Free -->
	<item class="net.oqee.android.ui.main.splash.SplashActivity" name="oqee_by_free"/>

	<!-- personalDNSfilter -->
	<item class="dnsfilter.android.DNSProxyActivity" name="personaldnsfilter"/>

	<!-- Pluxee FR -->
	<item class="com.sodexo.passresto.loading.presentation.activites.LoadingActivity" name="pluxee_fr"/>

	<!-- Port Knocker -->
	<item class="com.xargsgrep.portknocker.activity.HostListActivity" name="port_knocker"/>

	<!-- SatStat -->
	<item class="com.vonglasow.michael.satstat.ui.MainActivity" name="satstat"/>

	<!-- SharePoint -->
	<item class="com.microsoft.sharepoint.MainActivity" name="sharepoint"/>

	<!-- Sky Map -->
	<item class="com.google.android.stardroid.activities.SplashScreenActivity" name="sky map"/>

	<!-- SNCF Connect -->
	<item class="com.evoyageurs.invictus.flutter.MainActivity" name="sncf_connect"/>

	<!-- Téléphone -->
	<item class="com.orange.phone.DialtactsActivity" name="telephone"/>

	<!-- Textra -->
	<item class="com.mplus.lib.ui.main.Main" name="textra"/>

	<!-- Ultrasonic -->
	<item class="org.moire.ultrasonic.activity.NavigationActivity" name="ultrasonic"/>

</appmap>