<Theme version="1">

	<!-- A Cloud Guru -->
	<AppIcon name="com.acloudguru/com.acloudguru.MainActivity" image="a_cloud_guru"/>

	<!-- Apex Manager -->
	<AppIcon name="com.vivokey.apexmanager/com.vivokey.apexmanager.presentation.ApexManagerActivity" image="apex_manager"/>

	<!-- App Tester -->
	<AppIcon name="dev.firebase.appdistribution/dev.firebase.appdistribution.main.MainActivity" image="app tester"/>

	<!-- Awlad School -->
	<AppIcon name="com.bdouin.awladschool/com.bdouin.awladschool.MainActivity" image="awlad_school"/>

	<!-- ChipDefense -->
	<AppIcon name="de.chadenas.cpudefense/com.example.cpudefense.WelcomeActivity" image="chipdefense"/>

	<!-- Curve -->
	<AppIcon name="com.imaginecurve.curve.prd/com.imaginecurve.curve.startup.launch.LaunchActivity" image="curve"/>

	<!-- CyberArk Identity -->
	<AppIcon name="com.centrify.mdm.samsung/com.centrify.directcontrol.Identity" image="cyberark_identity"/>

	<!-- CyberArk Identity -->
	<AppIcon name="com.centrify.mdm.samsung.internal/com.centrify.directcontrol.Identity" image="cyberark_identity"/>

	<!-- CyberArk Mobile -->
	<AppIcon name="com.cyberark.alero/com.cyberark.alero.MainActivity" image="cyberark_mobile"/>

	<!-- Duo Mobile -->
	<AppIcon name="com.duosecurity.duomobile/com.duosecurity.duomobile.account_list.AccountListActivity" image="duo_mobile"/>

	<!-- Etar -->
	<AppIcon name="ws.xsoh.etar/com.android.calendar.AllInOneActivity" image="etar"/>

	<!-- Expensify -->
	<AppIcon name="org.me.mobiexpensifyg/org.me.mobiexpensifyg.ExpensifyActivityBase" image="expensify"/>

	<!-- Fidesmo -->
	<AppIcon name="com.fidesmo.sec.android/com.fidesmo.sec.android.ui.MainActivity" image="fidesmo"/>

	<!-- Fortuneo -->
	<AppIcon name="com.fortuneo.android/com.fortuneo.android.activities.EntryActivity" image="fortuneo"/>

	<!-- G7 Taxi -->
	<AppIcon name="fr.taxisg7.grandpublic/fr.taxisg7.app.launcher" image="g7_taxi"/>

	<!-- Image Toolbox -->
	<AppIcon name="ru.tech.imageresizershrinker/ru.tech.imageresizershrinker.presentation.AppActivity" image="image_toolbox"/>

	<!-- KeyboardSwap Plugin -->
	<AppIcon name="keepass2android.plugin.keyboardswap2/crc64546702c72fe163a8.MainActivity" image="keyboardswap_plugin"/>

	<!-- Le Monde -->
	<AppIcon name="com.lemonde.androidapp/com.lemonde.androidapp.MainActivity" image="le_monde"/>

	<!-- Leboncoin -->
	<AppIcon name="fr.leboncoin/fr.leboncoin.features.splashscreen.ui.activities.SplashScreenActivity" image="leboncoin"/>

	<!-- Mariages.net -->
	<AppIcon name="net.mariages.launcher/net.bodas.launcher.presentation.screens.splash.SplashScreenActivity" image="mariagesnet"/>

	<!-- Mes Comptes - LCL -->
	<AppIcon name="fr.lcl.android.customerarea/fr.lcl.android.customerarea.activities.notconnected.SplashScreenActivity" image="mes_comptes_lcl"/>

	<!-- MusicCast -->
	<AppIcon name="com.yamaha.av.musiccastcontroller/com.yamaha.av.musiccastcontroller.activity.MainActivity" image="musiccast"/>

	<!-- MX Player -->
	<AppIcon name="com.mxtech.videoplayer.ad/com.mxtech.videoplayer.ad.ActivityWelcomeMX" image="mx_player"/>

	<!-- OQEE by Free -->
	<AppIcon name="net.oqee.androidmobile/net.oqee.android.ui.main.splash.SplashActivity" image="oqee_by_free"/>

	<!-- personalDNSfilter -->
	<AppIcon name="dnsfilter.android/dnsfilter.android.DNSProxyActivity" image="personaldnsfilter"/>

	<!-- Pluxee FR -->
	<AppIcon name="com.guerdons.passresto/com.sodexo.passresto.loading.presentation.activites.LoadingActivity" image="pluxee_fr"/>

	<!-- Port Knocker -->
	<AppIcon name="com.xargsgrep.portknocker/com.xargsgrep.portknocker.activity.HostListActivity" image="port_knocker"/>

	<!-- SatStat -->
	<AppIcon name="com.vonglasow.michael.satstat/com.vonglasow.michael.satstat.ui.MainActivity" image="satstat"/>

	<!-- SharePoint -->
	<AppIcon name="com.microsoft.sharepoint/com.microsoft.sharepoint.MainActivity" image="sharepoint"/>

	<!-- Sky Map -->
	<AppIcon name="com.google.android.stardroid/com.google.android.stardroid.activities.SplashScreenActivity" image="sky map"/>

	<!-- SNCF Connect -->
	<AppIcon name="com.vsct.vsc.mobile.horaireetresa.android/com.evoyageurs.invictus.flutter.MainActivity" image="sncf_connect"/>

	<!-- Téléphone -->
	<AppIcon name="com.orange.phone/com.orange.phone.DialtactsActivity" image="telephone"/>

	<!-- Textra -->
	<AppIcon name="com.textra/com.mplus.lib.ui.main.Main" image="textra"/>

	<!-- Ultrasonic -->
	<AppIcon name="org.moire.ultrasonic/org.moire.ultrasonic.activity.NavigationActivity" image="ultrasonic"/>

</Theme>