<resources>

	<!-- AudioFX -->
	<item component="ComponentInfo{org.lineageos.audiofx/org.lineageos.audiofx.activity.ActivityMusic}" drawable="audiofx" />

	<!-- Beeper -->
	<item component="ComponentInfo{com.beeper.chat/im.vector.application.features.Alias}" drawable="beeper" />

	<!-- Binaural Beats -->
	<item component="ComponentInfo{com.github.axet.binauralbeats/com.github.axet.binauralbeats.activities.MainActivity}" drawable="binaural_beats" />

	<!-- Breathly -->
	<item component="ComponentInfo{com.mmazzarolo.breathly/com.mmazzarolo.breathly.MainActivity}" drawable="breathly" />

	<!-- Connect -->
	<item component="ComponentInfo{com.garmin.android.apps.connectmobile/com.garmin.android.apps.connectmobile.GCMActivityStartup}" drawable="connect" />

	<!-- Converter NOW -->
	<item component="ComponentInfo{com.ferrarid.converterpro/com.ferrarid.converterpro.MainActivity}" drawable="converter_now" />

	<!-- Currencies -->
	<item component="ComponentInfo{de.salomax.currencies/de.salomax.currencies.view.main.MainActivity}" drawable="currencies" />

	<!-- DAVx⁵ -->
	<item component="ComponentInfo{at.bitfire.davdroid/at.bitfire.davdroid.ui.AccountsActivity}" drawable="davx⁵" />

	<!-- Element -->
	<item component="ComponentInfo{im.vector.app/im.vector.application.features.Alias}" drawable="element" />

	<!-- FairEmail -->
	<item component="ComponentInfo{eu.faircode.email/eu.faircode.email.ActivityMain}" drawable="fairemail" />

	<!-- Gemini -->
	<item component="ComponentInfo{com.gemini.android.app/com.gemini.android.MainActivity}" drawable="gemini" />

	<!-- HMRC -->
	<item component="ComponentInfo{uk.gov.hmrc.ptcalc/uk.gov.hmrc.ptcalc.presentation.splash.SplashActivity}" drawable="hmrc" />

	<!-- jtx Board -->
	<item component="ComponentInfo{at.techbee.jtx/at.techbee.jtx.MainActivity2}" drawable="jtx_board" />

	<!-- KeePassDX -->
	<item component="ComponentInfo{com.kunzisoft.keepass.libre/com.kunzisoft.keepass.activities.FileDatabaseSelectActivity}" drawable="keepassdx" />

	<!-- Lloyds Bank -->
	<item component="ComponentInfo{com.grppl.android.shell.CMBlloydsTSB73/com.halifax.halifax.GrappleActivity}" drawable="lloyds_bank" />

	<!-- Magic Earth -->
	<item component="ComponentInfo{com.generalmagic.magicearth/com.magiclane.androidsphere.map.MapActivity}" drawable="magic_earth" />

	<!-- Metronome -->
	<item component="ComponentInfo{de.moekadu.metronome/de.moekadu.metronome.MainActivity}" drawable="metronome" />

	<!-- MyFitnessPal -->
	<item component="ComponentInfo{com.myfitnesspal.android/com.myfitnesspal.android.splash.SplashActivity}" drawable="myfitnesspal" />

	<!-- Nextcloud -->
	<item component="ComponentInfo{com.nextcloud.client/com.nmc.android.ui.LauncherActivity}" drawable="nextcloud" />

	<!-- NextDNS Manager -->
	<item component="ComponentInfo{com.doubleangels.nextdnsmanagement/com.doubleangels.nextdnsmanagement.MainActivity}" drawable="nextdns_manager" />

	<!-- Notes -->
	<item component="ComponentInfo{it.niedermann.owncloud.notes/it.niedermann.owncloud.notes.main.MainActivity}" drawable="notes" />

	<!-- Odyssey -->
	<item component="ComponentInfo{org.gateshipone.odyssey/org.gateshipone.odyssey.activities.OdysseyMainActivity}" drawable="odyssey" />

	<!-- Open Video Editor -->
	<item component="ComponentInfo{io.github.devhyper.openvideoeditor/io.github.devhyper.openvideoeditor.main.MainActivity}" drawable="open_video_editor" />

	<!-- OpenFoodFacts -->
	<item component="ComponentInfo{openfoodfacts.github.scrachx.openfood/org.openfoodfacts.app.MainActivity}" drawable="openfoodfacts" />

	<!-- Openreads -->
	<item component="ComponentInfo{software.mdev.bookstracker/software.mdev.bookstracker.MainActivity}" drawable="openreads" />

	<!-- OSS Document Scanner -->
	<item component="ComponentInfo{com.akylas.documentscanner/com.akylas.documentscanner.MainActivity}" drawable="oss_document_scanner" />

	<!-- Pairdrop Snapdrop -->
	<item component="ComponentInfo{net.snapdrop/net.snapdrop.MainActivity}" drawable="pairdrop_snapdrop" />

	<!-- Revolut -->
	<item component="ComponentInfo{com.revolut.revolut/com.revolut.ui.login.pin.LoginActivity}" drawable="revolut" />

	<!-- Syncthing-Fork -->
	<item component="ComponentInfo{com.github.catfriend1.syncthingandroid/com.nutomic.syncthingandroid.activities.FirstStartActivity}" drawable="syncthing_fork" />

	<!-- Tasks -->
	<item component="ComponentInfo{org.tasks/com.todoroo.astrid.activity.TaskListActivity}" drawable="tasks" />

	<!-- URL Radio -->
	<item component="ComponentInfo{com.jamal2367.urlradio/com.jamal2367.urlradio.MainActivity}" drawable="url_radio" />

	<!-- Vitruvi -->
	<item component="ComponentInfo{com.fresnel.vitruvi/com.fresnel.vitruvi.MainActivity}" drawable="vitruvi" />

	<!-- YouHodler -->
	<item component="ComponentInfo{com.youhodler.youhodler/com.youhodler.youhodler.MainActivity}" drawable="youhodler" />

	<!-- YTDLnis -->
	<item component="ComponentInfo{com.deniscerri.ytdl/com.deniscerri.ytdlnis.Default}" drawable="ytdlnis" />

</resources>