<appmap>

	<!-- AudioFX -->
	<item class="org.lineageos.audiofx.activity.ActivityMusic" name="audiofx"/>

	<!-- Beeper -->
	<item class="im.vector.application.features.Alias" name="beeper"/>

	<!-- Binaural Beats -->
	<item class="com.github.axet.binauralbeats.activities.MainActivity" name="binaural_beats"/>

	<!-- Breathly -->
	<item class="com.mmazzarolo.breathly.MainActivity" name="breathly"/>

	<!-- Connect -->
	<item class="com.garmin.android.apps.connectmobile.GCMActivityStartup" name="connect"/>

	<!-- Converter NOW -->
	<item class="com.ferrarid.converterpro.MainActivity" name="converter_now"/>

	<!-- Currencies -->
	<item class="de.salomax.currencies.view.main.MainActivity" name="currencies"/>

	<!-- DAVx⁵ -->
	<item class="at.bitfire.davdroid.ui.AccountsActivity" name="davx⁵"/>

	<!-- Element -->
	<item class="im.vector.application.features.Alias" name="element"/>

	<!-- FairEmail -->
	<item class="eu.faircode.email.ActivityMain" name="fairemail"/>

	<!-- Gemini -->
	<item class="com.gemini.android.MainActivity" name="gemini"/>

	<!-- HMRC -->
	<item class="uk.gov.hmrc.ptcalc.presentation.splash.SplashActivity" name="hmrc"/>

	<!-- jtx Board -->
	<item class="at.techbee.jtx.MainActivity2" name="jtx_board"/>

	<!-- KeePassDX -->
	<item class="com.kunzisoft.keepass.activities.FileDatabaseSelectActivity" name="keepassdx"/>

	<!-- Lloyds Bank -->
	<item class="com.halifax.halifax.GrappleActivity" name="lloyds_bank"/>

	<!-- Magic Earth -->
	<item class="com.magiclane.androidsphere.map.MapActivity" name="magic_earth"/>

	<!-- Metronome -->
	<item class="de.moekadu.metronome.MainActivity" name="metronome"/>

	<!-- MyFitnessPal -->
	<item class="com.myfitnesspal.android.splash.SplashActivity" name="myfitnesspal"/>

	<!-- Nextcloud -->
	<item class="com.nmc.android.ui.LauncherActivity" name="nextcloud"/>

	<!-- NextDNS Manager -->
	<item class="com.doubleangels.nextdnsmanagement.MainActivity" name="nextdns_manager"/>

	<!-- Notes -->
	<item class="it.niedermann.owncloud.notes.main.MainActivity" name="notes"/>

	<!-- Odyssey -->
	<item class="org.gateshipone.odyssey.activities.OdysseyMainActivity" name="odyssey"/>

	<!-- Open Video Editor -->
	<item class="io.github.devhyper.openvideoeditor.main.MainActivity" name="open_video_editor"/>

	<!-- OpenFoodFacts -->
	<item class="org.openfoodfacts.app.MainActivity" name="openfoodfacts"/>

	<!-- Openreads -->
	<item class="software.mdev.bookstracker.MainActivity" name="openreads"/>

	<!-- OSS Document Scanner -->
	<item class="com.akylas.documentscanner.MainActivity" name="oss_document_scanner"/>

	<!-- Pairdrop Snapdrop -->
	<item class="net.snapdrop.MainActivity" name="pairdrop_snapdrop"/>

	<!-- Revolut -->
	<item class="com.revolut.ui.login.pin.LoginActivity" name="revolut"/>

	<!-- Syncthing-Fork -->
	<item class="com.nutomic.syncthingandroid.activities.FirstStartActivity" name="syncthing_fork"/>

	<!-- Tasks -->
	<item class="com.todoroo.astrid.activity.TaskListActivity" name="tasks"/>

	<!-- URL Radio -->
	<item class="com.jamal2367.urlradio.MainActivity" name="url_radio"/>

	<!-- Vitruvi -->
	<item class="com.fresnel.vitruvi.MainActivity" name="vitruvi"/>

	<!-- YouHodler -->
	<item class="com.youhodler.youhodler.MainActivity" name="youhodler"/>

	<!-- YTDLnis -->
	<item class="com.deniscerri.ytdlnis.Default" name="ytdlnis"/>

</appmap>