<Theme version="1">

	<!-- AudioFX -->
	<AppIcon name="org.lineageos.audiofx/org.lineageos.audiofx.activity.ActivityMusic" image="audiofx"/>

	<!-- Beeper -->
	<AppIcon name="com.beeper.chat/im.vector.application.features.Alias" image="beeper"/>

	<!-- Binaural Beats -->
	<AppIcon name="com.github.axet.binauralbeats/com.github.axet.binauralbeats.activities.MainActivity" image="binaural_beats"/>

	<!-- Breathly -->
	<AppIcon name="com.mmazzarolo.breathly/com.mmazzarolo.breathly.MainActivity" image="breathly"/>

	<!-- Connect -->
	<AppIcon name="com.garmin.android.apps.connectmobile/com.garmin.android.apps.connectmobile.GCMActivityStartup" image="connect"/>

	<!-- Converter NOW -->
	<AppIcon name="com.ferrarid.converterpro/com.ferrarid.converterpro.MainActivity" image="converter_now"/>

	<!-- Currencies -->
	<AppIcon name="de.salomax.currencies/de.salomax.currencies.view.main.MainActivity" image="currencies"/>

	<!-- DAVx⁵ -->
	<AppIcon name="at.bitfire.davdroid/at.bitfire.davdroid.ui.AccountsActivity" image="davx⁵"/>

	<!-- Element -->
	<AppIcon name="im.vector.app/im.vector.application.features.Alias" image="element"/>

	<!-- FairEmail -->
	<AppIcon name="eu.faircode.email/eu.faircode.email.ActivityMain" image="fairemail"/>

	<!-- Gemini -->
	<AppIcon name="com.gemini.android.app/com.gemini.android.MainActivity" image="gemini"/>

	<!-- HMRC -->
	<AppIcon name="uk.gov.hmrc.ptcalc/uk.gov.hmrc.ptcalc.presentation.splash.SplashActivity" image="hmrc"/>

	<!-- jtx Board -->
	<AppIcon name="at.techbee.jtx/at.techbee.jtx.MainActivity2" image="jtx_board"/>

	<!-- KeePassDX -->
	<AppIcon name="com.kunzisoft.keepass.libre/com.kunzisoft.keepass.activities.FileDatabaseSelectActivity" image="keepassdx"/>

	<!-- Lloyds Bank -->
	<AppIcon name="com.grppl.android.shell.CMBlloydsTSB73/com.halifax.halifax.GrappleActivity" image="lloyds_bank"/>

	<!-- Magic Earth -->
	<AppIcon name="com.generalmagic.magicearth/com.magiclane.androidsphere.map.MapActivity" image="magic_earth"/>

	<!-- Metronome -->
	<AppIcon name="de.moekadu.metronome/de.moekadu.metronome.MainActivity" image="metronome"/>

	<!-- MyFitnessPal -->
	<AppIcon name="com.myfitnesspal.android/com.myfitnesspal.android.splash.SplashActivity" image="myfitnesspal"/>

	<!-- Nextcloud -->
	<AppIcon name="com.nextcloud.client/com.nmc.android.ui.LauncherActivity" image="nextcloud"/>

	<!-- NextDNS Manager -->
	<AppIcon name="com.doubleangels.nextdnsmanagement/com.doubleangels.nextdnsmanagement.MainActivity" image="nextdns_manager"/>

	<!-- Notes -->
	<AppIcon name="it.niedermann.owncloud.notes/it.niedermann.owncloud.notes.main.MainActivity" image="notes"/>

	<!-- Odyssey -->
	<AppIcon name="org.gateshipone.odyssey/org.gateshipone.odyssey.activities.OdysseyMainActivity" image="odyssey"/>

	<!-- Open Video Editor -->
	<AppIcon name="io.github.devhyper.openvideoeditor/io.github.devhyper.openvideoeditor.main.MainActivity" image="open_video_editor"/>

	<!-- OpenFoodFacts -->
	<AppIcon name="openfoodfacts.github.scrachx.openfood/org.openfoodfacts.app.MainActivity" image="openfoodfacts"/>

	<!-- Openreads -->
	<AppIcon name="software.mdev.bookstracker/software.mdev.bookstracker.MainActivity" image="openreads"/>

	<!-- OSS Document Scanner -->
	<AppIcon name="com.akylas.documentscanner/com.akylas.documentscanner.MainActivity" image="oss_document_scanner"/>

	<!-- Pairdrop Snapdrop -->
	<AppIcon name="net.snapdrop/net.snapdrop.MainActivity" image="pairdrop_snapdrop"/>

	<!-- Revolut -->
	<AppIcon name="com.revolut.revolut/com.revolut.ui.login.pin.LoginActivity" image="revolut"/>

	<!-- Syncthing-Fork -->
	<AppIcon name="com.github.catfriend1.syncthingandroid/com.nutomic.syncthingandroid.activities.FirstStartActivity" image="syncthing_fork"/>

	<!-- Tasks -->
	<AppIcon name="org.tasks/com.todoroo.astrid.activity.TaskListActivity" image="tasks"/>

	<!-- URL Radio -->
	<AppIcon name="com.jamal2367.urlradio/com.jamal2367.urlradio.MainActivity" image="url_radio"/>

	<!-- Vitruvi -->
	<AppIcon name="com.fresnel.vitruvi/com.fresnel.vitruvi.MainActivity" image="vitruvi"/>

	<!-- YouHodler -->
	<AppIcon name="com.youhodler.youhodler/com.youhodler.youhodler.MainActivity" image="youhodler"/>

	<!-- YTDLnis -->
	<AppIcon name="com.deniscerri.ytdl/com.deniscerri.ytdlnis.Default" image="ytdlnis"/>

</Theme>