<resources>

	<!-- 8 Ball Pool -->
	<item component="ComponentInfo{com.miniclip.eightballpool/com.miniclip.eightballpool.EightBallPoolActivity}" drawable="_8_ball_pool" />

	<!-- Baboon -->
	<item component="ComponentInfo{al.baboon/al.baboon.activities.MainActivity}" drawable="baboon" />

	<!-- BKT Smart -->
	<item component="ComponentInfo{com.bkt.mobile/al.com.bkt.mobile.ui.splash.SplashActivity}" drawable="bkt_smart" />

	<!-- Blood Strike -->
	<item component="ComponentInfo{com.netease.newspike/com.netease.game.MessiahNativeActivity}" drawable="blood_strike" />

	<!-- Coin Master -->
	<item component="ComponentInfo{com.moonactive.coinmaster/com.moon.coinmaster.android.GameActivity}" drawable="coin_master" />

	<!-- DBRespawned -->
	<item component="ComponentInfo{com.netflix.NGP.DungeonBossNewFrontiers/com.bossfightentertainment.hammer.HammerNativeActivity}" drawable="dbrespawned" />

	<!-- DigitAlb -->
	<item component="ComponentInfo{com.morescreens.digitalb/co.profi.spectartv.ui.activities.MainActivity}" drawable="digitalb" />

	<!-- e-Albania -->
	<item component="ComponentInfo{al.ealbania.app/crc64de3bc257f405f3bf.SplashActivity}" drawable="e_albania" />

	<!-- Evrotrust -->
	<item component="ComponentInfo{com.evrotrust.app/com.evrotrust.app.activities.FirstActivity}" drawable="evrotrust" />

	<!-- Foodini -->
	<item component="ComponentInfo{com.foodini.app/com.foodini.app.ui.auth.activity.SplashActivity}" drawable="foodini" />

	<!-- Ghost Detective -->
	<item component="ComponentInfo{com.netflix.NGP.GhostDetective/com.wooga.ghostdetective.GhostDetectivePlayerActivity}" drawable="ghost_detective" />

	<!-- Instagram -->
	<item component="ComponentInfo{com.aeroinsta.android/com.instagram.android.activity.MainTabActivity}" drawable="instagram" />

	<!-- JUTH -->
	<item component="ComponentInfo{com.vodafone.juthal/com.unity3d.player.UnityPlayerActivity}" drawable="juth" />

	<!-- Klani IM -->
	<item component="ComponentInfo{sk.antik.tvklan/sk.antik.tvklan.MainActivity}" drawable="klani_im" />

	<!-- Murlan Pro -->
	<item component="ComponentInfo{com.gaminations.murlan/com.unity3d.player.UnityPlayerActivity}" drawable="murlan_pro" />

	<!-- My Vodafone (Al) -->
	<item component="ComponentInfo{al.myvodafone.android/al.myvodafone.android.MainActivity}" drawable="my_vodafone_al_" />

	<!-- MyIute -->
	<item component="ComponentInfo{com.iutecredit.myiute.albania/com.iutecredit.myiute.MainActivity}" drawable="myiute" />

	<!-- Pixel Tips -->
	<item component="ComponentInfo{com.google.android.apps.tips/com.google.android.apps.tips.TipsMain}" drawable="pixel_tips" />

	<!-- Posta Shqiptare -->
	<item component="ComponentInfo{com.heliussystems.eposta/com.heliussystems.eposta.MainActivity}" drawable="posta_shqiptare" />

	<!-- Sausage Man -->
	<item component="ComponentInfo{com.GlobalSoFunny.Sausage/com.funny.FunActivity}" drawable="sausage_man" />

	<!-- Snapchat -->
	<item component="ComponentInfo{com.snapchat.android/com.snapchat.android.ZombieGhostAlias}" drawable="snapchat" />

	<!-- Speedometer -->
	<item component="ComponentInfo{gps.speedometer.gpsspeedometer.odometer/gps.speedometer.gpsspeedometer.odometer.activity.SplashActivity}" drawable="speedometer" />

	<!-- Thorn Balloons -->
	<item component="ComponentInfo{com.funspace.balloonbounce/com.tinytapgame.break3d.Main}" drawable="thorn_balloons" />

	<!-- TiBank -->
	<item component="ComponentInfo{pegasus.project.tirana.mobile.android.bundle.mobilebank/pegasus.project.tirana.mobile.android.bundle.mobilebank.splash.SplashActivity}" drawable="tibank" />

</resources>