<Theme version="1">

	<!-- 8 Ball Pool -->
	<AppIcon name="com.miniclip.eightballpool/com.miniclip.eightballpool.EightBallPoolActivity" image="_8_ball_pool"/>

	<!-- Baboon -->
	<AppIcon name="al.baboon/al.baboon.activities.MainActivity" image="baboon"/>

	<!-- BKT Smart -->
	<AppIcon name="com.bkt.mobile/al.com.bkt.mobile.ui.splash.SplashActivity" image="bkt_smart"/>

	<!-- Blood Strike -->
	<AppIcon name="com.netease.newspike/com.netease.game.MessiahNativeActivity" image="blood_strike"/>

	<!-- Coin Master -->
	<AppIcon name="com.moonactive.coinmaster/com.moon.coinmaster.android.GameActivity" image="coin_master"/>

	<!-- DBRespawned -->
	<AppIcon name="com.netflix.NGP.DungeonBossNewFrontiers/com.bossfightentertainment.hammer.HammerNativeActivity" image="dbrespawned"/>

	<!-- DigitAlb -->
	<AppIcon name="com.morescreens.digitalb/co.profi.spectartv.ui.activities.MainActivity" image="digitalb"/>

	<!-- e-Albania -->
	<AppIcon name="al.ealbania.app/crc64de3bc257f405f3bf.SplashActivity" image="e_albania"/>

	<!-- Evrotrust -->
	<AppIcon name="com.evrotrust.app/com.evrotrust.app.activities.FirstActivity" image="evrotrust"/>

	<!-- Foodini -->
	<AppIcon name="com.foodini.app/com.foodini.app.ui.auth.activity.SplashActivity" image="foodini"/>

	<!-- Ghost Detective -->
	<AppIcon name="com.netflix.NGP.GhostDetective/com.wooga.ghostdetective.GhostDetectivePlayerActivity" image="ghost_detective"/>

	<!-- Instagram -->
	<AppIcon name="com.aeroinsta.android/com.instagram.android.activity.MainTabActivity" image="instagram"/>

	<!-- JUTH -->
	<AppIcon name="com.vodafone.juthal/com.unity3d.player.UnityPlayerActivity" image="juth"/>

	<!-- Klani IM -->
	<AppIcon name="sk.antik.tvklan/sk.antik.tvklan.MainActivity" image="klani_im"/>

	<!-- Murlan Pro -->
	<AppIcon name="com.gaminations.murlan/com.unity3d.player.UnityPlayerActivity" image="murlan_pro"/>

	<!-- My Vodafone (Al) -->
	<AppIcon name="al.myvodafone.android/al.myvodafone.android.MainActivity" image="my_vodafone_al_"/>

	<!-- MyIute -->
	<AppIcon name="com.iutecredit.myiute.albania/com.iutecredit.myiute.MainActivity" image="myiute"/>

	<!-- Pixel Tips -->
	<AppIcon name="com.google.android.apps.tips/com.google.android.apps.tips.TipsMain" image="pixel_tips"/>

	<!-- Posta Shqiptare -->
	<AppIcon name="com.heliussystems.eposta/com.heliussystems.eposta.MainActivity" image="posta_shqiptare"/>

	<!-- Sausage Man -->
	<AppIcon name="com.GlobalSoFunny.Sausage/com.funny.FunActivity" image="sausage_man"/>

	<!-- Snapchat -->
	<AppIcon name="com.snapchat.android/com.snapchat.android.ZombieGhostAlias" image="snapchat"/>

	<!-- Speedometer -->
	<AppIcon name="gps.speedometer.gpsspeedometer.odometer/gps.speedometer.gpsspeedometer.odometer.activity.SplashActivity" image="speedometer"/>

	<!-- Thorn Balloons -->
	<AppIcon name="com.funspace.balloonbounce/com.tinytapgame.break3d.Main" image="thorn_balloons"/>

	<!-- TiBank -->
	<AppIcon name="pegasus.project.tirana.mobile.android.bundle.mobilebank/pegasus.project.tirana.mobile.android.bundle.mobilebank.splash.SplashActivity" image="tibank"/>

</Theme>