<Theme version="1">

	<!-- 17TRACK -->
	<AppIcon name="yqtrack.app/yqtrack.app.MainActivity" image="_17track"/>

	<!-- 1Password -->
	<AppIcon name="com.onepassword.android/com.onepassword.android.app.StartActivity" image="_1password"/>

	<!-- 4AiPaw -->
	<AppIcon name="com.hitpaw.ai.art/com.hitpaw.ai.art.WelcomeActivity" image="_4aipaw"/>

	<!-- 4D Parallax Wallpaper -->
	<AppIcon name="com.vinwap.parallaxpro/com.vinwap.parallaxpro.OpenActivity" image="_4d_parallax_wallpaper"/>

	<!-- 4K Wallpapers -->
	<AppIcon name="hd.wallpaper.live.parallax/hd.wallpaper.live.parallax.Activity.SplashActivity" image="_4k_wallpapers"/>

	<!-- 4shared -->
	<AppIcon name="com.forshared.files/com.cloud.module.splash.SplashActivity" image="_4shared"/>

	<!-- 6thStreet -->
	<AppIcon name="com.apparel.app6thstreet/com.apparel.app6thstreet.MainActivity" image="_6thstreet"/>

	<!-- أرامكس -->
	<AppIcon name="net.aramex/net.aramex.ui.landingpage.LandingPageActivity" image="أرامكس"/>

	<!-- إسعاد -->
	<AppIcon name="dubaipolice.esaad.ae.esaad_dubaipolice/dubaipolice.esaad.ae.esaad_dubaipolice.ui.activities.SplashActivity" image="إسعاد"/>

	<!-- إكسبو 2020 دبي -->
	<AppIcon name="com.expo2020dubai.android/com.expo2020dubai.android.view.MainActivity" image="إكسبو_2020_دبي"/>

	<!-- ابراهيم القرشي للعطور -->
	<AppIcon name="com.ibrahimalqurashiperfumes.android/webkul.opencart.mobikul.SplashScreen" image="ابراهيم_القرشي_للعطور"/>

	<!-- الاتحاد للطيران -->
	<AppIcon name="com.mttnow.android.etihad/com.amadeus.mdesmdp.activities.LaunchActivity" image="الاتحاد_للطيران"/>

	<!-- الاستوديو -->
	<AppIcon name="com.sec.android.app.vepreload/com.sec.android.app.vepreload.common.activity.ProjectShortcutActivity" image="الاستوديو"/>

	<!-- الحالة الرقمية -->
	<AppIcon name="com.samsung.android.forest/com.samsung.android.forest.launcher.LauncherActivity" image="الحالة_الرقمية"/>

	<!-- الربط بـ Windows -->
	<AppIcon name="com.samsung.android.mdx/com.samsung.android.mdx.windowslink.tileservice.LinkToWidowsLauncherActivityDummy" image="الربط_ب_windows"/>

	<!-- الصحة من هواوي -->
	<AppIcon name="com.huawei.health/com.huawei.health.MainActivity" image="الصحة_من_هواوي"/>

	<!-- العناية بالجهاز -->
	<AppIcon name="com.samsung.android.lool/com.samsung.android.sm.ui.DefaultActivity" image="العناية_بالجهاز"/>

	<!-- القياس -->
	<AppIcon name="com.google.tango.measure/com.google.vr.apps.ornament.measure.MeasureMainActivity" image="القياس"/>

	<!-- الكتابة المباشرة -->
	<AppIcon name="com.google.audio.hearing.visualization.accessibility.scribe/com.google.audio.hearing.visualization.accessibility.scribe.LauncherActivity" image="الكتابة_المباشرة"/>

	<!-- المسافر -->
	<AppIcon name="com.travel.almosafer/com.travel.common.presentation.splash.SplashActivity" image="المسافر"/>

	<!-- المصحف الذهبي -->
	<AppIcon name="org.goldenquran.freesoft/org.goldenquran.freesoft.activity.MainActivity" image="المصحف_الذهبي"/>

	<!-- المعاني عربي عربي -->
	<AppIcon name="com.almaany.arar/com.almaany.arar.MainActivity" image="المعاني_عربي_عربي"/>

	<!-- الوسيط -->
	<AppIcon name="com.awi.waseet/com.awi.waseet.MainActivity" image="الوسيط"/>

	<!-- ايكار -->
	<AppIcon name="ae.ekar/ae.ekar.activity.SplashActivity" image="ايكار"/>

	<!-- بائع بأمازون -->
	<AppIcon name="com.amazon.sellermobile.android/com.amazon.mShop.home.MainActivity" image="بائع_بأمازون"/>

	<!-- برايسنا -->
	<AppIcon name="com.naddad.pricena/com.naddad.pricena.activities.MainActivity_" image="برايسنا"/>

	<!-- بروبرتي فايندر -->
	<AppIcon name="ae.propertyfinder.propertyfinder/ae.propertyfinder.propertyfinder.ui.main.MainActivity" image="بروبرتي_فايندر"/>

	<!-- بسمات -->
	<AppIcon name="ae.etisalat.smiles/ae.etisalat.smiles.kt.presentation.splash.SplashActivity" image="بسمات"/>

	<!-- تريفاجو -->
	<AppIcon name="com.trivago/com.trivago.ft.main.frontend.MainActivity" image="تريفاجو"/>

	<!-- تقويم دبي -->
	<AppIcon name="com.dsf010.v2.dubaievents/com.dsf010.v2.dubaievents.SplashActivity" image="تقويم_دبي"/>

</Theme>