<resources>

	<!-- Affirm -->
	<item component="ComponentInfo{com.affirm.central/com.affirm.central.RootActivity}" drawable="affirm" />

	<!-- Blue Line Console -->
	<item component="ComponentInfo{net.nhiroki.bluelineconsole/net.nhiroki.bluelineconsole.applicationMain.MainActivity}" drawable="blue_line_console" />

	<!-- cohost -->
	<item component="ComponentInfo{org.chromium.webapk.a80c40d4cfa3ab4ea_v2/org.chromium.webapk.shell_apk.h2o.H2OOpaqueMainActivity}" drawable="cohost" />

	<!-- Credit Karma -->
	<item component="ComponentInfo{com.creditkarma.mobile/com.creditkarma.mobile.welcome.ui.WelcomeActivity}" drawable="credit_karma" />

	<!-- CVS -->
	<item component="ComponentInfo{com.cvs.launchers.cvs/com.cvs.launchers.cvs.StartupActivity}" drawable="cvs" />

	<!-- Discover -->
	<item component="ComponentInfo{com.discoverfinancial.mobile/x8589299b.ke91b706d.h41258000.tae6d5dbc}" drawable="discover" />

	<!-- Fast Shopping -->
	<item component="ComponentInfo{me.wolszon.fastshopping/me.wolszon.fastshopping.MainActivity}" drawable="fast_shopping" />

	<!-- LTE Cleaner -->
	<item component="ComponentInfo{theredspy15.ltecleanerfoss/theredspy15.ltecleanerfoss.controllers.MainActivity}" drawable="lte_cleaner" />

	<!-- MAPS.ME -->
	<item component="ComponentInfo{com.mapswithme.maps.libre/com.mapswithme.maps.DownloadResourcesActivity}" drawable="mapsme" />

	<!-- Markor -->
	<item component="ComponentInfo{net.gsantner.markor/net.gsantner.markor.activity.MainActivity}" drawable="markor" />

	<!-- Media Converter -->
	<item component="ComponentInfo{com.github.khangnt.mcp/com.github.khangnt.mcp.ui.MainActivity}" drawable="media_converter" />

	<!-- Moises -->
	<item component="ComponentInfo{ai.moises/ai.moises.ui.splashscreen.SplashScreen}" drawable="moises" />

	<!-- OBS Blade -->
	<item component="ComponentInfo{com.kounex.obsBlade/com.kounex.obsBlade.MainActivity}" drawable="obs_blade" />

	<!-- Parcels -->
	<item component="ComponentInfo{com.brightstripe.parcels/com.brightstripe.parcels.MainActivity}" drawable="parcels" />

	<!-- Parsec -->
	<item component="ComponentInfo{tv.parsec.client/tv.parsec.client.MainActivity}" drawable="parsec" />

	<!-- Pill Reminder -->
	<item component="ComponentInfo{com.aidareminder.pillreminder/com.aidareminder.pillreminder.MainActivity}" drawable="pill_reminder" />

	<!-- Pinball Arcade -->
	<item component="ComponentInfo{com.farsight.AndroidPinball.javaProject/com.farsight.AndroidPinball.javaProject.AndroidPinballActivityNative2}" drawable="pinball_arcade" />

	<!-- PixelDroid -->
	<item component="ComponentInfo{org.pixeldroid.app/org.pixeldroid.app.MainActivity}" drawable="pixeldroid" />

	<!-- primitive ftpd -->
	<item component="ComponentInfo{org.primftpd/org.primftpd.ui.MainTabsActivity}" drawable="primitive_ftpd" />

	<!-- Redbubble -->
	<item component="ComponentInfo{com.redbubble/com.redbubble.ui.MainActivity}" drawable="redbubble" />

	<!-- retroPod -->
	<item component="ComponentInfo{com.jamesob.ipod/com.jamesob.ipod.MainActivity}" drawable="retropod" />

	<!-- Reykunyutsyìp -->
	<item component="ComponentInfo{com.kip.reykunyutsyip/com.kip.reykunyu.MainActivity}" drawable="reykunyutsyip" />

	<!-- Seeneva -->
	<item component="ComponentInfo{app.seeneva.reader/app.seeneva.reader.screen.MainActivity}" drawable="seeneva" />

	<!-- Skedio -->
	<item component="ComponentInfo{com.shturmsoft.skedio/com.shturmsoft.skedio.main.LaunchEntryActivity}" drawable="skedio" />

	<!-- Sonic Robo Blast 2 -->
	<item component="ComponentInfo{org.stjr.srb2/org.stjr.srb2.SRB2Game}" drawable="sonic_robo_blast_2" />

	<!-- Space Cadet Pinball -->
	<item component="ComponentInfo{com.fexed.spacecadetpinball/com.fexed.spacecadetpinball.MainActivity}" drawable="space_cadet_pinball" />

	<!-- SUBWAY® -->
	<item component="ComponentInfo{com.subway.mobile.subwayapp03/com.subway.mobile.subwayapp03.ui.SplashActivity}" drawable="subway®" />

	<!-- Tabletop Tools -->
	<item component="ComponentInfo{com.github.muellerma.tabletoptools/com.github.muellerma.tabletoptools.ui.MainActivity}" drawable="tabletop_tools" />

	<!-- Unexpected Keyboard -->
	<item component="ComponentInfo{juloo.keyboard2/juloo.keyboard2.LauncherActivity}" drawable="unexpected_keyboard" />

	<!-- UniPatcher -->
	<item component="ComponentInfo{org.emunix.unipatcher/org.emunix.unipatcher.ui.activity.MainActivity}" drawable="unipatcher" />

	<!-- URL Cleaner -->
	<item component="ComponentInfo{com.svenjacobs.app.leon/com.svenjacobs.app.leon.MainActivity}" drawable="url_cleaner" />

	<!-- USPS Mobile -->
	<item component="ComponentInfo{com.usps/com.usps.mobile.SplashScreenActivity}" drawable="usps_mobile" />

	<!-- Vampire Survivors -->
	<item component="ComponentInfo{com.poncle.vampiresurvivors/com.unity3d.player.UnityPlayerActivity}" drawable="vampire_survivors" />

	<!-- Voicemail -->
	<item component="ComponentInfo{com.samsung.vvm/com.samsung.vvm.vvmapp.VVMApplicationAlias}" drawable="voicemail" />

	<!-- YGOPRO 2 -->
	<item component="ComponentInfo{com.kaibacorporation.ygopro2/com.unity3d.player.UnityPlayerActivity}" drawable="ygopro_2" />

</resources>