<Theme version="1">

	<!-- Affirm -->
	<AppIcon name="com.affirm.central/com.affirm.central.RootActivity" image="affirm"/>

	<!-- Blue Line Console -->
	<AppIcon name="net.nhiroki.bluelineconsole/net.nhiroki.bluelineconsole.applicationMain.MainActivity" image="blue_line_console"/>

	<!-- cohost -->
	<AppIcon name="org.chromium.webapk.a80c40d4cfa3ab4ea_v2/org.chromium.webapk.shell_apk.h2o.H2OOpaqueMainActivity" image="cohost"/>

	<!-- Credit Karma -->
	<AppIcon name="com.creditkarma.mobile/com.creditkarma.mobile.welcome.ui.WelcomeActivity" image="credit_karma"/>

	<!-- CVS -->
	<AppIcon name="com.cvs.launchers.cvs/com.cvs.launchers.cvs.StartupActivity" image="cvs"/>

	<!-- Discover -->
	<AppIcon name="com.discoverfinancial.mobile/x8589299b.ke91b706d.h41258000.tae6d5dbc" image="discover"/>

	<!-- Fast Shopping -->
	<AppIcon name="me.wolszon.fastshopping/me.wolszon.fastshopping.MainActivity" image="fast_shopping"/>

	<!-- LTE Cleaner -->
	<AppIcon name="theredspy15.ltecleanerfoss/theredspy15.ltecleanerfoss.controllers.MainActivity" image="lte_cleaner"/>

	<!-- MAPS.ME -->
	<AppIcon name="com.mapswithme.maps.libre/com.mapswithme.maps.DownloadResourcesActivity" image="mapsme"/>

	<!-- Markor -->
	<AppIcon name="net.gsantner.markor/net.gsantner.markor.activity.MainActivity" image="markor"/>

	<!-- Media Converter -->
	<AppIcon name="com.github.khangnt.mcp/com.github.khangnt.mcp.ui.MainActivity" image="media_converter"/>

	<!-- Moises -->
	<AppIcon name="ai.moises/ai.moises.ui.splashscreen.SplashScreen" image="moises"/>

	<!-- OBS Blade -->
	<AppIcon name="com.kounex.obsBlade/com.kounex.obsBlade.MainActivity" image="obs_blade"/>

	<!-- Parcels -->
	<AppIcon name="com.brightstripe.parcels/com.brightstripe.parcels.MainActivity" image="parcels"/>

	<!-- Parsec -->
	<AppIcon name="tv.parsec.client/tv.parsec.client.MainActivity" image="parsec"/>

	<!-- Pill Reminder -->
	<AppIcon name="com.aidareminder.pillreminder/com.aidareminder.pillreminder.MainActivity" image="pill_reminder"/>

	<!-- Pinball Arcade -->
	<AppIcon name="com.farsight.AndroidPinball.javaProject/com.farsight.AndroidPinball.javaProject.AndroidPinballActivityNative2" image="pinball_arcade"/>

	<!-- PixelDroid -->
	<AppIcon name="org.pixeldroid.app/org.pixeldroid.app.MainActivity" image="pixeldroid"/>

	<!-- primitive ftpd -->
	<AppIcon name="org.primftpd/org.primftpd.ui.MainTabsActivity" image="primitive_ftpd"/>

	<!-- Redbubble -->
	<AppIcon name="com.redbubble/com.redbubble.ui.MainActivity" image="redbubble"/>

	<!-- retroPod -->
	<AppIcon name="com.jamesob.ipod/com.jamesob.ipod.MainActivity" image="retropod"/>

	<!-- Reykunyutsyìp -->
	<AppIcon name="com.kip.reykunyutsyip/com.kip.reykunyu.MainActivity" image="reykunyutsyip"/>

	<!-- Seeneva -->
	<AppIcon name="app.seeneva.reader/app.seeneva.reader.screen.MainActivity" image="seeneva"/>

	<!-- Skedio -->
	<AppIcon name="com.shturmsoft.skedio/com.shturmsoft.skedio.main.LaunchEntryActivity" image="skedio"/>

	<!-- Sonic Robo Blast 2 -->
	<AppIcon name="org.stjr.srb2/org.stjr.srb2.SRB2Game" image="sonic_robo_blast_2"/>

	<!-- Space Cadet Pinball -->
	<AppIcon name="com.fexed.spacecadetpinball/com.fexed.spacecadetpinball.MainActivity" image="space_cadet_pinball"/>

	<!-- SUBWAY® -->
	<AppIcon name="com.subway.mobile.subwayapp03/com.subway.mobile.subwayapp03.ui.SplashActivity" image="subway®"/>

	<!-- Tabletop Tools -->
	<AppIcon name="com.github.muellerma.tabletoptools/com.github.muellerma.tabletoptools.ui.MainActivity" image="tabletop_tools"/>

	<!-- Unexpected Keyboard -->
	<AppIcon name="juloo.keyboard2/juloo.keyboard2.LauncherActivity" image="unexpected_keyboard"/>

	<!-- UniPatcher -->
	<AppIcon name="org.emunix.unipatcher/org.emunix.unipatcher.ui.activity.MainActivity" image="unipatcher"/>

	<!-- URL Cleaner -->
	<AppIcon name="com.svenjacobs.app.leon/com.svenjacobs.app.leon.MainActivity" image="url_cleaner"/>

	<!-- USPS Mobile -->
	<AppIcon name="com.usps/com.usps.mobile.SplashScreenActivity" image="usps_mobile"/>

	<!-- Vampire Survivors -->
	<AppIcon name="com.poncle.vampiresurvivors/com.unity3d.player.UnityPlayerActivity" image="vampire_survivors"/>

	<!-- Voicemail -->
	<AppIcon name="com.samsung.vvm/com.samsung.vvm.vvmapp.VVMApplicationAlias" image="voicemail"/>

	<!-- YGOPRO 2 -->
	<AppIcon name="com.kaibacorporation.ygopro2/com.unity3d.player.UnityPlayerActivity" image="ygopro_2"/>

</Theme>