<appmap>

	<!-- All tools -->
	<item class="com.pradhyu.alltoolseveryutility.Alltools" name="all_tools"/>

	<!-- App Market -->
	<item class="com.heytap.market.activity.MainActivity" name="app_market"/>

	<!-- Calculator -->
	<item class="com.android.calculator2.Calculator" name="calculator"/>

	<!-- Camera -->
	<item class="com.oppo.camera.Camera" name="camera"/>

	<!-- Camera -->
	<item class="app.grapheneos.camera.ui.activities.MainActivity" name="camera"/>

	<!-- Clock -->
	<item class="com.coloros.alarmclock.AlarmClock" name="clock"/>

	<!-- Clone Phone -->
	<item class="com.coloros.phoneclone.PhoneCloneMainActivity" name="clone_phone"/>

	<!-- Community -->
	<item class="com.android.realme2.start.view.StartActivity" name="community"/>

	<!-- Compass -->
	<item class="com.coloros.compass.flat.FlatCompass" name="compass"/>

	<!-- DocVault -->
	<item class="com.coloros.oppodocvault.views.ftu.ui.FTUWelcomeActivity" name="docvault"/>

	<!-- Domino Go -->
	<item class="com.unity3d.player.UnityPlayerActivity" name="domino_go"/>

	<!-- Duo Mobile -->
	<item class="com.duosecurity.duomobile.account_list.AccountListActivity" name="duo_mobile"/>

	<!-- File Commander -->
	<item class="br.com.bemobi.drm.wrapper.MainActivity" name="file_commander"/>

	<!-- File Manager -->
	<item class="com.coloros.filemanager.filerefactor.ui.main.MainActivity" name="file_manager"/>

	<!-- FinShell Pay -->
	<item class="com.finshell.fin.activity.MainActivity" name="finshell_pay"/>

	<!-- FM Radio -->
	<item class="com.android.fmradio.FmMainActivity" name="fm_radio"/>

	<!-- Game Center -->
	<item class="com.nearme.gamecenter.ui.activity.SplashActivity" name="game_center"/>

	<!-- Game Space -->
	<item class="com.coloros.gamespaceui.activity.StartActivity" name="game_space"/>

	<!-- Google Pay -->
	<item class="com.google.android.apps.nbu.paisa.user.launcher.LauncherActivity" name="google_pay"/>

	<!-- Habit Calendar -->
	<item class="com.panagola.app.tictactoecalendar.StartActivity" name="habit_calendar"/>

	<!-- HeyFun -->
	<item class="com.heytap.quickgame.module.others.launcher.LauncherActivity" name="heyfun"/>

	<!-- HeyTap Cloud -->
	<item class="com.heytap.cloud.home.ui.CloudLauncherActivity" name="heytap_cloud"/>

	<!-- Hot Apps -->
	<item class="com.oppo.cdo.ui.external.desktop.DeskHotAppActivity" name="hot_apps"/>

	<!-- Hot Games -->
	<item class="com.oppo.cdo.ui.external.desktop.DeskHotGameActivity" name="hot_games"/>

	<!-- Ludo King -->
	<item class="com.google.firebase.MessagingUnityPlayerActivity" name="ludo_king"/>

	<!-- Messages -->
	<item class="com.android.mms.ui.ConversationList" name="messages"/>

	<!-- Music -->
	<item class="com.nearme.music.splash.SplashActivity" name="music"/>

	<!-- My Airtel -->
	<item class="net.omobio.airtelsc.ui.splash.SplashActivity" name="my_airtel"/>

	<!-- Patient Aid -->
	<item class="com.itmedicus.patientaid.activities.Splash" name="patient_aid"/>

	<!-- Perfectly Clear -->
	<item class="br.com.bemobi.drm.wrapper.MainActivity" name="perfectly_clear"/>

	<!-- Phone -->
	<item class="com.android.contacts.DialtactsActivityAlias" name="phone"/>

	<!-- Phone Manager -->
	<item class="com.coloros.phonemanager.FakeActivity" name="phone_manager"/>

	<!-- Photos -->
	<item class="com.coloros.gallery3d.app.MainActivity" name="photos"/>

	<!-- PixelCam Fuse -->
	<item class="com.android.camera.CameraLauncher" name="pixelcam_fuse"/>

	<!-- realme Link -->
	<item class="com.realme.link.home.SplashActivity" name="realme_link"/>

	<!-- realme Store -->
	<item class="com.realme.store.start.view.StartActivity" name="realme_store"/>

	<!-- Recorder -->
	<item class="oppo.multimedia.soundrecorder.filebrowser.BrowseFile" name="recorder"/>

	<!-- Remote ADB Shell -->
	<item class="com.cgutman.androidremotedebugger.ConnectActivity" name="remote_adb_shell"/>

	<!-- Screen Lock -->
	<item class="com.oplus.onekeylockscreen.OneKeyLockScreen" name="screen_lock"/>

	<!-- Shizuku -->
	<item class="moe.shizuku.manager.MainActivity" name="shizuku"/>

	<!-- SIMII Toolkit -->
	<item class="com.android.stk.mtk.StkLauncherActivityII" name="simii_toolkit"/>

	<!-- Spectroid -->
	<item class="org.intoorbit.spectrum.SpectrumActivity" name="spectroid"/>

	<!-- Squad Commando 3D - Gun Games -->
	<item class="br.com.bemobi.drm.wrapper.MainActivity" name="squad_commando_3d_gun_games"/>

	<!-- Subway Surf -->
	<item class="br.com.bemobi.drm.wrapper.MainActivity" name="subway_surf"/>

	<!-- Theme Store -->
	<item class="com.nearme.themespace.activities.ThemeActivity" name="theme_store"/>

	<!-- Videos -->
	<item class="com.oplus.video.SplashActivity" name="videos"/>

	<!-- Virtual Master -->
	<item class="com.android.vmapp.ui.MainActivity" name="virtual_master"/>

	<!-- Weather -->
	<item class="com.coloros.weather.main.view.WeatherMainActivity" name="weather"/>

</appmap>