<Theme version="1">

	<!-- All tools -->
	<AppIcon name="com.pradhyu.alltoolseveryutility/com.pradhyu.alltoolseveryutility.Alltools" image="all_tools"/>

	<!-- App Market -->
	<AppIcon name="com.heytap.market/com.heytap.market.activity.MainActivity" image="app_market"/>

	<!-- Calculator -->
	<AppIcon name="com.coloros.calculator/com.android.calculator2.Calculator" image="calculator"/>

	<!-- Camera -->
	<AppIcon name="com.oppo.camera/com.oppo.camera.Camera" image="camera"/>

	<!-- Camera -->
	<AppIcon name="app.grapheneos.camera.play/app.grapheneos.camera.ui.activities.MainActivity" image="camera"/>

	<!-- Clock -->
	<AppIcon name="com.coloros.alarmclock/com.coloros.alarmclock.AlarmClock" image="clock"/>

	<!-- Clone Phone -->
	<AppIcon name="com.coloros.backuprestore/com.coloros.phoneclone.PhoneCloneMainActivity" image="clone_phone"/>

	<!-- Community -->
	<AppIcon name="com.realmecomm.app/com.android.realme2.start.view.StartActivity" image="community"/>

	<!-- Compass -->
	<AppIcon name="com.coloros.compass2/com.coloros.compass.flat.FlatCompass" image="compass"/>

	<!-- DocVault -->
	<AppIcon name="com.os.docvault/com.coloros.oppodocvault.views.ftu.ui.FTUWelcomeActivity" image="docvault"/>

	<!-- Domino Go -->
	<AppIcon name="com.beachbum.domino/com.unity3d.player.UnityPlayerActivity" image="domino_go"/>

	<!-- Duo Mobile -->
	<AppIcon name="com.duosecurity.duomobile/com.duosecurity.duomobile.account_list.AccountListActivity" image="duo_mobile"/>

	<!-- File Commander -->
	<AppIcon name="com.mobisystems.fileman_premium/br.com.bemobi.drm.wrapper.MainActivity" image="file_commander"/>

	<!-- File Manager -->
	<AppIcon name="com.coloros.filemanager/com.coloros.filemanager.filerefactor.ui.main.MainActivity" image="file_manager"/>

	<!-- FinShell Pay -->
	<AppIcon name="com.finshell.fin/com.finshell.fin.activity.MainActivity" image="finshell_pay"/>

	<!-- FM Radio -->
	<AppIcon name="com.android.fmradio/com.android.fmradio.FmMainActivity" image="fm_radio"/>

	<!-- Game Center -->
	<AppIcon name="com.nearme.gamecenter/com.nearme.gamecenter.ui.activity.SplashActivity" image="game_center"/>

	<!-- Game Space -->
	<AppIcon name="com.coloros.gamespaceui/com.coloros.gamespaceui.activity.StartActivity" image="game_space"/>

	<!-- Google Pay -->
	<AppIcon name="com.google.android.apps.nbu.paisa.user/com.google.android.apps.nbu.paisa.user.launcher.LauncherActivity" image="google_pay"/>

	<!-- Habit Calendar -->
	<AppIcon name="com.panagola.app.tictactoecalendar/com.panagola.app.tictactoecalendar.StartActivity" image="habit_calendar"/>

	<!-- HeyFun -->
	<AppIcon name="com.heytap.quickgame/com.heytap.quickgame.module.others.launcher.LauncherActivity" image="heyfun"/>

	<!-- HeyTap Cloud -->
	<AppIcon name="com.heytap.cloud/com.heytap.cloud.home.ui.CloudLauncherActivity" image="heytap_cloud"/>

	<!-- Hot Apps -->
	<AppIcon name="com.heytap.market/com.oppo.cdo.ui.external.desktop.DeskHotAppActivity" image="hot_apps"/>

	<!-- Hot Games -->
	<AppIcon name="com.heytap.market/com.oppo.cdo.ui.external.desktop.DeskHotGameActivity" image="hot_games"/>

	<!-- Ludo King -->
	<AppIcon name="com.ludo.king/com.google.firebase.MessagingUnityPlayerActivity" image="ludo_king"/>

	<!-- Messages -->
	<AppIcon name="com.android.mms/com.android.mms.ui.ConversationList" image="messages"/>

	<!-- Music -->
	<AppIcon name="com.heytap.music/com.nearme.music.splash.SplashActivity" image="music"/>

	<!-- My Airtel -->
	<AppIcon name="net.omobio.airtelsc/net.omobio.airtelsc.ui.splash.SplashActivity" image="my_airtel"/>

	<!-- Patient Aid -->
	<AppIcon name="com.itmedicus.patientaid/com.itmedicus.patientaid.activities.Splash" image="patient_aid"/>

	<!-- Perfectly Clear -->
	<AppIcon name="com.bemobi.de.worldiety.athentech.perfectlyclear/br.com.bemobi.drm.wrapper.MainActivity" image="perfectly_clear"/>

	<!-- Phone -->
	<AppIcon name="com.android.contacts/com.android.contacts.DialtactsActivityAlias" image="phone"/>

	<!-- Phone Manager -->
	<AppIcon name="com.coloros.phonemanager/com.coloros.phonemanager.FakeActivity" image="phone_manager"/>

	<!-- Photos -->
	<AppIcon name="com.coloros.gallery3d/com.coloros.gallery3d.app.MainActivity" image="photos"/>

	<!-- PixelCam Fuse -->
	<AppIcon name="org.codeaurora.snapcam/com.android.camera.CameraLauncher" image="pixelcam_fuse"/>

	<!-- realme Link -->
	<AppIcon name="com.realme.link/com.realme.link.home.SplashActivity" image="realme_link"/>

	<!-- realme Store -->
	<AppIcon name="com.realmestore.app/com.realme.store.start.view.StartActivity" image="realme_store"/>

	<!-- Recorder -->
	<AppIcon name="com.coloros.soundrecorder/oppo.multimedia.soundrecorder.filebrowser.BrowseFile" image="recorder"/>

	<!-- Remote ADB Shell -->
	<AppIcon name="com.cgutman.androidremotedebugger/com.cgutman.androidremotedebugger.ConnectActivity" image="remote_adb_shell"/>

	<!-- Screen Lock -->
	<AppIcon name="com.coloros.onekeylockscreen/com.oplus.onekeylockscreen.OneKeyLockScreen" image="screen_lock"/>

	<!-- Shizuku -->
	<AppIcon name="moe.shizuku.privileged.api/moe.shizuku.manager.MainActivity" image="shizuku"/>

	<!-- SIMII Toolkit -->
	<AppIcon name="com.android.stk/com.android.stk.mtk.StkLauncherActivityII" image="simii_toolkit"/>

	<!-- Spectroid -->
	<AppIcon name="org.intoorbit.spectrum/org.intoorbit.spectrum.SpectrumActivity" image="spectroid"/>

	<!-- Squad Commando 3D - Gun Games -->
	<AppIcon name="com.mission.infiltration.strike.action.freeshootinggame.playades/br.com.bemobi.drm.wrapper.MainActivity" image="squad_commando_3d_gun_games"/>

	<!-- Subway Surf -->
	<AppIcon name="com.subwaysurf.saintpetersburg/br.com.bemobi.drm.wrapper.MainActivity" image="subway_surf"/>

	<!-- Theme Store -->
	<AppIcon name="com.heytap.themestore/com.nearme.themespace.activities.ThemeActivity" image="theme_store"/>

	<!-- Videos -->
	<AppIcon name="com.coloros.video/com.oplus.video.SplashActivity" image="videos"/>

	<!-- Virtual Master -->
	<AppIcon name="com.clone.android.dual.space/com.android.vmapp.ui.MainActivity" image="virtual_master"/>

	<!-- Weather -->
	<AppIcon name="com.coloros.weather2/com.coloros.weather.main.view.WeatherMainActivity" image="weather"/>

</Theme>