<resources>

	<!-- ADM Pro -->
	<item component="ComponentInfo{com.dv.adm.pay/com.dv.adm.pay.Main}" drawable="adm_pro" />

	<!-- Amazon miniTV -->
	<item component="ComponentInfo{com.amazon.minitv.android.app/com.amazon.minitv.android.app.activities.MiniTVMainActivity}" drawable="amazon_minitv" />

	<!-- Antimine -->
	<item component="ComponentInfo{dev.lucanlm.antimine/dev.lucasnlm.antimine.main.MainActivity}" drawable="antimine" />

	<!-- Arena Breakout -->
	<item component="ComponentInfo{com.proximabeta.mf.uamo/com.epicgames.ue4.GameActivity}" drawable="arena_breakout" />

	<!-- Battlegrounds India -->
	<item component="ComponentInfo{com.pubg.imobile/com.epicgames.ue4.SplashActivity}" drawable="battlegrounds_india" />

	<!-- Camera -->
	<item component="ComponentInfo{com.nothing.camera/com.nothing.camera.activity.CameraActivity}" drawable="camera" />

	<!-- ET Money -->
	<item component="ComponentInfo{com.smartspends/com.til.etwealth.etmoney.android.view.SplashScreen}" drawable="et_money" />

	<!-- Firefox Nightly -->
	<item component="ComponentInfo{org.mozilla.fenix/org.mozilla.fenix.App}" drawable="firefox_nightly" />

	<!-- KernelSU -->
	<item component="ComponentInfo{me.weishu.kernelsu/me.weishu.kernelsu.ui.MainActivity}" drawable="kernelsu" />

	<!-- Kite -->
	<item component="ComponentInfo{com.zerodha.kite3/com.zerodha.kite3.MainActivity}" drawable="kite" />

	<!-- PowerDirector -->
	<item component="ComponentInfo{com.cyberlink.powerdirector.DRA140225_01/com.cyberlink.powerdirector.splash.SplashActivity}" drawable="powerdirector" />

	<!-- Recorder -->
	<item component="ComponentInfo{com.nothing.soundrecorder/com.nothing.soundrecorder.ui.NewMainActivity}" drawable="recorder" />

	<!-- RVNC Viewer -->
	<item component="ComponentInfo{com.realvnc.viewer.android/com.realvnc.viewer.android.app.ConnectionChooserActivity}" drawable="rvnc_viewer" />

	<!-- Tickertape -->
	<item component="ComponentInfo{in.tickertape/com.example.tt_mob_tickertape_flutter.MainActivity}" drawable="tickertape" />

	<!-- Weather -->
	<item component="ComponentInfo{com.nothing.weather/com.nothing.weather.ui.main.MainActivity}" drawable="weather" />

</resources>