<appmap>

	<!-- ADM Pro -->
	<item class="com.dv.adm.pay.Main" name="adm_pro"/>

	<!-- Amazon miniTV -->
	<item class="com.amazon.minitv.android.app.activities.MiniTVMainActivity" name="amazon_minitv"/>

	<!-- Antimine -->
	<item class="dev.lucasnlm.antimine.main.MainActivity" name="antimine"/>

	<!-- Arena Breakout -->
	<item class="com.epicgames.ue4.GameActivity" name="arena_breakout"/>

	<!-- Battlegrounds India -->
	<item class="com.epicgames.ue4.SplashActivity" name="battlegrounds_india"/>

	<!-- Camera -->
	<item class="com.nothing.camera.activity.CameraActivity" name="camera"/>

	<!-- ET Money -->
	<item class="com.til.etwealth.etmoney.android.view.SplashScreen" name="et_money"/>

	<!-- Firefox Nightly -->
	<item class="org.mozilla.fenix.App" name="firefox_nightly"/>

	<!-- KernelSU -->
	<item class="me.weishu.kernelsu.ui.MainActivity" name="kernelsu"/>

	<!-- Kite -->
	<item class="com.zerodha.kite3.MainActivity" name="kite"/>

	<!-- PowerDirector -->
	<item class="com.cyberlink.powerdirector.splash.SplashActivity" name="powerdirector"/>

	<!-- Recorder -->
	<item class="com.nothing.soundrecorder.ui.NewMainActivity" name="recorder"/>

	<!-- RVNC Viewer -->
	<item class="com.realvnc.viewer.android.app.ConnectionChooserActivity" name="rvnc_viewer"/>

	<!-- Tickertape -->
	<item class="com.example.tt_mob_tickertape_flutter.MainActivity" name="tickertape"/>

	<!-- Weather -->
	<item class="com.nothing.weather.ui.main.MainActivity" name="weather"/>

</appmap>