<Theme version="1">

	<!-- ADM Pro -->
	<AppIcon name="com.dv.adm.pay/com.dv.adm.pay.Main" image="adm_pro"/>

	<!-- Amazon miniTV -->
	<AppIcon name="com.amazon.minitv.android.app/com.amazon.minitv.android.app.activities.MiniTVMainActivity" image="amazon_minitv"/>

	<!-- Antimine -->
	<AppIcon name="dev.lucanlm.antimine/dev.lucasnlm.antimine.main.MainActivity" image="antimine"/>

	<!-- Arena Breakout -->
	<AppIcon name="com.proximabeta.mf.uamo/com.epicgames.ue4.GameActivity" image="arena_breakout"/>

	<!-- Battlegrounds India -->
	<AppIcon name="com.pubg.imobile/com.epicgames.ue4.SplashActivity" image="battlegrounds_india"/>

	<!-- Camera -->
	<AppIcon name="com.nothing.camera/com.nothing.camera.activity.CameraActivity" image="camera"/>

	<!-- ET Money -->
	<AppIcon name="com.smartspends/com.til.etwealth.etmoney.android.view.SplashScreen" image="et_money"/>

	<!-- Firefox Nightly -->
	<AppIcon name="org.mozilla.fenix/org.mozilla.fenix.App" image="firefox_nightly"/>

	<!-- KernelSU -->
	<AppIcon name="me.weishu.kernelsu/me.weishu.kernelsu.ui.MainActivity" image="kernelsu"/>

	<!-- Kite -->
	<AppIcon name="com.zerodha.kite3/com.zerodha.kite3.MainActivity" image="kite"/>

	<!-- PowerDirector -->
	<AppIcon name="com.cyberlink.powerdirector.DRA140225_01/com.cyberlink.powerdirector.splash.SplashActivity" image="powerdirector"/>

	<!-- Recorder -->
	<AppIcon name="com.nothing.soundrecorder/com.nothing.soundrecorder.ui.NewMainActivity" image="recorder"/>

	<!-- RVNC Viewer -->
	<AppIcon name="com.realvnc.viewer.android/com.realvnc.viewer.android.app.ConnectionChooserActivity" image="rvnc_viewer"/>

	<!-- Tickertape -->
	<AppIcon name="in.tickertape/com.example.tt_mob_tickertape_flutter.MainActivity" image="tickertape"/>

	<!-- Weather -->
	<AppIcon name="com.nothing.weather/com.nothing.weather.ui.main.MainActivity" image="weather"/>

</Theme>