<resources>

	<!-- 1DM+ -->
	<item component="ComponentInfo{idm.internet.download.manager.plus/idm.internet.download.manager.MainActivity}" drawable="_1dm_" />

	<!-- AccuBattery -->
	<item component="ComponentInfo{com.digibites.accubattery/com.digibites.abatterysaver.BatterySaverActivity}" drawable="accubattery" />

	<!-- Amazon Web -->
	<item component="ComponentInfo{org.chromium.webapk.a056c1f7f07b4752b_v2/org.chromium.webapk.shell_apk.h2o.H2OOpaqueMainActivity}" drawable="amazon_web" />

	<!-- AmoledBackgrounds -->
	<item component="ComponentInfo{com.droidheat.amoledbackgrounds/com.droidheat.amoledbackgrounds.MainActivity}" drawable="amoledbackgrounds" />

	<!-- Apktool M -->
	<item component="ComponentInfo{ru.maximoff.apktool/ru.maximoff.apktool.SplashActivity}" drawable="apktool_m" />

	<!-- Audio HeadQuarter -->
	<item component="ComponentInfo{io.alcatraz.audiohq/io.alcatraz.audiohq.activities.SetupActivity}" drawable="audio_headquarter" />

	<!-- Bluesky -->
	<item component="ComponentInfo{xyz.blueskyweb.app/xyz.blueskyweb.app.MainActivity}" drawable="bluesky" />

	<!-- Cache Cleaner -->
	<item component="ComponentInfo{com.github.bmx666.appcachecleaner/com.github.bmx666.appcachecleaner.ui.activity.LauncherActivity}" drawable="cache_cleaner" />

	<!-- Call Recorder -->
	<item component="ComponentInfo{com.github.axet.callrecorder/com.github.axet.callrecorder.activities.MainActivity}" drawable="call_recorder" />

	<!-- Camera -->
	<item component="ComponentInfo{org.lineageos.snap/com.android.camera.CameraLauncher}" drawable="camera" />

	<!-- Camera -->
	<item component="ComponentInfo{org.codeaurora.snapcam/com.android.camera.CameraLauncher}" drawable="camera" />

	<!-- Canara e-Passbook -->
	<item component="ComponentInfo{com.mobile.canaraepassbook/com.mobile.canaraepassbook.EbookSplashActivity}" drawable="canara_e_passbook" />

	<!-- Clickworker -->
	<item component="ComponentInfo{com.clickworker.clickworkerapp/com.clickworker.clickworkerapp.activities.InitialActivity}" drawable="clickworker" />

	<!-- Colt Papers -->
	<item component="ComponentInfo{com.colt.coltpapers/com.colt.coltpapers.MainActivity}" drawable="colt_papers" />

	<!-- Deepstash -->
	<item component="ComponentInfo{com.deepstash/com.deepstash.MainActivity}" drawable="deepstash" />

	<!-- exteraGram -->
	<item component="ComponentInfo{com.exteragram.messenger/com.exteragram.messenger.AmethystIcon}" drawable="exteragram" />

	<!-- FM Radio -->
	<item component="ComponentInfo{com.caf.fmradio/com.caf.fmradio.FMRadio}" drawable="fm_radio" />

	<!-- FNG -->
	<item component="ComponentInfo{com.fb.fluid/com.fb.fluid.ui.ActivitySettings}" drawable="fng" />

	<!-- Gallery -->
	<item component="ComponentInfo{com.alensw.PicFolder/com.alensw.PicFolder.GalleryActivity}" drawable="gallery" />

	<!-- Headway -->
	<item component="ComponentInfo{com.headway.books/app.Launcher}" drawable="headway" />

	<!-- ibisPaint -->
	<item component="ComponentInfo{jp.ne.ibis.ibispaint.app/jp.ne.ibis.ibispaintx.app.market.MarketAuthenticationActivity}" drawable="ibispaint" />

	<!-- irplus -->
	<item component="ComponentInfo{net.binarymode.android.irplus/net.binarymode.android.irplus.MainTabbedActivity}" drawable="irplus" />

	<!-- Ivy Wallet -->
	<item component="ComponentInfo{com.ivy.wallet/com.ivy.wallet.RootActivity}" drawable="ivy_wallet" />

	<!-- Jaadu -->
	<item component="ComponentInfo{ali.mqpybyv/h.S0q}" drawable="jaadu" />

	<!-- Joey -->
	<item component="ComponentInfo{o.o.joey/o.o.joey.Activities.HomeActivity}" drawable="joey" />

	<!-- Knots 3D -->
	<item component="ComponentInfo{com.nynix.knots3d/com.nynix.knots3d.MainActivity}" drawable="knots_3d" />

	<!-- Lock Me Out -->
	<item component="ComponentInfo{com.teqtic.lockmeout/com.teqtic.lockmeout.ui.SettingsActivity}" drawable="lock_me_out" />

	<!-- Markor -->
	<item component="ComponentInfo{net.gsantner.markor/net.gsantner.markor.activity.MainActivity}" drawable="markor" />

	<!-- Melon VPN -->
	<item component="ComponentInfo{com.vpnbottle.melon.free.unblock.fast.vpn/com.melon.vpn.tool.SplashActivity}" drawable="melon_vpn" />

	<!-- Mi Remote -->
	<item component="ComponentInfo{com.duokan.phone.remotecontroller/com.xiaomi.mitv.phone.remotecontroller.HoriWidgetMainActivityV2}" drawable="mi_remote" />

	<!-- Microsoft SwiftKey Beta Keyboard -->
	<item component="ComponentInfo{com.touchtype.swiftkey.beta/com.touchtype.LauncherActivityIcon}" drawable="microsoft_swiftkey_beta_keyboard" />

	<!-- Mimo -->
	<item component="ComponentInfo{com.getmimo/com.getmimo.ui.SplashActivity_ninja}" drawable="mimo" />

	<!-- MiX -->
	<item component="ComponentInfo{com.mixplorer/com.mixplorer.activities.BrowseActivity}" drawable="mix" />

	<!-- moreDays -->
	<item component="ComponentInfo{de.wuapps.moredays/de.wuapps.moredays.SplashActivity}" drawable="moredays" />

	<!-- MRepo -->
	<item component="ComponentInfo{com.sanmer.mrepo/com.sanmer.mrepo.ui.activity.MainActivity}" drawable="mrepo" />

	<!-- OLEDBuddy -->
	<item component="ComponentInfo{me.mikecroall.oledbuddy/me.mikecroall.oledbuddy.HomeActivity}" drawable="oledbuddy" />

	<!-- OmniSwitch -->
	<item component="ComponentInfo{org.omnirom.omniswitch/org.omnirom.omniswitch.SettingsActivity}" drawable="omniswitch" />

	<!-- Open Link With -->
	<item component="ComponentInfo{com.tasomaniac.openwith/com.tasomaniac.openwith.settings.SettingsActivity}" drawable="open_link_with" />

	<!-- Poweramp -->
	<item component="ComponentInfo{com.maxmpz.audioplayer/com.maxmpz.audioplayer.zap_plain_adaptive}" drawable="poweramp" />

	<!-- Poweramp Equalizer -->
	<item component="ComponentInfo{com.maxmpz.equalizer/com.maxmpz.audioplayer.round}" drawable="poweramp_equalizer" />

	<!-- Poweramp Unlocker -->
	<item component="ComponentInfo{com.maxmpz.audioplayer.unlock/com.maxmpz.audioplayer.unlock.LauncherRedirectorActivity}" drawable="poweramp_unlocker" />

	<!-- Programming Hub -->
	<item component="ComponentInfo{com.freeit.java/com.freeit.java.modules.onboarding.SplashScreenActivity}" drawable="programming_hub" />

	<!-- QuickDic -->
	<item component="ComponentInfo{de.reimardoeffinger.quickdic/com.hughes.android.dictionary.DictionaryManagerActivity}" drawable="quickdic" />

	<!-- QuickNote -->
	<item component="ComponentInfo{net.gsantner.markor/net.gsantner.markor.activity.openeditor.OpenEditorQuickNoteActivity}" drawable="quicknote" />

	<!-- Rewards -->
	<item component="ComponentInfo{com.google.android.apps.paidtasks/com.google.android.apps.paidtasks.activity.LaunchActivity}" drawable="rewards" />

	<!-- Share into -->
	<item component="ComponentInfo{net.gsantner.markor/net.gsantner.markor.activity.openeditor.OpenShareIntoActivity}" drawable="share_into" />

	<!-- Showly -->
	<item component="ComponentInfo{com.michaldrabik.showly2/com.michaldrabik.showly2.ui.main.MainActivity}" drawable="showly" />

	<!-- SmartPack -->
	<item component="ComponentInfo{com.smartpack.kernelmanager/com.smartpack.kernelmanager.activities.StartActivity}" drawable="smartpack" />

	<!-- SongSync -->
	<item component="ComponentInfo{pl.lambada.songsync/pl.lambada.songsync.MainActivity}" drawable="songsync" />

	<!-- Swift Backup -->
	<item component="ComponentInfo{org.swiftapps.swiftbackup/org.swiftapps.swiftbackup.intro.IntroActivity}" drawable="swift_backup" />

	<!-- Tasks -->
	<item component="ComponentInfo{org.tasks/com.todoroo.astrid.activity.TaskListActivity.BlueGrey}" drawable="tasks" />

	<!-- To-Do -->
	<item component="ComponentInfo{net.gsantner.markor/net.gsantner.markor.activity.openeditor.OpenEditorTodoActivity}" drawable="to_do" />

	<!-- TrebleShot -->
	<item component="ComponentInfo{com.genonbeta.TrebleShot/org.monora.uprotocol.client.android.activity.HomeActivity}" drawable="trebleshot" />

	<!-- Unit Lab -->
	<item component="ComponentInfo{com.samruston.converter/com.samruston.converter.ui.MainActivity}" drawable="unit_lab" />

	<!-- Wallpaper Changer -->
	<item component="ComponentInfo{de.j4velin.wallpaperChanger/de.j4velin.wallpaperChanger.settings.Settings}" drawable="wallpaper_changer" />

	<!-- Weather -->
	<item component="ComponentInfo{org.breezyweather/org.breezyweather.main.MainActivity}" drawable="weather" />

	<!-- YouGov -->
	<item component="ComponentInfo{com.yougov.mobile.online/com.yougov.init.InitActivity}" drawable="yougov" />

</resources>