<appmap>

	<!-- Meme Generator -->
	<item class="com.zombodroid.memegen6source.SplashActivity" name="meme_generator"/>

	<!-- Meross -->
	<item class="com.meross.meross.ui.start.FirstCheckActivity" name="meross"/>

	<!-- Mi Home -->
	<item class="com.xiaomi.smarthome.SmartHomeMainActivity" name="mi_home"/>

	<!-- Minma Icon Pack -->
	<item class="com.minma.icon.free.activities.SplashActivity" name="minma_icon_pack"/>

	<!-- MiraCut -->
	<item class="com.hitpaw.videoeditor.ui.WelcomeActivity" name="miracut"/>

	<!-- MIX -->
	<item class="us.pinguo.mix.modules.splash.SplashActivity" name="mix"/>

	<!-- MOES -->
	<item class="com.smart.ThingSplashActivity" name="moes"/>

	<!-- MoreLocale 2 -->
	<item class="jp.co.c_lis.ccl.morelocale.ui.MainActivity" name="morelocale_2"/>

	<!-- Motionleap -->
	<item class="com.lightricks.pixaloop.SplashActivity" name="motionleap"/>

	<!-- Movepic -->
	<item class="com.lightcone.plotaverse.activity.SplashActivity" name="movepic"/>

	<!-- MowaterApp -->
	<item class="com.mowaterapp.android1.MainActivity" name="mowaterapp"/>

	<!-- My Cloud OS5 -->
	<item class="com.kamino.wdt.MainActivity" name="my_cloud_os5"/>

	<!-- My Coop -->
	<item class="ma.osp.shopping_app.smp.android.MainActivity" name="my_coop"/>

	<!-- My Etisalat -->
	<item class="com.etisalat.etida.composerevamp.splash.presentation.SplashActivity" name="my_etisalat"/>

	<!-- MyASUS -->
	<item class="com.asus.ia.asusapp.Phone.Init.DefaultLauncherActivity" name="myasus"/>

	<!-- Myprotein -->
	<item class="com.thehutgroup.ecommerce.MainActivity" name="myprotein"/>

	<!-- NAMSHI -->
	<item class="com.namshi.android.MainActivity" name="namshi"/>

	<!-- Nearby Share -->
	<item class="com.cooliehat.nearbyshare.sharingmodule.Activities.SplashActivity" name="nearby_share"/>

	<!-- Nebo -->
	<item class="com.myscript.nebo.BootstrapActivity" name="nebo"/>

	<!-- Newchic -->
	<item class="com.newchic.client.module.home.activity.SplashActivity" name="newchic"/>

	<!-- Newegg -->
	<item class="com.newegg.app.MainActivity" name="newegg"/>

	<!-- Next -->
	<item class="crc645233a78dffd851a1.CountrySelectActivity" name="next"/>

	<!-- Note to Self -->
	<item class="com.makenotetoself.MainActivity" name="note_to_self"/>

	<!-- Noteshelf -->
	<item class="com.fluidtouch.noteshelf.commons.ui.FTSplashScreenActivity" name="noteshelf"/>

	<!-- NotiStar -->
	<item class="com.samsung.systemui.notilus.NotiCenterPage" name="notistar"/>

	<!-- NutriU -->
	<item class="com.philips.ka.oneka.app.ui.splash.SplashActivity" name="nutriu"/>

	<!-- One4Wall -->
	<item class="one4studio.wallpaper.one4wall.MainActivity" name="one4wall"/>

	<!-- Online Auction -->
	<item class="ae.mazadat.onlineauctionapp.MainActivity" name="online_auction"/>

	<!-- OpenSooq - السوق المفتوح -->
	<item class="com.opensooq.OpenSooq.ui.splash.SplashActivity" name="opensooq_السوق_المفتوح"/>

	<!-- OSN -->
	<item class="com.osn.go.ui.mainactivity.MainActivity" name="osn"/>

	<!-- Package Names -->
	<item class="com.csdroid.pkg.MainActivity" name="package_names"/>

	<!-- PaperDraw -->
	<item class="com.kong.paper.MainActivity" name="paperdraw"/>

	<!-- Paul Arabia -->
	<item class="led.android.paularabia.MainActivity" name="paul_arabia"/>

	<!-- PC Builder -->
	<item class="com.indraanisa.pcbuilder.pcbuild.PcBuildActivity" name="pc_builder"/>

	<!-- Pepperfry -->
	<item class="com.app.pepperfry.main.MainActivity" name="pepperfry"/>

	<!-- Perfectly Clear -->
	<item class="de.worldiety.athentech.perfectlyclear.ActivityPerfectlyClear" name="perfectly_clear"/>

	<!-- PhoneWalls -->
	<item class="com.phonewalls.stockwallpapers.MainActivity" name="phonewalls"/>

	<!-- Photo & Picture Resizer -->
	<item class="com.simplemobilephotoresizer.andr.ui.splash.SplashActivity" name="photo_and_picture_resizer"/>

	<!-- Photo Compressor -->
	<item class="com.ps.photoeditor.ui.SplashActivity" name="photo_compressor"/>

	<!-- PicCutout -->
	<item class="com.hitpaw.piccutout.backgroundremover.activity.SplashActivity" name="piccutout"/>

	<!-- PictureThis -->
	<item class="com.glority.picturethis.app.kt.view.home.SplashActivity" name="picturethis"/>

	<!-- Pixelup -->
	<item class="com.codeway.pixelup.MainActivity" name="pixelup"/>

	<!-- Pizza Hut UAE -->
	<item class="com.americana.me.ui.onboarding.splash.SplashActivity" name="pizza_hut_uae"/>

	<!-- PlantIn -->
	<item class="com.myplantin.app.presentation.ui.activity.MainActivity" name="plantin"/>

	<!-- Plex Dash -->
	<item class="tv.plex.labs.dashboard.MainActivity" name="plex_dash"/>

	<!-- Pocket FM -->
	<item class="com.radio.pocketfm.app.mobile.ui.splash.SplashActivity" name="pocket_fm"/>

	<!-- Portrait Painter -->
	<item class="com.jixipix.portraitpainter.PortraitPainter" name="portrait_painter"/>

	<!-- Post-it® -->
	<item class="com.mmm.postit.MainActivity" name="post_it®"/>

	<!-- Poster Maker -->
	<item class="com.poster.postermaker.ui.view.Startup.StartupActivity" name="poster_maker"/>

	<!-- PRINT -->
	<item class="jp.co.canon.bsd.ad.pixmaprint.EulaActivity" name="print"/>

</appmap>