<Theme version="1">

	<!-- Meme Generator -->
	<AppIcon name="com.zombodroid.MemeGenerator/com.zombodroid.memegen6source.SplashActivity" image="meme_generator"/>

	<!-- Meross -->
	<AppIcon name="com.meross.meross/com.meross.meross.ui.start.FirstCheckActivity" image="meross"/>

	<!-- Mi Home -->
	<AppIcon name="com.xiaomi.smarthome/com.xiaomi.smarthome.SmartHomeMainActivity" image="mi_home"/>

	<!-- Minma Icon Pack -->
	<AppIcon name="com.minma.icon.free/com.minma.icon.free.activities.SplashActivity" image="minma_icon_pack"/>

	<!-- MiraCut -->
	<AppIcon name="com.hitpaw.videoeditor/com.hitpaw.videoeditor.ui.WelcomeActivity" image="miracut"/>

	<!-- MIX -->
	<AppIcon name="com.pinguo.edit.sdk/us.pinguo.mix.modules.splash.SplashActivity" image="mix"/>

	<!-- MOES -->
	<AppIcon name="com.moes.wz/com.smart.ThingSplashActivity" image="moes"/>

	<!-- MoreLocale 2 -->
	<AppIcon name="jp.co.c_lis.ccl.morelocale/jp.co.c_lis.ccl.morelocale.ui.MainActivity" image="morelocale_2"/>

	<!-- Motionleap -->
	<AppIcon name="com.lightricks.pixaloop/com.lightricks.pixaloop.SplashActivity" image="motionleap"/>

	<!-- Movepic -->
	<AppIcon name="com.ryzenrise.movepic/com.lightcone.plotaverse.activity.SplashActivity" image="movepic"/>

	<!-- MowaterApp -->
	<AppIcon name="com.mowaterapp.android1/com.mowaterapp.android1.MainActivity" image="mowaterapp"/>

	<!-- My Cloud OS5 -->
	<AppIcon name="com.wdc.gza/com.kamino.wdt.MainActivity" image="my_cloud_os5"/>

	<!-- My Coop -->
	<AppIcon name="com.adcoop.squaregrape/ma.osp.shopping_app.smp.android.MainActivity" image="my_coop"/>

	<!-- My Etisalat -->
	<AppIcon name="com.Etisalat.ETIDA/com.etisalat.etida.composerevamp.splash.presentation.SplashActivity" image="my_etisalat"/>

	<!-- MyASUS -->
	<AppIcon name="com.asus.ia.asusapp/com.asus.ia.asusapp.Phone.Init.DefaultLauncherActivity" image="myasus"/>

	<!-- Myprotein -->
	<AppIcon name="com.thehutgroup.ecommerce.myprotein/com.thehutgroup.ecommerce.MainActivity" image="myprotein"/>

	<!-- NAMSHI -->
	<AppIcon name="com.namshi.android/com.namshi.android.MainActivity" image="namshi"/>

	<!-- Nearby Share -->
	<AppIcon name="com.cooliehat.nearbyshare/com.cooliehat.nearbyshare.sharingmodule.Activities.SplashActivity" image="nearby_share"/>

	<!-- Nebo -->
	<AppIcon name="com.myscript.nebo/com.myscript.nebo.BootstrapActivity" image="nebo"/>

	<!-- Newchic -->
	<AppIcon name="com.newchic.client/com.newchic.client.module.home.activity.SplashActivity" image="newchic"/>

	<!-- Newegg -->
	<AppIcon name="com.newegg.app/com.newegg.app.MainActivity" image="newegg"/>

	<!-- Next -->
	<AppIcon name="uk.co.next.android/crc645233a78dffd851a1.CountrySelectActivity" image="next"/>

	<!-- Note to Self -->
	<AppIcon name="com.makenotetoself/com.makenotetoself.MainActivity" image="note_to_self"/>

	<!-- Noteshelf -->
	<AppIcon name="com.fluidtouch.noteshelf2/com.fluidtouch.noteshelf.commons.ui.FTSplashScreenActivity" image="noteshelf"/>

	<!-- NotiStar -->
	<AppIcon name="com.samsung.systemui.notilus/com.samsung.systemui.notilus.NotiCenterPage" image="notistar"/>

	<!-- NutriU -->
	<AppIcon name="com.philips.ka.oneka.app/com.philips.ka.oneka.app.ui.splash.SplashActivity" image="nutriu"/>

	<!-- One4Wall -->
	<AppIcon name="one4studio.wallpaper.one4wall/one4studio.wallpaper.one4wall.MainActivity" image="one4wall"/>

	<!-- Online Auction -->
	<AppIcon name="ae.mazadat.onlineauctionapp/ae.mazadat.onlineauctionapp.MainActivity" image="online_auction"/>

	<!-- OpenSooq - السوق المفتوح -->
	<AppIcon name="com.opensooq.OpenSooq/com.opensooq.OpenSooq.ui.splash.SplashActivity" image="opensooq_السوق_المفتوح"/>

	<!-- OSN -->
	<AppIcon name="com.osn.go/com.osn.go.ui.mainactivity.MainActivity" image="osn"/>

	<!-- Package Names -->
	<AppIcon name="com.csdroid.pkg/com.csdroid.pkg.MainActivity" image="package_names"/>

	<!-- PaperDraw -->
	<AppIcon name="com.eyewind.paperone/com.kong.paper.MainActivity" image="paperdraw"/>

	<!-- Paul Arabia -->
	<AppIcon name="led.android.paularabia/led.android.paularabia.MainActivity" image="paul_arabia"/>

	<!-- PC Builder -->
	<AppIcon name="com.indraanisa.pcbuilder/com.indraanisa.pcbuilder.pcbuild.PcBuildActivity" image="pc_builder"/>

	<!-- Pepperfry -->
	<AppIcon name="com.app.pepperfry/com.app.pepperfry.main.MainActivity" image="pepperfry"/>

	<!-- Perfectly Clear -->
	<AppIcon name="de.worldiety.athentech.perfectlyclear/de.worldiety.athentech.perfectlyclear.ActivityPerfectlyClear" image="perfectly_clear"/>

	<!-- PhoneWalls -->
	<AppIcon name="com.phonewalls.stockwallpapers/com.phonewalls.stockwallpapers.MainActivity" image="phonewalls"/>

	<!-- Photo & Picture Resizer -->
	<AppIcon name="com.simplemobilephotoresizer/com.simplemobilephotoresizer.andr.ui.splash.SplashActivity" image="photo_and_picture_resizer"/>

	<!-- Photo Compressor -->
	<AppIcon name="com.photocompress.photoeditor/com.ps.photoeditor.ui.SplashActivity" image="photo_compressor"/>

	<!-- PicCutout -->
	<AppIcon name="com.hitpaw.piccutout.backgroundremover/com.hitpaw.piccutout.backgroundremover.activity.SplashActivity" image="piccutout"/>

	<!-- PictureThis -->
	<AppIcon name="cn.danatech.xingseus/com.glority.picturethis.app.kt.view.home.SplashActivity" image="picturethis"/>

	<!-- Pixelup -->
	<AppIcon name="com.codeway.pixelup/com.codeway.pixelup.MainActivity" image="pixelup"/>

	<!-- Pizza Hut UAE -->
	<AppIcon name="com.pizzahutapp/com.americana.me.ui.onboarding.splash.SplashActivity" image="pizza_hut_uae"/>

	<!-- PlantIn -->
	<AppIcon name="com.myplantin.app/com.myplantin.app.presentation.ui.activity.MainActivity" image="plantin"/>

	<!-- Plex Dash -->
	<AppIcon name="tv.plex.labs.dash/tv.plex.labs.dashboard.MainActivity" image="plex_dash"/>

	<!-- Pocket FM -->
	<AppIcon name="com.radio.pocketfm/com.radio.pocketfm.app.mobile.ui.splash.SplashActivity" image="pocket_fm"/>

	<!-- Portrait Painter -->
	<AppIcon name="com.jixipix.portraitpainter/com.jixipix.portraitpainter.PortraitPainter" image="portrait_painter"/>

	<!-- Post-it® -->
	<AppIcon name="com.mmm.postit/com.mmm.postit.MainActivity" image="post_it®"/>

	<!-- Poster Maker -->
	<AppIcon name="splendid.postermaker.designer/com.poster.postermaker.ui.view.Startup.StartupActivity" image="poster_maker"/>

	<!-- PRINT -->
	<AppIcon name="jp.co.canon.bsd.ad.pixmaprint/jp.co.canon.bsd.ad.pixmaprint.EulaActivity" image="print"/>

</Theme>