<resources>

	<!-- Barclays -->
	<item component="ComponentInfo{com.barclaycard.germany/com.veripark.barclaycard.screen.main.activities.MainActivity}" drawable="barclays" />

	<!-- Duolingo -->
	<item component="ComponentInfo{com.duolingo/com.duolingo.app.LoginActivity}" drawable="duolingo" />

	<!-- Facebook -->
	<item component="ComponentInfo{com.facebook.katana/com.facebook.katana.LoginActivity}" drawable="facebook" />

	<!-- Google -->
	<item component="ComponentInfo{com.google.android.googlequicksearchbox/com.google.android.googlequicksearchbox.SearchActivity}" drawable="google" />

	<!-- ING Banking -->
	<item component="ComponentInfo{de.ingdiba.bankingapp/com.ing.mobile.diba.startup.SplashActivity}" drawable="ing_banking" />

	<!-- Internet -->
	<item component="ComponentInfo{com.sec.android.app.sbrowser/com.sec.android.app.sbrowser.SBrowserMainActivity}" drawable="internet" />

	<!-- LinkedIn -->
	<item component="ComponentInfo{com.linkedin.android/com.linkedin.android.authenticator.LaunchActivity}" drawable="linkedin" />

	<!-- Meet -->
	<item component="ComponentInfo{com.google.android.apps.tachyon/com.google.android.apps.tachyon.MainActivity}" drawable="meet" />

	<!-- Office -->
	<item component="ComponentInfo{com.microsoft.office.officehubrow/com.microsoft.office.officesuite.OfficeSuiteActivity}" drawable="office" />

	<!-- OneDrive -->
	<item component="ComponentInfo{com.microsoft.skydrive/com.microsoft.skydrive.MainActivity}" drawable="onedrive" />

	<!-- Play Musik -->
	<item component="ComponentInfo{com.google.android.music/com.google.android.music.tombstone.LauncherActivity}" drawable="play_musik" />

	<!-- Radio -->
	<item component="ComponentInfo{com.sec.android.app.fm/com.sec.android.app.fm.MainActivity}" drawable="radio" />

	<!-- S-pushTAN -->
	<item component="ComponentInfo{com.starfinanz.mobile.android.pushtan/com.starfinanz.mobile.android.spushtan.SPushTan}" drawable="s_pushtan" />

	<!-- Spotify -->
	<item component="ComponentInfo{com.spotify.music/com.spotify.music.MainActivity}" drawable="spotify" />

	<!-- YouTube -->
	<item component="ComponentInfo{com.google.android.youtube/com.google.android.youtube.app.honeycomb.ShellHomeActivity}" drawable="youtube" />

</resources>