<appmap>

	<!-- Barclays -->
	<item class="com.veripark.barclaycard.screen.main.activities.MainActivity" name="barclays"/>

	<!-- Duolingo -->
	<item class="com.duolingo.app.LoginActivity" name="duolingo"/>

	<!-- Facebook -->
	<item class="com.facebook.katana.LoginActivity" name="facebook"/>

	<!-- Google -->
	<item class="com.google.android.googlequicksearchbox.SearchActivity" name="google"/>

	<!-- ING Banking -->
	<item class="com.ing.mobile.diba.startup.SplashActivity" name="ing_banking"/>

	<!-- Internet -->
	<item class="com.sec.android.app.sbrowser.SBrowserMainActivity" name="internet"/>

	<!-- LinkedIn -->
	<item class="com.linkedin.android.authenticator.LaunchActivity" name="linkedin"/>

	<!-- Meet -->
	<item class="com.google.android.apps.tachyon.MainActivity" name="meet"/>

	<!-- Office -->
	<item class="com.microsoft.office.officesuite.OfficeSuiteActivity" name="office"/>

	<!-- OneDrive -->
	<item class="com.microsoft.skydrive.MainActivity" name="onedrive"/>

	<!-- Play Musik -->
	<item class="com.google.android.music.tombstone.LauncherActivity" name="play_musik"/>

	<!-- Radio -->
	<item class="com.sec.android.app.fm.MainActivity" name="radio"/>

	<!-- S-pushTAN -->
	<item class="com.starfinanz.mobile.android.spushtan.SPushTan" name="s_pushtan"/>

	<!-- Spotify -->
	<item class="com.spotify.music.MainActivity" name="spotify"/>

	<!-- YouTube -->
	<item class="com.google.android.youtube.app.honeycomb.Shell$HomeActivity" name="youtube"/>

</appmap>