<Theme version="1">

	<!-- Barclays -->
	<AppIcon name="com.barclaycard.germany/com.veripark.barclaycard.screen.main.activities.MainActivity" image="barclays"/>

	<!-- Duolingo -->
	<AppIcon name="com.duolingo/com.duolingo.app.LoginActivity" image="duolingo"/>

	<!-- Facebook -->
	<AppIcon name="com.facebook.katana/com.facebook.katana.LoginActivity" image="facebook"/>

	<!-- Google -->
	<AppIcon name="com.google.android.googlequicksearchbox/com.google.android.googlequicksearchbox.SearchActivity" image="google"/>

	<!-- ING Banking -->
	<AppIcon name="de.ingdiba.bankingapp/com.ing.mobile.diba.startup.SplashActivity" image="ing_banking"/>

	<!-- Internet -->
	<AppIcon name="com.sec.android.app.sbrowser/com.sec.android.app.sbrowser.SBrowserMainActivity" image="internet"/>

	<!-- LinkedIn -->
	<AppIcon name="com.linkedin.android/com.linkedin.android.authenticator.LaunchActivity" image="linkedin"/>

	<!-- Meet -->
	<AppIcon name="com.google.android.apps.tachyon/com.google.android.apps.tachyon.MainActivity" image="meet"/>

	<!-- Office -->
	<AppIcon name="com.microsoft.office.officehubrow/com.microsoft.office.officesuite.OfficeSuiteActivity" image="office"/>

	<!-- OneDrive -->
	<AppIcon name="com.microsoft.skydrive/com.microsoft.skydrive.MainActivity" image="onedrive"/>

	<!-- Play Musik -->
	<AppIcon name="com.google.android.music/com.google.android.music.tombstone.LauncherActivity" image="play_musik"/>

	<!-- Radio -->
	<AppIcon name="com.sec.android.app.fm/com.sec.android.app.fm.MainActivity" image="radio"/>

	<!-- S-pushTAN -->
	<AppIcon name="com.starfinanz.mobile.android.pushtan/com.starfinanz.mobile.android.spushtan.SPushTan" image="s_pushtan"/>

	<!-- Spotify -->
	<AppIcon name="com.spotify.music/com.spotify.music.MainActivity" image="spotify"/>

	<!-- YouTube -->
	<AppIcon name="com.google.android.youtube/com.google.android.youtube.app.honeycomb.Shell$HomeActivity" image="youtube"/>

</Theme>