<resources>

	<!-- 8 Button -->
	<item component="ComponentInfo{appinventor.ai_markgskwebb.Eight/appinventor.ai_markgskwebb.Eight.Screen1}" drawable="_8_button" />

	<!-- AccuBattery -->
	<item component="ComponentInfo{com.digibites.accubattery/com.digibites.abatterysaver.BatterySaverActivity}" drawable="accubattery" />

	<!-- AIDA64 -->
	<item component="ComponentInfo{com.finalwire.aida64/com.finalwire.aida64.HHMainActivity}" drawable="aida64" />

	<!-- APKMirror Installer (beta) -->
	<item component="ComponentInfo{com.apkmirror.helper.prod/com.apkmirror.presentation.start.StartActivity}" drawable="apkmirror_installer_beta_" />

	<!-- ARuler -->
	<item component="ComponentInfo{com.grymala.aruler/com.grymala.aruler.monetization.ConsentActivity}" drawable="aruler" />

	<!-- AstroSucker -->
	<item component="ComponentInfo{com.vitamina_factory.astrosucker/com.vitamina_factory.astrosucker.AndroidLauncher}" drawable="astrosucker" />

	<!-- BestSign -->
	<item component="ComponentInfo{de.postbank.bestsign/com.db.dbmobile.unity.feature.splash.SplashActivity}" drawable="bestsign" />

	<!-- BirdNET -->
	<item component="ComponentInfo{de.tu_chemnitz.mi.kahst.birdnet/de.tu_chemnitz.mi.kahst.birdnet.Activity_SplashScreen}" drawable="birdnet" />

	<!-- Bluetooth Keyboard & Mouse -->
	<item component="ComponentInfo{io.appground.blek/io.appground.blek.MainActivity}" drawable="bluetooth_keyboard_and_mouse" />

	<!-- Boorusphere -->
	<item component="ComponentInfo{io.chaldeaprjkt.boorusphere/io.chaldeaprjkt.boorusphere.MainActivity}" drawable="boorusphere" />

	<!-- Bounce -->
	<item component="ComponentInfo{com.genico.bounce/com.genico.bounce.MainActivity}" drawable="bounce" />

	<!-- Calculator -->
	<item component="ComponentInfo{com.moblynx.calculatorm/com.android.calculator2.Calculator}" drawable="calculator" />

	<!-- Camera -->
	<item component="ComponentInfo{com.samsung.android.scan3d/com.android.camera.CameraLauncher}" drawable="camera" />

	<!-- Castro -->
	<item component="ComponentInfo{com.itemstudio.castro.pro/com.itemstudio.castro.base.BaseActivity}" drawable="castro" />

	<!-- Cloud -->
	<item component="ComponentInfo{com.samsung.android.scloud/com.samsung.android.scloud.app.ui.splash.launcher}" drawable="cloud" />

	<!-- Codec/Stylish Text -->
	<item component="ComponentInfo{duy.com.text_converter/com.duy.text.converter.activities.MainActivity}" drawable="codec_stylish_text" />

	<!-- CoinCalc -->
	<item component="ComponentInfo{com.samruston.flip/com.samruston.flip.Launcher}" drawable="coincalc" />

	<!-- Compass -->
	<item component="ComponentInfo{apps.r.compass/apps.r.compass.StartTheme.Black}" drawable="compass" />

	<!-- DI.FM Radio -->
	<item component="ComponentInfo{com.audioaddict.di/md5256881233f05e1a12873c405322115cb.SplashActivity}" drawable="difm_radio" />

	<!-- DroidCam -->
	<item component="ComponentInfo{com.dev47apps.droidcam/com.dev47apps.droidcam.DroidCam}" drawable="droidcam" />

	<!-- Edeka -->
	<item component="ComponentInfo{de.edeka.genuss/edeka.digital.app.edeka2020.ui.SplashActivity}" drawable="edeka" />

	<!-- Eurofurence -->
	<item component="ComponentInfo{org.eurofurence.connavigator/org.eurofurence.connavigator.MainActivity}" drawable="eurofurence" />

	<!-- EVMap -->
	<item component="ComponentInfo{net.vonforst.evmap/net.vonforst.evmap.MapsActivity}" drawable="evmap" />

	<!-- EWE Go -->
	<item component="ComponentInfo{de.ewe.go.app/de.ewe.go.app.MainActivity}" drawable="ewe_go" />

	<!-- FFmpeg Media Encoder -->
	<item component="ComponentInfo{com.silentlexx.ffmpeggui/com.silentlexx.ffmpeggui.activities.Gui}" drawable="ffmpeg_media_encoder" />

	<!-- Frequency Generator -->
	<item component="ComponentInfo{com.luxdelux.frequencygenerator/com.luxdelux.frequencygenerator.activity.LauncherActivity}" drawable="frequency_generator" />

	<!-- Frozen Bubble -->
	<item component="ComponentInfo{org.jfedor.frozenbubble/com.efortin.frozenbubble.HomeScreen}" drawable="frozen_bubble" />

	<!-- Fruit Ninja -->
	<item component="ComponentInfo{com.halfbrick.fruitninjafree/com.google.firebase.MessagingUnityPlayerActivity}" drawable="fruit_ninja" />

	<!-- Fruit Ninja Classic -->
	<item component="ComponentInfo{com.halfbrick.fruitninja/com.halfbrick.mortar.MortarGameLauncherActivity}" drawable="fruit_ninja_classic" />

	<!-- Gameloft Classics -->
	<item component="ComponentInfo{com.gameloft.android.ANMP.GloftGLCL/com.gameloft.android.ANMP.GloftGLCL.Start}" drawable="gameloft_classics" />

	<!-- HUK Mein Auto -->
	<item component="ComponentInfo{de.hdd.telematik/de.hdd.telematik.app.core.RootActivity}" drawable="huk_mein_auto" />

	<!-- Imgur -->
	<item component="ComponentInfo{com.imgur.mobile/com.imgur.mobile.Launcher}" drawable="imgur" />

	<!-- KATWARN -->
	<item component="ComponentInfo{de.combirisk.katwarn/de.combirisk.katwarn.MainActivity}" drawable="katwarn" />

	<!-- Komoot -->
	<item component="ComponentInfo{de.komoot.android/de.komoot.android.ui.inspiration.InspirationActivity}" drawable="komoot" />

	<!-- Ladefuchs -->
	<item component="ComponentInfo{app.ladefuchs.android/app.ladefuchs.android.MainActivity}" drawable="ladefuchs" />

	<!-- Leckerstück -->
	<item component="ComponentInfo{de.simplydelivery.leckerstueck/de.simplydelivery.leckerstueck.MainActivity}" drawable="leckerstuck" />

	<!-- LG Soundbar -->
	<item component="ComponentInfo{com.lge.media.lgsoundbar/com.lge.media.lgsoundbar.setup.splash.SplashActivity}" drawable="lg_soundbar" />

	<!-- LISTEN.moe -->
	<item component="ComponentInfo{me.echeung.moemoekyun/me.echeung.moemoekyun.ui.activity.MainActivity}" drawable="listenmoe" />

	<!-- Maxi Zoo -->
	<item component="ComponentInfo{com.fressnapf.mobileapp/com.fressnapf.app.ui.main.MainActivity}" drawable="maxi_zoo" />

	<!-- MediaMarkt -->
	<item component="ComponentInfo{com.media.markt/com.mediamarkt.mms_oscapps_flutter.MainActivity}" drawable="mediamarkt" />

	<!-- MeinMagenta -->
	<item component="ComponentInfo{de.telekom.android.customercenter/com.telekom.oneapp.launcher.components.launcher.LauncherActivity}" drawable="meinmagenta" />

	<!-- Muzei -->
	<item component="ComponentInfo{net.nurik.roman.muzei/com.google.android.apps.muzei.MuzeiActivity}" drawable="muzei" />

	<!-- Open Radio -->
	<item component="ComponentInfo{com.yuriy.openradio/com.yuriy.openradio.mobile.view.activity.MainActivity}" drawable="open_radio" />

	<!-- OSS Weather -->
	<item component="ComponentInfo{com.akylas.weather/com.akylas.weather.MainActivity}" drawable="oss_weather" />

	<!-- Pixlr -->
	<item component="ComponentInfo{com.pixlr.express/com.pixlr.express.ui.startup.StartupActivity}" drawable="pixlr" />

	<!-- Play Services Info -->
	<item component="ComponentInfo{com.weberdo.apps.serviceinfo/com.weberdo.apps.serviceinfo.MainActivity}" drawable="play_services_info" />

	<!-- Postbank -->
	<item component="ComponentInfo{de.postbank.banking/com.db.dbmobile.unity.feature.splash.SplashActivity}" drawable="postbank" />

	<!-- PPSSPP -->
	<item component="ComponentInfo{org.ppsspp.ppsspp/org.ppsspp.ppsspp.PpssppActivity}" drawable="ppsspp" />

	<!-- Robot36 -->
	<item component="ComponentInfo{xdsopl.robot36/xdsopl.robot36.MainActivity}" drawable="robot36" />

	<!-- SD Maid SE -->
	<item component="ComponentInfo{eu.darken.sdmse/eu.darken.sdmse.main.ui.MainActivity}" drawable="sd_maid_se" />

	<!-- Secret Codes -->
	<item component="ComponentInfo{fr.simon.marquis.secretcodes/fr.simon.marquis.secretcodes.MainActivity}" drawable="secret_codes" />

	<!-- Send Files To TV -->
	<item component="ComponentInfo{com.yablio.sendfilestotv/com.yablio.sendfilestotv.ui.MainActivity}" drawable="send_files_to_tv" />

	<!-- SmartTube beta -->
	<item component="ComponentInfo{com.liskovsoft.smarttubetv.beta/com.liskovsoft.smartyoutubetv2.tv.ui.main.SplashActivity}" drawable="smarttube_beta" />

	<!-- Smash Hit -->
	<item component="ComponentInfo{com.mediocre.smashhit/com.mediocre.smashhit.MainActivity}" drawable="smash_hit" />

	<!-- Speech Synthesizer -->
	<item component="ComponentInfo{it.annabozzi.speech.synthesizer/it.annabozzi.speech.synthesizer.MainActivity}" drawable="speech_synthesizer" />

	<!-- Speedometer -->
	<item component="ComponentInfo{apps.r.speedometer/apps.r.speedometer.StartTheme.Black}" drawable="speedometer" />

	<!-- System Info -->
	<item component="ComponentInfo{com.ssaurel.cpuhardwareinfos/com.ssaurel.cpuhardwareinfos.activities.MainActivity}" drawable="system_info" />

	<!-- tagesschau -->
	<item component="ComponentInfo{de.tagesschau/de.tagesschau.ui.splashscreen.SplashScreen}" drawable="tagesschau" />

	<!-- TIC-80 -->
	<item component="ComponentInfo{com.nesbox.tic/com.nesbox.tic.TIC}" drawable="tic_80" />

	<!-- TV -->
	<item component="ComponentInfo{com.samsung.android.tvplus/com.samsung.android.tvplus.MainActivity}" drawable="tv" />

	<!-- TV Channel Editor for BRAVIA -->
	<item component="ComponentInfo{jp.co.sony.hes.sktvfb/jp.co.sony.hes.sktvfb.MainActivity}" drawable="tv_channel_editor_for_bravia" />

	<!-- Vinyl -->
	<item component="ComponentInfo{com.poupa.vinylmusicplayer/com.poupa.vinylmusicplayer.ui.activities.MainActivity}" drawable="vinyl" />

	<!-- Voice Recorder -->
	<item component="ComponentInfo{com.simplemobiletools.voicerecorder/com.simplemobiletools.voicerecorder.activities.SplashActivity.Orange}" drawable="voice_recorder" />

	<!-- VueTube -->
	<item component="ComponentInfo{com.Frontesque.vuetube/com.Frontesque.vuetube.MainActivity}" drawable="vuetube" />

	<!-- whoBIRD -->
	<item component="ComponentInfo{org.woheller69.whobird/org.tensorflow.lite.examples.soundclassifier.DownloadActivity}" drawable="whobird" />

	<!-- Wifi Analyzer -->
	<item component="ComponentInfo{com.farproc.wifi.analyzer/com.farproc.wifi.analyzer.MainScreen}" drawable="wifi_analyzer" />

	<!-- Winamp -->
	<item component="ComponentInfo{com.nullsoft.winamp/com.nullsoft.winamp.SplashScreenActivity}" drawable="winamp" />

	<!-- Wingsong -->
	<item component="ComponentInfo{de.katscher.songsofwingspan/crc64cc438788c08b1d34.MainActivity}" drawable="wingsong" />

	<!-- Xtra -->
	<item component="ComponentInfo{com.github.andreyasadchy.xtra/com.github.andreyasadchy.xtra.ui.main.MainActivity}" drawable="xtra" />

</resources>