<Theme version="1">

	<!-- 8 Button -->
	<AppIcon name="appinventor.ai_markgskwebb.Eight/appinventor.ai_markgskwebb.Eight.Screen1" image="_8_button"/>

	<!-- AccuBattery -->
	<AppIcon name="com.digibites.accubattery/com.digibites.abatterysaver.BatterySaverActivity" image="accubattery"/>

	<!-- AIDA64 -->
	<AppIcon name="com.finalwire.aida64/com.finalwire.aida64.HHMainActivity" image="aida64"/>

	<!-- APKMirror Installer (beta) -->
	<AppIcon name="com.apkmirror.helper.prod/com.apkmirror.presentation.start.StartActivity" image="apkmirror_installer_beta_"/>

	<!-- ARuler -->
	<AppIcon name="com.grymala.aruler/com.grymala.aruler.monetization.ConsentActivity" image="aruler"/>

	<!-- AstroSucker -->
	<AppIcon name="com.vitamina_factory.astrosucker/com.vitamina_factory.astrosucker.AndroidLauncher" image="astrosucker"/>

	<!-- BestSign -->
	<AppIcon name="de.postbank.bestsign/com.db.dbmobile.unity.feature.splash.SplashActivity" image="bestsign"/>

	<!-- BirdNET -->
	<AppIcon name="de.tu_chemnitz.mi.kahst.birdnet/de.tu_chemnitz.mi.kahst.birdnet.Activity_SplashScreen" image="birdnet"/>

	<!-- Bluetooth Keyboard & Mouse -->
	<AppIcon name="io.appground.blek/io.appground.blek.MainActivity" image="bluetooth_keyboard_and_mouse"/>

	<!-- Boorusphere -->
	<AppIcon name="io.chaldeaprjkt.boorusphere/io.chaldeaprjkt.boorusphere.MainActivity" image="boorusphere"/>

	<!-- Bounce -->
	<AppIcon name="com.genico.bounce/com.genico.bounce.MainActivity" image="bounce"/>

	<!-- Calculator -->
	<AppIcon name="com.moblynx.calculatorm/com.android.calculator2.Calculator" image="calculator"/>

	<!-- Camera -->
	<AppIcon name="com.samsung.android.scan3d/com.android.camera.CameraLauncher" image="camera"/>

	<!-- Castro -->
	<AppIcon name="com.itemstudio.castro.pro/com.itemstudio.castro.base.BaseActivity" image="castro"/>

	<!-- Cloud -->
	<AppIcon name="com.samsung.android.scloud/com.samsung.android.scloud.app.ui.splash.launcher" image="cloud"/>

	<!-- Codec/Stylish Text -->
	<AppIcon name="duy.com.text_converter/com.duy.text.converter.activities.MainActivity" image="codec_stylish_text"/>

	<!-- CoinCalc -->
	<AppIcon name="com.samruston.flip/com.samruston.flip.Launcher" image="coincalc"/>

	<!-- Compass -->
	<AppIcon name="apps.r.compass/apps.r.compass.StartTheme.Black" image="compass"/>

	<!-- DI.FM Radio -->
	<AppIcon name="com.audioaddict.di/md5256881233f05e1a12873c405322115cb.SplashActivity" image="difm_radio"/>

	<!-- DroidCam -->
	<AppIcon name="com.dev47apps.droidcam/com.dev47apps.droidcam.DroidCam" image="droidcam"/>

	<!-- Edeka -->
	<AppIcon name="de.edeka.genuss/edeka.digital.app.edeka2020.ui.SplashActivity" image="edeka"/>

	<!-- Eurofurence -->
	<AppIcon name="org.eurofurence.connavigator/org.eurofurence.connavigator.MainActivity" image="eurofurence"/>

	<!-- EVMap -->
	<AppIcon name="net.vonforst.evmap/net.vonforst.evmap.MapsActivity" image="evmap"/>

	<!-- EWE Go -->
	<AppIcon name="de.ewe.go.app/de.ewe.go.app.MainActivity" image="ewe_go"/>

	<!-- FFmpeg Media Encoder -->
	<AppIcon name="com.silentlexx.ffmpeggui/com.silentlexx.ffmpeggui.activities.Gui" image="ffmpeg_media_encoder"/>

	<!-- Frequency Generator -->
	<AppIcon name="com.luxdelux.frequencygenerator/com.luxdelux.frequencygenerator.activity.LauncherActivity" image="frequency_generator"/>

	<!-- Frozen Bubble -->
	<AppIcon name="org.jfedor.frozenbubble/com.efortin.frozenbubble.HomeScreen" image="frozen_bubble"/>

	<!-- Fruit Ninja -->
	<AppIcon name="com.halfbrick.fruitninjafree/com.google.firebase.MessagingUnityPlayerActivity" image="fruit_ninja"/>

	<!-- Fruit Ninja Classic -->
	<AppIcon name="com.halfbrick.fruitninja/com.halfbrick.mortar.MortarGameLauncherActivity" image="fruit_ninja_classic"/>

	<!-- Gameloft Classics -->
	<AppIcon name="com.gameloft.android.ANMP.GloftGLCL/com.gameloft.android.ANMP.GloftGLCL.Start" image="gameloft_classics"/>

	<!-- HUK Mein Auto -->
	<AppIcon name="de.hdd.telematik/de.hdd.telematik.app.core.RootActivity" image="huk_mein_auto"/>

	<!-- Imgur -->
	<AppIcon name="com.imgur.mobile/com.imgur.mobile.Launcher" image="imgur"/>

	<!-- KATWARN -->
	<AppIcon name="de.combirisk.katwarn/de.combirisk.katwarn.MainActivity" image="katwarn"/>

	<!-- Komoot -->
	<AppIcon name="de.komoot.android/de.komoot.android.ui.inspiration.InspirationActivity" image="komoot"/>

	<!-- Ladefuchs -->
	<AppIcon name="app.ladefuchs.android/app.ladefuchs.android.MainActivity" image="ladefuchs"/>

	<!-- Leckerstück -->
	<AppIcon name="de.simplydelivery.leckerstueck/de.simplydelivery.leckerstueck.MainActivity" image="leckerstuck"/>

	<!-- LG Soundbar -->
	<AppIcon name="com.lge.media.lgsoundbar/com.lge.media.lgsoundbar.setup.splash.SplashActivity" image="lg_soundbar"/>

	<!-- LISTEN.moe -->
	<AppIcon name="me.echeung.moemoekyun/me.echeung.moemoekyun.ui.activity.MainActivity" image="listenmoe"/>

	<!-- Maxi Zoo -->
	<AppIcon name="com.fressnapf.mobileapp/com.fressnapf.app.ui.main.MainActivity" image="maxi_zoo"/>

	<!-- MediaMarkt -->
	<AppIcon name="com.media.markt/com.mediamarkt.mms_oscapps_flutter.MainActivity" image="mediamarkt"/>

	<!-- MeinMagenta -->
	<AppIcon name="de.telekom.android.customercenter/com.telekom.oneapp.launcher.components.launcher.LauncherActivity" image="meinmagenta"/>

	<!-- Muzei -->
	<AppIcon name="net.nurik.roman.muzei/com.google.android.apps.muzei.MuzeiActivity" image="muzei"/>

	<!-- Open Radio -->
	<AppIcon name="com.yuriy.openradio/com.yuriy.openradio.mobile.view.activity.MainActivity" image="open_radio"/>

	<!-- OSS Weather -->
	<AppIcon name="com.akylas.weather/com.akylas.weather.MainActivity" image="oss_weather"/>

	<!-- Pixlr -->
	<AppIcon name="com.pixlr.express/com.pixlr.express.ui.startup.StartupActivity" image="pixlr"/>

	<!-- Play Services Info -->
	<AppIcon name="com.weberdo.apps.serviceinfo/com.weberdo.apps.serviceinfo.MainActivity" image="play_services_info"/>

	<!-- Postbank -->
	<AppIcon name="de.postbank.banking/com.db.dbmobile.unity.feature.splash.SplashActivity" image="postbank"/>

	<!-- PPSSPP -->
	<AppIcon name="org.ppsspp.ppsspp/org.ppsspp.ppsspp.PpssppActivity" image="ppsspp"/>

	<!-- Robot36 -->
	<AppIcon name="xdsopl.robot36/xdsopl.robot36.MainActivity" image="robot36"/>

	<!-- SD Maid SE -->
	<AppIcon name="eu.darken.sdmse/eu.darken.sdmse.main.ui.MainActivity" image="sd_maid_se"/>

	<!-- Secret Codes -->
	<AppIcon name="fr.simon.marquis.secretcodes/fr.simon.marquis.secretcodes.MainActivity" image="secret_codes"/>

	<!-- Send Files To TV -->
	<AppIcon name="com.yablio.sendfilestotv/com.yablio.sendfilestotv.ui.MainActivity" image="send_files_to_tv"/>

	<!-- SmartTube beta -->
	<AppIcon name="com.liskovsoft.smarttubetv.beta/com.liskovsoft.smartyoutubetv2.tv.ui.main.SplashActivity" image="smarttube_beta"/>

	<!-- Smash Hit -->
	<AppIcon name="com.mediocre.smashhit/com.mediocre.smashhit.MainActivity" image="smash_hit"/>

	<!-- Speech Synthesizer -->
	<AppIcon name="it.annabozzi.speech.synthesizer/it.annabozzi.speech.synthesizer.MainActivity" image="speech_synthesizer"/>

	<!-- Speedometer -->
	<AppIcon name="apps.r.speedometer/apps.r.speedometer.StartTheme.Black" image="speedometer"/>

	<!-- System Info -->
	<AppIcon name="com.ssaurel.cpuhardwareinfos/com.ssaurel.cpuhardwareinfos.activities.MainActivity" image="system_info"/>

	<!-- tagesschau -->
	<AppIcon name="de.tagesschau/de.tagesschau.ui.splashscreen.SplashScreen" image="tagesschau"/>

	<!-- TIC-80 -->
	<AppIcon name="com.nesbox.tic/com.nesbox.tic.TIC" image="tic_80"/>

	<!-- TV -->
	<AppIcon name="com.samsung.android.tvplus/com.samsung.android.tvplus.MainActivity" image="tv"/>

	<!-- TV Channel Editor for BRAVIA -->
	<AppIcon name="jp.co.sony.hes.sktvfb/jp.co.sony.hes.sktvfb.MainActivity" image="tv_channel_editor_for_bravia"/>

	<!-- Vinyl -->
	<AppIcon name="com.poupa.vinylmusicplayer/com.poupa.vinylmusicplayer.ui.activities.MainActivity" image="vinyl"/>

	<!-- Voice Recorder -->
	<AppIcon name="com.simplemobiletools.voicerecorder/com.simplemobiletools.voicerecorder.activities.SplashActivity.Orange" image="voice_recorder"/>

	<!-- VueTube -->
	<AppIcon name="com.Frontesque.vuetube/com.Frontesque.vuetube.MainActivity" image="vuetube"/>

	<!-- whoBIRD -->
	<AppIcon name="org.woheller69.whobird/org.tensorflow.lite.examples.soundclassifier.DownloadActivity" image="whobird"/>

	<!-- Wifi Analyzer -->
	<AppIcon name="com.farproc.wifi.analyzer/com.farproc.wifi.analyzer.MainScreen" image="wifi_analyzer"/>

	<!-- Winamp -->
	<AppIcon name="com.nullsoft.winamp/com.nullsoft.winamp.SplashScreenActivity" image="winamp"/>

	<!-- Wingsong -->
	<AppIcon name="de.katscher.songsofwingspan/crc64cc438788c08b1d34.MainActivity" image="wingsong"/>

	<!-- Xtra -->
	<AppIcon name="com.github.andreyasadchy.xtra/com.github.andreyasadchy.xtra.ui.main.MainActivity" image="xtra"/>

</Theme>