<resources>

	<!-- Burger King -->
	<item component="ComponentInfo{de.burgerking.kingfinder/rbi.android.app.Launcher}" drawable="burger_king" />

	<!-- FAIRTIQ -->
	<item component="ComponentInfo{com.fairtiq.android/com.fairtiq.androidkit.signup.StartupActivity}" drawable="fairtiq" />

	<!-- Filmpalast am ZKM -->
	<item component="ComponentInfo{de.filmpalastzkm.android/com.planetmutlu.pmkino3.views.StartActivity}" drawable="filmpalast_am_zkm" />

	<!-- Finanzguru -->
	<item component="ComponentInfo{de.dwins.financeguru/de.dwins.financeguru.SplashActivity}" drawable="finanzguru" />

	<!-- Nike -->
	<item component="ComponentInfo{com.nike.omega/com.nike.mynike.ui.SplashScreenActivity}" drawable="nike" />

	<!-- Postparty -->
	<item component="ComponentInfo{com.lifeonair.postparty/com.lifeonair.postparty.root.MainActivity}" drawable="postparty" />

	<!-- Saturn -->
	<item component="ComponentInfo{com.media.saturn/com.mediamarkt.mms_oscapps_flutter.MainActivity}" drawable="saturn" />

	<!-- Tracker Network -->
	<item component="ComponentInfo{network.tracker.app/network.tracker.app.MainActivity}" drawable="tracker_network" />

</resources>