<Theme version="1">

	<!-- Burger King -->
	<AppIcon name="de.burgerking.kingfinder/rbi.android.app.Launcher" image="burger_king"/>

	<!-- FAIRTIQ -->
	<AppIcon name="com.fairtiq.android/com.fairtiq.androidkit.signup.StartupActivity" image="fairtiq"/>

	<!-- Filmpalast am ZKM -->
	<AppIcon name="de.filmpalastzkm.android/com.planetmutlu.pmkino3.views.StartActivity" image="filmpalast_am_zkm"/>

	<!-- Finanzguru -->
	<AppIcon name="de.dwins.financeguru/de.dwins.financeguru.SplashActivity" image="finanzguru"/>

	<!-- Nike -->
	<AppIcon name="com.nike.omega/com.nike.mynike.ui.SplashScreenActivity" image="nike"/>

	<!-- Postparty -->
	<AppIcon name="com.lifeonair.postparty/com.lifeonair.postparty.root.MainActivity" image="postparty"/>

	<!-- Saturn -->
	<AppIcon name="com.media.saturn/com.mediamarkt.mms_oscapps_flutter.MainActivity" image="saturn"/>

	<!-- Tracker Network -->
	<AppIcon name="network.tracker.app/network.tracker.app.MainActivity" image="tracker_network"/>

</Theme>