<resources>

	<!-- Absher -->
	<item component="ComponentInfo{sa.gov.moi/com.elm.android.individual.RoutingActivity}" drawable="absher" />

	<!-- ACEP Toxicology Antidote App -->
	<item component="ComponentInfo{org.acep.tsaa/com.ansca.corona.CoronaActivity}" drawable="acep_toxicology_antidote_app" />

	<!-- activeTAN -->
	<item component="ComponentInfo{de.varengold.activeTAN/de.efdis.tangenerator.gui.misc.MainActivity}" drawable="activetan" />

	<!-- ADA SOC -->
	<item component="ComponentInfo{org.diabetes.american_diabetes_association_standards_of_medical_care/com.media4u.middle_earth.MainActivity}" drawable="ada_soc" />

	<!-- AetherSX2 -->
	<item component="ComponentInfo{xyz.aethersx2.android/xyz.aethersx2.android.MainActivity}" drawable="aethersx2" />

	<!-- AI Life -->
	<item component="ComponentInfo{com.huawei.smarthome/com.huawei.smarthome.login.LauncherActivity}" drawable="ai_life" />

	<!-- AI Retouch - Remove Objects -->
	<item component="ComponentInfo{photoeditor.photoretouch.removeobjects.retouch/retouch.photoeditor.remove.activity.DummyActivity}" drawable="ai_retouch_remove_objects" />

	<!-- AIM Clinical Cases -->
	<item component="ComponentInfo{com.acpclinicalcases/com.acpclinicalcases.MainActivity}" drawable="aim_clinical_cases" />

	<!-- Air Hockey Challenge -->
	<item component="ComponentInfo{com.mobirix.airhockey/com.mobirix.airhockey.airhockey}" drawable="air_hockey_challenge" />

	<!-- AirReceiver -->
	<item component="ComponentInfo{com.softmedia.receiver/com.softmedia.receiver.app.SplashActivity}" drawable="airreceiver" />

	<!-- Alga -->
	<item component="ComponentInfo{tech.laihz.alga/tech.laihz.alga.MainActivity}" drawable="alga" />

	<!-- Amnis -->
	<item component="ComponentInfo{com.amnis/com.amnis.gui.MainActivity}" drawable="amnis" />

	<!-- Anime Slayer -->
	<item component="ComponentInfo{com.anslayer/com.anslayer.ui.splash.SplashActivity}" drawable="anime_slayer" />

	<!-- AnkiDroid -->
	<item component="ComponentInfo{com.ichi2.anki/com.ichi2.anki.IntentHandler}" drawable="ankidroid" />

	<!-- Annals of Internal Medicine -->
	<item component="ComponentInfo{com.acpannals/com.acpannals.MainActivity}" drawable="annals_of_internal_medicine" />

	<!-- ANONguard -->
	<item component="ComponentInfo{anonvpn.anon_next.android/anonvpn.anon_next.android.ui.main.MainActivity}" drawable="anonguard" />

	<!-- AOS TV -->
	<item component="ComponentInfo{com.premium.aostv/com.premium.aostv.tv.activity.SpalshActivity}" drawable="aos_tv" />

	<!-- Apk Getter -->
	<item component="ComponentInfo{com.apkgetter/com.apkgetter.ui.SplashActivity}" drawable="apk_getter" />

	<!-- APNA SHIELD PRO -->
	<item component="ComponentInfo{com.apnashield.pro/prince.open.vpn.activities.SplashActivity}" drawable="apna_shield_pro" />

	<!-- App vault -->
	<item component="ComponentInfo{com.mi.android.globalminusscreen/com.mi.android.globalminusscreen.tab.MainActivity_icon_6}" drawable="app_vault" />

	<!-- AppChecker -->
	<item component="ComponentInfo{com.kroegerama.appchecker/com.kroegerama.appchecker.ui.AcMain}" drawable="appchecker" />

	<!-- Aptoide -->
	<item component="ComponentInfo{cm.aptoide.pt/cm.aptoide.pt.view.MainActivity}" drawable="aptoide" />

	<!-- Arabic English Dictionary -->
	<item component="ComponentInfo{com.dictionary.ar/com.dictionary.ar.DictionaryActivity}" drawable="arabic_english_dictionary" />

	<!-- ASD Player -->
	<item component="ComponentInfo{com.app_mo.splayer/com.app_mo.splayer.ui.main.MainActivity}" drawable="asd_player" />

	<!-- Asphalt 9 -->
	<item component="ComponentInfo{com.gameloft.android.ANMP.GloftA9HM/com.gameloft.android.ANMP.GloftA9HM.MainActivity}" drawable="asphalt_9" />

	<!-- Audio Notes -->
	<item component="ComponentInfo{com.certified.audionote/com.certified.audionote.ui.main.MainActivity}" drawable="audio_notes" />

	<!-- Audio Video Manager -->
	<item component="ComponentInfo{com.inverseai.audio_video_manager/com.inverseai.audio_video_manager.activity.WelcomeActivity}" drawable="audio_video_manager" />

	<!-- Audio­mack -->
	<item component="ComponentInfo{com.audiomack/com.audiomack.ui.splash.SplashActivity}" drawable="audio­mack" />

	<!-- Auscultation World -->
	<item component="ComponentInfo{com.worldofmedicalsaviours.auscultationworld/com.worldofmedicalsaviours.auscultationworld.MainActivity}" drawable="auscultation_world" />

	<!-- Ayah -->
	<item component="ComponentInfo{com.ayah/com.ayah.ui.SplashScreen}" drawable="ayah" />

	<!-- Base64 -->
	<item component="ComponentInfo{com.github.base64toolbox/com.example.intro_screen.MainActivity}" drawable="base64" />

	<!-- Batch Uninstaller -->
	<item component="ComponentInfo{com.saha.batchuninstaller/com.saha.batchuninstaller.ui.SplashScreenActivity}" drawable="batch_uninstaller" />

	<!-- Binaural Beats Therapy -->
	<item component="ComponentInfo{com.ihunda.android.binauralbeat/com.ihunda.android.binauralbeat.BBeat}" drawable="binaural_beats_therapy" />

	<!-- BinBaz - جامع فتاوى ابن باز -->
	<item component="ComponentInfo{com.zadgroup.binbazfatawa/com.zadgroup.binbazfatawa.MainActivity}" drawable="binbaz" />

	<!-- Blocker -->
	<item component="ComponentInfo{com.merxury.blocker/com.merxury.blocker.MainActivity}" drawable="blocker" />

	<!-- Bluetooth Codec Changer -->
	<item component="ComponentInfo{com.amrg.bluetooth_codec_converter/com.amrg.bluetooth_codec_converter.ui.base.SharedActivity}" drawable="bluetooth_codec_changer" />

	<!-- Blur Video & Image -->
	<item component="ComponentInfo{com.bongasoft.blurimagevideo/com.bongasoft.blurimagevideo.activities.SplashScreenActivity}" drawable="blur_video_and_image" />

	<!-- BMI Calculator -->
	<item component="ComponentInfo{com.sdgcode.bmicalculator/com.sdgcode.bmicalculator.MainActivity}" drawable="bmi_calculator" />

	<!-- BMJ Best Practice -->
	<item component="ComponentInfo{com.bmj.bmjbestpractice/com.bmj.bmjbestpractice.MainActivity}" drawable="bmj_best_practice" />

	<!-- BNF -->
	<item component="ComponentInfo{com.pharmpress.bnf/com.pharmpress.bnf.features.walkthrough.WalkThroughActivity}" drawable="bnf" />

	<!-- Boardible -->
	<item component="ComponentInfo{com.Boardible.Boardible/com.google.firebase.MessagingUnityPlayerActivity}" drawable="boardible" />

	<!-- Bolt -->
	<item component="ComponentInfo{ee.mtakso.client/ee.mtakso.client.activity.SplashHomeActivity}" drawable="bolt" />

	<!-- Botim -->
	<item component="ComponentInfo{im.thebot.messenger/im.thebot.messenger.BOTStartPage}" drawable="botim" />

	<!-- Bounce -->
	<item component="ComponentInfo{com.genico.bounce/com.genico.bounce.MainActivity}" drawable="bounce" />

	<!-- Brain Tutor 3D -->
	<item component="ComponentInfo{com.brainvoyager.android.BrainTutor/org.qtproject.qt.android.bindings.QtActivity}" drawable="brain_tutor_3d" />

	<!-- Brick Game -->
	<item component="ComponentInfo{com.ly.brickgameclassic/com.unity3d.player.UnityPlayerActivity}" drawable="brick_game" />

	<!-- Bridge Race -->
	<item component="ComponentInfo{com.Garawell.BridgeRace/com.unity3d.player.UnityPlayerActivity}" drawable="bridge_race" />

	<!-- Bullets* -->
	<item component="ComponentInfo{com.orthobullets.Bullets/crc640bc7823b8804bed1.SplashActivity}" drawable="bullets_" />

	<!-- Cache Cleaner -->
	<item component="ComponentInfo{com.github.bmx666.appcachecleaner/com.github.bmx666.appcachecleaner.ui.activity.LauncherActivity}" drawable="cache_cleaner" />

	<!-- Call of Duty -->
	<item component="ComponentInfo{com.activision.callofduty.shooter/com.tencent.tmgp.cod.CODMPrivatePermissionActivity}" drawable="call_of_duty" />

	<!-- Candle -->
	<item component="ComponentInfo{com.elasticrock.candle/com.elasticrock.candle.MainActivity}" drawable="candle" />

	<!-- Canvas AI -->
	<item component="ComponentInfo{ai.photo.wallpaper.wonder.art/com.ai.image.generate.activities.Splash}" drawable="canvas_ai" />

	<!-- Careem -->
	<item component="ComponentInfo{com.careem.acma/com.careem.superapp.OnboardingActivityOldIcon}" drawable="careem" />

	<!-- Carrion -->
	<item component="ComponentInfo{us.spotco.carrion/us.spotco.carrion.MainActivity}" drawable="carrion" />

	<!-- Castro -->
	<item component="ComponentInfo{com.itemstudio.castro.pro/com.itemstudio.castro.base.BaseActivity}" drawable="castro" />

	<!-- Cat Vs Dog War -->
	<item component="ComponentInfo{com.sharpshark.catvsdog2/com.sharpshark.catvsdog2.MainActivity}" drawable="cat_vs_dog_war" />

	<!-- Catex VPN -->
	<item component="ComponentInfo{com.catex.vpn/prince.open.vpn.activities.SpashActivity}" drawable="catex_vpn" />

	<!-- CDC STI TX -->
	<item component="ComponentInfo{gov.cdc.stdtxguide/gov.cdc.std.tx.presentation.SplashActivity}" drawable="cdc_sti_tx" />

	<!-- CEToolbox -->
	<item component="ComponentInfo{com.github.cetoolbox/com.github.cetoolbox.CEToolboxActivity}" drawable="cetoolbox" />

	<!-- Cinemax -->
	<item component="ComponentInfo{com.maximillianleonov.cinemax/com.maximillianleonov.cinemax.CinemaxActivity}" drawable="cinemax" />

	<!-- CircusFun -->
	<item component="ComponentInfo{com.RoyalArcadeGaming.CircusFun/com.unity3d.player.UnityPlayerActivity}" drawable="circusfun" />

	<!-- Classify Rx -->
	<item component="ComponentInfo{com.first.medical.medical/com.scoopmed.classify.ui.activities.MainActivity}" drawable="classify_rx" />

	<!-- Clipboard Cleaner -->
	<item component="ComponentInfo{com.thatsmanmeet.clipboardcleaner/com.thatsmanmeet.clipboardcleaner.MainActivity}" drawable="clipboard_cleaner" />

	<!-- ClipDrop -->
	<item component="ComponentInfo{app.arcopypaste/app.arcopypaste.MainActivity}" drawable="clipdrop" />

	<!-- ClipShare -->
	<item component="ComponentInfo{com.tw.clipshare/com.tw.clipshare.ClipShareActivity}" drawable="clipshare" />

	<!-- Clock -->
	<item component="ComponentInfo{com.android.deskclock/com.android.deskclock.DeskClockTabActivity}" drawable="clock" />

	<!-- COD Warzone -->
	<item component="ComponentInfo{com.activision.callofduty.warzone/com.activision.game.MainActivity}" drawable="cod_warzone" />

	<!-- Coffee -->
	<item component="ComponentInfo{com.github.muellerma.coffee/com.github.muellerma.coffee.activities.MainActivity}" drawable="coffee" />

	<!-- ColorDict -->
	<item component="ComponentInfo{com.socialnmobile.colordict/com.socialnmobile.colordict.activity.Main}" drawable="colordict" />

	<!-- Comprehensive Islamic Library جامع الكتب الإسلامية -->
	<item component="ComponentInfo{com.ketabonline/my.smartech.grandlibrary.ui.SplashActivity}" drawable="comprehensive_islamic_library" />

	<!-- Countdate -->
	<item component="ComponentInfo{cyou.sk5s.app.countdate/cyou.sk5s.app.countdate.MainActivity}" drawable="countdate" />

	<!-- COUNTRY TUNNEL VIP -->
	<item component="ComponentInfo{dev.rlb.studio.countrytunnelvip/renz.javacodez.vpn.activities.RCODEVPNSplash}" drawable="country_tunnel_vip" />

	<!-- Cram -->
	<item component="ComponentInfo{com.studymode.cram/io.studymode.cram.activity.MainActivity}" drawable="cram" />

	<!-- Cramped -->
	<item component="ComponentInfo{com.nash.cramped/com.nash.cramped.MainActivity}" drawable="cramped" />

	<!-- Criteria Sets -->
	<item component="ComponentInfo{com.apa.dsm.v/com.apa.dsm.v.activities.APASplashActivity}" drawable="criteria_sets" />

	<!-- CT Anatomy -->
	<item component="ComponentInfo{air.CT/air.CT.MainActivity}" drawable="ct_anatomy" />

	<!-- Cyrillic -->
	<item component="ComponentInfo{at.mikenet.serbianlatintocyrillic/at.mikenet.serbianlatintocyrillic.MainActivity}" drawable="cyrillic" />

	<!-- D4D -->
	<item component="ComponentInfo{com.voixme.d4d/com.voixme.d4d.ui.activity.SplashScreen}" drawable="d4d" />

	<!-- Dailymotion -->
	<item component="ComponentInfo{com.dailymotion.dailymotion/com.dailymotion.dailymotion.ui.activity.MainActivity}" drawable="dailymotion" />

	<!-- ddxof -->
	<item component="ComponentInfo{com.fadial.android/com.fadial.android.MainActivity}" drawable="ddxof" />

	<!-- Deezer -->
	<item component="ComponentInfo{deezer.android.app/com.deezer.android.ui.activity.LauncherActivity}" drawable="deezer" />

	<!-- Derm Student -->
	<item component="ComponentInfo{com.borne.bad/com.borne.bad.activity.SplashActivity}" drawable="derm_student" />

	<!-- Dermatology Database -->
	<item component="ComponentInfo{com.aocd.DermatologyDB/com.aocd.DermatologyDB.SplashActivity}" drawable="dermatology_database" />

	<!-- Digilog TV -->
	<item component="ComponentInfo{io.github.aldrinzigmundv.digilogtv/com.example.digilogtv.MainActivity}" drawable="digilog_tv" />

	<!-- Discogs -->
	<item component="ComponentInfo{com.discogs.app/com.discogs.app.MainActivity}" drawable="discogs" />

	<!-- Discord -->
	<item component="ComponentInfo{dev.beefers.vendetta/com.discord.main.MainDefault}" drawable="discord" />

	<!-- DNS Switch -->
	<item component="ComponentInfo{net.mypush.dnsswitch/net.mypush.dnsswitch.MainActivity}" drawable="dns_switch" />

	<!-- Downdetector -->
	<item component="ComponentInfo{com.serinus42.downdetector/com.serinus42.downdetector.dashboard.DashboardActivity}" drawable="downdetector" />

	<!-- Downmack -->
	<item component="ComponentInfo{com.localhost.downmack/com.localhost.downmack.ui.activity.MainActivity}" drawable="downmack" />

	<!-- Dreamerland -->
	<item component="ComponentInfo{art.dreamerai.android/art.dreamerai.android.MainActivity}" drawable="dreamerland" />

	<!-- DroidPlay -->
	<item component="ComponentInfo{com.github.warren_bank.airplay_client/com.github.warren_bank.airplay_client.ui.DroidPlayActivity}" drawable="droidplay" />

	<!-- Early Bird Alarm Clock -->
	<item component="ComponentInfo{com.funanduseful.earlybirdalarm/com.funanduseful.earlybirdalarm.ui.main.MainActivity}" drawable="early_bird_alarm_clock" />

	<!-- Easy Watermark -->
	<item component="ComponentInfo{me.rosuh.easywatermark/me.rosuh.easywatermark.ui.MainActivity}" drawable="easy_watermark" />

	<!-- ECG Guide -->
	<item component="ComponentInfo{com.qxmd.ecgguide/com.qxmd.ecgguide.SplashScreenActivity}" drawable="ecg_guide" />

	<!-- Eddict Player -->
	<item component="ComponentInfo{com.shanling.eddictplayer/com.shanling.eddictplayer.gui.Activity.SplashActivity}" drawable="eddict_player" />

	<!-- Empty Folder Cleaner -->
	<item component="ComponentInfo{com.rootify.emptyfoldercleaner/com.rootify.emptyfoldercleaner.MainActivity}" drawable="empty_folder_cleaner" />

	<!-- Empty Text -->
	<item component="ComponentInfo{com.innovationredefined.emptytext/com.innovationredefined.emptytext.MainActivity}" drawable="empty_text" />

	<!-- EMTrainer -->
	<item component="ComponentInfo{com.harleynelson.emtrainer.free/com.harleynelson.emtrainer.Home}" drawable="emtrainer" />

	<!-- EP Mobile -->
	<item component="ComponentInfo{org.epstudios.epmobile/org.epstudios.epmobile.EpMobile}" drawable="ep_mobile" />

	<!-- Epub Reader -->
	<item component="ComponentInfo{epub.reader/com.foobnix.ui2.MainTabs2}" drawable="epub_reader" />

	<!-- Evil Insult Generator -->
	<item component="ComponentInfo{com.evilinsult/com.evilinsult.activities.MainActivity}" drawable="evil_insult_generator" />

	<!-- ExifEraser -->
	<item component="ComponentInfo{com.none.tom.exiferaser/com.none.tom.exiferaser.ExifEraserActivity}" drawable="exiferaser" />

	<!-- Eye Handbook -->
	<item component="ComponentInfo{com.CloudNineDevelopement.EyeHandbook/com.CloudNineDevelopement.EyeHandbook.activity.RoutingActivity}" drawable="eye_handbook" />

	<!-- F-Stop -->
	<item component="ComponentInfo{com.fstop.photo/com.fstop.photo.activity.MainActivity}" drawable="f_stop" />

	<!-- Fake Traveler -->
	<item component="ComponentInfo{cl.coders.faketraveler/cl.coders.faketraveler.MainActivity}" drawable="fake_traveler" />

	<!-- Fanta Pro Vpn -->
	<item component="ComponentInfo{com.fantapro.free/renz.javacodez.vpn.activities.VPNSplash}" drawable="fanta_pro_vpn" />

	<!-- Figure 1 -->
	<item component="ComponentInfo{com.figure1.android/com.zoontek.rnbootsplash.RNBootSplashActivity}" drawable="figure_1" />

	<!-- FiiO Music -->
	<item component="ComponentInfo{com.fiio.music/com.fiio.music.activity.SplashActivity}" drawable="fiio_music" />

	<!-- File Converter -->
	<item component="ComponentInfo{com.onlineconvert.ocapp/com.onlineconvert.ocapp.MainActivity}" drawable="file_converter" />

	<!-- File Manager -->
	<item component="ComponentInfo{com.mi.android.globalFileexplorer/com.android.fileexplorer.MainActivity}" drawable="file_manager" />

	<!-- File Manager -->
	<item component="ComponentInfo{org.fossify.filemanager/org.fossify.filemanager.activities.SplashActivity.Green}" drawable="file_manager_green" />

	<!-- flightview free -->
	<item component="ComponentInfo{com.flightview.flightview_free/com.flightview.flightview.Startup}" drawable="flightview_free" />

	<!-- Flud+ -->
	<item component="ComponentInfo{com.delphicoder.flud.paid/com.delphicoder.flud.MainActivity}" drawable="flud_" />

	<!-- FMWhatsApp -->
	<item component="ComponentInfo{com.fmwhatsapp/com.fmwhatsapp.Icon39}" drawable="fmwhatsapp" />

	<!-- foobar2000 -->
	<item component="ComponentInfo{com.foobar2000.foobar2000/com.foobar2000.foobar2000.MainActivity}" drawable="foobar2000" />

	<!-- FPse -->
	<item component="ComponentInfo{com.emulator.fpse/com.emulator.fpse.Main}" drawable="fpse" />

	<!-- Free TV -->
	<item component="ComponentInfo{com.phstudio.freetv/com.phstudio.freetv.MainActivity}" drawable="free_tv" />

	<!-- Freepik -->
	<item component="ComponentInfo{com.freepikcompany.freepik/com.freepikcompany.freepik.launcher.presentation.ui.LauncherActivity}" drawable="freepik" />

	<!-- FTPClient -->
	<item component="ComponentInfo{de.qwerty287.ftpclient/de.qwerty287.ftpclient.MainActivity}" drawable="ftpclient" />

	<!-- FV File Explorer Pro -->
	<item component="ComponentInfo{com.folderv.filepro/com.folderv.file.SplashActivity}" drawable="fv_file_explorer_pro" />

	<!-- Gallery -->
	<item component="ComponentInfo{com.miui.gallery/com.miui.gallery.activity.HomePageActivity}" drawable="gallery" />

	<!-- GameBox -->
	<item component="ComponentInfo{com.turner.cartoonnetworkgames/com.turner.cartoonnetworkgames.MainActivity}" drawable="gamebox" />

	<!-- Geddit -->
	<item component="ComponentInfo{geddit.buzl.uk/geddit.buzl.uk.MainActivity}" drawable="geddit" />

	<!-- General Surgery Instruments -->
	<item component="ComponentInfo{com.production.ksm.generalsurgery/com.production.ksm.generalsurgery.MainActivity}" drawable="general_surgery_instruments" />

	<!-- Genetics 4M -->
	<item component="ComponentInfo{com.genetics4m/com.appmedics.tabactivity.SplashActivity}" drawable="genetics_4m" />

	<!-- GeoNotes -->
	<item component="ComponentInfo{de.hauke_stieler.geonotes/de.hauke_stieler.geonotes.MainActivity}" drawable="geonotes" />

	<!-- GetApps -->
	<item component="ComponentInfo{com.xiaomi.mipicks/com.xiaomi.mipicks.DefaultAlias}" drawable="getapps" />

	<!-- Geto -->
	<item component="ComponentInfo{com.android.geto/com.android.geto.MainActivity}" drawable="geto" />

	<!-- Great Quran -->
	<item component="ComponentInfo{com.arabiait.quran.v2/com.arabiait.quran.v2.MainActivity}" drawable="great_quran" />

	<!-- Green Screen -->
	<item component="ComponentInfo{maa.greenscreen_effect.background_changer/maa.greenscreen_effect.background_changer.ui.activities.SplashScreen}" drawable="green_screen" />

	<!-- Guideline Central -->
	<item component="ComponentInfo{com.mobiuso.IGC.guidelines/com.guidelinecentral.MainActivity}" drawable="guideline_central" />

	<!-- Guidelines -->
	<item component="ComponentInfo{org.idsociety.guidelines/org.idsociety.guidelines.AppLauncherActivity}" drawable="guidelines" />

	<!-- GULF VPN -->
	<item component="ComponentInfo{com.mawa.gulf.vpn/dev.scbuild.openvpn3.SplashActivity}" drawable="gulf_vpn" />

	<!-- Gyawun -->
	<item component="ComponentInfo{com.jhelum.gyawun/com.ryanheise.audioservice.AudioServiceActivity}" drawable="gyawun" />

	<!-- Happy Chick -->
	<item component="ComponentInfo{org.xiaoji001.app/com.swordfish.lemuroid.chick.function.launcher.LauncherActivity}" drawable="happy_chick" />

	<!-- Harmonoid -->
	<item component="ComponentInfo{com.alexmercerind.harmonoid/com.alexmercerind.harmonoid.MainActivity}" drawable="harmonoid" />

	<!-- Harmony Music -->
	<item component="ComponentInfo{com.anandnet.harmonymusic/com.ryanheise.audioservice.AudioServiceActivity}" drawable="harmony_music" />

	<!-- HD STREAMZ -->
	<item component="ComponentInfo{insure.cable.estate/com.android.vending.a.Splash}" drawable="hd_streamz" />

	<!-- HDO Box -->
	<item component="ComponentInfo{com.hdobox/com.hdobox.MainActivity}" drawable="hdo_box" />

	<!-- Heartpedia -->
	<item component="ComponentInfo{com.cardinal.childrensheartencyclopedia/com.cardinal.childrensheartencyclopedia.heartGrid.MainActivity}" drawable="heartpedia" />

	<!-- Hepatitis B Results -->
	<item component="ComponentInfo{com.quickdoc.hepatitsbvirus/com.quickdoc.hepatitisbvirus.MainActivity}" drawable="hepatitis_b_results" />

	<!-- Honista -->
	<item component="ComponentInfo{cc.honista.app/com.app.launcher_0}" drawable="honista" />

	<!-- HTTP Request Tunnel -->
	<item component="ComponentInfo{com.request.http/spkmods.build.austrovpn.LauncherActivity}" drawable="http_request_tunnel" />

	<!-- huggingAssist -->
	<item component="ComponentInfo{org.woheller69.hugassist/org.woheller69.huggingchat.MainActivity}" drawable="huggingassist" />

	<!-- HungerStation -->
	<item component="ComponentInfo{com.hungerstation.android.web/com.hungerstation.android.web.v6.screens.splash.view.SplashActivity}" drawable="hungerstation" />

	<!-- ICE VPN -->
	<item component="ComponentInfo{app.icevpn.devusa.build/com.supremedev.tunnel.activities.SpashActivity}" drawable="ice_vpn" />

	<!-- iCU Notes -->
	<item component="ComponentInfo{com.doc_notes.icunotes/com.doc_notes.icunotes.MainActivity}" drawable="icu_notes" />

	<!-- ICU Trials -->
	<item component="ComponentInfo{com.clincalc.icutrials/com.clincalc.icutrials.SplashScreen}" drawable="icu_trials" />

	<!-- ID Photo -->
	<item component="ComponentInfo{com.peace.IdPhoto/com.peace.IdPhoto.LaunchActivity}" drawable="id_photo" />

	<!-- Identiconizer! -->
	<item component="ComponentInfo{com.germainz.identiconizer/com.germainz.identiconizer.IdenticonsSettings}" drawable="identiconizer_" />

	<!-- Image Toolbox (Resizer) -->
	<item component="ComponentInfo{ru.tech.imageresizershrinker/ru.tech.imageresizershrinker.presentation.AppActivity}" drawable="image_toolbox_resizer_" />

	<!-- ImageSearch -->
	<item component="ComponentInfo{jp.hamachi.android.img/jp.hamachi.android.img.app.activities.MainActivity}" drawable="imagesearch" />

	<!-- Imgur -->
	<item component="ComponentInfo{com.imgur.mobile/com.imgur.mobile.Launcher}" drawable="imgur" />

	<!-- Implant Identifier -->
	<item component="ComponentInfo{implantidentifier.org.implantidentifier/manualidentifier.org.manualidentifier.activity.SplashActivity}" drawable="implant_identifier" />

	<!-- Instander -->
	<item component="ComponentInfo{com.instander.android/com.instagram.android.activity.MainTabActivity}" drawable="instander" />

	<!-- IR PRO VPN -->
	<item component="ComponentInfo{app.irprovpn.ovpn3/com.technore.tunnel.activities.SplashActivity}" drawable="ir_pro_vpn" />

	<!-- Islam House Library -->
	<item component="ComponentInfo{my.smartech.islamhouselibrary/com.mowahedin.alqalam.ui.modules.activities.splash.SplashActivity}" drawable="islam_house_library" />

	<!-- Islam Question and Answer -->
	<item component="ComponentInfo{com.dizzlr.irshad/com.dizzlr.irshad.IslamQuestionandAnswer}" drawable="islam_question_and_answer" />

	<!-- islamQA -->
	<item component="ComponentInfo{zad.com.islamqa/com.zadgroup.islamqa.MainActivity}" drawable="islamqa" />

	<!-- Itinerary -->
	<item component="ComponentInfo{org.kde.itinerary/org.kde.itinerary.Activity}" drawable="itinerary" />

	<!-- IzzyOnDroid -->
	<item component="ComponentInfo{in.sunilpaulmathew.izzyondroid/in.sunilpaulmathew.izzyondroid.MainActivity}" drawable="izzyondroid" />

	<!-- Japanese Name Converter -->
	<item component="ComponentInfo{com.nolanlawson.jnameconverter/com.nolanlawson.jnameconverter.JNameConverterActivity}" drawable="japanese_name_converter" />

	<!-- Jazz² Resurrection -->
	<item component="ComponentInfo{jazz2.resurrection/jazz2.resurrection.LoadLibraries}" drawable="jazz²_resurrection" />

	<!-- Jetflix -->
	<item component="ComponentInfo{com.yasinkacmaz.jetflix/com.yasinkacmaz.jetflix.ui.main.MainActivity}" drawable="jetflix" />

	<!-- Jpeg XL Viewer -->
	<item component="ComponentInfo{fr.oupson.jxlviewer/fr.oupson.jxlviewer.ViewerActivity}" drawable="jpeg_xl_viewer" />

	<!-- JS-Dict -->
	<item component="ComponentInfo{io.github.petlyh.jsdict/io.github.petlyh.jsdict.MainActivity}" drawable="js_dict" />

	<!-- Kafka -->
	<item component="ComponentInfo{com.kafka.user/com.kafka.user.MainActivity}" drawable="kafka" />

	<!-- Kanji Study -->
	<item component="ComponentInfo{com.mindtwisted.kanjistudy/com.mindtwisted.kanjistudy.activity.LaunchActivity}" drawable="kanji_study" />

	<!-- Keep Alive -->
	<item component="ComponentInfo{io.keepalive.android/io.keepalive.android.MainActivity}" drawable="keep_alive" />

	<!-- kimovil -->
	<item component="ComponentInfo{com.kimovil.app/com.kimovil.app.MainActivity}" drawable="kimovil" />

	<!-- KingInstaller -->
	<item component="ComponentInfo{com.example.kinginstaller/com.example.kinginstaller.MainActivity}" drawable="kinginstaller" />

	<!-- Lab Tests -->
	<item component="ComponentInfo{com.laboratory.user.labtest/com.laboratory.user.labtest.Activities.MainActivity}" drawable="lab_tests" />

	<!-- Language Transfer -->
	<item component="ComponentInfo{org.languagetransfer/org.languagetransfer.MainActivity}" drawable="language_transfer" />

	<!-- LB Causes -->
	<item component="ComponentInfo{com.cepublishing.tlboc/host.exp.exponent.MainActivity}" drawable="lb_causes" />

	<!-- Linphone -->
	<item component="ComponentInfo{org.linphone/org.linphone.activities.main.MainActivity}" drawable="linphone" />

	<!-- Linux Command Library -->
	<item component="ComponentInfo{com.inspiredandroid.linuxcommandbibliotheca/com.inspiredandroid.linuxcommandbibliotheca.MainActivity}" drawable="linux_command_library" />

	<!-- LIVE Radio -->
	<item component="ComponentInfo{fm.radio.amradio.liveradio.radiostation.music.live/fm.radio.amradio.liveradio.radiostation.music.live.ui.activity.SplashActivity}" drawable="live_radio" />

	<!-- LiveLoop -->
	<item component="ComponentInfo{com.wallpaper.liveloop/com.wallpaper.liveloop.StartActivity}" drawable="liveloop" />

	<!-- LLCrop (lossless) -->
	<item component="ComponentInfo{de.k3b.android.lossless_jpg_crop/de.k3b.android.lossless_jpg_crop.CropAreasEditActivity}" drawable="llcrop_lossless_" />

	<!-- LumaFusion -->
	<item component="ComponentInfo{com.luma_touch.lumafusion/com.solbegsoft.luma.ui.main.MainActivity}" drawable="lumafusion" />

	<!-- MA NET VPN -->
	<item component="ComponentInfo{com.manet.vpn/prince.open.vpn.activities.SpashActivity}" drawable="ma_net_vpn" />

	<!-- Majdona -->
	<item component="ComponentInfo{com.majdona.majdona/com.majdona.majdona.SplashActivity}" drawable="majdona" />

	<!-- MARIO RUN -->
	<item component="ComponentInfo{com.nintendo.zara/com.snslinkage.dena.snslinkageunityplugin.SnsLinkageSafeUnityPlayerNativeActivity}" drawable="mario_run" />

	<!-- markdownr -->
	<item component="ComponentInfo{com.sanzoghenzo.markdownr/com.sanzoghenzo.markdownr.MainActivity}" drawable="markdownr" />

	<!-- MBC Mood -->
	<item component="ComponentInfo{com.brightcreations.mbcradio/com.tedmob.mbcradio.features.launch.RootActivity}" drawable="mbc_mood" />

	<!-- MBC Movie Guide -->
	<item component="ComponentInfo{com.vinelab.apps.android.mbcguide/com.eurisko.mbcmovieguide.activities.SplashActivity}" drawable="mbc_movie_guide" />

	<!-- McMaster -->
	<item component="ComponentInfo{com.empendium.mcmtextbook/com.empendium.mcmtextbook.MainActivity}" drawable="mcmaster" />

	<!-- MCQ AbuBakr (ASU) -->
	<item component="ComponentInfo{asu.mcq/asu.mcq.Splash}" drawable="mcq_abubakr_asu_" />

	<!-- Medical & Surgical Instruments -->
	<item component="ComponentInfo{com.kmcpesh.medicalandsurgicalinstruments/com.kmcpesh.medicalandsurgicalinstruments.Splash}" drawable="medical_and_surgical_instruments" />

	<!-- Medical Mnemonics -->
	<item component="ComponentInfo{com.regularrateandrhythm.medmnemonics/com.regularrateandrhythm.medmnemonics.MnemonicsListActivity}" drawable="medical_mnemonics" />

	<!-- Medicine -->
	<item component="ComponentInfo{dictionary.medicine/dictionary.medicine.MainActivity}" drawable="medicine" />

	<!-- Medicine Flash Cards -->
	<item component="ComponentInfo{com.flashcardmobileapp/com.flashcardmobileapp.MainActivity}" drawable="medicine_flash_cards" />

	<!-- MediCode -->
	<item component="ComponentInfo{com.nhcps.medicode/com.nhcps.medicode.MedicodeActivity}" drawable="medicode" />

	<!-- Mednomics -->
	<item component="ComponentInfo{com.medical.mnemonics/com.nishith.mednomics.ui.activities.MainActivity}" drawable="mednomics" />

	<!-- Medscape -->
	<item component="ComponentInfo{com.medscape.android/com.medscape.android.welcome.WelcomeActivity}" drawable="medscape" />

	<!-- MedShr -->
	<item component="ComponentInfo{net.medshr.android/net.medshr.android.RootNavigationActivity}" drawable="medshr" />

	<!-- MGH PALS -->
	<item component="ComponentInfo{com.healthcaretransformationlab.pals_android/com.pals.SplashActivity}" drawable="mgh_pals" />

	<!-- MHR Tunnel VIP -->
	<item component="ComponentInfo{com.mhrtunnel.vip/renz.javacodez.vpn.activities.VPNSplash}" drawable="mhr_tunnel_vip" />

	<!-- Mi Home -->
	<item component="ComponentInfo{com.xiaomi.smarthome/com.xiaomi.smarthome.SmartHomeMainActivity}" drawable="mi_home" />

	<!-- Mi Mover -->
	<item component="ComponentInfo{com.miui.huanji/com.miui.huanji.MainActivity}" drawable="mi_mover" />

	<!-- Mi Remote -->
	<item component="ComponentInfo{com.duokan.phone.remotecontroller/com.xiaomi.mitv.phone.remotecontroller.HoriWidgetMainActivityV2}" drawable="mi_remote" />

	<!-- Microbiology Guide -->
	<item component="ComponentInfo{com.bacterials.agarss/com.bacterials.agarss.MainActivity1}" drawable="microbiology_guide" />

	<!-- Mindomo -->
	<item component="ComponentInfo{air.com.EXswap.Mindomo/air.com.EXswap.Mindomo.MainActivity}" drawable="mindomo" />

	<!-- Mixlr -->
	<item component="ComponentInfo{com.mixlr.android/com.mixlr.android.LauncherActivity}" drawable="mixlr" />

	<!-- Mobilism -->
	<item component="ComponentInfo{demigos.com.mobilism/demigos.com.mobilism.UI.SplashActivity}" drawable="mobilism" />

	<!-- Moddroid -->
	<item component="ComponentInfo{kingmodapk.mobi/com.example.MainActivity}" drawable="moddroid" />

	<!-- Moshaf Ebn Othaimeen -->
	<item component="ComponentInfo{com.arabia_it.moshaf_ibn_othimen/com.arabia_it.moshaf_ibn_othimen.ui.splash.SplashActivity}" drawable="moshaf_ebn_othaimeen" />

	<!-- Moshuf El Menshawui -->
	<item component="ComponentInfo{my.smartech.reciter.menshawi/my.smartech.thereciter.main_view.TheReciterActivity}" drawable="moshuf_el_menshawui" />

	<!-- MRSOOL -->
	<item component="ComponentInfo{com.mrsool/com.mrsool.SplashActivity}" drawable="mrsool" />

	<!-- MSD OBST -->
	<item component="ComponentInfo{com.msd.obstetrics/com.msd.obstetrics.ui.Splashscreenactivity}" drawable="msd_obst" />

	<!-- MSD Pro -->
	<item component="ComponentInfo{com.msd.professional/com.msd.professional.ui.Splashscreenactivity}" drawable="msd_pro" />

	<!-- Mstudio -->
	<item component="ComponentInfo{selfcoder.mstudio.mp3editor/selfcoder.mstudio.mp3editor.activity.StartupActivity}" drawable="mstudio" />

	<!-- mucke -->
	<item component="ComponentInfo{rocks.mucke.github/com.ryanheise.audioservice.AudioServiceActivity}" drawable="mucke" />

	<!-- MuscleWiki -->
	<item component="ComponentInfo{com.musclewiki.macro/org.musclewiki.macro.MainActivity}" drawable="musclewiki" />

	<!-- Music Player -->
	<item component="ComponentInfo{com.zionhuang.music/com.zionhuang.music.splashScreen.SplashScreen}" drawable="music_player" />

	<!-- Musicboard -->
	<item component="ComponentInfo{com.musicboard/com.musicboard.MainActivity}" drawable="musicboard" />

	<!-- MusicSearch -->
	<item component="ComponentInfo{io.github.lydavid.musicsearch/ly.david.mbjc.ui.MainActivity}" drawable="musicsearch" />

	<!-- Muzei -->
	<item component="ComponentInfo{net.nurik.roman.muzei/com.google.android.apps.muzei.MuzeiActivity}" drawable="muzei" />

	<!-- MX Player -->
	<item component="ComponentInfo{com.mxtech.videoplayer.pro/com.mxtech.videoplayer.pro.ActivityMediaList}" drawable="mx_player" />

	<!-- My Prayer -->
	<item component="ComponentInfo{com.haz.prayer/com.haz.prayer.MyPrayer}" drawable="my_prayer" />

	<!-- Myne -->
	<item component="ComponentInfo{com.starry.myne/com.starry.myne.MainActivity}" drawable="myne" />

	<!-- mystc -->
	<item component="ComponentInfo{com.stc/sa.com.stc.ui.landing.SplashScreen}" drawable="mystc" />

	<!-- NAFATH -->
	<item component="ComponentInfo{sa.gov.nic.myid/sa.gov.nic.myid.MainActivity}" drawable="nafath" />

	<!-- Name Generator -->
	<item component="ComponentInfo{com.rtlab.namegenerator/com.zipoapps.premiumhelper.ui.splash.PHSplashActivity}" drawable="name_generator" />

	<!-- Namida -->
	<item component="ComponentInfo{com.msob7y.namida/com.msob7y.namida.NamidaMainActivity}" drawable="namida" />

	<!-- Nekogram -->
	<item component="ComponentInfo{tw.nekomimi.nekogram/org.telegram.messenger.DefaultIcon}" drawable="nekogram" />

	<!-- Neurology Pocketbook -->
	<item component="ComponentInfo{com.arex.neurology/md5a67a454f2ab55d52a5217faf7aa2fcfa.LaunchActivity}" drawable="neurology_pocketbook" />

	<!-- Neutron Player -->
	<item component="ComponentInfo{com.neutroncode.mp/com.neutroncode.mp.NeutronMPCore}" drawable="neutron_player" />

	<!-- NokoPrint -->
	<item component="ComponentInfo{com.nokoprint/com.nokoprint.ActivityHome}" drawable="nokoprint" />

	<!-- Now in Android -->
	<item component="ComponentInfo{com.google.samples.apps.nowinandroid/com.google.samples.apps.nowinandroid.MainActivity}" drawable="now_in_android" />

	<!-- Nyanpasu -->
	<item component="ComponentInfo{com.zhenxiang.nyaa/com.zhenxiang.nyaa.MainActivity}" drawable="nyanpasu" />

	<!-- ObCalc -->
	<item component="ComponentInfo{com.Alefrei.ObstetricCalculator/com.Alefrei.ObstetricCalculator.MainActivity}" drawable="obcalc" />

	<!-- ObstetricRiskCalculator -->
	<item component="ComponentInfo{org.sitel.obstetricriskcalculator/org.sitel.obstetricriskcalculator.MainActivity}" drawable="obstetricriskcalculator" />

	<!-- Octi -->
	<item component="ComponentInfo{eu.darken.octi/eu.darken.octi.main.ui.MainActivity}" drawable="octi" />

	<!-- OKOK -->
	<item component="ComponentInfo{com.chipsea.btcontrol.en/com.chipsea.shell.MainActivity}" drawable="okok" />

	<!-- ONCOassist -->
	<item component="ComponentInfo{com.oncoassist.core/com.oncoassist.view.splash.SplashActivity}" drawable="oncoassist" />

	<!-- Open Pros & Cons -->
	<item component="ComponentInfo{com.robertmengual.open_pros_cons/com.robertmengual.open_pros_cons.MainActivity}" drawable="open_pros_and_cons" />

	<!-- OpenBooksDownloader -->
	<item component="ComponentInfo{com.nima.openbooksdownloader/com.nima.openbooksdownloader.MainActivity}" drawable="openbooksdownloader" />

	<!-- OpenComicVine -->
	<item component="ComponentInfo{org.proninyaroslav.opencomicvine/org.proninyaroslav.opencomicvine.ui.MainActivity}" drawable="opencomicvine" />

	<!-- Openlib -->
	<item component="ComponentInfo{com.app.openlib/com.app.openlib.MainActivity}" drawable="openlib" />

	<!-- OpeNoise -->
	<item component="ComponentInfo{it.piemonte.arpa.openoise/it.piemonte.arpa.openoise.MainActivity}" drawable="openoise" />

	<!-- OphthDDx -->
	<item component="ComponentInfo{ammanify.apps.ophthddx/ammanify.apps.ophthddx.MainActivity}" drawable="ophthddx" />

	<!-- Opioid Guideline -->
	<item component="ComponentInfo{gov.cdc.ondieh.ncipc.OpioidGuideline/gov.cdc.ondieh.ncipc.OpioidGuideline.MainActivity}" drawable="opioid_guideline" />

	<!-- PAC-MAN -->
	<item component="ComponentInfo{com.namcobandaigames.pacmantournaments/com.namcobandaigames.pacmantournaments.UnityPlayerActivity}" drawable="pac_man" />

	<!-- PAC-MAN 256 -->
	<item component="ComponentInfo{eu.bandainamcoent.pacman256/com.unity3d.player.UnityPlayerActivity}" drawable="pac_man_256" />

	<!-- Parcels -->
	<item component="ComponentInfo{com.brightstripe.parcels/com.brightstripe.parcels.MainActivity}" drawable="parcels" />

	<!-- Passport -->
	<item component="ComponentInfo{app.iris/app.iris.MainActivity}" drawable="passport" />

	<!-- Pathway -->
	<item component="ComponentInfo{com.pathwaymedical.pathway/com.pathwaymedical.pathway.MainActivity}" drawable="pathway" />

	<!-- Pazzword -->
	<item component="ComponentInfo{com.cyb3rko.pazzword/com.cyb3rko.pazzword.MainActivity}" drawable="pazzword" />

	<!-- PDF Extra -->
	<item component="ComponentInfo{com.mobisystems.mobiscanner/com.mobisystems.office.splashScreen.SplashScreenActivity}" drawable="pdf_extra" />

	<!-- Pediatric Oncall -->
	<item component="ComponentInfo{com.pediatriconcall/com.pediatriconcall.splash}" drawable="pediatric_oncall" />

	<!-- Pen&PDF -->
	<item component="ComponentInfo{com.cgogolin.penandpdf/com.cgogolin.penandpdf.PenAndPDFActivity}" drawable="pen_and_pdf" />

	<!-- Permission Pilot -->
	<item component="ComponentInfo{eu.darken.myperm/eu.darken.myperm.main.ui.MainActivity}" drawable="permission_pilot" />

	<!-- Petal Maps -->
	<item component="ComponentInfo{com.huawei.maps.app/com.huawei.maps.app.petalmaps.splash.SplashActivity}" drawable="petal_maps" />

	<!-- Photify AI -->
	<item component="ComponentInfo{ai.photify.app/ai.photify.MainActivity}" drawable="photify_ai" />

	<!-- Photo Collage -->
	<item component="ComponentInfo{collage.photocollage.collagemaker.photoeditor.photogrid/com.thinkyeah.photoeditor.main.ui.activity.LandingActivity}" drawable="photo_collage" />

	<!-- Photo Tools -->
	<item component="ComponentInfo{io.japp.phototools/io.japp.phototools.MainActivity}" drawable="photo_tools" />

	<!-- PhotoFix -->
	<item component="ComponentInfo{com.vyroai.photofix/com.vyroai.facefix.ui.MainActivity}" drawable="photofix" />

	<!-- Photok -->
	<item component="ComponentInfo{dev.leonlatsch.photok/dev.leonlatsch.photok.MainLauncher}" drawable="photok" />

	<!-- Picsart -->
	<item component="ComponentInfo{com.picsart.studio/com.socialin.android.photo.picsinphoto.MainPagerActivity}" drawable="picsart" />

	<!-- Picturing-MD -->
	<item component="ComponentInfo{com.picturingmedicine.md/com.picturingmedicine.md.SplashActivity}" drawable="picturing_md" />

	<!-- PicWish -->
	<item component="ComponentInfo{com.wangxutech.picwish/com.wangxutech.picwish.module.main.ui.splash.SplashActivity}" drawable="picwish" />

	<!-- PikPed -->
	<item component="ComponentInfo{com.pikped.pikped/com.pikped.pikped.SplashScreenActivity}" drawable="pikped" />

	<!-- Pixlr -->
	<item component="ComponentInfo{com.pixlr.express/com.pixlr.express.ui.startup.StartupActivity}" drawable="pixlr" />

	<!-- PLAB 1 Flashcards -->
	<item component="ComponentInfo{lk.mbbs.plabflashcards/lk.mbbs.plabflashcards.MainActivity}" drawable="plab_1_flashcards" />

	<!-- Plite PDF Viewer -->
	<item component="ComponentInfo{com.riseapps.pdfviewer.pdfutilities/com.riseapps.pdfviewer.pdfutilities.activity.Splash_activity}" drawable="plite_pdf_viewer" />

	<!-- Poco Community -->
	<item component="ComponentInfo{com.mi.global.pocobbs/com.mi.global.pocobbs.ui.SplashActivity}" drawable="poco_community" />

	<!-- POCUS App -->
	<item component="ComponentInfo{com.nysorapocus.app/com.nysorapocus.app.MainActivity}" drawable="pocus_app" />

	<!-- Point Blur -->
	<item component="ComponentInfo{jp.co.pointblur.android.app.quick/jp.co.pointblur.android.app.quick.activity.APrepare}" drawable="point_blur" />

	<!-- popWALLS -->
	<item component="ComponentInfo{com.popmods.popwalls/org.blinksd.popwallz.activities.MainActivity}" drawable="popwalls" />

	<!-- Poweramp -->
	<item component="ComponentInfo{com.maxmpz.audioplayer/com.maxmpz.audioplayer.standard_adaptive}" drawable="poweramp" />

	<!-- Praktika -->
	<item component="ComponentInfo{ai.praktika.android/ai.praktika.android.MainActivity}" drawable="praktika" />

	<!-- Procedures -->
	<item component="ComponentInfo{houseapp.medicalpro/com.houseapp.medicalpro.Splash}" drawable="procedures" />

	<!-- Prognosis -->
	<item component="ComponentInfo{com.medicaljoyworks.prognosis/com.medicaljoyworks.prognosis.MainActivity}" drawable="prognosis" />

	<!-- Psiphon Pro -->
	<item component="ComponentInfo{com.psiphon3.subscription/com.psiphon3.MainActivity}" drawable="psiphon_pro" />

	<!-- Puzzledom -->
	<item component="ComponentInfo{com.puzzlegame.puzzledom/org.cocos2dx.cpp.AppActivity}" drawable="puzzledom" />

	<!-- Pyrls -->
	<item component="ComponentInfo{com.pyrls.pyrls7000/com.pyrls.pyrls7000.MainActivity}" drawable="pyrls" />

	<!-- Qobuz Bêta -->
	<item component="ComponentInfo{com.qobuz.music/com.qobuz.android.mobile.app.refont.screen.launch.LauncherActivity}" drawable="qobuz_beta" />

	<!-- QooApp -->
	<item component="ComponentInfo{com.qooapp.qoohelper/com.qooapp.qoohelper.arch.welcome.WelcomeActivity}" drawable="qooapp" />

	<!-- QR & Barcode Scanner - Generator -->
	<item component="ComponentInfo{sol.myscanner/sol.myscanner.ui.activities.SplashActivity}" drawable="qr_and_barcode_scanner_generator" />

	<!-- QR&T Scanner -->
	<item component="ComponentInfo{com.netvor.qrtscanner/com.netvor.qrtscanner.MainActivity}" drawable="qr_and_t_scanner" />

	<!-- QuickIB -->
	<item component="ComponentInfo{com.superyao.tuchuang/com.superyao.tuchuang.ui.component.main.MainActivity}" drawable="quickib" />

	<!-- Quora -->
	<item component="ComponentInfo{com.quora.android/com.quora.android.components.activities.LauncherActivity}" drawable="quora" />

	<!-- Rapid Streamz -->
	<item component="ComponentInfo{com.rpstreamz.live/com.rpstreamz.live.activity.SplashActivity}" drawable="rapid_streamz" />

	<!-- Read -->
	<item component="ComponentInfo{com.qxmd.readbyqxmd/com.qxmd.readbyqxmd.activities.SplashActivity}" drawable="read" />

	<!-- Recurring Expenses -->
	<item component="ComponentInfo{de.dbauer.expensetracker/de.dbauer.expensetracker.MainActivity}" drawable="recurring_expenses" />

	<!-- Redomi -->
	<item component="ComponentInfo{com.acszo.redomi/com.acszo.redomi.MainActivity}" drawable="redomi" />

	<!-- Relaxing Tangle Pro -->
	<item component="ComponentInfo{app.bhupesh.tanglepro/app.bhupesh.tanglepro.welcomeScreen}" drawable="relaxing_tangle_pro" />

	<!-- Resplash -->
	<item component="ComponentInfo{com.b_lam.resplash/com.b_lam.resplash.ui.main.MainActivity}" drawable="resplash" />

	<!-- Resume Builder -->
	<item component="ComponentInfo{com.ibrahimyousre.resumebuilder/com.ibrahimyousre.resumebuilder.MainActivity}" drawable="resume_builder" />

	<!-- Retro Text Editor -->
	<item component="ComponentInfo{click.dummer.textthing/click.dummer.textthing.MainActivity}" drawable="retro_text_editor" />

	<!-- RheumaHelper -->
	<item component="ComponentInfo{si.modrajagoda.rheumahelper/si.modrajagoda.rheumahelper.activities.MainActivity}" drawable="rheumahelper" />

	<!-- Ricochlime -->
	<item component="ComponentInfo{com.adilhanney.ricochlime/com.adilhanney.ricochlime.MainActivity}" drawable="ricochlime" />

	<!-- RS Debug -->
	<item component="ComponentInfo{de.felixnuesse.extract.debug/ca.pkay.rcloneexplorer.Activities.MainActivity}" drawable="rs_debug" />

	<!-- Ruler -->
	<item component="ComponentInfo{com.ruler.csw/com.ruler.csw.activity.MainActivity}" drawable="ruler" />

	<!-- Rumble -->
	<item component="ComponentInfo{com.rumble.battles/com.rumble.battles.landing.LandingActivity}" drawable="rumble" />

	<!-- Russian -->
	<item component="ComponentInfo{ru.poas.learn.russian.language.words.vocabulary/ru.poas.englishwords.splash.SplashActivity}" drawable="russian" />

	<!-- Russian Verbs Pro -->
	<item component="ComponentInfo{com.sanchiski.rvp/com.sanchiski.rvp.VerbList}" drawable="russian_verbs_pro" />

	<!-- Safe Delivery -->
	<item component="ComponentInfo{dk.maternity.safedelivery/dk.maternity.safedelivery.MainActivity}" drawable="safe_delivery" />

	<!-- Salt Player -->
	<item component="ComponentInfo{com.salt.music/com.salt.music.ui.MainActivity}" drawable="salt_player" />

	<!-- Save Locally -->
	<item component="ComponentInfo{com.mateusrodcosta.apps.share2storage/com.mateusrodcosta.apps.share2storage.MainActivity}" drawable="save_locally" />

	<!-- Save to… -->
	<item component="ComponentInfo{xyz.myachin.saveto/xyz.myachin.saveto.ui.MainActivity}" drawable="save_to…" />

	<!-- Savefrom Helper -->
	<item component="ComponentInfo{com.example.savefromNew/net.savefrom.helper.splash.SplashActivity}" drawable="savefrom_helper" />

	<!-- Scrambled Exif -->
	<item component="ComponentInfo{com.jarsilio.android.scrambledeggsif/com.jarsilio.android.scrambledeggsif.MainActivity}" drawable="scrambled_exif" />

	<!-- SD Maid SE -->
	<item component="ComponentInfo{eu.darken.sdmse/eu.darken.sdmse.main.ui.MainActivity}" drawable="sd_maid_se" />

	<!-- Sepsis -->
	<item component="ComponentInfo{app.escavo.sepsis/app.escavo.sepsis.MainActivity}" drawable="sepsis" />

	<!-- Services & feedback -->
	<item component="ComponentInfo{com.miui.miservice/com.miui.miservice.main.MainActivity}" drawable="services_and_feedback" />

	<!-- Share to Computer -->
	<item component="ComponentInfo{com.jim.sharetocomputer/com.jim.sharetocomputer.MainActivity}" drawable="share_to_computer" />

	<!-- SHAREit Lite -->
	<item component="ComponentInfo{shareit.lite/com.lenovo.anyshare.ApMainActivity}" drawable="shareit_lite" />

	<!-- Silence -->
	<item component="ComponentInfo{me.lucky.silence/me.lucky.silence.MainActivity}" drawable="silence" />

	<!-- Simple ABP Free -->
	<item component="ComponentInfo{mdmt.sabp.free/mdmt.sabp.free.A}" drawable="simple_abp_free" />

	<!-- Simple Text Editor -->
	<item component="ComponentInfo{com.maxistar.textpad/com.maxistar.textpad.activities.EditorActivity}" drawable="simple_text_editor" />

	<!-- Simplenote -->
	<item component="ComponentInfo{com.automattic.simplenote/com.automattic.simplenote.NotesActivity}" drawable="simplenote" />

	<!-- Skiff Drive -->
	<item component="ComponentInfo{com.skiffDriveMobileApp/com.skiffDriveMobileApp.MainActivity}" drawable="skiff_drive" />

	<!-- Skiff Mail -->
	<item component="ComponentInfo{com.skemailmobileapp/com.skemailmobileapp.MainActivity}" drawable="skiff_mail" />

	<!-- Slidebox -->
	<item component="ComponentInfo{co.slidebox/co.slidebox.ui.root.RootActivity}" drawable="slidebox" />

	<!-- Slideshow Wallpaper -->
	<item component="ComponentInfo{io.github.doubi88.slideshowwallpaper/io.github.doubi88.slideshowwallpaper.preferences.WallpaperPreferencesActivity}" drawable="slideshow_wallpaper" />

	<!-- smart Histology -->
	<item component="ComponentInfo{com.phonegap.smartHistology/com.phonegap.smartHistology.smartHistology}" drawable="smart_histology" />

	<!-- SmartMouse -->
	<item component="ComponentInfo{ch.virt.smartphonemouse/ch.virt.smartphonemouse.MainActivity}" drawable="smartmouse" />

	<!-- SMI -->
	<item component="ComponentInfo{com.fountainheadmobile.touchpoint.acogsmi/com.fountainheadmobile.touchpoint.activity.TPMainActivity}" drawable="smi" />

	<!-- SMS my GPS -->
	<item component="ComponentInfo{com.github.warren_bank.sms_automatic_reply_gps/com.github.warren_bank.sms_automatic_reply_gps.ui.PreferenceActivity}" drawable="sms_my_gps" />

	<!-- Snake.io -->
	<item component="ComponentInfo{com.amelosinteractive.snake/com.kooapps.unity.CustomUnityPlayerActivity}" drawable="snakeio" />

	<!-- Snapmod -->
	<item component="ComponentInfo{cn.gavinliu.snapmod/cn.gavinliu.snapmod.ui.SplashActivity}" drawable="snapmod" />

	<!-- Snipd -->
	<item component="ComponentInfo{ai.topicfinder.podcastdiscovery/ai.topicfinder.podcastdiscovery.MainActivity}" drawable="snipd" />

	<!-- SongSync -->
	<item component="ComponentInfo{pl.lambada.songsync/pl.lambada.songsync.MainActivity}" drawable="songsync" />

	<!-- SplitCloud -->
	<item component="ComponentInfo{com.splitcloud/com.splitcloud.MainActivity}" drawable="splitcloud" />

	<!-- SpongeBob Diner Dash -->
	<item component="ComponentInfo{com.playfirst.playground.dinerdashspongebob/com.playfirst.playground.dinerdashspongebob.DinerDashSpongeBob}" drawable="spongebob_diner_dash" />

	<!-- SpotiFlyer -->
	<item component="ComponentInfo{com.shabinder.spotiflyer/com.shabinder.spotiflyer.ui.SplashScreenActivity}" drawable="spotiflyer" />

	<!-- Stickman Party -->
	<item component="ComponentInfo{com.PlayMax.playergames/com.unity3d.player.UnityPlayerActivity}" drawable="stickman_party" />

	<!-- Stitch It! -->
	<item component="ComponentInfo{com.luckybunnyllc.stitchit/com.luckybunnyllc.stitchit.activities.LoadActivity}" drawable="stitch_it_" />

	<!-- Stripepaper -->
	<item component="ComponentInfo{com.tjm.stripepaper/com.tjm.stripepaper.SetWallpaperActivity}" drawable="stripepaper" />

	<!-- Sumatora -->
	<item component="ComponentInfo{org.happypeng.sumatora.android.sumatoradictionary/org.happypeng.sumatora.android.sumatoradictionary.activity.MainActivity}" drawable="sumatora" />

	<!-- SuperDisplay -->
	<item component="ComponentInfo{com.kelocube.mirrorclient/com.kelocube.mirrorclient.ui.MainActivity}" drawable="superdisplay" />

	<!-- SuperImage -->
	<item component="ComponentInfo{com.zhenxiang.superimage.pro/com.zhenxiang.superimage.MainActivity}" drawable="superimage" />

	<!-- surgicalsuturematerial -->
	<item component="ComponentInfo{com.production.ksm.surgerysuturematerial/com.production.ksm.surgerysuturematerial.MainActivity}" drawable="surgicalsuturematerial" />

	<!-- Survival Manual -->
	<item component="ComponentInfo{org.ligi.survivalmanual/org.ligi.survivalmanual.ui.MainActivity}" drawable="survival_manual" />

	<!-- SurviveMed -->
	<item component="ComponentInfo{com.elsevier.education.SurviveMedApp/com.mobelite.emee.ui.misc.SplashActivity}" drawable="survivemed" />

	<!-- Swipefy -->
	<item component="ComponentInfo{app.swipefy.mobile/app.swipefy.mobile.MainActivity}" drawable="swipefy" />

	<!-- Symptom to Diagnosis -->
	<item component="ComponentInfo{com.agilemd.android.uchicago.symptomtodiagnosis/com.agilemd.android.MainActivity}" drawable="symptom_to_diagnosis" />

	<!-- Sync -->
	<item component="ComponentInfo{com.resilio.sync/com.resilio.sync.ui.activity.StartActivity}" drawable="sync" />

	<!-- Tappic -->
	<item component="ComponentInfo{es.dmoral.tappic/es.dmoral.tappic.activities.MainActivity}" drawable="tappic" />

	<!-- TapTap -->
	<item component="ComponentInfo{com.taptap.global/com.play.taptap.ui.SplashAct}" drawable="taptap" />

	<!-- Tawakkalna Services -->
	<item component="ComponentInfo{sa.gov.nic.twkhayat/com.tawakkalna.twkapp.ui.SplashActivity}" drawable="tawakkalna_services" />

	<!-- Tazkerah -->
	<item component="ComponentInfo{com.arwany.tazkerah/com.arwany.tazkerah.activities.MainActivity}" drawable="tazkerah" />

	<!-- Teapod -->
	<item component="ComponentInfo{org.mosad.teapod/org.mosad.teapod.ui.activity.main.MainActivity}" drawable="teapod" />

	<!-- Tech Terms -->
	<item component="ComponentInfo{com.sharpened.techterms/com.sharpened.techterms.MainActivity}" drawable="tech_terms" />

	<!-- Telegram -->
	<item component="ComponentInfo{org.telegram.messenges/org.telegram.messenger.PremiumIcon}" drawable="telegram" />

	<!-- Tella -->
	<item component="ComponentInfo{org.hzontal.tellaFOSS/rs.readahead.washington.mobile.views.activity.SplashActivity}" drawable="tella" />

	<!-- Tests -->
	<item component="ComponentInfo{com.nixgames.psycho_tests/com.nixgames.psycho_tests.ui.activities.splash.SplashActivity}" drawable="tests" />

	<!-- Text Analyzer -->
	<item component="ComponentInfo{com.graspery.www.wordcountpro/com.graspery.www.wordcountpro.MainActivity}" drawable="text_analyzer" />

	<!-- Text Repeater -->
	<item component="ComponentInfo{com.kapidhvaj.textrepeater/com.kapidhvaj.textrepeater.Activity.SplashActivity}" drawable="text_repeater" />

	<!-- Textgram X -->
	<item component="ComponentInfo{noirelabs.textgram/noirelabs.textgram.MainActivity}" drawable="textgram_x" />

	<!-- The CC -->
	<item component="ComponentInfo{app.escavo.thecc/app.escavo.sepsis.MainActivity}" drawable="the_cc" />

	<!-- Thud -->
	<item component="ComponentInfo{com.aerotoad.thud/io.ionic.starter.MainActivity}" drawable="thud" />

	<!-- TIDAL -->
	<item component="ComponentInfo{com.aspiro.tidal/com.aspiro.wamp.LoginFragmentActivity}" drawable="tidal" />

	<!-- TIDY -->
	<item component="ComponentInfo{com.slavabarkov.tidy/com.slavabarkov.tidy.MainActivity}" drawable="tidy" />

	<!-- Tiny Scanner -->
	<item component="ComponentInfo{com.appxy.tinyscanner/com.appxy.tinyscanfree.Activity_Start}" drawable="tiny_scanner" />

	<!-- TL FAST VPN -->
	<item component="ComponentInfo{com.tlfast.vpn/prince.open.vpn.activities.SpashActivity}" drawable="tl_fast_vpn" />

	<!-- TMAnatomy -->
	<item component="ComponentInfo{com.atomengineapps.teachmeanatomy/crc6404b5d7aaf7660bf3.MainActivity}" drawable="tmanatomy" />

	<!-- TMPhysiology -->
	<item component="ComponentInfo{com.teachmeseries.tmphysiology/crc6404b5d7aaf7660bf3.MainActivity}" drawable="tmphysiology" />

	<!-- TMSurgery -->
	<item component="ComponentInfo{com.teachmeseries.tmsurgery/crc6404b5d7aaf7660bf3.MainActivity}" drawable="tmsurgery" />

	<!-- Toolmaps -->
	<item component="ComponentInfo{com.service.fullscreenmaps/com.service.fullscreenmaps.MainActivity}" drawable="toolmaps" />

	<!-- Touch Surgery -->
	<item component="ComponentInfo{com.touchsurgery/com.touchsurgery.launch.LaunchActivity}" drawable="touch_surgery" />

	<!-- TRC Pharmacology -->
	<item component="ComponentInfo{software.ninetofive.trc/software.ninetofive.trc.MainActivity}" drawable="trc_pharmacology" />

	<!-- TreatHF -->
	<item component="ComponentInfo{org.acc.treathf/org.acc.treathf.MainActivity}" drawable="treathf" />

	<!-- TripleCamel -->
	<item component="ComponentInfo{com.ebaschiera.triplecamel/com.ebaschiera.triplecamel.MainActivity}" drawable="triplecamel" />

	<!-- Turtl -->
	<item component="ComponentInfo{com.lyonbros.turtl/com.lyonbros.turtl.MainActivity}" drawable="turtl" />

	<!-- TV KILL -->
	<item component="ComponentInfo{com.redirectapps.tvkill/com.redirectapps.tvkill.MainActivity}" drawable="tv_kill" />

	<!-- TV Randshow -->
	<item component="ComponentInfo{deandrea.matias.tv_randshow/deandrea.matias.tv_randshow.MainActivity}" drawable="tv_randshow" />

	<!-- Ultimate USB -->
	<item component="ComponentInfo{com.mixapplications.ultimateusb/com.mixapplications.ultimateusb.MainActivity}" drawable="ultimate_usb" />

	<!-- Umagic -->
	<item component="ComponentInfo{umagic.ai.aiart.aiartgenrator/umagic.ai.aiart.activity.SplashActivity}" drawable="umagic" />

	<!-- Unexpected Keyboard -->
	<item component="ComponentInfo{juloo.keyboard2/juloo.keyboard2.LauncherActivity}" drawable="unexpected_keyboard" />

	<!-- Untracker -->
	<item component="ComponentInfo{me.zhanghai.android.untracker/me.zhanghai.android.untracker.MainActivity}" drawable="untracker" />

	<!-- UntrackMe -->
	<item component="ComponentInfo{app.fedilab.nitterizeme/app.fedilab.nitterizeme.activities.MainActivity}" drawable="untrackme" />

	<!-- Unvcode -->
	<item component="ComponentInfo{moe.lz233.unvcode/moe.lz233.unvcode.activity.MainActivity}" drawable="unvcode" />

	<!-- Uptodown App Store -->
	<item component="ComponentInfo{com.uptodown/com.uptodown.activities.MainActivity}" drawable="uptodown_app_store" />

	<!-- URL Cleaner -->
	<item component="ComponentInfo{com.svenjacobs.app.leon/com.svenjacobs.app.leon.MainActivity}" drawable="url_cleaner" />

	<!-- URL to PDF Converter -->
	<item component="ComponentInfo{com.prostudio.urltopdfconverter/com.prostudio.urltopdfconverter.MainActivity}" drawable="url_to_pdf_converter" />

	<!-- USPSTF -->
	<item component="ComponentInfo{gov.ahrq.epss/gov.ahrq.epss.SplashActivity}" drawable="uspstf" />

	<!-- Vaccine Schedules -->
	<item component="ComponentInfo{gov.cdc.ncird.vaccineschedule/gov.cdc.ncird.vaccineschedule.MainActivity}" drawable="vaccine_schedules" />

	<!-- Vector Camera -->
	<item component="ComponentInfo{com.dozingcatsoftware.vectorcamera/com.dozingcatsoftware.vectorcamera.MainActivity}" drawable="vector_camera" />

	<!-- Vectorify da home! -->
	<item component="ComponentInfo{com.iven.iconify/com.iven.vectorify.ui.MainActivity}" drawable="vectorify_da_home_" />

	<!-- Vendetta Manager -->
	<item component="ComponentInfo{dev.beefers.vendetta.manager/dev.beefers.vendetta.manager.ui.activity.MainActivity}" drawable="vendetta_manager" />

	<!-- VFHHrbuPvfroWyviw -->
	<item component="ComponentInfo{ru.zuovlzhk.ktqlezihu/ru.zuovlzhk.ktqlezihu.MainActivity1}" drawable="vfhhrbupvfrowyviw" />

	<!-- vFlat -->
	<item component="ComponentInfo{com.voyagerx.scanner/com.voyagerx.livedewarp.EntryActivity}" drawable="vflat" />

	<!-- Vibe -->
	<item component="ComponentInfo{me.lucky.vibe/me.lucky.vibe.MainActivity}" drawable="vibe" />

	<!-- Vibrator -->
	<item component="ComponentInfo{com.lukeneedham.vibrator/com.lukeneedham.vibrator.MainActivity}" drawable="vibrator" />

	<!-- VIC -->
	<item component="ComponentInfo{com.looper.vic/com.looper.vic.activity.MainActivity}" drawable="vic" />

	<!-- Video Converter -->
	<item component="ComponentInfo{com.inverseai.video_converter/com.inverseai.audio_video_manager.activity.WelcomeActivity}" drawable="video_converter" />

	<!-- Vidya Music -->
	<item component="ComponentInfo{com.mateusrodcosta.apps.vidyamusic/com.ryanheise.audioservice.AudioServiceActivity}" drawable="vidya_music" />

	<!-- Viewer for Khan Academy -->
	<item component="ComponentInfo{com.concentricsky.android.khan/com.concentricsky.android.khanacademy.app.HomeActivity}" drawable="viewer_for_khan_academy" />

	<!-- Visit Dubai -->
	<item component="ComponentInfo{com.dtcm.dubaitourism/com.dtcm.dubaitourism.SplashActivity}" drawable="visit_dubai" />

	<!-- VisitSaudi -->
	<item component="ComponentInfo{sa.gov.apps.sauditourism/sa.gov.apps.sauditourism.ui.splashscreen.ui.SplashScreenActivity}" drawable="visitsaudi" />

	<!-- Vita3K -->
	<item component="ComponentInfo{org.vita3k.emulator/org.vita3k.emulator.Emulator}" drawable="vita3k" />

	<!-- VodTwit Downloader -->
	<item component="ComponentInfo{com.videodownloader.twitchvoddownloader.downloadtwitchvideo/com.code.app.view.main.MainActivity}" drawable="vodtwit_downloader" />

	<!-- WADBS -->
	<item component="ComponentInfo{com.smoothie.wirelessDebuggingSwitch/com.smoothie.wirelessDebuggingSwitch.SettingsActivity}" drawable="wadbs" />

	<!-- wallabag -->
	<item component="ComponentInfo{fr.gaulupeau.apps.InThePoche/fr.gaulupeau.apps.Poche.ui.SplashActivity}" drawable="wallabag" />

	<!-- Wallastic -->
	<item component="ComponentInfo{wallastic.cnt.walls/wallastic.cnt.walls.MainActivity}" drawable="wallastic" />

	<!-- WallpaperExport -->
	<item component="ComponentInfo{com.github.cvzi.wallpaperexport/com.github.cvzi.wallpaperexport.MainActivity}" drawable="wallpaperexport" />

	<!-- WarpShare -->
	<item component="ComponentInfo{com.moseoridev.warpshare/org.mokee.warpshare.MainActivity}" drawable="warpshare" />

	<!-- Wassword -->
	<item component="ComponentInfo{com.albertobonacina.wassword/com.albertobonacina.wassword.MainActivity}" drawable="wassword" />

	<!-- Water Sort -->
	<item component="ComponentInfo{watersort.puzzle.water.sort.logic.brain.game.color.fill.wood/com.unity3d.player.UnityPlayerActivity}" drawable="water_sort" />

	<!-- Watermarking -->
	<item component="ComponentInfo{io.github.freewatermark.mobileapp/com.example.free_watermark.MainActivity}" drawable="watermarking" />

	<!-- Watomatic -->
	<item component="ComponentInfo{com.parishod.watomatic/com.parishod.watomatic.activity.main.MainActivity}" drawable="watomatic" />

	<!-- Wave Lines Wallpaper -->
	<item component="ComponentInfo{de.markusfisch.android.wavelines/de.markusfisch.android.wavelines.activity.SplashActivity}" drawable="wave_lines_wallpaper" />

	<!-- Waze -->
	<item component="ComponentInfo{com.waze/com.waze.FreeMapAppActivity}" drawable="waze" />

	<!-- Website Monitor -->
	<item component="ComponentInfo{com.manimarank.websitemonitor/com.manimarank.websitemonitor.ui.splash.SplashActivity}" drawable="website_monitor" />

	<!-- WhatSaga -->
	<item component="ComponentInfo{in.whatsaga.whatsapplongerstatus/in.whatsaga.whatsapplongerstatus.activities.StartupActivity}" drawable="whatsaga" />

	<!-- WHO e-Pocketbook -->
	<item component="ComponentInfo{au.org.rch.hospitalCareForChildren/au.org.rch.hospitalCareForChildren.WHOe_Pocketbook}" drawable="who_e_pocketbook" />

	<!-- Wi-Fi AR -->
	<item component="ComponentInfo{ua.com.wifisolutions.wifivr/ua.com.wifisolutions.wifivr.MainActivity}" drawable="wi_fi_ar" />

	<!-- Wi-Fi Info -->
	<item component="ComponentInfo{com.truemlgpro.wifiinfo/com.truemlgpro.wifiinfo.MainActivity}" drawable="wi_fi_info" />

	<!-- WikiAnime -->
	<item component="ComponentInfo{com.nima.wikianime/com.nima.wikianime.MainActivity}" drawable="wikianime" />

	<!-- Wipe files -->
	<item component="ComponentInfo{uk.org.platitudes.wipefiles/uk.org.platitudes.wipe.main.MainTabActivity}" drawable="wipe_files" />

	<!-- Wonderous -->
	<item component="ComponentInfo{com.gskinner.flutter.wonders/com.gskinner.flutter.wonders.MainActivity}" drawable="wonderous" />

	<!-- WPGen -->
	<item component="ComponentInfo{net.glsk.wpgen/net.glsk.wpgen.ColorsActivity}" drawable="wpgen" />

	<!-- XAPK Installer -->
	<item component="ComponentInfo{com.apkpure.installer/com.apkpure.installer.MainActivity}" drawable="xapk_installer" />

	<!-- Xmind -->
	<item component="ComponentInfo{net.xmind.doughnut/net.xmind.doughnut.MainActivity}" drawable="xmind" />

	<!-- Yacine TV -->
	<item component="ComponentInfo{ver3.ycntivi.off/dev.pankaj.yacinetv.ui.splash.SplashActivity}" drawable="yacine_tv" />

	<!-- Yandex Start -->
	<item component="ComponentInfo{ru.yandex.searchplugin/ru.yandex.searchplugin.MainActivity}" drawable="yandex_start" />

	<!-- YMusic -->
	<item component="ComponentInfo{com.kapp.youtube.final/com.kapp.youtube.ui.MainActivity}" drawable="ymusic" />

	<!-- YTV PRO -->
	<item component="ComponentInfo{com.ytv.pronew/dev.pankaj.ytvplayer.ui.MainActivity}" drawable="ytv_pro" />

	<!-- Z-Lib -->
	<item component="ComponentInfo{com.positron_it.zlib/com.positron_it.zlib.ui.splash.SplashActivity}" drawable="z_lib" />

	<!-- zFont 3 -->
	<item component="ComponentInfo{com.htetznaing.zfont2/com.htetznaing.zfont4.MainActivity}" drawable="zfont_3" />

	<!-- zumba classic deluxe -->
	<item component="ComponentInfo{com.pack.puzzle/com.pack.puzzle.MainActivity}" drawable="zumba_classic_deluxe" />

	<!-- أخطاء المناسك -->
	<item component="ComponentInfo{com.akhtaa.manasek/info.androidhive.tabsswipe.DashboardActivity}" drawable="akhtaa_manasek" />

	<!-- الأربعون النووية -->
	<item component="ComponentInfo{com.eqra.forty_hadith_of_nawawi/com.eqra.forty_hadith_of_nawawi.MainActivity}" drawable="الأربعون_النووية" />

	<!-- الأربعون النووية -->
	<item component="ComponentInfo{com.reda.nawawiforty/com.reda.nawawiforty.Main}" drawable="الأربعون_النووية" />

	<!-- الألباني للحديث -->
	<item component="ComponentInfo{com.linkconnects.albani/com.linkconnects.albani.MainActivity}" drawable="linkconnects_albani" />

	<!-- التحدي السري -->
	<item component="ComponentInfo{com.tableknightgames.secretchallenge/com.tableknightgames.secretchallenge.Main}" drawable="التحدي_السري" />

	<!-- الداء والدواء -->
	<item component="ComponentInfo{com.obooks.daedawe/com.obooks.daedawe.MainActivity}" drawable="obooks_daedawe" />

	<!-- العمدة في أعمال الحج والعمرة -->
	<item component="ComponentInfo{com.ferkous.omda/crc6412cbe87764b3c3ec.MainActivity}" drawable="العمدة_في_أعمال_الحج_والعمرة" />

	<!-- الفقة الميسر -->
	<item component="ComponentInfo{com.dizzlr.fiqh/com.dizzlr.fiqh.___________}" drawable="dizzlr_fiqh" />

	<!-- الكشـَّــاف -->
	<item component="ComponentInfo{com.arabia_it.kashaf/com.arabia_it.kashaf.activities.SplashActivity}" drawable="الكشَّاف" />

	<!-- المجموع الثمين -->
	<item component="ComponentInfo{com.futuregroup.islamhouse.fatawa/com.futuregroup.islamhouse.fatawa.ui.activity.SplashActivity}" drawable="المجموع_الثمين" />

	<!-- المنتقى من فتاوى الشيخ الفوزان -->
	<item component="ComponentInfo{com.wahid.fawzan/com.wahid.fawzan.model.SplashActivity}" drawable="المنتقى_من_فتاوى_الشيخ_الفوزان" />

	<!-- الموسوعة الحديثية -->
	<item component="ComponentInfo{com.zad.hadith/com.zad.hadith.MainActivity}" drawable="zad_hadith" />

	<!-- برا السالفة -->
	<item component="ComponentInfo{com.tableknightgames.barraalsalfah/com.tableknightgames.barraalsalfah.Main}" drawable="برا_السالفة" />

	<!-- ثلاثة الأصول وأدلتها -->
	<item component="ComponentInfo{el3ilmChar3iMinAhlih.al_oussoul_thalatha/el3ilmChar3iMinAhlih.al_oussoul_thalatha.MainActivity}" drawable="ثلاثة_الأصول_وأدلتها" />

	<!-- جامع الأربعينيات الحديثية -->
	<item component="ComponentInfo{forties.rasoulallah.net/forties.rasoulallah.net.SplashActivity}" drawable="forties_rasoulallah" />

	<!-- جامع الصحيحين -->
	<item component="ComponentInfo{com.almaalem_ye.jamea_alsahiheen/com.almaalem_ye.jamea_alsahiheen.MainActivity}" drawable="جامع_الصحيحين" />

	<!-- جامع الكتب التسعة -->
	<item component="ComponentInfo{com.arabiait.sunna/com.arabiait.sunna.MainActivity}" drawable="جامع_الكتب_التسعة" />

	<!-- سيمودراما -->
	<item component="ComponentInfo{com.newpk.cimodrama/com.newpk.cimodrama.SplashActivity}" drawable="سيمودراما" />

	<!-- شرح الزاد لابن عثيمين -->
	<item component="ComponentInfo{zad.arabiait.com.zad/zad.arabiait.com.zad.Splash}" drawable="شرح_الزاد_لابن_عثيمين" />

	<!-- غريب القرآن -->
	<item component="ComponentInfo{com.ghareb.quran/com.ghareb.quran.Main}" drawable="غريب_القرآن" />

	<!-- فتاوى ابن تيمية Fatawa ibn Taymia -->
	<item component="ComponentInfo{online.smartech.ibntaymia/my.smartech.grandlibrary.ui.SplashActivity}" drawable="فتاوى_ابن_تيمية_fatawa_ibn_taymia" />

	<!-- فتاوى الشيخ ابن عثيمين -->
	<item component="ComponentInfo{com.arabiait.fatawaothaimeen/com.arabiait.fatawaothaimeen.ui.Splash}" drawable="فتاوى_الشيخ_ابن_عثيمين" />

	<!-- فتاوى الصلاة -->
	<item component="ComponentInfo{com.fatwaalsalah/com.fatwaalsalah.MainActivity}" drawable="fatwaalsalah" />

	<!-- فتاوى الصيام والزكاة -->
	<item component="ComponentInfo{com.fatwa/com.fatwa.MainActivity}" drawable="فتاوى_الصيام_والزكاة" />

	<!-- فتاوى العلامة مقبل الوادعي -->
	<item component="ComponentInfo{com.wahid.muqbel/com.wahid.muqbel.Activities.SplashActivity}" drawable="فتاوى_العلامة_مقبل_الوادعي" />

	<!-- كتب -->
	<item component="ComponentInfo{org.hindawi.booksapp/org.hindawi.booksapp.MainActivity}" drawable="hindawi_booksapp" />

	<!-- كتب متون طالب العلم -->
	<item component="ComponentInfo{com.enseyab.MotoonBooks/com.enseyab.MotoonBooks.MainActivity}" drawable="كتب_متون_طالب_العلم" />

	<!-- مؤلفات السعدي -->
	<item component="ComponentInfo{com.arabia_it.alsaady/com.arabia_it.alsaady.MainActivity}" drawable="مؤلفات_السعدي" />

	<!-- مؤلفات الشيخ صالج الفوزان -->
	<item component="ComponentInfo{com.jader.Alsheikh/com.jader.Alsheikh.MainActivity}" drawable="مؤلفات_الشيخ_صالج_الفوزان" />

	<!-- مؤلفات الشيخ صالح بن غانم السدلان -->
	<item component="ComponentInfo{com.jader.AlsheikhSaleh/com.jader.AlsheikhSaleh.MainActivity}" drawable="مؤلفات_الشيخ_صالح_بن_غانم_السدلان" />

	<!-- متون التجويد -->
	<item component="ComponentInfo{xsupermu.iesnaad.mtoon_altajweed/xsupermu.iesnaad.mtoon_altajweed.MainActivity}" drawable="متون_التجويد" />

	<!-- مسائل تهم المسلمين -->
	<item component="ComponentInfo{com.islamhouse.masaelmoslemen/com.islamhouse.masaelmoslemen.presentation.ui.activites.SplashActivty}" drawable="مسائل_تهم_المسلمين" />

	<!-- مسابقة الإمام الأوزاعي -->
	<item component="ComponentInfo{com.hamid.awzaie/com.hamid.awzaie.spasss}" drawable="مسابقة_الإمام_الأوزاعي" />

	<!-- مصحف الكويت -->
	<item component="ComponentInfo{kw.gov.qsa.quranapp/com.ryanheise.audioservice.AudioServiceActivity}" drawable="مصحف_الكويت" />

	<!-- مصحف المدينة -->
	<item component="ComponentInfo{sa.QuranComplex.QuranHafs/com.embarcadero.firemonkey.FMXNativeActivity}" drawable="مصحف_المدينة" />

	<!-- معجم العرب -->
	<item component="ComponentInfo{com.ristekmuslim.mujamarob/com.ristekmuslim.mujamarob.MainActivity}" drawable="ristekmuslim_mujamarob" />

	<!-- مكتبة الشيخ بن وهف القحطاني -->
	<item component="ComponentInfo{my.wahf/com.mowahedin.alqalam.ui.modules.activities.splash.SplashActivity}" drawable="my_wahf" />

	<!-- ميسّر المتون -->
	<item component="ComponentInfo{ps.itqan.qasid/crc64b3fa5e15b81c3e69.MainActivity}" drawable="ميسّر_المتون" />

	<!-- نبض -->
	<item component="ComponentInfo{com.waveline.nabd/com.waveline.nabd.StartActivity}" drawable="نبض" />

	<!-- هنداوي قصائد -->
	<item component="ComponentInfo{com.nagwa.poems/com.nagwa.poems.ui.splash.SplashActivity}" drawable="nagwa_poems" />

</resources>