<Theme version="1">

	<!-- Absher -->
	<AppIcon name="sa.gov.moi/com.elm.android.individual.RoutingActivity" image="absher"/>

	<!-- ACEP Toxicology Antidote App -->
	<AppIcon name="org.acep.tsaa/com.ansca.corona.CoronaActivity" image="acep_toxicology_antidote_app"/>

	<!-- activeTAN -->
	<AppIcon name="de.varengold.activeTAN/de.efdis.tangenerator.gui.misc.MainActivity" image="activetan"/>

	<!-- ADA SOC -->
	<AppIcon name="org.diabetes.american_diabetes_association_standards_of_medical_care/com.media4u.middle_earth.MainActivity" image="ada_soc"/>

	<!-- AetherSX2 -->
	<AppIcon name="xyz.aethersx2.android/xyz.aethersx2.android.MainActivity" image="aethersx2"/>

	<!-- AI Life -->
	<AppIcon name="com.huawei.smarthome/com.huawei.smarthome.login.LauncherActivity" image="ai_life"/>

	<!-- AI Retouch - Remove Objects -->
	<AppIcon name="photoeditor.photoretouch.removeobjects.retouch/retouch.photoeditor.remove.activity.DummyActivity" image="ai_retouch_remove_objects"/>

	<!-- AIM Clinical Cases -->
	<AppIcon name="com.acpclinicalcases/com.acpclinicalcases.MainActivity" image="aim_clinical_cases"/>

	<!-- Air Hockey Challenge -->
	<AppIcon name="com.mobirix.airhockey/com.mobirix.airhockey.airhockey" image="air_hockey_challenge"/>

	<!-- AirReceiver -->
	<AppIcon name="com.softmedia.receiver/com.softmedia.receiver.app.SplashActivity" image="airreceiver"/>

	<!-- Alga -->
	<AppIcon name="tech.laihz.alga/tech.laihz.alga.MainActivity" image="alga"/>

	<!-- Amnis -->
	<AppIcon name="com.amnis/com.amnis.gui.MainActivity" image="amnis"/>

	<!-- Anime Slayer -->
	<AppIcon name="com.anslayer/com.anslayer.ui.splash.SplashActivity" image="anime_slayer"/>

	<!-- AnkiDroid -->
	<AppIcon name="com.ichi2.anki/com.ichi2.anki.IntentHandler" image="ankidroid"/>

	<!-- Annals of Internal Medicine -->
	<AppIcon name="com.acpannals/com.acpannals.MainActivity" image="annals_of_internal_medicine"/>

	<!-- ANONguard -->
	<AppIcon name="anonvpn.anon_next.android/anonvpn.anon_next.android.ui.main.MainActivity" image="anonguard"/>

	<!-- AOS TV -->
	<AppIcon name="com.premium.aostv/com.premium.aostv.tv.activity.SpalshActivity" image="aos_tv"/>

	<!-- Apk Getter -->
	<AppIcon name="com.apkgetter/com.apkgetter.ui.SplashActivity" image="apk_getter"/>

	<!-- APNA SHIELD PRO -->
	<AppIcon name="com.apnashield.pro/prince.open.vpn.activities.SplashActivity" image="apna_shield_pro"/>

	<!-- App vault -->
	<AppIcon name="com.mi.android.globalminusscreen/com.mi.android.globalminusscreen.tab.MainActivity_icon_6" image="app_vault"/>

	<!-- AppChecker -->
	<AppIcon name="com.kroegerama.appchecker/com.kroegerama.appchecker.ui.AcMain" image="appchecker"/>

	<!-- Aptoide -->
	<AppIcon name="cm.aptoide.pt/cm.aptoide.pt.view.MainActivity" image="aptoide"/>

	<!-- Arabic English Dictionary -->
	<AppIcon name="com.dictionary.ar/com.dictionary.ar.DictionaryActivity" image="arabic_english_dictionary"/>

	<!-- ASD Player -->
	<AppIcon name="com.app_mo.splayer/com.app_mo.splayer.ui.main.MainActivity" image="asd_player"/>

	<!-- Asphalt 9 -->
	<AppIcon name="com.gameloft.android.ANMP.GloftA9HM/com.gameloft.android.ANMP.GloftA9HM.MainActivity" image="asphalt_9"/>

	<!-- Audio Notes -->
	<AppIcon name="com.certified.audionote/com.certified.audionote.ui.main.MainActivity" image="audio_notes"/>

	<!-- Audio Video Manager -->
	<AppIcon name="com.inverseai.audio_video_manager/com.inverseai.audio_video_manager.activity.WelcomeActivity" image="audio_video_manager"/>

	<!-- Audio­mack -->
	<AppIcon name="com.audiomack/com.audiomack.ui.splash.SplashActivity" image="audio­mack"/>

	<!-- Auscultation World -->
	<AppIcon name="com.worldofmedicalsaviours.auscultationworld/com.worldofmedicalsaviours.auscultationworld.MainActivity" image="auscultation_world"/>

	<!-- Ayah -->
	<AppIcon name="com.ayah/com.ayah.ui.SplashScreen" image="ayah"/>

	<!-- Base64 -->
	<AppIcon name="com.github.base64toolbox/com.example.intro_screen.MainActivity" image="base64"/>

	<!-- Batch Uninstaller -->
	<AppIcon name="com.saha.batchuninstaller/com.saha.batchuninstaller.ui.SplashScreenActivity" image="batch_uninstaller"/>

	<!-- Binaural Beats Therapy -->
	<AppIcon name="com.ihunda.android.binauralbeat/com.ihunda.android.binauralbeat.BBeat" image="binaural_beats_therapy"/>

	<!-- BinBaz - جامع فتاوى ابن باز -->
	<AppIcon name="com.zadgroup.binbazfatawa/com.zadgroup.binbazfatawa.MainActivity" image="binbaz"/>

	<!-- Blocker -->
	<AppIcon name="com.merxury.blocker/com.merxury.blocker.MainActivity" image="blocker"/>

	<!-- Bluetooth Codec Changer -->
	<AppIcon name="com.amrg.bluetooth_codec_converter/com.amrg.bluetooth_codec_converter.ui.base.SharedActivity" image="bluetooth_codec_changer"/>

	<!-- Blur Video & Image -->
	<AppIcon name="com.bongasoft.blurimagevideo/com.bongasoft.blurimagevideo.activities.SplashScreenActivity" image="blur_video_and_image"/>

	<!-- BMI Calculator -->
	<AppIcon name="com.sdgcode.bmicalculator/com.sdgcode.bmicalculator.MainActivity" image="bmi_calculator"/>

	<!-- BMJ Best Practice -->
	<AppIcon name="com.bmj.bmjbestpractice/com.bmj.bmjbestpractice.MainActivity" image="bmj_best_practice"/>

	<!-- BNF -->
	<AppIcon name="com.pharmpress.bnf/com.pharmpress.bnf.features.walkthrough.WalkThroughActivity" image="bnf"/>

	<!-- Boardible -->
	<AppIcon name="com.Boardible.Boardible/com.google.firebase.MessagingUnityPlayerActivity" image="boardible"/>

	<!-- Bolt -->
	<AppIcon name="ee.mtakso.client/ee.mtakso.client.activity.SplashHomeActivity" image="bolt"/>

	<!-- Botim -->
	<AppIcon name="im.thebot.messenger/im.thebot.messenger.BOTStartPage" image="botim"/>

	<!-- Bounce -->
	<AppIcon name="com.genico.bounce/com.genico.bounce.MainActivity" image="bounce"/>

	<!-- Brain Tutor 3D -->
	<AppIcon name="com.brainvoyager.android.BrainTutor/org.qtproject.qt.android.bindings.QtActivity" image="brain_tutor_3d"/>

	<!-- Brick Game -->
	<AppIcon name="com.ly.brickgameclassic/com.unity3d.player.UnityPlayerActivity" image="brick_game"/>

	<!-- Bridge Race -->
	<AppIcon name="com.Garawell.BridgeRace/com.unity3d.player.UnityPlayerActivity" image="bridge_race"/>

	<!-- Bullets* -->
	<AppIcon name="com.orthobullets.Bullets/crc640bc7823b8804bed1.SplashActivity" image="bullets_"/>

	<!-- Cache Cleaner -->
	<AppIcon name="com.github.bmx666.appcachecleaner/com.github.bmx666.appcachecleaner.ui.activity.LauncherActivity" image="cache_cleaner"/>

	<!-- Call of Duty -->
	<AppIcon name="com.activision.callofduty.shooter/com.tencent.tmgp.cod.CODMPrivatePermissionActivity" image="call_of_duty"/>

	<!-- Candle -->
	<AppIcon name="com.elasticrock.candle/com.elasticrock.candle.MainActivity" image="candle"/>

	<!-- Canvas AI -->
	<AppIcon name="ai.photo.wallpaper.wonder.art/com.ai.image.generate.activities.Splash" image="canvas_ai"/>

	<!-- Careem -->
	<AppIcon name="com.careem.acma/com.careem.superapp.OnboardingActivityOldIcon" image="careem"/>

	<!-- Carrion -->
	<AppIcon name="us.spotco.carrion/us.spotco.carrion.MainActivity" image="carrion"/>

	<!-- Castro -->
	<AppIcon name="com.itemstudio.castro.pro/com.itemstudio.castro.base.BaseActivity" image="castro"/>

	<!-- Cat Vs Dog War -->
	<AppIcon name="com.sharpshark.catvsdog2/com.sharpshark.catvsdog2.MainActivity" image="cat_vs_dog_war"/>

	<!-- Catex VPN -->
	<AppIcon name="com.catex.vpn/prince.open.vpn.activities.SpashActivity" image="catex_vpn"/>

	<!-- CDC STI TX -->
	<AppIcon name="gov.cdc.stdtxguide/gov.cdc.std.tx.presentation.SplashActivity" image="cdc_sti_tx"/>

	<!-- CEToolbox -->
	<AppIcon name="com.github.cetoolbox/com.github.cetoolbox.CEToolboxActivity" image="cetoolbox"/>

	<!-- Cinemax -->
	<AppIcon name="com.maximillianleonov.cinemax/com.maximillianleonov.cinemax.CinemaxActivity" image="cinemax"/>

	<!-- CircusFun -->
	<AppIcon name="com.RoyalArcadeGaming.CircusFun/com.unity3d.player.UnityPlayerActivity" image="circusfun"/>

	<!-- Classify Rx -->
	<AppIcon name="com.first.medical.medical/com.scoopmed.classify.ui.activities.MainActivity" image="classify_rx"/>

	<!-- Clipboard Cleaner -->
	<AppIcon name="com.thatsmanmeet.clipboardcleaner/com.thatsmanmeet.clipboardcleaner.MainActivity" image="clipboard_cleaner"/>

	<!-- ClipDrop -->
	<AppIcon name="app.arcopypaste/app.arcopypaste.MainActivity" image="clipdrop"/>

	<!-- ClipShare -->
	<AppIcon name="com.tw.clipshare/com.tw.clipshare.ClipShareActivity" image="clipshare"/>

	<!-- Clock -->
	<AppIcon name="com.android.deskclock/com.android.deskclock.DeskClockTabActivity" image="clock"/>

	<!-- COD Warzone -->
	<AppIcon name="com.activision.callofduty.warzone/com.activision.game.MainActivity" image="cod_warzone"/>

	<!-- Coffee -->
	<AppIcon name="com.github.muellerma.coffee/com.github.muellerma.coffee.activities.MainActivity" image="coffee"/>

	<!-- ColorDict -->
	<AppIcon name="com.socialnmobile.colordict/com.socialnmobile.colordict.activity.Main" image="colordict"/>

	<!-- Comprehensive Islamic Library جامع الكتب الإسلامية -->
	<AppIcon name="com.ketabonline/my.smartech.grandlibrary.ui.SplashActivity" image="comprehensive_islamic_library"/>

	<!-- Countdate -->
	<AppIcon name="cyou.sk5s.app.countdate/cyou.sk5s.app.countdate.MainActivity" image="countdate"/>

	<!-- COUNTRY TUNNEL VIP -->
	<AppIcon name="dev.rlb.studio.countrytunnelvip/renz.javacodez.vpn.activities.RCODEVPNSplash" image="country_tunnel_vip"/>

	<!-- Cram -->
	<AppIcon name="com.studymode.cram/io.studymode.cram.activity.MainActivity" image="cram"/>

	<!-- Cramped -->
	<AppIcon name="com.nash.cramped/com.nash.cramped.MainActivity" image="cramped"/>

	<!-- Criteria Sets -->
	<AppIcon name="com.apa.dsm.v/com.apa.dsm.v.activities.APASplashActivity" image="criteria_sets"/>

	<!-- CT Anatomy -->
	<AppIcon name="air.CT/air.CT.MainActivity" image="ct_anatomy"/>

	<!-- Cyrillic -->
	<AppIcon name="at.mikenet.serbianlatintocyrillic/at.mikenet.serbianlatintocyrillic.MainActivity" image="cyrillic"/>

	<!-- D4D -->
	<AppIcon name="com.voixme.d4d/com.voixme.d4d.ui.activity.SplashScreen" image="d4d"/>

	<!-- Dailymotion -->
	<AppIcon name="com.dailymotion.dailymotion/com.dailymotion.dailymotion.ui.activity.MainActivity" image="dailymotion"/>

	<!-- ddxof -->
	<AppIcon name="com.fadial.android/com.fadial.android.MainActivity" image="ddxof"/>

	<!-- Deezer -->
	<AppIcon name="deezer.android.app/com.deezer.android.ui.activity.LauncherActivity" image="deezer"/>

	<!-- Derm Student -->
	<AppIcon name="com.borne.bad/com.borne.bad.activity.SplashActivity" image="derm_student"/>

	<!-- Dermatology Database -->
	<AppIcon name="com.aocd.DermatologyDB/com.aocd.DermatologyDB.SplashActivity" image="dermatology_database"/>

	<!-- Digilog TV -->
	<AppIcon name="io.github.aldrinzigmundv.digilogtv/com.example.digilogtv.MainActivity" image="digilog_tv"/>

	<!-- Discogs -->
	<AppIcon name="com.discogs.app/com.discogs.app.MainActivity" image="discogs"/>

	<!-- Discord -->
	<AppIcon name="dev.beefers.vendetta/com.discord.main.MainDefault" image="discord"/>

	<!-- DNS Switch -->
	<AppIcon name="net.mypush.dnsswitch/net.mypush.dnsswitch.MainActivity" image="dns_switch"/>

	<!-- Downdetector -->
	<AppIcon name="com.serinus42.downdetector/com.serinus42.downdetector.dashboard.DashboardActivity" image="downdetector"/>

	<!-- Downmack -->
	<AppIcon name="com.localhost.downmack/com.localhost.downmack.ui.activity.MainActivity" image="downmack"/>

	<!-- Dreamerland -->
	<AppIcon name="art.dreamerai.android/art.dreamerai.android.MainActivity" image="dreamerland"/>

	<!-- DroidPlay -->
	<AppIcon name="com.github.warren_bank.airplay_client/com.github.warren_bank.airplay_client.ui.DroidPlayActivity" image="droidplay"/>

	<!-- Early Bird Alarm Clock -->
	<AppIcon name="com.funanduseful.earlybirdalarm/com.funanduseful.earlybirdalarm.ui.main.MainActivity" image="early_bird_alarm_clock"/>

	<!-- Easy Watermark -->
	<AppIcon name="me.rosuh.easywatermark/me.rosuh.easywatermark.ui.MainActivity" image="easy_watermark"/>

	<!-- ECG Guide -->
	<AppIcon name="com.qxmd.ecgguide/com.qxmd.ecgguide.SplashScreenActivity" image="ecg_guide"/>

	<!-- Eddict Player -->
	<AppIcon name="com.shanling.eddictplayer/com.shanling.eddictplayer.gui.Activity.SplashActivity" image="eddict_player"/>

	<!-- Empty Folder Cleaner -->
	<AppIcon name="com.rootify.emptyfoldercleaner/com.rootify.emptyfoldercleaner.MainActivity" image="empty_folder_cleaner"/>

	<!-- Empty Text -->
	<AppIcon name="com.innovationredefined.emptytext/com.innovationredefined.emptytext.MainActivity" image="empty_text"/>

	<!-- EMTrainer -->
	<AppIcon name="com.harleynelson.emtrainer.free/com.harleynelson.emtrainer.Home" image="emtrainer"/>

	<!-- EP Mobile -->
	<AppIcon name="org.epstudios.epmobile/org.epstudios.epmobile.EpMobile" image="ep_mobile"/>

	<!-- Epub Reader -->
	<AppIcon name="epub.reader/com.foobnix.ui2.MainTabs2" image="epub_reader"/>

	<!-- Evil Insult Generator -->
	<AppIcon name="com.evilinsult/com.evilinsult.activities.MainActivity" image="evil_insult_generator"/>

	<!-- ExifEraser -->
	<AppIcon name="com.none.tom.exiferaser/com.none.tom.exiferaser.ExifEraserActivity" image="exiferaser"/>

	<!-- Eye Handbook -->
	<AppIcon name="com.CloudNineDevelopement.EyeHandbook/com.CloudNineDevelopement.EyeHandbook.activity.RoutingActivity" image="eye_handbook"/>

	<!-- F-Stop -->
	<AppIcon name="com.fstop.photo/com.fstop.photo.activity.MainActivity" image="f_stop"/>

	<!-- Fake Traveler -->
	<AppIcon name="cl.coders.faketraveler/cl.coders.faketraveler.MainActivity" image="fake_traveler"/>

	<!-- Fanta Pro Vpn -->
	<AppIcon name="com.fantapro.free/renz.javacodez.vpn.activities.VPNSplash" image="fanta_pro_vpn"/>

	<!-- Figure 1 -->
	<AppIcon name="com.figure1.android/com.zoontek.rnbootsplash.RNBootSplashActivity" image="figure_1"/>

	<!-- FiiO Music -->
	<AppIcon name="com.fiio.music/com.fiio.music.activity.SplashActivity" image="fiio_music"/>

	<!-- File Converter -->
	<AppIcon name="com.onlineconvert.ocapp/com.onlineconvert.ocapp.MainActivity" image="file_converter"/>

	<!-- File Manager -->
	<AppIcon name="com.mi.android.globalFileexplorer/com.android.fileexplorer.MainActivity" image="file_manager"/>

	<!-- File Manager -->
	<AppIcon name="org.fossify.filemanager/org.fossify.filemanager.activities.SplashActivity.Green" image="file_manager_green"/>

	<!-- flightview free -->
	<AppIcon name="com.flightview.flightview_free/com.flightview.flightview.Startup" image="flightview_free"/>

	<!-- Flud+ -->
	<AppIcon name="com.delphicoder.flud.paid/com.delphicoder.flud.MainActivity" image="flud_"/>

	<!-- FMWhatsApp -->
	<AppIcon name="com.fmwhatsapp/com.fmwhatsapp.Icon39" image="fmwhatsapp"/>

	<!-- foobar2000 -->
	<AppIcon name="com.foobar2000.foobar2000/com.foobar2000.foobar2000.MainActivity" image="foobar2000"/>

	<!-- FPse -->
	<AppIcon name="com.emulator.fpse/com.emulator.fpse.Main" image="fpse"/>

	<!-- Free TV -->
	<AppIcon name="com.phstudio.freetv/com.phstudio.freetv.MainActivity" image="free_tv"/>

	<!-- Freepik -->
	<AppIcon name="com.freepikcompany.freepik/com.freepikcompany.freepik.launcher.presentation.ui.LauncherActivity" image="freepik"/>

	<!-- FTPClient -->
	<AppIcon name="de.qwerty287.ftpclient/de.qwerty287.ftpclient.MainActivity" image="ftpclient"/>

	<!-- FV File Explorer Pro -->
	<AppIcon name="com.folderv.filepro/com.folderv.file.SplashActivity" image="fv_file_explorer_pro"/>

	<!-- Gallery -->
	<AppIcon name="com.miui.gallery/com.miui.gallery.activity.HomePageActivity" image="gallery"/>

	<!-- GameBox -->
	<AppIcon name="com.turner.cartoonnetworkgames/com.turner.cartoonnetworkgames.MainActivity" image="gamebox"/>

	<!-- Geddit -->
	<AppIcon name="geddit.buzl.uk/geddit.buzl.uk.MainActivity" image="geddit"/>

	<!-- General Surgery Instruments -->
	<AppIcon name="com.production.ksm.generalsurgery/com.production.ksm.generalsurgery.MainActivity" image="general_surgery_instruments"/>

	<!-- Genetics 4M -->
	<AppIcon name="com.genetics4m/com.appmedics.tabactivity.SplashActivity" image="genetics_4m"/>

	<!-- GeoNotes -->
	<AppIcon name="de.hauke_stieler.geonotes/de.hauke_stieler.geonotes.MainActivity" image="geonotes"/>

	<!-- GetApps -->
	<AppIcon name="com.xiaomi.mipicks/com.xiaomi.mipicks.DefaultAlias" image="getapps"/>

	<!-- Geto -->
	<AppIcon name="com.android.geto/com.android.geto.MainActivity" image="geto"/>

	<!-- Great Quran -->
	<AppIcon name="com.arabiait.quran.v2/com.arabiait.quran.v2.MainActivity" image="great_quran"/>

	<!-- Green Screen -->
	<AppIcon name="maa.greenscreen_effect.background_changer/maa.greenscreen_effect.background_changer.ui.activities.SplashScreen" image="green_screen"/>

	<!-- Guideline Central -->
	<AppIcon name="com.mobiuso.IGC.guidelines/com.guidelinecentral.MainActivity" image="guideline_central"/>

	<!-- Guidelines -->
	<AppIcon name="org.idsociety.guidelines/org.idsociety.guidelines.AppLauncherActivity" image="guidelines"/>

	<!-- GULF VPN -->
	<AppIcon name="com.mawa.gulf.vpn/dev.scbuild.openvpn3.SplashActivity" image="gulf_vpn"/>

	<!-- Gyawun -->
	<AppIcon name="com.jhelum.gyawun/com.ryanheise.audioservice.AudioServiceActivity" image="gyawun"/>

	<!-- Happy Chick -->
	<AppIcon name="org.xiaoji001.app/com.swordfish.lemuroid.chick.function.launcher.LauncherActivity" image="happy_chick"/>

	<!-- Harmonoid -->
	<AppIcon name="com.alexmercerind.harmonoid/com.alexmercerind.harmonoid.MainActivity" image="harmonoid"/>

	<!-- Harmony Music -->
	<AppIcon name="com.anandnet.harmonymusic/com.ryanheise.audioservice.AudioServiceActivity" image="harmony_music"/>

	<!-- HD STREAMZ -->
	<AppIcon name="insure.cable.estate/com.android.vending.a.Splash" image="hd_streamz"/>

	<!-- HDO Box -->
	<AppIcon name="com.hdobox/com.hdobox.MainActivity" image="hdo_box"/>

	<!-- Heartpedia -->
	<AppIcon name="com.cardinal.childrensheartencyclopedia/com.cardinal.childrensheartencyclopedia.heartGrid.MainActivity" image="heartpedia"/>

	<!-- Hepatitis B Results -->
	<AppIcon name="com.quickdoc.hepatitsbvirus/com.quickdoc.hepatitisbvirus.MainActivity" image="hepatitis_b_results"/>

	<!-- Honista -->
	<AppIcon name="cc.honista.app/com.app.launcher_0" image="honista"/>

	<!-- HTTP Request Tunnel -->
	<AppIcon name="com.request.http/spkmods.build.austrovpn.LauncherActivity" image="http_request_tunnel"/>

	<!-- huggingAssist -->
	<AppIcon name="org.woheller69.hugassist/org.woheller69.huggingchat.MainActivity" image="huggingassist"/>

	<!-- HungerStation -->
	<AppIcon name="com.hungerstation.android.web/com.hungerstation.android.web.v6.screens.splash.view.SplashActivity" image="hungerstation"/>

	<!-- ICE VPN -->
	<AppIcon name="app.icevpn.devusa.build/com.supremedev.tunnel.activities.SpashActivity" image="ice_vpn"/>

	<!-- iCU Notes -->
	<AppIcon name="com.doc_notes.icunotes/com.doc_notes.icunotes.MainActivity" image="icu_notes"/>

	<!-- ICU Trials -->
	<AppIcon name="com.clincalc.icutrials/com.clincalc.icutrials.SplashScreen" image="icu_trials"/>

	<!-- ID Photo -->
	<AppIcon name="com.peace.IdPhoto/com.peace.IdPhoto.LaunchActivity" image="id_photo"/>

	<!-- Identiconizer! -->
	<AppIcon name="com.germainz.identiconizer/com.germainz.identiconizer.IdenticonsSettings" image="identiconizer_"/>

	<!-- Image Toolbox (Resizer) -->
	<AppIcon name="ru.tech.imageresizershrinker/ru.tech.imageresizershrinker.presentation.AppActivity" image="image_toolbox_resizer_"/>

	<!-- ImageSearch -->
	<AppIcon name="jp.hamachi.android.img/jp.hamachi.android.img.app.activities.MainActivity" image="imagesearch"/>

	<!-- Imgur -->
	<AppIcon name="com.imgur.mobile/com.imgur.mobile.Launcher" image="imgur"/>

	<!-- Implant Identifier -->
	<AppIcon name="implantidentifier.org.implantidentifier/manualidentifier.org.manualidentifier.activity.SplashActivity" image="implant_identifier"/>

	<!-- Instander -->
	<AppIcon name="com.instander.android/com.instagram.android.activity.MainTabActivity" image="instander"/>

	<!-- IR PRO VPN -->
	<AppIcon name="app.irprovpn.ovpn3/com.technore.tunnel.activities.SplashActivity" image="ir_pro_vpn"/>

	<!-- Islam House Library -->
	<AppIcon name="my.smartech.islamhouselibrary/com.mowahedin.alqalam.ui.modules.activities.splash.SplashActivity" image="islam_house_library"/>

	<!-- Islam Question and Answer -->
	<AppIcon name="com.dizzlr.irshad/com.dizzlr.irshad.IslamQuestionandAnswer" image="islam_question_and_answer"/>

	<!-- islamQA -->
	<AppIcon name="zad.com.islamqa/com.zadgroup.islamqa.MainActivity" image="islamqa"/>

	<!-- Itinerary -->
	<AppIcon name="org.kde.itinerary/org.kde.itinerary.Activity" image="itinerary"/>

	<!-- IzzyOnDroid -->
	<AppIcon name="in.sunilpaulmathew.izzyondroid/in.sunilpaulmathew.izzyondroid.MainActivity" image="izzyondroid"/>

	<!-- Japanese Name Converter -->
	<AppIcon name="com.nolanlawson.jnameconverter/com.nolanlawson.jnameconverter.JNameConverterActivity" image="japanese_name_converter"/>

	<!-- Jazz² Resurrection -->
	<AppIcon name="jazz2.resurrection/jazz2.resurrection.LoadLibraries" image="jazz²_resurrection"/>

	<!-- Jetflix -->
	<AppIcon name="com.yasinkacmaz.jetflix/com.yasinkacmaz.jetflix.ui.main.MainActivity" image="jetflix"/>

	<!-- Jpeg XL Viewer -->
	<AppIcon name="fr.oupson.jxlviewer/fr.oupson.jxlviewer.ViewerActivity" image="jpeg_xl_viewer"/>

	<!-- JS-Dict -->
	<AppIcon name="io.github.petlyh.jsdict/io.github.petlyh.jsdict.MainActivity" image="js_dict"/>

	<!-- Kafka -->
	<AppIcon name="com.kafka.user/com.kafka.user.MainActivity" image="kafka"/>

	<!-- Kanji Study -->
	<AppIcon name="com.mindtwisted.kanjistudy/com.mindtwisted.kanjistudy.activity.LaunchActivity" image="kanji_study"/>

	<!-- Keep Alive -->
	<AppIcon name="io.keepalive.android/io.keepalive.android.MainActivity" image="keep_alive"/>

	<!-- kimovil -->
	<AppIcon name="com.kimovil.app/com.kimovil.app.MainActivity" image="kimovil"/>

	<!-- KingInstaller -->
	<AppIcon name="com.example.kinginstaller/com.example.kinginstaller.MainActivity" image="kinginstaller"/>

	<!-- Lab Tests -->
	<AppIcon name="com.laboratory.user.labtest/com.laboratory.user.labtest.Activities.MainActivity" image="lab_tests"/>

	<!-- Language Transfer -->
	<AppIcon name="org.languagetransfer/org.languagetransfer.MainActivity" image="language_transfer"/>

	<!-- LB Causes -->
	<AppIcon name="com.cepublishing.tlboc/host.exp.exponent.MainActivity" image="lb_causes"/>

	<!-- Linphone -->
	<AppIcon name="org.linphone/org.linphone.activities.main.MainActivity" image="linphone"/>

	<!-- Linux Command Library -->
	<AppIcon name="com.inspiredandroid.linuxcommandbibliotheca/com.inspiredandroid.linuxcommandbibliotheca.MainActivity" image="linux_command_library"/>

	<!-- LIVE Radio -->
	<AppIcon name="fm.radio.amradio.liveradio.radiostation.music.live/fm.radio.amradio.liveradio.radiostation.music.live.ui.activity.SplashActivity" image="live_radio"/>

	<!-- LiveLoop -->
	<AppIcon name="com.wallpaper.liveloop/com.wallpaper.liveloop.StartActivity" image="liveloop"/>

	<!-- LLCrop (lossless) -->
	<AppIcon name="de.k3b.android.lossless_jpg_crop/de.k3b.android.lossless_jpg_crop.CropAreasEditActivity" image="llcrop_lossless_"/>

	<!-- LumaFusion -->
	<AppIcon name="com.luma_touch.lumafusion/com.solbegsoft.luma.ui.main.MainActivity" image="lumafusion"/>

	<!-- MA NET VPN -->
	<AppIcon name="com.manet.vpn/prince.open.vpn.activities.SpashActivity" image="ma_net_vpn"/>

	<!-- Majdona -->
	<AppIcon name="com.majdona.majdona/com.majdona.majdona.SplashActivity" image="majdona"/>

	<!-- MARIO RUN -->
	<AppIcon name="com.nintendo.zara/com.snslinkage.dena.snslinkageunityplugin.SnsLinkageSafeUnityPlayerNativeActivity" image="mario_run"/>

	<!-- markdownr -->
	<AppIcon name="com.sanzoghenzo.markdownr/com.sanzoghenzo.markdownr.MainActivity" image="markdownr"/>

	<!-- MBC Mood -->
	<AppIcon name="com.brightcreations.mbcradio/com.tedmob.mbcradio.features.launch.RootActivity" image="mbc_mood"/>

	<!-- MBC Movie Guide -->
	<AppIcon name="com.vinelab.apps.android.mbcguide/com.eurisko.mbcmovieguide.activities.SplashActivity" image="mbc_movie_guide"/>

	<!-- McMaster -->
	<AppIcon name="com.empendium.mcmtextbook/com.empendium.mcmtextbook.MainActivity" image="mcmaster"/>

	<!-- MCQ AbuBakr (ASU) -->
	<AppIcon name="asu.mcq/asu.mcq.Splash" image="mcq_abubakr_asu_"/>

	<!-- Medical & Surgical Instruments -->
	<AppIcon name="com.kmcpesh.medicalandsurgicalinstruments/com.kmcpesh.medicalandsurgicalinstruments.Splash" image="medical_and_surgical_instruments"/>

	<!-- Medical Mnemonics -->
	<AppIcon name="com.regularrateandrhythm.medmnemonics/com.regularrateandrhythm.medmnemonics.MnemonicsListActivity" image="medical_mnemonics"/>

	<!-- Medicine -->
	<AppIcon name="dictionary.medicine/dictionary.medicine.MainActivity" image="medicine"/>

	<!-- Medicine Flash Cards -->
	<AppIcon name="com.flashcardmobileapp/com.flashcardmobileapp.MainActivity" image="medicine_flash_cards"/>

	<!-- MediCode -->
	<AppIcon name="com.nhcps.medicode/com.nhcps.medicode.MedicodeActivity" image="medicode"/>

	<!-- Mednomics -->
	<AppIcon name="com.medical.mnemonics/com.nishith.mednomics.ui.activities.MainActivity" image="mednomics"/>

	<!-- Medscape -->
	<AppIcon name="com.medscape.android/com.medscape.android.welcome.WelcomeActivity" image="medscape"/>

	<!-- MedShr -->
	<AppIcon name="net.medshr.android/net.medshr.android.RootNavigationActivity" image="medshr"/>

	<!-- MGH PALS -->
	<AppIcon name="com.healthcaretransformationlab.pals_android/com.pals.SplashActivity" image="mgh_pals"/>

	<!-- MHR Tunnel VIP -->
	<AppIcon name="com.mhrtunnel.vip/renz.javacodez.vpn.activities.VPNSplash" image="mhr_tunnel_vip"/>

	<!-- Mi Home -->
	<AppIcon name="com.xiaomi.smarthome/com.xiaomi.smarthome.SmartHomeMainActivity" image="mi_home"/>

	<!-- Mi Mover -->
	<AppIcon name="com.miui.huanji/com.miui.huanji.MainActivity" image="mi_mover"/>

	<!-- Mi Remote -->
	<AppIcon name="com.duokan.phone.remotecontroller/com.xiaomi.mitv.phone.remotecontroller.HoriWidgetMainActivityV2" image="mi_remote"/>

	<!-- Microbiology Guide -->
	<AppIcon name="com.bacterials.agarss/com.bacterials.agarss.MainActivity1" image="microbiology_guide"/>

	<!-- Mindomo -->
	<AppIcon name="air.com.EXswap.Mindomo/air.com.EXswap.Mindomo.MainActivity" image="mindomo"/>

	<!-- Mixlr -->
	<AppIcon name="com.mixlr.android/com.mixlr.android.LauncherActivity" image="mixlr"/>

	<!-- Mobilism -->
	<AppIcon name="demigos.com.mobilism/demigos.com.mobilism.UI.SplashActivity" image="mobilism"/>

	<!-- Moddroid -->
	<AppIcon name="kingmodapk.mobi/com.example.MainActivity" image="moddroid"/>

	<!-- Moshaf Ebn Othaimeen -->
	<AppIcon name="com.arabia_it.moshaf_ibn_othimen/com.arabia_it.moshaf_ibn_othimen.ui.splash.SplashActivity" image="moshaf_ebn_othaimeen"/>

	<!-- Moshuf El Menshawui -->
	<AppIcon name="my.smartech.reciter.menshawi/my.smartech.thereciter.main_view.TheReciterActivity" image="moshuf_el_menshawui"/>

	<!-- MRSOOL -->
	<AppIcon name="com.mrsool/com.mrsool.SplashActivity" image="mrsool"/>

	<!-- MSD OBST -->
	<AppIcon name="com.msd.obstetrics/com.msd.obstetrics.ui.Splashscreenactivity" image="msd_obst"/>

	<!-- MSD Pro -->
	<AppIcon name="com.msd.professional/com.msd.professional.ui.Splashscreenactivity" image="msd_pro"/>

	<!-- Mstudio -->
	<AppIcon name="selfcoder.mstudio.mp3editor/selfcoder.mstudio.mp3editor.activity.StartupActivity" image="mstudio"/>

	<!-- mucke -->
	<AppIcon name="rocks.mucke.github/com.ryanheise.audioservice.AudioServiceActivity" image="mucke"/>

	<!-- MuscleWiki -->
	<AppIcon name="com.musclewiki.macro/org.musclewiki.macro.MainActivity" image="musclewiki"/>

	<!-- Music Player -->
	<AppIcon name="com.zionhuang.music/com.zionhuang.music.splashScreen.SplashScreen" image="music_player"/>

	<!-- Musicboard -->
	<AppIcon name="com.musicboard/com.musicboard.MainActivity" image="musicboard"/>

	<!-- MusicSearch -->
	<AppIcon name="io.github.lydavid.musicsearch/ly.david.mbjc.ui.MainActivity" image="musicsearch"/>

	<!-- Muzei -->
	<AppIcon name="net.nurik.roman.muzei/com.google.android.apps.muzei.MuzeiActivity" image="muzei"/>

	<!-- MX Player -->
	<AppIcon name="com.mxtech.videoplayer.pro/com.mxtech.videoplayer.pro.ActivityMediaList" image="mx_player"/>

	<!-- My Prayer -->
	<AppIcon name="com.haz.prayer/com.haz.prayer.MyPrayer" image="my_prayer"/>

	<!-- Myne -->
	<AppIcon name="com.starry.myne/com.starry.myne.MainActivity" image="myne"/>

	<!-- mystc -->
	<AppIcon name="com.stc/sa.com.stc.ui.landing.SplashScreen" image="mystc"/>

	<!-- NAFATH -->
	<AppIcon name="sa.gov.nic.myid/sa.gov.nic.myid.MainActivity" image="nafath"/>

	<!-- Name Generator -->
	<AppIcon name="com.rtlab.namegenerator/com.zipoapps.premiumhelper.ui.splash.PHSplashActivity" image="name_generator"/>

	<!-- Namida -->
	<AppIcon name="com.msob7y.namida/com.msob7y.namida.NamidaMainActivity" image="namida"/>

	<!-- Nekogram -->
	<AppIcon name="tw.nekomimi.nekogram/org.telegram.messenger.DefaultIcon" image="nekogram"/>

	<!-- Neurology Pocketbook -->
	<AppIcon name="com.arex.neurology/md5a67a454f2ab55d52a5217faf7aa2fcfa.LaunchActivity" image="neurology_pocketbook"/>

	<!-- Neutron Player -->
	<AppIcon name="com.neutroncode.mp/com.neutroncode.mp.NeutronMPCore" image="neutron_player"/>

	<!-- NokoPrint -->
	<AppIcon name="com.nokoprint/com.nokoprint.ActivityHome" image="nokoprint"/>

	<!-- Now in Android -->
	<AppIcon name="com.google.samples.apps.nowinandroid/com.google.samples.apps.nowinandroid.MainActivity" image="now_in_android"/>

	<!-- Nyanpasu -->
	<AppIcon name="com.zhenxiang.nyaa/com.zhenxiang.nyaa.MainActivity" image="nyanpasu"/>

	<!-- ObCalc -->
	<AppIcon name="com.Alefrei.ObstetricCalculator/com.Alefrei.ObstetricCalculator.MainActivity" image="obcalc"/>

	<!-- ObstetricRiskCalculator -->
	<AppIcon name="org.sitel.obstetricriskcalculator/org.sitel.obstetricriskcalculator.MainActivity" image="obstetricriskcalculator"/>

	<!-- Octi -->
	<AppIcon name="eu.darken.octi/eu.darken.octi.main.ui.MainActivity" image="octi"/>

	<!-- OKOK -->
	<AppIcon name="com.chipsea.btcontrol.en/com.chipsea.shell.MainActivity" image="okok"/>

	<!-- ONCOassist -->
	<AppIcon name="com.oncoassist.core/com.oncoassist.view.splash.SplashActivity" image="oncoassist"/>

	<!-- Open Pros & Cons -->
	<AppIcon name="com.robertmengual.open_pros_cons/com.robertmengual.open_pros_cons.MainActivity" image="open_pros_and_cons"/>

	<!-- OpenBooksDownloader -->
	<AppIcon name="com.nima.openbooksdownloader/com.nima.openbooksdownloader.MainActivity" image="openbooksdownloader"/>

	<!-- OpenComicVine -->
	<AppIcon name="org.proninyaroslav.opencomicvine/org.proninyaroslav.opencomicvine.ui.MainActivity" image="opencomicvine"/>

	<!-- Openlib -->
	<AppIcon name="com.app.openlib/com.app.openlib.MainActivity" image="openlib"/>

	<!-- OpeNoise -->
	<AppIcon name="it.piemonte.arpa.openoise/it.piemonte.arpa.openoise.MainActivity" image="openoise"/>

	<!-- OphthDDx -->
	<AppIcon name="ammanify.apps.ophthddx/ammanify.apps.ophthddx.MainActivity" image="ophthddx"/>

	<!-- Opioid Guideline -->
	<AppIcon name="gov.cdc.ondieh.ncipc.OpioidGuideline/gov.cdc.ondieh.ncipc.OpioidGuideline.MainActivity" image="opioid_guideline"/>

	<!-- PAC-MAN -->
	<AppIcon name="com.namcobandaigames.pacmantournaments/com.namcobandaigames.pacmantournaments.UnityPlayerActivity" image="pac_man"/>

	<!-- PAC-MAN 256 -->
	<AppIcon name="eu.bandainamcoent.pacman256/com.unity3d.player.UnityPlayerActivity" image="pac_man_256"/>

	<!-- Parcels -->
	<AppIcon name="com.brightstripe.parcels/com.brightstripe.parcels.MainActivity" image="parcels"/>

	<!-- Passport -->
	<AppIcon name="app.iris/app.iris.MainActivity" image="passport"/>

	<!-- Pathway -->
	<AppIcon name="com.pathwaymedical.pathway/com.pathwaymedical.pathway.MainActivity" image="pathway"/>

	<!-- Pazzword -->
	<AppIcon name="com.cyb3rko.pazzword/com.cyb3rko.pazzword.MainActivity" image="pazzword"/>

	<!-- PDF Extra -->
	<AppIcon name="com.mobisystems.mobiscanner/com.mobisystems.office.splashScreen.SplashScreenActivity" image="pdf_extra"/>

	<!-- Pediatric Oncall -->
	<AppIcon name="com.pediatriconcall/com.pediatriconcall.splash" image="pediatric_oncall"/>

	<!-- Pen&PDF -->
	<AppIcon name="com.cgogolin.penandpdf/com.cgogolin.penandpdf.PenAndPDFActivity" image="pen_and_pdf"/>

	<!-- Permission Pilot -->
	<AppIcon name="eu.darken.myperm/eu.darken.myperm.main.ui.MainActivity" image="permission_pilot"/>

	<!-- Petal Maps -->
	<AppIcon name="com.huawei.maps.app/com.huawei.maps.app.petalmaps.splash.SplashActivity" image="petal_maps"/>

	<!-- Photify AI -->
	<AppIcon name="ai.photify.app/ai.photify.MainActivity" image="photify_ai"/>

	<!-- Photo Collage -->
	<AppIcon name="collage.photocollage.collagemaker.photoeditor.photogrid/com.thinkyeah.photoeditor.main.ui.activity.LandingActivity" image="photo_collage"/>

	<!-- Photo Tools -->
	<AppIcon name="io.japp.phototools/io.japp.phototools.MainActivity" image="photo_tools"/>

	<!-- PhotoFix -->
	<AppIcon name="com.vyroai.photofix/com.vyroai.facefix.ui.MainActivity" image="photofix"/>

	<!-- Photok -->
	<AppIcon name="dev.leonlatsch.photok/dev.leonlatsch.photok.MainLauncher" image="photok"/>

	<!-- Picsart -->
	<AppIcon name="com.picsart.studio/com.socialin.android.photo.picsinphoto.MainPagerActivity" image="picsart"/>

	<!-- Picturing-MD -->
	<AppIcon name="com.picturingmedicine.md/com.picturingmedicine.md.SplashActivity" image="picturing_md"/>

	<!-- PicWish -->
	<AppIcon name="com.wangxutech.picwish/com.wangxutech.picwish.module.main.ui.splash.SplashActivity" image="picwish"/>

	<!-- PikPed -->
	<AppIcon name="com.pikped.pikped/com.pikped.pikped.SplashScreenActivity" image="pikped"/>

	<!-- Pixlr -->
	<AppIcon name="com.pixlr.express/com.pixlr.express.ui.startup.StartupActivity" image="pixlr"/>

	<!-- PLAB 1 Flashcards -->
	<AppIcon name="lk.mbbs.plabflashcards/lk.mbbs.plabflashcards.MainActivity" image="plab_1_flashcards"/>

	<!-- Plite PDF Viewer -->
	<AppIcon name="com.riseapps.pdfviewer.pdfutilities/com.riseapps.pdfviewer.pdfutilities.activity.Splash_activity" image="plite_pdf_viewer"/>

	<!-- Poco Community -->
	<AppIcon name="com.mi.global.pocobbs/com.mi.global.pocobbs.ui.SplashActivity" image="poco_community"/>

	<!-- POCUS App -->
	<AppIcon name="com.nysorapocus.app/com.nysorapocus.app.MainActivity" image="pocus_app"/>

	<!-- Point Blur -->
	<AppIcon name="jp.co.pointblur.android.app.quick/jp.co.pointblur.android.app.quick.activity.APrepare" image="point_blur"/>

	<!-- popWALLS -->
	<AppIcon name="com.popmods.popwalls/org.blinksd.popwallz.activities.MainActivity" image="popwalls"/>

	<!-- Poweramp -->
	<AppIcon name="com.maxmpz.audioplayer/com.maxmpz.audioplayer.standard_adaptive" image="poweramp"/>

	<!-- Praktika -->
	<AppIcon name="ai.praktika.android/ai.praktika.android.MainActivity" image="praktika"/>

	<!-- Procedures -->
	<AppIcon name="houseapp.medicalpro/com.houseapp.medicalpro.Splash" image="procedures"/>

	<!-- Prognosis -->
	<AppIcon name="com.medicaljoyworks.prognosis/com.medicaljoyworks.prognosis.MainActivity" image="prognosis"/>

	<!-- Psiphon Pro -->
	<AppIcon name="com.psiphon3.subscription/com.psiphon3.MainActivity" image="psiphon_pro"/>

	<!-- Puzzledom -->
	<AppIcon name="com.puzzlegame.puzzledom/org.cocos2dx.cpp.AppActivity" image="puzzledom"/>

	<!-- Pyrls -->
	<AppIcon name="com.pyrls.pyrls7000/com.pyrls.pyrls7000.MainActivity" image="pyrls"/>

	<!-- Qobuz Bêta -->
	<AppIcon name="com.qobuz.music/com.qobuz.android.mobile.app.refont.screen.launch.LauncherActivity" image="qobuz_beta"/>

	<!-- QooApp -->
	<AppIcon name="com.qooapp.qoohelper/com.qooapp.qoohelper.arch.welcome.WelcomeActivity" image="qooapp"/>

	<!-- QR & Barcode Scanner - Generator -->
	<AppIcon name="sol.myscanner/sol.myscanner.ui.activities.SplashActivity" image="qr_and_barcode_scanner_generator"/>

	<!-- QR&T Scanner -->
	<AppIcon name="com.netvor.qrtscanner/com.netvor.qrtscanner.MainActivity" image="qr_and_t_scanner"/>

	<!-- QuickIB -->
	<AppIcon name="com.superyao.tuchuang/com.superyao.tuchuang.ui.component.main.MainActivity" image="quickib"/>

	<!-- Quora -->
	<AppIcon name="com.quora.android/com.quora.android.components.activities.LauncherActivity" image="quora"/>

	<!-- Rapid Streamz -->
	<AppIcon name="com.rpstreamz.live/com.rpstreamz.live.activity.SplashActivity" image="rapid_streamz"/>

	<!-- Read -->
	<AppIcon name="com.qxmd.readbyqxmd/com.qxmd.readbyqxmd.activities.SplashActivity" image="read"/>

	<!-- Recurring Expenses -->
	<AppIcon name="de.dbauer.expensetracker/de.dbauer.expensetracker.MainActivity" image="recurring_expenses"/>

	<!-- Redomi -->
	<AppIcon name="com.acszo.redomi/com.acszo.redomi.MainActivity" image="redomi"/>

	<!-- Relaxing Tangle Pro -->
	<AppIcon name="app.bhupesh.tanglepro/app.bhupesh.tanglepro.welcomeScreen" image="relaxing_tangle_pro"/>

	<!-- Resplash -->
	<AppIcon name="com.b_lam.resplash/com.b_lam.resplash.ui.main.MainActivity" image="resplash"/>

	<!-- Resume Builder -->
	<AppIcon name="com.ibrahimyousre.resumebuilder/com.ibrahimyousre.resumebuilder.MainActivity" image="resume_builder"/>

	<!-- Retro Text Editor -->
	<AppIcon name="click.dummer.textthing/click.dummer.textthing.MainActivity" image="retro_text_editor"/>

	<!-- RheumaHelper -->
	<AppIcon name="si.modrajagoda.rheumahelper/si.modrajagoda.rheumahelper.activities.MainActivity" image="rheumahelper"/>

	<!-- Ricochlime -->
	<AppIcon name="com.adilhanney.ricochlime/com.adilhanney.ricochlime.MainActivity" image="ricochlime"/>

	<!-- RS Debug -->
	<AppIcon name="de.felixnuesse.extract.debug/ca.pkay.rcloneexplorer.Activities.MainActivity" image="rs_debug"/>

	<!-- Ruler -->
	<AppIcon name="com.ruler.csw/com.ruler.csw.activity.MainActivity" image="ruler"/>

	<!-- Rumble -->
	<AppIcon name="com.rumble.battles/com.rumble.battles.landing.LandingActivity" image="rumble"/>

	<!-- Russian -->
	<AppIcon name="ru.poas.learn.russian.language.words.vocabulary/ru.poas.englishwords.splash.SplashActivity" image="russian"/>

	<!-- Russian Verbs Pro -->
	<AppIcon name="com.sanchiski.rvp/com.sanchiski.rvp.VerbList" image="russian_verbs_pro"/>

	<!-- Safe Delivery -->
	<AppIcon name="dk.maternity.safedelivery/dk.maternity.safedelivery.MainActivity" image="safe_delivery"/>

	<!-- Salt Player -->
	<AppIcon name="com.salt.music/com.salt.music.ui.MainActivity" image="salt_player"/>

	<!-- Save Locally -->
	<AppIcon name="com.mateusrodcosta.apps.share2storage/com.mateusrodcosta.apps.share2storage.MainActivity" image="save_locally"/>

	<!-- Save to… -->
	<AppIcon name="xyz.myachin.saveto/xyz.myachin.saveto.ui.MainActivity" image="save_to…"/>

	<!-- Savefrom Helper -->
	<AppIcon name="com.example.savefromNew/net.savefrom.helper.splash.SplashActivity" image="savefrom_helper"/>

	<!-- Scrambled Exif -->
	<AppIcon name="com.jarsilio.android.scrambledeggsif/com.jarsilio.android.scrambledeggsif.MainActivity" image="scrambled_exif"/>

	<!-- SD Maid SE -->
	<AppIcon name="eu.darken.sdmse/eu.darken.sdmse.main.ui.MainActivity" image="sd_maid_se"/>

	<!-- Sepsis -->
	<AppIcon name="app.escavo.sepsis/app.escavo.sepsis.MainActivity" image="sepsis"/>

	<!-- Services & feedback -->
	<AppIcon name="com.miui.miservice/com.miui.miservice.main.MainActivity" image="services_and_feedback"/>

	<!-- Share to Computer -->
	<AppIcon name="com.jim.sharetocomputer/com.jim.sharetocomputer.MainActivity" image="share_to_computer"/>

	<!-- SHAREit Lite -->
	<AppIcon name="shareit.lite/com.lenovo.anyshare.ApMainActivity" image="shareit_lite"/>

	<!-- Silence -->
	<AppIcon name="me.lucky.silence/me.lucky.silence.MainActivity" image="silence"/>

	<!-- Simple ABP Free -->
	<AppIcon name="mdmt.sabp.free/mdmt.sabp.free.A" image="simple_abp_free"/>

	<!-- Simple Text Editor -->
	<AppIcon name="com.maxistar.textpad/com.maxistar.textpad.activities.EditorActivity" image="simple_text_editor"/>

	<!-- Simplenote -->
	<AppIcon name="com.automattic.simplenote/com.automattic.simplenote.NotesActivity" image="simplenote"/>

	<!-- Skiff Drive -->
	<AppIcon name="com.skiffDriveMobileApp/com.skiffDriveMobileApp.MainActivity" image="skiff_drive"/>

	<!-- Skiff Mail -->
	<AppIcon name="com.skemailmobileapp/com.skemailmobileapp.MainActivity" image="skiff_mail"/>

	<!-- Slidebox -->
	<AppIcon name="co.slidebox/co.slidebox.ui.root.RootActivity" image="slidebox"/>

	<!-- Slideshow Wallpaper -->
	<AppIcon name="io.github.doubi88.slideshowwallpaper/io.github.doubi88.slideshowwallpaper.preferences.WallpaperPreferencesActivity" image="slideshow_wallpaper"/>

	<!-- smart Histology -->
	<AppIcon name="com.phonegap.smartHistology/com.phonegap.smartHistology.smartHistology" image="smart_histology"/>

	<!-- SmartMouse -->
	<AppIcon name="ch.virt.smartphonemouse/ch.virt.smartphonemouse.MainActivity" image="smartmouse"/>

	<!-- SMI -->
	<AppIcon name="com.fountainheadmobile.touchpoint.acogsmi/com.fountainheadmobile.touchpoint.activity.TPMainActivity" image="smi"/>

	<!-- SMS my GPS -->
	<AppIcon name="com.github.warren_bank.sms_automatic_reply_gps/com.github.warren_bank.sms_automatic_reply_gps.ui.PreferenceActivity" image="sms_my_gps"/>

	<!-- Snake.io -->
	<AppIcon name="com.amelosinteractive.snake/com.kooapps.unity.CustomUnityPlayerActivity" image="snakeio"/>

	<!-- Snapmod -->
	<AppIcon name="cn.gavinliu.snapmod/cn.gavinliu.snapmod.ui.SplashActivity" image="snapmod"/>

	<!-- Snipd -->
	<AppIcon name="ai.topicfinder.podcastdiscovery/ai.topicfinder.podcastdiscovery.MainActivity" image="snipd"/>

	<!-- SongSync -->
	<AppIcon name="pl.lambada.songsync/pl.lambada.songsync.MainActivity" image="songsync"/>

	<!-- SplitCloud -->
	<AppIcon name="com.splitcloud/com.splitcloud.MainActivity" image="splitcloud"/>

	<!-- SpongeBob Diner Dash -->
	<AppIcon name="com.playfirst.playground.dinerdashspongebob/com.playfirst.playground.dinerdashspongebob.DinerDashSpongeBob" image="spongebob_diner_dash"/>

	<!-- SpotiFlyer -->
	<AppIcon name="com.shabinder.spotiflyer/com.shabinder.spotiflyer.ui.SplashScreenActivity" image="spotiflyer"/>

	<!-- Stickman Party -->
	<AppIcon name="com.PlayMax.playergames/com.unity3d.player.UnityPlayerActivity" image="stickman_party"/>

	<!-- Stitch It! -->
	<AppIcon name="com.luckybunnyllc.stitchit/com.luckybunnyllc.stitchit.activities.LoadActivity" image="stitch_it_"/>

	<!-- Stripepaper -->
	<AppIcon name="com.tjm.stripepaper/com.tjm.stripepaper.SetWallpaperActivity" image="stripepaper"/>

	<!-- Sumatora -->
	<AppIcon name="org.happypeng.sumatora.android.sumatoradictionary/org.happypeng.sumatora.android.sumatoradictionary.activity.MainActivity" image="sumatora"/>

	<!-- SuperDisplay -->
	<AppIcon name="com.kelocube.mirrorclient/com.kelocube.mirrorclient.ui.MainActivity" image="superdisplay"/>

	<!-- SuperImage -->
	<AppIcon name="com.zhenxiang.superimage.pro/com.zhenxiang.superimage.MainActivity" image="superimage"/>

	<!-- surgicalsuturematerial -->
	<AppIcon name="com.production.ksm.surgerysuturematerial/com.production.ksm.surgerysuturematerial.MainActivity" image="surgicalsuturematerial"/>

	<!-- Survival Manual -->
	<AppIcon name="org.ligi.survivalmanual/org.ligi.survivalmanual.ui.MainActivity" image="survival_manual"/>

	<!-- SurviveMed -->
	<AppIcon name="com.elsevier.education.SurviveMedApp/com.mobelite.emee.ui.misc.SplashActivity" image="survivemed"/>

	<!-- Swipefy -->
	<AppIcon name="app.swipefy.mobile/app.swipefy.mobile.MainActivity" image="swipefy"/>

	<!-- Symptom to Diagnosis -->
	<AppIcon name="com.agilemd.android.uchicago.symptomtodiagnosis/com.agilemd.android.MainActivity" image="symptom_to_diagnosis"/>

	<!-- Sync -->
	<AppIcon name="com.resilio.sync/com.resilio.sync.ui.activity.StartActivity" image="sync"/>

	<!-- Tappic -->
	<AppIcon name="es.dmoral.tappic/es.dmoral.tappic.activities.MainActivity" image="tappic"/>

	<!-- TapTap -->
	<AppIcon name="com.taptap.global/com.play.taptap.ui.SplashAct" image="taptap"/>

	<!-- Tawakkalna Services -->
	<AppIcon name="sa.gov.nic.twkhayat/com.tawakkalna.twkapp.ui.SplashActivity" image="tawakkalna_services"/>

	<!-- Tazkerah -->
	<AppIcon name="com.arwany.tazkerah/com.arwany.tazkerah.activities.MainActivity" image="tazkerah"/>

	<!-- Teapod -->
	<AppIcon name="org.mosad.teapod/org.mosad.teapod.ui.activity.main.MainActivity" image="teapod"/>

	<!-- Tech Terms -->
	<AppIcon name="com.sharpened.techterms/com.sharpened.techterms.MainActivity" image="tech_terms"/>

	<!-- Telegram -->
	<AppIcon name="org.telegram.messenges/org.telegram.messenger.PremiumIcon" image="telegram"/>

	<!-- Tella -->
	<AppIcon name="org.hzontal.tellaFOSS/rs.readahead.washington.mobile.views.activity.SplashActivity" image="tella"/>

	<!-- Tests -->
	<AppIcon name="com.nixgames.psycho_tests/com.nixgames.psycho_tests.ui.activities.splash.SplashActivity" image="tests"/>

	<!-- Text Analyzer -->
	<AppIcon name="com.graspery.www.wordcountpro/com.graspery.www.wordcountpro.MainActivity" image="text_analyzer"/>

	<!-- Text Repeater -->
	<AppIcon name="com.kapidhvaj.textrepeater/com.kapidhvaj.textrepeater.Activity.SplashActivity" image="text_repeater"/>

	<!-- Textgram X -->
	<AppIcon name="noirelabs.textgram/noirelabs.textgram.MainActivity" image="textgram_x"/>

	<!-- The CC -->
	<AppIcon name="app.escavo.thecc/app.escavo.sepsis.MainActivity" image="the_cc"/>

	<!-- Thud -->
	<AppIcon name="com.aerotoad.thud/io.ionic.starter.MainActivity" image="thud"/>

	<!-- TIDAL -->
	<AppIcon name="com.aspiro.tidal/com.aspiro.wamp.LoginFragmentActivity" image="tidal"/>

	<!-- TIDY -->
	<AppIcon name="com.slavabarkov.tidy/com.slavabarkov.tidy.MainActivity" image="tidy"/>

	<!-- Tiny Scanner -->
	<AppIcon name="com.appxy.tinyscanner/com.appxy.tinyscanfree.Activity_Start" image="tiny_scanner"/>

	<!-- TL FAST VPN -->
	<AppIcon name="com.tlfast.vpn/prince.open.vpn.activities.SpashActivity" image="tl_fast_vpn"/>

	<!-- TMAnatomy -->
	<AppIcon name="com.atomengineapps.teachmeanatomy/crc6404b5d7aaf7660bf3.MainActivity" image="tmanatomy"/>

	<!-- TMPhysiology -->
	<AppIcon name="com.teachmeseries.tmphysiology/crc6404b5d7aaf7660bf3.MainActivity" image="tmphysiology"/>

	<!-- TMSurgery -->
	<AppIcon name="com.teachmeseries.tmsurgery/crc6404b5d7aaf7660bf3.MainActivity" image="tmsurgery"/>

	<!-- Toolmaps -->
	<AppIcon name="com.service.fullscreenmaps/com.service.fullscreenmaps.MainActivity" image="toolmaps"/>

	<!-- Touch Surgery -->
	<AppIcon name="com.touchsurgery/com.touchsurgery.launch.LaunchActivity" image="touch_surgery"/>

	<!-- TRC Pharmacology -->
	<AppIcon name="software.ninetofive.trc/software.ninetofive.trc.MainActivity" image="trc_pharmacology"/>

	<!-- TreatHF -->
	<AppIcon name="org.acc.treathf/org.acc.treathf.MainActivity" image="treathf"/>

	<!-- TripleCamel -->
	<AppIcon name="com.ebaschiera.triplecamel/com.ebaschiera.triplecamel.MainActivity" image="triplecamel"/>

	<!-- Turtl -->
	<AppIcon name="com.lyonbros.turtl/com.lyonbros.turtl.MainActivity" image="turtl"/>

	<!-- TV KILL -->
	<AppIcon name="com.redirectapps.tvkill/com.redirectapps.tvkill.MainActivity" image="tv_kill"/>

	<!-- TV Randshow -->
	<AppIcon name="deandrea.matias.tv_randshow/deandrea.matias.tv_randshow.MainActivity" image="tv_randshow"/>

	<!-- Ultimate USB -->
	<AppIcon name="com.mixapplications.ultimateusb/com.mixapplications.ultimateusb.MainActivity" image="ultimate_usb"/>

	<!-- Umagic -->
	<AppIcon name="umagic.ai.aiart.aiartgenrator/umagic.ai.aiart.activity.SplashActivity" image="umagic"/>

	<!-- Unexpected Keyboard -->
	<AppIcon name="juloo.keyboard2/juloo.keyboard2.LauncherActivity" image="unexpected_keyboard"/>

	<!-- Untracker -->
	<AppIcon name="me.zhanghai.android.untracker/me.zhanghai.android.untracker.MainActivity" image="untracker"/>

	<!-- UntrackMe -->
	<AppIcon name="app.fedilab.nitterizeme/app.fedilab.nitterizeme.activities.MainActivity" image="untrackme"/>

	<!-- Unvcode -->
	<AppIcon name="moe.lz233.unvcode/moe.lz233.unvcode.activity.MainActivity" image="unvcode"/>

	<!-- Uptodown App Store -->
	<AppIcon name="com.uptodown/com.uptodown.activities.MainActivity" image="uptodown_app_store"/>

	<!-- URL Cleaner -->
	<AppIcon name="com.svenjacobs.app.leon/com.svenjacobs.app.leon.MainActivity" image="url_cleaner"/>

	<!-- URL to PDF Converter -->
	<AppIcon name="com.prostudio.urltopdfconverter/com.prostudio.urltopdfconverter.MainActivity" image="url_to_pdf_converter"/>

	<!-- USPSTF -->
	<AppIcon name="gov.ahrq.epss/gov.ahrq.epss.SplashActivity" image="uspstf"/>

	<!-- Vaccine Schedules -->
	<AppIcon name="gov.cdc.ncird.vaccineschedule/gov.cdc.ncird.vaccineschedule.MainActivity" image="vaccine_schedules"/>

	<!-- Vector Camera -->
	<AppIcon name="com.dozingcatsoftware.vectorcamera/com.dozingcatsoftware.vectorcamera.MainActivity" image="vector_camera"/>

	<!-- Vectorify da home! -->
	<AppIcon name="com.iven.iconify/com.iven.vectorify.ui.MainActivity" image="vectorify_da_home_"/>

	<!-- Vendetta Manager -->
	<AppIcon name="dev.beefers.vendetta.manager/dev.beefers.vendetta.manager.ui.activity.MainActivity" image="vendetta_manager"/>

	<!-- VFHHrbuPvfroWyviw -->
	<AppIcon name="ru.zuovlzhk.ktqlezihu/ru.zuovlzhk.ktqlezihu.MainActivity1" image="vfhhrbupvfrowyviw"/>

	<!-- vFlat -->
	<AppIcon name="com.voyagerx.scanner/com.voyagerx.livedewarp.EntryActivity" image="vflat"/>

	<!-- Vibe -->
	<AppIcon name="me.lucky.vibe/me.lucky.vibe.MainActivity" image="vibe"/>

	<!-- Vibrator -->
	<AppIcon name="com.lukeneedham.vibrator/com.lukeneedham.vibrator.MainActivity" image="vibrator"/>

	<!-- VIC -->
	<AppIcon name="com.looper.vic/com.looper.vic.activity.MainActivity" image="vic"/>

	<!-- Video Converter -->
	<AppIcon name="com.inverseai.video_converter/com.inverseai.audio_video_manager.activity.WelcomeActivity" image="video_converter"/>

	<!-- Vidya Music -->
	<AppIcon name="com.mateusrodcosta.apps.vidyamusic/com.ryanheise.audioservice.AudioServiceActivity" image="vidya_music"/>

	<!-- Viewer for Khan Academy -->
	<AppIcon name="com.concentricsky.android.khan/com.concentricsky.android.khanacademy.app.HomeActivity" image="viewer_for_khan_academy"/>

	<!-- Visit Dubai -->
	<AppIcon name="com.dtcm.dubaitourism/com.dtcm.dubaitourism.SplashActivity" image="visit_dubai"/>

	<!-- VisitSaudi -->
	<AppIcon name="sa.gov.apps.sauditourism/sa.gov.apps.sauditourism.ui.splashscreen.ui.SplashScreenActivity" image="visitsaudi"/>

	<!-- Vita3K -->
	<AppIcon name="org.vita3k.emulator/org.vita3k.emulator.Emulator" image="vita3k"/>

	<!-- VodTwit Downloader -->
	<AppIcon name="com.videodownloader.twitchvoddownloader.downloadtwitchvideo/com.code.app.view.main.MainActivity" image="vodtwit_downloader"/>

	<!-- WADBS -->
	<AppIcon name="com.smoothie.wirelessDebuggingSwitch/com.smoothie.wirelessDebuggingSwitch.SettingsActivity" image="wadbs"/>

	<!-- wallabag -->
	<AppIcon name="fr.gaulupeau.apps.InThePoche/fr.gaulupeau.apps.Poche.ui.SplashActivity" image="wallabag"/>

	<!-- Wallastic -->
	<AppIcon name="wallastic.cnt.walls/wallastic.cnt.walls.MainActivity" image="wallastic"/>

	<!-- WallpaperExport -->
	<AppIcon name="com.github.cvzi.wallpaperexport/com.github.cvzi.wallpaperexport.MainActivity" image="wallpaperexport"/>

	<!-- WarpShare -->
	<AppIcon name="com.moseoridev.warpshare/org.mokee.warpshare.MainActivity" image="warpshare"/>

	<!-- Wassword -->
	<AppIcon name="com.albertobonacina.wassword/com.albertobonacina.wassword.MainActivity" image="wassword"/>

	<!-- Water Sort -->
	<AppIcon name="watersort.puzzle.water.sort.logic.brain.game.color.fill.wood/com.unity3d.player.UnityPlayerActivity" image="water_sort"/>

	<!-- Watermarking -->
	<AppIcon name="io.github.freewatermark.mobileapp/com.example.free_watermark.MainActivity" image="watermarking"/>

	<!-- Watomatic -->
	<AppIcon name="com.parishod.watomatic/com.parishod.watomatic.activity.main.MainActivity" image="watomatic"/>

	<!-- Wave Lines Wallpaper -->
	<AppIcon name="de.markusfisch.android.wavelines/de.markusfisch.android.wavelines.activity.SplashActivity" image="wave_lines_wallpaper"/>

	<!-- Waze -->
	<AppIcon name="com.waze/com.waze.FreeMapAppActivity" image="waze"/>

	<!-- Website Monitor -->
	<AppIcon name="com.manimarank.websitemonitor/com.manimarank.websitemonitor.ui.splash.SplashActivity" image="website_monitor"/>

	<!-- WhatSaga -->
	<AppIcon name="in.whatsaga.whatsapplongerstatus/in.whatsaga.whatsapplongerstatus.activities.StartupActivity" image="whatsaga"/>

	<!-- WHO e-Pocketbook -->
	<AppIcon name="au.org.rch.hospitalCareForChildren/au.org.rch.hospitalCareForChildren.WHOe_Pocketbook" image="who_e_pocketbook"/>

	<!-- Wi-Fi AR -->
	<AppIcon name="ua.com.wifisolutions.wifivr/ua.com.wifisolutions.wifivr.MainActivity" image="wi_fi_ar"/>

	<!-- Wi-Fi Info -->
	<AppIcon name="com.truemlgpro.wifiinfo/com.truemlgpro.wifiinfo.MainActivity" image="wi_fi_info"/>

	<!-- WikiAnime -->
	<AppIcon name="com.nima.wikianime/com.nima.wikianime.MainActivity" image="wikianime"/>

	<!-- Wipe files -->
	<AppIcon name="uk.org.platitudes.wipefiles/uk.org.platitudes.wipe.main.MainTabActivity" image="wipe_files"/>

	<!-- Wonderous -->
	<AppIcon name="com.gskinner.flutter.wonders/com.gskinner.flutter.wonders.MainActivity" image="wonderous"/>

	<!-- WPGen -->
	<AppIcon name="net.glsk.wpgen/net.glsk.wpgen.ColorsActivity" image="wpgen"/>

	<!-- XAPK Installer -->
	<AppIcon name="com.apkpure.installer/com.apkpure.installer.MainActivity" image="xapk_installer"/>

	<!-- Xmind -->
	<AppIcon name="net.xmind.doughnut/net.xmind.doughnut.MainActivity" image="xmind"/>

	<!-- Yacine TV -->
	<AppIcon name="ver3.ycntivi.off/dev.pankaj.yacinetv.ui.splash.SplashActivity" image="yacine_tv"/>

	<!-- Yandex Start -->
	<AppIcon name="ru.yandex.searchplugin/ru.yandex.searchplugin.MainActivity" image="yandex_start"/>

	<!-- YMusic -->
	<AppIcon name="com.kapp.youtube.final/com.kapp.youtube.ui.MainActivity" image="ymusic"/>

	<!-- YTV PRO -->
	<AppIcon name="com.ytv.pronew/dev.pankaj.ytvplayer.ui.MainActivity" image="ytv_pro"/>

	<!-- Z-Lib -->
	<AppIcon name="com.positron_it.zlib/com.positron_it.zlib.ui.splash.SplashActivity" image="z_lib"/>

	<!-- zFont 3 -->
	<AppIcon name="com.htetznaing.zfont2/com.htetznaing.zfont4.MainActivity" image="zfont_3"/>

	<!-- zumba classic deluxe -->
	<AppIcon name="com.pack.puzzle/com.pack.puzzle.MainActivity" image="zumba_classic_deluxe"/>

	<!-- أخطاء المناسك -->
	<AppIcon name="com.akhtaa.manasek/info.androidhive.tabsswipe.DashboardActivity" image="akhtaa_manasek"/>

	<!-- الأربعون النووية -->
	<AppIcon name="com.eqra.forty_hadith_of_nawawi/com.eqra.forty_hadith_of_nawawi.MainActivity" image="الأربعون_النووية"/>

	<!-- الأربعون النووية -->
	<AppIcon name="com.reda.nawawiforty/com.reda.nawawiforty.Main" image="الأربعون_النووية"/>

	<!-- الألباني للحديث -->
	<AppIcon name="com.linkconnects.albani/com.linkconnects.albani.MainActivity" image="linkconnects_albani"/>

	<!-- التحدي السري -->
	<AppIcon name="com.tableknightgames.secretchallenge/com.tableknightgames.secretchallenge.Main" image="التحدي_السري"/>

	<!-- الداء والدواء -->
	<AppIcon name="com.obooks.daedawe/com.obooks.daedawe.MainActivity" image="obooks_daedawe"/>

	<!-- العمدة في أعمال الحج والعمرة -->
	<AppIcon name="com.ferkous.omda/crc6412cbe87764b3c3ec.MainActivity" image="العمدة_في_أعمال_الحج_والعمرة"/>

	<!-- الفقة الميسر -->
	<AppIcon name="com.dizzlr.fiqh/com.dizzlr.fiqh.___________" image="dizzlr_fiqh"/>

	<!-- الكشـَّــاف -->
	<AppIcon name="com.arabia_it.kashaf/com.arabia_it.kashaf.activities.SplashActivity" image="الكشَّاف"/>

	<!-- المجموع الثمين -->
	<AppIcon name="com.futuregroup.islamhouse.fatawa/com.futuregroup.islamhouse.fatawa.ui.activity.SplashActivity" image="المجموع_الثمين"/>

	<!-- المنتقى من فتاوى الشيخ الفوزان -->
	<AppIcon name="com.wahid.fawzan/com.wahid.fawzan.model.SplashActivity" image="المنتقى_من_فتاوى_الشيخ_الفوزان"/>

	<!-- الموسوعة الحديثية -->
	<AppIcon name="com.zad.hadith/com.zad.hadith.MainActivity" image="zad_hadith"/>

	<!-- برا السالفة -->
	<AppIcon name="com.tableknightgames.barraalsalfah/com.tableknightgames.barraalsalfah.Main" image="برا_السالفة"/>

	<!-- ثلاثة الأصول وأدلتها -->
	<AppIcon name="el3ilmChar3iMinAhlih.al_oussoul_thalatha/el3ilmChar3iMinAhlih.al_oussoul_thalatha.MainActivity" image="ثلاثة_الأصول_وأدلتها"/>

	<!-- جامع الأربعينيات الحديثية -->
	<AppIcon name="forties.rasoulallah.net/forties.rasoulallah.net.SplashActivity" image="forties_rasoulallah"/>

	<!-- جامع الصحيحين -->
	<AppIcon name="com.almaalem_ye.jamea_alsahiheen/com.almaalem_ye.jamea_alsahiheen.MainActivity" image="جامع_الصحيحين"/>

	<!-- جامع الكتب التسعة -->
	<AppIcon name="com.arabiait.sunna/com.arabiait.sunna.MainActivity" image="جامع_الكتب_التسعة"/>

	<!-- سيمودراما -->
	<AppIcon name="com.newpk.cimodrama/com.newpk.cimodrama.SplashActivity" image="سيمودراما"/>

	<!-- شرح الزاد لابن عثيمين -->
	<AppIcon name="zad.arabiait.com.zad/zad.arabiait.com.zad.Splash" image="شرح_الزاد_لابن_عثيمين"/>

	<!-- غريب القرآن -->
	<AppIcon name="com.ghareb.quran/com.ghareb.quran.Main" image="غريب_القرآن"/>

	<!-- فتاوى ابن تيمية Fatawa ibn Taymia -->
	<AppIcon name="online.smartech.ibntaymia/my.smartech.grandlibrary.ui.SplashActivity" image="فتاوى_ابن_تيمية_fatawa_ibn_taymia"/>

	<!-- فتاوى الشيخ ابن عثيمين -->
	<AppIcon name="com.arabiait.fatawaothaimeen/com.arabiait.fatawaothaimeen.ui.Splash" image="فتاوى_الشيخ_ابن_عثيمين"/>

	<!-- فتاوى الصلاة -->
	<AppIcon name="com.fatwaalsalah/com.fatwaalsalah.MainActivity" image="fatwaalsalah"/>

	<!-- فتاوى الصيام والزكاة -->
	<AppIcon name="com.fatwa/com.fatwa.MainActivity" image="فتاوى_الصيام_والزكاة"/>

	<!-- فتاوى العلامة مقبل الوادعي -->
	<AppIcon name="com.wahid.muqbel/com.wahid.muqbel.Activities.SplashActivity" image="فتاوى_العلامة_مقبل_الوادعي"/>

	<!-- كتب -->
	<AppIcon name="org.hindawi.booksapp/org.hindawi.booksapp.MainActivity" image="hindawi_booksapp"/>

	<!-- كتب متون طالب العلم -->
	<AppIcon name="com.enseyab.MotoonBooks/com.enseyab.MotoonBooks.MainActivity" image="كتب_متون_طالب_العلم"/>

	<!-- مؤلفات السعدي -->
	<AppIcon name="com.arabia_it.alsaady/com.arabia_it.alsaady.MainActivity" image="مؤلفات_السعدي"/>

	<!-- مؤلفات الشيخ صالج الفوزان -->
	<AppIcon name="com.jader.Alsheikh/com.jader.Alsheikh.MainActivity" image="مؤلفات_الشيخ_صالج_الفوزان"/>

	<!-- مؤلفات الشيخ صالح بن غانم السدلان -->
	<AppIcon name="com.jader.AlsheikhSaleh/com.jader.AlsheikhSaleh.MainActivity" image="مؤلفات_الشيخ_صالح_بن_غانم_السدلان"/>

	<!-- متون التجويد -->
	<AppIcon name="xsupermu.iesnaad.mtoon_altajweed/xsupermu.iesnaad.mtoon_altajweed.MainActivity" image="متون_التجويد"/>

	<!-- مسائل تهم المسلمين -->
	<AppIcon name="com.islamhouse.masaelmoslemen/com.islamhouse.masaelmoslemen.presentation.ui.activites.SplashActivty" image="مسائل_تهم_المسلمين"/>

	<!-- مسابقة الإمام الأوزاعي -->
	<AppIcon name="com.hamid.awzaie/com.hamid.awzaie.spasss" image="مسابقة_الإمام_الأوزاعي"/>

	<!-- مصحف الكويت -->
	<AppIcon name="kw.gov.qsa.quranapp/com.ryanheise.audioservice.AudioServiceActivity" image="مصحف_الكويت"/>

	<!-- مصحف المدينة -->
	<AppIcon name="sa.QuranComplex.QuranHafs/com.embarcadero.firemonkey.FMXNativeActivity" image="مصحف_المدينة"/>

	<!-- معجم العرب -->
	<AppIcon name="com.ristekmuslim.mujamarob/com.ristekmuslim.mujamarob.MainActivity" image="ristekmuslim_mujamarob"/>

	<!-- مكتبة الشيخ بن وهف القحطاني -->
	<AppIcon name="my.wahf/com.mowahedin.alqalam.ui.modules.activities.splash.SplashActivity" image="my_wahf"/>

	<!-- ميسّر المتون -->
	<AppIcon name="ps.itqan.qasid/crc64b3fa5e15b81c3e69.MainActivity" image="ميسّر_المتون"/>

	<!-- نبض -->
	<AppIcon name="com.waveline.nabd/com.waveline.nabd.StartActivity" image="نبض"/>

	<!-- هنداوي قصائد -->
	<AppIcon name="com.nagwa.poems/com.nagwa.poems.ui.splash.SplashActivity" image="nagwa_poems"/>

</Theme>