<resources>

	<!--  Docx Reader -->
	<item component="ComponentInfo{com.officedocument.word.docx.document.viewer/com.happydev.wordoffice.business.splash.SplashActivity}" drawable=" docx_reader" />

	<!-- AndrOpen Office -->
	<item component="ComponentInfo{com.andropenoffice/aoo.android.TopActivity}" drawable="andropen_office" />

	<!-- Document Reader -->
	<item component="ComponentInfo{com.documentreader.filereader.documenteditor/com.documentreader.filereader.documentedit.screens.activities.SplashActivity}" drawable="document_reader" />

	<!-- Document Viewer -->
	<item component="ComponentInfo{com.document.viewer.doc.reader/com.document.viewer.doc.reader.activity.NewSplashScreen}" drawable="document_viewer" />

	<!-- DocxReader -->
	<item component="ComponentInfo{com.docx.reader.word.docx.document.office.free.viewer/com.trustedapp.pdfreader.view.activity.SplashActivity}" drawable="docxreader" />

	<!-- Lector de documentos -->
	<item component="ComponentInfo{documentreader.officeapp.pdfreader.wordreader.excelviewer.filereader/com.document_reader.views.activities.SplashActivity}" drawable="lector_de_documentos_documentreader_officeapp_pdfreader_wordreader_excelviewer_filereader" />

	<!-- Lector de documentos -->
	<item component="ComponentInfo{documentreader.pdfviewerapp.filereader.word.docs/arr.pdfreader.documentreader.view.splash.SplashActivity}" drawable="documentreader_pdfviewerapp_filereader_word_docs" />

	<!-- Lector de PDF -->
	<item component="ComponentInfo{pdf.pdfreader.viewer.editor.free/pdf.pdfreader.viewer.editor.free.ReaderLauncherBridgeActivity}" drawable="lector_de_pdf_pdfreader_viewer_editor_free" />

	<!-- Pdf Viewer Plus -->
	<item component="ComponentInfo{com.xdev.docxreader.docx.docxviewer.document.doc.office.viewer.reader.word/com.rpdev.docreadermain.SplashActivity}" drawable="pdf_viewer_plus_xdev" />

	<!-- Visor de documentos -->
	<item component="ComponentInfo{com.solotech.apps.document.viewer.reader.scaner.pdfreader/com.solotech.activity.SplashScreenActivity}" drawable="visor_de_documentos" />

</resources>