<Theme version="1">

	<!--  Docx Reader -->
	<AppIcon name="com.officedocument.word.docx.document.viewer/com.happydev.wordoffice.business.splash.SplashActivity" image=" docx_reader"/>

	<!-- AndrOpen Office -->
	<AppIcon name="com.andropenoffice/aoo.android.TopActivity" image="andropen_office"/>

	<!-- Document Reader -->
	<AppIcon name="com.documentreader.filereader.documenteditor/com.documentreader.filereader.documentedit.screens.activities.SplashActivity" image="document_reader"/>

	<!-- Document Viewer -->
	<AppIcon name="com.document.viewer.doc.reader/com.document.viewer.doc.reader.activity.NewSplashScreen" image="document_viewer"/>

	<!-- DocxReader -->
	<AppIcon name="com.docx.reader.word.docx.document.office.free.viewer/com.trustedapp.pdfreader.view.activity.SplashActivity" image="docxreader"/>

	<!-- Lector de documentos -->
	<AppIcon name="documentreader.officeapp.pdfreader.wordreader.excelviewer.filereader/com.document_reader.views.activities.SplashActivity" image="lector_de_documentos_documentreader_officeapp_pdfreader_wordreader_excelviewer_filereader"/>

	<!-- Lector de documentos -->
	<AppIcon name="documentreader.pdfviewerapp.filereader.word.docs/arr.pdfreader.documentreader.view.splash.SplashActivity" image="lector_de_documentos_documentreader_pdfviewerapp_filereader_word_docs"/>

	<!-- Lector de PDF -->
	<AppIcon name="pdf.pdfreader.viewer.editor.free/pdf.pdfreader.viewer.editor.free.ReaderLauncherBridgeActivity" image="lector_de_pdf_pdfreader_viewer_editor_free"/>

	<!-- Pdf Viewer Plus -->
	<AppIcon name="com.xdev.docxreader.docx.docxviewer.document.doc.office.viewer.reader.word/com.rpdev.docreadermain.SplashActivity" image="pdf_viewer_plus_xdev"/>

	<!-- Visor de documentos -->
	<AppIcon name="com.solotech.apps.document.viewer.reader.scaner.pdfreader/com.solotech.activity.SplashScreenActivity" image="visor_de_documentos"/>

</Theme>