<resources>

	<!-- ADB⚡OTG -->
	<item component="ComponentInfo{com.htetznaing.adbotg/com.htetznaing.adbotg.MainActivity}" drawable="adb⚡otg" />

	<!-- Android Enhancer -->
	<item component="ComponentInfo{com.looper.enhancer/com.looper.enhancer.activities.InitActivity}" drawable="android_enhancer" />

	<!-- Apps -->
	<item component="ComponentInfo{app.grapheneos.apps/app.grapheneos.apps.ui.MainActivity}" drawable="apps" />

	<!-- Auditor -->
	<item component="ComponentInfo{app.attestation.auditor/app.attestation.auditor.AttestationActivity}" drawable="auditor" />

	<!-- Banking -->
	<item component="ComponentInfo{com.cibc.android.mobi/com.cibc.android.mobi.banking.main.activities.MainActivity}" drawable="banking" />

	<!-- BC Services Card -->
	<item component="ComponentInfo{ca.bc.gov.id.servicescard/ca.bc.gov.id.servicescard.screens.splash.SplashActivity}" drawable="bc_services_card" />

	<!-- Better Internet Tiles -->
	<item component="ComponentInfo{be.casperverswijvelt.unifiedinternetqs/be.casperverswijvelt.unifiedinternetqs.ui.MainActivity}" drawable="better_internet_tiles" />

	<!-- BlueDriver -->
	<item component="ComponentInfo{com.lemurmonitors.bluedriver/com.lemurmonitors.bluedriver.MainActivity}" drawable="bluedriver" />

	<!-- CAA -->
	<item component="ComponentInfo{a.envisionmobile.caa/a.envisionmobile.caa.Launch}" drawable="caa" />

	<!-- Costco -->
	<item component="ComponentInfo{com.costco.app.android/com.costco.app.android.ui.main.MainActivity}" drawable="costco" />

	<!-- Etar -->
	<item component="ComponentInfo{ws.xsoh.etar/com.android.calendar.AllInOneActivity}" drawable="etar" />

	<!-- KOHO -->
	<item component="ComponentInfo{ca.koho/ca.koho.MainActivity}" drawable="koho" />

	<!-- LifeLabs - Net Check In -->
	<item component="ComponentInfo{com.icsnetcheckin.lifelabs/com.icsnetcheckin.activities.Splash}" drawable="lifelabs_net_check_in" />

	<!-- MAcTrack -->
	<item component="ComponentInfo{com.darksidesoft.mactrack/com.darksidesoft.mactrack.SignInActivity}" drawable="mactrack" />

	<!-- Magic Settings -->
	<item component="ComponentInfo{kvil.lapo.vxo.c.o/m.cpH.v}" drawable="magic_settings" />

	<!-- McDonald's -->
	<item component="ComponentInfo{com.mcdonalds.superapp/com.mcdonalds.mcdcoreapp.common.activity.SplashActivity}" drawable="mcdonalds" />

	<!-- MRepo -->
	<item component="ComponentInfo{com.sanmer.mrepo/com.sanmer.mrepo.ui.activity.MainActivity}" drawable="mrepo" />

	<!-- My TELUS -->
	<item component="ComponentInfo{com.telus.myaccount/com.myaccount.telus.controllers.splash.SplashActivity}" drawable="my_telus" />

	<!-- Nest -->
	<item component="ComponentInfo{com.nest.android/com.obsidian.v4.activity.LoginActivity}" drawable="nest" />

	<!-- Obtainium -->
	<item component="ComponentInfo{dev.imranr.obtainium.fdroid/dev.imranr.obtainium.MainActivity}" drawable="obtainium" />

	<!-- Openlib -->
	<item component="ComponentInfo{com.app.openlib/com.app.openlib.MainActivity}" drawable="openlib" />

	<!-- OSS Weather -->
	<item component="ComponentInfo{com.akylas.weather/com.akylas.weather.MainActivity}" drawable="oss_weather" />

	<!-- SlimSocial for Facebook -->
	<item component="ComponentInfo{it.rignanese.leo.slimfacebook/it.rignanese.leo.slimfacebook.MainActivity}" drawable="slimsocial_for_facebook" />

	<!-- SofaBaton -->
	<item component="ComponentInfo{www.romateck.com.u1/www.romateck.com.u1.WelcomeActivity}" drawable="sofabaton" />

	<!-- TD (Canada) -->
	<item component="ComponentInfo{com.td/com.td.mobile.controllers.StartupActivity}" drawable="td_canada_" />

	<!-- Triangle -->
	<item component="ComponentInfo{com.canadiantire.triangle/ca.triangle.app.splash_screen.SplashActivity}" drawable="triangle" />

	<!-- zygisk-detach -->
	<item component="ComponentInfo{com.jhc.detach/com.jhc.detach.MainActivity}" drawable="zygisk_detach" />

</resources>