<Theme version="1">

	<!-- ADB⚡OTG -->
	<AppIcon name="com.htetznaing.adbotg/com.htetznaing.adbotg.MainActivity" image="adb⚡otg"/>

	<!-- Android Enhancer -->
	<AppIcon name="com.looper.enhancer/com.looper.enhancer.activities.InitActivity" image="android_enhancer"/>

	<!-- Apps -->
	<AppIcon name="app.grapheneos.apps/app.grapheneos.apps.ui.MainActivity" image="apps"/>

	<!-- Auditor -->
	<AppIcon name="app.attestation.auditor/app.attestation.auditor.AttestationActivity" image="auditor"/>

	<!-- Banking -->
	<AppIcon name="com.cibc.android.mobi/com.cibc.android.mobi.banking.main.activities.MainActivity" image="banking"/>

	<!-- BC Services Card -->
	<AppIcon name="ca.bc.gov.id.servicescard/ca.bc.gov.id.servicescard.screens.splash.SplashActivity" image="bc_services_card"/>

	<!-- Better Internet Tiles -->
	<AppIcon name="be.casperverswijvelt.unifiedinternetqs/be.casperverswijvelt.unifiedinternetqs.ui.MainActivity" image="better_internet_tiles"/>

	<!-- BlueDriver -->
	<AppIcon name="com.lemurmonitors.bluedriver/com.lemurmonitors.bluedriver.MainActivity" image="bluedriver"/>

	<!-- CAA -->
	<AppIcon name="a.envisionmobile.caa/a.envisionmobile.caa.Launch" image="caa"/>

	<!-- Costco -->
	<AppIcon name="com.costco.app.android/com.costco.app.android.ui.main.MainActivity" image="costco"/>

	<!-- Etar -->
	<AppIcon name="ws.xsoh.etar/com.android.calendar.AllInOneActivity" image="etar"/>

	<!-- KOHO -->
	<AppIcon name="ca.koho/ca.koho.MainActivity" image="koho"/>

	<!-- LifeLabs - Net Check In -->
	<AppIcon name="com.icsnetcheckin.lifelabs/com.icsnetcheckin.activities.Splash" image="lifelabs_net_check_in"/>

	<!-- MAcTrack -->
	<AppIcon name="com.darksidesoft.mactrack/com.darksidesoft.mactrack.SignInActivity" image="mactrack"/>

	<!-- Magic Settings -->
	<AppIcon name="kvil.lapo.vxo.c.o/m.cpH.v" image="magic_settings"/>

	<!-- McDonald's -->
	<AppIcon name="com.mcdonalds.superapp/com.mcdonalds.mcdcoreapp.common.activity.SplashActivity" image="mcdonalds"/>

	<!-- MRepo -->
	<AppIcon name="com.sanmer.mrepo/com.sanmer.mrepo.ui.activity.MainActivity" image="mrepo"/>

	<!-- My TELUS -->
	<AppIcon name="com.telus.myaccount/com.myaccount.telus.controllers.splash.SplashActivity" image="my_telus"/>

	<!-- Nest -->
	<AppIcon name="com.nest.android/com.obsidian.v4.activity.LoginActivity" image="nest"/>

	<!-- Obtainium -->
	<AppIcon name="dev.imranr.obtainium.fdroid/dev.imranr.obtainium.MainActivity" image="obtainium"/>

	<!-- Openlib -->
	<AppIcon name="com.app.openlib/com.app.openlib.MainActivity" image="openlib"/>

	<!-- OSS Weather -->
	<AppIcon name="com.akylas.weather/com.akylas.weather.MainActivity" image="oss_weather"/>

	<!-- SlimSocial for Facebook -->
	<AppIcon name="it.rignanese.leo.slimfacebook/it.rignanese.leo.slimfacebook.MainActivity" image="slimsocial_for_facebook"/>

	<!-- SofaBaton -->
	<AppIcon name="www.romateck.com.u1/www.romateck.com.u1.WelcomeActivity" image="sofabaton"/>

	<!-- TD (Canada) -->
	<AppIcon name="com.td/com.td.mobile.controllers.StartupActivity" image="td_canada_"/>

	<!-- Triangle -->
	<AppIcon name="com.canadiantire.triangle/ca.triangle.app.splash_screen.SplashActivity" image="triangle"/>

	<!-- zygisk-detach -->
	<AppIcon name="com.jhc.detach/com.jhc.detach.MainActivity" image="zygisk_detach"/>

</Theme>