<resources>

	<!-- Альбомы -->
	<item component="ComponentInfo{com.vivo.gallery/com.android.gallery3d.vivo.GalleryTabActivity}" drawable="альбомы" />

	<!-- Аптека.RU -->
	<item component="ComponentInfo{ru.apteka/ru.apteka.androidApp.MainActivity}" drawable="аптекаru" />

	<!-- Банки.ру -->
	<item component="ComponentInfo{ru.banki.banki/ru.banki.banki.singleactivity.SingleActivity}" drawable="банкиру" />

	<!-- Браузер -->
	<item component="ComponentInfo{com.yandex.browser/com.yandex.browser.YandexBrowserActivity}" drawable="браузер" />

	<!-- Браузер -->
	<item component="ComponentInfo{com.vivo.browser/com.vivo.browser.BrowserActivity}" drawable="браузер" />

	<!-- Букмейт -->
	<item component="ComponentInfo{ru.plus.bookmate/com.bookmate.DefaultIcon}" drawable="букмеит" />

	<!-- Видео -->
	<item component="ComponentInfo{com.android.VideoPlayer/com.android.VideoPlayer.VideoPlayer}" drawable="видео" />

	<!-- Газпромбанк -->
	<item component="ComponentInfo{ru.gazprombank.android.mobilebank.app/launcher.main}" drawable="газпромбанк" />

	<!-- Детский режим -->
	<item component="ComponentInfo{com.vivo.childrenmode/com.vivo.childrenmode.activity.ChildHomeActivity}" drawable="детскии_режим" />

	<!-- Дикси -->
	<item component="ComponentInfo{com.ru.dixy/com.dixy.MainActivity}" drawable="дикси" />

	<!-- Диктофон -->
	<item component="ComponentInfo{com.android.bbksoundrecorder/com.android.activity.ReclistActivity}" drawable="диктофон" />

	<!-- Драгоценные камни или кристаллы ? -->
	<item component="ComponentInfo{com.jewels.gems.android/com.jewels.gems.android.AndroidLauncher}" drawable="драгоценные_камни_или_кристаллы_" />

	<!-- ЕМИАС.ИНФО -->
	<item component="ComponentInfo{com.programmisty.emiasapp/ru.solitclouds.android.emiasinfo.SplashScreenActivity}" drawable="емиасинфо" />

	<!-- Заметки -->
	<item component="ComponentInfo{com.android.notes/com.android.notes.Notes}" drawable="заметки" />

	<!-- Золотое Яблоко -->
	<item component="ComponentInfo{goldapple.ru.goldapple.customers/goldapple.ru.goldapple.customers.presentation.MainActivity}" drawable="золотое_яблоко" />

	<!-- Календарь -->
	<item component="ComponentInfo{com.bbk.calendar/com.bbk.calendar.MainActivity}" drawable="календарь" />

	<!-- Калькулятор -->
	<item component="ComponentInfo{com.android.bbkcalculator/com.android.bbkcalculator.Calculator}" drawable="калькулятор" />

	<!-- Камера -->
	<item component="ComponentInfo{com.android.camera/com.android.camera.CameraActivity}" drawable="камера" />

	<!-- Каталог КБ -->
	<item component="ComponentInfo{ru.napoleonit.kb/ru.napoleonit.kb.screens.root.RootActivity}" drawable="каталог_кб" />

	<!-- Кинопоиск -->
	<item component="ComponentInfo{ru.kinopoisk/ru.kinopoisk.presentation.screen.tabs.RedirectTabsIntentsActivity}" drawable="кинопоиск" />

	<!-- Компас -->
	<item component="ComponentInfo{com.vivo.compass/com.vivo.compass.CalibrationActivity}" drawable="компас" />

	<!-- Контакты -->
	<item component="ComponentInfo{com.android.contacts/com.android.contacts.DialtactsContactsEntryActivity}" drawable="контакты" />

	<!-- ЛЭТУАЛЬ -->
	<item component="ComponentInfo{ru.letu/ru.letu.ui.base.MainActivity}" drawable="лэтуаль" />

	<!-- Магнит -->
	<item component="ComponentInfo{ru.tander.magnit/ru.tander.magnit.presentation.MainActivity}" drawable="магнит" />

	<!-- Мегамаркет -->
	<item component="ComponentInfo{ru.megamarket.marketplace/ru.goods.marketplace.SingleActivity}" drawable="мегамаркет" />

	<!-- Мой Дом.ру -->
	<item component="ComponentInfo{com.ertelecom.agent/com.ertelecom.mydomru.setting.icon.LauncherIconType.DEFAULT}" drawable="мои_домру" />

	<!-- Мой календарь -->
	<item component="ComponentInfo{period.tracker.calendar.ovulation.women.fertility.cycle/period.tracker.calendar.ovulation.women.fertility.cycle.ui.splash.SplashActivity}" drawable="мои_календарь" />

	<!-- Музыка -->
	<item component="ComponentInfo{com.android.bbkmusic/com.android.bbkmusic.WidgetToTrackActivity}" drawable="музыка" />

	<!-- Наушники vivo -->
	<item component="ComponentInfo{com.vivo.vivotws/com.vivo.vivotws.home.guide.ThirdAppGuideActivity}" drawable="наушники_vivo" />

	<!-- Национальная Лотерея -->
	<item component="ComponentInfo{com.national.lottery/com.national.lottery.ui.main.MainActivity}" drawable="национальная_лотерея" />

	<!-- Обратная связь -->
	<item component="ComponentInfo{com.vivo.website/com.vivo.website.feedback.HotQuestionEntry}" drawable="обратная_связь" />

	<!-- Плюс Сити -->
	<item component="ComponentInfo{com.yandex.mobile.plus.game.city/com.yandex.plus.game.city.presentation.activities.StandaloneGameActivity}" drawable="плюс_сити" />

	<!-- Погода -->
	<item component="ComponentInfo{com.vivo.weather/com.vivo.weather.WeatherMain}" drawable="погода" />

	<!-- Почта России -->
	<item component="ComponentInfo{com.octopod.russianpost.client.android/com.octopod.russianpost.client.android.ui.splash.SplashActivity}" drawable="почта_россии" />

	<!-- Пятёрочка -->
	<item component="ComponentInfo{ru.pyaterochka.app.browser/ru.pyaterochka.app.launch.Launcher}" drawable="пятерочка" />

	<!-- СберИнвестиции -->
	<item component="ComponentInfo{ru.sberbank.investor/ru.sberbank.sberinvestor.NavHostActivity}" drawable="сберинвестиции" />

	<!-- Телефон -->
	<item component="ComponentInfo{com.android.dialer/com.android.dialer.TwelveKeyDialer}" drawable="телефон" />

	<!-- Темы -->
	<item component="ComponentInfo{com.bbk.theme/com.bbk.theme.Theme}" drawable="темы" />

	<!-- Умный транспорт -->
	<item component="ComponentInfo{ru.bus62.SmartTransport/ru.bus62.SmartTransport.splash.SplashActivity}" drawable="умныи_транспорт" />

	<!-- Часы -->
	<item component="ComponentInfo{com.android.BBKClock/com.android.BBKClock.Timer}" drawable="часы" />

	<!-- Эл.почта -->
	<item component="ComponentInfo{com.vivo.email/com.vivo.email.activity.Welcome}" drawable="элпочта" />

	<!-- Я.Маркет -->
	<item component="ComponentInfo{ru.beru.android/ru.yandex.market.ui.splash.MarketSplashActivity}" drawable="ямаркет" />

	<!-- Я.Музыка -->
	<item component="ComponentInfo{ru.yandex.music/ru.yandex.music.main.MainScreenActivity}" drawable="ямузыка" />

	<!-- Я.Погода -->
	<item component="ComponentInfo{ru.yandex.weatherplugin/ru.yandex.weatherplugin.ui.activity.SplashActivity}" drawable="япогода" />

	<!-- Я.Электрички -->
	<item component="ComponentInfo{ru.yandex.rasp/ru.yandex.rasp.AMainActivity}" drawable="яэлектрички" />

	<!-- Яндекс Старт -->
	<item component="ComponentInfo{ru.yandex.searchplugin/ru.yandex.searchplugin.MainActivity}" drawable="яндекс_старт" />

	<!-- ЯндексGo -->
	<item component="ComponentInfo{ru.yandex.taxi/ru.yandex.taxi.activity.StartActivity}" drawable="яндексgo" />

	<!-- AliExpress -->
	<item component="ComponentInfo{ru.aliexpress.buyer/com.alibaba.aliexpresshd.home.ui.MainActivity}" drawable="aliexpress" />

	<!-- baresip -->
	<item component="ComponentInfo{com.tutpro.baresip/com.tutpro.baresip.MainActivity}" drawable="baresip" />

	<!-- EasyShare -->
	<item component="ComponentInfo{com.vivo.easyshare/com.vivo.easyshare.activity.SplashScreenActivity}" drawable="easyshare" />

	<!-- FixPrice -->
	<item component="ComponentInfo{ru.bestprice.fixprice/ru.bestprice.fixprice.application.splash.ui.SplashActivity}" drawable="fixprice" />

	<!-- Google Pay -->
	<item component="ComponentInfo{com.google.android.apps.walletnfcrel/com.google.commerce.tapandpay.android.cardlist.CardListActivity}" drawable="google pay" />

	<!-- iManager -->
	<item component="ComponentInfo{com.iqoo.secure/com.iqoo.secure.MainGuideActivity}" drawable="imanager" />

	<!-- Lamoda -->
	<item component="ComponentInfo{com.lamoda.lite/com.lamoda.lite.Launcher}" drawable="lamoda" />

	<!-- Mahjong Club -->
	<item component="ComponentInfo{com.gamovation.mahjongclub/com.singular.unitybridge.SingularUnityActivity}" drawable="mahjong_club" />

	<!-- Movix -->
	<item component="ComponentInfo{com.ertelecom.domrutv/com.ertelecom.domrutv.ui.SplashActivity}" drawable="movix" />

	<!-- MP3 вырезать & Рингтон сделать -->
	<item component="ComponentInfo{ringtone.maker.mp3.cutter.audio/com.inshot.videotomp3.SplashActivity}" drawable="mp3_вырезать_and_рингтон_сделать" />

	<!-- Nicegram -->
	<item component="ComponentInfo{app.nicegram/org.telegram.messenger.MonoBlack}" drawable="nicegram" />

	<!-- OZON -->
	<item component="ComponentInfo{ru.ozon.app.android/ru.ozon.app.android.ui.start.AppHostActivity}" drawable="ozon" />

	<!-- Ozon Банк -->
	<item component="ComponentInfo{ru.ozon.fintech.finance/ru.ozon.fintech.features.tabber.presentation.finance.FinanceActivity}" drawable="ozon_банк" />

	<!-- PDF сканер -->
	<item component="ComponentInfo{com.camscanner.documentscanner.pdfscanner.textscanner.photos.scanner/com.hazel.cam.scanner.free.activity.splash.SplashActivity}" drawable="pdf_сканер" />

	<!-- Raiffeisen -->
	<item component="ComponentInfo{ru.raiffeisennews/ru.raiffeisen.app.AuthActivity}" drawable="raiffeisen" />

	<!-- RuStore -->
	<item component="ComponentInfo{ru.vk.store/ru.vk.store.app.MainActivity}" drawable="rustore" />

	<!-- START -->
	<item component="ComponentInfo{ru.start.androidmobile/ru.start.androidmobile.ui.activities.utils.ActivitySplash}" drawable="start" />

	<!-- SUDOKU -->
	<item component="ComponentInfo{com.thesuncat.sudoku/com.thesuncat.sudoku.MainActivity}" drawable="sudoku" />

	<!-- TorServices -->
	<item component="ComponentInfo{org.torproject.torservices/org.torproject.torservices.SettingsActivity}" drawable="torservices" />

	<!-- V-Appstore -->
	<item component="ComponentInfo{com.vivo.appstore/com.vivo.appstore.activity.LaunchActivity}" drawable="v_appstore" />

	<!-- Vector Camera -->
	<item component="ComponentInfo{com.dozingcatsoftware.vectorcamera/com.dozingcatsoftware.vectorcamera.MainActivity}" drawable="vector_camera" />

	<!-- vivo.com -->
	<item component="ComponentInfo{com.vivo.website/com.vivo.website.activity.SplashActivity}" drawable="vivocom" />

	<!-- vivoCloud -->
	<item component="ComponentInfo{com.bbk.cloud/com.bbk.cloud.ui.BBKCloudHomeScreen}" drawable="vivocloud" />

	<!-- VPN -->
	<item component="ComponentInfo{free.vpn.proxy.secure/free.vpn.proxy.secure.main.ActivityView}" drawable="vpn" />

	<!-- WebRadio -->
	<item component="ComponentInfo{starcom.snd/starcom.snd.WebRadio}" drawable="webradio" />

	<!-- Wildberries -->
	<item component="ComponentInfo{com.wildberries.ru/ru.wildberries.SplashActivity}" drawable="wildberries" />

	<!-- Wink -->
	<item component="ComponentInfo{ru.rt.video.app.mobile/ru.rt.video.app.splash.SplashActivity}" drawable="wink" />

	<!-- Yota -->
	<item component="ComponentInfo{ru.yota.android/ru.yota.android.splashModule.presentation.view.SplashActivity}" drawable="yota" />

	<!-- YouCut - Video Editor -->
	<item component="ComponentInfo{com.camerasideas.trimmer/com.camerasideas.instashot.MainActivity}" drawable="youcut_video_editor" />

</resources>