<Theme version="1">

	<!-- Альбомы -->
	<AppIcon name="com.vivo.gallery/com.android.gallery3d.vivo.GalleryTabActivity" image="альбомы"/>

	<!-- Аптека.RU -->
	<AppIcon name="ru.apteka/ru.apteka.androidApp.MainActivity" image="аптекаru"/>

	<!-- Банки.ру -->
	<AppIcon name="ru.banki.banki/ru.banki.banki.singleactivity.SingleActivity" image="банкиру"/>

	<!-- Браузер -->
	<AppIcon name="com.yandex.browser/com.yandex.browser.YandexBrowserActivity" image="браузер"/>

	<!-- Браузер -->
	<AppIcon name="com.vivo.browser/com.vivo.browser.BrowserActivity" image="браузер"/>

	<!-- Букмейт -->
	<AppIcon name="ru.plus.bookmate/com.bookmate.DefaultIcon" image="букмеит"/>

	<!-- Видео -->
	<AppIcon name="com.android.VideoPlayer/com.android.VideoPlayer.VideoPlayer" image="видео"/>

	<!-- Газпромбанк -->
	<AppIcon name="ru.gazprombank.android.mobilebank.app/launcher.main" image="газпромбанк"/>

	<!-- Детский режим -->
	<AppIcon name="com.vivo.childrenmode/com.vivo.childrenmode.activity.ChildHomeActivity" image="детскии_режим"/>

	<!-- Дикси -->
	<AppIcon name="com.ru.dixy/com.dixy.MainActivity" image="дикси"/>

	<!-- Диктофон -->
	<AppIcon name="com.android.bbksoundrecorder/com.android.activity.ReclistActivity" image="диктофон"/>

	<!-- Драгоценные камни или кристаллы ? -->
	<AppIcon name="com.jewels.gems.android/com.jewels.gems.android.AndroidLauncher" image="драгоценные_камни_или_кристаллы_"/>

	<!-- ЕМИАС.ИНФО -->
	<AppIcon name="com.programmisty.emiasapp/ru.solitclouds.android.emiasinfo.SplashScreenActivity" image="емиасинфо"/>

	<!-- Заметки -->
	<AppIcon name="com.android.notes/com.android.notes.Notes" image="заметки"/>

	<!-- Золотое Яблоко -->
	<AppIcon name="goldapple.ru.goldapple.customers/goldapple.ru.goldapple.customers.presentation.MainActivity" image="золотое_яблоко"/>

	<!-- Календарь -->
	<AppIcon name="com.bbk.calendar/com.bbk.calendar.MainActivity" image="календарь"/>

	<!-- Калькулятор -->
	<AppIcon name="com.android.bbkcalculator/com.android.bbkcalculator.Calculator" image="калькулятор"/>

	<!-- Камера -->
	<AppIcon name="com.android.camera/com.android.camera.CameraActivity" image="камера"/>

	<!-- Каталог КБ -->
	<AppIcon name="ru.napoleonit.kb/ru.napoleonit.kb.screens.root.RootActivity" image="каталог_кб"/>

	<!-- Кинопоиск -->
	<AppIcon name="ru.kinopoisk/ru.kinopoisk.presentation.screen.tabs.RedirectTabsIntentsActivity" image="кинопоиск"/>

	<!-- Компас -->
	<AppIcon name="com.vivo.compass/com.vivo.compass.CalibrationActivity" image="компас"/>

	<!-- Контакты -->
	<AppIcon name="com.android.contacts/com.android.contacts.DialtactsContactsEntryActivity" image="контакты"/>

	<!-- ЛЭТУАЛЬ -->
	<AppIcon name="ru.letu/ru.letu.ui.base.MainActivity" image="лэтуаль"/>

	<!-- Магнит -->
	<AppIcon name="ru.tander.magnit/ru.tander.magnit.presentation.MainActivity" image="магнит"/>

	<!-- Мегамаркет -->
	<AppIcon name="ru.megamarket.marketplace/ru.goods.marketplace.SingleActivity" image="мегамаркет"/>

	<!-- Мой Дом.ру -->
	<AppIcon name="com.ertelecom.agent/com.ertelecom.mydomru.setting.icon.LauncherIconType.DEFAULT" image="мои_домру"/>

	<!-- Мой календарь -->
	<AppIcon name="period.tracker.calendar.ovulation.women.fertility.cycle/period.tracker.calendar.ovulation.women.fertility.cycle.ui.splash.SplashActivity" image="мои_календарь"/>

	<!-- Музыка -->
	<AppIcon name="com.android.bbkmusic/com.android.bbkmusic.WidgetToTrackActivity" image="музыка"/>

	<!-- Наушники vivo -->
	<AppIcon name="com.vivo.vivotws/com.vivo.vivotws.home.guide.ThirdAppGuideActivity" image="наушники_vivo"/>

	<!-- Национальная Лотерея -->
	<AppIcon name="com.national.lottery/com.national.lottery.ui.main.MainActivity" image="национальная_лотерея"/>

	<!-- Обратная связь -->
	<AppIcon name="com.vivo.website/com.vivo.website.feedback.HotQuestionEntry" image="обратная_связь"/>

	<!-- Плюс Сити -->
	<AppIcon name="com.yandex.mobile.plus.game.city/com.yandex.plus.game.city.presentation.activities.StandaloneGameActivity" image="плюс_сити"/>

	<!-- Погода -->
	<AppIcon name="com.vivo.weather/com.vivo.weather.WeatherMain" image="погода"/>

	<!-- Почта России -->
	<AppIcon name="com.octopod.russianpost.client.android/com.octopod.russianpost.client.android.ui.splash.SplashActivity" image="почта_россии"/>

	<!-- Пятёрочка -->
	<AppIcon name="ru.pyaterochka.app.browser/ru.pyaterochka.app.launch.Launcher" image="пятерочка"/>

	<!-- СберИнвестиции -->
	<AppIcon name="ru.sberbank.investor/ru.sberbank.sberinvestor.NavHostActivity" image="сберинвестиции"/>

	<!-- Телефон -->
	<AppIcon name="com.android.dialer/com.android.dialer.TwelveKeyDialer" image="телефон"/>

	<!-- Темы -->
	<AppIcon name="com.bbk.theme/com.bbk.theme.Theme" image="темы"/>

	<!-- Умный транспорт -->
	<AppIcon name="ru.bus62.SmartTransport/ru.bus62.SmartTransport.splash.SplashActivity" image="умныи_транспорт"/>

	<!-- Часы -->
	<AppIcon name="com.android.BBKClock/com.android.BBKClock.Timer" image="часы"/>

	<!-- Эл.почта -->
	<AppIcon name="com.vivo.email/com.vivo.email.activity.Welcome" image="элпочта"/>

	<!-- Я.Маркет -->
	<AppIcon name="ru.beru.android/ru.yandex.market.ui.splash.MarketSplashActivity" image="ямаркет"/>

	<!-- Я.Музыка -->
	<AppIcon name="ru.yandex.music/ru.yandex.music.main.MainScreenActivity" image="ямузыка"/>

	<!-- Я.Погода -->
	<AppIcon name="ru.yandex.weatherplugin/ru.yandex.weatherplugin.ui.activity.SplashActivity" image="япогода"/>

	<!-- Я.Электрички -->
	<AppIcon name="ru.yandex.rasp/ru.yandex.rasp.AMainActivity" image="яэлектрички"/>

	<!-- Яндекс Старт -->
	<AppIcon name="ru.yandex.searchplugin/ru.yandex.searchplugin.MainActivity" image="яндекс_старт"/>

	<!-- ЯндексGo -->
	<AppIcon name="ru.yandex.taxi/ru.yandex.taxi.activity.StartActivity" image="яндексgo"/>

	<!-- AliExpress -->
	<AppIcon name="ru.aliexpress.buyer/com.alibaba.aliexpresshd.home.ui.MainActivity" image="aliexpress"/>

	<!-- baresip -->
	<AppIcon name="com.tutpro.baresip/com.tutpro.baresip.MainActivity" image="baresip"/>

	<!-- EasyShare -->
	<AppIcon name="com.vivo.easyshare/com.vivo.easyshare.activity.SplashScreenActivity" image="easyshare"/>

	<!-- FixPrice -->
	<AppIcon name="ru.bestprice.fixprice/ru.bestprice.fixprice.application.splash.ui.SplashActivity" image="fixprice"/>

	<!-- Google Pay -->
	<AppIcon name="com.google.android.apps.walletnfcrel/com.google.commerce.tapandpay.android.cardlist.CardListActivity" image="google pay"/>

	<!-- iManager -->
	<AppIcon name="com.iqoo.secure/com.iqoo.secure.MainGuideActivity" image="imanager"/>

	<!-- Lamoda -->
	<AppIcon name="com.lamoda.lite/com.lamoda.lite.Launcher" image="lamoda"/>

	<!-- Mahjong Club -->
	<AppIcon name="com.gamovation.mahjongclub/com.singular.unitybridge.SingularUnityActivity" image="mahjong_club"/>

	<!-- Movix -->
	<AppIcon name="com.ertelecom.domrutv/com.ertelecom.domrutv.ui.SplashActivity" image="movix"/>

	<!-- MP3 вырезать & Рингтон сделать -->
	<AppIcon name="ringtone.maker.mp3.cutter.audio/com.inshot.videotomp3.SplashActivity" image="mp3_вырезать_and_рингтон_сделать"/>

	<!-- Nicegram -->
	<AppIcon name="app.nicegram/org.telegram.messenger.MonoBlack" image="nicegram"/>

	<!-- OZON -->
	<AppIcon name="ru.ozon.app.android/ru.ozon.app.android.ui.start.AppHostActivity" image="ozon"/>

	<!-- Ozon Банк -->
	<AppIcon name="ru.ozon.fintech.finance/ru.ozon.fintech.features.tabber.presentation.finance.FinanceActivity" image="ozon_банк"/>

	<!-- PDF сканер -->
	<AppIcon name="com.camscanner.documentscanner.pdfscanner.textscanner.photos.scanner/com.hazel.cam.scanner.free.activity.splash.SplashActivity" image="pdf_сканер"/>

	<!-- Raiffeisen -->
	<AppIcon name="ru.raiffeisennews/ru.raiffeisen.app.AuthActivity" image="raiffeisen"/>

	<!-- RuStore -->
	<AppIcon name="ru.vk.store/ru.vk.store.app.MainActivity" image="rustore"/>

	<!-- START -->
	<AppIcon name="ru.start.androidmobile/ru.start.androidmobile.ui.activities.utils.ActivitySplash" image="start"/>

	<!-- SUDOKU -->
	<AppIcon name="com.thesuncat.sudoku/com.thesuncat.sudoku.MainActivity" image="sudoku"/>

	<!-- TorServices -->
	<AppIcon name="org.torproject.torservices/org.torproject.torservices.SettingsActivity" image="torservices"/>

	<!-- V-Appstore -->
	<AppIcon name="com.vivo.appstore/com.vivo.appstore.activity.LaunchActivity" image="v_appstore"/>

	<!-- Vector Camera -->
	<AppIcon name="com.dozingcatsoftware.vectorcamera/com.dozingcatsoftware.vectorcamera.MainActivity" image="vector_camera"/>

	<!-- vivo.com -->
	<AppIcon name="com.vivo.website/com.vivo.website.activity.SplashActivity" image="vivocom"/>

	<!-- vivoCloud -->
	<AppIcon name="com.bbk.cloud/com.bbk.cloud.ui.BBKCloudHomeScreen" image="vivocloud"/>

	<!-- VPN -->
	<AppIcon name="free.vpn.proxy.secure/free.vpn.proxy.secure.main.ActivityView" image="vpn"/>

	<!-- WebRadio -->
	<AppIcon name="starcom.snd/starcom.snd.WebRadio" image="webradio"/>

	<!-- Wildberries -->
	<AppIcon name="com.wildberries.ru/ru.wildberries.SplashActivity" image="wildberries"/>

	<!-- Wink -->
	<AppIcon name="ru.rt.video.app.mobile/ru.rt.video.app.splash.SplashActivity" image="wink"/>

	<!-- Yota -->
	<AppIcon name="ru.yota.android/ru.yota.android.splashModule.presentation.view.SplashActivity" image="yota"/>

	<!-- YouCut - Video Editor -->
	<AppIcon name="com.camerasideas.trimmer/com.camerasideas.instashot.MainActivity" image="youcut_video_editor"/>

</Theme>