<resources>

	<!-- ¿Quién usa mi WiFi? -->
	<item component="ComponentInfo{com.wifi.whousemywifi.wifidetector/com.wifi.whousemywifi.wifidetector.ubun.SpActivity}" drawable="¿quien_usa_mi_wifi_" />

	<!-- AdGuard Content Blocker -->
	<item component="ComponentInfo{com.adguard.android.contentblocker/com.adguard.android.contentblocker.ui.MainActivity}" drawable="adguard_content_blocker" />

	<!-- AliHelper -->
	<item component="ComponentInfo{com.xyz.alihelper/com.xyz.alihelper.ui.activities.MainActivity}" drawable="alihelper" />

	<!-- Americanas -->
	<item component="ComponentInfo{com.b2w.americanas/com.b2w.main.activity.MainActivity}" drawable="americanas" />

	<!-- App do Inter -->
	<item component="ComponentInfo{com.ibopedtm.appvarejo.intersupermercado/com.example.dtm_app_varejo_white_label.MainActivity}" drawable="app_do_inter" />

	<!-- Audio Video Factory -->
	<item component="ComponentInfo{com.keerby.formatfactory/com.keerby.formatfactory.launchScreenActivity}" drawable="audio_video_factory" />

	<!-- BB -->
	<item component="ComponentInfo{br.com.bb.android/br.com.bb.android.reactnative.ReactLoginActivity}" drawable="bb" />

	<!-- Buscador -->
	<item component="ComponentInfo{com.samsung.android.app.galaxyfinder/com.samsung.android.app.galaxyfinder.GalaxyFinderMainLauncher}" drawable="buscador" />

	<!-- Buscador -->
	<item component="ComponentInfo{com.samsung.android.app.find/com.samsung.android.app.find.SplashActivity}" drawable="buscador" />

	<!-- CalcKit -->
	<item component="ComponentInfo{com.ivanGavrilov.CalcKit/com.ivanGavrilov.CalcKit.Calculator}" drawable="calckit" />

	<!-- Carteira de Trabalho Digital -->
	<item component="ComponentInfo{br.gov.dataprev.carteiradigital/br.gov.dataprev.carteiradigital.MainActivity}" drawable="carteira_de_trabalho_digital" />

	<!-- Casas Bahia -->
	<item component="ComponentInfo{com.novapontocom.casasbahia/br.concrete.base.ui.SplashActivity}" drawable="casas_bahia" />

	<!-- ChatBox IA -->
	<item component="ComponentInfo{chatgpt.ai.chatbot.open.chat.gpt.bot.writer.assistant/chatgpt.ai.chatbot.open.chat.gpt.bot.writer.assistant.MainActivity}" drawable="chatbox_ia" />

	<!-- Cittamobi -->
	<item component="ComponentInfo{br.com.cittabus/br.com.cittati.cittamobi_flutter.MainActivity}" drawable="cittamobi" />

	<!-- Claro Móvel -->
	<item component="ComponentInfo{com.nvt.cs/com.claroapp.MainActivity}" drawable="claro_movel" />

	<!-- Clipboard Pro -->
	<item component="ComponentInfo{jp.snowlife01.android.clipboard/jp.snowlife01.android.clipboard.MainActivity}" drawable="clipboard_pro" />

	<!-- ColorDict -->
	<item component="ComponentInfo{com.socialnmobile.colordict/com.socialnmobile.colordict.activity.Main}" drawable="colordict" />

	<!-- Conexión a Windows -->
	<item component="ComponentInfo{com.samsung.android.mdx/com.samsung.android.mdx.windowslink.tileservice.LinkToWidowsLauncherActivityDummy}" drawable="conexion_a_windows" />

	<!-- Correios -->
	<item component="ComponentInfo{br.com.correios.preatendimento/br.com.correios.preatendimento.MainActivity}" drawable="correios" />

	<!-- Cortecloud -->
	<item component="ComponentInfo{br.com.cortecloud.app/br.com.cortecloud.app.MainActivity}" drawable="cortecloud" />

	<!-- CutList Optimizer -->
	<item component="ComponentInfo{com.cutlistoptimizer/com.cutlistoptimizer.MainActivity}" drawable="cutlist_optimizer" />

	<!-- DeÔnibus -->
	<item component="ComponentInfo{com.deonibus/com.deonibus.SplashActivity}" drawable="deonibus" />

	<!-- DevCheck -->
	<item component="ComponentInfo{flar2.devcheck/flar2.devcheck.MainActivity}" drawable="devcheck" />

	<!-- Download Video For Pinterest -->
	<item component="ComponentInfo{th74dev.download.video.pinterest.image.downloader/th74dev.download.video.pinterest.image.downloader.main}" drawable="download_video_for_pinterest" />

	<!-- Farmácias APP -->
	<item component="ComponentInfo{com.pharmacysa.farmaciasapp/com.pharmacysa.farmaciasapp.view.SplashScreenActivity}" drawable="farmacias_app" />

	<!-- FGTS -->
	<item component="ComponentInfo{br.gov.caixa.fgts.trabalhador/br.gov.caixa.fgts.trabalhador.ui.login.SplashScreenFGTSActivity}" drawable="fgts" />

	<!-- FlashGet Kids -->
	<item component="ComponentInfo{com.flashget.parentalcontrol/com.flashget.parentalcontrol.ParentSplashActivity}" drawable="flashget_kids" />

	<!-- Herramientas Inteligentes -->
	<item component="ComponentInfo{com.pcmehanik.smarttoolbox/com.pcmehanik.smarttoolsutilities.MainActivity}" drawable="herramientas_inteligentes" />

	<!-- ImageMeter -->
	<item component="ComponentInfo{de.dirkfarin.imagemeter/de.dirkfarin.imagemeter.ActivityLoader}" drawable="imagemeter" />

	<!-- Internet Beta -->
	<item component="ComponentInfo{com.sec.android.app.sbrowser.beta/com.sec.android.app.sbrowser.SBrowserMainActivity}" drawable="internet_beta" />

	<!-- jetAudio+ -->
	<item component="ComponentInfo{com.jetappfactory.jetaudioplus/com.jetappfactory.jetaudio.MusicBrowserActivity}" drawable="jetaudio_" />

	<!-- Keeplink -->
	<item component="ComponentInfo{org.erikjaen.tidylinksv2/org.erikjaen.tidylinksv2.ui.main.MainActivity}" drawable="keeplink" />

	<!-- Kwai -->
	<item component="ComponentInfo{com.kwai.video/com.yxcorp.gifshow.homepage.HomeActivity}" drawable="kwai" />

	<!-- Mercado Libre -->
	<item component="ComponentInfo{com.mercadolibre/com.mercadolibre.splash.SplashActivity}" drawable="mercado_libre" />

	<!-- Mercado Pago -->
	<item component="ComponentInfo{com.mercadopago.wallet/com.mercadopago.wallet.splash.SplashActivity}" drawable="mercado_pago" />

	<!-- MeuINSS -->
	<item component="ComponentInfo{br.gov.dataprev.meuinss/br.gov.dataprev.meuinss.MainActivity}" drawable="meuinss" />

	<!-- Network Monitor Mini PRO -->
	<item component="ComponentInfo{info.kfsoft.android.TrafficIndicatorPro/info.kfsoft.android.TrafficIndicatorPro.StartActivity}" drawable="network_monitor_mini_pro" />

	<!-- Nova Video Player -->
	<item component="ComponentInfo{org.courville.nova/org.courville.nova.browser.BrowserActivityVideo}" drawable="nova_video_player" />

	<!-- Nu -->
	<item component="ComponentInfo{com.nu.production/br.com.nubank.app.SplashScreenActivity}" drawable="nu" />

	<!-- PicSay Pro -->
	<item component="ComponentInfo{com.shinycore.picsaypro/com.shinycore.picsaypro.main}" drawable="picsay_pro" />

	<!-- PLAYit -->
	<item component="ComponentInfo{com.playit.videoplayer/com.quantum.player.ui.activities.MainActivity}" drawable="playit" />

	<!-- PrinterShare -->
	<item component="ComponentInfo{com.dynamixsoftware.printershare/com.dynamixsoftware.printershare.ActivityMain}" drawable="printershare" />

	<!-- QR/Barcode Scanner Pro -->
	<item component="ComponentInfo{com.barcode.qrcode.scanner.reader.pro/com.barcode.qrcode.scanner.reader.pro.activity.MainActivity}" drawable="qr_barcode_scanner_pro" />

	<!-- Riocard Mais -->
	<item component="ComponentInfo{com.riocardmais.autoatendimento/br.com.riocardmais.MainActivity}" drawable="riocard_mais" />

	<!-- Samsung Cloud -->
	<item component="ComponentInfo{com.samsung.android.scloud/com.samsung.android.scloud.app.ui.splash.launcher}" drawable="samsung_cloud" />

	<!-- SD Maid SE -->
	<item component="ComponentInfo{eu.darken.sdmse/eu.darken.sdmse.main.ui.MainActivity}" drawable="sd_maid_se" />

	<!-- Shopee -->
	<item component="ComponentInfo{com.shopee.br/com.shopee.app.ui.home.HomeActivity_}" drawable="shopee" />

	<!-- Simple Radio -->
	<item component="ComponentInfo{com.streema.simpleradio/com.streema.simpleradio.MainActivity}" drawable="simple_radio" />

	<!-- Site Confiável -->
	<item component="ComponentInfo{com.sec.android.app.sbrowser.webapk.wda09c2f6c693886100304ec7640a56ba1/org.chromium.webapk.shell_apk.h2o.H2OOpaqueMainActivity}" drawable="site_confiavel" />

	<!-- Smart Tutor -->
	<item component="ComponentInfo{com.rsupport.rs.activity.rsupport.aas2/com.rsupport.rs.activity.edit.IntroActivity}" drawable="smart_tutor" />

	<!-- Snaptube -->
	<item component="ComponentInfo{com.snaptube.premium/com.snaptube.premium.activity.ExploreActivity}" drawable="snaptube" />

	<!-- Spotify -->
	<item component="ComponentInfo{com.spotify.musix/com.spotify.musix.MainActivity}" drawable="spotify" />

	<!-- TeleBox -->
	<item component="ComponentInfo{com.linkbox.plus.android/com.linkbox.app.LauncherActivity}" drawable="telebox" />

	<!-- TeraBox -->
	<item component="ComponentInfo{com.dubox.drive/com.dubox.drive.ui.LogoNewLauncherActivity}" drawable="terabox" />

	<!-- Triider para Profissionais -->
	<item component="ComponentInfo{com.triider.pro/com.triider.pro.MainActivity}" drawable="triider_para_profissionais" />

	<!-- Vademecum Internacional -->
	<item component="ComponentInfo{com.vidal.vademecum/com.tns.NativeScriptActivity}" drawable="vademecum_internacional" />

	<!-- VirusTotal -->
	<item component="ComponentInfo{com.sec.android.app.sbrowser.webapk.w3696fec7031dfe2275ad3439c9e8dc971/org.chromium.webapk.shell_apk.h2o.H2OOpaqueMainActivity}" drawable="virustotal" />

	<!-- WesternUnion -->
	<item component="ComponentInfo{com.westernunion.moneytransferr3app.acs3/com.westernunion.moneytransferr3app.MainActivity}" drawable="westernunion" />

	<!-- WhatsApp -->
	<item component="ComponentInfo{com.whatsapp/com.whatsapp.Icon44}" drawable="whatsapp" />

	<!-- Wi-Fi segura -->
	<item component="ComponentInfo{com.samsung.android.fast/com.samsung.android.fast.DefaultActivity}" drawable="wi_fi_segura" />

	<!-- Wise -->
	<item component="ComponentInfo{com.transferwise.android/com.transferwise.android.activity.SplashActivity}" drawable="wise" />

	<!-- Yola -->
	<item component="ComponentInfo{com.eden.chat.yola/com.eden.chat.yola.ui.StartYoActivity}" drawable="yola" />

	<!-- Zé Delivery -->
	<item component="ComponentInfo{com.cerveceriamodelo.modelonow/com.cerveceriamodelo.modelonow.MainActivity}" drawable="ze_delivery" />

</resources>