<appmap>

	<!-- ¿Quién usa mi WiFi? -->
	<item class="com.wifi.whousemywifi.wifidetector.ubun.SpActivity" name="¿quien_usa_mi_wifi_"/>

	<!-- AdGuard Content Blocker -->
	<item class="com.adguard.android.contentblocker.ui.MainActivity" name="adguard_content_blocker"/>

	<!-- AliHelper -->
	<item class="com.xyz.alihelper.ui.activities.MainActivity" name="alihelper"/>

	<!-- Americanas -->
	<item class="com.b2w.main.activity.MainActivity" name="americanas"/>

	<!-- App do Inter -->
	<item class="com.example.dtm_app_varejo_white_label.MainActivity" name="app_do_inter"/>

	<!-- Audio Video Factory -->
	<item class="com.keerby.formatfactory.launchScreenActivity" name="audio_video_factory"/>

	<!-- BB -->
	<item class="br.com.bb.android.reactnative.ReactLoginActivity" name="bb"/>

	<!-- Buscador -->
	<item class="com.samsung.android.app.galaxyfinder.GalaxyFinderMainLauncher" name="buscador"/>

	<!-- Buscador -->
	<item class="com.samsung.android.app.find.SplashActivity" name="buscador"/>

	<!-- CalcKit -->
	<item class="com.ivanGavrilov.CalcKit.Calculator" name="calckit"/>

	<!-- Carteira de Trabalho Digital -->
	<item class="br.gov.dataprev.carteiradigital.MainActivity" name="carteira_de_trabalho_digital"/>

	<!-- Casas Bahia -->
	<item class="br.concrete.base.ui.SplashActivity" name="casas_bahia"/>

	<!-- ChatBox IA -->
	<item class="chatgpt.ai.chatbot.open.chat.gpt.bot.writer.assistant.MainActivity" name="chatbox_ia"/>

	<!-- Cittamobi -->
	<item class="br.com.cittati.cittamobi_flutter.MainActivity" name="cittamobi"/>

	<!-- Claro Móvel -->
	<item class="com.claroapp.MainActivity" name="claro_movel"/>

	<!-- Clipboard Pro -->
	<item class="jp.snowlife01.android.clipboard.MainActivity" name="clipboard_pro"/>

	<!-- ColorDict -->
	<item class="com.socialnmobile.colordict.activity.Main" name="colordict"/>

	<!-- Conexión a Windows -->
	<item class="com.samsung.android.mdx.windowslink.tileservice.LinkToWidowsLauncherActivityDummy" name="conexion_a_windows"/>

	<!-- Correios -->
	<item class="br.com.correios.preatendimento.MainActivity" name="correios"/>

	<!-- Cortecloud -->
	<item class="br.com.cortecloud.app.MainActivity" name="cortecloud"/>

	<!-- CutList Optimizer -->
	<item class="com.cutlistoptimizer.MainActivity" name="cutlist_optimizer"/>

	<!-- DeÔnibus -->
	<item class="com.deonibus.SplashActivity" name="deonibus"/>

	<!-- DevCheck -->
	<item class="flar2.devcheck.MainActivity" name="devcheck"/>

	<!-- Download Video For Pinterest -->
	<item class="th74dev.download.video.pinterest.image.downloader.main" name="download_video_for_pinterest"/>

	<!-- Farmácias APP -->
	<item class="com.pharmacysa.farmaciasapp.view.SplashScreenActivity" name="farmacias_app"/>

	<!-- FGTS -->
	<item class="br.gov.caixa.fgts.trabalhador.ui.login.SplashScreenFGTSActivity" name="fgts"/>

	<!-- FlashGet Kids -->
	<item class="com.flashget.parentalcontrol.ParentSplashActivity" name="flashget_kids"/>

	<!-- Herramientas Inteligentes -->
	<item class="com.pcmehanik.smarttoolsutilities.MainActivity" name="herramientas_inteligentes"/>

	<!-- ImageMeter -->
	<item class="de.dirkfarin.imagemeter.ActivityLoader" name="imagemeter"/>

	<!-- Internet Beta -->
	<item class="com.sec.android.app.sbrowser.SBrowserMainActivity" name="internet_beta"/>

	<!-- jetAudio+ -->
	<item class="com.jetappfactory.jetaudio.MusicBrowserActivity" name="jetaudio_"/>

	<!-- Keeplink -->
	<item class="org.erikjaen.tidylinksv2.ui.main.MainActivity" name="keeplink"/>

	<!-- Kwai -->
	<item class="com.yxcorp.gifshow.homepage.HomeActivity" name="kwai"/>

	<!-- Mercado Libre -->
	<item class="com.mercadolibre.splash.SplashActivity" name="mercado_libre"/>

	<!-- Mercado Pago -->
	<item class="com.mercadopago.wallet.splash.SplashActivity" name="mercado_pago"/>

	<!-- MeuINSS -->
	<item class="br.gov.dataprev.meuinss.MainActivity" name="meuinss"/>

	<!-- Network Monitor Mini PRO -->
	<item class="info.kfsoft.android.TrafficIndicatorPro.StartActivity" name="network_monitor_mini_pro"/>

	<!-- Nova Video Player -->
	<item class="org.courville.nova.browser.BrowserActivityVideo" name="nova_video_player"/>

	<!-- Nu -->
	<item class="br.com.nubank.app.SplashScreenActivity" name="nu"/>

	<!-- PicSay Pro -->
	<item class="com.shinycore.picsaypro.main" name="picsay_pro"/>

	<!-- PLAYit -->
	<item class="com.quantum.player.ui.activities.MainActivity" name="playit"/>

	<!-- PrinterShare -->
	<item class="com.dynamixsoftware.printershare.ActivityMain" name="printershare"/>

	<!-- QR/Barcode Scanner Pro -->
	<item class="com.barcode.qrcode.scanner.reader.pro.activity.MainActivity" name="qr_barcode_scanner_pro"/>

	<!-- Riocard Mais -->
	<item class="br.com.riocardmais.MainActivity" name="riocard_mais"/>

	<!-- Samsung Cloud -->
	<item class="com.samsung.android.scloud.app.ui.splash.launcher" name="samsung_cloud"/>

	<!-- SD Maid SE -->
	<item class="eu.darken.sdmse.main.ui.MainActivity" name="sd_maid_se"/>

	<!-- Shopee -->
	<item class="com.shopee.app.ui.home.HomeActivity_" name="shopee"/>

	<!-- Simple Radio -->
	<item class="com.streema.simpleradio.MainActivity" name="simple_radio"/>

	<!-- Site Confiável -->
	<item class="org.chromium.webapk.shell_apk.h2o.H2OOpaqueMainActivity" name="site_confiavel"/>

	<!-- Smart Tutor -->
	<item class="com.rsupport.rs.activity.edit.IntroActivity" name="smart_tutor"/>

	<!-- Snaptube -->
	<item class="com.snaptube.premium.activity.ExploreActivity" name="snaptube"/>

	<!-- Spotify -->
	<item class="com.spotify.musix.MainActivity" name="spotify"/>

	<!-- TeleBox -->
	<item class="com.linkbox.app.LauncherActivity" name="telebox"/>

	<!-- TeraBox -->
	<item class="com.dubox.drive.ui.LogoNewLauncherActivity" name="terabox"/>

	<!-- Triider para Profissionais -->
	<item class="com.triider.pro.MainActivity" name="triider_para_profissionais"/>

	<!-- Vademecum Internacional -->
	<item class="com.tns.NativeScriptActivity" name="vademecum_internacional"/>

	<!-- VirusTotal -->
	<item class="org.chromium.webapk.shell_apk.h2o.H2OOpaqueMainActivity" name="virustotal"/>

	<!-- WesternUnion -->
	<item class="com.westernunion.moneytransferr3app.MainActivity" name="westernunion"/>

	<!-- WhatsApp -->
	<item class="com.whatsapp.Icon44" name="whatsapp"/>

	<!-- Wi-Fi segura -->
	<item class="com.samsung.android.fast.DefaultActivity" name="wi_fi_segura"/>

	<!-- Wise -->
	<item class="com.transferwise.android.activity.SplashActivity" name="wise"/>

	<!-- Yola -->
	<item class="com.eden.chat.yola.ui.StartYoActivity" name="yola"/>

	<!-- Zé Delivery -->
	<item class="com.cerveceriamodelo.modelonow.MainActivity" name="ze_delivery"/>

</appmap>