<Theme version="1">

	<!-- ¿Quién usa mi WiFi? -->
	<AppIcon name="com.wifi.whousemywifi.wifidetector/com.wifi.whousemywifi.wifidetector.ubun.SpActivity" image="¿quien_usa_mi_wifi_"/>

	<!-- AdGuard Content Blocker -->
	<AppIcon name="com.adguard.android.contentblocker/com.adguard.android.contentblocker.ui.MainActivity" image="adguard_content_blocker"/>

	<!-- AliHelper -->
	<AppIcon name="com.xyz.alihelper/com.xyz.alihelper.ui.activities.MainActivity" image="alihelper"/>

	<!-- Americanas -->
	<AppIcon name="com.b2w.americanas/com.b2w.main.activity.MainActivity" image="americanas"/>

	<!-- App do Inter -->
	<AppIcon name="com.ibopedtm.appvarejo.intersupermercado/com.example.dtm_app_varejo_white_label.MainActivity" image="app_do_inter"/>

	<!-- Audio Video Factory -->
	<AppIcon name="com.keerby.formatfactory/com.keerby.formatfactory.launchScreenActivity" image="audio_video_factory"/>

	<!-- BB -->
	<AppIcon name="br.com.bb.android/br.com.bb.android.reactnative.ReactLoginActivity" image="bb"/>

	<!-- Buscador -->
	<AppIcon name="com.samsung.android.app.galaxyfinder/com.samsung.android.app.galaxyfinder.GalaxyFinderMainLauncher" image="buscador"/>

	<!-- Buscador -->
	<AppIcon name="com.samsung.android.app.find/com.samsung.android.app.find.SplashActivity" image="buscador"/>

	<!-- CalcKit -->
	<AppIcon name="com.ivanGavrilov.CalcKit/com.ivanGavrilov.CalcKit.Calculator" image="calckit"/>

	<!-- Carteira de Trabalho Digital -->
	<AppIcon name="br.gov.dataprev.carteiradigital/br.gov.dataprev.carteiradigital.MainActivity" image="carteira_de_trabalho_digital"/>

	<!-- Casas Bahia -->
	<AppIcon name="com.novapontocom.casasbahia/br.concrete.base.ui.SplashActivity" image="casas_bahia"/>

	<!-- ChatBox IA -->
	<AppIcon name="chatgpt.ai.chatbot.open.chat.gpt.bot.writer.assistant/chatgpt.ai.chatbot.open.chat.gpt.bot.writer.assistant.MainActivity" image="chatbox_ia"/>

	<!-- Cittamobi -->
	<AppIcon name="br.com.cittabus/br.com.cittati.cittamobi_flutter.MainActivity" image="cittamobi"/>

	<!-- Claro Móvel -->
	<AppIcon name="com.nvt.cs/com.claroapp.MainActivity" image="claro_movel"/>

	<!-- Clipboard Pro -->
	<AppIcon name="jp.snowlife01.android.clipboard/jp.snowlife01.android.clipboard.MainActivity" image="clipboard_pro"/>

	<!-- ColorDict -->
	<AppIcon name="com.socialnmobile.colordict/com.socialnmobile.colordict.activity.Main" image="colordict"/>

	<!-- Conexión a Windows -->
	<AppIcon name="com.samsung.android.mdx/com.samsung.android.mdx.windowslink.tileservice.LinkToWidowsLauncherActivityDummy" image="conexion_a_windows"/>

	<!-- Correios -->
	<AppIcon name="br.com.correios.preatendimento/br.com.correios.preatendimento.MainActivity" image="correios"/>

	<!-- Cortecloud -->
	<AppIcon name="br.com.cortecloud.app/br.com.cortecloud.app.MainActivity" image="cortecloud"/>

	<!-- CutList Optimizer -->
	<AppIcon name="com.cutlistoptimizer/com.cutlistoptimizer.MainActivity" image="cutlist_optimizer"/>

	<!-- DeÔnibus -->
	<AppIcon name="com.deonibus/com.deonibus.SplashActivity" image="deonibus"/>

	<!-- DevCheck -->
	<AppIcon name="flar2.devcheck/flar2.devcheck.MainActivity" image="devcheck"/>

	<!-- Download Video For Pinterest -->
	<AppIcon name="th74dev.download.video.pinterest.image.downloader/th74dev.download.video.pinterest.image.downloader.main" image="download_video_for_pinterest"/>

	<!-- Farmácias APP -->
	<AppIcon name="com.pharmacysa.farmaciasapp/com.pharmacysa.farmaciasapp.view.SplashScreenActivity" image="farmacias_app"/>

	<!-- FGTS -->
	<AppIcon name="br.gov.caixa.fgts.trabalhador/br.gov.caixa.fgts.trabalhador.ui.login.SplashScreenFGTSActivity" image="fgts"/>

	<!-- FlashGet Kids -->
	<AppIcon name="com.flashget.parentalcontrol/com.flashget.parentalcontrol.ParentSplashActivity" image="flashget_kids"/>

	<!-- Herramientas Inteligentes -->
	<AppIcon name="com.pcmehanik.smarttoolbox/com.pcmehanik.smarttoolsutilities.MainActivity" image="herramientas_inteligentes"/>

	<!-- ImageMeter -->
	<AppIcon name="de.dirkfarin.imagemeter/de.dirkfarin.imagemeter.ActivityLoader" image="imagemeter"/>

	<!-- Internet Beta -->
	<AppIcon name="com.sec.android.app.sbrowser.beta/com.sec.android.app.sbrowser.SBrowserMainActivity" image="internet_beta"/>

	<!-- jetAudio+ -->
	<AppIcon name="com.jetappfactory.jetaudioplus/com.jetappfactory.jetaudio.MusicBrowserActivity" image="jetaudio_"/>

	<!-- Keeplink -->
	<AppIcon name="org.erikjaen.tidylinksv2/org.erikjaen.tidylinksv2.ui.main.MainActivity" image="keeplink"/>

	<!-- Kwai -->
	<AppIcon name="com.kwai.video/com.yxcorp.gifshow.homepage.HomeActivity" image="kwai"/>

	<!-- Mercado Libre -->
	<AppIcon name="com.mercadolibre/com.mercadolibre.splash.SplashActivity" image="mercado_libre"/>

	<!-- Mercado Pago -->
	<AppIcon name="com.mercadopago.wallet/com.mercadopago.wallet.splash.SplashActivity" image="mercado_pago"/>

	<!-- MeuINSS -->
	<AppIcon name="br.gov.dataprev.meuinss/br.gov.dataprev.meuinss.MainActivity" image="meuinss"/>

	<!-- Network Monitor Mini PRO -->
	<AppIcon name="info.kfsoft.android.TrafficIndicatorPro/info.kfsoft.android.TrafficIndicatorPro.StartActivity" image="network_monitor_mini_pro"/>

	<!-- Nova Video Player -->
	<AppIcon name="org.courville.nova/org.courville.nova.browser.BrowserActivityVideo" image="nova_video_player"/>

	<!-- Nu -->
	<AppIcon name="com.nu.production/br.com.nubank.app.SplashScreenActivity" image="nu"/>

	<!-- PicSay Pro -->
	<AppIcon name="com.shinycore.picsaypro/com.shinycore.picsaypro.main" image="picsay_pro"/>

	<!-- PLAYit -->
	<AppIcon name="com.playit.videoplayer/com.quantum.player.ui.activities.MainActivity" image="playit"/>

	<!-- PrinterShare -->
	<AppIcon name="com.dynamixsoftware.printershare/com.dynamixsoftware.printershare.ActivityMain" image="printershare"/>

	<!-- QR/Barcode Scanner Pro -->
	<AppIcon name="com.barcode.qrcode.scanner.reader.pro/com.barcode.qrcode.scanner.reader.pro.activity.MainActivity" image="qr_barcode_scanner_pro"/>

	<!-- Riocard Mais -->
	<AppIcon name="com.riocardmais.autoatendimento/br.com.riocardmais.MainActivity" image="riocard_mais"/>

	<!-- Samsung Cloud -->
	<AppIcon name="com.samsung.android.scloud/com.samsung.android.scloud.app.ui.splash.launcher" image="samsung_cloud"/>

	<!-- SD Maid SE -->
	<AppIcon name="eu.darken.sdmse/eu.darken.sdmse.main.ui.MainActivity" image="sd_maid_se"/>

	<!-- Shopee -->
	<AppIcon name="com.shopee.br/com.shopee.app.ui.home.HomeActivity_" image="shopee"/>

	<!-- Simple Radio -->
	<AppIcon name="com.streema.simpleradio/com.streema.simpleradio.MainActivity" image="simple_radio"/>

	<!-- Site Confiável -->
	<AppIcon name="com.sec.android.app.sbrowser.webapk.wda09c2f6c693886100304ec7640a56ba1/org.chromium.webapk.shell_apk.h2o.H2OOpaqueMainActivity" image="site_confiavel"/>

	<!-- Smart Tutor -->
	<AppIcon name="com.rsupport.rs.activity.rsupport.aas2/com.rsupport.rs.activity.edit.IntroActivity" image="smart_tutor"/>

	<!-- Snaptube -->
	<AppIcon name="com.snaptube.premium/com.snaptube.premium.activity.ExploreActivity" image="snaptube"/>

	<!-- Spotify -->
	<AppIcon name="com.spotify.musix/com.spotify.musix.MainActivity" image="spotify"/>

	<!-- TeleBox -->
	<AppIcon name="com.linkbox.plus.android/com.linkbox.app.LauncherActivity" image="telebox"/>

	<!-- TeraBox -->
	<AppIcon name="com.dubox.drive/com.dubox.drive.ui.LogoNewLauncherActivity" image="terabox"/>

	<!-- Triider para Profissionais -->
	<AppIcon name="com.triider.pro/com.triider.pro.MainActivity" image="triider_para_profissionais"/>

	<!-- Vademecum Internacional -->
	<AppIcon name="com.vidal.vademecum/com.tns.NativeScriptActivity" image="vademecum_internacional"/>

	<!-- VirusTotal -->
	<AppIcon name="com.sec.android.app.sbrowser.webapk.w3696fec7031dfe2275ad3439c9e8dc971/org.chromium.webapk.shell_apk.h2o.H2OOpaqueMainActivity" image="virustotal"/>

	<!-- WesternUnion -->
	<AppIcon name="com.westernunion.moneytransferr3app.acs3/com.westernunion.moneytransferr3app.MainActivity" image="westernunion"/>

	<!-- WhatsApp -->
	<AppIcon name="com.whatsapp/com.whatsapp.Icon44" image="whatsapp"/>

	<!-- Wi-Fi segura -->
	<AppIcon name="com.samsung.android.fast/com.samsung.android.fast.DefaultActivity" image="wi_fi_segura"/>

	<!-- Wise -->
	<AppIcon name="com.transferwise.android/com.transferwise.android.activity.SplashActivity" image="wise"/>

	<!-- Yola -->
	<AppIcon name="com.eden.chat.yola/com.eden.chat.yola.ui.StartYoActivity" image="yola"/>

	<!-- Zé Delivery -->
	<AppIcon name="com.cerveceriamodelo.modelonow/com.cerveceriamodelo.modelonow.MainActivity" image="ze_delivery"/>

</Theme>