<resources>

	<!-- Al Quran -->
	<item component="ComponentInfo{com.greentech.quran/com.greentech.quran.ui.apponboarding.OnboardingActivity}" drawable="al_quran" />

	<!-- AnkiDroid -->
	<item component="ComponentInfo{com.ichi2.anki/com.ichi2.anki.IntentHandler}" drawable="ankidroid" />

	<!-- BP Journal -->
	<item component="ComponentInfo{com.portalgroove.bpjournal/com.portalgroove.bpjournal.MainActivity}" drawable="bp_journal" />

	<!-- Counters -->
	<item component="ComponentInfo{rahmouni.neil.counters/rahmouni.neil.counters.MainActivity}" drawable="counters" />

	<!-- Daily Deeds -->
	<item component="ComponentInfo{com.akmal.dailydeeds/com.akmal.dailydeeds.ui.main.router.MainRouterActivity}" drawable="daily_deeds" />

	<!-- Drink Water Reminder -->
	<item component="ComponentInfo{com.remind.drink.water.hourly/com.remind.drink.water.hourly.SplashActivity}" drawable="drink_water_reminder" />

	<!-- EPL -->
	<item component="ComponentInfo{com.bibliocommons.epl/com.bibliocommons.ui.activities.splash.SplashActivity}" drawable="epl" />

	<!-- Eventbrite -->
	<item component="ComponentInfo{com.eventbrite.attendee/com.eventbrite.attendee.legacy.activities.InnerMainActivity$MainActivity}" drawable="eventbrite" />

	<!-- Firefox Lite -->
	<item component="ComponentInfo{org.mozilla.rocket/org.mozilla.rocket.activity.MainActivity}" drawable="firefox_lite" />

	<!-- First Aid -->
	<item component="ComponentInfo{com.cube.gdpc.fa/com.cube.gdpc.fa.activities.BootActivity}" drawable="first_aid" />

	<!-- Goblin Tools -->
	<item component="ComponentInfo{com.goblintools/com.goblintools.MainActivity}" drawable="goblin_tools" />

	<!-- Hadith Collection -->
	<item component="ComponentInfo{com.greentech.hadith/com.greentech.hadith.MainActivity}" drawable="hadith_collection" />

	<!-- HiPER Calc Pro -->
	<item component="ComponentInfo{cz.hipercalc.pro/app.hipercalc.CalculatorActivity}" drawable="hiper_calc_pro" />

	<!-- Hisnul Muslim -->
	<item component="ComponentInfo{com.greentech.hisnulmuslim/com.greentech.hisnulmuslim.main.MainActivity}" drawable="hisnul_muslim" />

	<!-- Instacart -->
	<item component="ComponentInfo{com.instacart.client/com.instacart.client.browse.ICBrowseActivity}" drawable="instacart" />

	<!-- islamQA -->
	<item component="ComponentInfo{zad.com.islamqa/com.zadgroup.islamqa.MainActivity}" drawable="islamqa" />

	<!-- Khan Academy -->
	<item component="ComponentInfo{org.khanacademy.android/org.khanacademy.android.ui.library.MainActivity}" drawable="khan_academy" />

	<!-- Kijiji -->
	<item component="ComponentInfo{com.ebay.kijiji.ca/com.ebay.kijiji.ca.MainActivity}" drawable="kijiji" />

	<!-- Kindle -->
	<item component="ComponentInfo{com.amazon.kindle/com.amazon.kindle.UpgradePage}" drawable="kindle" />

	<!-- KOHO -->
	<item component="ComponentInfo{ca.koho/ca.koho.MainActivity}" drawable="koho" />

	<!-- Logic Calculator -->
	<item component="ComponentInfo{com.brummid.logiccalculator/com.brummid.logiccalculator.MainActivity}" drawable="logic_calculator" />

	<!-- MCE Mosque -->
	<item component="ComponentInfo{com.masjidbox.amcemosque643e39f05ccced0089fa7691/com.masjidbox.amcemosque643e39f05ccced0089fa7691.MainActivity}" drawable="mce_mosque" />

	<!-- My Account -->
	<item component="ComponentInfo{ca.windmobile.selfcare.prod/ca.windmobile.selfcare.prod.MainActivity}" drawable="my_account" />

	<!-- MyNetDiary -->
	<item component="ComponentInfo{com.fourtechnologies.mynetdiary.ad/com.mynetdiary.auth.AuthActivity}" drawable="mynetdiary" />

	<!-- PDF Viewer -->
	<item component="ComponentInfo{com.avrapps.pdfviewer/com.avrapps.pdfviewer.HomeActivity}" drawable="pdf_viewer" />

	<!-- Prayer Times -->
	<item component="ComponentInfo{com.reworewo.prayertimes/com.angga.ahisab.main.MainActivity}" drawable="prayer_times" />

	<!-- SMS Scheduler -->
	<item component="ComponentInfo{com.github.yeriomin.smsscheduler/com.github.yeriomin.smsscheduler.activity.SmsListActivity}" drawable="sms_scheduler" />

	<!-- URL to PDF Converter -->
	<item component="ComponentInfo{com.prostudio.urltopdfconverter/com.prostudio.urltopdfconverter.MainActivity}" drawable="url_to_pdf_converter" />

	<!-- Your local weather -->
	<item component="ComponentInfo{org.thosp.yourlocalweather/org.thosp.yourlocalweather.MainActivity}" drawable="your_local_weather" />

</resources>