<Theme version="1">

	<!-- Al Quran -->
	<AppIcon name="com.greentech.quran/com.greentech.quran.ui.apponboarding.OnboardingActivity" image="al_quran"/>

	<!-- AnkiDroid -->
	<AppIcon name="com.ichi2.anki/com.ichi2.anki.IntentHandler" image="ankidroid"/>

	<!-- BP Journal -->
	<AppIcon name="com.portalgroove.bpjournal/com.portalgroove.bpjournal.MainActivity" image="bp_journal"/>

	<!-- Counters -->
	<AppIcon name="rahmouni.neil.counters/rahmouni.neil.counters.MainActivity" image="counters"/>

	<!-- Daily Deeds -->
	<AppIcon name="com.akmal.dailydeeds/com.akmal.dailydeeds.ui.main.router.MainRouterActivity" image="daily_deeds"/>

	<!-- Drink Water Reminder -->
	<AppIcon name="com.remind.drink.water.hourly/com.remind.drink.water.hourly.SplashActivity" image="drink_water_reminder"/>

	<!-- EPL -->
	<AppIcon name="com.bibliocommons.epl/com.bibliocommons.ui.activities.splash.SplashActivity" image="epl"/>

	<!-- Eventbrite -->
	<AppIcon name="com.eventbrite.attendee/com.eventbrite.attendee.legacy.activities.InnerMainActivity$MainActivity" image="eventbrite"/>

	<!-- Firefox Lite -->
	<AppIcon name="org.mozilla.rocket/org.mozilla.rocket.activity.MainActivity" image="firefox_lite"/>

	<!-- First Aid -->
	<AppIcon name="com.cube.gdpc.fa/com.cube.gdpc.fa.activities.BootActivity" image="first_aid"/>

	<!-- Goblin Tools -->
	<AppIcon name="com.goblintools/com.goblintools.MainActivity" image="goblin_tools"/>

	<!-- Hadith Collection -->
	<AppIcon name="com.greentech.hadith/com.greentech.hadith.MainActivity" image="hadith_collection"/>

	<!-- HiPER Calc Pro -->
	<AppIcon name="cz.hipercalc.pro/app.hipercalc.CalculatorActivity" image="hiper_calc_pro"/>

	<!-- Hisnul Muslim -->
	<AppIcon name="com.greentech.hisnulmuslim/com.greentech.hisnulmuslim.main.MainActivity" image="hisnul_muslim"/>

	<!-- Instacart -->
	<AppIcon name="com.instacart.client/com.instacart.client.browse.ICBrowseActivity" image="instacart"/>

	<!-- islamQA -->
	<AppIcon name="zad.com.islamqa/com.zadgroup.islamqa.MainActivity" image="islamqa"/>

	<!-- Khan Academy -->
	<AppIcon name="org.khanacademy.android/org.khanacademy.android.ui.library.MainActivity" image="khan_academy"/>

	<!-- Kijiji -->
	<AppIcon name="com.ebay.kijiji.ca/com.ebay.kijiji.ca.MainActivity" image="kijiji"/>

	<!-- Kindle -->
	<AppIcon name="com.amazon.kindle/com.amazon.kindle.UpgradePage" image="kindle"/>

	<!-- KOHO -->
	<AppIcon name="ca.koho/ca.koho.MainActivity" image="koho"/>

	<!-- Logic Calculator -->
	<AppIcon name="com.brummid.logiccalculator/com.brummid.logiccalculator.MainActivity" image="logic_calculator"/>

	<!-- MCE Mosque -->
	<AppIcon name="com.masjidbox.amcemosque643e39f05ccced0089fa7691/com.masjidbox.amcemosque643e39f05ccced0089fa7691.MainActivity" image="mce_mosque"/>

	<!-- My Account -->
	<AppIcon name="ca.windmobile.selfcare.prod/ca.windmobile.selfcare.prod.MainActivity" image="my_account"/>

	<!-- MyNetDiary -->
	<AppIcon name="com.fourtechnologies.mynetdiary.ad/com.mynetdiary.auth.AuthActivity" image="mynetdiary"/>

	<!-- PDF Viewer -->
	<AppIcon name="com.avrapps.pdfviewer/com.avrapps.pdfviewer.HomeActivity" image="pdf_viewer"/>

	<!-- Prayer Times -->
	<AppIcon name="com.reworewo.prayertimes/com.angga.ahisab.main.MainActivity" image="prayer_times"/>

	<!-- SMS Scheduler -->
	<AppIcon name="com.github.yeriomin.smsscheduler/com.github.yeriomin.smsscheduler.activity.SmsListActivity" image="sms_scheduler"/>

	<!-- URL to PDF Converter -->
	<AppIcon name="com.prostudio.urltopdfconverter/com.prostudio.urltopdfconverter.MainActivity" image="url_to_pdf_converter"/>

	<!-- Your local weather -->
	<AppIcon name="org.thosp.yourlocalweather/org.thosp.yourlocalweather.MainActivity" image="your_local_weather"/>

</Theme>