<resources>

	<!-- AdGuard -->
	<item component="ComponentInfo{com.adguard.android/com.adguard.android.ui.activity.SplashActivity}" drawable="adguard" />

	<!-- AdGuard VPN -->
	<item component="ComponentInfo{com.adguard.vpn/com.adguard.vpn.ui.routing_activity.SplashActivity}" drawable="adguard_vpn" />

	<!-- ADM -->
	<item component="ComponentInfo{com.dv.adm/com.dv.get.Main}" drawable="adm" />

	<!-- ADM Browser -->
	<item component="ComponentInfo{com.dv.adm/com.dv.get.WebIcon}" drawable="adm_browser" />

	<!-- AJIO -->
	<item component="ComponentInfo{com.ril.ajio/com.ril.ajio.launch.activity.SplashScreenActivity}" drawable="ajio" />

	<!-- Amazon -->
	<item component="ComponentInfo{in.amazon.mShop.android.shopping/com.amazon.mShop.home.HomeActivity}" drawable="amazon" />

	<!-- Anilab -->
	<item component="ComponentInfo{com.anilab.android/com.anilab.android.ui.activity.MainActivity}" drawable="anilab" />

	<!-- AniWatch -->
	<item component="ComponentInfo{org.chromium.webapk.a30bcd7992b8480fa_v2/org.chromium.webapk.shell_apk.h2o.H2OOpaqueMainActivity}" drawable="aniwatch" />

	<!-- Aniwave -->
	<item component="ComponentInfo{org.chromium.webapk.a7c15a3315bedebcb_v2/org.chromium.webapk.shell_apk.h2o.H2OOpaqueMainActivity}" drawable="aniwave" />

	<!-- Arity -->
	<item component="ComponentInfo{org.woheller69.arity/arity.calculator.Calculator}" drawable="arity" />

	<!-- BombSquad -->
	<item component="ComponentInfo{net.froemling.bombsquad/net.froemling.bombsquad.MainActivity}" drawable="bombsquad" />

	<!-- Canara ai1 -->
	<item component="ComponentInfo{com.canarabank.mobility/com.canarabank.mobility.MainActivity}" drawable="canara_ai1" />

	<!-- CANARA Digital Rupee -->
	<item component="ComponentInfo{org.npci.erupeeCANARA/org.npci.token.MainActivity}" drawable="canara_digital_rupee" />

	<!-- CrookCatcher -->
	<item component="ComponentInfo{com.harteg.crookcatcher/com.harteg.crookcatcher.MainActivity}" drawable="crookcatcher" />

	<!-- Device care -->
	<item component="ComponentInfo{com.samsung.android.lool/com.samsung.android.sm.ui.DefaultActivity}" drawable="device_care" />

	<!-- Domino's -->
	<item component="ComponentInfo{com.Dominos/com.Dominos.activity.alias.LauncherDefaultAlias}" drawable="dominos" />

	<!-- Expenses Manager -->
	<item component="ComponentInfo{com.amitm29.am.dailyexpensesmanager/com.amitm29.am.dailyexpensesmanager.MainActivity}" drawable="expenses_manager" />

	<!-- Fhpl Sparrow -->
	<item component="ComponentInfo{net.fhpl/net.fhpl.MainActivity}" drawable="fhpl_sparrow" />

	<!-- FV File Explorer -->
	<item component="ComponentInfo{com.folderv.file/com.folderv.file.SplashActivity}" drawable="fv_file_explorer" />

	<!-- Gaming Hub -->
	<item component="ComponentInfo{com.samsung.android.game.gamehome/com.samsung.android.game.gamehome.app.MainActivity}" drawable="gaming_hub" />

	<!-- GCalculator -->
	<item component="ComponentInfo{com.thinkyeah.galleryvault/com.thinkyeah.galleryvault.icondisguise.calculator.CalculatorStartActivity}" drawable="gcalculator" />

	<!-- Genshin Impact -->
	<item component="ComponentInfo{com.miHoYo.GenshinImpact/com.miHoYo.GetMobileInfo.MainActivity}" drawable="genshin_impact" />

	<!-- Happay Expense -->
	<item component="ComponentInfo{com.happay.android.v2/com.happay.android.v2.activity.LoginActivity}" drawable="happay_expense" />

	<!-- JioMart -->
	<item component="ComponentInfo{com.jpl.jiomart/com.jpl.jiomartsdk.dashboard.activities.SplashActivityAlias1}" drawable="jiomart" />

	<!-- Key Mapper -->
	<item component="ComponentInfo{io.github.sds100.keymapper/io.github.sds100.keymapper.SplashActivity}" drawable="key_mapper" />

	<!-- MakeMyTrip -->
	<item component="ComponentInfo{com.makemytrip/com.mmt.travel.app.home.ui.SplashActivity}" drawable="makemytrip" />

	<!-- Meme Generator -->
	<item component="ComponentInfo{com.zombodroid.MemeGenerator/com.zombodroid.memegen6source.SplashActivity}" drawable="meme_generator" />

	<!-- Mimo -->
	<item component="ComponentInfo{com.getmimo/com.getmimo.ui.SplashActivity_default}" drawable="mimo" />

	<!-- Minma Icon Pack -->
	<item component="ComponentInfo{com.minma.icon.free/com.minma.icon.free.activities.SplashActivity}" drawable="minma_icon_pack" />

	<!-- MiX -->
	<item component="ComponentInfo{com.mixplorer/com.mixplorer.activities.BrowseActivity}" drawable="mix" />

	<!-- Moneycontrol -->
	<item component="ComponentInfo{com.divum.MoneyControl/com.moneycontrol.handheld.SplashActivity.NONPRO}" drawable="moneycontrol" />

	<!-- My Galaxy -->
	<item component="ComponentInfo{com.mygalaxy/com.mygalaxy.SplashScreenActivity}" drawable="my_galaxy" />

	<!-- MyGate -->
	<item component="ComponentInfo{com.mygate.user/com.mygate.user.modules.shared.SplashActivity}" drawable="mygate" />

	<!-- Myntra -->
	<item component="ComponentInfo{com.myntra.android/com.myntra.android.activities.react.ReactActivity}" drawable="myntra" />

	<!-- Naukri.com -->
	<item component="ComponentInfo{naukriApp.appModules.login/com.naukri.splash.SplashActivity}" drawable="naukricom" />

	<!-- News -->
	<item component="ComponentInfo{com.google.android.apps.magazines/com.google.apps.dots.android.app.activity.CurrentsStartActivity}" drawable="news" />

	<!-- NextGen mParivahan -->
	<item component="ComponentInfo{com.nic.mparivahan/com.nic.mparivahan.Welcome.SplashScreen}" drawable="nextgen_mparivahan" />

	<!-- Paper Toss -->
	<item component="ComponentInfo{com.bfs.papertoss/com.backflipstudios.bf_google_play.CheckGooglePlayServicesVersionActivity}" drawable="paper_toss" />

	<!-- PLAYit -->
	<item component="ComponentInfo{com.playit.videoplayer/com.quantum.player.ui.activities.MainActivity}" drawable="playit" />

	<!-- Policybazaar -->
	<item component="ComponentInfo{com.policybazaar/com.policybazaar.MainActivity}" drawable="policybazaar" />

	<!-- Practo -->
	<item component="ComponentInfo{com.practo.fabric/com.practo.fabric.LauncherAlias}" drawable="practo" />

	<!-- Price History -->
	<item component="ComponentInfo{in.pricehistory.app/in.pricehistory.app.MainActivity}" drawable="price_history" />

	<!-- PvZ 2 -->
	<item component="ComponentInfo{com.ea.game.pvz2_row/com.popcap.PvZ2.PvZ2GameActivity}" drawable="pvz_2" />

	<!-- Quora -->
	<item component="ComponentInfo{com.quora.android/com.quora.android.components.activities.LauncherActivity}" drawable="quora" />

	<!-- Reddit -->
	<item component="ComponentInfo{com.reddit.frontpage/launcher.doge}" drawable="reddit" />

	<!-- Reliance resQ -->
	<item component="ComponentInfo{com.ril.resq/com.ril.resq.MainActivity}" drawable="reliance_resq" />

	<!-- ReVanced Updater -->
	<item component="ComponentInfo{it.leddaz.revancedupdater/it.leddaz.revancedupdater.MainActivity}" drawable="revanced_updater" />

	<!-- Saikou -->
	<item component="ComponentInfo{ani.saikou/ani.saikou.MainActivity}" drawable="saikou" />

	<!-- Samsung Shop -->
	<item component="ComponentInfo{com.samsung.ecomm.global.in/com.samsung.ecomm.global.shop_app.MainActivity}" drawable="samsung_shop" />

	<!-- SBI Card -->
	<item component="ComponentInfo{com.ge.capital.konysbiapp/com.ge.capital.konysbiapp.SBICard}" drawable="sbi_card" />

	<!-- Securtime -->
	<item component="ComponentInfo{in.securax.samaya/com.securax.samaya.ui.splash.SplashActivity}" drawable="securtime" />

	<!-- Securtime -->
	<item component="ComponentInfo{org.chromium.webapk.ae60b0990c74b742e_v2/org.chromium.webapk.shell_apk.h2o.H2OOpaqueMainActivity}" drawable="securtime" />

	<!-- Send Files To TV -->
	<item component="ComponentInfo{com.yablio.sendfilestotv/com.yablio.sendfilestotv.ui.MainActivity}" drawable="send_files_to_tv" />

	<!-- SMS Organizer -->
	<item component="ComponentInfo{com.microsoft.android.smsorganizer/com.microsoft.android.smsorganizer.StartupActivity}" drawable="sms_organizer" />

	<!-- SMSLocator -->
	<item component="ComponentInfo{com.t3kbau5.smslocator/com.t3kbau5.smslocator.MainActivity}" drawable="smslocator" />

	<!-- SquareQuick -->
	<item component="ComponentInfo{nocrop.photoeditor.squarequick/nocrop.photoeditor.squarequick.StartPageActivity}" drawable="squarequick" />

	<!-- Studio -->
	<item component="ComponentInfo{com.sec.android.app.vepreload/com.sec.android.app.vepreload.common.activity.ProjectShortcutActivity}" drawable="studio" />

	<!-- Tickertape -->
	<item component="ComponentInfo{in.tickertape/com.example.tt_mob_tickertape_flutter.MainActivity}" drawable="tickertape" />

	<!-- Timbre -->
	<item component="ComponentInfo{xeus.timbre/xeus.timbre.ui.main.MainActivity}" drawable="timbre" />

	<!-- TWAU -->
	<item component="ComponentInfo{com.telltalegames.fables100/com.telltalegames.expansion.downloader.SampleDownloaderActivity}" drawable="twau" />

	<!-- UMANG -->
	<item component="ComponentInfo{in.gov.umang.negd.g2c/in.gov.umang.negd.g2c.kotlin.ui.splash.SplashActivity}" drawable="umang" />

	<!-- UTS -->
	<item component="ComponentInfo{com.cris.utsmobile/com.cris.ima.utsonmobile.mainmenuitems.SplashActivity}" drawable="uts" />

	<!-- Water? 2 -->
	<item component="ComponentInfo{com.disney.wheresmywater2_goo/com.disney.wheresmywater2_goo.ActivitySkuGoogle}" drawable="water_2" />

	<!-- Wavelet -->
	<item component="ComponentInfo{com.pittvandewitt.wavelet/com.pittvandewitt.wavelet.MainActivity}" drawable="wavelet" />

	<!-- Web Video Caster -->
	<item component="ComponentInfo{com.instantbits.cast.webvideo/com.instantbits.cast.webvideo.SplashActivity}" drawable="web_video_caster" />

	<!-- Windscribe -->
	<item component="ComponentInfo{com.windscribe.vpn/com.windscribe.mobile.splash.SplashActivity}" drawable="windscribe" />

	<!-- Wonderland -->
	<item component="ComponentInfo{com.samsung.android.wonderland.wallpaper/com.samsung.android.wonderland.wallpaper.settings.StartupActivity}" drawable="wonderland" />

	<!-- Wynk Music -->
	<item component="ComponentInfo{com.bsbportal.music/com.bsbportal.music.v2.features.main.ui.HomeActivity}" drawable="wynk_music" />

	<!-- YMusic -->
	<item component="ComponentInfo{com.kapp.youtube.final/com.kapp.youtube.ui.MainActivity}" drawable="ymusic" />

	<!-- YugenAnime -->
	<item component="ComponentInfo{org.chromium.webapk.a3c9dcfef46526703_v2/org.chromium.webapk.shell_apk.h2o.H2OOpaqueMainActivity}" drawable="yugenanime" />

</resources>