<appmap>

	<!-- AdGuard -->
	<item class="com.adguard.android.ui.activity.SplashActivity" name="adguard"/>

	<!-- AdGuard VPN -->
	<item class="com.adguard.vpn.ui.routing_activity.SplashActivity" name="adguard_vpn"/>

	<!-- ADM -->
	<item class="com.dv.get.Main" name="adm"/>

	<!-- ADM Browser -->
	<item class="com.dv.get.WebIcon" name="adm_browser"/>

	<!-- AJIO -->
	<item class="com.ril.ajio.launch.activity.SplashScreenActivity" name="ajio"/>

	<!-- Amazon -->
	<item class="com.amazon.mShop.home.HomeActivity" name="amazon"/>

	<!-- Anilab -->
	<item class="com.anilab.android.ui.activity.MainActivity" name="anilab"/>

	<!-- AniWatch -->
	<item class="org.chromium.webapk.shell_apk.h2o.H2OOpaqueMainActivity" name="aniwatch"/>

	<!-- Aniwave -->
	<item class="org.chromium.webapk.shell_apk.h2o.H2OOpaqueMainActivity" name="aniwave"/>

	<!-- Arity -->
	<item class="arity.calculator.Calculator" name="arity"/>

	<!-- BombSquad -->
	<item class="net.froemling.bombsquad.MainActivity" name="bombsquad"/>

	<!-- Canara ai1 -->
	<item class="com.canarabank.mobility.MainActivity" name="canara_ai1"/>

	<!-- CANARA Digital Rupee -->
	<item class="org.npci.token.MainActivity" name="canara_digital_rupee"/>

	<!-- CrookCatcher -->
	<item class="com.harteg.crookcatcher.MainActivity" name="crookcatcher"/>

	<!-- Device care -->
	<item class="com.samsung.android.sm.ui.DefaultActivity" name="device_care"/>

	<!-- Domino's -->
	<item class="com.Dominos.activity.alias.LauncherDefaultAlias" name="dominos"/>

	<!-- Expenses Manager -->
	<item class="com.amitm29.am.dailyexpensesmanager.MainActivity" name="expenses_manager"/>

	<!-- Fhpl Sparrow -->
	<item class="net.fhpl.MainActivity" name="fhpl_sparrow"/>

	<!-- FV File Explorer -->
	<item class="com.folderv.file.SplashActivity" name="fv_file_explorer"/>

	<!-- Gaming Hub -->
	<item class="com.samsung.android.game.gamehome.app.MainActivity" name="gaming_hub"/>

	<!-- GCalculator -->
	<item class="com.thinkyeah.galleryvault.icondisguise.calculator.CalculatorStartActivity" name="gcalculator"/>

	<!-- Genshin Impact -->
	<item class="com.miHoYo.GetMobileInfo.MainActivity" name="genshin_impact"/>

	<!-- Happay Expense -->
	<item class="com.happay.android.v2.activity.LoginActivity" name="happay_expense"/>

	<!-- JioMart -->
	<item class="com.jpl.jiomartsdk.dashboard.activities.SplashActivityAlias1" name="jiomart"/>

	<!-- Key Mapper -->
	<item class="io.github.sds100.keymapper.SplashActivity" name="key_mapper"/>

	<!-- MakeMyTrip -->
	<item class="com.mmt.travel.app.home.ui.SplashActivity" name="makemytrip"/>

	<!-- Meme Generator -->
	<item class="com.zombodroid.memegen6source.SplashActivity" name="meme_generator"/>

	<!-- Mimo -->
	<item class="com.getmimo.ui.SplashActivity_default" name="mimo"/>

	<!-- Minma Icon Pack -->
	<item class="com.minma.icon.free.activities.SplashActivity" name="minma_icon_pack"/>

	<!-- MiX -->
	<item class="com.mixplorer.activities.BrowseActivity" name="mix"/>

	<!-- Moneycontrol -->
	<item class="com.moneycontrol.handheld.SplashActivity.NONPRO" name="moneycontrol"/>

	<!-- My Galaxy -->
	<item class="com.mygalaxy.SplashScreenActivity" name="my_galaxy"/>

	<!-- MyGate -->
	<item class="com.mygate.user.modules.shared.SplashActivity" name="mygate"/>

	<!-- Myntra -->
	<item class="com.myntra.android.activities.react.ReactActivity" name="myntra"/>

	<!-- Naukri.com -->
	<item class="com.naukri.splash.SplashActivity" name="naukricom"/>

	<!-- News -->
	<item class="com.google.apps.dots.android.app.activity.CurrentsStartActivity" name="news"/>

	<!-- NextGen mParivahan -->
	<item class="com.nic.mparivahan.Welcome.SplashScreen" name="nextgen_mparivahan"/>

	<!-- Paper Toss -->
	<item class="com.backflipstudios.bf_google_play.CheckGooglePlayServicesVersionActivity" name="paper_toss"/>

	<!-- PLAYit -->
	<item class="com.quantum.player.ui.activities.MainActivity" name="playit"/>

	<!-- Policybazaar -->
	<item class="com.policybazaar.MainActivity" name="policybazaar"/>

	<!-- Practo -->
	<item class="com.practo.fabric.LauncherAlias" name="practo"/>

	<!-- Price History -->
	<item class="in.pricehistory.app.MainActivity" name="price_history"/>

	<!-- PvZ 2 -->
	<item class="com.popcap.PvZ2.PvZ2GameActivity" name="pvz_2"/>

	<!-- Quora -->
	<item class="com.quora.android.components.activities.LauncherActivity" name="quora"/>

	<!-- Reddit -->
	<item class="launcher.doge" name="reddit"/>

	<!-- Reliance resQ -->
	<item class="com.ril.resq.MainActivity" name="reliance_resq"/>

	<!-- ReVanced Updater -->
	<item class="it.leddaz.revancedupdater.MainActivity" name="revanced_updater"/>

	<!-- Saikou -->
	<item class="ani.saikou.MainActivity" name="saikou"/>

	<!-- Samsung Shop -->
	<item class="com.samsung.ecomm.global.shop_app.MainActivity" name="samsung_shop"/>

	<!-- SBI Card -->
	<item class="com.ge.capital.konysbiapp.SBICard" name="sbi_card"/>

	<!-- Securtime -->
	<item class="com.securax.samaya.ui.splash.SplashActivity" name="securtime"/>

	<!-- Securtime -->
	<item class="org.chromium.webapk.shell_apk.h2o.H2OOpaqueMainActivity" name="securtime"/>

	<!-- Send Files To TV -->
	<item class="com.yablio.sendfilestotv.ui.MainActivity" name="send_files_to_tv"/>

	<!-- SMS Organizer -->
	<item class="com.microsoft.android.smsorganizer.StartupActivity" name="sms_organizer"/>

	<!-- SMSLocator -->
	<item class="com.t3kbau5.smslocator.MainActivity" name="smslocator"/>

	<!-- SquareQuick -->
	<item class="nocrop.photoeditor.squarequick.StartPageActivity" name="squarequick"/>

	<!-- Studio -->
	<item class="com.sec.android.app.vepreload.common.activity.ProjectShortcutActivity" name="studio"/>

	<!-- Tickertape -->
	<item class="com.example.tt_mob_tickertape_flutter.MainActivity" name="tickertape"/>

	<!-- Timbre -->
	<item class="xeus.timbre.ui.main.MainActivity" name="timbre"/>

	<!-- TWAU -->
	<item class="com.telltalegames.expansion.downloader.SampleDownloaderActivity" name="twau"/>

	<!-- UMANG -->
	<item class="in.gov.umang.negd.g2c.kotlin.ui.splash.SplashActivity" name="umang"/>

	<!-- UTS -->
	<item class="com.cris.ima.utsonmobile.mainmenuitems.SplashActivity" name="uts"/>

	<!-- Water? 2 -->
	<item class="com.disney.wheresmywater2_goo.ActivitySkuGoogle" name="water_2"/>

	<!-- Wavelet -->
	<item class="com.pittvandewitt.wavelet.MainActivity" name="wavelet"/>

	<!-- Web Video Caster -->
	<item class="com.instantbits.cast.webvideo.SplashActivity" name="web_video_caster"/>

	<!-- Windscribe -->
	<item class="com.windscribe.mobile.splash.SplashActivity" name="windscribe"/>

	<!-- Wonderland -->
	<item class="com.samsung.android.wonderland.wallpaper.settings.StartupActivity" name="wonderland"/>

	<!-- Wynk Music -->
	<item class="com.bsbportal.music.v2.features.main.ui.HomeActivity" name="wynk_music"/>

	<!-- YMusic -->
	<item class="com.kapp.youtube.ui.MainActivity" name="ymusic"/>

	<!-- YugenAnime -->
	<item class="org.chromium.webapk.shell_apk.h2o.H2OOpaqueMainActivity" name="yugenanime"/>

</appmap>