<Theme version="1">

	<!-- AdGuard -->
	<AppIcon name="com.adguard.android/com.adguard.android.ui.activity.SplashActivity" image="adguard"/>

	<!-- AdGuard VPN -->
	<AppIcon name="com.adguard.vpn/com.adguard.vpn.ui.routing_activity.SplashActivity" image="adguard_vpn"/>

	<!-- ADM -->
	<AppIcon name="com.dv.adm/com.dv.get.Main" image="adm"/>

	<!-- ADM Browser -->
	<AppIcon name="com.dv.adm/com.dv.get.WebIcon" image="adm_browser"/>

	<!-- AJIO -->
	<AppIcon name="com.ril.ajio/com.ril.ajio.launch.activity.SplashScreenActivity" image="ajio"/>

	<!-- Amazon -->
	<AppIcon name="in.amazon.mShop.android.shopping/com.amazon.mShop.home.HomeActivity" image="amazon"/>

	<!-- Anilab -->
	<AppIcon name="com.anilab.android/com.anilab.android.ui.activity.MainActivity" image="anilab"/>

	<!-- AniWatch -->
	<AppIcon name="org.chromium.webapk.a30bcd7992b8480fa_v2/org.chromium.webapk.shell_apk.h2o.H2OOpaqueMainActivity" image="aniwatch"/>

	<!-- Aniwave -->
	<AppIcon name="org.chromium.webapk.a7c15a3315bedebcb_v2/org.chromium.webapk.shell_apk.h2o.H2OOpaqueMainActivity" image="aniwave"/>

	<!-- Arity -->
	<AppIcon name="org.woheller69.arity/arity.calculator.Calculator" image="arity"/>

	<!-- BombSquad -->
	<AppIcon name="net.froemling.bombsquad/net.froemling.bombsquad.MainActivity" image="bombsquad"/>

	<!-- Canara ai1 -->
	<AppIcon name="com.canarabank.mobility/com.canarabank.mobility.MainActivity" image="canara_ai1"/>

	<!-- CANARA Digital Rupee -->
	<AppIcon name="org.npci.erupeeCANARA/org.npci.token.MainActivity" image="canara_digital_rupee"/>

	<!-- CrookCatcher -->
	<AppIcon name="com.harteg.crookcatcher/com.harteg.crookcatcher.MainActivity" image="crookcatcher"/>

	<!-- Device care -->
	<AppIcon name="com.samsung.android.lool/com.samsung.android.sm.ui.DefaultActivity" image="device_care"/>

	<!-- Domino's -->
	<AppIcon name="com.Dominos/com.Dominos.activity.alias.LauncherDefaultAlias" image="dominos"/>

	<!-- Expenses Manager -->
	<AppIcon name="com.amitm29.am.dailyexpensesmanager/com.amitm29.am.dailyexpensesmanager.MainActivity" image="expenses_manager"/>

	<!-- Fhpl Sparrow -->
	<AppIcon name="net.fhpl/net.fhpl.MainActivity" image="fhpl_sparrow"/>

	<!-- FV File Explorer -->
	<AppIcon name="com.folderv.file/com.folderv.file.SplashActivity" image="fv_file_explorer"/>

	<!-- Gaming Hub -->
	<AppIcon name="com.samsung.android.game.gamehome/com.samsung.android.game.gamehome.app.MainActivity" image="gaming_hub"/>

	<!-- GCalculator -->
	<AppIcon name="com.thinkyeah.galleryvault/com.thinkyeah.galleryvault.icondisguise.calculator.CalculatorStartActivity" image="gcalculator"/>

	<!-- Genshin Impact -->
	<AppIcon name="com.miHoYo.GenshinImpact/com.miHoYo.GetMobileInfo.MainActivity" image="genshin_impact"/>

	<!-- Happay Expense -->
	<AppIcon name="com.happay.android.v2/com.happay.android.v2.activity.LoginActivity" image="happay_expense"/>

	<!-- JioMart -->
	<AppIcon name="com.jpl.jiomart/com.jpl.jiomartsdk.dashboard.activities.SplashActivityAlias1" image="jiomart"/>

	<!-- Key Mapper -->
	<AppIcon name="io.github.sds100.keymapper/io.github.sds100.keymapper.SplashActivity" image="key_mapper"/>

	<!-- MakeMyTrip -->
	<AppIcon name="com.makemytrip/com.mmt.travel.app.home.ui.SplashActivity" image="makemytrip"/>

	<!-- Meme Generator -->
	<AppIcon name="com.zombodroid.MemeGenerator/com.zombodroid.memegen6source.SplashActivity" image="meme_generator"/>

	<!-- Mimo -->
	<AppIcon name="com.getmimo/com.getmimo.ui.SplashActivity_default" image="mimo"/>

	<!-- Minma Icon Pack -->
	<AppIcon name="com.minma.icon.free/com.minma.icon.free.activities.SplashActivity" image="minma_icon_pack"/>

	<!-- MiX -->
	<AppIcon name="com.mixplorer/com.mixplorer.activities.BrowseActivity" image="mix"/>

	<!-- Moneycontrol -->
	<AppIcon name="com.divum.MoneyControl/com.moneycontrol.handheld.SplashActivity.NONPRO" image="moneycontrol"/>

	<!-- My Galaxy -->
	<AppIcon name="com.mygalaxy/com.mygalaxy.SplashScreenActivity" image="my_galaxy"/>

	<!-- MyGate -->
	<AppIcon name="com.mygate.user/com.mygate.user.modules.shared.SplashActivity" image="mygate"/>

	<!-- Myntra -->
	<AppIcon name="com.myntra.android/com.myntra.android.activities.react.ReactActivity" image="myntra"/>

	<!-- Naukri.com -->
	<AppIcon name="naukriApp.appModules.login/com.naukri.splash.SplashActivity" image="naukricom"/>

	<!-- News -->
	<AppIcon name="com.google.android.apps.magazines/com.google.apps.dots.android.app.activity.CurrentsStartActivity" image="news"/>

	<!-- NextGen mParivahan -->
	<AppIcon name="com.nic.mparivahan/com.nic.mparivahan.Welcome.SplashScreen" image="nextgen_mparivahan"/>

	<!-- Paper Toss -->
	<AppIcon name="com.bfs.papertoss/com.backflipstudios.bf_google_play.CheckGooglePlayServicesVersionActivity" image="paper_toss"/>

	<!-- PLAYit -->
	<AppIcon name="com.playit.videoplayer/com.quantum.player.ui.activities.MainActivity" image="playit"/>

	<!-- Policybazaar -->
	<AppIcon name="com.policybazaar/com.policybazaar.MainActivity" image="policybazaar"/>

	<!-- Practo -->
	<AppIcon name="com.practo.fabric/com.practo.fabric.LauncherAlias" image="practo"/>

	<!-- Price History -->
	<AppIcon name="in.pricehistory.app/in.pricehistory.app.MainActivity" image="price_history"/>

	<!-- PvZ 2 -->
	<AppIcon name="com.ea.game.pvz2_row/com.popcap.PvZ2.PvZ2GameActivity" image="pvz_2"/>

	<!-- Quora -->
	<AppIcon name="com.quora.android/com.quora.android.components.activities.LauncherActivity" image="quora"/>

	<!-- Reddit -->
	<AppIcon name="com.reddit.frontpage/launcher.doge" image="reddit"/>

	<!-- Reliance resQ -->
	<AppIcon name="com.ril.resq/com.ril.resq.MainActivity" image="reliance_resq"/>

	<!-- ReVanced Updater -->
	<AppIcon name="it.leddaz.revancedupdater/it.leddaz.revancedupdater.MainActivity" image="revanced_updater"/>

	<!-- Saikou -->
	<AppIcon name="ani.saikou/ani.saikou.MainActivity" image="saikou"/>

	<!-- Samsung Shop -->
	<AppIcon name="com.samsung.ecomm.global.in/com.samsung.ecomm.global.shop_app.MainActivity" image="samsung_shop"/>

	<!-- SBI Card -->
	<AppIcon name="com.ge.capital.konysbiapp/com.ge.capital.konysbiapp.SBICard" image="sbi_card"/>

	<!-- Securtime -->
	<AppIcon name="in.securax.samaya/com.securax.samaya.ui.splash.SplashActivity" image="securtime"/>

	<!-- Securtime -->
	<AppIcon name="org.chromium.webapk.ae60b0990c74b742e_v2/org.chromium.webapk.shell_apk.h2o.H2OOpaqueMainActivity" image="securtime"/>

	<!-- Send Files To TV -->
	<AppIcon name="com.yablio.sendfilestotv/com.yablio.sendfilestotv.ui.MainActivity" image="send_files_to_tv"/>

	<!-- SMS Organizer -->
	<AppIcon name="com.microsoft.android.smsorganizer/com.microsoft.android.smsorganizer.StartupActivity" image="sms_organizer"/>

	<!-- SMSLocator -->
	<AppIcon name="com.t3kbau5.smslocator/com.t3kbau5.smslocator.MainActivity" image="smslocator"/>

	<!-- SquareQuick -->
	<AppIcon name="nocrop.photoeditor.squarequick/nocrop.photoeditor.squarequick.StartPageActivity" image="squarequick"/>

	<!-- Studio -->
	<AppIcon name="com.sec.android.app.vepreload/com.sec.android.app.vepreload.common.activity.ProjectShortcutActivity" image="studio"/>

	<!-- Tickertape -->
	<AppIcon name="in.tickertape/com.example.tt_mob_tickertape_flutter.MainActivity" image="tickertape"/>

	<!-- Timbre -->
	<AppIcon name="xeus.timbre/xeus.timbre.ui.main.MainActivity" image="timbre"/>

	<!-- TWAU -->
	<AppIcon name="com.telltalegames.fables100/com.telltalegames.expansion.downloader.SampleDownloaderActivity" image="twau"/>

	<!-- UMANG -->
	<AppIcon name="in.gov.umang.negd.g2c/in.gov.umang.negd.g2c.kotlin.ui.splash.SplashActivity" image="umang"/>

	<!-- UTS -->
	<AppIcon name="com.cris.utsmobile/com.cris.ima.utsonmobile.mainmenuitems.SplashActivity" image="uts"/>

	<!-- Water? 2 -->
	<AppIcon name="com.disney.wheresmywater2_goo/com.disney.wheresmywater2_goo.ActivitySkuGoogle" image="water_2"/>

	<!-- Wavelet -->
	<AppIcon name="com.pittvandewitt.wavelet/com.pittvandewitt.wavelet.MainActivity" image="wavelet"/>

	<!-- Web Video Caster -->
	<AppIcon name="com.instantbits.cast.webvideo/com.instantbits.cast.webvideo.SplashActivity" image="web_video_caster"/>

	<!-- Windscribe -->
	<AppIcon name="com.windscribe.vpn/com.windscribe.mobile.splash.SplashActivity" image="windscribe"/>

	<!-- Wonderland -->
	<AppIcon name="com.samsung.android.wonderland.wallpaper/com.samsung.android.wonderland.wallpaper.settings.StartupActivity" image="wonderland"/>

	<!-- Wynk Music -->
	<AppIcon name="com.bsbportal.music/com.bsbportal.music.v2.features.main.ui.HomeActivity" image="wynk_music"/>

	<!-- YMusic -->
	<AppIcon name="com.kapp.youtube.final/com.kapp.youtube.ui.MainActivity" image="ymusic"/>

	<!-- YugenAnime -->
	<AppIcon name="org.chromium.webapk.a3c9dcfef46526703_v2/org.chromium.webapk.shell_apk.h2o.H2OOpaqueMainActivity" image="yugenanime"/>

</Theme>