<resources>

	<!-- Abrechnung -->
	<item component="ComponentInfo{ivl.android.moneybalance/ivl.android.moneybalance.CalculationListActivity}" drawable="abrechnung" />

	<!-- Adobe Photoshop Express -->
	<item component="ComponentInfo{com.adobe.psmobile/com.adobe.psmobile.MainActivity}" drawable="adobe_photoshop_express" />

	<!-- BatteryBot Pro -->
	<item component="ComponentInfo{com.darshancomputing.BatteryIndicatorPro/com.darshancomputing.BatteryIndicatorPro.BatteryInfoActivity}" drawable="batterybot_pro" />

	<!-- BeihilfeBayern -->
	<item component="ComponentInfo{beihilfeapp.bayern/com.ibm.ish.screens.commons.splashscreen.SplashScreen}" drawable="beihilfebayern" />

	<!-- Calculator -->
	<item component="ComponentInfo{com.capybara.calculator/com.capybara.calculator.MainActivity}" drawable="calculator" />

	<!-- Camera Connect -->
	<item component="ComponentInfo{jp.co.canon.ic.cameraconnect/jp.co.canon.ic.cameraconnect.top.CCTopActivity}" drawable="camera_connect" />

	<!-- Camera Date Folders -->
	<item component="ComponentInfo{de.kromke.andreas.cameradatefolders/de.kromke.andreas.cameradatefolders.MainActivity}" drawable="camera_date_folders" />

	<!-- Cupace -->
	<item component="ComponentInfo{com.picmax.cupace/com.picmax.cupace.activity.SplashScreenActivity}" drawable="cupace" />

	<!-- DeepL -->
	<item component="ComponentInfo{com.example.deeplviewer/com.example.deeplviewer.MainActivity}" drawable="deepl" />

	<!-- dict.cc -->
	<item component="ComponentInfo{cc.dict.dictcc/cc.dict.dictcc.MainActivity}" drawable="dictcc" />

	<!-- Diktiergerät -->
	<item component="ComponentInfo{com.simplemobiletools.voicerecorder/com.simplemobiletools.voicerecorder.activities.SplashActivity.Orange}" drawable="diktiergerat" />

	<!-- Erste Hilfe -->
	<item component="ComponentInfo{de.malteser.erstehilfe/de.malteser.erstehilfe.MainActivity}" drawable="erste_hilfe" />

	<!-- FOSS Warn -->
	<item component="ComponentInfo{de.nucleus.foss_warn/de.nucleus.foss_warn.MainActivity}" drawable="foss_warn" />

	<!-- FreeOTP+ -->
	<item component="ComponentInfo{org.liberty.android.freeotpplus/org.fedorahosted.freeotp.ui.MainActivity}" drawable="freeotp_" />

	<!-- GIFShop -->
	<item component="ComponentInfo{com.gif.gifmaker/com.gif.gifmaker.ui.splash.SplashScreen}" drawable="gifshop" />

	<!-- Hanseatic Bank Mobile -->
	<item component="ComponentInfo{com.hanseaticbank.banking/com.hanseaticbank.banking.MainActivity}" drawable="hanseatic_bank_mobile" />

	<!-- HeliBoard -->
	<item component="ComponentInfo{helium314.keyboard/helium314.keyboard.latin.setup.SetupActivity}" drawable="heliboard" />

	<!-- Image & Video Date Fixer -->
	<item component="ComponentInfo{eu.duong.imagedatefixer/eu.duong.imagedatefixer.activities.MainActivity}" drawable="image_and_video_date_fixer" />

	<!-- Install with Options -->
	<item component="ComponentInfo{dev.zwander.installwithoptions/dev.zwander.installwithoptions.MainActivity}" drawable="install_with_options" />

	<!-- InviZible Pro -->
	<item component="ComponentInfo{pan.alexander.tordnscrypt.stable/pan.alexander.tordnscrypt.MainActivity}" drawable="invizible_pro" />

	<!-- Kontakte -->
	<item component="ComponentInfo{org.fossify.contacts/org.fossify.contacts.activities.SplashActivity.Green}" drawable="kontakte" />

	<!-- Mainzelmännchen Sticker -->
	<item component="ComponentInfo{de.zdf.sticker.mainzelmaennchen/de.zdf.sticker.mainzelmaennchen.core.main.MainActivity}" drawable="mainzelmannchen_sticker" />

	<!-- MeinDRK -->
	<item component="ComponentInfo{com.adamasvision.mydrk/com.adamasvision.mydrk.MainActivity}" drawable="meindrk" />

	<!-- Mobile Print -->
	<item component="ComponentInfo{com.sec.print.mobileprint/com.sec.print.mobileprint.ui.IntroActivity}" drawable="mobile_print" />

	<!-- MusikRaten -->
	<item component="ComponentInfo{ch.michaeljob.musikraten.android/ch.michaeljob.musikraten.android.MainActivity}" drawable="musikraten" />

	<!-- Muzei -->
	<item component="ComponentInfo{net.nurik.roman.muzei/com.google.android.apps.muzei.MuzeiActivity}" drawable="muzei" />

	<!-- MVG Fahrinfo -->
	<item component="ComponentInfo{de.swm.mvgfahrinfo.muenchen/de.swm.mvgfahrinfo.muenchen.common.general.activities.StartupActivity}" drawable="mvg_fahrinfo" />

	<!-- Nextcloud Dev -->
	<item component="ComponentInfo{com.nextcloud.android.beta/com.nmc.android.ui.LauncherActivity}" drawable="nextcloud_dev" />

	<!-- Notes -->
	<item component="ComponentInfo{com.grindrapp.android/com.grindrapp.android.HomeActivityNotes}" drawable="notes" />

	<!-- org.telegram.messenger.DefaultIcon -->
	<item component="ComponentInfo{org.forkgram.messenger/org.telegram.messenger.DefaultIcon}" drawable="orgtelegrammessengerdefaulticon" />

	<!-- Paseo -->
	<item component="ComponentInfo{ca.chancehorizon.paseo/ca.chancehorizon.paseo.MainActivity}" drawable="paseo" />

	<!-- PassAndroid -->
	<item component="ComponentInfo{org.ligi.passandroid/org.ligi.passandroid.ui.PassListActivity}" drawable="passandroid" />

	<!-- photoTAN -->
	<item component="ComponentInfo{com.commerzbank.photoTAN/de.commerzbank.phototan.container.ui.ContainerActivity}" drawable="phototan" />

	<!-- Pixel-Tipps -->
	<item component="ComponentInfo{com.google.android.apps.tips/com.google.android.apps.tips.TipsMain}" drawable="pixel_tipps" />

	<!-- Quik -->
	<item component="ComponentInfo{com.stupeflix.replay/com.stupeflix.replay.features.home.SplashActivity}" drawable="quik" />

	<!-- RBM Data -->
	<item component="ComponentInfo{com.redbull.android.esim/com.redbull.android.esim.ui.activity.MainActivity}" drawable="rbm_data" />

	<!-- Ricochlime -->
	<item component="ComponentInfo{com.adilhanney.ricochlime/com.adilhanney.ricochlime.MainActivity}" drawable="ricochlime" />

	<!-- SantanderSign -->
	<item component="ComponentInfo{mobile.santander.de.smartsign/mobile.santander.de.smartsign.launcher_d76f7fab456a4eae172bcc16dfd947c553383920669854d63dd49ebd9211aac6}" drawable="santandersign" />

	<!-- Scruff -->
	<item component="ComponentInfo{com.appspot.scruffapp/com.appspot.scruffapp.features.splash.views.SplashActivity}" drawable="scruff" />

	<!-- SD Maid Pro -->
	<item component="ComponentInfo{eu.thedarken.sdm.unlocker/eu.thedarken.sdm.unlocker.MainActivity}" drawable="sd_maid_pro" />

	<!-- Signal -->
	<item component="ComponentInfo{org.thoughtcrime.securesms/org.thoughtcrime.securesms.RoutingActivityAltChat}" drawable="signal" />

	<!-- SpielerPlus -->
	<item component="ComponentInfo{org.spielerplus.web/org.spielerplus.web.MainActivity}" drawable="spielerplus" />

	<!-- Stellarium -->
	<item component="ComponentInfo{com.noctuasoftware.stellarium_free/com.stellariumlabs.stellarium.mobile.StellariumFree}" drawable="stellarium" />

	<!-- Sudoku -->
	<item component="ComponentInfo{org.secuso.privacyfriendlysudoku/org.secuso.privacyfriendlysudoku.ui.SplashActivity}" drawable="sudoku" />

	<!-- SZ -->
	<item component="ComponentInfo{de.sde.mobile/de.swmh.szapp.MainActivity}" drawable="sz" />

	<!-- Tennis24 -->
	<item component="ComponentInfo{eu.livesport.Tennis24/eu.livesport.LiveSport_cz.SplashScreenActivity}" drawable="tennis24" />

	<!-- Vaux Editor -->
	<item component="ComponentInfo{com.vaux.vaux_editor/com.vaux.vaux_editor.MainActivity}" drawable="vaux_editor" />

	<!-- Video Dieter2 -->
	<item component="ComponentInfo{com.outplaylab.VideoDiet2/com.outplaylab.videotrim.MainActivity_}" drawable="video_dieter2" />

	<!-- VpnHood! -->
	<item component="ComponentInfo{com.vpnhood.client.android/crc64878500d16bb23c1a.MainActivity}" drawable="vpnhood_" />

	<!-- YouCam Fun -->
	<item component="ComponentInfo{com.perfectcorp.ycf/com.perfectcorp.ycf.activity.SplashActivity}" drawable="youcam_fun" />

</resources>