<Theme version="1">

	<!-- Abrechnung -->
	<AppIcon name="ivl.android.moneybalance/ivl.android.moneybalance.CalculationListActivity" image="abrechnung"/>

	<!-- Adobe Photoshop Express -->
	<AppIcon name="com.adobe.psmobile/com.adobe.psmobile.MainActivity" image="adobe_photoshop_express"/>

	<!-- BatteryBot Pro -->
	<AppIcon name="com.darshancomputing.BatteryIndicatorPro/com.darshancomputing.BatteryIndicatorPro.BatteryInfoActivity" image="batterybot_pro"/>

	<!-- BeihilfeBayern -->
	<AppIcon name="beihilfeapp.bayern/com.ibm.ish.screens.commons.splashscreen.SplashScreen" image="beihilfebayern"/>

	<!-- Calculator -->
	<AppIcon name="com.capybara.calculator/com.capybara.calculator.MainActivity" image="calculator"/>

	<!-- Camera Connect -->
	<AppIcon name="jp.co.canon.ic.cameraconnect/jp.co.canon.ic.cameraconnect.top.CCTopActivity" image="camera_connect"/>

	<!-- Camera Date Folders -->
	<AppIcon name="de.kromke.andreas.cameradatefolders/de.kromke.andreas.cameradatefolders.MainActivity" image="camera_date_folders"/>

	<!-- Cupace -->
	<AppIcon name="com.picmax.cupace/com.picmax.cupace.activity.SplashScreenActivity" image="cupace"/>

	<!-- DeepL -->
	<AppIcon name="com.example.deeplviewer/com.example.deeplviewer.MainActivity" image="deepl"/>

	<!-- dict.cc -->
	<AppIcon name="cc.dict.dictcc/cc.dict.dictcc.MainActivity" image="dictcc"/>

	<!-- Diktiergerät -->
	<AppIcon name="com.simplemobiletools.voicerecorder/com.simplemobiletools.voicerecorder.activities.SplashActivity.Orange" image="diktiergerat"/>

	<!-- Erste Hilfe -->
	<AppIcon name="de.malteser.erstehilfe/de.malteser.erstehilfe.MainActivity" image="erste_hilfe"/>

	<!-- FOSS Warn -->
	<AppIcon name="de.nucleus.foss_warn/de.nucleus.foss_warn.MainActivity" image="foss_warn"/>

	<!-- FreeOTP+ -->
	<AppIcon name="org.liberty.android.freeotpplus/org.fedorahosted.freeotp.ui.MainActivity" image="freeotp_"/>

	<!-- GIFShop -->
	<AppIcon name="com.gif.gifmaker/com.gif.gifmaker.ui.splash.SplashScreen" image="gifshop"/>

	<!-- Hanseatic Bank Mobile -->
	<AppIcon name="com.hanseaticbank.banking/com.hanseaticbank.banking.MainActivity" image="hanseatic_bank_mobile"/>

	<!-- HeliBoard -->
	<AppIcon name="helium314.keyboard/helium314.keyboard.latin.setup.SetupActivity" image="heliboard"/>

	<!-- Image & Video Date Fixer -->
	<AppIcon name="eu.duong.imagedatefixer/eu.duong.imagedatefixer.activities.MainActivity" image="image_and_video_date_fixer"/>

	<!-- Install with Options -->
	<AppIcon name="dev.zwander.installwithoptions/dev.zwander.installwithoptions.MainActivity" image="install_with_options"/>

	<!-- InviZible Pro -->
	<AppIcon name="pan.alexander.tordnscrypt.stable/pan.alexander.tordnscrypt.MainActivity" image="invizible_pro"/>

	<!-- Kontakte -->
	<AppIcon name="org.fossify.contacts/org.fossify.contacts.activities.SplashActivity.Green" image="kontakte"/>

	<!-- Mainzelmännchen Sticker -->
	<AppIcon name="de.zdf.sticker.mainzelmaennchen/de.zdf.sticker.mainzelmaennchen.core.main.MainActivity" image="mainzelmannchen_sticker"/>

	<!-- MeinDRK -->
	<AppIcon name="com.adamasvision.mydrk/com.adamasvision.mydrk.MainActivity" image="meindrk"/>

	<!-- Mobile Print -->
	<AppIcon name="com.sec.print.mobileprint/com.sec.print.mobileprint.ui.IntroActivity" image="mobile_print"/>

	<!-- MusikRaten -->
	<AppIcon name="ch.michaeljob.musikraten.android/ch.michaeljob.musikraten.android.MainActivity" image="musikraten"/>

	<!-- Muzei -->
	<AppIcon name="net.nurik.roman.muzei/com.google.android.apps.muzei.MuzeiActivity" image="muzei"/>

	<!-- MVG Fahrinfo -->
	<AppIcon name="de.swm.mvgfahrinfo.muenchen/de.swm.mvgfahrinfo.muenchen.common.general.activities.StartupActivity" image="mvg_fahrinfo"/>

	<!-- Nextcloud Dev -->
	<AppIcon name="com.nextcloud.android.beta/com.nmc.android.ui.LauncherActivity" image="nextcloud_dev"/>

	<!-- Notes -->
	<AppIcon name="com.grindrapp.android/com.grindrapp.android.HomeActivityNotes" image="notes"/>

	<!-- org.telegram.messenger.DefaultIcon -->
	<AppIcon name="org.forkgram.messenger/org.telegram.messenger.DefaultIcon" image="orgtelegrammessengerdefaulticon"/>

	<!-- Paseo -->
	<AppIcon name="ca.chancehorizon.paseo/ca.chancehorizon.paseo.MainActivity" image="paseo"/>

	<!-- PassAndroid -->
	<AppIcon name="org.ligi.passandroid/org.ligi.passandroid.ui.PassListActivity" image="passandroid"/>

	<!-- photoTAN -->
	<AppIcon name="com.commerzbank.photoTAN/de.commerzbank.phototan.container.ui.ContainerActivity" image="phototan"/>

	<!-- Pixel-Tipps -->
	<AppIcon name="com.google.android.apps.tips/com.google.android.apps.tips.TipsMain" image="pixel_tipps"/>

	<!-- Quik -->
	<AppIcon name="com.stupeflix.replay/com.stupeflix.replay.features.home.SplashActivity" image="quik"/>

	<!-- RBM Data -->
	<AppIcon name="com.redbull.android.esim/com.redbull.android.esim.ui.activity.MainActivity" image="rbm_data"/>

	<!-- Ricochlime -->
	<AppIcon name="com.adilhanney.ricochlime/com.adilhanney.ricochlime.MainActivity" image="ricochlime"/>

	<!-- SantanderSign -->
	<AppIcon name="mobile.santander.de.smartsign/mobile.santander.de.smartsign.launcher_d76f7fab456a4eae172bcc16dfd947c553383920669854d63dd49ebd9211aac6" image="santandersign"/>

	<!-- Scruff -->
	<AppIcon name="com.appspot.scruffapp/com.appspot.scruffapp.features.splash.views.SplashActivity" image="scruff"/>

	<!-- SD Maid Pro -->
	<AppIcon name="eu.thedarken.sdm.unlocker/eu.thedarken.sdm.unlocker.MainActivity" image="sd_maid_pro"/>

	<!-- Signal -->
	<AppIcon name="org.thoughtcrime.securesms/org.thoughtcrime.securesms.RoutingActivityAltChat" image="signal"/>

	<!-- SpielerPlus -->
	<AppIcon name="org.spielerplus.web/org.spielerplus.web.MainActivity" image="spielerplus"/>

	<!-- Stellarium -->
	<AppIcon name="com.noctuasoftware.stellarium_free/com.stellariumlabs.stellarium.mobile.StellariumFree" image="stellarium"/>

	<!-- Sudoku -->
	<AppIcon name="org.secuso.privacyfriendlysudoku/org.secuso.privacyfriendlysudoku.ui.SplashActivity" image="sudoku"/>

	<!-- SZ -->
	<AppIcon name="de.sde.mobile/de.swmh.szapp.MainActivity" image="sz"/>

	<!-- Tennis24 -->
	<AppIcon name="eu.livesport.Tennis24/eu.livesport.LiveSport_cz.SplashScreenActivity" image="tennis24"/>

	<!-- Vaux Editor -->
	<AppIcon name="com.vaux.vaux_editor/com.vaux.vaux_editor.MainActivity" image="vaux_editor"/>

	<!-- Video Dieter2 -->
	<AppIcon name="com.outplaylab.VideoDiet2/com.outplaylab.videotrim.MainActivity_" image="video_dieter2"/>

	<!-- VpnHood! -->
	<AppIcon name="com.vpnhood.client.android/crc64878500d16bb23c1a.MainActivity" image="vpnhood_"/>

	<!-- YouCam Fun -->
	<AppIcon name="com.perfectcorp.ycf/com.perfectcorp.ycf.activity.SplashActivity" image="youcam_fun"/>

</Theme>