<resources>

	<!-- Галерея -->
	<item component="ComponentInfo{com.android.gallery3d/com.android.gallery3d.app.Gallery}" drawable="галерея" />

	<!-- ГдеПосылка -->
	<item component="ComponentInfo{ru.gdeposylka.delta/ru.gdeposylka.delta.ui.tracklist.TracklistActivity}" drawable="гдепосылка" />

	<!-- Диктофон HD -->
	<item component="ComponentInfo{com.lge.hifirecorder/com.lge.hifirecorder.LaunchHifiRecorder}" drawable="диктофон_hd" />

	<!-- Загрузчик видео -->
	<item component="ComponentInfo{video.downloader.videodownloader/video.downloader.videodownloader.activity.MainActivity}" drawable="загрузчик_видео" />

	<!-- Запуск Игр -->
	<item component="ComponentInfo{com.lge.gamelauncher/com.lge.gamelauncher.ui.home.GameLauncherActivity}" drawable="запуск_игр" />

	<!-- Камера -->
	<item component="ComponentInfo{com.lge.camera/com.lge.camera.CameraAppLauncher}" drawable="камера" />

	<!-- Мій Київстар -->
	<item component="ComponentInfo{com.kyivstar.mykyivstar/com.kyivstar.mykyivstar.MainActivity}" drawable="міи_киівстар" />

	<!-- Мои маршруты -->
	<item component="ComponentInfo{com.zihua.android.mytracks/com.zihua.android.mytracks.PermissionActivity}" drawable="мои_маршруты" />

	<!-- Музыка -->
	<item component="ComponentInfo{com.lge.music/com.lge.music.MusicBrowserActivity}" drawable="музыка" />

	<!-- ПДД -->
	<item component="ComponentInfo{com.monolit.pddua/com.vokrab.pdd.MainActivity}" drawable="пдд" />

	<!-- Телефон -->
	<item component="ComponentInfo{com.android.contacts/com.android.contacts.activities.DialtactsActivity}" drawable="телефон" />

	<!-- Тесты ПДД -->
	<item component="ComponentInfo{com.monolit.pddexamua/com.vokrab.ppdukraineexam.MainActivity}" drawable="тесты_пдд" />

	<!-- Файлы -->
	<item component="ComponentInfo{com.marc.files/nl.marc_apps.files.MainActivity}" drawable="фаилы" />

	<!-- Финансы -->
	<item component="ComponentInfo{ru.innim.my_finance/ru.innim.my_finance.MainActivity}" drawable="финансы" />

	<!-- Часы -->
	<item component="ComponentInfo{com.lge.clock/com.lge.clock.AlarmClockActivity}" drawable="часы" />

	<!-- Чат NektoMe -->
	<item component="ComponentInfo{com.nektome.talk/com.nektome.talk.main.SplashActivity}" drawable="чат_nektome" />

	<!-- AliExpress -->
	<item component="ComponentInfo{com.alibaba.aliexpresshd/com.aliexpress.app.FirstActivity}" drawable="aliexpress" />

	<!-- AUTO.RIA -->
	<item component="ComponentInfo{com.ria.auto/com.ria.auto.RiaGifAnimationActivity}" drawable="autoria" />

	<!-- Battlecruisers -->
	<item component="ComponentInfo{com.Bluebottle.Battlecruisers/com.unity3d.player.UnityPlayerActivity}" drawable="battlecruisers" />

	<!-- black -->
	<item component="ComponentInfo{air.com.bartbonte.black/air.com.bartbonte.black.AIRAppEntry}" drawable="black" />

	<!-- Death Rover -->
	<item component="ComponentInfo{com.tranquility.colony/com.unity3d.player.UnityPlayerActivity}" drawable="death_rover" />

	<!-- Deezer -->
	<item component="ComponentInfo{deezer.android.app/com.deezer.android.ui.activity.LauncherActivity}" drawable="deezer" />

	<!-- FS 23 -->
	<item component="ComponentInfo{com.giantssoftware.fs23.google/com.giantssoftware.MainActivity}" drawable="fs_23" />

	<!-- Getcontact -->
	<item component="ComponentInfo{app.source.getcontact/app.source.getcontact.ui.starter.StarterActivity}" drawable="getcontact" />

	<!-- Hypatia -->
	<item component="ComponentInfo{us.spotco.malwarescanner/us.spotco.malwarescanner.MainActivity}" drawable="hypatia" />

	<!-- KLCK -->
	<item component="ComponentInfo{org.kustom.lockscreen/org.kustom.app.OnBoardingActivity}" drawable="klck" />

	<!-- KLCK Pro -->
	<item component="ComponentInfo{org.kustom.lockscreen.pro/org.kustom.pro.MainActivity}" drawable="klck_pro" />

	<!-- KLWP -->
	<item component="ComponentInfo{org.kustom.wallpaper/org.kustom.app.OnBoardingActivity}" drawable="klwp" />

	<!-- Smart Book -->
	<item component="ComponentInfo{com.kursx.smartbook/com.kursx.smartbook.MainActivity}" drawable="smart_book" />

	<!-- LG Health (will closed) -->
	<item component="ComponentInfo{com.lge.lifetracker/com.lge.lifetracker.ui.MainActivity}" drawable="lg_health_will_closed_" />

	<!-- MacroDroid -->
	<item component="ComponentInfo{com.arlosoft.macrodroid/com.arlosoft.macrodroid.intro.IntroActivity}" drawable="macrodroid" />

	<!-- MediaGet -->
	<item component="ComponentInfo{com.mediaget.android/com.mediaget.android.MainActivity}" drawable="mediaget" />

	<!-- Message+ -->
	<item component="ComponentInfo{com.verizon.messaging.vzmsgs/com.verizon.mms.ui.activity.Provisioning}" drawable="message_" />

	<!-- Mono KLWP -->
	<item component="ComponentInfo{monoklwp.droidbeauty.pack/org.kustom.api.dashboard.DashboardActivity}" drawable="mono_klwp" />

	<!-- MX Player -->
	<item component="ComponentInfo{com.mxtech.videoplayer.ad/com.mxtech.videoplayer.ad.ActivityWelcomeMX}" drawable="mx_player" />

	<!-- My Vodafone -->
	<item component="ComponentInfo{ua.vodafone.myvodafone/ua.vodafone.myvodafone.MainActivity}" drawable="my_vodafone" />

	<!-- Netmonitor -->
	<item component="ComponentInfo{com.parizene.netmonitor/com.parizene.netmonitor.ui.HomeActivity}" drawable="netmonitor" />

	<!-- Offroad Chronicles -->
	<item component="ComponentInfo{com.szinteractive.SnowRoad/com.unity3d.player.UnityPlayerActivity}" drawable="offroad_chronicles" />

	<!-- Olauncher Clutter Free -->
	<item component="ComponentInfo{app.olaunchercf/app.olaunchercf.MainActivity}" drawable="olauncher_clutter_free" />

	<!-- OLX.ua -->
	<item component="ComponentInfo{ua.slando/pl.tablica2.app.startup.activity.StartupActivity}" drawable="olxua" />

	<!-- Our Empire Remake Pro -->
	<item component="ComponentInfo{com.SKGames.OurEmpireRemakePro/com.unity3d.player.UnityPlayerActivity}" drawable="our_empire_remake_pro" />

	<!-- Project Entropy -->
	<item component="ComponentInfo{com.entropy.global/com.kingsgroup.ww2.UnityPlayerActivity}" drawable="project_entropy" />

	<!-- Prom -->
	<item component="ComponentInfo{ua.prom.b2c/ua.prom.b2c.SplashActivity}" drawable="prom" />

	<!-- PUBG MOBILE -->
	<item component="ComponentInfo{com.tencent.ig/com.epicgames.ue4.SplashActivity}" drawable="pubg_mobile" />

	<!-- QuickMemo+ -->
	<item component="ComponentInfo{com.lge.qmemoplus/com.lge.qmemoplus.ui.main.MainActivity}" drawable="quickmemo_" />

	<!-- ReadEra -->
	<item component="ComponentInfo{org.readera/com.readera.MainActivity}" drawable="readera" />

	<!-- red -->
	<item component="ComponentInfo{air.com.bartbonte.red/air.com.bartbonte.red.AIRAppEntry}" drawable="red" />

	<!-- RST.ua -->
	<item component="ComponentInfo{ua.rst.android/ua.rst.android.MainActivity}" drawable="rstua" />

	<!-- SMS/MMS -->
	<item component="ComponentInfo{com.android.mms/com.android.mms.ui.ConversationList}" drawable="sms_mms" />

	<!-- SoundCloud -->
	<item component="ComponentInfo{com.soundcloud.android/com.soundcloud.android.launcher.LauncherActivity}" drawable="soundcloud" />

	<!-- Space Chase -->
	<item component="ComponentInfo{com.snowdon.starflight/com.unity3d.player.UnityPlayerActivity}" drawable="space_chase" />

	<!-- Spinning Moon -->
	<item component="ComponentInfo{spinningmoon.kustom.pack/org.kustom.api.dashboard.DashboardActivity}" drawable="spinning_moon" />

	<!-- Stepik -->
	<item component="ComponentInfo{org.stepic.droid/org.stepic.droid.view.activities.SplashActivity}" drawable="stepik" />

	<!-- TouchVPN -->
	<item component="ComponentInfo{com.northghost.touchvpn/com.anchorfree.touchvpn.MainActivity}" drawable="touchvpn" />

	<!-- Unlauncher -->
	<item component="ComponentInfo{com.jkuester.unlauncher/com.sduduzog.slimlauncher.MainActivity}" drawable="unlauncher" />

	<!-- V720 -->
	<item component="ComponentInfo{com.naxclow.v720/io.dcloud.PandoraEntry}" drawable="v720" />

	<!-- Viber -->
	<item component="ComponentInfo{com.viber.voip/com.viber.voip.WelcomeActivity}" drawable="viber" />

	<!-- VK -->
	<item component="ComponentInfo{com.vkontakte.android/com.vk.android.launcher.icons.IconAlias.DefaultIcon}" drawable="vk" />

	<!-- Voicemail -->
	<item component="ComponentInfo{com.lge.vvm/com.lge.vvm.ProvisioningStateMachine}" drawable="voicemail" />

	<!-- VPNSatoshi -->
	<item component="ComponentInfo{com.satoshi.vpns/com.satoshi.vpns.ui.activity.MainActivity}" drawable="vpnsatoshi" />

	<!-- War Thunder Mobile -->
	<item component="ComponentInfo{com.gaijingames.wtm/com.gaijingames.wtm.VersionSelector}" drawable="war_thunder_mobile" />

	<!-- Zombotron -->
	<item component="ComponentInfo{ru.antkarlov.zombotron/com.unity3d.player.UnityPlayerActivity}" drawable="zombotron" />

</resources>