<resources>

	<!-- Bolt -->
	<item component="ComponentInfo{ee.mtakso.client/ee.mtakso.client.activity.SplashHomeActivity}" drawable="bolt" />

	<!-- Clock -->
	<item component="ComponentInfo{com.android.deskclock/com.android.deskclock.DeskClockTabActivity}" drawable="clock" />

	<!-- Digital Wellbeing -->
	<item component="ComponentInfo{com.google.android.apps.wellbeing/com.google.android.apps.wellbeing.settings.LauncherActivity}" drawable="digital_wellbeing" />

	<!-- Eurovision -->
	<item component="ComponentInfo{de.digame.esc/com.choicely.studio.splash.SplashActivity}" drawable="eurovision" />

	<!-- Gallery -->
	<item component="ComponentInfo{com.miui.gallery/com.miui.gallery.activity.HomePageActivity}" drawable="gallery" />

	<!-- Tinder -->
	<item component="ComponentInfo{com.tinder/com.tinder.launch.internal.activities.LoginActivity}" drawable="tinder" />

	<!-- Trello -->
	<item component="ComponentInfo{com.trello/com.trello.home.HomeActivity}" drawable="trello" />

	<!-- Wolt -->
	<item component="ComponentInfo{com.wolt.android/com.wolt.android.activities.LauncherActivity}" drawable="wolt" />

</resources>