<appmap>

	<!-- Bolt -->
	<item class="ee.mtakso.client.activity.SplashHomeActivity" name="bolt"/>

	<!-- Clock -->
	<item class="com.android.deskclock.DeskClockTabActivity" name="clock"/>

	<!-- Digital Wellbeing -->
	<item class="com.google.android.apps.wellbeing.settings.LauncherActivity" name="digital_wellbeing"/>

	<!-- Eurovision -->
	<item class="com.choicely.studio.splash.SplashActivity" name="eurovision"/>

	<!-- Gallery -->
	<item class="com.miui.gallery.activity.HomePageActivity" name="gallery"/>

	<!-- Tinder -->
	<item class="com.tinder.launch.internal.activities.LoginActivity" name="tinder"/>

	<!-- Trello -->
	<item class="com.trello.home.HomeActivity" name="trello"/>

	<!-- Wolt -->
	<item class="com.wolt.android.activities.LauncherActivity" name="wolt"/>

</appmap>