<Theme version="1">

	<!-- Bolt -->
	<AppIcon name="ee.mtakso.client/ee.mtakso.client.activity.SplashHomeActivity" image="bolt"/>

	<!-- Clock -->
	<AppIcon name="com.android.deskclock/com.android.deskclock.DeskClockTabActivity" image="clock"/>

	<!-- Digital Wellbeing -->
	<AppIcon name="com.google.android.apps.wellbeing/com.google.android.apps.wellbeing.settings.LauncherActivity" image="digital_wellbeing"/>

	<!-- Eurovision -->
	<AppIcon name="de.digame.esc/com.choicely.studio.splash.SplashActivity" image="eurovision"/>

	<!-- Gallery -->
	<AppIcon name="com.miui.gallery/com.miui.gallery.activity.HomePageActivity" image="gallery"/>

	<!-- Tinder -->
	<AppIcon name="com.tinder/com.tinder.launch.internal.activities.LoginActivity" image="tinder"/>

	<!-- Trello -->
	<AppIcon name="com.trello/com.trello.home.HomeActivity" image="trello"/>

	<!-- Wolt -->
	<AppIcon name="com.wolt.android/com.wolt.android.activities.LauncherActivity" image="wolt"/>

</Theme>