<resources>

	<!-- Apps -->
	<item component="ComponentInfo{app.grapheneos.apps/app.grapheneos.apps.ui.MainActivity}" drawable="apps" />

	<!-- Arcticons -->
	<item component="ComponentInfo{com.donnnno.arcticons/com.donnnno.arcticons.activities.MainActivity}" drawable="arcticons" />

	<!-- Auditor -->
	<item component="ComponentInfo{app.attestation.auditor/app.attestation.auditor.AttestationActivity}" drawable="auditor" />

	<!-- Captive Portal Controller -->
	<item component="ComponentInfo{io.github.muntashirakon.captiveportalcontroller/io.github.muntashirakon.captiveportalcontroller.LaunchActivity}" drawable="captive_portal_controller" />

	<!-- Duo Mobile -->
	<item component="ComponentInfo{com.duosecurity.duomobile/com.duosecurity.duomobile.account_list.AccountListActivity}" drawable="duo_mobile" />

	<!-- Etar -->
	<item component="ComponentInfo{ws.xsoh.etar/com.android.calendar.AllInOneActivity}" drawable="etar" />

	<!-- mail -->
	<item component="ComponentInfo{de.monocles.mail/com.fsck.k9.activity.MessageList}" drawable="mail" />

	<!-- MuPDF mini -->
	<item component="ComponentInfo{com.artifex.mupdf.mini.app/com.artifex.mupdf.mini.app.LibraryActivity}" drawable="mupdf_mini" />

	<!-- Plus500 -->
	<item component="ComponentInfo{com.Plus500/com.plus500.screens.mainScreen.DrawerMainActivity}" drawable="plus500" />

	<!-- Post & DHL -->
	<item component="ComponentInfo{de.dhl.paket/de.its_berlin.dhlpaket.base.main.MainActivity}" drawable="post_and_dhl" />

	<!-- Snow -->
	<item component="ComponentInfo{org.baitmooth.snow/org.baitmooth.snow.activities.SplashActivity}" drawable="snow" />

	<!-- Squircle CE -->
	<item component="ComponentInfo{com.blacksquircle.ui/com.blacksquircle.ui.application.activity.MainActivity}" drawable="squircle_ce" />

	<!-- Thomann -->
	<item component="ComponentInfo{de.thomann/de.thomann.MainActivity}" drawable="thomann" />

	<!-- Torrent Client -->
	<item component="ComponentInfo{com.github.axet.torrentclient/com.github.axet.torrentclient.activities.MainActivity}" drawable="torrent_client" />

	<!-- Unexpected Keyboard -->
	<item component="ComponentInfo{juloo.keyboard2/juloo.keyboard2.LauncherActivity}" drawable="unexpected_keyboard" />

</resources>