<appmap>

	<!-- Apps -->
	<item class="app.grapheneos.apps.ui.MainActivity" name="apps"/>

	<!-- Arcticons -->
	<item class="com.donnnno.arcticons.activities.MainActivity" name="arcticons"/>

	<!-- Auditor -->
	<item class="app.attestation.auditor.AttestationActivity" name="auditor"/>

	<!-- Captive Portal Controller -->
	<item class="io.github.muntashirakon.captiveportalcontroller.LaunchActivity" name="captive_portal_controller"/>

	<!-- Duo Mobile -->
	<item class="com.duosecurity.duomobile.account_list.AccountListActivity" name="duo_mobile"/>

	<!-- Etar -->
	<item class="com.android.calendar.AllInOneActivity" name="etar"/>

	<!-- mail -->
	<item class="com.fsck.k9.activity.MessageList" name="mail"/>

	<!-- MuPDF mini -->
	<item class="com.artifex.mupdf.mini.app.LibraryActivity" name="mupdf_mini"/>

	<!-- Plus500 -->
	<item class="com.plus500.screens.mainScreen.DrawerMainActivity" name="plus500"/>

	<!-- Post & DHL -->
	<item class="de.its_berlin.dhlpaket.base.main.MainActivity" name="post_and_dhl"/>

	<!-- Snow -->
	<item class="org.baitmooth.snow.activities.SplashActivity" name="snow"/>

	<!-- Squircle CE -->
	<item class="com.blacksquircle.ui.application.activity.MainActivity" name="squircle_ce"/>

	<!-- Thomann -->
	<item class="de.thomann.MainActivity" name="thomann"/>

	<!-- Torrent Client -->
	<item class="com.github.axet.torrentclient.activities.MainActivity" name="torrent_client"/>

	<!-- Unexpected Keyboard -->
	<item class="juloo.keyboard2.LauncherActivity" name="unexpected_keyboard"/>

</appmap>