<Theme version="1">

	<!-- Apps -->
	<AppIcon name="app.grapheneos.apps/app.grapheneos.apps.ui.MainActivity" image="apps"/>

	<!-- Arcticons -->
	<AppIcon name="com.donnnno.arcticons/com.donnnno.arcticons.activities.MainActivity" image="arcticons"/>

	<!-- Auditor -->
	<AppIcon name="app.attestation.auditor/app.attestation.auditor.AttestationActivity" image="auditor"/>

	<!-- Captive Portal Controller -->
	<AppIcon name="io.github.muntashirakon.captiveportalcontroller/io.github.muntashirakon.captiveportalcontroller.LaunchActivity" image="captive_portal_controller"/>

	<!-- Duo Mobile -->
	<AppIcon name="com.duosecurity.duomobile/com.duosecurity.duomobile.account_list.AccountListActivity" image="duo_mobile"/>

	<!-- Etar -->
	<AppIcon name="ws.xsoh.etar/com.android.calendar.AllInOneActivity" image="etar"/>

	<!-- mail -->
	<AppIcon name="de.monocles.mail/com.fsck.k9.activity.MessageList" image="mail"/>

	<!-- MuPDF mini -->
	<AppIcon name="com.artifex.mupdf.mini.app/com.artifex.mupdf.mini.app.LibraryActivity" image="mupdf_mini"/>

	<!-- Plus500 -->
	<AppIcon name="com.Plus500/com.plus500.screens.mainScreen.DrawerMainActivity" image="plus500"/>

	<!-- Post & DHL -->
	<AppIcon name="de.dhl.paket/de.its_berlin.dhlpaket.base.main.MainActivity" image="post_and_dhl"/>

	<!-- Snow -->
	<AppIcon name="org.baitmooth.snow/org.baitmooth.snow.activities.SplashActivity" image="snow"/>

	<!-- Squircle CE -->
	<AppIcon name="com.blacksquircle.ui/com.blacksquircle.ui.application.activity.MainActivity" image="squircle_ce"/>

	<!-- Thomann -->
	<AppIcon name="de.thomann/de.thomann.MainActivity" image="thomann"/>

	<!-- Torrent Client -->
	<AppIcon name="com.github.axet.torrentclient/com.github.axet.torrentclient.activities.MainActivity" image="torrent_client"/>

	<!-- Unexpected Keyboard -->
	<AppIcon name="juloo.keyboard2/juloo.keyboard2.LauncherActivity" image="unexpected_keyboard"/>

</Theme>