<resources>

	<!-- Arcticons Material You -->
	<item component="ComponentInfo{com.donnnno.arcticons.you/com.donnnno.arcticons.activities.MainActivity}" drawable="arcticons_material_you" />

	<!-- Bromite -->
	<item component="ComponentInfo{org.bromite.bromite/com.google.android.apps.chrome.Main}" drawable="bromite" />

	<!-- Fotocamera -->
	<item component="ComponentInfo{com.nothing.camera/com.nothing.camera.activity.CameraActivity}" drawable="fotocamera" />

	<!-- Galleria -->
	<item component="ComponentInfo{org.fossify.gallery/org.fossify.gallery.activities.SplashActivity.Orange}" drawable="galleria" />

	<!-- Ivy Wallet -->
	<item component="ComponentInfo{com.ivy.wallet/com.ivy.wallet.RootActivity}" drawable="ivy_wallet" />

	<!-- Mobile -->
	<item component="ComponentInfo{com.latuabancaperandroid/com.latuabancaperandroid.presentation.activity.LandingPageActivity2}" drawable="mobile" />

	<!-- OpenBoard -->
	<item component="ComponentInfo{org.dslul.openboard.inputmethod.latin/org.dslul.openboard.inputmethod.latin.setup.SetupActivity}" drawable="openboard" />

	<!-- Oxigen HD -->
	<item component="ComponentInfo{com.cris87.oxygen/com.candybar.dev.activities.SplashActivity}" drawable="oxigen_hd" />

	<!-- PDF Viewer -->
	<item component="ComponentInfo{app.grapheneos.pdfviewer.play/app.grapheneos.pdfviewer.PdfViewer}" drawable="pdf_viewer" />

	<!-- PosteID -->
	<item component="ComponentInfo{posteitaliane.posteapp.appposteid/posteitaliane.posteapp.appposteid.welcome.WelcomeAct}" drawable="posteid" />

	<!-- Registratore -->
	<item component="ComponentInfo{com.nothing.soundrecorder/com.nothing.soundrecorder.ui.NewMainActivity}" drawable="registratore" />

	<!-- SD Maid SE -->
	<item component="ComponentInfo{eu.darken.sdmse/eu.darken.sdmse.main.ui.MainActivity}" drawable="sd_maid_se" />

	<!-- Urmet Secure -->
	<item component="ComponentInfo{com.urmet.multisistema/com.urmet.multisistema.LoginActivity}" drawable="urmet_secure" />

</resources>