<Theme version="1">

	<!-- Arcticons Material You -->
	<AppIcon name="com.donnnno.arcticons.you/com.donnnno.arcticons.activities.MainActivity" image="arcticons_material_you"/>

	<!-- Bromite -->
	<AppIcon name="org.bromite.bromite/com.google.android.apps.chrome.Main" image="bromite"/>

	<!-- Fotocamera -->
	<AppIcon name="com.nothing.camera/com.nothing.camera.activity.CameraActivity" image="fotocamera"/>

	<!-- Galleria -->
	<AppIcon name="org.fossify.gallery/org.fossify.gallery.activities.SplashActivity.Orange" image="galleria"/>

	<!-- Ivy Wallet -->
	<AppIcon name="com.ivy.wallet/com.ivy.wallet.RootActivity" image="ivy_wallet"/>

	<!-- Mobile -->
	<AppIcon name="com.latuabancaperandroid/com.latuabancaperandroid.presentation.activity.LandingPageActivity2" image="mobile"/>

	<!-- OpenBoard -->
	<AppIcon name="org.dslul.openboard.inputmethod.latin/org.dslul.openboard.inputmethod.latin.setup.SetupActivity" image="openboard"/>

	<!-- Oxigen HD -->
	<AppIcon name="com.cris87.oxygen/com.candybar.dev.activities.SplashActivity" image="oxigen_hd"/>

	<!-- PDF Viewer -->
	<AppIcon name="app.grapheneos.pdfviewer.play/app.grapheneos.pdfviewer.PdfViewer" image="pdf_viewer"/>

	<!-- PosteID -->
	<AppIcon name="posteitaliane.posteapp.appposteid/posteitaliane.posteapp.appposteid.welcome.WelcomeAct" image="posteid"/>

	<!-- Registratore -->
	<AppIcon name="com.nothing.soundrecorder/com.nothing.soundrecorder.ui.NewMainActivity" image="registratore"/>

	<!-- SD Maid SE -->
	<AppIcon name="eu.darken.sdmse/eu.darken.sdmse.main.ui.MainActivity" image="sd_maid_se"/>

	<!-- Urmet Secure -->
	<AppIcon name="com.urmet.multisistema/com.urmet.multisistema.LoginActivity" image="urmet_secure"/>

</Theme>