<resources>

	<!-- Call a Bike -->
	<item component="ComponentInfo{de.bahn.callabike/de.bahn.callabike.MainActivity}" drawable="call_a_bike" />

	<!-- Debitum -->
	<item component="ComponentInfo{org.ebur.debitum/org.ebur.debitum.ui.MainActivity}" drawable="debitum" />

	<!-- Diktiergerät -->
	<item component="ComponentInfo{org.fossify.voicerecorder/org.fossify.voicerecorder.activities.SplashActivity.Green}" drawable="diktiergerat" />

	<!-- Doable -->
	<item component="ComponentInfo{at.flobii.doable/at.flobii.doable.MainActivity}" drawable="doable" />

	<!-- Finamp -->
	<item component="ComponentInfo{com.unicornsonlsd.finamp/com.ryanheise.audioservice.AudioServiceActivity}" drawable="finamp" />

	<!-- Finanzguru -->
	<item component="ComponentInfo{de.dwins.financeguru/de.dwins.financeguru.SplashActivity}" drawable="finanzguru" />

	<!-- Flinkster -->
	<item component="ComponentInfo{de.bahn.flinkster/de.bahn.flinkster.StartupActivity}" drawable="flinkster" />

	<!-- GLS mBank Classic -->
	<item component="ComponentInfo{de.gls.mbank/subsembly.oemstarter.OEMActivity}" drawable="gls_mbank_classic" />

	<!-- hessenschau -->
	<item component="ComponentInfo{de.hr.hessenschau/de.hr.hessenschau.base.view.SplashActivity}" drawable="hessenschau" />

	<!-- Kleinanzeigen -->
	<item component="ComponentInfo{com.ebay.kleinanzeigen/com.ebay.kleinanzeigen.ui.main.MainActivity}" drawable="kleinanzeigen" />

	<!-- Komoot -->
	<item component="ComponentInfo{de.komoot.android/de.komoot.android.ui.inspiration.InspirationActivity}" drawable="komoot" />

	<!-- Kontakte -->
	<item component="ComponentInfo{org.fossify.contacts/org.fossify.contacts.activities.SplashActivity.Green}" drawable="kontakte" />

	<!-- Mitteilungen -->
	<item component="ComponentInfo{org.fossify.messages/org.fossify.messages.activities.SplashActivity.Green}" drawable="mitteilungen" />

	<!-- Molly -->
	<item component="ComponentInfo{im.molly.app/org.thoughtcrime.securesms.RoutingActivity}" drawable="molly" />

	<!-- MoneyBuster -->
	<item component="ComponentInfo{net.eneiluj.moneybuster/net.eneiluj.moneybuster.android.activity.BillsListViewActivity}" drawable="moneybuster" />

	<!-- nebenan.de -->
	<item component="ComponentInfo{de.nebenan.app/de.nebenan.app.ui.main.LaunchActivity}" drawable="nebenande" />

	<!-- OwlGram -->
	<item component="ComponentInfo{it.owlgram.android/org.telegram.messenger.DefaultIcon}" drawable="owlgram" />

	<!-- Password Store -->
	<item component="ComponentInfo{dev.msfjarvis.aps/com.zeapo.pwdstore.LaunchActivity}" drawable="password_store" />

	<!-- Yoga -->
	<item component="ComponentInfo{com.downdogapp/com.downdogapp.AppActivity}" drawable="yoga" />

</resources>