<Theme version="1">

	<!-- Call a Bike -->
	<AppIcon name="de.bahn.callabike/de.bahn.callabike.MainActivity" image="call_a_bike"/>

	<!-- Debitum -->
	<AppIcon name="org.ebur.debitum/org.ebur.debitum.ui.MainActivity" image="debitum"/>

	<!-- Diktiergerät -->
	<AppIcon name="org.fossify.voicerecorder/org.fossify.voicerecorder.activities.SplashActivity.Green" image="diktiergerat"/>

	<!-- Doable -->
	<AppIcon name="at.flobii.doable/at.flobii.doable.MainActivity" image="doable"/>

	<!-- Finamp -->
	<AppIcon name="com.unicornsonlsd.finamp/com.ryanheise.audioservice.AudioServiceActivity" image="finamp"/>

	<!-- Finanzguru -->
	<AppIcon name="de.dwins.financeguru/de.dwins.financeguru.SplashActivity" image="finanzguru"/>

	<!-- Flinkster -->
	<AppIcon name="de.bahn.flinkster/de.bahn.flinkster.StartupActivity" image="flinkster"/>

	<!-- GLS mBank Classic -->
	<AppIcon name="de.gls.mbank/subsembly.oemstarter.OEMActivity" image="gls_mbank_classic"/>

	<!-- hessenschau -->
	<AppIcon name="de.hr.hessenschau/de.hr.hessenschau.base.view.SplashActivity" image="hessenschau"/>

	<!-- Kleinanzeigen -->
	<AppIcon name="com.ebay.kleinanzeigen/com.ebay.kleinanzeigen.ui.main.MainActivity" image="kleinanzeigen"/>

	<!-- Komoot -->
	<AppIcon name="de.komoot.android/de.komoot.android.ui.inspiration.InspirationActivity" image="komoot"/>

	<!-- Kontakte -->
	<AppIcon name="org.fossify.contacts/org.fossify.contacts.activities.SplashActivity.Green" image="kontakte"/>

	<!-- Mitteilungen -->
	<AppIcon name="org.fossify.messages/org.fossify.messages.activities.SplashActivity.Green" image="mitteilungen"/>

	<!-- Molly -->
	<AppIcon name="im.molly.app/org.thoughtcrime.securesms.RoutingActivity" image="molly"/>

	<!-- MoneyBuster -->
	<AppIcon name="net.eneiluj.moneybuster/net.eneiluj.moneybuster.android.activity.BillsListViewActivity" image="moneybuster"/>

	<!-- nebenan.de -->
	<AppIcon name="de.nebenan.app/de.nebenan.app.ui.main.LaunchActivity" image="nebenande"/>

	<!-- OwlGram -->
	<AppIcon name="it.owlgram.android/org.telegram.messenger.DefaultIcon" image="owlgram"/>

	<!-- Password Store -->
	<AppIcon name="dev.msfjarvis.aps/com.zeapo.pwdstore.LaunchActivity" image="password_store"/>

	<!-- Yoga -->
	<AppIcon name="com.downdogapp/com.downdogapp.AppActivity" image="yoga"/>

</Theme>