<resources>

	<!-- BARMER -->
	<item component="ComponentInfo{de.barmergek.serviceapp/de.barmer.serviceapp.viewlayer.activities.NativeSplashActivity}" drawable="barmer" />

	<!-- bet365 -->
	<item component="ComponentInfo{com.bet365Wrapper.Bet365_Application/com.bet365.sportsbook.AppDelegate}" drawable="bet365" />

	<!-- Bird -->
	<item component="ComponentInfo{co.bird.android/co.bird.android.app.feature.main.MainActivity}" drawable="bird" />

	<!-- Bobber App -->
	<item component="ComponentInfo{com.bobcatminer.hotspot/com.bobcat.wallet.MainActivity}" drawable="bobber_app" />

	<!-- BRAVIA CORE -->
	<item component="ComponentInfo{com.sonypicturescore.xperia/com.sphe.bravialounge.SplashActivity}" drawable="bravia_core" />

	<!-- Companion -->
	<item component="ComponentInfo{com.ea.gp.fifaultimate/com.ea.gp.fifaultimate.MainActivity}" drawable="companion" />

	<!-- Crypto.com -->
	<item component="ComponentInfo{co.mona.android/co.mona.android.splash.ui.SplashActivity}" drawable="cryptocom" />

	<!-- DumaOS -->
	<item component="ComponentInfo{com.netdumasoftware.dumamobile/crc646310835fe7e1430b.MainActivity}" drawable="dumaos" />

	<!-- Exodus -->
	<item component="ComponentInfo{exodusmovement.exodus/exodusmovement.exodus.MainActivity}" drawable="exodus" />

	<!-- Externer Monitor -->
	<item component="ComponentInfo{com.sonymobile.extmonitorapp/com.sonymobile.extmonitorapp.MonitorProActivity}" drawable="externer_monitor" />

	<!-- FC Enhancer -->
	<item component="ComponentInfo{com.fut.market.alert/com.fut.market.alert.MainActivity}" drawable="fc_enhancer" />

	<!-- FUTBIN -->
	<item component="ComponentInfo{com.futbin/com.futbin.mvp.agreement_activity.AgreementActivity}" drawable="futbin" />

	<!-- Helium Wallet -->
	<item component="ComponentInfo{com.helium.wallet.app/com.helium.wallet.app.MainActivity}" drawable="helium_wallet" />

	<!-- McDonald's -->
	<item component="ComponentInfo{de.mcdonalds.mcdonaldsinfoapp/com.mcdonalds.mcdcoreapp.common.activity.SplashActivity}" drawable="mcdonalds" />

	<!-- Music Pro -->
	<item component="ComponentInfo{jp.co.sony.mc.musicpro/jp.co.sony.mc.musicpro.ui.WelcomeActivity}" drawable="music_pro" />

	<!-- Musik -->
	<item component="ComponentInfo{com.sonyericsson.music/com.sonyericsson.music.MusicActivity}" drawable="musik" />

	<!-- Photo Pro -->
	<item component="ComponentInfo{com.sonymobile.photopro/com.sonymobile.photopro.PhotoProActivity}" drawable="photo_pro" />

	<!-- Sorare -->
	<item component="ComponentInfo{com.sorare.app.android/com.sorare.app.mobile.MainActivity}" drawable="sorare" />

	<!-- SorareData -->
	<item component="ComponentInfo{com.soraredata/com.soraredata.MainActivity}" drawable="soraredata" />

	<!-- Spieloptimierer -->
	<item component="ComponentInfo{com.sonymobile.gameenhancer/com.sonymobile.gameenhancer.common.MainActivity}" drawable="spieloptimierer" />

	<!-- Support -->
	<item component="ComponentInfo{com.sonymobile.support/com.sonymobile.support.InAppSupportLauncher}" drawable="support" />

	<!-- TIDAL 3 Months Free -->
	<item component="ComponentInfo{com.android.tidal.campaigninstaller/com.android.campaigninstaller.MainActivity}" drawable="tidal_3_months_free" />

	<!-- Video Creator -->
	<item component="ComponentInfo{jp.co.sony.mc.videoeditor/jp.co.sony.mc.videoeditor.VideoEditorActivity}" drawable="video_creator" />

	<!-- Video Pro -->
	<item component="ComponentInfo{jp.co.sony.mc.videopro/jp.co.sony.mc.videopro.VideoProActivity}" drawable="video_pro" />

	<!-- Xabber -->
	<item component="ComponentInfo{com.xabber.android/com.xabber.android.ui.activity.ContactListActivity}" drawable="xabber" />

</resources>