<Theme version="1">

	<!-- BARMER -->
	<AppIcon name="de.barmergek.serviceapp/de.barmer.serviceapp.viewlayer.activities.NativeSplashActivity" image="barmer"/>

	<!-- bet365 -->
	<AppIcon name="com.bet365Wrapper.Bet365_Application/com.bet365.sportsbook.AppDelegate" image="bet365"/>

	<!-- Bird -->
	<AppIcon name="co.bird.android/co.bird.android.app.feature.main.MainActivity" image="bird"/>

	<!-- Bobber App -->
	<AppIcon name="com.bobcatminer.hotspot/com.bobcat.wallet.MainActivity" image="bobber_app"/>

	<!-- BRAVIA CORE -->
	<AppIcon name="com.sonypicturescore.xperia/com.sphe.bravialounge.SplashActivity" image="bravia_core"/>

	<!-- Companion -->
	<AppIcon name="com.ea.gp.fifaultimate/com.ea.gp.fifaultimate.MainActivity" image="companion"/>

	<!-- Crypto.com -->
	<AppIcon name="co.mona.android/co.mona.android.splash.ui.SplashActivity" image="cryptocom"/>

	<!-- DumaOS -->
	<AppIcon name="com.netdumasoftware.dumamobile/crc646310835fe7e1430b.MainActivity" image="dumaos"/>

	<!-- Exodus -->
	<AppIcon name="exodusmovement.exodus/exodusmovement.exodus.MainActivity" image="exodus"/>

	<!-- Externer Monitor -->
	<AppIcon name="com.sonymobile.extmonitorapp/com.sonymobile.extmonitorapp.MonitorProActivity" image="externer_monitor"/>

	<!-- FC Enhancer -->
	<AppIcon name="com.fut.market.alert/com.fut.market.alert.MainActivity" image="fc_enhancer"/>

	<!-- FUTBIN -->
	<AppIcon name="com.futbin/com.futbin.mvp.agreement_activity.AgreementActivity" image="futbin"/>

	<!-- Helium Wallet -->
	<AppIcon name="com.helium.wallet.app/com.helium.wallet.app.MainActivity" image="helium_wallet"/>

	<!-- McDonald's -->
	<AppIcon name="de.mcdonalds.mcdonaldsinfoapp/com.mcdonalds.mcdcoreapp.common.activity.SplashActivity" image="mcdonalds"/>

	<!-- Music Pro -->
	<AppIcon name="jp.co.sony.mc.musicpro/jp.co.sony.mc.musicpro.ui.WelcomeActivity" image="music_pro"/>

	<!-- Musik -->
	<AppIcon name="com.sonyericsson.music/com.sonyericsson.music.MusicActivity" image="musik"/>

	<!-- Photo Pro -->
	<AppIcon name="com.sonymobile.photopro/com.sonymobile.photopro.PhotoProActivity" image="photo_pro"/>

	<!-- Sorare -->
	<AppIcon name="com.sorare.app.android/com.sorare.app.mobile.MainActivity" image="sorare"/>

	<!-- SorareData -->
	<AppIcon name="com.soraredata/com.soraredata.MainActivity" image="soraredata"/>

	<!-- Spieloptimierer -->
	<AppIcon name="com.sonymobile.gameenhancer/com.sonymobile.gameenhancer.common.MainActivity" image="spieloptimierer"/>

	<!-- Support -->
	<AppIcon name="com.sonymobile.support/com.sonymobile.support.InAppSupportLauncher" image="support"/>

	<!-- TIDAL 3 Months Free -->
	<AppIcon name="com.android.tidal.campaigninstaller/com.android.campaigninstaller.MainActivity" image="tidal_3_months_free"/>

	<!-- Video Creator -->
	<AppIcon name="jp.co.sony.mc.videoeditor/jp.co.sony.mc.videoeditor.VideoEditorActivity" image="video_creator"/>

	<!-- Video Pro -->
	<AppIcon name="jp.co.sony.mc.videopro/jp.co.sony.mc.videopro.VideoProActivity" image="video_pro"/>

	<!-- Xabber -->
	<AppIcon name="com.xabber.android/com.xabber.android.ui.activity.ContactListActivity" image="xabber"/>

</Theme>