<resources>

	<!-- 1177 -->
	<item component="ComponentInfo{se.vardguiden1177/crc64585c181a8a2d2f83.MainActivity}" drawable="_1177" />

	<!-- 2FAS Auth -->
	<item component="ComponentInfo{com.twofasapp/com.twofasapp.ui.main.StartActivity}" drawable="_2fas_auth" />

	<!-- 9GAG -->
	<item component="ComponentInfo{com.ninegag.android.app/com.ninegag.android.app.ui.home.HomeActivity}" drawable="_9gag" />

	<!-- Access Dots -->
	<item component="ComponentInfo{you.in.spark.access.dots/you.in.spark.access.dots.AccessDotsHome}" drawable="access_dots" />

	<!-- Air Algerie -->
	<item component="ComponentInfo{com.amadeus.merci.ah/com.amadeus.mdesmdp.activities.LaunchActivity}" drawable="air_algerie" />

	<!-- AliExpress -->
	<item component="ComponentInfo{com.alibaba.aliexpresshd/com.aliexpress.app.FirstActivity}" drawable="aliexpress" />

	<!-- AppGallery -->
	<item component="ComponentInfo{com.huawei.appmarket/com.huawei.appmarket.MainActivity}" drawable="appgallery" />

	<!-- AR Measure -->
	<item component="ComponentInfo{com.huawei.ar.measure/com.huawei.ar.measure.LauncherActivity}" drawable="ar_measure" />

	<!-- ASOS -->
	<item component="ComponentInfo{com.asos.app/com.asos.app.ui.activities.ConfigActivity}" drawable="asos" />

	<!-- AWS Test -->
	<item component="ComponentInfo{com.abc.aws/com.abc.MainActivity}" drawable="aws_test" />

	<!-- Badoo -->
	<item component="ComponentInfo{com.badoo.mobile/com.badoo.mobile.android.BadooActivity}" drawable="badoo" />

	<!-- BankID -->
	<item component="ComponentInfo{com.bankid.bus/com.bankid.bus.activities.InitActivity}" drawable="bankid" />

	<!-- BestSecret -->
	<item component="ComponentInfo{com.bestsecret.main/com.bestsecret.presentation_login.splash_screen.ui.SplashScreenActivity}" drawable="bestsecret" />

	<!-- Bg Eraser -->
	<item component="ComponentInfo{com.apowersoft.backgrounderaser/com.backgrounderaser.main.page.splash.SplashActivity}" drawable="bg_eraser" />

	<!-- Blocket -->
	<item component="ComponentInfo{se.appcorn.Blocket/se.blocket.activities.MainActivity}" drawable="blocket" />

	<!-- Books -->
	<item component="ComponentInfo{com.huawei.hwread.dz/com.huawei.reader.launch.impl.splash.SplashScreenActivity}" drawable="books" />

	<!-- Bortskänkes -->
	<item component="ComponentInfo{se.bortskankes.www/se.bortskankes.www.MainActivity}" drawable="bortskankes" />

	<!-- Bubble Notification -->
	<item component="ComponentInfo{com.onedollar.bubblenotificationq/com.onedollar.bubblenotificationq.ui.home.HomeActivity}" drawable="bubble_notification" />

	<!-- Budbee -->
	<item component="ComponentInfo{com.budbee.tracking/com.budbee.tracking.MainActivity}" drawable="budbee" />

	<!-- Cache Cleaner -->
	<item component="ComponentInfo{com.github.bmx666.appcachecleaner/com.github.bmx666.appcachecleaner.ui.activity.LauncherActivity}" drawable="cache_cleaner" />

	<!-- Calculator -->
	<item component="ComponentInfo{com.huawei.calculator/com.huawei.calculator.Calculator}" drawable="calculator" />

	<!-- Calendar -->
	<item component="ComponentInfo{com.android.calendar/com.android.calendar.AllInOneActivity}" drawable="calendar" />

	<!-- Camera -->
	<item component="ComponentInfo{com.huawei.camera/com.huawei.camera}" drawable="camera" />

	<!-- Camera Guard -->
	<item component="ComponentInfo{com.protectstar.cameraguardfree/com.protectstar.guardproject.activity.FirstWizard}" drawable="camera_guard" />

	<!-- Clock -->
	<item component="ComponentInfo{com.android.deskclock/com.android.deskclock.AlarmsMainActivity}" drawable="clock" />

	<!-- Cloud -->
	<item component="ComponentInfo{com.huawei.hidisk/com.huawei.android.hicloud.ui.activity.NewHiSyncSettingAliasActivity}" drawable="cloud" />

	<!-- Codecademy Go -->
	<item component="ComponentInfo{com.ryzac.codecademygo/com.ryzac.codecademygo.MainActivity}" drawable="codecademy_go" />

	<!-- CodeCheck -->
	<item component="ComponentInfo{ch.ethz.im.codecheck/info.codecheck.android.ui.SplashActivity}" drawable="codecheck" />

	<!-- Compass -->
	<item component="ComponentInfo{com.huawei.compass/com.huawei.compass.MainActivity}" drawable="compass" />

	<!-- Couchsurfing -->
	<item component="ComponentInfo{com.couchsurfing.mobile.android/com.couchsurfing.mobile.ui.WelcomeActivity}" drawable="couchsurfing" />

	<!-- Create Shortcut -->
	<item component="ComponentInfo{com.alextern.shortcuthelper/com.alextern.shortcuthelper.MainActivity}" drawable="create_shortcut" />

	<!-- Darkside -->
	<item component="ComponentInfo{org.chromium.webapk.a34aad98656f4080f_v2/org.chromium.webapk.shell_apk.h2o.H2OOpaqueMainActivity}" drawable="darkside" />

	<!-- Duplicates Cleaner -->
	<item component="ComponentInfo{com.kaerosduplicatescleaner/crc64b2e0967e656e2bf1.DemoScreenActivity}" drawable="duplicates_cleaner" />

	<!-- EdgeBlock -->
	<item component="ComponentInfo{flar2.edgeblock/flar2.edgeblock.MainActivity}" drawable="edgeblock" />

	<!-- EspressoHouse -->
	<item component="ComponentInfo{com.mobivending.espressohouse/se.espressohouse.app.splash.SplashActivity}" drawable="espressohouse" />

	<!-- eTilbudsavis -->
	<item component="ComponentInfo{com.eTilbudsavis.eTilbudsavis/com.ibex.android.ibex.ui.onboard.OnBoardActivity}" drawable="etilbudsavis" />

	<!-- Feeld -->
	<item component="ComponentInfo{co.feeld/co.feeld.MainActivityDefault}" drawable="feeld" />

	<!-- Files -->
	<item component="ComponentInfo{com.huawei.filemanager/com.huawei.hidisk.filemanager.FileManager}" drawable="files" />

	<!-- Frequaw -->
	<item component="ComponentInfo{com.jujinkim.frequaw/com.jujinkim.frequaw.ui.MainActivity}" drawable="frequaw" />

	<!-- Gallery -->
	<item component="ComponentInfo{com.android.gallery3d/com.huawei.gallery.app.GalleryMain}" drawable="gallery" />

	<!-- GameCentre -->
	<item component="ComponentInfo{com.huawei.gamebox/com.huawei.gamebox.GameBoxActivity}" drawable="gamecentre" />

	<!-- Git Command Finder -->
	<item component="ComponentInfo{com.tomlestudio.gitcommandfinder/com.tomlestudio.gitcommandfinder.MainActivity}" drawable="git_command_finder" />

	<!-- Git In Practice -->
	<item component="ComponentInfo{com.amineabboui.gitinpractice/com.amineabboui.gitinpractice.MainActivity}" drawable="git_in_practice" />

	<!-- Gothenburg Tram Bus Map -->
	<item component="ComponentInfo{map.metro.Gothenburg.Tram/com.metromap.main.Main}" drawable="gothenburg_tram_bus_map" />

	<!-- Greenely -->
	<item component="ComponentInfo{greenely.greenely/greenely.greenely.splash.ui.SplashActivity}" drawable="greenely" />

	<!-- Halo -->
	<item component="ComponentInfo{free.pastel.icons.ddt/free.pastel.icons.ddt.MainActivity}" drawable="halo" />

	<!-- Hamburg -->
	<item component="ComponentInfo{com.etips.hamburg.travel.guide/com.gamma.systems.views.SplashAct.SplashAct}" drawable="hamburg" />

	<!-- Hamburg -->
	<item component="ComponentInfo{de.hht.dhhcapp/de.hht.dhhcapp.features.splash.SplashActivity}" drawable="hamburg" />

	<!-- Hamburg Metro -->
	<item component="ComponentInfo{hamburg.metro.map.lbc/com.rndapp.mtamap.activities.PdfActivity}" drawable="hamburg_metro" />

	<!-- Heetch -->
	<item component="ComponentInfo{com.heetch/com.heetch.features.splashscreen.SplashscreenActivity}" drawable="heetch" />

	<!-- Hej Borås! -->
	<item component="ComponentInfo{com.onspotstory.boras/com.onspotstory.boras.MainActivity}" drawable="hej_boras_" />

	<!-- Hermit -->
	<item component="ComponentInfo{com.chimbori.hermitcrab/com.chimbori.hermitcrab.AdminActivity}" drawable="hermit" />

	<!-- Hill Climb 2 -->
	<item component="ComponentInfo{com.fingersoft.hcr2/com.fingersoft.hcr2.AppActivity}" drawable="hill_climb_2" />

	<!-- Home Workout -->
	<item component="ComponentInfo{homeworkout.homeworkouts.noequipment/homeworkout.homeworkouts.noequipment.SplashActivity}" drawable="home_workout" />

	<!-- Huawei Health -->
	<item component="ComponentInfo{com.huawei.health/com.huawei.health.MainActivity}" drawable="huawei_health" />

	<!-- HUAWEI Video -->
	<item component="ComponentInfo{com.huawei.himovie.overseas/com.huawei.himovie.ui.login.SplashScreenActivity}" drawable="huawei_video" />

	<!-- hvv -->
	<item component="ComponentInfo{de.eos.uptrade.android.fahrinfo.hamburg/de.hvv.info.AppActivity}" drawable="hvv" />

	<!-- ImageMeter -->
	<item component="ComponentInfo{de.dirkfarin.imagemeter/de.dirkfarin.imagemeter.ActivityLoader}" drawable="imagemeter" />

	<!-- iPray -->
	<item component="ComponentInfo{com.guidedways.ipray/com.guidedways.ipray.screen.IPSplashLauncher}" drawable="ipray" />

	<!-- iShredder -->
	<item component="ComponentInfo{com.projectstar.ishredder.android.standard/com.protectstar.ishredder.activity.ActivityFirstlaunch}" drawable="ishredder" />

	<!-- Kaptioned -->
	<item component="ComponentInfo{kaptioned.app/kaptioned.app.MainActivity}" drawable="kaptioned" />

	<!-- Key Mapper -->
	<item component="ComponentInfo{io.github.sds100.keymapper/io.github.sds100.keymapper.SplashActivity}" drawable="key_mapper" />

	<!-- Kik -->
	<item component="ComponentInfo{kik.android/kik.android.chat.activity.IntroActivity}" drawable="kik" />

	<!-- Kivra -->
	<item component="ComponentInfo{com.kivra.Kivra/com.kivra.android.home.HomeActivity}" drawable="kivra" />

	<!-- Learn Git Commands Tutorials -->
	<item component="ComponentInfo{com.learn_git_tutorials_commands/io.kodular.sellucoolandcheap.learn_git.Screen1}" drawable="learn_git_commands_tutorials" />

	<!-- Learn Java Programming -->
	<item component="ComponentInfo{com.apkzube.learnjavaprogramming/com.apkzube.learnjavaprogramming.activity.SplashScreen}" drawable="learn_java_programming" />

	<!-- Lexin Offline -->
	<item component="ComponentInfo{ordbok.lexin.offline.pro/ordbok.lexin.offline.ui.dict.DictActivity}" drawable="lexin_offline" />

	<!-- Link Now -->
	<item component="ComponentInfo{com.huawei.welinknow/com.huawei.welinklite.MainActivity}" drawable="link_now" />

	<!-- Link to Windows -->
	<item component="ComponentInfo{com.microsoft.appmanager/com.microsoft.appmanager.StartUpCoreActivity}" drawable="link_to_windows" />

	<!-- LinkHub -->
	<item component="ComponentInfo{com.amrdeveloper.linkhub/com.amrdeveloper.linkhub.ui.MainActivity}" drawable="linkhub" />

	<!-- LinkSheet -->
	<item component="ComponentInfo{fe.linksheet/fe.linksheet.activity.MainActivity}" drawable="linksheet" />

	<!-- Make it big -->
	<item component="ComponentInfo{com.suspedeal.makeitbig/com.suspedeal.makeitbig.presentation.MainActivity}" drawable="make_it_big" />

	<!-- MatRätt -->
	<item component="ComponentInfo{com.matratt/com.matmissionen.MainActivity}" drawable="matratt" />

	<!-- Mecenat -->
	<item component="ComponentInfo{se.mecenat.app/se.mecenat.app.MainActivity}" drawable="mecenat" />

	<!-- Medium -->
	<item component="ComponentInfo{com.medium.reader/com.medium.android.donkey.start.SplashActivity}" drawable="medium" />

	<!-- Micro Gesture -->
	<item component="ComponentInfo{me.i38.gesture/me.i38.gesture.SettingActivity}" drawable="micro_gesture" />

	<!-- Micro Guard -->
	<item component="ComponentInfo{com.protectstar.microguardfree/com.protectstar.microguard.activity.FirstWizard}" drawable="micro_guard" />

	<!-- microG Settings -->
	<item component="ComponentInfo{app.revanced.android.gms/org.microg.gms.ui.SettingsActivity}" drawable="microg_settings" />

	<!-- Mimo -->
	<item component="ComponentInfo{com.getmimo/com.getmimo.ui.SplashActivity_default}" drawable="mimo" />

	<!-- Mirror -->
	<item component="ComponentInfo{com.huawei.mirror/com.huawei.mirror.Mirror}" drawable="mirror" />

	<!-- Musicolet -->
	<item component="ComponentInfo{in.krosbits.musicolet/in.krosbits.musicolet.MusicActivity}" drawable="musicolet" />

	<!-- Muzishq -->
	<item component="ComponentInfo{com.muzishq/com.muzishq.MainActivity}" drawable="muzishq" />

	<!-- My Drawer -->
	<item component="ComponentInfo{com.ofirmiron.appdrawer/com.ofirmiron.appdrawer.activities.MainActivity}" drawable="my_drawer" />

	<!-- Night screen -->
	<item component="ComponentInfo{com.arrowsapp.nightscreen/com.arrowsapp.nightscreen.ui.main.MainActivity}" drawable="night_screen" />

	<!-- Notepad -->
	<item component="ComponentInfo{com.example.android.notepad/com.example.android.notepad.NotePadActivity}" drawable="notepad" />

	<!-- Optimiser -->
	<item component="ComponentInfo{com.huawei.systemmanager/com.huawei.systemmanager.mainscreen.MainScreenActivity}" drawable="optimiser" />

	<!-- Parcel Tracker -->
	<item component="ComponentInfo{com.trackinglabs.parceltracker/com.trackinglabs.parceltracker.activity.SplashActivity}" drawable="parcel_tracker" />

	<!-- Petal Maps -->
	<item component="ComponentInfo{com.huawei.maps.app/com.huawei.maps.app.petalmaps.splash.SplashActivity}" drawable="petal_maps" />

	<!-- Petal Search -->
	<item component="ComponentInfo{com.huawei.hwsearch/com.huawei.hwsearch.homescreen.HomeScreenActivity}" drawable="petal_search" />

	<!-- Phone -->
	<item component="ComponentInfo{com.android.contacts/com.android.contacts.activities.DialtactsActivity}" drawable="phone" />

	<!-- Plick -->
	<item component="ComponentInfo{swace.se.plick/swace.se.plick.MainActivity}" drawable="plick" />

	<!-- Pluralsight -->
	<item component="ComponentInfo{com.pluralsight/com.pluralsight.android.learner.launch.LaunchActivity}" drawable="pluralsight" />

	<!-- PM PRO -->
	<item component="ComponentInfo{com.codingtrickshub.passwordsmanager/com.codingtrickshub.passwordsmanager.MainActivity}" drawable="pm_pro" />

	<!-- PostNord -->
	<item component="ComponentInfo{se.postnord.private/com.postnord.MaCMainActivity}" drawable="postnord" />

	<!-- PriceSpy -->
	<item component="ComponentInfo{se.prisjakt.pricespy/se.prisjakt.pricespy.start.IndexActivity}" drawable="pricespy" />

	<!-- Prism -->
	<item component="ComponentInfo{com.hash.prism/com.hash.prism.MainActivity}" drawable="prism" />

	<!-- Private Screenshots -->
	<item component="ComponentInfo{com.shamanland.privatescreenshots/com.shamanland.privatescreenshots.main.Launcher}" drawable="private_screenshots" />

	<!-- Qliro -->
	<item component="ComponentInfo{com.qliro.qliro/com.qliro.qliro.MainActivity}" drawable="qliro" />

	<!-- QR & Barcode Scanner -->
	<item component="ComponentInfo{com.gamma.scan/com.gamma.barcodeapp.ui.BarcodeCaptureActivity}" drawable="qr_and_barcode_scanner" />

	<!-- Raindrop -->
	<item component="ComponentInfo{io.raindrop.raindropio/io.raindrop.raindropio.MainActivity}" drawable="raindrop" />

	<!-- Recorder -->
	<item component="ComponentInfo{com.android.soundrecorder/com.android.soundrecorder.RecordListActivity}" drawable="recorder" />

	<!-- Right PDF -->
	<item component="ComponentInfo{com.zeon.Gaaiho.Reader/com.zeon.Gaaiho.Reader.GaaihoProcessActivity}" drawable="right_pdf" />

	<!-- Rotation Control -->
	<item component="ComponentInfo{com.plus.rotationcontrol/com.plus.rotationcontrol.MainActivitys}" drawable="rotation_control" />

	<!-- Rumble Stars -->
	<item component="ComponentInfo{com.frogmind.rumblestars/com.frogmind.rumblestars.SmashActivity}" drawable="rumble_stars" />

	<!-- Safely: INCI -->
	<item component="ComponentInfo{yt.master.safely.inci/yt.master.safely.inci.MainActivity}" drawable="safely_inci" />

	<!-- Screen Burn Fixer -->
	<item component="ComponentInfo{com.mert.screenburnfixer/com.mert.screenburnfixer.AdActivity}" drawable="screen_burn_fixer" />

	<!-- ScreenshotGo -->
	<item component="ComponentInfo{org.mozilla.screenshot.go/org.mozilla.scryer.MainActivity}" drawable="screenshotgo" />

	<!-- SD Maid SE -->
	<item component="ComponentInfo{eu.darken.sdmse/eu.darken.sdmse.main.ui.MainActivity}" drawable="sd_maid_se" />

	<!-- Settings -->
	<item component="ComponentInfo{com.android.settings/com.android.settings.HWSettings}" drawable="settings" />

	<!-- ShiaPrayerTimes -->
	<item component="ComponentInfo{com.RafilAlArs.ShiaPrayerTimes/com.RafilAlArs.ShiaPrayerTimes.MainActivity}" drawable="shiaprayertimes" />

	<!-- Six Pack in 30 Days -->
	<item component="ComponentInfo{sixpack.sixpackabs.absworkout/sixpack.sixpackabs.absworkout.activity.StartActivity}" drawable="six_pack_in_30_days" />

	<!-- SJ -->
	<item component="ComponentInfo{se.sj.android/se.sj.android.activity.SjNavigationDrawer}" drawable="sj" />

	<!-- SL -->
	<item component="ComponentInfo{com.sl.SLBiljetter/com.sl.slbiljetter.MainActivity}" drawable="sl" />

	<!-- Smart Dock -->
	<item component="ComponentInfo{cu.axel.smartdock/cu.axel.smartdock.activities.MainActivity}" drawable="smart_dock" />

	<!-- Smart Remote -->
	<item component="ComponentInfo{com.huawei.android.remotecontroller/com.huawei.android.remotecontroller.app.RemoteControllerActivity}" drawable="smart_remote" />

	<!-- Sololearn -->
	<item component="ComponentInfo{com.sololearn/com.sololearn.app.ui.launcher.LauncherActivity}" drawable="sololearn" />

	<!-- SOS Alarm -->
	<item component="ComponentInfo{se.sos.soslive/se.sos.soslive.activities.SplashActivity}" drawable="sos_alarm" />

	<!-- Spotify -->
	<item component="ComponentInfo{com.spotify.musix/com.spotify.musix.MainActivity}" drawable="spotify" />

	<!-- STHLM Traveling -->
	<item component="ComponentInfo{com.markupartist.sthlmtraveling/com.markupartist.sthlmtraveling.StartActivity}" drawable="sthlm_traveling" />

	<!-- Stockholm Metro Map -->
	<item component="ComponentInfo{stockholm.metro.map.lbc/com.rndapp.mtamap.activities.PdfActivity}" drawable="stockholm_metro_map" />

	<!-- Stockimg AI -->
	<item component="ComponentInfo{com.stockimgai.stockimg_app/com.stockimgai.stockimg_app.MainActivity}" drawable="stockimg_ai" />

	<!-- SVT Nyheter -->
	<item component="ComponentInfo{se.svt.svti.android.nyhetsapp/se.svt.svti.android.nyhetsapp.view.activity.SplashScreen}" drawable="svt_nyheter" />

	<!-- Swedbank -->
	<item component="ComponentInfo{se.swedbank.mobil/se.swedbank.mobilbank.feature.splashscreen.SplashActivity}" drawable="swedbank" />

	<!-- Swipefy -->
	<item component="ComponentInfo{app.swipefy.mobile/app.swipefy.mobile.MainActivity}" drawable="swipefy" />

	<!-- Swish -->
	<item component="ComponentInfo{se.bankgirot.swish/se.bankgirot.swish.ui.SplashActivity}" drawable="swish" />

	<!-- Ta Körkort -->
	<item component="ComponentInfo{se.teoriappar.takorkortlite/se.teoriappar.takorkort.first.OnBoardingActivity}" drawable="ta_korkort" />

	<!-- TaskRunner -->
	<item component="ComponentInfo{se.taskrunner.poster/se.taskrunner.poster.features.splash.SplashActivity}" drawable="taskrunner" />

	<!-- Themes -->
	<item component="ComponentInfo{com.huawei.android.thememanager/com.huawei.android.thememanager.mvp.view.activity.onlinebase.PageActivity}" drawable="themes" />

	<!-- Tinder -->
	<item component="ComponentInfo{com.tinder/com.tinder.launch.internal.activities.LoginActivity}" drawable="tinder" />

	<!-- Tips -->
	<item component="ComponentInfo{com.huawei.tipsove/com.huawei.android.tips.launch.ui.SplashActivity}" drawable="tips" />

	<!-- Tiptapp -->
	<item component="ComponentInfo{com.tiptapp.hybrid/com.tiptapp.hybrid.MainActivity}" drawable="tiptapp" />

	<!-- Tradera -->
	<item component="ComponentInfo{com.tradera/com.tradera.tradera.screens.home.HomeActivity}" drawable="tradera" />

	<!-- TransferGo -->
	<item component="ComponentInfo{com.transfergo.android/com.transfergo.android.features.launch.LaunchActivity}" drawable="transfergo" />

	<!-- Trello -->
	<item component="ComponentInfo{com.trello/com.trello.home.HomeActivity}" drawable="trello" />

	<!-- txtpad -->
	<item component="ComponentInfo{vladyslavpohrebniakov.txtpad/vladyslavpohrebniakov.txtpad.main.MainActivity}" drawable="txtpad" />

	<!-- Universal Copy -->
	<item component="ComponentInfo{com.camel.corp.universalcopy/com.camel.corp.universalcopy.settings.SettingsActivity}" drawable="universal_copy" />

	<!-- Upscale.media -->
	<item component="ComponentInfo{com.pixelbin.upscale.media/com.pixelbin.MainActivity}" drawable="upscalemedia" />

	<!-- URLCheck -->
	<item component="ComponentInfo{com.trianguloy.urlchecker/com.trianguloy.urlchecker.activities.MainActivity}" drawable="urlcheck" />

	<!-- Västtrafik -->
	<item component="ComponentInfo{com.vaesttrafik.vaesttrafik/se.vasttrafik.togo.core.MainActivity}" drawable="vasttrafik" />

	<!-- vFlat -->
	<item component="ComponentInfo{com.voyagerx.scanner/com.voyagerx.livedewarp.EntryActivity}" drawable="vflat" />

	<!-- Viral -->
	<item component="ComponentInfo{vintage.icon.pack.ddt/vintage.icon.pack.ddt.MainActivity}" drawable="viral" />

	<!-- Volume Styles -->
	<item component="ComponentInfo{com.tombayley.volumepanel/com.tombayley.volumepanel.app.ui.home.MainActivity}" drawable="volume_styles" />

	<!-- WallFlow -->
	<item component="ComponentInfo{com.ammar.wallflow/com.ammar.wallflow.activities.main.MainActivity}" drawable="wallflow" />

	<!-- Wavelet -->
	<item component="ComponentInfo{com.pittvandewitt.wavelet/com.pittvandewitt.wavelet.MainActivity}" drawable="wavelet" />

	<!-- WebApp -->
	<item component="ComponentInfo{md.elway.webapp/md.elway.webapp.screen.launcher.LauncherActivity}" drawable="webapp" />

	<!-- Willys -->
	<item component="ComponentInfo{se.axfood.willys/com.axfood.willysapp.MainActivity}" drawable="willys" />

	<!-- XSCamera -->
	<item component="ComponentInfo{me.jagar.xscamera/me.jagar.xscamera.activities.MainActivity}" drawable="xscamera" />

	<!-- Yuka -->
	<item component="ComponentInfo{io.yuka.android/io.yuka.android.Main.RootActivity}" drawable="yuka" />

	<!-- Zepp Life -->
	<item component="ComponentInfo{com.xiaomi.hm.health/com.xiaomi.hm.health.activity.StartUpActivity}" drawable="zepp_life" />

	<!-- ZeroLime -->
	<item component="ComponentInfo{se.appcorn.zerolime/se.appcorn.zerolime.activity.StartActivity}" drawable="zerolime" />

	<!-- أدعية الصحيفة السجادية الكاملة -->
	<item component="ComponentInfo{com.ayasoft.islam.app.sahifa_sajadiya_one/com.ayasoft.islam.app.sahifa_sajadiya_one.SplashScreen}" drawable="أدعية_الصحيفة_السجادية_الكاملة" />

	<!-- الصحيفة السجادية -->
	<item component="ComponentInfo{com.sahifa.sajadiiya/com.appyet.activity.MainActivity}" drawable="الصحيفة_السجادية" />

	<!-- نهج البلاغة كامل -->
	<item component="ComponentInfo{com.nhj.blag/com.nhj.blag.Dashboard_000}" drawable="نهج_البلاغة_كامل" />

</resources>