<appmap>

	<!-- 1177 -->
	<item class="crc64585c181a8a2d2f83.MainActivity" name="_1177"/>

	<!-- 2FAS Auth -->
	<item class="com.twofasapp.ui.main.StartActivity" name="_2fas_auth"/>

	<!-- 9GAG -->
	<item class="com.ninegag.android.app.ui.home.HomeActivity" name="_9gag"/>

	<!-- Access Dots -->
	<item class="you.in.spark.access.dots.AccessDotsHome" name="access_dots"/>

	<!-- Air Algerie -->
	<item class="com.amadeus.mdesmdp.activities.LaunchActivity" name="air_algerie"/>

	<!-- AliExpress -->
	<item class="com.aliexpress.app.FirstActivity" name="aliexpress"/>

	<!-- AppGallery -->
	<item class="com.huawei.appmarket.MainActivity" name="appgallery"/>

	<!-- AR Measure -->
	<item class="com.huawei.ar.measure.LauncherActivity" name="ar_measure"/>

	<!-- ASOS -->
	<item class="com.asos.app.ui.activities.ConfigActivity" name="asos"/>

	<!-- AWS Test -->
	<item class="com.abc.MainActivity" name="aws_test"/>

	<!-- Badoo -->
	<item class="com.badoo.mobile.android.BadooActivity" name="badoo"/>

	<!-- BankID -->
	<item class="com.bankid.bus.activities.InitActivity" name="bankid"/>

	<!-- BestSecret -->
	<item class="com.bestsecret.presentation_login.splash_screen.ui.SplashScreenActivity" name="bestsecret"/>

	<!-- Bg Eraser -->
	<item class="com.backgrounderaser.main.page.splash.SplashActivity" name="bg_eraser"/>

	<!-- Blocket -->
	<item class="se.blocket.activities.MainActivity" name="blocket"/>

	<!-- Books -->
	<item class="com.huawei.reader.launch.impl.splash.SplashScreenActivity" name="books"/>

	<!-- Bortskänkes -->
	<item class="se.bortskankes.www.MainActivity" name="bortskankes"/>

	<!-- Bubble Notification -->
	<item class="com.onedollar.bubblenotificationq.ui.home.HomeActivity" name="bubble_notification"/>

	<!-- Budbee -->
	<item class="com.budbee.tracking.MainActivity" name="budbee"/>

	<!-- Cache Cleaner -->
	<item class="com.github.bmx666.appcachecleaner.ui.activity.LauncherActivity" name="cache_cleaner"/>

	<!-- Calculator -->
	<item class="com.huawei.calculator.Calculator" name="calculator"/>

	<!-- Calendar -->
	<item class="com.android.calendar.AllInOneActivity" name="calendar"/>

	<!-- Camera -->
	<item class="com.huawei.camera" name="camera"/>

	<!-- Camera Guard -->
	<item class="com.protectstar.guardproject.activity.FirstWizard" name="camera_guard"/>

	<!-- Clock -->
	<item class="com.android.deskclock.AlarmsMainActivity" name="clock"/>

	<!-- Cloud -->
	<item class="com.huawei.android.hicloud.ui.activity.NewHiSyncSettingAliasActivity" name="cloud"/>

	<!-- Codecademy Go -->
	<item class="com.ryzac.codecademygo.MainActivity" name="codecademy_go"/>

	<!-- CodeCheck -->
	<item class="info.codecheck.android.ui.SplashActivity" name="codecheck"/>

	<!-- Compass -->
	<item class="com.huawei.compass.MainActivity" name="compass"/>

	<!-- Couchsurfing -->
	<item class="com.couchsurfing.mobile.ui.WelcomeActivity" name="couchsurfing"/>

	<!-- Create Shortcut -->
	<item class="com.alextern.shortcuthelper.MainActivity" name="create_shortcut"/>

	<!-- Darkside -->
	<item class="org.chromium.webapk.shell_apk.h2o.H2OOpaqueMainActivity" name="darkside"/>

	<!-- Duplicates Cleaner -->
	<item class="crc64b2e0967e656e2bf1.DemoScreenActivity" name="duplicates_cleaner"/>

	<!-- EdgeBlock -->
	<item class="flar2.edgeblock.MainActivity" name="edgeblock"/>

	<!-- EspressoHouse -->
	<item class="se.espressohouse.app.splash.SplashActivity" name="espressohouse"/>

	<!-- eTilbudsavis -->
	<item class="com.ibex.android.ibex.ui.onboard.OnBoardActivity" name="etilbudsavis"/>

	<!-- Feeld -->
	<item class="co.feeld.MainActivityDefault" name="feeld"/>

	<!-- Files -->
	<item class="com.huawei.hidisk.filemanager.FileManager" name="files"/>

	<!-- Frequaw -->
	<item class="com.jujinkim.frequaw.ui.MainActivity" name="frequaw"/>

	<!-- Gallery -->
	<item class="com.huawei.gallery.app.GalleryMain" name="gallery"/>

	<!-- GameCentre -->
	<item class="com.huawei.gamebox.GameBoxActivity" name="gamecentre"/>

	<!-- Git Command Finder -->
	<item class="com.tomlestudio.gitcommandfinder.MainActivity" name="git_command_finder"/>

	<!-- Git In Practice -->
	<item class="com.amineabboui.gitinpractice.MainActivity" name="git_in_practice"/>

	<!-- Gothenburg Tram Bus Map -->
	<item class="com.metromap.main.Main" name="gothenburg_tram_bus_map"/>

	<!-- Greenely -->
	<item class="greenely.greenely.splash.ui.SplashActivity" name="greenely"/>

	<!-- Halo -->
	<item class="free.pastel.icons.ddt.MainActivity" name="halo"/>

	<!-- Hamburg -->
	<item class="com.gamma.systems.views.SplashAct.SplashAct" name="hamburg"/>

	<!-- Hamburg -->
	<item class="de.hht.dhhcapp.features.splash.SplashActivity" name="hamburg"/>

	<!-- Hamburg Metro -->
	<item class="com.rndapp.mtamap.activities.PdfActivity" name="hamburg_metro"/>

	<!-- Heetch -->
	<item class="com.heetch.features.splashscreen.SplashscreenActivity" name="heetch"/>

	<!-- Hej Borås! -->
	<item class="com.onspotstory.boras.MainActivity" name="hej_boras_"/>

	<!-- Hermit -->
	<item class="com.chimbori.hermitcrab.AdminActivity" name="hermit"/>

	<!-- Hill Climb 2 -->
	<item class="com.fingersoft.hcr2.AppActivity" name="hill_climb_2"/>

	<!-- Home Workout -->
	<item class="homeworkout.homeworkouts.noequipment.SplashActivity" name="home_workout"/>

	<!-- Huawei Health -->
	<item class="com.huawei.health.MainActivity" name="huawei_health"/>

	<!-- HUAWEI Video -->
	<item class="com.huawei.himovie.ui.login.SplashScreenActivity" name="huawei_video"/>

	<!-- hvv -->
	<item class="de.hvv.info.AppActivity" name="hvv"/>

	<!-- ImageMeter -->
	<item class="de.dirkfarin.imagemeter.ActivityLoader" name="imagemeter"/>

	<!-- iPray -->
	<item class="com.guidedways.ipray.screen.IPSplashLauncher" name="ipray"/>

	<!-- iShredder -->
	<item class="com.protectstar.ishredder.activity.ActivityFirstlaunch" name="ishredder"/>

	<!-- Kaptioned -->
	<item class="kaptioned.app.MainActivity" name="kaptioned"/>

	<!-- Key Mapper -->
	<item class="io.github.sds100.keymapper.SplashActivity" name="key_mapper"/>

	<!-- Kik -->
	<item class="kik.android.chat.activity.IntroActivity" name="kik"/>

	<!-- Kivra -->
	<item class="com.kivra.android.home.HomeActivity" name="kivra"/>

	<!-- Learn Git Commands Tutorials -->
	<item class="io.kodular.sellucoolandcheap.learn_git.Screen1" name="learn_git_commands_tutorials"/>

	<!-- Learn Java Programming -->
	<item class="com.apkzube.learnjavaprogramming.activity.SplashScreen" name="learn_java_programming"/>

	<!-- Lexin Offline -->
	<item class="ordbok.lexin.offline.ui.dict.DictActivity" name="lexin_offline"/>

	<!-- Link Now -->
	<item class="com.huawei.welinklite.MainActivity" name="link_now"/>

	<!-- Link to Windows -->
	<item class="com.microsoft.appmanager.StartUpCoreActivity" name="link_to_windows"/>

	<!-- LinkHub -->
	<item class="com.amrdeveloper.linkhub.ui.MainActivity" name="linkhub"/>

	<!-- LinkSheet -->
	<item class="fe.linksheet.activity.MainActivity" name="linksheet"/>

	<!-- Make it big -->
	<item class="com.suspedeal.makeitbig.presentation.MainActivity" name="make_it_big"/>

	<!-- MatRätt -->
	<item class="com.matmissionen.MainActivity" name="matratt"/>

	<!-- Mecenat -->
	<item class="se.mecenat.app.MainActivity" name="mecenat"/>

	<!-- Medium -->
	<item class="com.medium.android.donkey.start.SplashActivity" name="medium"/>

	<!-- Micro Gesture -->
	<item class="me.i38.gesture.SettingActivity" name="micro_gesture"/>

	<!-- Micro Guard -->
	<item class="com.protectstar.microguard.activity.FirstWizard" name="micro_guard"/>

	<!-- microG Settings -->
	<item class="org.microg.gms.ui.SettingsActivity" name="microg_settings"/>

	<!-- Mimo -->
	<item class="com.getmimo.ui.SplashActivity_default" name="mimo"/>

	<!-- Mirror -->
	<item class="com.huawei.mirror.Mirror" name="mirror"/>

	<!-- Musicolet -->
	<item class="in.krosbits.musicolet.MusicActivity" name="musicolet"/>

	<!-- Muzishq -->
	<item class="com.muzishq.MainActivity" name="muzishq"/>

	<!-- My Drawer -->
	<item class="com.ofirmiron.appdrawer.activities.MainActivity" name="my_drawer"/>

	<!-- Night screen -->
	<item class="com.arrowsapp.nightscreen.ui.main.MainActivity" name="night_screen"/>

	<!-- Notepad -->
	<item class="com.example.android.notepad.NotePadActivity" name="notepad"/>

	<!-- Optimiser -->
	<item class="com.huawei.systemmanager.mainscreen.MainScreenActivity" name="optimiser"/>

	<!-- Parcel Tracker -->
	<item class="com.trackinglabs.parceltracker.activity.SplashActivity" name="parcel_tracker"/>

	<!-- Petal Maps -->
	<item class="com.huawei.maps.app.petalmaps.splash.SplashActivity" name="petal_maps"/>

	<!-- Petal Search -->
	<item class="com.huawei.hwsearch.homescreen.HomeScreenActivity" name="petal_search"/>

	<!-- Phone -->
	<item class="com.android.contacts.activities.DialtactsActivity" name="phone"/>

	<!-- Plick -->
	<item class="swace.se.plick.MainActivity" name="plick"/>

	<!-- Pluralsight -->
	<item class="com.pluralsight.android.learner.launch.LaunchActivity" name="pluralsight"/>

	<!-- PM PRO -->
	<item class="com.codingtrickshub.passwordsmanager.MainActivity" name="pm_pro"/>

	<!-- PostNord -->
	<item class="com.postnord.MaCMainActivity" name="postnord"/>

	<!-- PriceSpy -->
	<item class="se.prisjakt.pricespy.start.IndexActivity" name="pricespy"/>

	<!-- Prism -->
	<item class="com.hash.prism.MainActivity" name="prism"/>

	<!-- Private Screenshots -->
	<item class="com.shamanland.privatescreenshots.main.Launcher" name="private_screenshots"/>

	<!-- Qliro -->
	<item class="com.qliro.qliro.MainActivity" name="qliro"/>

	<!-- QR & Barcode Scanner -->
	<item class="com.gamma.barcodeapp.ui.BarcodeCaptureActivity" name="qr_and_barcode_scanner"/>

	<!-- Raindrop -->
	<item class="io.raindrop.raindropio.MainActivity" name="raindrop"/>

	<!-- Recorder -->
	<item class="com.android.soundrecorder.RecordListActivity" name="recorder"/>

	<!-- Right PDF -->
	<item class="com.zeon.Gaaiho.Reader.GaaihoProcessActivity" name="right_pdf"/>

	<!-- Rotation Control -->
	<item class="com.plus.rotationcontrol.MainActivitys" name="rotation_control"/>

	<!-- Rumble Stars -->
	<item class="com.frogmind.rumblestars.SmashActivity" name="rumble_stars"/>

	<!-- Safely: INCI -->
	<item class="yt.master.safely.inci.MainActivity" name="safely_inci"/>

	<!-- Screen Burn Fixer -->
	<item class="com.mert.screenburnfixer.AdActivity" name="screen_burn_fixer"/>

	<!-- ScreenshotGo -->
	<item class="org.mozilla.scryer.MainActivity" name="screenshotgo"/>

	<!-- SD Maid SE -->
	<item class="eu.darken.sdmse.main.ui.MainActivity" name="sd_maid_se"/>

	<!-- Settings -->
	<item class="com.android.settings.HWSettings" name="settings"/>

	<!-- ShiaPrayerTimes -->
	<item class="com.RafilAlArs.ShiaPrayerTimes.MainActivity" name="shiaprayertimes"/>

	<!-- Six Pack in 30 Days -->
	<item class="sixpack.sixpackabs.absworkout.activity.StartActivity" name="six_pack_in_30_days"/>

	<!-- SJ -->
	<item class="se.sj.android.activity.SjNavigationDrawer" name="sj"/>

	<!-- SL -->
	<item class="com.sl.slbiljetter.MainActivity" name="sl"/>

	<!-- Smart Dock -->
	<item class="cu.axel.smartdock.activities.MainActivity" name="smart_dock"/>

	<!-- Smart Remote -->
	<item class="com.huawei.android.remotecontroller.app.RemoteControllerActivity" name="smart_remote"/>

	<!-- Sololearn -->
	<item class="com.sololearn.app.ui.launcher.LauncherActivity" name="sololearn"/>

	<!-- SOS Alarm -->
	<item class="se.sos.soslive.activities.SplashActivity" name="sos_alarm"/>

	<!-- Spotify -->
	<item class="com.spotify.musix.MainActivity" name="spotify"/>

	<!-- STHLM Traveling -->
	<item class="com.markupartist.sthlmtraveling.StartActivity" name="sthlm_traveling"/>

	<!-- Stockholm Metro Map -->
	<item class="com.rndapp.mtamap.activities.PdfActivity" name="stockholm_metro_map"/>

	<!-- Stockimg AI -->
	<item class="com.stockimgai.stockimg_app.MainActivity" name="stockimg_ai"/>

	<!-- SVT Nyheter -->
	<item class="se.svt.svti.android.nyhetsapp.view.activity.SplashScreen" name="svt_nyheter"/>

	<!-- Swedbank -->
	<item class="se.swedbank.mobilbank.feature.splashscreen.SplashActivity" name="swedbank"/>

	<!-- Swipefy -->
	<item class="app.swipefy.mobile.MainActivity" name="swipefy"/>

	<!-- Swish -->
	<item class="se.bankgirot.swish.ui.SplashActivity" name="swish"/>

	<!-- Ta Körkort -->
	<item class="se.teoriappar.takorkort.first.OnBoardingActivity" name="ta_korkort"/>

	<!-- TaskRunner -->
	<item class="se.taskrunner.poster.features.splash.SplashActivity" name="taskrunner"/>

	<!-- Themes -->
	<item class="com.huawei.android.thememanager.mvp.view.activity.onlinebase.PageActivity" name="themes"/>

	<!-- Tinder -->
	<item class="com.tinder.launch.internal.activities.LoginActivity" name="tinder"/>

	<!-- Tips -->
	<item class="com.huawei.android.tips.launch.ui.SplashActivity" name="tips"/>

	<!-- Tiptapp -->
	<item class="com.tiptapp.hybrid.MainActivity" name="tiptapp"/>

	<!-- Tradera -->
	<item class="com.tradera.tradera.screens.home.HomeActivity" name="tradera"/>

	<!-- TransferGo -->
	<item class="com.transfergo.android.features.launch.LaunchActivity" name="transfergo"/>

	<!-- Trello -->
	<item class="com.trello.home.HomeActivity" name="trello"/>

	<!-- txtpad -->
	<item class="vladyslavpohrebniakov.txtpad.main.MainActivity" name="txtpad"/>

	<!-- Universal Copy -->
	<item class="com.camel.corp.universalcopy.settings.SettingsActivity" name="universal_copy"/>

	<!-- Upscale.media -->
	<item class="com.pixelbin.MainActivity" name="upscalemedia"/>

	<!-- URLCheck -->
	<item class="com.trianguloy.urlchecker.activities.MainActivity" name="urlcheck"/>

	<!-- Västtrafik -->
	<item class="se.vasttrafik.togo.core.MainActivity" name="vasttrafik"/>

	<!-- vFlat -->
	<item class="com.voyagerx.livedewarp.EntryActivity" name="vflat"/>

	<!-- Viral -->
	<item class="vintage.icon.pack.ddt.MainActivity" name="viral"/>

	<!-- Volume Styles -->
	<item class="com.tombayley.volumepanel.app.ui.home.MainActivity" name="volume_styles"/>

	<!-- WallFlow -->
	<item class="com.ammar.wallflow.activities.main.MainActivity" name="wallflow"/>

	<!-- Wavelet -->
	<item class="com.pittvandewitt.wavelet.MainActivity" name="wavelet"/>

	<!-- WebApp -->
	<item class="md.elway.webapp.screen.launcher.LauncherActivity" name="webapp"/>

	<!-- Willys -->
	<item class="com.axfood.willysapp.MainActivity" name="willys"/>

	<!-- XSCamera -->
	<item class="me.jagar.xscamera.activities.MainActivity" name="xscamera"/>

	<!-- Yuka -->
	<item class="io.yuka.android.Main.RootActivity" name="yuka"/>

	<!-- Zepp Life -->
	<item class="com.xiaomi.hm.health.activity.StartUpActivity" name="zepp_life"/>

	<!-- ZeroLime -->
	<item class="se.appcorn.zerolime.activity.StartActivity" name="zerolime"/>

	<!-- أدعية الصحيفة السجادية الكاملة -->
	<item class="com.ayasoft.islam.app.sahifa_sajadiya_one.SplashScreen" name="أدعية_الصحيفة_السجادية_الكاملة"/>

	<!-- الصحيفة السجادية -->
	<item class="com.appyet.activity.MainActivity" name="الصحيفة_السجادية"/>

	<!-- نهج البلاغة كامل -->
	<item class="com.nhj.blag.Dashboard_000" name="نهج_البلاغة_كامل"/>

</appmap>