<Theme version="1">

	<!-- 1177 -->
	<AppIcon name="se.vardguiden1177/crc64585c181a8a2d2f83.MainActivity" image="_1177"/>

	<!-- 2FAS Auth -->
	<AppIcon name="com.twofasapp/com.twofasapp.ui.main.StartActivity" image="_2fas_auth"/>

	<!-- 9GAG -->
	<AppIcon name="com.ninegag.android.app/com.ninegag.android.app.ui.home.HomeActivity" image="_9gag"/>

	<!-- Access Dots -->
	<AppIcon name="you.in.spark.access.dots/you.in.spark.access.dots.AccessDotsHome" image="access_dots"/>

	<!-- Air Algerie -->
	<AppIcon name="com.amadeus.merci.ah/com.amadeus.mdesmdp.activities.LaunchActivity" image="air_algerie"/>

	<!-- AliExpress -->
	<AppIcon name="com.alibaba.aliexpresshd/com.aliexpress.app.FirstActivity" image="aliexpress"/>

	<!-- AppGallery -->
	<AppIcon name="com.huawei.appmarket/com.huawei.appmarket.MainActivity" image="appgallery"/>

	<!-- AR Measure -->
	<AppIcon name="com.huawei.ar.measure/com.huawei.ar.measure.LauncherActivity" image="ar_measure"/>

	<!-- ASOS -->
	<AppIcon name="com.asos.app/com.asos.app.ui.activities.ConfigActivity" image="asos"/>

	<!-- AWS Test -->
	<AppIcon name="com.abc.aws/com.abc.MainActivity" image="aws_test"/>

	<!-- Badoo -->
	<AppIcon name="com.badoo.mobile/com.badoo.mobile.android.BadooActivity" image="badoo"/>

	<!-- BankID -->
	<AppIcon name="com.bankid.bus/com.bankid.bus.activities.InitActivity" image="bankid"/>

	<!-- BestSecret -->
	<AppIcon name="com.bestsecret.main/com.bestsecret.presentation_login.splash_screen.ui.SplashScreenActivity" image="bestsecret"/>

	<!-- Bg Eraser -->
	<AppIcon name="com.apowersoft.backgrounderaser/com.backgrounderaser.main.page.splash.SplashActivity" image="bg_eraser"/>

	<!-- Blocket -->
	<AppIcon name="se.appcorn.Blocket/se.blocket.activities.MainActivity" image="blocket"/>

	<!-- Books -->
	<AppIcon name="com.huawei.hwread.dz/com.huawei.reader.launch.impl.splash.SplashScreenActivity" image="books"/>

	<!-- Bortskänkes -->
	<AppIcon name="se.bortskankes.www/se.bortskankes.www.MainActivity" image="bortskankes"/>

	<!-- Bubble Notification -->
	<AppIcon name="com.onedollar.bubblenotificationq/com.onedollar.bubblenotificationq.ui.home.HomeActivity" image="bubble_notification"/>

	<!-- Budbee -->
	<AppIcon name="com.budbee.tracking/com.budbee.tracking.MainActivity" image="budbee"/>

	<!-- Cache Cleaner -->
	<AppIcon name="com.github.bmx666.appcachecleaner/com.github.bmx666.appcachecleaner.ui.activity.LauncherActivity" image="cache_cleaner"/>

	<!-- Calculator -->
	<AppIcon name="com.huawei.calculator/com.huawei.calculator.Calculator" image="calculator"/>

	<!-- Calendar -->
	<AppIcon name="com.android.calendar/com.android.calendar.AllInOneActivity" image="calendar"/>

	<!-- Camera -->
	<AppIcon name="com.huawei.camera/com.huawei.camera" image="camera"/>

	<!-- Camera Guard -->
	<AppIcon name="com.protectstar.cameraguardfree/com.protectstar.guardproject.activity.FirstWizard" image="camera_guard"/>

	<!-- Clock -->
	<AppIcon name="com.android.deskclock/com.android.deskclock.AlarmsMainActivity" image="clock"/>

	<!-- Cloud -->
	<AppIcon name="com.huawei.hidisk/com.huawei.android.hicloud.ui.activity.NewHiSyncSettingAliasActivity" image="cloud"/>

	<!-- Codecademy Go -->
	<AppIcon name="com.ryzac.codecademygo/com.ryzac.codecademygo.MainActivity" image="codecademy_go"/>

	<!-- CodeCheck -->
	<AppIcon name="ch.ethz.im.codecheck/info.codecheck.android.ui.SplashActivity" image="codecheck"/>

	<!-- Compass -->
	<AppIcon name="com.huawei.compass/com.huawei.compass.MainActivity" image="compass"/>

	<!-- Couchsurfing -->
	<AppIcon name="com.couchsurfing.mobile.android/com.couchsurfing.mobile.ui.WelcomeActivity" image="couchsurfing"/>

	<!-- Create Shortcut -->
	<AppIcon name="com.alextern.shortcuthelper/com.alextern.shortcuthelper.MainActivity" image="create_shortcut"/>

	<!-- Darkside -->
	<AppIcon name="org.chromium.webapk.a34aad98656f4080f_v2/org.chromium.webapk.shell_apk.h2o.H2OOpaqueMainActivity" image="darkside"/>

	<!-- Duplicates Cleaner -->
	<AppIcon name="com.kaerosduplicatescleaner/crc64b2e0967e656e2bf1.DemoScreenActivity" image="duplicates_cleaner"/>

	<!-- EdgeBlock -->
	<AppIcon name="flar2.edgeblock/flar2.edgeblock.MainActivity" image="edgeblock"/>

	<!-- EspressoHouse -->
	<AppIcon name="com.mobivending.espressohouse/se.espressohouse.app.splash.SplashActivity" image="espressohouse"/>

	<!-- eTilbudsavis -->
	<AppIcon name="com.eTilbudsavis.eTilbudsavis/com.ibex.android.ibex.ui.onboard.OnBoardActivity" image="etilbudsavis"/>

	<!-- Feeld -->
	<AppIcon name="co.feeld/co.feeld.MainActivityDefault" image="feeld"/>

	<!-- Files -->
	<AppIcon name="com.huawei.filemanager/com.huawei.hidisk.filemanager.FileManager" image="files"/>

	<!-- Frequaw -->
	<AppIcon name="com.jujinkim.frequaw/com.jujinkim.frequaw.ui.MainActivity" image="frequaw"/>

	<!-- Gallery -->
	<AppIcon name="com.android.gallery3d/com.huawei.gallery.app.GalleryMain" image="gallery"/>

	<!-- GameCentre -->
	<AppIcon name="com.huawei.gamebox/com.huawei.gamebox.GameBoxActivity" image="gamecentre"/>

	<!-- Git Command Finder -->
	<AppIcon name="com.tomlestudio.gitcommandfinder/com.tomlestudio.gitcommandfinder.MainActivity" image="git_command_finder"/>

	<!-- Git In Practice -->
	<AppIcon name="com.amineabboui.gitinpractice/com.amineabboui.gitinpractice.MainActivity" image="git_in_practice"/>

	<!-- Gothenburg Tram Bus Map -->
	<AppIcon name="map.metro.Gothenburg.Tram/com.metromap.main.Main" image="gothenburg_tram_bus_map"/>

	<!-- Greenely -->
	<AppIcon name="greenely.greenely/greenely.greenely.splash.ui.SplashActivity" image="greenely"/>

	<!-- Halo -->
	<AppIcon name="free.pastel.icons.ddt/free.pastel.icons.ddt.MainActivity" image="halo"/>

	<!-- Hamburg -->
	<AppIcon name="com.etips.hamburg.travel.guide/com.gamma.systems.views.SplashAct.SplashAct" image="hamburg"/>

	<!-- Hamburg -->
	<AppIcon name="de.hht.dhhcapp/de.hht.dhhcapp.features.splash.SplashActivity" image="hamburg"/>

	<!-- Hamburg Metro -->
	<AppIcon name="hamburg.metro.map.lbc/com.rndapp.mtamap.activities.PdfActivity" image="hamburg_metro"/>

	<!-- Heetch -->
	<AppIcon name="com.heetch/com.heetch.features.splashscreen.SplashscreenActivity" image="heetch"/>

	<!-- Hej Borås! -->
	<AppIcon name="com.onspotstory.boras/com.onspotstory.boras.MainActivity" image="hej_boras_"/>

	<!-- Hermit -->
	<AppIcon name="com.chimbori.hermitcrab/com.chimbori.hermitcrab.AdminActivity" image="hermit"/>

	<!-- Hill Climb 2 -->
	<AppIcon name="com.fingersoft.hcr2/com.fingersoft.hcr2.AppActivity" image="hill_climb_2"/>

	<!-- Home Workout -->
	<AppIcon name="homeworkout.homeworkouts.noequipment/homeworkout.homeworkouts.noequipment.SplashActivity" image="home_workout"/>

	<!-- Huawei Health -->
	<AppIcon name="com.huawei.health/com.huawei.health.MainActivity" image="huawei_health"/>

	<!-- HUAWEI Video -->
	<AppIcon name="com.huawei.himovie.overseas/com.huawei.himovie.ui.login.SplashScreenActivity" image="huawei_video"/>

	<!-- hvv -->
	<AppIcon name="de.eos.uptrade.android.fahrinfo.hamburg/de.hvv.info.AppActivity" image="hvv"/>

	<!-- ImageMeter -->
	<AppIcon name="de.dirkfarin.imagemeter/de.dirkfarin.imagemeter.ActivityLoader" image="imagemeter"/>

	<!-- iPray -->
	<AppIcon name="com.guidedways.ipray/com.guidedways.ipray.screen.IPSplashLauncher" image="ipray"/>

	<!-- iShredder -->
	<AppIcon name="com.projectstar.ishredder.android.standard/com.protectstar.ishredder.activity.ActivityFirstlaunch" image="ishredder"/>

	<!-- Kaptioned -->
	<AppIcon name="kaptioned.app/kaptioned.app.MainActivity" image="kaptioned"/>

	<!-- Key Mapper -->
	<AppIcon name="io.github.sds100.keymapper/io.github.sds100.keymapper.SplashActivity" image="key_mapper"/>

	<!-- Kik -->
	<AppIcon name="kik.android/kik.android.chat.activity.IntroActivity" image="kik"/>

	<!-- Kivra -->
	<AppIcon name="com.kivra.Kivra/com.kivra.android.home.HomeActivity" image="kivra"/>

	<!-- Learn Git Commands Tutorials -->
	<AppIcon name="com.learn_git_tutorials_commands/io.kodular.sellucoolandcheap.learn_git.Screen1" image="learn_git_commands_tutorials"/>

	<!-- Learn Java Programming -->
	<AppIcon name="com.apkzube.learnjavaprogramming/com.apkzube.learnjavaprogramming.activity.SplashScreen" image="learn_java_programming"/>

	<!-- Lexin Offline -->
	<AppIcon name="ordbok.lexin.offline.pro/ordbok.lexin.offline.ui.dict.DictActivity" image="lexin_offline"/>

	<!-- Link Now -->
	<AppIcon name="com.huawei.welinknow/com.huawei.welinklite.MainActivity" image="link_now"/>

	<!-- Link to Windows -->
	<AppIcon name="com.microsoft.appmanager/com.microsoft.appmanager.StartUpCoreActivity" image="link_to_windows"/>

	<!-- LinkHub -->
	<AppIcon name="com.amrdeveloper.linkhub/com.amrdeveloper.linkhub.ui.MainActivity" image="linkhub"/>

	<!-- LinkSheet -->
	<AppIcon name="fe.linksheet/fe.linksheet.activity.MainActivity" image="linksheet"/>

	<!-- Make it big -->
	<AppIcon name="com.suspedeal.makeitbig/com.suspedeal.makeitbig.presentation.MainActivity" image="make_it_big"/>

	<!-- MatRätt -->
	<AppIcon name="com.matratt/com.matmissionen.MainActivity" image="matratt"/>

	<!-- Mecenat -->
	<AppIcon name="se.mecenat.app/se.mecenat.app.MainActivity" image="mecenat"/>

	<!-- Medium -->
	<AppIcon name="com.medium.reader/com.medium.android.donkey.start.SplashActivity" image="medium"/>

	<!-- Micro Gesture -->
	<AppIcon name="me.i38.gesture/me.i38.gesture.SettingActivity" image="micro_gesture"/>

	<!-- Micro Guard -->
	<AppIcon name="com.protectstar.microguardfree/com.protectstar.microguard.activity.FirstWizard" image="micro_guard"/>

	<!-- microG Settings -->
	<AppIcon name="app.revanced.android.gms/org.microg.gms.ui.SettingsActivity" image="microg_settings"/>

	<!-- Mimo -->
	<AppIcon name="com.getmimo/com.getmimo.ui.SplashActivity_default" image="mimo"/>

	<!-- Mirror -->
	<AppIcon name="com.huawei.mirror/com.huawei.mirror.Mirror" image="mirror"/>

	<!-- Musicolet -->
	<AppIcon name="in.krosbits.musicolet/in.krosbits.musicolet.MusicActivity" image="musicolet"/>

	<!-- Muzishq -->
	<AppIcon name="com.muzishq/com.muzishq.MainActivity" image="muzishq"/>

	<!-- My Drawer -->
	<AppIcon name="com.ofirmiron.appdrawer/com.ofirmiron.appdrawer.activities.MainActivity" image="my_drawer"/>

	<!-- Night screen -->
	<AppIcon name="com.arrowsapp.nightscreen/com.arrowsapp.nightscreen.ui.main.MainActivity" image="night_screen"/>

	<!-- Notepad -->
	<AppIcon name="com.example.android.notepad/com.example.android.notepad.NotePadActivity" image="notepad"/>

	<!-- Optimiser -->
	<AppIcon name="com.huawei.systemmanager/com.huawei.systemmanager.mainscreen.MainScreenActivity" image="optimiser"/>

	<!-- Parcel Tracker -->
	<AppIcon name="com.trackinglabs.parceltracker/com.trackinglabs.parceltracker.activity.SplashActivity" image="parcel_tracker"/>

	<!-- Petal Maps -->
	<AppIcon name="com.huawei.maps.app/com.huawei.maps.app.petalmaps.splash.SplashActivity" image="petal_maps"/>

	<!-- Petal Search -->
	<AppIcon name="com.huawei.hwsearch/com.huawei.hwsearch.homescreen.HomeScreenActivity" image="petal_search"/>

	<!-- Phone -->
	<AppIcon name="com.android.contacts/com.android.contacts.activities.DialtactsActivity" image="phone"/>

	<!-- Plick -->
	<AppIcon name="swace.se.plick/swace.se.plick.MainActivity" image="plick"/>

	<!-- Pluralsight -->
	<AppIcon name="com.pluralsight/com.pluralsight.android.learner.launch.LaunchActivity" image="pluralsight"/>

	<!-- PM PRO -->
	<AppIcon name="com.codingtrickshub.passwordsmanager/com.codingtrickshub.passwordsmanager.MainActivity" image="pm_pro"/>

	<!-- PostNord -->
	<AppIcon name="se.postnord.private/com.postnord.MaCMainActivity" image="postnord"/>

	<!-- PriceSpy -->
	<AppIcon name="se.prisjakt.pricespy/se.prisjakt.pricespy.start.IndexActivity" image="pricespy"/>

	<!-- Prism -->
	<AppIcon name="com.hash.prism/com.hash.prism.MainActivity" image="prism"/>

	<!-- Private Screenshots -->
	<AppIcon name="com.shamanland.privatescreenshots/com.shamanland.privatescreenshots.main.Launcher" image="private_screenshots"/>

	<!-- Qliro -->
	<AppIcon name="com.qliro.qliro/com.qliro.qliro.MainActivity" image="qliro"/>

	<!-- QR & Barcode Scanner -->
	<AppIcon name="com.gamma.scan/com.gamma.barcodeapp.ui.BarcodeCaptureActivity" image="qr_and_barcode_scanner"/>

	<!-- Raindrop -->
	<AppIcon name="io.raindrop.raindropio/io.raindrop.raindropio.MainActivity" image="raindrop"/>

	<!-- Recorder -->
	<AppIcon name="com.android.soundrecorder/com.android.soundrecorder.RecordListActivity" image="recorder"/>

	<!-- Right PDF -->
	<AppIcon name="com.zeon.Gaaiho.Reader/com.zeon.Gaaiho.Reader.GaaihoProcessActivity" image="right_pdf"/>

	<!-- Rotation Control -->
	<AppIcon name="com.plus.rotationcontrol/com.plus.rotationcontrol.MainActivitys" image="rotation_control"/>

	<!-- Rumble Stars -->
	<AppIcon name="com.frogmind.rumblestars/com.frogmind.rumblestars.SmashActivity" image="rumble_stars"/>

	<!-- Safely: INCI -->
	<AppIcon name="yt.master.safely.inci/yt.master.safely.inci.MainActivity" image="safely_inci"/>

	<!-- Screen Burn Fixer -->
	<AppIcon name="com.mert.screenburnfixer/com.mert.screenburnfixer.AdActivity" image="screen_burn_fixer"/>

	<!-- ScreenshotGo -->
	<AppIcon name="org.mozilla.screenshot.go/org.mozilla.scryer.MainActivity" image="screenshotgo"/>

	<!-- SD Maid SE -->
	<AppIcon name="eu.darken.sdmse/eu.darken.sdmse.main.ui.MainActivity" image="sd_maid_se"/>

	<!-- Settings -->
	<AppIcon name="com.android.settings/com.android.settings.HWSettings" image="settings"/>

	<!-- ShiaPrayerTimes -->
	<AppIcon name="com.RafilAlArs.ShiaPrayerTimes/com.RafilAlArs.ShiaPrayerTimes.MainActivity" image="shiaprayertimes"/>

	<!-- Six Pack in 30 Days -->
	<AppIcon name="sixpack.sixpackabs.absworkout/sixpack.sixpackabs.absworkout.activity.StartActivity" image="six_pack_in_30_days"/>

	<!-- SJ -->
	<AppIcon name="se.sj.android/se.sj.android.activity.SjNavigationDrawer" image="sj"/>

	<!-- SL -->
	<AppIcon name="com.sl.SLBiljetter/com.sl.slbiljetter.MainActivity" image="sl"/>

	<!-- Smart Dock -->
	<AppIcon name="cu.axel.smartdock/cu.axel.smartdock.activities.MainActivity" image="smart_dock"/>

	<!-- Smart Remote -->
	<AppIcon name="com.huawei.android.remotecontroller/com.huawei.android.remotecontroller.app.RemoteControllerActivity" image="smart_remote"/>

	<!-- Sololearn -->
	<AppIcon name="com.sololearn/com.sololearn.app.ui.launcher.LauncherActivity" image="sololearn"/>

	<!-- SOS Alarm -->
	<AppIcon name="se.sos.soslive/se.sos.soslive.activities.SplashActivity" image="sos_alarm"/>

	<!-- Spotify -->
	<AppIcon name="com.spotify.musix/com.spotify.musix.MainActivity" image="spotify"/>

	<!-- STHLM Traveling -->
	<AppIcon name="com.markupartist.sthlmtraveling/com.markupartist.sthlmtraveling.StartActivity" image="sthlm_traveling"/>

	<!-- Stockholm Metro Map -->
	<AppIcon name="stockholm.metro.map.lbc/com.rndapp.mtamap.activities.PdfActivity" image="stockholm_metro_map"/>

	<!-- Stockimg AI -->
	<AppIcon name="com.stockimgai.stockimg_app/com.stockimgai.stockimg_app.MainActivity" image="stockimg_ai"/>

	<!-- SVT Nyheter -->
	<AppIcon name="se.svt.svti.android.nyhetsapp/se.svt.svti.android.nyhetsapp.view.activity.SplashScreen" image="svt_nyheter"/>

	<!-- Swedbank -->
	<AppIcon name="se.swedbank.mobil/se.swedbank.mobilbank.feature.splashscreen.SplashActivity" image="swedbank"/>

	<!-- Swipefy -->
	<AppIcon name="app.swipefy.mobile/app.swipefy.mobile.MainActivity" image="swipefy"/>

	<!-- Swish -->
	<AppIcon name="se.bankgirot.swish/se.bankgirot.swish.ui.SplashActivity" image="swish"/>

	<!-- Ta Körkort -->
	<AppIcon name="se.teoriappar.takorkortlite/se.teoriappar.takorkort.first.OnBoardingActivity" image="ta_korkort"/>

	<!-- TaskRunner -->
	<AppIcon name="se.taskrunner.poster/se.taskrunner.poster.features.splash.SplashActivity" image="taskrunner"/>

	<!-- Themes -->
	<AppIcon name="com.huawei.android.thememanager/com.huawei.android.thememanager.mvp.view.activity.onlinebase.PageActivity" image="themes"/>

	<!-- Tinder -->
	<AppIcon name="com.tinder/com.tinder.launch.internal.activities.LoginActivity" image="tinder"/>

	<!-- Tips -->
	<AppIcon name="com.huawei.tipsove/com.huawei.android.tips.launch.ui.SplashActivity" image="tips"/>

	<!-- Tiptapp -->
	<AppIcon name="com.tiptapp.hybrid/com.tiptapp.hybrid.MainActivity" image="tiptapp"/>

	<!-- Tradera -->
	<AppIcon name="com.tradera/com.tradera.tradera.screens.home.HomeActivity" image="tradera"/>

	<!-- TransferGo -->
	<AppIcon name="com.transfergo.android/com.transfergo.android.features.launch.LaunchActivity" image="transfergo"/>

	<!-- Trello -->
	<AppIcon name="com.trello/com.trello.home.HomeActivity" image="trello"/>

	<!-- txtpad -->
	<AppIcon name="vladyslavpohrebniakov.txtpad/vladyslavpohrebniakov.txtpad.main.MainActivity" image="txtpad"/>

	<!-- Universal Copy -->
	<AppIcon name="com.camel.corp.universalcopy/com.camel.corp.universalcopy.settings.SettingsActivity" image="universal_copy"/>

	<!-- Upscale.media -->
	<AppIcon name="com.pixelbin.upscale.media/com.pixelbin.MainActivity" image="upscalemedia"/>

	<!-- URLCheck -->
	<AppIcon name="com.trianguloy.urlchecker/com.trianguloy.urlchecker.activities.MainActivity" image="urlcheck"/>

	<!-- Västtrafik -->
	<AppIcon name="com.vaesttrafik.vaesttrafik/se.vasttrafik.togo.core.MainActivity" image="vasttrafik"/>

	<!-- vFlat -->
	<AppIcon name="com.voyagerx.scanner/com.voyagerx.livedewarp.EntryActivity" image="vflat"/>

	<!-- Viral -->
	<AppIcon name="vintage.icon.pack.ddt/vintage.icon.pack.ddt.MainActivity" image="viral"/>

	<!-- Volume Styles -->
	<AppIcon name="com.tombayley.volumepanel/com.tombayley.volumepanel.app.ui.home.MainActivity" image="volume_styles"/>

	<!-- WallFlow -->
	<AppIcon name="com.ammar.wallflow/com.ammar.wallflow.activities.main.MainActivity" image="wallflow"/>

	<!-- Wavelet -->
	<AppIcon name="com.pittvandewitt.wavelet/com.pittvandewitt.wavelet.MainActivity" image="wavelet"/>

	<!-- WebApp -->
	<AppIcon name="md.elway.webapp/md.elway.webapp.screen.launcher.LauncherActivity" image="webapp"/>

	<!-- Willys -->
	<AppIcon name="se.axfood.willys/com.axfood.willysapp.MainActivity" image="willys"/>

	<!-- XSCamera -->
	<AppIcon name="me.jagar.xscamera/me.jagar.xscamera.activities.MainActivity" image="xscamera"/>

	<!-- Yuka -->
	<AppIcon name="io.yuka.android/io.yuka.android.Main.RootActivity" image="yuka"/>

	<!-- Zepp Life -->
	<AppIcon name="com.xiaomi.hm.health/com.xiaomi.hm.health.activity.StartUpActivity" image="zepp_life"/>

	<!-- ZeroLime -->
	<AppIcon name="se.appcorn.zerolime/se.appcorn.zerolime.activity.StartActivity" image="zerolime"/>

	<!-- أدعية الصحيفة السجادية الكاملة -->
	<AppIcon name="com.ayasoft.islam.app.sahifa_sajadiya_one/com.ayasoft.islam.app.sahifa_sajadiya_one.SplashScreen" image="أدعية_الصحيفة_السجادية_الكاملة"/>

	<!-- الصحيفة السجادية -->
	<AppIcon name="com.sahifa.sajadiiya/com.appyet.activity.MainActivity" image="الصحيفة_السجادية"/>

	<!-- نهج البلاغة كامل -->
	<AppIcon name="com.nhj.blag/com.nhj.blag.Dashboard_000" image="نهج_البلاغة_كامل"/>

</Theme>