<resources>

	<!-- Alexandria -->
	<item component="ComponentInfo{io.github.aloussase.booksdownloader/io.github.aloussase.booksdownloader.ui.MainActivity}" drawable="alexandria" />

	<!-- Bunny Media Editor -->
	<item component="ComponentInfo{eu.artectrex.bunny/eu.artectrex.bunny.MainActivity}" drawable="bunny_media_editor" />

	<!-- Gwent -->
	<item component="ComponentInfo{com.cdprojektred.gwent/com.cdprojektred.androidbridge.PluginControllerActivity}" drawable="gwent" />

	<!-- Hearthstone -->
	<item component="ComponentInfo{com.blizzard.wtcg.hearthstone/com.blizzard.wtcg.hearthstone.HearthstoneActivity}" drawable="hearthstone" />

	<!-- Plague Inc. -->
	<item component="ComponentInfo{com.miniclip.plagueinc/com.miniclip.plagueinc.SplashActivity}" drawable="plague_inc" />

	<!-- Pokemon TCG Live -->
	<item component="ComponentInfo{com.pokemon.pokemontcgl/com.pokemon.pokemontcgl.UnityPlayerActivity}" drawable="pokemon_tcg_live" />

	<!-- Slay the Spire -->
	<item component="ComponentInfo{com.humble.SlayTheSpire/android.app.NativeActivity}" drawable="slay_the_spire" />

	<!-- SNAP -->
	<item component="ComponentInfo{com.nvsgames.snap/com.nvgames.snap.player.CubePlayerActivity}" drawable="snap" />

</resources>