<Theme version="1">

	<!-- Alexandria -->
	<AppIcon name="io.github.aloussase.booksdownloader/io.github.aloussase.booksdownloader.ui.MainActivity" image="alexandria"/>

	<!-- Bunny Media Editor -->
	<AppIcon name="eu.artectrex.bunny/eu.artectrex.bunny.MainActivity" image="bunny_media_editor"/>

	<!-- Gwent -->
	<AppIcon name="com.cdprojektred.gwent/com.cdprojektred.androidbridge.PluginControllerActivity" image="gwent"/>

	<!-- Hearthstone -->
	<AppIcon name="com.blizzard.wtcg.hearthstone/com.blizzard.wtcg.hearthstone.HearthstoneActivity" image="hearthstone"/>

	<!-- Plague Inc. -->
	<AppIcon name="com.miniclip.plagueinc/com.miniclip.plagueinc.SplashActivity" image="plague_inc"/>

	<!-- Pokemon TCG Live -->
	<AppIcon name="com.pokemon.pokemontcgl/com.pokemon.pokemontcgl.UnityPlayerActivity" image="pokemon_tcg_live"/>

	<!-- Slay the Spire -->
	<AppIcon name="com.humble.SlayTheSpire/android.app.NativeActivity" image="slay_the_spire"/>

	<!-- SNAP -->
	<AppIcon name="com.nvsgames.snap/com.nvgames.snap.player.CubePlayerActivity" image="snap"/>

</Theme>