<resources>

	<!-- Anilab -->
	<item component="ComponentInfo{com.anilab.android/com.anilab.android.ui.activity.MainActivity}" drawable="anilab" />

	<!-- Astrofy -->
	<item component="ComponentInfo{com.ed.universe/com.ed.universe.ui.mainActivity.MainActivity}" drawable="astrofy" />

	<!-- Camera -->
	<item component="ComponentInfo{com.oplus.camera/com.oplus.camera.Camera}" drawable="camera" />

	<!-- FamApp -->
	<item component="ComponentInfo{com.fampay.in/com.fampay.in.ui.splash.SplashActivity}" drawable="famapp" />

	<!-- Gemini -->
	<item component="ComponentInfo{com.google.android.apps.bard/com.google.android.apps.bard.shellapp.BardEntryPointActivity}" drawable="gemini" />

	<!-- Notes -->
	<item component="ComponentInfo{com.coloros.note/com.nearme.note.main.MainActivity}" drawable="notes" />

	<!-- PW -->
	<item component="ComponentInfo{xyz.penpencil.physicswala/com.penpencil.physicswallah.SplashActivityAliasNormal}" drawable="pw" />

	<!-- QOMIX -->
	<item component="ComponentInfo{com.optiquesutra.school/com.optiquesutra.school.MainActivity}" drawable="qomix" />

	<!-- QuickNovel -->
	<item component="ComponentInfo{com.lagradost.quicknovel/com.lagradost.quicknovel.MainActivity}" drawable="quicknovel" />

	<!-- Theme Store -->
	<item component="ComponentInfo{com.oplus.themestore/com.nearme.themespace.activities.ThemeActivity}" drawable="theme_store" />

</resources>