<Theme version="1">

	<!-- Anilab -->
	<AppIcon name="com.anilab.android/com.anilab.android.ui.activity.MainActivity" image="anilab"/>

	<!-- Astrofy -->
	<AppIcon name="com.ed.universe/com.ed.universe.ui.mainActivity.MainActivity" image="astrofy"/>

	<!-- Camera -->
	<AppIcon name="com.oplus.camera/com.oplus.camera.Camera" image="camera"/>

	<!-- FamApp -->
	<AppIcon name="com.fampay.in/com.fampay.in.ui.splash.SplashActivity" image="famapp"/>

	<!-- Gemini -->
	<AppIcon name="com.google.android.apps.bard/com.google.android.apps.bard.shellapp.BardEntryPointActivity" image="gemini"/>

	<!-- Notes -->
	<AppIcon name="com.coloros.note/com.nearme.note.main.MainActivity" image="notes"/>

	<!-- PW -->
	<AppIcon name="xyz.penpencil.physicswala/com.penpencil.physicswallah.SplashActivityAliasNormal" image="pw"/>

	<!-- QOMIX -->
	<AppIcon name="com.optiquesutra.school/com.optiquesutra.school.MainActivity" image="qomix"/>

	<!-- QuickNovel -->
	<AppIcon name="com.lagradost.quicknovel/com.lagradost.quicknovel.MainActivity" image="quicknovel"/>

	<!-- Theme Store -->
	<AppIcon name="com.oplus.themestore/com.nearme.themespace.activities.ThemeActivity" image="theme_store"/>

</Theme>