<appmap>

	<!-- 1DM -->
	<item class="idm.internet.download.manager.MainActivity" name="_1dm"/>

	<!-- Amazon -->
	<item class="com.amazon.mShop.home.HomeActivity" name="amazon"/>

	<!-- BSNL Selfcare -->
	<item class="com.selfcare.mybsnl.activities.SplashActivity" name="bsnl_selfcare"/>

	<!-- IndianOil ONE -->
	<item class="cx.indianoil.in.lpg.view.login.WelcomeActivity" name="indianoil_one"/>

	<!-- JioPOS Lite -->
	<item class="com.jio.poslite.activities.SplashScreenActivity" name="jiopos_lite"/>

	<!-- NTES -->
	<item class="cris.icms.ntes.LaunchApp" name="ntes"/>

	<!-- Paytm for Business -->
	<item class="com.paytm.business.splash.SplashActivity" name="paytm_for_business"/>

	<!-- PayZapp -->
	<item class="com.apollorncontainer.activities.SplashActivity" name="payzapp"/>

	<!-- Pulsar -->
	<item class="com.rhmsoft.play.MainActivity" name="pulsar"/>

	<!-- Telegram -->
	<item class="org.telegram.messenger.AquaIcon" name="telegram"/>

</appmap>