<resources>

	<!-- @Voice -->
	<item component="ComponentInfo{com.hyperionics.avar/com.hyperionics.avar.SpeakReferenceActivity}" drawable="@voice" />

	<!-- Acode -->
	<item component="ComponentInfo{com.foxdebug.acodefree/com.foxdebug.acodefree.MainActivity}" drawable="acode" />

	<!-- Andronix -->
	<item component="ComponentInfo{studio.com.techriz.andronix/studio.com.techriz.andronix.ui.Splash}" drawable="andronix" />

	<!-- AnyList -->
	<item component="ComponentInfo{com.purplecover.anylist/com.purplecover.anylist.ui.LaunchActivity}" drawable="anylist" />

	<!-- APH -->
	<item component="ComponentInfo{com.nll.helper/com.nll.helper.ui.MainActivity}" drawable="aph" />

	<!-- Apps -->
	<item component="ComponentInfo{app.grapheneos.apps/app.grapheneos.apps.ui.MainActivity}" drawable="apps" />

	<!-- ASR -->
	<item component="ComponentInfo{com.nll.asr/com.nll.asr.ui.MainActivity}" drawable="asr" />

	<!-- Auditor -->
	<item component="ComponentInfo{app.attestation.auditor/app.attestation.auditor.AttestationActivity}" drawable="auditor" />

	<!-- Business Calendar -->
	<item component="ComponentInfo{com.appgenix.bizcal/com.appgenix.bizcal.LaunchActivity}" drawable="business_calendar" />

	<!-- Cake Wallet -->
	<item component="ComponentInfo{com.cakewallet.cake_wallet/com.cakewallet.cake_wallet.MainActivity}" drawable="cake_wallet" />

	<!-- CallApp -->
	<item component="ComponentInfo{com.callapp.contacts/com.callapp.contacts.activity.contact.list.ContactsListActivity}" drawable="callapp" />

	<!-- CoinGlass -->
	<item component="ComponentInfo{com.coinglass.android/com.coinglass.androidapp.SplashActivity}" drawable="coinglass" />

	<!-- Dynadot -->
	<item component="ComponentInfo{com.dynadot.search/com.dynadot.search.activity.SplashActivity}" drawable="dynadot" />

	<!-- DynaMail -->
	<item component="ComponentInfo{com.dynadot.android.email/com.dynadot.android.email.ui.SplashActivity}" drawable="dynamail" />

	<!-- Files To SD Card -->
	<item component="ComponentInfo{cz.bukacek.filestosdcard/cz.bukacek.filestosdcard.filestosdcard}" drawable="files_to_sd_card" />

	<!-- GIPHY -->
	<item component="ComponentInfo{com.giphy.messenger/com.giphy.messenger.app.OnboardingActivity}" drawable="giphy" />

	<!-- Gleeo Time Tracker -->
	<item component="ComponentInfo{ch.gridvision.pbtm.androidtimerecorder/ch.gridvision.tm.androidtimerecorder.MainActivity}" drawable="gleeo_time_tracker" />

	<!-- Go Charting -->
	<item component="ComponentInfo{com.gocharting.gocharting/com.gocharting.gocharting.MainActivity}" drawable="go_charting" />

	<!-- imToken -->
	<item component="ComponentInfo{im.token.app/org.consenlabs.imtoken.MainActivity}" drawable="imtoken" />

	<!-- InviZible Pro -->
	<item component="ComponentInfo{pan.alexander.tordnscrypt.stable/pan.alexander.tordnscrypt.MainActivity}" drawable="invizible_pro" />

	<!-- Invoice2go -->
	<item component="ComponentInfo{com.invoice2go.invoice2goplus/com.invoice2go.activity.SplashActivity}" drawable="invoice2go" />

	<!-- Jellyfin -->
	<item component="ComponentInfo{org.jellyfin.androidtv/org.jellyfin.androidtv.ui.startup.StartupActivity}" drawable="jellyfin" />

	<!-- jQuarks -->
	<item component="ComponentInfo{com.oF2pks.jquarks/org.lineageos.jelly.MainActivity}" drawable="jquarks" />

	<!-- Keyboard -->
	<item component="ComponentInfo{com.android.inputmethod.latin/com.android.inputmethod.latin.setup.SetupActivity}" drawable="keyboard" />

	<!-- Keyoxide -->
	<item component="ComponentInfo{org.keyoxide.keyoxide/org.keyoxide.keyoxide_flutter.MainActivity}" drawable="keyoxide" />

	<!-- Monero.com -->
	<item component="ComponentInfo{com.monero.app/com.monero.app.MainActivity}" drawable="monerocom" />

	<!-- Motion Eye -->
	<item component="ComponentInfo{com.jairaj.janglegmail.motioneye/com.jairaj.janglegmail.motioneye.activities.LoadingScreenActivity}" drawable="motion_eye" />

	<!-- Namecheap -->
	<item component="ComponentInfo{com.namecheap.android/com.namecheap.android.app.MainActivity}" drawable="namecheap" />

	<!-- NLL Store -->
	<item component="ComponentInfo{com.nll.store/com.nll.store.ui.AppListActivity}" drawable="nll_store" />

	<!-- Notesnook -->
	<item component="ComponentInfo{com.streetwriters.notesnook/com.streetwriters.notesnook.MainActivity}" drawable="notesnook" />

	<!-- Openlib -->
	<item component="ComponentInfo{com.app.openlib/com.app.openlib.MainActivity}" drawable="openlib" />

	<!-- ownCloud -->
	<item component="ComponentInfo{com.owncloud.android/com.owncloud.android.ui.activity.SplashActivity}" drawable="owncloud" />

	<!-- Picard Barcode Scanner -->
	<item component="ComponentInfo{org.musicbrainz.picard.barcodescanner/org.musicbrainz.picard.barcodescanner.activities.ScannerActivity}" drawable="picard_barcode_scanner" />

	<!-- Police Scanner -->
	<item component="ComponentInfo{police.scanner.radio.broadcastify.citizen/police.scanner.radio.broadcastify.citizen.ui.main.MainActivity}" drawable="police_scanner" />

	<!-- Privacy -->
	<item component="ComponentInfo{com.privacy.pay/com.privacy.pay.MainActivity}" drawable="privacy" />

	<!-- Proton Calendar -->
	<item component="ComponentInfo{me.proton.android.calendar/me.proton.android.calendar.presentation.main.MainActivity}" drawable="proton_calendar" />

	<!-- Proton Mail -->
	<item component="ComponentInfo{ch.protonmail.android/ch.protonmail.android.MainActivity}" drawable="proton_mail" />

	<!-- Proton Pass -->
	<item component="ComponentInfo{proton.android.pass/proton.android.pass.ui.MainActivity}" drawable="proton_pass" />

	<!-- Quad9 Connect -->
	<item component="ComponentInfo{com.quad9.aegis/com.quad9.aegis.MainActivity}" drawable="quad9_connect" />

	<!-- Remote Desktop -->
	<item component="ComponentInfo{com.google.chromeremotedesktop/com.google.remoting.androidwrapper.MainActivity}" drawable="remote_desktop" />

	<!-- Rtl-sdr driver -->
	<item component="ComponentInfo{marto.rtl_tcp_andro/com.sdrtouch.rtlsdr.StreamActivity}" drawable="rtl_sdr_driver" />

	<!-- Samourai -->
	<item component="ComponentInfo{com.samourai.wallet/com.samourai.wallet.MainActivity2}" drawable="samourai" />

	<!-- SDRTouch -->
	<item component="ComponentInfo{marto.androsdr2/marto.androsdr2.SDRTouchMain}" drawable="sdrtouch" />

	<!-- SelfPrivacy -->
	<item component="ComponentInfo{pro.kherel.selfprivacy/org.selfprivacy.app.MainActivity}" drawable="selfprivacy" />

	<!-- Serial USB Terminal -->
	<item component="ComponentInfo{de.kai_morich.serial_usb_terminal/de.kai_morich.serial_usb_terminal.MainActivity}" drawable="serial_usb_terminal" />

	<!-- Simple Crypto Widget -->
	<item component="ComponentInfo{com.brentpanther.bitcoinwidget/com.brentpanther.bitcoinwidget.ui.MainActivity}" drawable="simple_crypto_widget" />

	<!-- Speechkeys Voice Typing -->
	<item component="ComponentInfo{com.wellsrc.speechkeys/com.wellsrc.speechkeys.LauncherActivity}" drawable="speechkeys_voice_typing" />

	<!-- Speechnotes -->
	<item component="ComponentInfo{co.speechnotes.speechnotes/co.speechnotes.speechnotes.MainActivity}" drawable="speechnotes" />

	<!-- Tailscale -->
	<item component="ComponentInfo{com.tailscale.ipn/com.tailscale.ipn.IPNActivity}" drawable="tailscale" />

	<!-- Termius -->
	<item component="ComponentInfo{com.server.auditor.ssh.client/com.server.auditor.ssh.client.navigation.SplashScreenActivity}" drawable="termius" />

	<!-- TIDY -->
	<item component="ComponentInfo{com.slavabarkov.tidy/com.slavabarkov.tidy.MainActivity}" drawable="tidy" />

	<!-- Timesheet -->
	<item component="ComponentInfo{com.aadhk.time/com.aadhk.time.SplashActivity}" drawable="timesheet" />

	<!-- TopScan -->
	<item component="ComponentInfo{com.topdon.diag.topscan/com.topdon.diag.topscan.SplashActivity}" drawable="topscan" />

	<!-- TorServices -->
	<item component="ComponentInfo{org.torproject.torservices/org.torproject.torservices.SettingsActivity}" drawable="torservices" />

	<!-- Trust Wallet -->
	<item component="ComponentInfo{com.wallet.crypto.trustapp/com.wallet.crypto.trustapp.ui.app.AppActivity}" drawable="trust_wallet" />

	<!-- Ultimate USB -->
	<item component="ComponentInfo{com.mixapplications.ultimateusb/com.mixapplications.ultimateusb.MainActivity}" drawable="ultimate_usb" />

	<!-- USB Serial Console -->
	<item component="ComponentInfo{jp.sugnakys.usbserialconsole/jp.sugnakys.usbserialconsole.presentation.MainActivity}" drawable="usb_serial_console" />

	<!-- USB-Connect -->
	<item component="ComponentInfo{com.app.UsBoiler/com.example.UsBoiler.MainActivity}" drawable="usb_connect" />

	<!-- USPS Mobile -->
	<item component="ComponentInfo{com.usps.app/com.usps.app.mobile.SplashScreenActivity}" drawable="usps_mobile" />

	<!-- Voice Recorder -->
	<item component="ComponentInfo{org.fossify.voicerecorder/org.fossify.voicerecorder.activities.SplashActivity.Green}" drawable="voice_recorder" />

	<!-- WiGLE WiFi -->
	<item component="ComponentInfo{net.wigle.wigleandroid/net.wigle.wigleandroid.MainActivity}" drawable="wigle_wifi" />

	<!-- YouMail -->
	<item component="ComponentInfo{com.youmail.android.vvm/com.youmail.android.vvm.main.AppLauncherActivity}" drawable="youmail" />

	<!-- Zueira's Voice -->
	<item component="ComponentInfo{com.brunopiovan.avozdazueira/com.brunopiovan.avozdazueira.MainActivity}" drawable="zueiras_voice" />

</resources>