<Theme version="1">

	<!-- @Voice -->
	<AppIcon name="com.hyperionics.avar/com.hyperionics.avar.SpeakReferenceActivity" image="@voice"/>

	<!-- Acode -->
	<AppIcon name="com.foxdebug.acodefree/com.foxdebug.acodefree.MainActivity" image="acode"/>

	<!-- Andronix -->
	<AppIcon name="studio.com.techriz.andronix/studio.com.techriz.andronix.ui.Splash" image="andronix"/>

	<!-- AnyList -->
	<AppIcon name="com.purplecover.anylist/com.purplecover.anylist.ui.LaunchActivity" image="anylist"/>

	<!-- APH -->
	<AppIcon name="com.nll.helper/com.nll.helper.ui.MainActivity" image="aph"/>

	<!-- Apps -->
	<AppIcon name="app.grapheneos.apps/app.grapheneos.apps.ui.MainActivity" image="apps"/>

	<!-- ASR -->
	<AppIcon name="com.nll.asr/com.nll.asr.ui.MainActivity" image="asr"/>

	<!-- Auditor -->
	<AppIcon name="app.attestation.auditor/app.attestation.auditor.AttestationActivity" image="auditor"/>

	<!-- Business Calendar -->
	<AppIcon name="com.appgenix.bizcal/com.appgenix.bizcal.LaunchActivity" image="business_calendar"/>

	<!-- Cake Wallet -->
	<AppIcon name="com.cakewallet.cake_wallet/com.cakewallet.cake_wallet.MainActivity" image="cake_wallet"/>

	<!-- CallApp -->
	<AppIcon name="com.callapp.contacts/com.callapp.contacts.activity.contact.list.ContactsListActivity" image="callapp"/>

	<!-- CoinGlass -->
	<AppIcon name="com.coinglass.android/com.coinglass.androidapp.SplashActivity" image="coinglass"/>

	<!-- Dynadot -->
	<AppIcon name="com.dynadot.search/com.dynadot.search.activity.SplashActivity" image="dynadot"/>

	<!-- DynaMail -->
	<AppIcon name="com.dynadot.android.email/com.dynadot.android.email.ui.SplashActivity" image="dynamail"/>

	<!-- Files To SD Card -->
	<AppIcon name="cz.bukacek.filestosdcard/cz.bukacek.filestosdcard.filestosdcard" image="files_to_sd_card"/>

	<!-- GIPHY -->
	<AppIcon name="com.giphy.messenger/com.giphy.messenger.app.OnboardingActivity" image="giphy"/>

	<!-- Gleeo Time Tracker -->
	<AppIcon name="ch.gridvision.pbtm.androidtimerecorder/ch.gridvision.tm.androidtimerecorder.MainActivity" image="gleeo_time_tracker"/>

	<!-- Go Charting -->
	<AppIcon name="com.gocharting.gocharting/com.gocharting.gocharting.MainActivity" image="go_charting"/>

	<!-- imToken -->
	<AppIcon name="im.token.app/org.consenlabs.imtoken.MainActivity" image="imtoken"/>

	<!-- InviZible Pro -->
	<AppIcon name="pan.alexander.tordnscrypt.stable/pan.alexander.tordnscrypt.MainActivity" image="invizible_pro"/>

	<!-- Invoice2go -->
	<AppIcon name="com.invoice2go.invoice2goplus/com.invoice2go.activity.SplashActivity" image="invoice2go"/>

	<!-- Jellyfin -->
	<AppIcon name="org.jellyfin.androidtv/org.jellyfin.androidtv.ui.startup.StartupActivity" image="jellyfin"/>

	<!-- jQuarks -->
	<AppIcon name="com.oF2pks.jquarks/org.lineageos.jelly.MainActivity" image="jquarks"/>

	<!-- Keyboard -->
	<AppIcon name="com.android.inputmethod.latin/com.android.inputmethod.latin.setup.SetupActivity" image="keyboard"/>

	<!-- Keyoxide -->
	<AppIcon name="org.keyoxide.keyoxide/org.keyoxide.keyoxide_flutter.MainActivity" image="keyoxide"/>

	<!-- Monero.com -->
	<AppIcon name="com.monero.app/com.monero.app.MainActivity" image="monerocom"/>

	<!-- Motion Eye -->
	<AppIcon name="com.jairaj.janglegmail.motioneye/com.jairaj.janglegmail.motioneye.activities.LoadingScreenActivity" image="motion_eye"/>

	<!-- Namecheap -->
	<AppIcon name="com.namecheap.android/com.namecheap.android.app.MainActivity" image="namecheap"/>

	<!-- NLL Store -->
	<AppIcon name="com.nll.store/com.nll.store.ui.AppListActivity" image="nll_store"/>

	<!-- Notesnook -->
	<AppIcon name="com.streetwriters.notesnook/com.streetwriters.notesnook.MainActivity" image="notesnook"/>

	<!-- Openlib -->
	<AppIcon name="com.app.openlib/com.app.openlib.MainActivity" image="openlib"/>

	<!-- ownCloud -->
	<AppIcon name="com.owncloud.android/com.owncloud.android.ui.activity.SplashActivity" image="owncloud"/>

	<!-- Picard Barcode Scanner -->
	<AppIcon name="org.musicbrainz.picard.barcodescanner/org.musicbrainz.picard.barcodescanner.activities.ScannerActivity" image="picard_barcode_scanner"/>

	<!-- Police Scanner -->
	<AppIcon name="police.scanner.radio.broadcastify.citizen/police.scanner.radio.broadcastify.citizen.ui.main.MainActivity" image="police_scanner"/>

	<!-- Privacy -->
	<AppIcon name="com.privacy.pay/com.privacy.pay.MainActivity" image="privacy"/>

	<!-- Proton Calendar -->
	<AppIcon name="me.proton.android.calendar/me.proton.android.calendar.presentation.main.MainActivity" image="proton_calendar"/>

	<!-- Proton Mail -->
	<AppIcon name="ch.protonmail.android/ch.protonmail.android.MainActivity" image="proton_mail"/>

	<!-- Proton Pass -->
	<AppIcon name="proton.android.pass/proton.android.pass.ui.MainActivity" image="proton_pass"/>

	<!-- Quad9 Connect -->
	<AppIcon name="com.quad9.aegis/com.quad9.aegis.MainActivity" image="quad9_connect"/>

	<!-- Remote Desktop -->
	<AppIcon name="com.google.chromeremotedesktop/com.google.remoting.androidwrapper.MainActivity" image="remote_desktop"/>

	<!-- Rtl-sdr driver -->
	<AppIcon name="marto.rtl_tcp_andro/com.sdrtouch.rtlsdr.StreamActivity" image="rtl_sdr_driver"/>

	<!-- Samourai -->
	<AppIcon name="com.samourai.wallet/com.samourai.wallet.MainActivity2" image="samourai"/>

	<!-- SDRTouch -->
	<AppIcon name="marto.androsdr2/marto.androsdr2.SDRTouchMain" image="sdrtouch"/>

	<!-- SelfPrivacy -->
	<AppIcon name="pro.kherel.selfprivacy/org.selfprivacy.app.MainActivity" image="selfprivacy"/>

	<!-- Serial USB Terminal -->
	<AppIcon name="de.kai_morich.serial_usb_terminal/de.kai_morich.serial_usb_terminal.MainActivity" image="serial_usb_terminal"/>

	<!-- Simple Crypto Widget -->
	<AppIcon name="com.brentpanther.bitcoinwidget/com.brentpanther.bitcoinwidget.ui.MainActivity" image="simple_crypto_widget"/>

	<!-- Speechkeys Voice Typing -->
	<AppIcon name="com.wellsrc.speechkeys/com.wellsrc.speechkeys.LauncherActivity" image="speechkeys_voice_typing"/>

	<!-- Speechnotes -->
	<AppIcon name="co.speechnotes.speechnotes/co.speechnotes.speechnotes.MainActivity" image="speechnotes"/>

	<!-- Tailscale -->
	<AppIcon name="com.tailscale.ipn/com.tailscale.ipn.IPNActivity" image="tailscale"/>

	<!-- Termius -->
	<AppIcon name="com.server.auditor.ssh.client/com.server.auditor.ssh.client.navigation.SplashScreenActivity" image="termius"/>

	<!-- TIDY -->
	<AppIcon name="com.slavabarkov.tidy/com.slavabarkov.tidy.MainActivity" image="tidy"/>

	<!-- Timesheet -->
	<AppIcon name="com.aadhk.time/com.aadhk.time.SplashActivity" image="timesheet"/>

	<!-- TopScan -->
	<AppIcon name="com.topdon.diag.topscan/com.topdon.diag.topscan.SplashActivity" image="topscan"/>

	<!-- TorServices -->
	<AppIcon name="org.torproject.torservices/org.torproject.torservices.SettingsActivity" image="torservices"/>

	<!-- Trust Wallet -->
	<AppIcon name="com.wallet.crypto.trustapp/com.wallet.crypto.trustapp.ui.app.AppActivity" image="trust_wallet"/>

	<!-- Ultimate USB -->
	<AppIcon name="com.mixapplications.ultimateusb/com.mixapplications.ultimateusb.MainActivity" image="ultimate_usb"/>

	<!-- USB Serial Console -->
	<AppIcon name="jp.sugnakys.usbserialconsole/jp.sugnakys.usbserialconsole.presentation.MainActivity" image="usb_serial_console"/>

	<!-- USB-Connect -->
	<AppIcon name="com.app.UsBoiler/com.example.UsBoiler.MainActivity" image="usb_connect"/>

	<!-- USPS Mobile -->
	<AppIcon name="com.usps.app/com.usps.app.mobile.SplashScreenActivity" image="usps_mobile"/>

	<!-- Voice Recorder -->
	<AppIcon name="org.fossify.voicerecorder/org.fossify.voicerecorder.activities.SplashActivity.Green" image="voice_recorder"/>

	<!-- WiGLE WiFi -->
	<AppIcon name="net.wigle.wigleandroid/net.wigle.wigleandroid.MainActivity" image="wigle_wifi"/>

	<!-- YouMail -->
	<AppIcon name="com.youmail.android.vvm/com.youmail.android.vvm.main.AppLauncherActivity" image="youmail"/>

	<!-- Zueira's Voice -->
	<AppIcon name="com.brunopiovan.avozdazueira/com.brunopiovan.avozdazueira.MainActivity" image="zueiras_voice"/>

</Theme>