<Theme version="1">

	<!-- Hostelworld -->
	<AppIcon name="com.hostelworld.app/com.hostelworld.app.features.launcher.view.LauncherActivity" image="hostelworld"/>

	<!-- Hotels.com -->
	<AppIcon name="com.hcom.android/com.expedia.bookings.activity.SearchActivity" image="hotelscom"/>

	<!-- HotelTonight -->
	<AppIcon name="com.hoteltonight.android.prod/com.hoteltonight.android.prod.activity.SplashActivity" image="hoteltonight"/>

	<!-- huffnpuff -->
	<AppIcon name="com.spoonstream.huffnpuff/com.spoonstream.huffnpuff.MainActivity" image="huffnpuff"/>

	<!-- Ice and Fire Live Wallpaper -->
	<AppIcon name="com.lux.live.wallpapers.and.creative.factory.wallpapers.backgrounds.hd.lwp.ice.fire.live.wallpaper/com.lux.live.wallpapers.and.creative.factory.wallpapers.backgrounds.hd.lwp.ice.fire.live.wallpaper.screens.SplashActivity" image="ice_and_fire_live_wallpaper"/>

	<!-- Icon Pack Studio -->
	<AppIcon name="ginlemon.iconpackstudio/ginlemon.iconpackstudio.editor.homeActivity.HomeActivity" image="icon_pack_studio"/>

	<!-- Idealz -->
	<AppIcon name="app.android.idealz.com/app.android.idealz.com.SplashActivity" image="idealz"/>

	<!-- iHerb -->
	<AppIcon name="com.iherb/com.iherb.mobile.product.splash.view.SplashActivity" image="iherb"/>

	<!-- IKEA UAE -->
	<AppIcon name="com.ikea.alfuttaim.store/com.ikea.kompis.SplashActivity" image="ikea_uae"/>

	<!-- Imagine -->
	<AppIcon name="com.vyroai.aiart/com.vyroai.aiart.ui.activity.ImagineActivity" image="imagine"/>

	<!-- iMemo -->
	<AppIcon name="newway.good.note.ai.notepad.notebook.checklist.gpt/com.oneweek.noteai.main.splash.SpnashActivity" image="imemo"/>

	<!-- Infinite Painter -->
	<AppIcon name="com.brakefield.painter/com.brakefield.painter.activities.ActivityStartup" image="infinite_painter"/>

	<!-- Insta360 -->
	<AppIcon name="com.arashivision.insta360akiko/com.arashivision.insta360akiko.app.SplashActivity" image="insta360"/>

	<!-- Instant Gaming -->
	<AppIcon name="com.instantgaming.android/com.instantgaming.android.Activities.WebViewActivity" image="instant_gaming"/>

	<!-- InstaShop -->
	<AppIcon name="com.stedor.instashop/com.stedor.instashop.splash.view.SplashActivity" image="instashop"/>

	<!-- Invygo -->
	<AppIcon name="com.invygo.customer/com.invygo.customer.SplashActivity" image="invygo"/>

	<!-- Inware -->
	<AppIcon name="com.evo.inware/com.evo.inware.ui.activities.SweetHomeActivity" image="inware"/>

	<!-- iPaint - Coloring Book -->
	<AppIcon name="com.teknasyon.coloringbook/com.teknasyon.coloringbook.view.activity.SplashActivity" image="ipaint_coloring_book"/>

	<!-- ixigo -->
	<AppIcon name="com.ixigo/com.ixigo.DefaultSplashScreenActivity" image="ixigo"/>

	<!-- JanaTube -->
	<AppIcon name="com.jana.tube.video/com.jana.tube.video.utube.main.MainActivity" image="janatube"/>

	<!-- Jazeera Airways -->
	<AppIcon name="com.winit.jazeeraairways/com.winit.jazeeraairways.Activities.SplashScreen1" image="jazeera_airways"/>

	<!-- JBL Portable -->
	<AppIcon name="com.harman.ble.jbllink/com.harman.jbl.portable.WelcomeActivity" image="jbl_portable"/>

	<!-- Jot -->
	<AppIcon name="com.kentdisplays.jot/com.kentdisplays.jot.activities.MainActivity" image="jot"/>

	<!-- JUGO -->
	<AppIcon name="bubustudio.jugo.pack/bubustudio.jugo.pack.activities.SplashActivity" image="jugo"/>

	<!-- Justlife -->
	<AppIcon name="com.mobile.justmop/com.mobile.justmop.MainActivity" image="justlife"/>

	<!-- KAYAK -->
	<AppIcon name="com.kayak.android/com.kayak.android.splash.SplashActivity" image="kayak"/>

	<!-- Keepa -->
	<AppIcon name="com.keepa.mobile/com.tns.NativeScriptActivity" image="keepa"/>

	<!-- KFC UAE -->
	<AppIcon name="com.kfc.me/com.americana.me.ui.onboarding.splash.SplashActivity" image="kfc_uae"/>

	<!-- Kickstarter -->
	<AppIcon name="com.kickstarter.kickstarter/com.kickstarter.ui.activities.DiscoveryActivity" image="kickstarter"/>

	<!-- Kitopi Rewards -->
	<AppIcon name="com.kitopi.pos.central/com.kitopi.pos.central.MainActivity" image="kitopi_rewards"/>

	<!-- KLIX -->
	<AppIcon name="com.iklix.klix/com.iklix.klix.MainActivity" image="klix"/>

	<!-- Koloro -->
	<AppIcon name="com.cerdillac.persetforlightroom/com.lightcone.cerdillac.koloro.activity.SplashActivity" image="koloro"/>

	<!-- LeanKey Keyboard Pro -->
	<AppIcon name="org.liskovsoft.androidtv.rukeyboard/com.liskovsoft.leankeyboard.activity.settings.KbSettingsActivity2" image="leankey_keyboard_pro"/>

	<!-- Lensa -->
	<AppIcon name="com.lensa.app/com.lensa.original" image="lensa"/>

	<!-- Letterboxd -->
	<AppIcon name="com.letterboxd.letterboxd/com.letterboxd.letterboxd.ui.activities.LaunchActivity" image="letterboxd"/>

	<!-- LightCut -->
	<AppIcon name="com.lightcut.videoeditor/com.lct.light.main.SplashActivity" image="lightcut"/>

	<!-- Lightleap -->
	<AppIcon name="com.lightricks.quickshot/com.lightricks.quickshot.SplashActivity" image="lightleap"/>

	<!-- LightX -->
	<AppIcon name="com.lightx/com.lightx.activities.LightxActivity" image="lightx"/>

	<!-- Link to MyASUS -->
	<AppIcon name="com.asus.syncv2/com.asus.linktomyasus.MainActivity" image="link_to_myasus"/>

	<!-- LogoMaker -->
	<AppIcon name="com.TTT.logomaker.logocreator.generator.designer/app.dev.watermark.screen.splash.SplashActivity" image="logomaker"/>

	<!-- Lookout -->
	<AppIcon name="com.google.android.apps.accessibility.reveal/com.google.android.apps.accessibility.reveal.activities.ProxyActivity" image="lookout"/>

	<!-- LuLu Shopping -->
	<AppIcon name="com.lulu.commerce/com.app.lulu.view.ui.splash.SplashActivity" image="lulu_shopping"/>

	<!-- Luminar Share -->
	<AppIcon name="com.skylum.luminarshare/crc64ea0dff78e50dfef8.SplashActivity" image="luminar_share"/>

	<!-- Mad Muscles -->
	<AppIcon name="com.amomedia.madmuscles/com.amomedia.musclemate.presentation.startup.RouteActivity" image="mad_muscles"/>

	<!-- MAF Carrefour -->
	<AppIcon name="com.aswat.carrefouruae/com.aswat.carrefouruae.feature.splash.view.activity.SplashActivity" image="maf_carrefour"/>

	<!-- MakeMyTrip -->
	<AppIcon name="com.makemytrip/com.mmt.travel.app.home.ui.SplashActivity" image="makemytrip"/>

	<!-- MANGO -->
	<AppIcon name="com.dylvian.mango.activities/com.mango.activities.splash.presentation.ActivitySplash" image="mango"/>

	<!-- Max -->
	<AppIcon name="com.landmarkgroup.maxstores/com.landmarkgroupreactapps.SplashActivityDefault" image="max"/>

	<!-- McDonald's -->
	<AppIcon name="com.mcdonalds.mobileapp/mcdonalds.core.SplashActivity" image="mcdonalds"/>

	<!-- MediaFire -->
	<AppIcon name="com.mediafire.android/com.mediafire.android.MainActivity" image="mediafire"/>

</Theme>