<resources>

	<!-- Banggood -->
	<item component="ComponentInfo{com.banggood.client/com.banggood.client.Launcher}" drawable="banggood" />

	<!-- Bounty Competitions -->
	<item component="ComponentInfo{com.bountycompetitions.app/com.bountycompetitions.app.SplashActivity}" drawable="bounty_competitions" />

	<!-- discovery+ -->
	<item component="ComponentInfo{com.discovery.dplay/com.discovery.plus.presentation.activities.LaunchActivity}" drawable="discovery_" />

	<!-- Joom -->
	<item component="ComponentInfo{com.joom/com.joom.ui.main.MainActivity}" drawable="joom" />

	<!-- My Renault -->
	<item component="ComponentInfo{com.renault.myrenault.one.fr/com.accenture.myrenault.activities.splashscreen.SplashScreenActivity}" drawable="my_renault" />

	<!-- MySky -->
	<item component="ComponentInfo{com.bskyb.skyservice/com.bskyb.skyservice.MainActivity}" drawable="mysky" />

	<!-- Ring -->
	<item component="ComponentInfo{com.ringapp/com.ring.launch.LaunchActivity}" drawable="ring" />

	<!-- Royal Bank -->
	<item component="ComponentInfo{com.rbs.mobile.android.rbs/co.uk.rbsg.mobile.android.feature.login.LoginActivity}" drawable="royal_bank" />

	<!-- Sky Go -->
	<item component="ComponentInfo{com.bskyb.skygo/com.bskyb.skygo.features.startup.StartupActivity}" drawable="sky_go" />

	<!-- The National Lottery -->
	<item component="ComponentInfo{uk.co.theofficialnationallotteryapp.android.play/uk.co.theofficialnationallotteryapp.android.play.MainActivity}" drawable="the_national_lottery" />

	<!-- Xbox Game Pass -->
	<item component="ComponentInfo{com.gamepass/com.gamepass.MainActivity}" drawable="xbox_game_pass" />

</resources>