<Theme version="1">

	<!-- Banggood -->
	<AppIcon name="com.banggood.client/com.banggood.client.Launcher" image="banggood"/>

	<!-- Bounty Competitions -->
	<AppIcon name="com.bountycompetitions.app/com.bountycompetitions.app.SplashActivity" image="bounty_competitions"/>

	<!-- discovery+ -->
	<AppIcon name="com.discovery.dplay/com.discovery.plus.presentation.activities.LaunchActivity" image="discovery_"/>

	<!-- Joom -->
	<AppIcon name="com.joom/com.joom.ui.main.MainActivity" image="joom"/>

	<!-- My Renault -->
	<AppIcon name="com.renault.myrenault.one.fr/com.accenture.myrenault.activities.splashscreen.SplashScreenActivity" image="my_renault"/>

	<!-- MySky -->
	<AppIcon name="com.bskyb.skyservice/com.bskyb.skyservice.MainActivity" image="mysky"/>

	<!-- Ring -->
	<AppIcon name="com.ringapp/com.ring.launch.LaunchActivity" image="ring"/>

	<!-- Royal Bank -->
	<AppIcon name="com.rbs.mobile.android.rbs/co.uk.rbsg.mobile.android.feature.login.LoginActivity" image="royal_bank"/>

	<!-- Sky Go -->
	<AppIcon name="com.bskyb.skygo/com.bskyb.skygo.features.startup.StartupActivity" image="sky_go"/>

	<!-- The National Lottery -->
	<AppIcon name="uk.co.theofficialnationallotteryapp.android.play/uk.co.theofficialnationallotteryapp.android.play.MainActivity" image="the_national_lottery"/>

	<!-- Xbox Game Pass -->
	<AppIcon name="com.gamepass/com.gamepass.MainActivity" image="xbox_game_pass"/>

</Theme>