<appmap>

	<!-- 1942 -->
	<item class="com.google.firebase.MessagingUnityPlayerActivity" name="_1942"/>

	<!-- AirAttack 2 -->
	<item class="com.unity3d.player.UnityPlayerActivity" name="airattack_2"/>

	<!-- Apk Extractor -->
	<item class="braveheart.apps.apkextract.MainActivity" name="apk_extractor"/>

	<!-- App2SD -->
	<item class="braveheart.apps.app2sd.MainActivity" name="app2sd"/>

	<!-- DuckDuckGo -->
	<item class="com.duckduckgo.app.launch.LauncherBlue" name="duckduckgo"/>

	<!-- eBay -->
	<item class="com.ebay.mobile.home.impl.main.MainActivity" name="ebay"/>

	<!-- Evil Insult Generator -->
	<item class="com.evilinsult.activities.MainActivity" name="evil_insult_generator"/>

	<!-- Floor Plan Creator -->
	<item class="com.ml.planik.android.StartActivity" name="floor_plan_creator"/>

	<!-- Galleryit -->
	<item class="gallery.photogallery.pictures.vault.album.activity.splash.SplashActivity" name="galleryit"/>

	<!-- Home Depot -->
	<item class="com.thehomedepot.startup.activities.StartupActivity" name="home_depot"/>

	<!-- Inventory -->
	<item class="net.twisterrob.inventory.android.activity.MainActivity" name="inventory"/>

	<!-- Lock Box -->
	<item class="com.iotool.cutehider.aliasMain" name="lock_box"/>

	<!-- My Home Inventory -->
	<item class="com.tomkos.myinventory.Activity_Main" name="my_home_inventory"/>

</appmap>