<Theme version="1">

	<!-- 1942 -->
	<AppIcon name="com.os.wars.squadron/com.google.firebase.MessagingUnityPlayerActivity" image="_1942"/>

	<!-- AirAttack 2 -->
	<AppIcon name="com.ArtInGames.AirAttack2f/com.unity3d.player.UnityPlayerActivity" image="airattack_2"/>

	<!-- Apk Extractor -->
	<AppIcon name="braveheart.apps.apkextract/braveheart.apps.apkextract.MainActivity" image="apk_extractor"/>

	<!-- App2SD -->
	<AppIcon name="braveheart.apps.app2sd/braveheart.apps.app2sd.MainActivity" image="app2sd"/>

	<!-- DuckDuckGo -->
	<AppIcon name="com.duckduckgo.mobile.android/com.duckduckgo.app.launch.LauncherBlue" image="duckduckgo"/>

	<!-- eBay -->
	<AppIcon name="com.ebay.mobile/com.ebay.mobile.home.impl.main.MainActivity" image="ebay"/>

	<!-- Evil Insult Generator -->
	<AppIcon name="com.evilinsult/com.evilinsult.activities.MainActivity" image="evil_insult_generator"/>

	<!-- Floor Plan Creator -->
	<AppIcon name="pl.planmieszkania.android/com.ml.planik.android.StartActivity" image="floor_plan_creator"/>

	<!-- Galleryit -->
	<AppIcon name="gallery.photogallery.pictures.vault.album/gallery.photogallery.pictures.vault.album.activity.splash.SplashActivity" image="galleryit"/>

	<!-- Home Depot -->
	<AppIcon name="com.thehomedepot/com.thehomedepot.startup.activities.StartupActivity" image="home_depot"/>

	<!-- Inventory -->
	<AppIcon name="net.twisterrob.inventory/net.twisterrob.inventory.android.activity.MainActivity" image="inventory"/>

	<!-- Lock Box -->
	<AppIcon name="com.photobox.nbexppll/com.iotool.cutehider.aliasMain" image="lock_box"/>

	<!-- My Home Inventory -->
	<AppIcon name="com.tomkos.myinventory/com.tomkos.myinventory.Activity_Main" image="my_home_inventory"/>

</Theme>