<resources>

	<!-- Agoda -->
	<item component="ComponentInfo{com.agoda.mobile.consumer/com.agoda.mobile.consumer.screens.splash.AppLauncherActivity}" drawable="agoda" />

	<!-- ANZ Plus -->
	<item component="ComponentInfo{com.anz.lotus/com.anz.lotus.ui.MainActivity}" drawable="anz_plus" />

	<!-- ATO -->
	<item component="ComponentInfo{au.gov.ato.ATOTax/crc64d4b1f14aed59e235.MainActivity}" drawable="ato" />

	<!-- CommSec -->
	<item component="ComponentInfo{au.com.commsec.android.CommSec/commsec.android.base.home.HomeActivity}" drawable="commsec" />

	<!-- Contributor -->
	<item component="ComponentInfo{com.shutterstock.contributor/com.shutterstock.contributor.activities.LauncherStartActivity}" drawable="contributor" />

	<!-- DiDi -->
	<item component="ComponentInfo{com.didiglobal.passenger/com.didi.sdk.app.DidiLoadDexActivity}" drawable="didi" />

	<!-- felix -->
	<item component="ComponentInfo{au.com.mach2.android/au.com.mach2.android.MainActivity}" drawable="felix" />

	<!-- Gemini -->
	<item component="ComponentInfo{com.google.android.apps.bard/com.google.android.apps.bard.shellapp.BardEntryPointActivity}" drawable="gemini" />

	<!-- HND -->
	<item component="ComponentInfo{com.xiaozhen.beauty.hnd/com.xiaozhen.beauty.ui.activity.SplashActivity}" drawable="hnd" />

	<!-- Hostplus -->
	<item component="ComponentInfo{au.com.ogilvy.hostplus/au.com.hostplus.ui.auth.hostactivity.AuthActivity}" drawable="hostplus" />

	<!-- Hungry Jack’s -->
	<item component="ComponentInfo{com.webling.hungryjacks/com.webling.hungryjacks.activities.MainActivity}" drawable="hungry_jack’s" />

	<!-- KTC Mobile -->
	<item component="ComponentInfo{com.tapktc.app/com.tapktc.onboard.ui.splash.SplashActivity}" drawable="ktc_mobile" />

	<!-- Medicare -->
	<item component="ComponentInfo{au.gov.dhs.expressplus.medicare/au.gov.dhs.medicare.activities.LauncherActivity}" drawable="medicare" />

	<!-- myAIS -->
	<item component="ComponentInfo{com.ais.mimo.eservice/com.adl.mfaf.MainActivity}" drawable="myais" />

	<!-- myGov -->
	<item component="ComponentInfo{au.gov.mygov.mygovapp/au.gov.mygov.mygovapp.features.welcome.WelcomeActivity}" drawable="mygov" />

	<!-- myGovID -->
	<item component="ComponentInfo{au.gov.ato.mygovid.droid/au.gov.ato.myGovID.LaunchActivity}" drawable="mygovid" />

	<!-- MyMacca's -->
	<item component="ComponentInfo{com.mcdonalds.au.gma/com.mcdonalds.mcdcoreapp.common.activity.SplashActivity}" drawable="mymaccas" />

	<!-- Neuron -->
	<item component="ComponentInfo{com.hhyu.neuron/com.neuron.business.ui.account.login.UnregisteredHomeActivity}" drawable="neuron" />

	<!-- PvZ 3 -->
	<item component="ComponentInfo{com.ea.gp.pvzn3xt/com.ea.pvz3.YetiActivity}" drawable="pvz_3" />

	<!-- Quackr -->
	<item component="ComponentInfo{com.quackr.app/com.quackr.app.MainActivity}" drawable="quackr" />

	<!-- SEEK Jobs -->
	<item component="ComponentInfo{au.com.seek/seek.base.deeplink.presentation.DeeplinkActivity}" drawable="seek_jobs" />

	<!-- Subway® Australia -->
	<item component="ComponentInfo{au.com.subcard.app/crc643f56eb19e392e7ef.MainActivity}" drawable="subway®_australia" />

	<!-- Sync -->
	<item component="ComponentInfo{com.sync.mobileapp/com.sync.mobileapp.activities.SplashActivity}" drawable="sync" />

	<!-- Western Union -->
	<item component="ComponentInfo{com.westernunion.moneytransferr3app.au/com.wurnmobile.MainActivity}" drawable="western_union" />

	<!-- Xero Me -->
	<item component="ComponentInfo{com.xero.payday/com.xero.payday.features.startup.StartupActivity}" drawable="xero_me" />

	<!-- กยศ. Connect -->
	<item component="ComponentInfo{th.or.studentloan.app/com.ktb.dsl.presentation.login.LoginActivity}" drawable="กยศ_connect" />

</resources>