<appmap>

	<!-- Agoda -->
	<item class="com.agoda.mobile.consumer.screens.splash.AppLauncherActivity" name="agoda"/>

	<!-- ANZ Plus -->
	<item class="com.anz.lotus.ui.MainActivity" name="anz_plus"/>

	<!-- ATO -->
	<item class="crc64d4b1f14aed59e235.MainActivity" name="ato"/>

	<!-- CommSec -->
	<item class="commsec.android.base.home.HomeActivity" name="commsec"/>

	<!-- Contributor -->
	<item class="com.shutterstock.contributor.activities.LauncherStartActivity" name="contributor"/>

	<!-- DiDi -->
	<item class="com.didi.sdk.app.DidiLoadDexActivity" name="didi"/>

	<!-- felix -->
	<item class="au.com.mach2.android.MainActivity" name="felix"/>

	<!-- Gemini -->
	<item class="com.google.android.apps.bard.shellapp.BardEntryPointActivity" name="gemini"/>

	<!-- HND -->
	<item class="com.xiaozhen.beauty.ui.activity.SplashActivity" name="hnd"/>

	<!-- Hostplus -->
	<item class="au.com.hostplus.ui.auth.hostactivity.AuthActivity" name="hostplus"/>

	<!-- Hungry Jack’s -->
	<item class="com.webling.hungryjacks.activities.MainActivity" name="hungry_jack’s"/>

	<!-- KTC Mobile -->
	<item class="com.tapktc.onboard.ui.splash.SplashActivity" name="ktc_mobile"/>

	<!-- Medicare -->
	<item class="au.gov.dhs.medicare.activities.LauncherActivity" name="medicare"/>

	<!-- myAIS -->
	<item class="com.adl.mfaf.MainActivity" name="myais"/>

	<!-- myGov -->
	<item class="au.gov.mygov.mygovapp.features.welcome.WelcomeActivity" name="mygov"/>

	<!-- myGovID -->
	<item class="au.gov.ato.myGovID.LaunchActivity" name="mygovid"/>

	<!-- MyMacca's -->
	<item class="com.mcdonalds.mcdcoreapp.common.activity.SplashActivity" name="mymaccas"/>

	<!-- Neuron -->
	<item class="com.neuron.business.ui.account.login.UnregisteredHomeActivity" name="neuron"/>

	<!-- PvZ 3 -->
	<item class="com.ea.pvz3.YetiActivity" name="pvz_3"/>

	<!-- Quackr -->
	<item class="com.quackr.app.MainActivity" name="quackr"/>

	<!-- SEEK Jobs -->
	<item class="seek.base.deeplink.presentation.DeeplinkActivity" name="seek_jobs"/>

	<!-- Subway® Australia -->
	<item class="crc643f56eb19e392e7ef.MainActivity" name="subway®_australia"/>

	<!-- Sync -->
	<item class="com.sync.mobileapp.activities.SplashActivity" name="sync"/>

	<!-- Western Union -->
	<item class="com.wurnmobile.MainActivity" name="western_union"/>

	<!-- Xero Me -->
	<item class="com.xero.payday.features.startup.StartupActivity" name="xero_me"/>

	<!-- กยศ. Connect -->
	<item class="com.ktb.dsl.presentation.login.LoginActivity" name="กยศ_connect"/>

</appmap>