<Theme version="1">

	<!-- Agoda -->
	<AppIcon name="com.agoda.mobile.consumer/com.agoda.mobile.consumer.screens.splash.AppLauncherActivity" image="agoda"/>

	<!-- ANZ Plus -->
	<AppIcon name="com.anz.lotus/com.anz.lotus.ui.MainActivity" image="anz_plus"/>

	<!-- ATO -->
	<AppIcon name="au.gov.ato.ATOTax/crc64d4b1f14aed59e235.MainActivity" image="ato"/>

	<!-- CommSec -->
	<AppIcon name="au.com.commsec.android.CommSec/commsec.android.base.home.HomeActivity" image="commsec"/>

	<!-- Contributor -->
	<AppIcon name="com.shutterstock.contributor/com.shutterstock.contributor.activities.LauncherStartActivity" image="contributor"/>

	<!-- DiDi -->
	<AppIcon name="com.didiglobal.passenger/com.didi.sdk.app.DidiLoadDexActivity" image="didi"/>

	<!-- felix -->
	<AppIcon name="au.com.mach2.android/au.com.mach2.android.MainActivity" image="felix"/>

	<!-- Gemini -->
	<AppIcon name="com.google.android.apps.bard/com.google.android.apps.bard.shellapp.BardEntryPointActivity" image="gemini"/>

	<!-- HND -->
	<AppIcon name="com.xiaozhen.beauty.hnd/com.xiaozhen.beauty.ui.activity.SplashActivity" image="hnd"/>

	<!-- Hostplus -->
	<AppIcon name="au.com.ogilvy.hostplus/au.com.hostplus.ui.auth.hostactivity.AuthActivity" image="hostplus"/>

	<!-- Hungry Jack’s -->
	<AppIcon name="com.webling.hungryjacks/com.webling.hungryjacks.activities.MainActivity" image="hungry_jack’s"/>

	<!-- KTC Mobile -->
	<AppIcon name="com.tapktc.app/com.tapktc.onboard.ui.splash.SplashActivity" image="ktc_mobile"/>

	<!-- Medicare -->
	<AppIcon name="au.gov.dhs.expressplus.medicare/au.gov.dhs.medicare.activities.LauncherActivity" image="medicare"/>

	<!-- myAIS -->
	<AppIcon name="com.ais.mimo.eservice/com.adl.mfaf.MainActivity" image="myais"/>

	<!-- myGov -->
	<AppIcon name="au.gov.mygov.mygovapp/au.gov.mygov.mygovapp.features.welcome.WelcomeActivity" image="mygov"/>

	<!-- myGovID -->
	<AppIcon name="au.gov.ato.mygovid.droid/au.gov.ato.myGovID.LaunchActivity" image="mygovid"/>

	<!-- MyMacca's -->
	<AppIcon name="com.mcdonalds.au.gma/com.mcdonalds.mcdcoreapp.common.activity.SplashActivity" image="mymaccas"/>

	<!-- Neuron -->
	<AppIcon name="com.hhyu.neuron/com.neuron.business.ui.account.login.UnregisteredHomeActivity" image="neuron"/>

	<!-- PvZ 3 -->
	<AppIcon name="com.ea.gp.pvzn3xt/com.ea.pvz3.YetiActivity" image="pvz_3"/>

	<!-- Quackr -->
	<AppIcon name="com.quackr.app/com.quackr.app.MainActivity" image="quackr"/>

	<!-- SEEK Jobs -->
	<AppIcon name="au.com.seek/seek.base.deeplink.presentation.DeeplinkActivity" image="seek_jobs"/>

	<!-- Subway® Australia -->
	<AppIcon name="au.com.subcard.app/crc643f56eb19e392e7ef.MainActivity" image="subway®_australia"/>

	<!-- Sync -->
	<AppIcon name="com.sync.mobileapp/com.sync.mobileapp.activities.SplashActivity" image="sync"/>

	<!-- Western Union -->
	<AppIcon name="com.westernunion.moneytransferr3app.au/com.wurnmobile.MainActivity" image="western_union"/>

	<!-- Xero Me -->
	<AppIcon name="com.xero.payday/com.xero.payday.features.startup.StartupActivity" image="xero_me"/>

	<!-- กยศ. Connect -->
	<AppIcon name="th.or.studentloan.app/com.ktb.dsl.presentation.login.LoginActivity" image="กยศ_connect"/>

</Theme>