<Theme version="1">

	<!-- Air Hockey Challenge -->
	<AppIcon name="com.mobirix.airhockey/com.mobirix.airhockey.airhockey" image="air_hockey_challenge"/>

	<!-- Anime Slayer -->
	<AppIcon name="com.anslayer/com.anslayer.ui.splash.SplashActivity" image="anime_slayer"/>

	<!-- Apktool M -->
	<AppIcon name="ru.maximoff.apktool/ru.maximoff.apktool.SplashActivity" image="apktool_m"/>

	<!-- APNA SHIELD PRO -->
	<AppIcon name="com.apnashield.pro/prince.open.vpn.activities.SplashActivity" image="apna_shield_pro"/>

	<!-- App vault -->
	<AppIcon name="com.mi.globalminusscreen/com.mi.globalminusscreen.MainActivity" image="app_vault"/>

	<!-- Arabic English Dictionary -->
	<AppIcon name="com.dictionary.ar/com.dictionary.ar.DictionaryActivity" image="arabic_english_dictionary"/>

	<!-- Archery Battle -->
	<AppIcon name="com.cg.archery/com.cg.archery.MainActivity" image="archery_battle"/>

	<!-- ASD Player -->
	<AppIcon name="com.app_mo.splayer/com.app_mo.splayer.ui.main.MainActivity" image="asd_player"/>

	<!-- Ayah -->
	<AppIcon name="com.ayah/com.ayah.ui.SplashScreen" image="ayah"/>

	<!-- Base64 -->
	<AppIcon name="com.github.base64toolbox/com.example.intro_screen.MainActivity" image="base64"/>

	<!-- Beeper -->
	<AppIcon name="com.beeper.ima/com.beeper.chat.booper.MainActivity" image="beeper"/>

	<!-- Boardible -->
	<AppIcon name="com.Boardible.Boardible/com.google.firebase.MessagingUnityPlayerActivity" image="boardible"/>

	<!-- BOK -->
	<AppIcon name="com.mode.bok.ui/com.mode.bok.ui.DefaultLanguageActivity" image="bok"/>

	<!-- Bolt -->
	<AppIcon name="ee.mtakso.client/ee.mtakso.client.activity.SplashHomeActivity" image="bolt"/>

	<!-- Botim -->
	<AppIcon name="im.thebot.messenger/im.thebot.messenger.BOTStartPage" image="botim"/>

	<!-- Brick Game -->
	<AppIcon name="com.perseusgames.brickgame/com.unity3d.player.UnityPlayerActivity" image="brick_game"/>

	<!-- Calendar -->
	<AppIcon name="com.xiaomi.calendar/com.android.calendar.homepage.AllInOneActivity" image="calendar"/>

	<!-- Call of Duty -->
	<AppIcon name="com.activision.callofduty.shooter/com.tencent.tmgp.cod.CODMPrivatePermissionActivity" image="call_of_duty"/>

	<!-- Car Racing -->
	<AppIcon name="com.perseusgames.racingcar/com.unity3d.player.UnityPlayerActivity" image="car_racing"/>

	<!-- Careem -->
	<AppIcon name="com.careem.acma/com.careem.superapp.OnboardingActivityOldIcon" image="careem"/>

	<!-- Clock -->
	<AppIcon name="com.android.deskclock/com.android.deskclock.DeskClockTabActivity" image="clock"/>

	<!-- COD Warzone -->
	<AppIcon name="com.activision.callofduty.warzone/com.activision.game.MainActivity" image="cod_warzone"/>

	<!-- COUNTRY TUNNEL VIP -->
	<AppIcon name="dev.rlb.studio.countrytunnelvip/renz.javacodez.vpn.activities.RCODEVPNSplash" image="country_tunnel_vip"/>

	<!-- Cromite -->
	<AppIcon name="org.cromite.cromite/com.google.android.apps.chrome.Main" image="cromite"/>

	<!-- Currency Plus -->
	<AppIcon name="com.digitalchemy.currencyconverter/sk.halmi.ccalc.main.MainActivity" image="currency_plus"/>

	<!-- D4D -->
	<AppIcon name="com.voixme.d4d/com.voixme.d4d.ui.activity.SplashScreen" image="d4d"/>

	<!-- Devil May Cry: Peak of Combat -->
	<AppIcon name="com.nebulajoy.act.dmcpoc/com.hutong.supersdk.MainActivity" image="devil_may_cry_peak_of_combat"/>

	<!-- Downloads -->
	<AppIcon name="com.android.providers.downloads.ui/com.android.providers.downloads.ui.DownloadList" image="downloads"/>

	<!-- Early Bird Alarm Clock -->
	<AppIcon name="com.funanduseful.earlybirdalarm/com.funanduseful.earlybirdalarm.ui.main.MainActivity" image="early_bird_alarm_clock"/>

	<!-- Epic Games Store -->
	<AppIcon name="com.epicgames.portal/com.epicgames.portal.MainActivity" image="epic_games_store"/>

	<!-- Epub Reader -->
	<AppIcon name="epub.reader/com.foobnix.ui2.MainTabs2" image="epub_reader"/>

	<!-- Falling Blocks -->
	<AppIcon name="org.sajeg.fallingblocks/com.godot.game.GodotApp" image="falling_blocks"/>

	<!-- Fanta Pro Vpn -->
	<AppIcon name="com.fantapro.free/renz.javacodez.vpn.activities.VPNSplash" image="fanta_pro_vpn"/>

	<!-- File Manager -->
	<AppIcon name="org.fossify.filemanager/org.fossify.filemanager.activities.SplashActivity.Green" image="file_manager"/>

	<!-- FluffyChat -->
	<AppIcon name="chat.fluffy.fluffychat/chat.fluffy.fluffychat.MainActivity" image="fluffychat"/>

	<!-- FontFix -->
	<AppIcon name="com.jrummy.font.installer.free/com.jrummyapps.fontfix.activities.FontListActivity" image="fontfix"/>

	<!-- Fortnite -->
	<AppIcon name="com.epicgames.fortnite/com.epicgames.unreal.SplashActivity" image="fortnite"/>

	<!-- FV File Explorer Pro -->
	<AppIcon name="com.folderv.filepro/com.folderv.file.SplashActivity" image="fv_file_explorer_pro"/>

	<!-- Gallery -->
	<AppIcon name="com.miui.gallery/com.miui.gallery.activity.HomePageActivity" image="gallery"/>

	<!-- Game Center -->
	<AppIcon name="com.xiaomi.glgm/com.xiaomi.glgm.home.ui.SplashActivity" image="game_center"/>

	<!-- GameBox -->
	<AppIcon name="com.turner.cartoonnetworkgames/com.turner.cartoonnetworkgames.MainActivity" image="gamebox"/>

	<!-- GetApps -->
	<AppIcon name="com.xiaomi.mipicks/com.xiaomi.mipicks.DefaultAlias" image="getapps"/>

	<!-- GTA: SA -->
	<AppIcon name="com.rockstargames.gtasa/com.rockstargames.gtasa.Downloader" image="gta_sa"/>

	<!-- GuessIron -->
	<AppIcon name="de.indie42.guessiron/de.indie42.guessiron.MainActivity" image="guessiron"/>

	<!-- HackerBot -->
	<AppIcon name="net.hackerbot.hbsiteapp/net.hackerbot.hbsiteapp.MainActivity" image="hackerbot"/>

	<!-- HexX VPN -->
	<AppIcon name="xyz.spkmoder.hexx.vpn/com.tekidoer.hexxvpn.activities.SplashActivity" image="hexx_vpn"/>

	<!-- Honista -->
	<AppIcon name="cc.honista.app/com.app.launcher_0" image="honista"/>

	<!-- HTTP Request Tunnel -->
	<AppIcon name="com.request.http/spkmods.build.austrovpn.LauncherActivity" image="http_request_tunnel"/>

	<!-- HungerStation -->
	<AppIcon name="com.hungerstation.android.web/com.hungerstation.android.web.v6.screens.splash.view.SplashActivity" image="hungerstation"/>

	<!-- ICE VPN -->
	<AppIcon name="app.icevpn.devusa.build/com.technore.tunnel.activities.SpashActivity" image="ice_vpn"/>

	<!-- imo HD -->
	<AppIcon name="com.imo.android.imoimhd/com.imo.android.imoim.activities.Home" image="imo_hd"/>

	<!-- IR PRO VPN -->
	<AppIcon name="app.irprovpn.ovpn3/com.technore.tunnel.activities.SplashActivity" image="ir_pro_vpn"/>

	<!-- IzzyOnDroid -->
	<AppIcon name="in.sunilpaulmathew.izzyondroid/in.sunilpaulmathew.izzyondroid.MainActivity" image="izzyondroid"/>

	<!-- JACO -->
	<AppIcon name="com.weo.projectz/com.weo.projectz.MainActivity" image="jaco"/>

	<!-- Kiberu Data App -->
	<AppIcon name="com.wKiberuDataApp_17143086/com.appsgeyser.multiTabApp.MainNavigationActivity" image="kiberu_data_app"/>

	<!-- Langster -->
	<AppIcon name="com.langster.languages/com.langster.languages.MainActivity" image="langster"/>

	<!-- lCagjoshiq -->
	<AppIcon name="ru.eipjmiuj.qtprjrusi/ru.eipjmiuj.qtprjrusi.MainActivity1" image="lcagjoshiq"/>

	<!-- LOGO -->
	<AppIcon name="com.bedrill.quiz.logo.world/com.unity3d.player.UnityPlayerActivity" image="logo"/>

	<!-- MA NET VPN -->
	<AppIcon name="com.manet.vpn/prince.open.vpn.activities.SpashActivity" image="ma_net_vpn"/>

	<!-- Media Rewards -->
	<AppIcon name="com.beatgridmedia.panelsync.mediarewards/com.beatgridmedia.panelsync.mediarewards.activity.OverviewActivity" image="media_rewards"/>

	<!-- MHR Tunnel VIP -->
	<AppIcon name="com.mhrtunnel.vip/renz.javacodez.vpn.activities.VPNSplash" image="mhr_tunnel_vip"/>

	<!-- Mi Mover -->
	<AppIcon name="com.miui.huanji/com.miui.huanji.MainActivity" image="mi_mover"/>

	<!-- Mi Remote -->
	<AppIcon name="com.duokan.phone.remotecontroller/com.xiaomi.mitv.phone.remotecontroller.HoriWidgetMainActivityV2" image="mi_remote"/>

	<!-- Music -->
	<AppIcon name="com.miui.player/com.miui.player.ui.MusicBrowserActivity" image="music"/>

	<!-- MX Player -->
	<AppIcon name="com.mxtech.videoplayer.pro/com.mxtech.videoplayer.pro.ActivityMediaList" image="mx_player"/>

	<!-- MY TUNNEL MAX -->
	<AppIcon name="dev.mytunnelmax.pro/com.supremedev.tunnel.activities.SpashActivity" image="my_tunnel_max"/>

	<!-- NERD VPN 2024 -->
	<AppIcon name="com.wNERDVPN2024_16998386/com.webihostapp.xprofreevpnapp.activities.SplashActivity" image="nerd_vpn_2024"/>

	<!-- OpenComicVine -->
	<AppIcon name="org.proninyaroslav.opencomicvine/org.proninyaroslav.opencomicvine.ui.MainActivity" image="opencomicvine"/>

	<!-- OsmAnd -->
	<AppIcon name="net.osmand/net.osmand.plus.activities.MapActivity" image="osmand"/>

	<!-- PAC-MAN 256 -->
	<AppIcon name="eu.bandainamcoent.pacman256/com.unity3d.player.UnityPlayerActivity" image="pac_man_256"/>

	<!-- PDF Extra -->
	<AppIcon name="com.mobisystems.mobiscanner/com.mobisystems.office.splashScreen.SplashScreenActivity" image="pdf_extra"/>

	<!-- PLH TUNNEL -->
	<AppIcon name="dev.rlb.studio.plhtunnel/renz.javacodez.vpn.activities.VPNSplash" image="plh_tunnel"/>

	<!-- Poweramp -->
	<AppIcon name="com.maxmpz.audioplayer/com.maxmpz.audioplayer.standard_adaptive" image="poweramp"/>

	<!-- Puzzledom -->
	<AppIcon name="com.puzzlegame.puzzledom/org.cocos2dx.cpp.AppActivity" image="puzzledom"/>

	<!-- QR&T Scanner -->
	<AppIcon name="com.netvor.qrtscanner/com.netvor.qrtscanner.MainActivity" image="qr_and_t_scanner"/>

	<!-- Recorder -->
	<AppIcon name="com.android.soundrecorder/com.android.soundrecorder.StartActivity" image="recorder"/>

	<!-- Screen Recorder -->
	<AppIcon name="com.miui.screenrecorder/com.miui.screenrecorder.activity.ScreenRecorderHomeActivity" image="screen_recorder"/>

	<!-- Services & feedback -->
	<AppIcon name="com.miui.miservice/com.miui.miservice.main.MainActivity" image="services_and_feedback"/>

	<!-- SetEdit -->
	<AppIcon name="by4a.setedit22/by4a.setedit.EditorActivity" image="setedit"/>

	<!-- SF IV CE -->
	<AppIcon name="jp.co.capcom.sf4ce/jp.gltest2.android.GlTest2Activity" image="sf_iv_ce"/>

	<!-- Snake.io -->
	<AppIcon name="com.amelosinteractive.snake/com.kooapps.unity.CustomUnityPlayerActivity" image="snakeio"/>

	<!-- Spider -->
	<AppIcon name="com.mobilityware.spider/com.mobilityware.spider.Spider" image="spider"/>

	<!-- Stickman Party -->
	<AppIcon name="com.PlayMax.playergames/com.unity3d.player.UnityPlayerActivity" image="stickman_party"/>

	<!-- Subway Surf -->
	<AppIcon name="com.kiloo.subwaysurf/com.sybogames.chili.multidex.ChiliMultidexSupportActivity" image="subway_surf"/>

	<!-- Sync -->
	<AppIcon name="com.resilio.sync/com.resilio.sync.ui.activity.StartActivity" image="sync"/>

	<!-- Taqtaqah -->
	<AppIcon name="com.daregame/com.daregame.MainActivity" image="taqtaqah"/>

	<!-- The Amazing Spider-Man 2 -->
	<AppIcon name="com.gameloft.android.ANMP.GloftASHM/com.gameloft.android.ANMP.GloftASHM.GameActivity" image="the_amazing_spider_man_2"/>

	<!-- Themes -->
	<AppIcon name="com.android.thememanager/com.android.thememanager.ThemeResourceTabActivity" image="themes"/>

	<!-- TIDAL -->
	<AppIcon name="com.aspiro.tidal/com.aspiro.wamp.LoginFragmentActivity" image="tidal"/>

	<!-- TL FAST VPN -->
	<AppIcon name="com.tlfast.vpn/prince.open.vpn.activities.SpashActivity" image="tl_fast_vpn"/>

	<!-- Uninstaller -->
	<AppIcon name="com.rhythm.hexise.uninst/com.rhythm.hexise.uninst.Uninstaller" image="uninstaller"/>

	<!-- Viber -->
	<AppIcon name="com.viber.voip/com.viber.voip.WelcomeActivity" image="viber"/>

	<!-- VLN -->
	<AppIcon name="eu.bandainamcoent.verylittlenightmares/com.unity3d.player.UnityPlayerActivity" image="vln"/>

	<!-- Water Sort -->
	<AppIcon name="com.no1ornothing.color.water.sort.woody.puzzle/com.unity3d.player.UnityPlayerActivity" image="water_sort"/>

	<!-- WildHunt -->
	<AppIcon name="com.tensquaregames.huntmobile/com.unity3d.player.UnityPlayerActivity" image="wildhunt"/>

	<!-- XAPK Installer -->
	<AppIcon name="com.apkpure.installer/com.apkpure.installer.MainActivity" image="xapk_installer"/>

	<!-- Zalo -->
	<AppIcon name="com.zing.zalo/com.zing.zalo.ui.SplashActivity" image="zalo"/>

	<!-- التحدي السري -->
	<AppIcon name="com.tableknightgames.secretchallenge/com.tableknightgames.secretchallenge.Main" image="التحدي_السري"/>

	<!-- الجواب الشاطح -->
	<AppIcon name="com.tableknightgames.aljawabalshatih/com.google.firebase.MessagingUnityPlayerActivity" image="الجواب_الشاطح"/>

	<!-- برا السالفة -->
	<AppIcon name="com.tableknightgames.barraalsalfah/com.tableknightgames.barraalsalfah.Main" image="برا_السالفة"/>

	<!-- تحدي الخمس ثواني -->
	<AppIcon name="com.threethings.challengefiveseconds/com.threethings.challengefiveseconds.MainActivity" image="تحدي_الخمس_ثواني"/>

	<!-- جوابك جوابهم -->
	<AppIcon name="com.tableknightgames.JawabakJawabahom/com.google.firebase.MessagingUnityPlayerActivity" image="جوابك_جوابهم"/>

	<!-- حراج -->
	<AppIcon name="com.haraj.app/com.haraj.app.main.MainActivity" image="حراج"/>

	<!-- طقطقة -->
	<AppIcon name="com.challenge_of_commands_and_confessions.taqtiqa/com.challenge_of_commands_and_confessions.taqtiqa.SplashScreen" image="طقطقة"/>

	<!-- عوايدك -->
	<AppIcon name="com.tableknightgames.awaydak/com.tableknightgames.awaydak.Main" image="عوايدك"/>

	<!-- مصحف المدينة -->
	<AppIcon name="sa.QuranComplex.QuranHafs/com.embarcadero.firemonkey.FMXNativeActivity" image="مصحف_المدينة"/>

	<!-- هو هي هم -->
	<AppIcon name="com.tableknightgames.heshethem/com.tableknightgames.heshethem.Main" image="هو_هي_هم"/>

</Theme>