<Theme version="1">

	<!-- AdBlock für Samsung Internet -->
	<AppIcon name="com.betafish.adblocksbrowser/org.adblockplus.adblockplussbrowser.app.ui.LauncherActivity" image="adblock_fur_samsung_internet"/>

	<!-- Blitzer.de PRO -->
	<AppIcon name="de.blitzer.plus/net.graphmasters.blitzerde.activity.splash.SplashActivity" image="blitzerde_pro"/>

	<!-- Booking.com -->
	<AppIcon name="com.booking/com.booking.startup.HomeActivity" image="bookingcom"/>

	<!-- Bus & Bahn -->
	<AppIcon name="de.hafas.android.vbb/de.hafas.main.HafasApp" image="bus_and_bahn"/>

	<!-- Celebrate -->
	<AppIcon name="app.celebrate.celpho/app.celebrate.celpho.MainActivity" image="celebrate"/>

	<!-- CHECK24 -->
	<AppIcon name="de.check24.check24/de.check24.check24.activities.Check24Activity" image="check24"/>

	<!-- Diarium -->
	<AppIcon name="partl.Diarium/crc64379322c6af5bbbbe.MainActivity" image="diarium"/>

	<!-- Enya Music -->
	<AppIcon name="com.enya.enyamusic.national/com.enya.enyamusic.internation.activity.SplashActivity" image="enya_music"/>

	<!-- FeWo-direkt -->
	<AppIcon name="com.vacationrentals.homeaway/com.expedia.bookings.activity.SearchActivity" image="fewo_direkt"/>

	<!-- Finanzguru -->
	<AppIcon name="de.dwins.financeguru/de.dwins.financeguru.SplashActivity" image="finanzguru"/>

	<!-- Gaming Hub -->
	<AppIcon name="com.samsung.android.game.gamehome/com.samsung.android.game.gamehome.app.MainActivity" image="gaming_hub"/>

	<!-- Health -->
	<AppIcon name="com.sec.android.app.shealth/com.samsung.android.app.shealth.home.HomeMainActivity" image="health"/>

	<!-- Hue -->
	<AppIcon name="com.philips.lighting.hue2/com.philips.lighting.hue2.ContentActivity" image="hue"/>

	<!-- IPC360 -->
	<AppIcon name="com.ipc360/com.showmo.activity.OpenSelectActivity" image="ipc360"/>

	<!-- Journi Blog -->
	<AppIcon name="com.journiapp.journi/com.journiapp.journi.ui.launch.LaunchActivity" image="journi_blog"/>

	<!-- Legion -->
	<AppIcon name="fr.thema.wear.watch.legion/fr.thema.wear.watch.legion.WatchFaceCompanionConfigActivity" image="legion"/>

	<!-- Master -->
	<AppIcon name="fr.thema.wear.watch.master/fr.thema.wear.watch.master.WatchFaceCompanionConfigActivity" image="master"/>

	<!-- Mein Kochbuch -->
	<AppIcon name="com.blackapps.kochbuch2/com.blackapps.kochbuch2.MainActivity" image="mein_kochbuch"/>

	<!-- MuPDF viewer -->
	<AppIcon name="com.artifex.mupdf.viewer.app/com.artifex.mupdf.viewer.app.LibraryActivity" image="mupdf_viewer"/>

	<!-- MyFRITZ! -->
	<AppIcon name="de.avm.android.myfritz2/de.avm.android.one.activities.StartActivity" image="myfritz_"/>

	<!-- N26 -->
	<AppIcon name="de.number26.android/de.number26.machete.android.refactor.presentation.settings.customize_icon.launch_aliases.TealActivityLauncher" image="n26"/>

	<!-- Notizen -->
	<AppIcon name="com.simplemobiletools.notes.pro/com.simplemobiletools.notes.pro.activities.SplashActivity.Red" image="notizen"/>

	<!-- Notizen -->
	<AppIcon name="org.secuso.privacyfriendlynotes/org.secuso.privacyfriendlynotes.ui.SplashActivity" image="notizen"/>

	<!-- PRINT -->
	<AppIcon name="jp.co.canon.bsd.ad.pixmaprint/jp.co.canon.bsd.ad.pixmaprint.EulaActivity" image="print"/>

	<!-- SELPHY -->
	<AppIcon name="jp.co.canon.ic.photolayout/jp.co.canon.ic.photolayout.LaunchActivity" image="selphy"/>

	<!-- Smart Home -->
	<AppIcon name="de.avm.android.smarthome/de.avm.android.smarthome.activities.StartActivity" image="smart_home"/>

	<!-- TomTom GO -->
	<AppIcon name="com.tomtom.gplay.navapp/com.tomtom.mobilenavapp.MobileNavAppActivity" image="tomtom_go"/>

	<!-- Trade Republic -->
	<AppIcon name="de.traderepublic.app/de.traderepublic.app.ui.splash.LaunchActivity" image="trade republic"/>

	<!-- trale -->
	<AppIcon name="de.quantumphysique.trale/de.quantumphysique.trale.MainActivity" image="trale"/>

	<!-- WallFlow -->
	<AppIcon name="com.ammar.wallflow/com.ammar.wallflow.activities.main.MainActivity" image="wallflow"/>

	<!-- Wochenplaner -->
	<AppIcon name="com.weeklyplannerapp.weekplan/com.weeklyplannerapp.weekplan.View.Activities.MainActivity" image="wochenplaner"/>

	<!-- YAZIO -->
	<AppIcon name="com.yazio.android/yazio.feature.MainActivity" image="yazio"/>

</Theme>