<resources>

	<!-- Asphalt 9 -->
	<item component="ComponentInfo{com.gameloft.android.ANMP.GloftA9HM/com.gameloft.android.ANMP.GloftA9HM.MainActivity}" drawable="asphalt_9" />

	<!-- BHIM -->
	<item component="ComponentInfo{in.org.npci.upiapp/mpacjhvlt.n}" drawable="bhim" />

	<!-- Camera -->
	<item component="ComponentInfo{com.oplus.camera/com.oplus.camera.Camera}" drawable="camera" />

	<!-- Community -->
	<item component="ComponentInfo{com.realmecomm.app/com.android.realme2.start.view.AdvertiseActivity}" drawable="community" />

	<!-- Games -->
	<item component="ComponentInfo{com.oplus.games/com.oplus.games.ui.main.MainGameActivity}" drawable="games" />

	<!-- Ice -->
	<item component="ComponentInfo{io.ice.app/io.ice.app.MainActivity}" drawable="ice" />

	<!-- Microsoft SwiftKey Beta Keyboard -->
	<item component="ComponentInfo{com.touchtype.swiftkey.beta/com.touchtype.LauncherActivityIcon}" drawable="microsoft_swiftkey_beta_keyboard" />

	<!-- Notes -->
	<item component="ComponentInfo{com.coloros.note/com.nearme.note.main.MainActivity}" drawable="notes" />

	<!-- Pi -->
	<item component="ComponentInfo{com.blockchainvault/com.pinetwork.MainActivity}" drawable="pi" />

	<!-- Pi Browser -->
	<item component="ComponentInfo{pi.browser/com.pinetwork.MainActivity}" drawable="pi_browser" />

	<!-- PreVanced Manager -->
	<item component="ComponentInfo{com.github.prevanced.manager/com.github.prevanced.manager.MainActivity}" drawable="prevanced_manager" />

	<!-- Send Files To TV -->
	<item component="ComponentInfo{com.yablio.sendfilestotv/com.yablio.sendfilestotv.ui.MainActivity}" drawable="send_files_to_tv" />

	<!-- Sound Amplifier -->
	<item component="ComponentInfo{com.google.android.accessibility.soundamplifier/com.google.android.accessibility.soundamplifier.ui.SoundAmplifierSettingActivity}" drawable="sound_amplifier" />

	<!-- Star Health -->
	<item component="ComponentInfo{com.star.customer_app/com.star.customer_app.MainActivityDefault}" drawable="star_health" />

	<!-- TAGG NEO -->
	<item component="ComponentInfo{com.neo.verve/cn.k6_wrist_android.activity.login.SplashActivity}" drawable="tagg_neo" />

	<!-- Theme Store -->
	<item component="ComponentInfo{com.oplus.themestore/com.nearme.themespace.activities.ThemeActivity}" drawable="theme_store" />

</resources>