<Theme version="1">

	<!-- Asphalt 9 -->
	<AppIcon name="com.gameloft.android.ANMP.GloftA9HM/com.gameloft.android.ANMP.GloftA9HM.MainActivity" image="asphalt_9"/>

	<!-- BHIM -->
	<AppIcon name="in.org.npci.upiapp/mpacjhvlt.n" image="bhim"/>

	<!-- Camera -->
	<AppIcon name="com.oplus.camera/com.oplus.camera.Camera" image="camera"/>

	<!-- Community -->
	<AppIcon name="com.realmecomm.app/com.android.realme2.start.view.AdvertiseActivity" image="community"/>

	<!-- Games -->
	<AppIcon name="com.oplus.games/com.oplus.games.ui.main.MainGameActivity" image="games"/>

	<!-- Ice -->
	<AppIcon name="io.ice.app/io.ice.app.MainActivity" image="ice"/>

	<!-- Microsoft SwiftKey Beta Keyboard -->
	<AppIcon name="com.touchtype.swiftkey.beta/com.touchtype.LauncherActivityIcon" image="microsoft_swiftkey_beta_keyboard"/>

	<!-- Notes -->
	<AppIcon name="com.coloros.note/com.nearme.note.main.MainActivity" image="notes"/>

	<!-- Pi -->
	<AppIcon name="com.blockchainvault/com.pinetwork.MainActivity" image="pi"/>

	<!-- Pi Browser -->
	<AppIcon name="pi.browser/com.pinetwork.MainActivity" image="pi_browser"/>

	<!-- PreVanced Manager -->
	<AppIcon name="com.github.prevanced.manager/com.github.prevanced.manager.MainActivity" image="prevanced_manager"/>

	<!-- Send Files To TV -->
	<AppIcon name="com.yablio.sendfilestotv/com.yablio.sendfilestotv.ui.MainActivity" image="send_files_to_tv"/>

	<!-- Sound Amplifier -->
	<AppIcon name="com.google.android.accessibility.soundamplifier/com.google.android.accessibility.soundamplifier.ui.SoundAmplifierSettingActivity" image="sound_amplifier"/>

	<!-- Star Health -->
	<AppIcon name="com.star.customer_app/com.star.customer_app.MainActivityDefault" image="star_health"/>

	<!-- TAGG NEO -->
	<AppIcon name="com.neo.verve/cn.k6_wrist_android.activity.login.SplashActivity" image="tagg_neo"/>

	<!-- Theme Store -->
	<AppIcon name="com.oplus.themestore/com.nearme.themespace.activities.ThemeActivity" image="theme_store"/>

</Theme>