<resources>

	<!-- Action -->
	<item component="ComponentInfo{com.action.consumerapp/com.action.consumerapp.MainActivity}" drawable="action" />

	<!-- ALDI SÜD -->
	<item component="ComponentInfo{de.apptiv.business.android.aldi_de/de.apptiv.business.android.aldi_at_ahead.presentation.screens.splash.SplashActivity}" drawable="aldi_sud" />

	<!-- AliExpress -->
	<item component="ComponentInfo{com.alibaba.aliexpresshd/com.aliexpress.app.FirstActivity}" drawable="aliexpress" />

	<!-- AmiGO -->
	<item component="ComponentInfo{com.tomtom.speedcams.android.map/com.tomtom.amigo.MainActivity}" drawable="amigo" />

	<!-- apo-discounter -->
	<item component="ComponentInfo{de.apodiscounter.androidphone/de.apodiscounter.androidphone.ApoDiscounterActivity}" drawable="apo_discounter" />

	<!-- Apotheke vor Ort -->
	<item component="ComponentInfo{de.wortundbildverlag.mobil.apotheke/elixier.mobile.wub.de.apothekeelixier.ui.start.StartActivity}" drawable="apotheke_vor_ort" />

	<!-- AR Compass PRO -->
	<item component="ComponentInfo{com.kettler.argpscm3dpro/com.kettler.argpsc3d.ActivityMain}" drawable="ar_compass_pro" />

	<!-- Arztsuche -->
	<item component="ComponentInfo{de.kbv.bas/de.kbv.bas.MainActivityV2_}" drawable="arztsuche" />

	<!-- Audible -->
	<item component="ComponentInfo{com.audible.application/com.audible.application.SplashScreen}" drawable="audible" />

	<!-- canua -->
	<item component="ComponentInfo{com.touchingcode.canua/com.touchingcode.canua.activity.LaunchActivity}" drawable="canua" />

	<!-- Car Scanner -->
	<item component="ComponentInfo{com.ovz.carscanner/carScannerXamarinForms.Droid.MainActivity}" drawable="car_scanner" />

	<!-- Companion -->
	<item component="ComponentInfo{com.oticon.app/crc64ac8767b3f7206236.MainActivity}" drawable="companion" />

	<!-- Decathlon -->
	<item component="ComponentInfo{com.decathlon.app/com.decathlon.app.BLUE}" drawable="decathlon" />

	<!-- DocMorris -->
	<item component="ComponentInfo{de.docmorris.pharmacyapp/de.comventure.commerce.MainActivity}" drawable="docmorris" />

	<!-- Doctolib -->
	<item component="ComponentInfo{fr.doctolib.www/fr.doctolib.www.MainActivity}" drawable="doctolib" />

	<!-- DPD -->
	<item component="ComponentInfo{de.dpd.mobile/com.dpd.navigator.ui.splashscreen.SplashScreenActivity}" drawable="dpd" />

	<!-- EasyPark -->
	<item component="ComponentInfo{net.easypark.android/net.easypark.android.mvp.splash.SplashActivity}" drawable="easypark" />

	<!-- eBay -->
	<item component="ComponentInfo{com.ebay.mobile/com.ebay.mobile.home.impl.main.MainActivity}" drawable="ebay" />

	<!-- Familienstammbaum -->
	<item component="ComponentInfo{org.familysearch.mobile/org.familysearch.mobile.ui.activity.LauncherActivity}" drawable="familienstammbaum" />

	<!-- Fon -->
	<item component="ComponentInfo{de.avm.android.fritzapp/de.avm.android.fritzapp.StartActivity}" drawable="fon" />

	<!-- GLS Pakete -->
	<item component="ComponentInfo{com.gls.glsappde.consumer/de.gls.features.main.MainActivity}" drawable="gls_pakete" />

	<!-- Hermes -->
	<item component="ComponentInfo{de.myhermes.app/de.myhermes.app.MainActivity}" drawable="hermes" />

	<!-- Hilfe im Wald -->
	<item component="ComponentInfo{de.intend.android.hilfeimwald/crc64ada6b20a05072215.SplashActivity}" drawable="hilfe_im_wald" />

	<!-- HÖRZU -->
	<item component="ComponentInfo{de.funke.hoerzu/de.proofit.hoerzu.app.SplashActivity}" drawable="horzu" />

	<!-- HP Druckdienst-Plugin -->
	<item component="ComponentInfo{com.hp.android.printservice/com.hp.android.printservice.launcher.SplashActivity}" drawable="hp_druckdienst_plugin" />

	<!-- HP Smart -->
	<item component="ComponentInfo{com.hp.printercontrol/com.hp.printercontrol.hpx.PrinterControlWrapperActivity}" drawable="hp_smart" />

	<!-- IKKgesundplus -->
	<item component="ComponentInfo{de.ikkgesundplus.kundenapp/de.bitmarck.bitone.baseapp.ui.splashscreen.RoutingActivity}" drawable="ikkgesundplus" />

	<!-- Intercept X -->
	<item component="ComponentInfo{com.sophos.smsec/com.sophos.smsec.ui.DroidGuardMainActivity}" drawable="intercept_x" />

	<!-- jameda -->
	<item component="ComponentInfo{de.jameda/com.app.MainActivity}" drawable="jameda" />

	<!-- Kindle -->
	<item component="ComponentInfo{com.amazon.kindle/com.amazon.kindle.UpgradePage}" drawable="kindle" />

	<!-- Kleinanzeigen -->
	<item component="ComponentInfo{com.ebay.kleinanzeigen/ebk.ui.splash.SplashActivity}" drawable="kleinanzeigen" />

	<!-- Maps Viewer -->
	<item component="ComponentInfo{com.ravenfeld.maps/com.ravenfeld.maps.ui.MainActivity}" drawable="maps_viewer" />

	<!-- Marklife -->
	<item component="ComponentInfo{com.feioou.deliprint.yxq/com.feioou.deliprint.yxq.SplashActivity}" drawable="marklife" />

	<!-- Mein dm -->
	<item component="ComponentInfo{de.dm.meindm.android/de.dm.meindm.android.StartActivity}" drawable="mein_dm" />

	<!-- MeinMagenta -->
	<item component="ComponentInfo{de.telekom.android.customercenter/com.telekom.oneapp.launcher.components.launcher.LauncherActivity}" drawable="meinmagenta" />

	<!-- MeinVodafone -->
	<item component="ComponentInfo{com.appseleration.android.selfcare/com.vis.meinvodafone.view.activity.load.VfLoadPhoneActivity}" drawable="meinvodafone" />

	<!-- Music -->
	<item component="ComponentInfo{com.heytap.music/com.allsaints.music.ui.splash.SplashActivity}" drawable="music" />

	<!-- MyBackup Pro -->
	<item component="ComponentInfo{com.rerware.android.MyBackupPro/com.rerware.android.MyBackupPro.MyBackup}" drawable="mybackup_pro" />

	<!-- MyFRITZ! -->
	<item component="ComponentInfo{de.avm.android.myfritz2/de.avm.android.one.activities.StartActivity}" drawable="myfritz_" />

	<!-- Navigator -->
	<item component="ComponentInfo{com.mapfactor.navigator/com.mapfactor.navigator.map.MapActivity}" drawable="navigator" />

	<!-- News -->
	<item component="ComponentInfo{com.google.android.apps.magazines/com.google.apps.dots.android.app.activity.CurrentsStartActivity}" drawable="news" />

	<!-- NFC Tasks -->
	<item component="ComponentInfo{com.wakdev.nfctasks/com.wakdev.nfctasks.views.MainActivity}" drawable="nfc_tasks" />

	<!-- NIIMBOT -->
	<item component="ComponentInfo{com.gengcon.android.jccloudprinter/com.gengcon.android.jccloudprinter.LaunchActivity}" drawable="niimbot" />

	<!-- Norton Clean -->
	<item component="ComponentInfo{com.symantec.cleansweep/com.symantec.cleansweep.app.SplashScreenActivity}" drawable="norton_clean" />

	<!-- O₂ TV -->
	<item component="ComponentInfo{de.exaring.waipu.o2/de.exaring.waipu.ui.start.StartUpActivity}" drawable="o₂_tv" />

	<!-- OsmAnd~ -->
	<item component="ComponentInfo{net.osmand.plus/net.osmand.plus.activities.MapActivity}" drawable="osmand_" />

	<!-- OVAG E-Mobil -->
	<item component="ComponentInfo{de.chargecloud.b2c.ovag/de.chargecloud.b2c.ovag.MainActivity}" drawable="ovag_e_mobil" />

	<!-- Pannenhilfe -->
	<item component="ComponentInfo{de.adac.mobile.pannenhilfe/de.adac.mobile.pannenhilfe.ui.splash.SplashActivity}" drawable="pannenhilfe" />

	<!-- PAYBACK -->
	<item component="ComponentInfo{de.payback.client.android/de.payback.app.ui.main.MainActivity}" drawable="payback" />

	<!-- PayByPhone -->
	<item component="ComponentInfo{com.paybyphone/com.paybyphone.paybyphoneparking.app.ui.activities.SplashActivity}" drawable="paybyphone" />

	<!-- Polizeibericht -->
	<item component="ComponentInfo{com.tuxfusion.polizeibericht/com.tuxfusion.polizeibericht.StartActivity}" drawable="polizeibericht" />

	<!-- Post & DHL -->
	<item component="ComponentInfo{de.dhl.paket/de.its_berlin.dhlpaket.base.main.MainActivity}" drawable="post_and_dhl" />

	<!-- Postident -->
	<item component="ComponentInfo{de.deutschepost.postident/de.post.ident.ui.WelcomeActivity}" drawable="postident" />

	<!-- QR Scanner -->
	<item component="ComponentInfo{com.secuso.privacyFriendlyCodeScanner/com.secuso.privacyfriendlycodescanner.qrscanner.ui.activities.SplashActivity}" drawable="qr_scanner" />

	<!-- RDFit -->
	<item component="ComponentInfo{com.rd.tengfei.bdnotification/com.rd.tengfei.ui.start.StartActivity}" drawable="rdfit" />

	<!-- Rossmann -->
	<item component="ComponentInfo{de.rossmann.app.android/de.rossmann.app.android.splash.SplashScreen}" drawable="rossmann" />

	<!-- Send My Location -->
	<item component="ComponentInfo{net.cupla.sendmylocation/com.zipoapps.premiumhelper.ui.splash.PHSplashActivity}" drawable="send_my_location" />

	<!-- ServusTV On -->
	<item component="ComponentInfo{com.mautilus.servus/com.nousguide.android.rbtv.applib.SplashActivity}" drawable="servustv_on" />

	<!-- Shortcut Maker -->
	<item component="ComponentInfo{rk.android.app.shortcutmaker/rk.android.app.shortcutmaker.CommonMethods.SplashScreenActivity}" drawable="shortcut_maker" />

	<!-- SIM-Toolkit -->
	<item component="ComponentInfo{com.android.stk/com.android.stk.StkLauncherListActivity}" drawable="sim_toolkit" />

	<!-- SpardaApp -->
	<item component="ComponentInfo{de.sdvrz.ihb.mobile.app/de.sdvrz.ihb.bankingapp.feature.start.StartActivity}" drawable="spardaapp" />

	<!-- Statusschoner -->
	<item component="ComponentInfo{statussaver.saveit.videodownloader.downloadwhatsappstatus/statussaver.saveit.videodownloader.downloadwhatsappstatus.activities.WelcomeScreenActivity}" drawable="statusschoner" />

	<!-- Stocard -->
	<item component="ComponentInfo{de.stocard.stocard/de.stocard.ui.main.InitActivity}" drawable="stocard" />

	<!-- tellows -->
	<item component="ComponentInfo{app.tellows/app.tellows.activities.Anrufliste}" drawable="tellows" />

	<!-- teltarif.de -->
	<item component="ComponentInfo{net.ise.telefonbuch0180/net.ise.telefonbuch0180.MainActivity}" drawable="teltarifde" />

	<!-- Temu -->
	<item component="ComponentInfo{com.einnovation.temu/com.baogong.splash.activity.MainFrameActivity}" drawable="temu" />

	<!-- Thermer -->
	<item component="ComponentInfo{mate.bluetoothprint/mate.bluetoothprint.SplashScreenActivity}" drawable="thermer" />

	<!-- Translator -->
	<item component="ComponentInfo{com.microsoft.translator/com.microsoft.translator.activity.SplashActivity}" drawable="translator" />

	<!-- TV -->
	<item component="ComponentInfo{de.avm.android.fritzapptv/de.avm.android.fritzapptv.main.MainActivity}" drawable="tv" />

	<!-- VIDAA -->
	<item component="ComponentInfo{com.universal.remote.multi/com.universal.remote.multi.U6MainActivity}" drawable="vidaa" />

	<!-- Zedge -->
	<item component="ComponentInfo{net.zedge.android/net.zedge.android.MainNewyear}" drawable="zedge" />

</resources>