<appmap>

	<!-- Action -->
	<item class="com.action.consumerapp.MainActivity" name="action"/>

	<!-- ALDI SÜD -->
	<item class="de.apptiv.business.android.aldi_at_ahead.presentation.screens.splash.SplashActivity" name="aldi_sud"/>

	<!-- AliExpress -->
	<item class="com.aliexpress.app.FirstActivity" name="aliexpress"/>

	<!-- apo-discounter -->
	<item class="de.apodiscounter.androidphone.ApoDiscounterActivity" name="apo_discounter"/>

	<!-- Apotheke vor Ort -->
	<item class="elixier.mobile.wub.de.apothekeelixier.ui.start.StartActivity" name="apotheke_vor_ort"/>

	<!-- AR Compass PRO -->
	<item class="com.kettler.argpsc3d.ActivityMain" name="ar_compass_pro"/>

	<!-- canua -->
	<item class="com.touchingcode.canua.activity.LaunchActivity" name="canua"/>

	<!-- Companion -->
	<item class="crc64ac8767b3f7206236.MainActivity" name="companion"/>

	<!-- Fon -->
	<item class="de.avm.android.fritzapp.StartActivity" name="fon"/>

	<!-- Hilfe im Wald -->
	<item class="crc64ada6b20a05072215.SplashActivity" name="hilfe_im_wald"/>

	<!-- HÖRZU -->
	<item class="de.proofit.hoerzu.app.SplashActivity" name="horzu"/>

	<!-- IKKgesundplus -->
	<item class="de.bitmarck.bitone.baseapp.ui.splashscreen.RoutingActivity" name="ikkgesundplus"/>

	<!-- Kindle -->
	<item class="com.amazon.kindle.UpgradePage" name="kindle"/>

	<!-- Mein dm -->
	<item class="de.dm.meindm.android.StartActivity" name="mein_dm"/>

	<!-- MeinMagenta -->
	<item class="com.telekom.oneapp.launcher.components.launcher.LauncherActivity" name="meinmagenta"/>

	<!-- MyFRITZ! -->
	<item class="de.avm.android.one.activities.StartActivity" name="myfritz_"/>

	<!-- Navigator -->
	<item class="com.mapfactor.navigator.map.MapActivity" name="navigator"/>

	<!-- News -->
	<item class="com.google.apps.dots.android.app.activity.CurrentsStartActivity" name="news"/>

	<!-- NIIMBOT -->
	<item class="com.gengcon.android.jccloudprinter.LaunchActivity" name="niimbot"/>

	<!-- Norton Clean -->
	<item class="com.symantec.cleansweep.app.SplashScreenActivity" name="norton_clean"/>

	<!-- O₂ TV -->
	<item class="de.exaring.waipu.ui.start.StartUpActivity" name="o₂_tv"/>

	<!-- Pannenhilfe -->
	<item class="de.adac.mobile.pannenhilfe.ui.splash.SplashActivity" name="pannenhilfe"/>

	<!-- PAYBACK -->
	<item class="de.payback.app.ui.main.MainActivity" name="payback"/>

	<!-- Polizeibericht -->
	<item class="com.tuxfusion.polizeibericht.StartActivity" name="polizeibericht"/>

	<!-- Post & DHL -->
	<item class="de.its_berlin.dhlpaket.base.main.MainActivity" name="post_and_dhl"/>

	<!-- Postident -->
	<item class="de.post.ident.ui.WelcomeActivity" name="postident"/>

	<!-- RDFit -->
	<item class="com.rd.tengfei.ui.start.StartActivity" name="rdfit"/>

	<!-- Rossmann -->
	<item class="de.rossmann.app.android.splash.SplashScreen" name="rossmann"/>

	<!-- SIM-Toolkit -->
	<item class="com.android.stk.StkLauncherListActivity" name="sim_toolkit"/>

	<!-- SpardaApp -->
	<item class="de.sdvrz.ihb.bankingapp.feature.start.StartActivity" name="spardaapp"/>

	<!-- Statusschoner -->
	<item class="statussaver.saveit.videodownloader.downloadwhatsappstatus.activities.WelcomeScreenActivity" name="statusschoner"/>

	<!-- Thermer -->
	<item class="mate.bluetoothprint.SplashScreenActivity" name="thermer"/>

	<!-- TV -->
	<item class="de.avm.android.fritzapptv.main.MainActivity" name="tv"/>

	<!-- VIDAA -->
	<item class="com.universal.remote.multi.U6MainActivity" name="vidaa"/>

	<!-- Zedge -->
	<item class="net.zedge.android.MainNewyear" name="zedge"/>

</appmap>