<appmap>

	<!-- Action -->
	<item class="com.action.consumerapp.MainActivity" name="action"/>

	<!-- ALDI SÜD -->
	<item class="de.apptiv.business.android.aldi_at_ahead.presentation.screens.splash.SplashActivity" name="aldi_sud"/>

	<!-- AliExpress -->
	<item class="com.aliexpress.app.FirstActivity" name="aliexpress"/>

	<!-- AmiGO -->
	<item class="com.tomtom.amigo.MainActivity" name="amigo"/>

	<!-- apo-discounter -->
	<item class="de.apodiscounter.androidphone.ApoDiscounterActivity" name="apo_discounter"/>

	<!-- Apotheke vor Ort -->
	<item class="elixier.mobile.wub.de.apothekeelixier.ui.start.StartActivity" name="apotheke_vor_ort"/>

	<!-- AR Compass PRO -->
	<item class="com.kettler.argpsc3d.ActivityMain" name="ar_compass_pro"/>

	<!-- Arztsuche -->
	<item class="de.kbv.bas.MainActivityV2_" name="arztsuche"/>

	<!-- Audible -->
	<item class="com.audible.application.SplashScreen" name="audible"/>

	<!-- canua -->
	<item class="com.touchingcode.canua.activity.LaunchActivity" name="canua"/>

	<!-- Car Scanner -->
	<item class="carScannerXamarinForms.Droid.MainActivity" name="car_scanner"/>

	<!-- Companion -->
	<item class="crc64ac8767b3f7206236.MainActivity" name="companion"/>

	<!-- Decathlon -->
	<item class="com.decathlon.app.BLUE" name="decathlon"/>

	<!-- DocMorris -->
	<item class="de.comventure.commerce.MainActivity" name="docmorris"/>

	<!-- Doctolib -->
	<item class="fr.doctolib.www.MainActivity" name="doctolib"/>

	<!-- DPD -->
	<item class="com.dpd.navigator.ui.splashscreen.SplashScreenActivity" name="dpd"/>

	<!-- EasyPark -->
	<item class="net.easypark.android.mvp.splash.SplashActivity" name="easypark"/>

	<!-- eBay -->
	<item class="com.ebay.mobile.home.impl.main.MainActivity" name="ebay"/>

	<!-- Familienstammbaum -->
	<item class="org.familysearch.mobile.ui.activity.LauncherActivity" name="familienstammbaum"/>

	<!-- Fon -->
	<item class="de.avm.android.fritzapp.StartActivity" name="fon"/>

	<!-- GLS Pakete -->
	<item class="de.gls.features.main.MainActivity" name="gls_pakete"/>

	<!-- Hermes -->
	<item class="de.myhermes.app.MainActivity" name="hermes"/>

	<!-- Hilfe im Wald -->
	<item class="crc64ada6b20a05072215.SplashActivity" name="hilfe_im_wald"/>

	<!-- HÖRZU -->
	<item class="de.proofit.hoerzu.app.SplashActivity" name="horzu"/>

	<!-- HP Druckdienst-Plugin -->
	<item class="com.hp.android.printservice.launcher.SplashActivity" name="hp_druckdienst_plugin"/>

	<!-- HP Smart -->
	<item class="com.hp.printercontrol.hpx.PrinterControlWrapperActivity" name="hp_smart"/>

	<!-- IKKgesundplus -->
	<item class="de.bitmarck.bitone.baseapp.ui.splashscreen.RoutingActivity" name="ikkgesundplus"/>

	<!-- Intercept X -->
	<item class="com.sophos.smsec.ui.DroidGuardMainActivity" name="intercept_x"/>

	<!-- jameda -->
	<item class="com.app.MainActivity" name="jameda"/>

	<!-- Kindle -->
	<item class="com.amazon.kindle.UpgradePage" name="kindle"/>

	<!-- Kleinanzeigen -->
	<item class="ebk.ui.splash.SplashActivity" name="kleinanzeigen"/>

	<!-- Maps Viewer -->
	<item class="com.ravenfeld.maps.ui.MainActivity" name="maps_viewer"/>

	<!-- Marklife -->
	<item class="com.feioou.deliprint.yxq.SplashActivity" name="marklife"/>

	<!-- Mein dm -->
	<item class="de.dm.meindm.android.StartActivity" name="mein_dm"/>

	<!-- MeinMagenta -->
	<item class="com.telekom.oneapp.launcher.components.launcher.LauncherActivity" name="meinmagenta"/>

	<!-- MeinVodafone -->
	<item class="com.vis.meinvodafone.view.activity.load.VfLoadPhoneActivity" name="meinvodafone"/>

	<!-- Music -->
	<item class="com.allsaints.music.ui.splash.SplashActivity" name="music"/>

	<!-- MyBackup Pro -->
	<item class="com.rerware.android.MyBackupPro.MyBackup" name="mybackup_pro"/>

	<!-- MyFRITZ! -->
	<item class="de.avm.android.one.activities.StartActivity" name="myfritz_"/>

	<!-- Navigator -->
	<item class="com.mapfactor.navigator.map.MapActivity" name="navigator"/>

	<!-- News -->
	<item class="com.google.apps.dots.android.app.activity.CurrentsStartActivity" name="news"/>

	<!-- NFC Tasks -->
	<item class="com.wakdev.nfctasks.views.MainActivity" name="nfc_tasks"/>

	<!-- NIIMBOT -->
	<item class="com.gengcon.android.jccloudprinter.LaunchActivity" name="niimbot"/>

	<!-- Norton Clean -->
	<item class="com.symantec.cleansweep.app.SplashScreenActivity" name="norton_clean"/>

	<!-- O₂ TV -->
	<item class="de.exaring.waipu.ui.start.StartUpActivity" name="o₂_tv"/>

	<!-- OsmAnd~ -->
	<item class="net.osmand.plus.activities.MapActivity" name="osmand_"/>

	<!-- OVAG E-Mobil -->
	<item class="de.chargecloud.b2c.ovag.MainActivity" name="ovag_e_mobil"/>

	<!-- Pannenhilfe -->
	<item class="de.adac.mobile.pannenhilfe.ui.splash.SplashActivity" name="pannenhilfe"/>

	<!-- PAYBACK -->
	<item class="de.payback.app.ui.main.MainActivity" name="payback"/>

	<!-- PayByPhone -->
	<item class="com.paybyphone.paybyphoneparking.app.ui.activities.SplashActivity" name="paybyphone"/>

	<!-- Polizeibericht -->
	<item class="com.tuxfusion.polizeibericht.StartActivity" name="polizeibericht"/>

	<!-- Post & DHL -->
	<item class="de.its_berlin.dhlpaket.base.main.MainActivity" name="post_and_dhl"/>

	<!-- Postident -->
	<item class="de.post.ident.ui.WelcomeActivity" name="postident"/>

	<!-- QR Scanner -->
	<item class="com.secuso.privacyfriendlycodescanner.qrscanner.ui.activities.SplashActivity" name="qr_scanner"/>

	<!-- RDFit -->
	<item class="com.rd.tengfei.ui.start.StartActivity" name="rdfit"/>

	<!-- Rossmann -->
	<item class="de.rossmann.app.android.splash.SplashScreen" name="rossmann"/>

	<!-- Send My Location -->
	<item class="com.zipoapps.premiumhelper.ui.splash.PHSplashActivity" name="send_my_location"/>

	<!-- ServusTV On -->
	<item class="com.nousguide.android.rbtv.applib.SplashActivity" name="servustv_on"/>

	<!-- Shortcut Maker -->
	<item class="rk.android.app.shortcutmaker.CommonMethods.SplashScreenActivity" name="shortcut_maker"/>

	<!-- SIM-Toolkit -->
	<item class="com.android.stk.StkLauncherListActivity" name="sim_toolkit"/>

	<!-- SpardaApp -->
	<item class="de.sdvrz.ihb.bankingapp.feature.start.StartActivity" name="spardaapp"/>

	<!-- Statusschoner -->
	<item class="statussaver.saveit.videodownloader.downloadwhatsappstatus.activities.WelcomeScreenActivity" name="statusschoner"/>

	<!-- Stocard -->
	<item class="de.stocard.ui.main.InitActivity" name="stocard"/>

	<!-- tellows -->
	<item class="app.tellows.activities.Anrufliste" name="tellows"/>

	<!-- teltarif.de -->
	<item class="net.ise.telefonbuch0180.MainActivity" name="teltarifde"/>

	<!-- Temu -->
	<item class="com.baogong.splash.activity.MainFrameActivity" name="temu"/>

	<!-- Thermer -->
	<item class="mate.bluetoothprint.SplashScreenActivity" name="thermer"/>

	<!-- Translator -->
	<item class="com.microsoft.translator.activity.SplashActivity" name="translator"/>

	<!-- TV -->
	<item class="de.avm.android.fritzapptv.main.MainActivity" name="tv"/>

	<!-- VIDAA -->
	<item class="com.universal.remote.multi.U6MainActivity" name="vidaa"/>

	<!-- Zedge -->
	<item class="net.zedge.android.MainNewyear" name="zedge"/>

</appmap>