<Theme version="1">

	<!-- Action -->
	<AppIcon name="com.action.consumerapp/com.action.consumerapp.MainActivity" image="action"/>

	<!-- ALDI SÜD -->
	<AppIcon name="de.apptiv.business.android.aldi_de/de.apptiv.business.android.aldi_at_ahead.presentation.screens.splash.SplashActivity" image="aldi_sud"/>

	<!-- AliExpress -->
	<AppIcon name="com.alibaba.aliexpresshd/com.aliexpress.app.FirstActivity" image="aliexpress"/>

	<!-- AmiGO -->
	<AppIcon name="com.tomtom.speedcams.android.map/com.tomtom.amigo.MainActivity" image="amigo"/>

	<!-- apo-discounter -->
	<AppIcon name="de.apodiscounter.androidphone/de.apodiscounter.androidphone.ApoDiscounterActivity" image="apo_discounter"/>

	<!-- Apotheke vor Ort -->
	<AppIcon name="de.wortundbildverlag.mobil.apotheke/elixier.mobile.wub.de.apothekeelixier.ui.start.StartActivity" image="apotheke_vor_ort"/>

	<!-- AR Compass PRO -->
	<AppIcon name="com.kettler.argpscm3dpro/com.kettler.argpsc3d.ActivityMain" image="ar_compass_pro"/>

	<!-- Arztsuche -->
	<AppIcon name="de.kbv.bas/de.kbv.bas.MainActivityV2_" image="arztsuche"/>

	<!-- Audible -->
	<AppIcon name="com.audible.application/com.audible.application.SplashScreen" image="audible"/>

	<!-- canua -->
	<AppIcon name="com.touchingcode.canua/com.touchingcode.canua.activity.LaunchActivity" image="canua"/>

	<!-- Car Scanner -->
	<AppIcon name="com.ovz.carscanner/carScannerXamarinForms.Droid.MainActivity" image="car_scanner"/>

	<!-- Companion -->
	<AppIcon name="com.oticon.app/crc64ac8767b3f7206236.MainActivity" image="companion"/>

	<!-- Decathlon -->
	<AppIcon name="com.decathlon.app/com.decathlon.app.BLUE" image="decathlon"/>

	<!-- DocMorris -->
	<AppIcon name="de.docmorris.pharmacyapp/de.comventure.commerce.MainActivity" image="docmorris"/>

	<!-- Doctolib -->
	<AppIcon name="fr.doctolib.www/fr.doctolib.www.MainActivity" image="doctolib"/>

	<!-- DPD -->
	<AppIcon name="de.dpd.mobile/com.dpd.navigator.ui.splashscreen.SplashScreenActivity" image="dpd"/>

	<!-- EasyPark -->
	<AppIcon name="net.easypark.android/net.easypark.android.mvp.splash.SplashActivity" image="easypark"/>

	<!-- eBay -->
	<AppIcon name="com.ebay.mobile/com.ebay.mobile.home.impl.main.MainActivity" image="ebay"/>

	<!-- Familienstammbaum -->
	<AppIcon name="org.familysearch.mobile/org.familysearch.mobile.ui.activity.LauncherActivity" image="familienstammbaum"/>

	<!-- Fon -->
	<AppIcon name="de.avm.android.fritzapp/de.avm.android.fritzapp.StartActivity" image="fon"/>

	<!-- GLS Pakete -->
	<AppIcon name="com.gls.glsappde.consumer/de.gls.features.main.MainActivity" image="gls_pakete"/>

	<!-- Hermes -->
	<AppIcon name="de.myhermes.app/de.myhermes.app.MainActivity" image="hermes"/>

	<!-- Hilfe im Wald -->
	<AppIcon name="de.intend.android.hilfeimwald/crc64ada6b20a05072215.SplashActivity" image="hilfe_im_wald"/>

	<!-- HÖRZU -->
	<AppIcon name="de.funke.hoerzu/de.proofit.hoerzu.app.SplashActivity" image="horzu"/>

	<!-- HP Druckdienst-Plugin -->
	<AppIcon name="com.hp.android.printservice/com.hp.android.printservice.launcher.SplashActivity" image="hp_druckdienst_plugin"/>

	<!-- HP Smart -->
	<AppIcon name="com.hp.printercontrol/com.hp.printercontrol.hpx.PrinterControlWrapperActivity" image="hp_smart"/>

	<!-- IKKgesundplus -->
	<AppIcon name="de.ikkgesundplus.kundenapp/de.bitmarck.bitone.baseapp.ui.splashscreen.RoutingActivity" image="ikkgesundplus"/>

	<!-- Intercept X -->
	<AppIcon name="com.sophos.smsec/com.sophos.smsec.ui.DroidGuardMainActivity" image="intercept_x"/>

	<!-- jameda -->
	<AppIcon name="de.jameda/com.app.MainActivity" image="jameda"/>

	<!-- Kindle -->
	<AppIcon name="com.amazon.kindle/com.amazon.kindle.UpgradePage" image="kindle"/>

	<!-- Kleinanzeigen -->
	<AppIcon name="com.ebay.kleinanzeigen/ebk.ui.splash.SplashActivity" image="kleinanzeigen"/>

	<!-- Maps Viewer -->
	<AppIcon name="com.ravenfeld.maps/com.ravenfeld.maps.ui.MainActivity" image="maps_viewer"/>

	<!-- Marklife -->
	<AppIcon name="com.feioou.deliprint.yxq/com.feioou.deliprint.yxq.SplashActivity" image="marklife"/>

	<!-- Mein dm -->
	<AppIcon name="de.dm.meindm.android/de.dm.meindm.android.StartActivity" image="mein_dm"/>

	<!-- MeinMagenta -->
	<AppIcon name="de.telekom.android.customercenter/com.telekom.oneapp.launcher.components.launcher.LauncherActivity" image="meinmagenta"/>

	<!-- MeinVodafone -->
	<AppIcon name="com.appseleration.android.selfcare/com.vis.meinvodafone.view.activity.load.VfLoadPhoneActivity" image="meinvodafone"/>

	<!-- Music -->
	<AppIcon name="com.heytap.music/com.allsaints.music.ui.splash.SplashActivity" image="music"/>

	<!-- MyBackup Pro -->
	<AppIcon name="com.rerware.android.MyBackupPro/com.rerware.android.MyBackupPro.MyBackup" image="mybackup_pro"/>

	<!-- MyFRITZ! -->
	<AppIcon name="de.avm.android.myfritz2/de.avm.android.one.activities.StartActivity" image="myfritz_"/>

	<!-- Navigator -->
	<AppIcon name="com.mapfactor.navigator/com.mapfactor.navigator.map.MapActivity" image="navigator"/>

	<!-- News -->
	<AppIcon name="com.google.android.apps.magazines/com.google.apps.dots.android.app.activity.CurrentsStartActivity" image="news"/>

	<!-- NFC Tasks -->
	<AppIcon name="com.wakdev.nfctasks/com.wakdev.nfctasks.views.MainActivity" image="nfc_tasks"/>

	<!-- NIIMBOT -->
	<AppIcon name="com.gengcon.android.jccloudprinter/com.gengcon.android.jccloudprinter.LaunchActivity" image="niimbot"/>

	<!-- Norton Clean -->
	<AppIcon name="com.symantec.cleansweep/com.symantec.cleansweep.app.SplashScreenActivity" image="norton_clean"/>

	<!-- O₂ TV -->
	<AppIcon name="de.exaring.waipu.o2/de.exaring.waipu.ui.start.StartUpActivity" image="o₂_tv"/>

	<!-- OsmAnd~ -->
	<AppIcon name="net.osmand.plus/net.osmand.plus.activities.MapActivity" image="osmand_"/>

	<!-- OVAG E-Mobil -->
	<AppIcon name="de.chargecloud.b2c.ovag/de.chargecloud.b2c.ovag.MainActivity" image="ovag_e_mobil"/>

	<!-- Pannenhilfe -->
	<AppIcon name="de.adac.mobile.pannenhilfe/de.adac.mobile.pannenhilfe.ui.splash.SplashActivity" image="pannenhilfe"/>

	<!-- PAYBACK -->
	<AppIcon name="de.payback.client.android/de.payback.app.ui.main.MainActivity" image="payback"/>

	<!-- PayByPhone -->
	<AppIcon name="com.paybyphone/com.paybyphone.paybyphoneparking.app.ui.activities.SplashActivity" image="paybyphone"/>

	<!-- Polizeibericht -->
	<AppIcon name="com.tuxfusion.polizeibericht/com.tuxfusion.polizeibericht.StartActivity" image="polizeibericht"/>

	<!-- Post & DHL -->
	<AppIcon name="de.dhl.paket/de.its_berlin.dhlpaket.base.main.MainActivity" image="post_and_dhl"/>

	<!-- Postident -->
	<AppIcon name="de.deutschepost.postident/de.post.ident.ui.WelcomeActivity" image="postident"/>

	<!-- QR Scanner -->
	<AppIcon name="com.secuso.privacyFriendlyCodeScanner/com.secuso.privacyfriendlycodescanner.qrscanner.ui.activities.SplashActivity" image="qr_scanner"/>

	<!-- RDFit -->
	<AppIcon name="com.rd.tengfei.bdnotification/com.rd.tengfei.ui.start.StartActivity" image="rdfit"/>

	<!-- Rossmann -->
	<AppIcon name="de.rossmann.app.android/de.rossmann.app.android.splash.SplashScreen" image="rossmann"/>

	<!-- Send My Location -->
	<AppIcon name="net.cupla.sendmylocation/com.zipoapps.premiumhelper.ui.splash.PHSplashActivity" image="send_my_location"/>

	<!-- ServusTV On -->
	<AppIcon name="com.mautilus.servus/com.nousguide.android.rbtv.applib.SplashActivity" image="servustv_on"/>

	<!-- Shortcut Maker -->
	<AppIcon name="rk.android.app.shortcutmaker/rk.android.app.shortcutmaker.CommonMethods.SplashScreenActivity" image="shortcut_maker"/>

	<!-- SIM-Toolkit -->
	<AppIcon name="com.android.stk/com.android.stk.StkLauncherListActivity" image="sim_toolkit"/>

	<!-- SpardaApp -->
	<AppIcon name="de.sdvrz.ihb.mobile.app/de.sdvrz.ihb.bankingapp.feature.start.StartActivity" image="spardaapp"/>

	<!-- Statusschoner -->
	<AppIcon name="statussaver.saveit.videodownloader.downloadwhatsappstatus/statussaver.saveit.videodownloader.downloadwhatsappstatus.activities.WelcomeScreenActivity" image="statusschoner"/>

	<!-- Stocard -->
	<AppIcon name="de.stocard.stocard/de.stocard.ui.main.InitActivity" image="stocard"/>

	<!-- tellows -->
	<AppIcon name="app.tellows/app.tellows.activities.Anrufliste" image="tellows"/>

	<!-- teltarif.de -->
	<AppIcon name="net.ise.telefonbuch0180/net.ise.telefonbuch0180.MainActivity" image="teltarifde"/>

	<!-- Temu -->
	<AppIcon name="com.einnovation.temu/com.baogong.splash.activity.MainFrameActivity" image="temu"/>

	<!-- Thermer -->
	<AppIcon name="mate.bluetoothprint/mate.bluetoothprint.SplashScreenActivity" image="thermer"/>

	<!-- Translator -->
	<AppIcon name="com.microsoft.translator/com.microsoft.translator.activity.SplashActivity" image="translator"/>

	<!-- TV -->
	<AppIcon name="de.avm.android.fritzapptv/de.avm.android.fritzapptv.main.MainActivity" image="tv"/>

	<!-- VIDAA -->
	<AppIcon name="com.universal.remote.multi/com.universal.remote.multi.U6MainActivity" image="vidaa"/>

	<!-- Zedge -->
	<AppIcon name="net.zedge.android/net.zedge.android.MainNewyear" image="zedge"/>

</Theme>