<Theme version="1">

	<!-- Action -->
	<AppIcon name="com.action.consumerapp/com.action.consumerapp.MainActivity" image="action"/>

	<!-- ALDI SÜD -->
	<AppIcon name="de.apptiv.business.android.aldi_de/de.apptiv.business.android.aldi_at_ahead.presentation.screens.splash.SplashActivity" image="aldi_sud"/>

	<!-- AliExpress -->
	<AppIcon name="com.alibaba.aliexpresshd/com.aliexpress.app.FirstActivity" image="aliexpress"/>

	<!-- apo-discounter -->
	<AppIcon name="de.apodiscounter.androidphone/de.apodiscounter.androidphone.ApoDiscounterActivity" image="apo_discounter"/>

	<!-- Apotheke vor Ort -->
	<AppIcon name="de.wortundbildverlag.mobil.apotheke/elixier.mobile.wub.de.apothekeelixier.ui.start.StartActivity" image="apotheke_vor_ort"/>

	<!-- AR Compass PRO -->
	<AppIcon name="com.kettler.argpscm3dpro/com.kettler.argpsc3d.ActivityMain" image="ar_compass_pro"/>

	<!-- canua -->
	<AppIcon name="com.touchingcode.canua/com.touchingcode.canua.activity.LaunchActivity" image="canua"/>

	<!-- Companion -->
	<AppIcon name="com.oticon.app/crc64ac8767b3f7206236.MainActivity" image="companion"/>

	<!-- Fon -->
	<AppIcon name="de.avm.android.fritzapp/de.avm.android.fritzapp.StartActivity" image="fon"/>

	<!-- Hilfe im Wald -->
	<AppIcon name="de.intend.android.hilfeimwald/crc64ada6b20a05072215.SplashActivity" image="hilfe_im_wald"/>

	<!-- HÖRZU -->
	<AppIcon name="de.funke.hoerzu/de.proofit.hoerzu.app.SplashActivity" image="horzu"/>

	<!-- IKKgesundplus -->
	<AppIcon name="de.ikkgesundplus.kundenapp/de.bitmarck.bitone.baseapp.ui.splashscreen.RoutingActivity" image="ikkgesundplus"/>

	<!-- Kindle -->
	<AppIcon name="com.amazon.kindle/com.amazon.kindle.UpgradePage" image="kindle"/>

	<!-- Mein dm -->
	<AppIcon name="de.dm.meindm.android/de.dm.meindm.android.StartActivity" image="mein_dm"/>

	<!-- MeinMagenta -->
	<AppIcon name="de.telekom.android.customercenter/com.telekom.oneapp.launcher.components.launcher.LauncherActivity" image="meinmagenta"/>

	<!-- MyFRITZ! -->
	<AppIcon name="de.avm.android.myfritz2/de.avm.android.one.activities.StartActivity" image="myfritz_"/>

	<!-- Navigator -->
	<AppIcon name="com.mapfactor.navigator/com.mapfactor.navigator.map.MapActivity" image="navigator"/>

	<!-- News -->
	<AppIcon name="com.google.android.apps.magazines/com.google.apps.dots.android.app.activity.CurrentsStartActivity" image="news"/>

	<!-- NIIMBOT -->
	<AppIcon name="com.gengcon.android.jccloudprinter/com.gengcon.android.jccloudprinter.LaunchActivity" image="niimbot"/>

	<!-- Norton Clean -->
	<AppIcon name="com.symantec.cleansweep/com.symantec.cleansweep.app.SplashScreenActivity" image="norton_clean"/>

	<!-- O₂ TV -->
	<AppIcon name="de.exaring.waipu.o2/de.exaring.waipu.ui.start.StartUpActivity" image="o₂_tv"/>

	<!-- Pannenhilfe -->
	<AppIcon name="de.adac.mobile.pannenhilfe/de.adac.mobile.pannenhilfe.ui.splash.SplashActivity" image="pannenhilfe"/>

	<!-- PAYBACK -->
	<AppIcon name="de.payback.client.android/de.payback.app.ui.main.MainActivity" image="payback"/>

	<!-- Polizeibericht -->
	<AppIcon name="com.tuxfusion.polizeibericht/com.tuxfusion.polizeibericht.StartActivity" image="polizeibericht"/>

	<!-- Post & DHL -->
	<AppIcon name="de.dhl.paket/de.its_berlin.dhlpaket.base.main.MainActivity" image="post_and_dhl"/>

	<!-- Postident -->
	<AppIcon name="de.deutschepost.postident/de.post.ident.ui.WelcomeActivity" image="postident"/>

	<!-- RDFit -->
	<AppIcon name="com.rd.tengfei.bdnotification/com.rd.tengfei.ui.start.StartActivity" image="rdfit"/>

	<!-- Rossmann -->
	<AppIcon name="de.rossmann.app.android/de.rossmann.app.android.splash.SplashScreen" image="rossmann"/>

	<!-- SIM-Toolkit -->
	<AppIcon name="com.android.stk/com.android.stk.StkLauncherListActivity" image="sim_toolkit"/>

	<!-- SpardaApp -->
	<AppIcon name="de.sdvrz.ihb.mobile.app/de.sdvrz.ihb.bankingapp.feature.start.StartActivity" image="spardaapp"/>

	<!-- Statusschoner -->
	<AppIcon name="statussaver.saveit.videodownloader.downloadwhatsappstatus/statussaver.saveit.videodownloader.downloadwhatsappstatus.activities.WelcomeScreenActivity" image="statusschoner"/>

	<!-- Thermer -->
	<AppIcon name="mate.bluetoothprint/mate.bluetoothprint.SplashScreenActivity" image="thermer"/>

	<!-- TV -->
	<AppIcon name="de.avm.android.fritzapptv/de.avm.android.fritzapptv.main.MainActivity" image="tv"/>

	<!-- VIDAA -->
	<AppIcon name="com.universal.remote.multi/com.universal.remote.multi.U6MainActivity" image="vidaa"/>

	<!-- Zedge -->
	<AppIcon name="net.zedge.android/net.zedge.android.MainNewyear" image="zedge"/>

</Theme>