<resources>

	<!-- Магнит -->
	<item component="ComponentInfo{ru.tander.magnit/ru.tander.magnit.presentation.MainActivity}" drawable="магнит" />

	<!-- Проводник -->
	<item component="ComponentInfo{org.fossify.filemanager/org.fossify.filemanager.activities.SplashActivity.Orange}" drawable="проводник" />

	<!-- СберБанк -->
	<item component="ComponentInfo{ru.sberbankmobile/ru.sberbank.mobile.auth.presentation.splash.SplashActivity}" drawable="сбербанк" />

	<!-- AniLabX -->
	<item component="ComponentInfo{com.crazyxacker.apps.anilabx3/com.crazyxacker.apps.anilabx3.AniLabXSplash}" drawable="anilabx" />

	<!-- Boorusama -->
	<item component="ComponentInfo{com.degenk.boorusama/com.degenk.boorusama.MainActivity}" drawable="boorusama" />

	<!-- Chrome Canary -->
	<item component="ComponentInfo{com.chrome.canary/com.google.android.apps.chrome.Main}" drawable="chrome_canary" />

	<!-- DroidFS -->
	<item component="ComponentInfo{sushi.hardcore.droidfs/sushi.hardcore.droidfs.MainActivity}" drawable="droidfs" />

	<!-- OZON -->
	<item component="ComponentInfo{ru.ozon.app.android/ru.ozon.app.android.ui.start.AppHostActivity}" drawable="ozon" />

	<!-- pixiv -->
	<item component="ComponentInfo{jp.pxv.android/jp.pxv.android.activity.RoutingActivity}" drawable="pixiv" />

	<!-- RVX Music -->
	<item component="ComponentInfo{ytm.rvx.noname.exe/com.google.android.apps.youtube.music.activities.MusicActivity}" drawable="rvx_music" />

	<!-- Shikimori App -->
	<item component="ComponentInfo{com.gnoemes.shikimori/com.gnoemes.shikimori.presentation.view.splash.SplashActivity}" drawable="shikimori_app" />

	<!-- Syncthing -->
	<item component="ComponentInfo{com.nutomic.syncthingandroid/com.nutomic.syncthingandroid.activities.FirstStartActivity}" drawable="syncthing" />

	<!-- WallFlow -->
	<item component="ComponentInfo{com.ammar.wallflow/com.ammar.wallflow.activities.main.MainActivity}" drawable="wallflow" />

	<!-- Wildberries -->
	<item component="ComponentInfo{com.wildberries.ru/ru.wildberries.SplashActivity}" drawable="wildberries" />

</resources>