<appmap>

	<!-- Магнит -->
	<item class="ru.tander.magnit.presentation.MainActivity" name="магнит"/>

	<!-- Проводник -->
	<item class="org.fossify.filemanager.activities.SplashActivity.Orange" name="проводник"/>

	<!-- СберБанк -->
	<item class="ru.sberbank.mobile.auth.presentation.splash.SplashActivity" name="сбербанк"/>

	<!-- AniLabX -->
	<item class="com.crazyxacker.apps.anilabx3.AniLabXSplash" name="anilabx"/>

	<!-- Boorusama -->
	<item class="com.degenk.boorusama.MainActivity" name="boorusama"/>

	<!-- Chrome Canary -->
	<item class="com.google.android.apps.chrome.Main" name="chrome_canary"/>

	<!-- DroidFS -->
	<item class="sushi.hardcore.droidfs.MainActivity" name="droidfs"/>

	<!-- OZON -->
	<item class="ru.ozon.app.android.ui.start.AppHostActivity" name="ozon"/>

	<!-- pixiv -->
	<item class="jp.pxv.android.activity.RoutingActivity" name="pixiv"/>

	<!-- RVX Music -->
	<item class="com.google.android.apps.youtube.music.activities.MusicActivity" name="rvx_music"/>

	<!-- Shikimori App -->
	<item class="com.gnoemes.shikimori.presentation.view.splash.SplashActivity" name="shikimori_app"/>

	<!-- Syncthing -->
	<item class="com.nutomic.syncthingandroid.activities.FirstStartActivity" name="syncthing"/>

	<!-- WallFlow -->
	<item class="com.ammar.wallflow.activities.main.MainActivity" name="wallflow"/>

	<!-- Wildberries -->
	<item class="ru.wildberries.SplashActivity" name="wildberries"/>

</appmap>