<Theme version="1">

	<!-- Магнит -->
	<AppIcon name="ru.tander.magnit/ru.tander.magnit.presentation.MainActivity" image="магнит"/>

	<!-- Проводник -->
	<AppIcon name="org.fossify.filemanager/org.fossify.filemanager.activities.SplashActivity.Orange" image="проводник"/>

	<!-- СберБанк -->
	<AppIcon name="ru.sberbankmobile/ru.sberbank.mobile.auth.presentation.splash.SplashActivity" image="сбербанк"/>

	<!-- AniLabX -->
	<AppIcon name="com.crazyxacker.apps.anilabx3/com.crazyxacker.apps.anilabx3.AniLabXSplash" image="anilabx"/>

	<!-- Boorusama -->
	<AppIcon name="com.degenk.boorusama/com.degenk.boorusama.MainActivity" image="boorusama"/>

	<!-- Chrome Canary -->
	<AppIcon name="com.chrome.canary/com.google.android.apps.chrome.Main" image="chrome_canary"/>

	<!-- DroidFS -->
	<AppIcon name="sushi.hardcore.droidfs/sushi.hardcore.droidfs.MainActivity" image="droidfs"/>

	<!-- OZON -->
	<AppIcon name="ru.ozon.app.android/ru.ozon.app.android.ui.start.AppHostActivity" image="ozon"/>

	<!-- pixiv -->
	<AppIcon name="jp.pxv.android/jp.pxv.android.activity.RoutingActivity" image="pixiv"/>

	<!-- RVX Music -->
	<AppIcon name="ytm.rvx.noname.exe/com.google.android.apps.youtube.music.activities.MusicActivity" image="rvx_music"/>

	<!-- Shikimori App -->
	<AppIcon name="com.gnoemes.shikimori/com.gnoemes.shikimori.presentation.view.splash.SplashActivity" image="shikimori_app"/>

	<!-- Syncthing -->
	<AppIcon name="com.nutomic.syncthingandroid/com.nutomic.syncthingandroid.activities.FirstStartActivity" image="syncthing"/>

	<!-- WallFlow -->
	<AppIcon name="com.ammar.wallflow/com.ammar.wallflow.activities.main.MainActivity" image="wallflow"/>

	<!-- Wildberries -->
	<AppIcon name="com.wildberries.ru/ru.wildberries.SplashActivity" image="wildberries"/>

</Theme>