<appmap>

	<!-- Animiru -->
	<item class="eu.kanade.tachiyomi.ui.main.MainActivity" name="animiru"/>

	<!-- Brevent -->
	<item class="me.piebridge.brevent.ui.BreventActivity" name="brevent"/>

	<!-- Cytus II -->
	<item class="com.google.firebase.MessagingUnityPlayerActivity" name="cytus_ii"/>

	<!-- Dead Cells -->
	<item class="com.playdigious.deadcells.mobile.DeadCellsLoading" name="dead_cells"/>

	<!-- Despotism 3k -->
	<item class="com.unity3d.player.UnityPlayerActivity" name="despotism_3k"/>

	<!-- Milthm -->
	<item class="com.unity3d.player.UnityPlayerActivity" name="milthm"/>

	<!-- ML: Adventure -->
	<item class="com.moonton.mobilehero.AppActivity" name="ml_adventure"/>

	<!-- Mobile Legends: Bang Bang -->
	<item class="com.moba.unityplugin.MobaGameMainActivityWithExtractor" name="mobile_legends_bang_bang"/>

	<!-- NIKKE -->
	<item class="com.shiftup.nk.MainActivity" name="nikke"/>

	<!-- Rotaeno -->
	<item class="com.unity3d.player.UnityPlayerActivity" name="rotaeno"/>

	<!-- Soul Knight -->
	<item class="com.chillyroomsdk.sdkbridge.BasePlayerActivity" name="soul_knight"/>

	<!-- Soul Knight Prequel -->
	<item class="com.chillyroomsdk.sdkbridge.BasePlayerActivity" name="soul_knight_prequel"/>

	<!-- Tokopedia -->
	<item class="com.tokopedia.tkpd.ConsumerSplashScreen" name="tokopedia"/>

</appmap>