<Theme version="1">

	<!-- Animiru -->
	<AppIcon name="xyz.Quickdev.Animiru.mi/eu.kanade.tachiyomi.ui.main.MainActivity" image="animiru"/>

	<!-- Brevent -->
	<AppIcon name="me.piebridge.brevent/me.piebridge.brevent.ui.BreventActivity" image="brevent"/>

	<!-- Cytus II -->
	<AppIcon name="com.rayark.cytus2/com.google.firebase.MessagingUnityPlayerActivity" image="cytus_ii"/>

	<!-- Dead Cells -->
	<AppIcon name="com.playdigious.deadcells.mobile/com.playdigious.deadcells.mobile.DeadCellsLoading" image="dead_cells"/>

	<!-- Despotism 3k -->
	<AppIcon name="com.KonfaGames.Despotism3k/com.unity3d.player.UnityPlayerActivity" image="despotism_3k"/>

	<!-- Milthm -->
	<AppIcon name="com.morizero.milthm/com.unity3d.player.UnityPlayerActivity" image="milthm"/>

	<!-- ML: Adventure -->
	<AppIcon name="com.moonton.mobilehero/com.moonton.mobilehero.AppActivity" image="ml_adventure"/>

	<!-- Mobile Legends: Bang Bang -->
	<AppIcon name="com.mobile.legends/com.moba.unityplugin.MobaGameMainActivityWithExtractor" image="mobile_legends_bang_bang"/>

	<!-- NIKKE -->
	<AppIcon name="com.proximabeta.nikke/com.shiftup.nk.MainActivity" image="nikke"/>

	<!-- Rotaeno -->
	<AppIcon name="com.xd.rotaeno.googleplay/com.unity3d.player.UnityPlayerActivity" image="rotaeno"/>

	<!-- Soul Knight -->
	<AppIcon name="com.ChillyRoom.DungeonShooter/com.chillyroomsdk.sdkbridge.BasePlayerActivity" image="soul_knight"/>

	<!-- Soul Knight Prequel -->
	<AppIcon name="com.chillyroom.soulknightprequel/com.chillyroomsdk.sdkbridge.BasePlayerActivity" image="soul_knight_prequel"/>

	<!-- Tokopedia -->
	<AppIcon name="com.tokopedia.tkpd/com.tokopedia.tkpd.ConsumerSplashScreen" image="tokopedia"/>

</Theme>