<resources>

	<!-- Airbnb -->
	<item component="ComponentInfo{com.airbnb.android/com.airbnb.android.feat.splashscreen.SplashScreenActivity}" drawable="airbnb" />

	<!-- AliExpress -->
	<item component="ComponentInfo{com.alibaba.aliexpresshd/com.aliexpress.app.FirstActivity}" drawable="aliexpress" />

	<!-- Antimine -->
	<item component="ComponentInfo{dev.lucanlm.antimine/dev.lucasnlm.antimine.main.MainActivity}" drawable="antimine" />

	<!-- App vault -->
	<item component="ComponentInfo{com.mi.globalminusscreen/com.mi.globalminusscreen.MainActivity}" drawable="app_vault" />

	<!-- Aves Libre -->
	<item component="ComponentInfo{deckers.thibault.aves.libre/deckers.thibault.aves.MainActivity}" drawable="aves_libre" />

	<!-- Boo -->
	<item component="ComponentInfo{enterprises.dating.boo/dating.boo.MainActivity}" drawable="boo" />

	<!-- Calculator -->
	<item component="ComponentInfo{com.miui.calculator/com.miui.calculator.cal.CalculatorActivity}" drawable="calculator" />

	<!-- Calendar -->
	<item component="ComponentInfo{com.xiaomi.calendar/com.android.calendar.homepage.AllInOneActivity}" drawable="calendar" />

	<!-- Cl@ve -->
	<item component="ComponentInfo{es.aeat.pin24h/es.aeat.pin24h.presentation.activities.splash.SplashActivity}" drawable="cl@ve" />

	<!-- Clock -->
	<item component="ComponentInfo{com.android.deskclock/com.android.deskclock.DeskClockTabActivity}" drawable="clock" />

	<!-- Compass -->
	<item component="ComponentInfo{com.miui.compass/com.miui.compass.CompassActivity}" drawable="compass" />

	<!-- Cronometer -->
	<item component="ComponentInfo{com.cronometer.android.gold/com.cronometer.cronometer.MainActivity}" drawable="cronometer" />

	<!-- Downloads -->
	<item component="ComponentInfo{com.android.providers.downloads.ui/com.android.providers.downloads.ui.DownloadList}" drawable="downloads" />

	<!-- Dreamfora -->
	<item component="ComponentInfo{com.dreamfora.dreamfora/com.dreamfora.dreamfora.SplashActivity}" drawable="dreamfora" />

	<!-- Etsy -->
	<item component="ComponentInfo{com.etsy.android/com.etsy.android.ui.homescreen.HomescreenTabsActivity}" drawable="etsy" />

	<!-- FindPenguins -->
	<item component="ComponentInfo{com.findpenguins.app/com.findpenguins.app.HomeActivity}" drawable="findpenguins" />

	<!-- Firefox Beta -->
	<item component="ComponentInfo{org.mozilla.firefox_beta/org.mozilla.firefox_beta.App}" drawable="firefox_beta" />

	<!-- Florae -->
	<item component="ComponentInfo{cat.naval.florae/cat.naval.florae.MainActivity}" drawable="florae" />

	<!-- FM Radio -->
	<item component="ComponentInfo{com.miui.fm/com.miui.fmradio.FmRadioActivity}" drawable="fm_radio" />

	<!-- Foxy Droid -->
	<item component="ComponentInfo{nya.kitsunyan.foxydroid/nya.kitsunyan.foxydroid.MainActivity}" drawable="foxy_droid" />

	<!-- Gallery -->
	<item component="ComponentInfo{com.miui.gallery/com.miui.gallery.activity.HomePageActivity}" drawable="gallery" />

	<!-- Game Centre -->
	<item component="ComponentInfo{com.xiaomi.glgm/com.xiaomi.glgm.home.ui.SplashActivity}" drawable="game_centre" />

	<!-- Genius Scan -->
	<item component="ComponentInfo{com.thegrizzlylabs.geniusscan.free/com.thegrizzlylabs.geniusscan.ui.welcome.WelcomeActivity}" drawable="genius_scan" />

	<!-- Habitica -->
	<item component="ComponentInfo{com.habitrpg.android.habitica/com.habitrpg.android.habitica.ui.activities.MainActivity}" drawable="habitica" />

	<!-- KDE Connect -->
	<item component="ComponentInfo{org.kde.kdeconnect_tp/org.kde.kdeconnect.UserInterface.MainActivity}" drawable="kde_connect" />

	<!-- LibreTube -->
	<item component="ComponentInfo{com.github.libretube/com.github.libretube.Default}" drawable="libretube" />

	<!-- Merlin -->
	<item component="ComponentInfo{com.labs.merlinbirdid.app/com.labs.merlinbirdid.app.SplashScreenActivity}" drawable="merlin" />

	<!-- Metropolitano Logroño -->
	<item component="ComponentInfo{com.geoactio.logrono/com.geoactio.logrono.Principal}" drawable="metropolitano_logrono" />

	<!-- Mi Community -->
	<item component="ComponentInfo{com.mi.global.bbs/com.mi.global.bbs.ui.SplashActivity}" drawable="mi_community" />

	<!-- Mi Picks -->
	<item component="ComponentInfo{com.xiaomi.mipicks/com.xiaomi.mipicks.MiPicksAlias}" drawable="mi_picks" />

	<!-- Mi Remote -->
	<item component="ComponentInfo{com.duokan.phone.remotecontroller/com.xiaomi.mitv.phone.remotecontroller.HoriWidgetMainActivityV2}" drawable="mi_remote" />

	<!-- Mi Store -->
	<item component="ComponentInfo{com.mi.global.shop/com.mi.global.home.ui.LaunchActivity}" drawable="mi_store" />

	<!-- Mi Video -->
	<item component="ComponentInfo{com.miui.videoplayer/com.miui.video.global.app.LauncherActivity}" drawable="mi_video" />

	<!-- MoneyBuster -->
	<item component="ComponentInfo{net.eneiluj.moneybuster/net.eneiluj.moneybuster.android.activity.BillsListViewActivity}" drawable="moneybuster" />

	<!-- Music -->
	<item component="ComponentInfo{com.miui.player/com.miui.player.ui.MusicBrowserActivity}" drawable="music" />

	<!-- Neo Store -->
	<item component="ComponentInfo{com.machiav3lli.fdroid/com.machiav3lli.fdroid.ui.activities.MainActivityX}" drawable="neo_store" />

	<!-- Notes -->
	<item component="ComponentInfo{com.miui.notes/com.miui.notes.ui.NotesListActivity}" drawable="notes" />

	<!-- OpenHIIT -->
	<item component="ComponentInfo{com.codepup.workout_timer/com.codepup.workout_timer.MainActivity}" drawable="openhiit" />

	<!-- Pathbuilder2e -->
	<item component="ComponentInfo{com.redrazors.pathbuilder2e/com.redrazors.pathbuilder2e.MainActivity}" drawable="pathbuilder2e" />

	<!-- PlantNet -->
	<item component="ComponentInfo{org.plantnet/org.plantnet.MainActivity}" drawable="plantnet" />

	<!-- Pleco -->
	<item component="ComponentInfo{com.pleco.chinesesystem/com.pleco.chinesesystem.PlecoDroidMainActivity}" drawable="pleco" />

	<!-- Prisma -->
	<item component="ComponentInfo{com.neuralprisma/com.prisma.starter.StarterActivity}" drawable="prisma" />

	<!-- Productivity -->
	<item component="ComponentInfo{com.apps.adrcotfas.goodtime/com.apps.adrcotfas.goodtime.main.TimerActivity}" drawable="productivity" />

	<!-- QR & Barcode Scanner -->
	<item component="ComponentInfo{com.example.barcodescanner/com.example.barcodescanner.feature.tabs.BottomTabsActivity}" drawable="qr_and_barcode_scanner" />

	<!-- Recorder -->
	<item component="ComponentInfo{com.android.soundrecorder/com.android.soundrecorder.StartActivity}" drawable="recorder" />

	<!-- Registro de Viajeros -->
	<item component="ComponentInfo{es.gob.interior.maec/es.gob.interior.maec.ui.login.LoginActivity}" drawable="registro_de_viajeros" />

	<!-- Riojasalud -->
	<item component="ComponentInfo{es.riojasalud.riojasalud2/es.riojasalud.riojasalud.InicioActivity}" drawable="riojasalud" />

	<!-- Riseup VPN -->
	<item component="ComponentInfo{se.leap.riseupvpn/se.leap.bitmaskclient.base.StartActivity}" drawable="riseup_vpn" />

	<!-- Rock Identifier -->
	<item component="ComponentInfo{com.picturerock.rock/com.glority.android.picturexx.splash.SplashActivity}" drawable="rock_identifier" />

	<!-- RustDesk -->
	<item component="ComponentInfo{com.carriez.flutter_hbb/com.carriez.flutter_hbb.MainActivity}" drawable="rustdesk" />

	<!-- Scanner -->
	<item component="ComponentInfo{com.xiaomi.scanner/com.xiaomi.scanner.app.ScanActivity}" drawable="scanner" />

	<!-- Screen Recorder -->
	<item component="ComponentInfo{com.miui.screenrecorder/com.miui.screenrecorder.activity.ScreenRecorderHomeActivity}" drawable="screen_recorder" />

	<!-- Security -->
	<item component="ComponentInfo{com.miui.securitycenter/com.miui.securityscan.MainActivity}" drawable="security" />

	<!-- Services & feedback -->
	<item component="ComponentInfo{com.miui.miservice/com.miui.miservice.main.MainActivity}" drawable="services_and_feedback" />

	<!-- Settings -->
	<item component="ComponentInfo{com.android.settings/com.android.settings.MainSettings}" drawable="settings" />

	<!-- ShareMe -->
	<item component="ComponentInfo{com.xiaomi.midrop/com.xiaomi.midrop.SplashScreen}" drawable="shareme" />

	<!-- Sky Map -->
	<item component="ComponentInfo{com.google.android.stardroid/com.google.android.stardroid.activities.SplashScreenActivity}" drawable="sky_map" />

	<!-- Temu -->
	<item component="ComponentInfo{com.einnovation.temu/com.baogong.splash.activity.MainFrameActivity}" drawable="temu" />

	<!-- Themes -->
	<item component="ComponentInfo{com.android.thememanager/com.android.thememanager.ThemeResourceTabActivity}" drawable="themes" />

	<!-- TravelSpend -->
	<item component="ComponentInfo{tech.jonas.travelbudget/tech.jonas.travelbudget.MainActivity}" drawable="travelspend" />

	<!-- Trip.com -->
	<item component="ComponentInfo{ctrip.english/com.ctrip.ibu.myctrip.main.module.home.IBUHomeActivity}" drawable="tripcom" />

	<!-- TucomunidApp -->
	<item component="ComponentInfo{com.iesa.tuComunidadVecinos/com.iesa.tuComunidadVecinos.MainActivity}" drawable="tucomunidapp" />

	<!-- Tusky -->
	<item component="ComponentInfo{com.keylesspalace.tusky/com.keylesspalace.tusky.SplashActivity}" drawable="tusky" />

	<!-- Uber -->
	<item component="ComponentInfo{com.ubercab/com.ubercab.presidio.app.core.root.RootActivity}" drawable="uber" />

	<!-- Upwork Talent -->
	<item component="ComponentInfo{com.upwork.android.apps.main/com.upwork.android.apps.main.activity.MainActivity}" drawable="upwork_talent" />

	<!-- Wanderlog -->
	<item component="ComponentInfo{com.wanderlog.android/com.wanderlog.android.MainActivity}" drawable="wanderlog" />

	<!-- Weather -->
	<item component="ComponentInfo{com.miui.weather2/com.miui.weather2.ActivityWeatherMain}" drawable="weather" />

	<!-- WodBuster -->
	<item component="ComponentInfo{santi.wodbuster/wodbuster.box.LauncherActivity}" drawable="wodbuster" />

</resources>