<appmap>

	<!-- Airbnb -->
	<item class="com.airbnb.android.feat.splashscreen.SplashScreenActivity" name="airbnb"/>

	<!-- AliExpress -->
	<item class="com.aliexpress.app.FirstActivity" name="aliexpress"/>

	<!-- Antimine -->
	<item class="dev.lucasnlm.antimine.main.MainActivity" name="antimine"/>

	<!-- App vault -->
	<item class="com.mi.globalminusscreen.MainActivity" name="app_vault"/>

	<!-- Aves Libre -->
	<item class="deckers.thibault.aves.MainActivity" name="aves_libre"/>

	<!-- Boo -->
	<item class="dating.boo.MainActivity" name="boo"/>

	<!-- Calculator -->
	<item class="com.miui.calculator.cal.CalculatorActivity" name="calculator"/>

	<!-- Calendar -->
	<item class="com.android.calendar.homepage.AllInOneActivity" name="calendar"/>

	<!-- Cl@ve -->
	<item class="es.aeat.pin24h.presentation.activities.splash.SplashActivity" name="cl@ve"/>

	<!-- Clock -->
	<item class="com.android.deskclock.DeskClockTabActivity" name="clock"/>

	<!-- Compass -->
	<item class="com.miui.compass.CompassActivity" name="compass"/>

	<!-- Cronometer -->
	<item class="com.cronometer.cronometer.MainActivity" name="cronometer"/>

	<!-- Downloads -->
	<item class="com.android.providers.downloads.ui.DownloadList" name="downloads"/>

	<!-- Dreamfora -->
	<item class="com.dreamfora.dreamfora.SplashActivity" name="dreamfora"/>

	<!-- Etsy -->
	<item class="com.etsy.android.ui.homescreen.HomescreenTabsActivity" name="etsy"/>

	<!-- FindPenguins -->
	<item class="com.findpenguins.app.HomeActivity" name="findpenguins"/>

	<!-- Firefox Beta -->
	<item class="org.mozilla.firefox_beta.App" name="firefox_beta"/>

	<!-- Florae -->
	<item class="cat.naval.florae.MainActivity" name="florae"/>

	<!-- FM Radio -->
	<item class="com.miui.fmradio.FmRadioActivity" name="fm_radio"/>

	<!-- Foxy Droid -->
	<item class="nya.kitsunyan.foxydroid.MainActivity" name="foxy_droid"/>

	<!-- Gallery -->
	<item class="com.miui.gallery.activity.HomePageActivity" name="gallery"/>

	<!-- Game Centre -->
	<item class="com.xiaomi.glgm.home.ui.SplashActivity" name="game_centre"/>

	<!-- Genius Scan -->
	<item class="com.thegrizzlylabs.geniusscan.ui.welcome.WelcomeActivity" name="genius_scan"/>

	<!-- Habitica -->
	<item class="com.habitrpg.android.habitica.ui.activities.MainActivity" name="habitica"/>

	<!-- KDE Connect -->
	<item class="org.kde.kdeconnect.UserInterface.MainActivity" name="kde_connect"/>

	<!-- LibreTube -->
	<item class="com.github.libretube.Default" name="libretube"/>

	<!-- Merlin -->
	<item class="com.labs.merlinbirdid.app.SplashScreenActivity" name="merlin"/>

	<!-- Metropolitano Logroño -->
	<item class="com.geoactio.logrono.Principal" name="metropolitano_logrono"/>

	<!-- Mi Community -->
	<item class="com.mi.global.bbs.ui.SplashActivity" name="mi_community"/>

	<!-- Mi Picks -->
	<item class="com.xiaomi.mipicks.MiPicksAlias" name="mi_picks"/>

	<!-- Mi Remote -->
	<item class="com.xiaomi.mitv.phone.remotecontroller.HoriWidgetMainActivityV2" name="mi_remote"/>

	<!-- Mi Store -->
	<item class="com.mi.global.home.ui.LaunchActivity" name="mi_store"/>

	<!-- Mi Video -->
	<item class="com.miui.video.global.app.LauncherActivity" name="mi_video"/>

	<!-- MoneyBuster -->
	<item class="net.eneiluj.moneybuster.android.activity.BillsListViewActivity" name="moneybuster"/>

	<!-- Music -->
	<item class="com.miui.player.ui.MusicBrowserActivity" name="music"/>

	<!-- Neo Store -->
	<item class="com.machiav3lli.fdroid.ui.activities.MainActivityX" name="neo_store"/>

	<!-- Notes -->
	<item class="com.miui.notes.ui.NotesListActivity" name="notes"/>

	<!-- OpenHIIT -->
	<item class="com.codepup.workout_timer.MainActivity" name="openhiit"/>

	<!-- Pathbuilder2e -->
	<item class="com.redrazors.pathbuilder2e.MainActivity" name="pathbuilder2e"/>

	<!-- PlantNet -->
	<item class="org.plantnet.MainActivity" name="plantnet"/>

	<!-- Pleco -->
	<item class="com.pleco.chinesesystem.PlecoDroidMainActivity" name="pleco"/>

	<!-- Prisma -->
	<item class="com.prisma.starter.StarterActivity" name="prisma"/>

	<!-- Productivity -->
	<item class="com.apps.adrcotfas.goodtime.main.TimerActivity" name="productivity"/>

	<!-- QR & Barcode Scanner -->
	<item class="com.example.barcodescanner.feature.tabs.BottomTabsActivity" name="qr_and_barcode_scanner"/>

	<!-- Recorder -->
	<item class="com.android.soundrecorder.StartActivity" name="recorder"/>

	<!-- Registro de Viajeros -->
	<item class="es.gob.interior.maec.ui.login.LoginActivity" name="registro_de_viajeros"/>

	<!-- Riojasalud -->
	<item class="es.riojasalud.riojasalud.InicioActivity" name="riojasalud"/>

	<!-- Riseup VPN -->
	<item class="se.leap.bitmaskclient.base.StartActivity" name="riseup_vpn"/>

	<!-- Rock Identifier -->
	<item class="com.glority.android.picturexx.splash.SplashActivity" name="rock_identifier"/>

	<!-- RustDesk -->
	<item class="com.carriez.flutter_hbb.MainActivity" name="rustdesk"/>

	<!-- Scanner -->
	<item class="com.xiaomi.scanner.app.ScanActivity" name="scanner"/>

	<!-- Screen Recorder -->
	<item class="com.miui.screenrecorder.activity.ScreenRecorderHomeActivity" name="screen_recorder"/>

	<!-- Security -->
	<item class="com.miui.securityscan.MainActivity" name="security"/>

	<!-- Services & feedback -->
	<item class="com.miui.miservice.main.MainActivity" name="services_and_feedback"/>

	<!-- Settings -->
	<item class="com.android.settings.MainSettings" name="settings"/>

	<!-- ShareMe -->
	<item class="com.xiaomi.midrop.SplashScreen" name="shareme"/>

	<!-- Sky Map -->
	<item class="com.google.android.stardroid.activities.SplashScreenActivity" name="sky_map"/>

	<!-- Temu -->
	<item class="com.baogong.splash.activity.MainFrameActivity" name="temu"/>

	<!-- Themes -->
	<item class="com.android.thememanager.ThemeResourceTabActivity" name="themes"/>

	<!-- TravelSpend -->
	<item class="tech.jonas.travelbudget.MainActivity" name="travelspend"/>

	<!-- Trip.com -->
	<item class="com.ctrip.ibu.myctrip.main.module.home.IBUHomeActivity" name="tripcom"/>

	<!-- TucomunidApp -->
	<item class="com.iesa.tuComunidadVecinos.MainActivity" name="tucomunidapp"/>

	<!-- Tusky -->
	<item class="com.keylesspalace.tusky.SplashActivity" name="tusky"/>

	<!-- Uber -->
	<item class="com.ubercab.presidio.app.core.root.RootActivity" name="uber"/>

	<!-- Upwork Talent -->
	<item class="com.upwork.android.apps.main.activity.MainActivity" name="upwork_talent"/>

	<!-- Wanderlog -->
	<item class="com.wanderlog.android.MainActivity" name="wanderlog"/>

	<!-- Weather -->
	<item class="com.miui.weather2.ActivityWeatherMain" name="weather"/>

	<!-- WodBuster -->
	<item class="wodbuster.box.LauncherActivity" name="wodbuster"/>

</appmap>