<Theme version="1">

	<!-- Airbnb -->
	<AppIcon name="com.airbnb.android/com.airbnb.android.feat.splashscreen.SplashScreenActivity" image="airbnb"/>

	<!-- AliExpress -->
	<AppIcon name="com.alibaba.aliexpresshd/com.aliexpress.app.FirstActivity" image="aliexpress"/>

	<!-- Antimine -->
	<AppIcon name="dev.lucanlm.antimine/dev.lucasnlm.antimine.main.MainActivity" image="antimine"/>

	<!-- App vault -->
	<AppIcon name="com.mi.globalminusscreen/com.mi.globalminusscreen.MainActivity" image="app_vault"/>

	<!-- Aves Libre -->
	<AppIcon name="deckers.thibault.aves.libre/deckers.thibault.aves.MainActivity" image="aves_libre"/>

	<!-- Boo -->
	<AppIcon name="enterprises.dating.boo/dating.boo.MainActivity" image="boo"/>

	<!-- Calculator -->
	<AppIcon name="com.miui.calculator/com.miui.calculator.cal.CalculatorActivity" image="calculator"/>

	<!-- Calendar -->
	<AppIcon name="com.xiaomi.calendar/com.android.calendar.homepage.AllInOneActivity" image="calendar"/>

	<!-- Cl@ve -->
	<AppIcon name="es.aeat.pin24h/es.aeat.pin24h.presentation.activities.splash.SplashActivity" image="cl@ve"/>

	<!-- Clock -->
	<AppIcon name="com.android.deskclock/com.android.deskclock.DeskClockTabActivity" image="clock"/>

	<!-- Compass -->
	<AppIcon name="com.miui.compass/com.miui.compass.CompassActivity" image="compass"/>

	<!-- Cronometer -->
	<AppIcon name="com.cronometer.android.gold/com.cronometer.cronometer.MainActivity" image="cronometer"/>

	<!-- Downloads -->
	<AppIcon name="com.android.providers.downloads.ui/com.android.providers.downloads.ui.DownloadList" image="downloads"/>

	<!-- Dreamfora -->
	<AppIcon name="com.dreamfora.dreamfora/com.dreamfora.dreamfora.SplashActivity" image="dreamfora"/>

	<!-- Etsy -->
	<AppIcon name="com.etsy.android/com.etsy.android.ui.homescreen.HomescreenTabsActivity" image="etsy"/>

	<!-- FindPenguins -->
	<AppIcon name="com.findpenguins.app/com.findpenguins.app.HomeActivity" image="findpenguins"/>

	<!-- Firefox Beta -->
	<AppIcon name="org.mozilla.firefox_beta/org.mozilla.firefox_beta.App" image="firefox_beta"/>

	<!-- Florae -->
	<AppIcon name="cat.naval.florae/cat.naval.florae.MainActivity" image="florae"/>

	<!-- FM Radio -->
	<AppIcon name="com.miui.fm/com.miui.fmradio.FmRadioActivity" image="fm_radio"/>

	<!-- Foxy Droid -->
	<AppIcon name="nya.kitsunyan.foxydroid/nya.kitsunyan.foxydroid.MainActivity" image="foxy_droid"/>

	<!-- Gallery -->
	<AppIcon name="com.miui.gallery/com.miui.gallery.activity.HomePageActivity" image="gallery"/>

	<!-- Game Centre -->
	<AppIcon name="com.xiaomi.glgm/com.xiaomi.glgm.home.ui.SplashActivity" image="game_centre"/>

	<!-- Genius Scan -->
	<AppIcon name="com.thegrizzlylabs.geniusscan.free/com.thegrizzlylabs.geniusscan.ui.welcome.WelcomeActivity" image="genius_scan"/>

	<!-- Habitica -->
	<AppIcon name="com.habitrpg.android.habitica/com.habitrpg.android.habitica.ui.activities.MainActivity" image="habitica"/>

	<!-- KDE Connect -->
	<AppIcon name="org.kde.kdeconnect_tp/org.kde.kdeconnect.UserInterface.MainActivity" image="kde_connect"/>

	<!-- LibreTube -->
	<AppIcon name="com.github.libretube/com.github.libretube.Default" image="libretube"/>

	<!-- Merlin -->
	<AppIcon name="com.labs.merlinbirdid.app/com.labs.merlinbirdid.app.SplashScreenActivity" image="merlin"/>

	<!-- Metropolitano Logroño -->
	<AppIcon name="com.geoactio.logrono/com.geoactio.logrono.Principal" image="metropolitano_logrono"/>

	<!-- Mi Community -->
	<AppIcon name="com.mi.global.bbs/com.mi.global.bbs.ui.SplashActivity" image="mi_community"/>

	<!-- Mi Picks -->
	<AppIcon name="com.xiaomi.mipicks/com.xiaomi.mipicks.MiPicksAlias" image="mi_picks"/>

	<!-- Mi Remote -->
	<AppIcon name="com.duokan.phone.remotecontroller/com.xiaomi.mitv.phone.remotecontroller.HoriWidgetMainActivityV2" image="mi_remote"/>

	<!-- Mi Store -->
	<AppIcon name="com.mi.global.shop/com.mi.global.home.ui.LaunchActivity" image="mi_store"/>

	<!-- Mi Video -->
	<AppIcon name="com.miui.videoplayer/com.miui.video.global.app.LauncherActivity" image="mi_video"/>

	<!-- MoneyBuster -->
	<AppIcon name="net.eneiluj.moneybuster/net.eneiluj.moneybuster.android.activity.BillsListViewActivity" image="moneybuster"/>

	<!-- Music -->
	<AppIcon name="com.miui.player/com.miui.player.ui.MusicBrowserActivity" image="music"/>

	<!-- Neo Store -->
	<AppIcon name="com.machiav3lli.fdroid/com.machiav3lli.fdroid.ui.activities.MainActivityX" image="neo_store"/>

	<!-- Notes -->
	<AppIcon name="com.miui.notes/com.miui.notes.ui.NotesListActivity" image="notes"/>

	<!-- OpenHIIT -->
	<AppIcon name="com.codepup.workout_timer/com.codepup.workout_timer.MainActivity" image="openhiit"/>

	<!-- Pathbuilder2e -->
	<AppIcon name="com.redrazors.pathbuilder2e/com.redrazors.pathbuilder2e.MainActivity" image="pathbuilder2e"/>

	<!-- PlantNet -->
	<AppIcon name="org.plantnet/org.plantnet.MainActivity" image="plantnet"/>

	<!-- Pleco -->
	<AppIcon name="com.pleco.chinesesystem/com.pleco.chinesesystem.PlecoDroidMainActivity" image="pleco"/>

	<!-- Prisma -->
	<AppIcon name="com.neuralprisma/com.prisma.starter.StarterActivity" image="prisma"/>

	<!-- Productivity -->
	<AppIcon name="com.apps.adrcotfas.goodtime/com.apps.adrcotfas.goodtime.main.TimerActivity" image="productivity"/>

	<!-- QR & Barcode Scanner -->
	<AppIcon name="com.example.barcodescanner/com.example.barcodescanner.feature.tabs.BottomTabsActivity" image="qr_and_barcode_scanner"/>

	<!-- Recorder -->
	<AppIcon name="com.android.soundrecorder/com.android.soundrecorder.StartActivity" image="recorder"/>

	<!-- Registro de Viajeros -->
	<AppIcon name="es.gob.interior.maec/es.gob.interior.maec.ui.login.LoginActivity" image="registro_de_viajeros"/>

	<!-- Riojasalud -->
	<AppIcon name="es.riojasalud.riojasalud2/es.riojasalud.riojasalud.InicioActivity" image="riojasalud"/>

	<!-- Riseup VPN -->
	<AppIcon name="se.leap.riseupvpn/se.leap.bitmaskclient.base.StartActivity" image="riseup_vpn"/>

	<!-- Rock Identifier -->
	<AppIcon name="com.picturerock.rock/com.glority.android.picturexx.splash.SplashActivity" image="rock_identifier"/>

	<!-- RustDesk -->
	<AppIcon name="com.carriez.flutter_hbb/com.carriez.flutter_hbb.MainActivity" image="rustdesk"/>

	<!-- Scanner -->
	<AppIcon name="com.xiaomi.scanner/com.xiaomi.scanner.app.ScanActivity" image="scanner"/>

	<!-- Screen Recorder -->
	<AppIcon name="com.miui.screenrecorder/com.miui.screenrecorder.activity.ScreenRecorderHomeActivity" image="screen_recorder"/>

	<!-- Security -->
	<AppIcon name="com.miui.securitycenter/com.miui.securityscan.MainActivity" image="security"/>

	<!-- Services & feedback -->
	<AppIcon name="com.miui.miservice/com.miui.miservice.main.MainActivity" image="services_and_feedback"/>

	<!-- Settings -->
	<AppIcon name="com.android.settings/com.android.settings.MainSettings" image="settings"/>

	<!-- ShareMe -->
	<AppIcon name="com.xiaomi.midrop/com.xiaomi.midrop.SplashScreen" image="shareme"/>

	<!-- Sky Map -->
	<AppIcon name="com.google.android.stardroid/com.google.android.stardroid.activities.SplashScreenActivity" image="sky_map"/>

	<!-- Temu -->
	<AppIcon name="com.einnovation.temu/com.baogong.splash.activity.MainFrameActivity" image="temu"/>

	<!-- Themes -->
	<AppIcon name="com.android.thememanager/com.android.thememanager.ThemeResourceTabActivity" image="themes"/>

	<!-- TravelSpend -->
	<AppIcon name="tech.jonas.travelbudget/tech.jonas.travelbudget.MainActivity" image="travelspend"/>

	<!-- Trip.com -->
	<AppIcon name="ctrip.english/com.ctrip.ibu.myctrip.main.module.home.IBUHomeActivity" image="tripcom"/>

	<!-- TucomunidApp -->
	<AppIcon name="com.iesa.tuComunidadVecinos/com.iesa.tuComunidadVecinos.MainActivity" image="tucomunidapp"/>

	<!-- Tusky -->
	<AppIcon name="com.keylesspalace.tusky/com.keylesspalace.tusky.SplashActivity" image="tusky"/>

	<!-- Uber -->
	<AppIcon name="com.ubercab/com.ubercab.presidio.app.core.root.RootActivity" image="uber"/>

	<!-- Upwork Talent -->
	<AppIcon name="com.upwork.android.apps.main/com.upwork.android.apps.main.activity.MainActivity" image="upwork_talent"/>

	<!-- Wanderlog -->
	<AppIcon name="com.wanderlog.android/com.wanderlog.android.MainActivity" image="wanderlog"/>

	<!-- Weather -->
	<AppIcon name="com.miui.weather2/com.miui.weather2.ActivityWeatherMain" image="weather"/>

	<!-- WodBuster -->
	<AppIcon name="santi.wodbuster/wodbuster.box.LauncherActivity" image="wodbuster"/>

</Theme>