<appmap>

	<!-- Absher -->
	<item class="com.elm.android.individual.RoutingActivity" name="absher"/>

	<!-- ACEP Toxicology Antidote App -->
	<item class="com.ansca.corona.CoronaActivity" name="acep_toxicology_antidote_app"/>

	<!-- activeTAN -->
	<item class="de.efdis.tangenerator.gui.misc.MainActivity" name="activetan"/>

	<!-- ADA SOC -->
	<item class="com.media4u.middle_earth.MainActivity" name="ada_soc"/>

	<!-- AetherSX2 -->
	<item class="xyz.aethersx2.android.MainActivity" name="aethersx2"/>

	<!-- AI Life -->
	<item class="com.huawei.smarthome.login.LauncherActivity" name="ai_life"/>

	<!-- AI Retouch - Remove Objects -->
	<item class="retouch.photoeditor.remove.activity.DummyActivity" name="ai_retouch_remove_objects"/>

	<!-- AIM Clinical Cases -->
	<item class="com.acpclinicalcases.MainActivity" name="aim_clinical_cases"/>

	<!-- Air Hockey Challenge -->
	<item class="com.mobirix.airhockey.airhockey" name="air_hockey_challenge"/>

	<!-- AirReceiver -->
	<item class="com.softmedia.receiver.app.SplashActivity" name="airreceiver"/>

	<!-- Alga -->
	<item class="tech.laihz.alga.MainActivity" name="alga"/>

	<!-- Amnis -->
	<item class="com.amnis.gui.MainActivity" name="amnis"/>

	<!-- Anime Slayer -->
	<item class="com.anslayer.ui.splash.SplashActivity" name="anime_slayer"/>

	<!-- AnkiDroid -->
	<item class="com.ichi2.anki.IntentHandler" name="ankidroid"/>

	<!-- Annals of Internal Medicine -->
	<item class="com.acpannals.MainActivity" name="annals_of_internal_medicine"/>

	<!-- ANONguard -->
	<item class="anonvpn.anon_next.android.ui.main.MainActivity" name="anonguard"/>

	<!-- AOS TV -->
	<item class="com.premium.aostv.tv.activity.SpalshActivity" name="aos_tv"/>

	<!-- Apk Getter -->
	<item class="com.apkgetter.ui.SplashActivity" name="apk_getter"/>

	<!-- APNA SHIELD PRO -->
	<item class="prince.open.vpn.activities.SplashActivity" name="apna_shield_pro"/>

	<!-- App vault -->
	<item class="com.mi.android.globalminusscreen.tab.MainActivity_icon_6" name="app_vault"/>

	<!-- AppChecker -->
	<item class="com.kroegerama.appchecker.ui.AcMain" name="appchecker"/>

	<!-- Aptoide -->
	<item class="cm.aptoide.pt.view.MainActivity" name="aptoide"/>

	<!-- Arabic English Dictionary -->
	<item class="com.dictionary.ar.DictionaryActivity" name="arabic_english_dictionary"/>

	<!-- ASD Player -->
	<item class="com.app_mo.splayer.ui.main.MainActivity" name="asd_player"/>

	<!-- Asphalt 9 -->
	<item class="com.gameloft.android.ANMP.GloftA9HM.MainActivity" name="asphalt_9"/>

	<!-- Audio Notes -->
	<item class="com.certified.audionote.ui.main.MainActivity" name="audio_notes"/>

	<!-- Audio Video Manager -->
	<item class="com.inverseai.audio_video_manager.activity.WelcomeActivity" name="audio_video_manager"/>

	<!-- Audio­mack -->
	<item class="com.audiomack.ui.splash.SplashActivity" name="audio­mack"/>

	<!-- Auscultation World -->
	<item class="com.worldofmedicalsaviours.auscultationworld.MainActivity" name="auscultation_world"/>

	<!-- Ayah -->
	<item class="com.ayah.ui.SplashScreen" name="ayah"/>

	<!-- Base64 -->
	<item class="com.example.intro_screen.MainActivity" name="base64"/>

	<!-- Batch Uninstaller -->
	<item class="com.saha.batchuninstaller.ui.SplashScreenActivity" name="batch_uninstaller"/>

	<!-- Binaural Beats Therapy -->
	<item class="com.ihunda.android.binauralbeat.BBeat" name="binaural_beats_therapy"/>

	<!-- BinBaz - جامع فتاوى ابن باز -->
	<item class="com.zadgroup.binbazfatawa.MainActivity" name="binbaz_جامع_فتاوى_ابن_باز"/>

	<!-- Blocker -->
	<item class="com.merxury.blocker.MainActivity" name="blocker"/>

	<!-- Bluetooth Codec Changer -->
	<item class="com.amrg.bluetooth_codec_converter.ui.base.SharedActivity" name="bluetooth_codec_changer"/>

	<!-- Blur Video & Image -->
	<item class="com.bongasoft.blurimagevideo.activities.SplashScreenActivity" name="blur_video_and_image"/>

	<!-- BMI Calculator -->
	<item class="com.sdgcode.bmicalculator.MainActivity" name="bmi_calculator"/>

	<!-- BMJ Best Practice -->
	<item class="com.bmj.bmjbestpractice.MainActivity" name="bmj_best_practice"/>

	<!-- BNF -->
	<item class="com.pharmpress.bnf.features.walkthrough.WalkThroughActivity" name="bnf"/>

	<!-- Boardible -->
	<item class="com.google.firebase.MessagingUnityPlayerActivity" name="boardible"/>

	<!-- Bolt -->
	<item class="ee.mtakso.client.activity.SplashHomeActivity" name="bolt"/>

	<!-- Botim -->
	<item class="im.thebot.messenger.BOTStartPage" name="botim"/>

	<!-- Bounce -->
	<item class="com.genico.bounce.MainActivity" name="bounce"/>

	<!-- Brain Tutor 3D -->
	<item class="org.qtproject.qt.android.bindings.QtActivity" name="brain_tutor_3d"/>

	<!-- Brick Game -->
	<item class="com.unity3d.player.UnityPlayerActivity" name="brick_game"/>

	<!-- Bridge Race -->
	<item class="com.unity3d.player.UnityPlayerActivity" name="bridge_race"/>

	<!-- Bullets* -->
	<item class="crc640bc7823b8804bed1.SplashActivity" name="bullets_"/>

	<!-- Cache Cleaner -->
	<item class="com.github.bmx666.appcachecleaner.ui.activity.LauncherActivity" name="cache_cleaner"/>

	<!-- Call of Duty -->
	<item class="com.tencent.tmgp.cod.CODMPrivatePermissionActivity" name="call_of_duty"/>

	<!-- Candle -->
	<item class="com.elasticrock.candle.MainActivity" name="candle"/>

	<!-- Canvas AI -->
	<item class="com.ai.image.generate.activities.Splash" name="canvas_ai"/>

	<!-- Cardiology
Mnemonics -->
	<item class="com.cardiologymnemonics.activity.SplashScreen_Activity" name="cardiology
mnemonics"/>

	<!-- Careem -->
	<item class="com.careem.superapp.OnboardingActivityOldIcon" name="careem"/>

	<!-- Carrion -->
	<item class="us.spotco.carrion.MainActivity" name="carrion"/>

	<!-- Castro -->
	<item class="com.itemstudio.castro.base.BaseActivity" name="castro"/>

	<!-- Cat Vs Dog War -->
	<item class="com.sharpshark.catvsdog2.MainActivity" name="cat_vs_dog_war"/>

	<!-- Catex VPN -->
	<item class="prince.open.vpn.activities.SpashActivity" name="catex_vpn"/>

	<!-- CDC STI TX -->
	<item class="gov.cdc.std.tx.presentation.SplashActivity" name="cdc_sti_tx"/>

	<!-- CEToolbox -->
	<item class="com.github.cetoolbox.CEToolboxActivity" name="cetoolbox"/>

	<!-- Cinemax -->
	<item class="com.maximillianleonov.cinemax.CinemaxActivity" name="cinemax"/>

	<!-- CircusFun -->
	<item class="com.unity3d.player.UnityPlayerActivity" name="circusfun"/>

	<!-- Classify Rx -->
	<item class="com.scoopmed.classify.ui.activities.MainActivity" name="classify_rx"/>

	<!-- Clipboard Cleaner -->
	<item class="com.thatsmanmeet.clipboardcleaner.MainActivity" name="clipboard_cleaner"/>

	<!-- ClipDrop -->
	<item class="app.arcopypaste.MainActivity" name="clipdrop"/>

	<!-- ClipShare -->
	<item class="com.tw.clipshare.ClipShareActivity" name="clipshare"/>

	<!-- Clock -->
	<item class="com.android.deskclock.DeskClockTabActivity" name="clock"/>

	<!-- COD Warzone -->
	<item class="com.activision.game.MainActivity" name="cod_warzone"/>

	<!-- Coffee -->
	<item class="com.github.muellerma.coffee.activities.MainActivity" name="coffee"/>

	<!-- ColorDict -->
	<item class="com.socialnmobile.colordict.activity.Main" name="colordict"/>

	<!-- Comprehensive Islamic Library جامع الكتب الإسلامية -->
	<item class="my.smartech.grandlibrary.ui.SplashActivity" name="comprehensive_islamic_library_جامع_الكتب_الإسلامية"/>

	<!-- Countdate -->
	<item class="cyou.sk5s.app.countdate.MainActivity" name="countdate"/>

	<!-- COUNTRY TUNNEL VIP -->
	<item class="renz.javacodez.vpn.activities.RCODEVPNSplash" name="country_tunnel_vip"/>

	<!-- Cram -->
	<item class="io.studymode.cram.activity.MainActivity" name="cram"/>

	<!-- Cramped -->
	<item class="com.nash.cramped.MainActivity" name="cramped"/>

	<!-- Criteria Sets -->
	<item class="com.apa.dsm.v.activities.APASplashActivity" name="criteria_sets"/>

	<!-- CT Anatomy -->
	<item class="air.CT.MainActivity" name="ct_anatomy"/>

	<!-- Cyrillic -->
	<item class="at.mikenet.serbianlatintocyrillic.MainActivity" name="cyrillic"/>

	<!-- D4D -->
	<item class="com.voixme.d4d.ui.activity.SplashScreen" name="d4d"/>

	<!-- Dailymotion -->
	<item class="com.dailymotion.dailymotion.ui.activity.MainActivity" name="dailymotion"/>

	<!-- ddxof -->
	<item class="com.fadial.android.MainActivity" name="ddxof"/>

	<!-- Deezer -->
	<item class="com.deezer.android.ui.activity.LauncherActivity" name="deezer"/>

	<!-- Derm Student -->
	<item class="com.borne.bad.activity.SplashActivity" name="derm_student"/>

	<!-- Dermatology Database -->
	<item class="com.aocd.DermatologyDB.SplashActivity" name="dermatology_database"/>

	<!-- Digilog TV -->
	<item class="com.example.digilogtv.MainActivity" name="digilog_tv"/>

	<!-- Discogs -->
	<item class="com.discogs.app.MainActivity" name="discogs"/>

	<!-- Discord -->
	<item class="com.discord.main.MainDefault" name="discord"/>

	<!-- DNS Switch -->
	<item class="net.mypush.dnsswitch.MainActivity" name="dns_switch"/>

	<!-- Downdetector -->
	<item class="com.serinus42.downdetector.dashboard.DashboardActivity" name="downdetector"/>

	<!-- Downmack -->
	<item class="com.localhost.downmack.ui.activity.MainActivity" name="downmack"/>

	<!-- Dreamerland -->
	<item class="art.dreamerai.android.MainActivity" name="dreamerland"/>

	<!-- DroidPlay -->
	<item class="com.github.warren_bank.airplay_client.ui.DroidPlayActivity" name="droidplay"/>

	<!-- Early Bird Alarm Clock -->
	<item class="com.funanduseful.earlybirdalarm.ui.main.MainActivity" name="early_bird_alarm_clock"/>

	<!-- Easy Watermark -->
	<item class="me.rosuh.easywatermark.ui.MainActivity" name="easy_watermark"/>

	<!-- ECG Guide -->
	<item class="com.qxmd.ecgguide.SplashScreenActivity" name="ecg_guide"/>

	<!-- Eddict Player -->
	<item class="com.shanling.eddictplayer.gui.Activity.SplashActivity" name="eddict_player"/>

	<!-- Empty Folder Cleaner -->
	<item class="com.rootify.emptyfoldercleaner.MainActivity" name="empty_folder_cleaner"/>

	<!-- Empty Text -->
	<item class="com.innovationredefined.emptytext.MainActivity" name="empty_text"/>

	<!-- EMTrainer -->
	<item class="com.harleynelson.emtrainer.Home" name="emtrainer"/>

	<!-- EP Mobile -->
	<item class="org.epstudios.epmobile.EpMobile" name="ep_mobile"/>

	<!-- Epub Reader -->
	<item class="com.foobnix.ui2.MainTabs2" name="epub_reader"/>

	<!-- Evil Insult Generator -->
	<item class="com.evilinsult.activities.MainActivity" name="evil_insult_generator"/>

	<!-- ExifEraser -->
	<item class="com.none.tom.exiferaser.ExifEraserActivity" name="exiferaser"/>

	<!-- Eye Handbook -->
	<item class="com.CloudNineDevelopement.EyeHandbook.activity.RoutingActivity" name="eye_handbook"/>

	<!-- F-Stop -->
	<item class="com.fstop.photo.activity.MainActivity" name="f_stop"/>

	<!-- Fake Traveler -->
	<item class="cl.coders.faketraveler.MainActivity" name="fake_traveler"/>

	<!-- Fanta Pro Vpn -->
	<item class="renz.javacodez.vpn.activities.VPNSplash" name="fanta_pro_vpn"/>

	<!-- Figure 1 -->
	<item class="com.zoontek.rnbootsplash.RNBootSplashActivity" name="figure_1"/>

	<!-- FiiO Music -->
	<item class="com.fiio.music.activity.SplashActivity" name="fiio_music"/>

	<!-- File Converter -->
	<item class="com.onlineconvert.ocapp.MainActivity" name="file_converter"/>

	<!-- File Manager -->
	<item class="com.android.fileexplorer.MainActivity" name="file_manager"/>

	<!-- File Manager -->
	<item class="org.fossify.filemanager.activities.SplashActivity.Green" name="file_manager"/>

	<!-- flightview free -->
	<item class="com.flightview.flightview.Startup" name="flightview_free"/>

	<!-- Flud+ -->
	<item class="com.delphicoder.flud.MainActivity" name="flud_"/>

	<!-- FMWhatsApp -->
	<item class="com.fmwhatsapp.Icon39" name="fmwhatsapp"/>

	<!-- foobar2000 -->
	<item class="com.foobar2000.foobar2000.MainActivity" name="foobar2000"/>

	<!-- FPse -->
	<item class="com.emulator.fpse.Main" name="fpse"/>

	<!-- Free TV -->
	<item class="com.phstudio.freetv.MainActivity" name="free_tv"/>

	<!-- Freepik -->
	<item class="com.freepikcompany.freepik.launcher.presentation.ui.LauncherActivity" name="freepik"/>

	<!-- FTPClient -->
	<item class="de.qwerty287.ftpclient.MainActivity" name="ftpclient"/>

	<!-- FV File Explorer Pro -->
	<item class="com.folderv.file.SplashActivity" name="fv_file_explorer_pro"/>

	<!-- Gallery -->
	<item class="com.miui.gallery.activity.HomePageActivity" name="gallery"/>

	<!-- GameBox -->
	<item class="com.turner.cartoonnetworkgames.MainActivity" name="gamebox"/>

	<!-- Geddit -->
	<item class="geddit.buzl.uk.MainActivity" name="geddit"/>

	<!-- General Surgery Instruments -->
	<item class="com.production.ksm.generalsurgery.MainActivity" name="general_surgery_instruments"/>

	<!-- Genetics 4M -->
	<item class="com.appmedics.tabactivity.SplashActivity" name="genetics_4m"/>

	<!-- GeoNotes -->
	<item class="de.hauke_stieler.geonotes.MainActivity" name="geonotes"/>

	<!-- GetApps -->
	<item class="com.xiaomi.mipicks.DefaultAlias" name="getapps"/>

	<!-- Geto -->
	<item class="com.android.geto.MainActivity" name="geto"/>

	<!-- Great Quran -->
	<item class="com.arabiait.quran.v2.MainActivity" name="great_quran"/>

	<!-- Green Screen -->
	<item class="maa.greenscreen_effect.background_changer.ui.activities.SplashScreen" name="green_screen"/>

	<!-- Guideline Central -->
	<item class="com.guidelinecentral.MainActivity" name="guideline_central"/>

	<!-- Guidelines -->
	<item class="org.idsociety.guidelines.AppLauncherActivity" name="guidelines"/>

	<!-- GULF VPN -->
	<item class="dev.scbuild.openvpn3.SplashActivity" name="gulf_vpn"/>

	<!-- Gyawun -->
	<item class="com.ryanheise.audioservice.AudioServiceActivity" name="gyawun"/>

	<!-- Happy Chick -->
	<item class="com.swordfish.lemuroid.chick.function.launcher.LauncherActivity" name="happy_chick"/>

	<!-- Harmonoid -->
	<item class="com.alexmercerind.harmonoid.MainActivity" name="harmonoid"/>

	<!-- Harmony Music -->
	<item class="com.ryanheise.audioservice.AudioServiceActivity" name="harmony_music"/>

	<!-- HD STREAMZ -->
	<item class="com.android.vending.a.Splash" name="hd_streamz"/>

	<!-- HDO Box -->
	<item class="com.hdobox.MainActivity" name="hdo_box"/>

	<!-- Heartpedia -->
	<item class="com.cardinal.childrensheartencyclopedia.heartGrid.MainActivity" name="heartpedia"/>

	<!-- Hepatitis B Results -->
	<item class="com.quickdoc.hepatitisbvirus.MainActivity" name="hepatitis_b_results"/>

	<!-- Honista -->
	<item class="com.app.launcher_0" name="honista"/>

	<!-- HTTP Request Tunnel -->
	<item class="spkmods.build.austrovpn.LauncherActivity" name="http_request_tunnel"/>

	<!-- huggingAssist -->
	<item class="org.woheller69.huggingchat.MainActivity" name="huggingassist"/>

	<!-- HungerStation -->
	<item class="com.hungerstation.android.web.v6.screens.splash.view.SplashActivity" name="hungerstation"/>

	<!-- ICE VPN -->
	<item class="com.supremedev.tunnel.activities.SpashActivity" name="ice_vpn"/>

	<!-- iCU Notes -->
	<item class="com.doc_notes.icunotes.MainActivity" name="icu_notes"/>

	<!-- ICU Trials -->
	<item class="com.clincalc.icutrials.SplashScreen" name="icu_trials"/>

	<!-- ID Photo -->
	<item class="com.peace.IdPhoto.LaunchActivity" name="id_photo"/>

	<!-- Identiconizer! -->
	<item class="com.germainz.identiconizer.IdenticonsSettings" name="identiconizer_"/>

	<!-- Image Toolbox (Resizer) -->
	<item class="ru.tech.imageresizershrinker.presentation.AppActivity" name="image_toolbox_resizer_"/>

	<!-- ImageSearch -->
	<item class="jp.hamachi.android.img.app.activities.MainActivity" name="imagesearch"/>

	<!-- Imgur -->
	<item class="com.imgur.mobile.Launcher" name="imgur"/>

	<!-- Implant Identifier -->
	<item class="manualidentifier.org.manualidentifier.activity.SplashActivity" name="implant_identifier"/>

	<!-- Instander -->
	<item class="com.instagram.android.activity.MainTabActivity" name="instander"/>

	<!-- IR PRO VPN -->
	<item class="com.technore.tunnel.activities.SplashActivity" name="ir_pro_vpn"/>

	<!-- Islam House Library -->
	<item class="com.mowahedin.alqalam.ui.modules.activities.splash.SplashActivity" name="islam_house_library"/>

	<!-- Islam Question and Answer -->
	<item class="com.dizzlr.irshad.IslamQuestionandAnswer" name="islam_question_and_answer"/>

	<!-- islamQA -->
	<item class="com.zadgroup.islamqa.MainActivity" name="islamqa"/>

	<!-- Itinerary -->
	<item class="org.kde.itinerary.Activity" name="itinerary"/>

	<!-- IzzyOnDroid -->
	<item class="in.sunilpaulmathew.izzyondroid.MainActivity" name="izzyondroid"/>

	<!-- Japanese Name Converter -->
	<item class="com.nolanlawson.jnameconverter.JNameConverterActivity" name="japanese_name_converter"/>

	<!-- Jazz² Resurrection -->
	<item class="jazz2.resurrection.LoadLibraries" name="jazz²_resurrection"/>

	<!-- Jetflix -->
	<item class="com.yasinkacmaz.jetflix.ui.main.MainActivity" name="jetflix"/>

	<!-- Jpeg XL Viewer -->
	<item class="fr.oupson.jxlviewer.ViewerActivity" name="jpeg_xl_viewer"/>

	<!-- JS-Dict -->
	<item class="io.github.petlyh.jsdict.MainActivity" name="js_dict"/>

	<!-- Kafka -->
	<item class="com.kafka.user.MainActivity" name="kafka"/>

	<!-- Kanji Study -->
	<item class="com.mindtwisted.kanjistudy.activity.LaunchActivity" name="kanji_study"/>

	<!-- Keep Alive -->
	<item class="io.keepalive.android.MainActivity" name="keep_alive"/>

	<!-- kimovil -->
	<item class="com.kimovil.app.MainActivity" name="kimovil"/>

	<!-- KingInstaller -->
	<item class="com.example.kinginstaller.MainActivity" name="kinginstaller"/>

	<!-- Lab Tests -->
	<item class="com.laboratory.user.labtest.Activities.MainActivity" name="lab_tests"/>

	<!-- Language Transfer -->
	<item class="org.languagetransfer.MainActivity" name="language_transfer"/>

	<!-- LB Causes -->
	<item class="host.exp.exponent.MainActivity" name="lb_causes"/>

	<!-- Linphone -->
	<item class="org.linphone.activities.main.MainActivity" name="linphone"/>

	<!-- Linux Command Library -->
	<item class="com.inspiredandroid.linuxcommandbibliotheca.MainActivity" name="linux_command_library"/>

	<!-- LIVE Radio -->
	<item class="fm.radio.amradio.liveradio.radiostation.music.live.ui.activity.SplashActivity" name="live_radio"/>

	<!-- LiveLoop -->
	<item class="com.wallpaper.liveloop.StartActivity" name="liveloop"/>

	<!-- LLCrop (lossless) -->
	<item class="de.k3b.android.lossless_jpg_crop.CropAreasEditActivity" name="llcrop_lossless_"/>

	<!-- LumaFusion -->
	<item class="com.solbegsoft.luma.ui.main.MainActivity" name="lumafusion"/>

	<!-- MA NET VPN -->
	<item class="prince.open.vpn.activities.SpashActivity" name="ma_net_vpn"/>

	<!-- Majdona -->
	<item class="com.majdona.majdona.SplashActivity" name="majdona"/>

	<!-- MARIO RUN -->
	<item class="com.snslinkage.dena.snslinkageunityplugin.SnsLinkageSafeUnityPlayerNativeActivity" name="mario_run"/>

	<!-- markdownr -->
	<item class="com.sanzoghenzo.markdownr.MainActivity" name="markdownr"/>

	<!-- MBC Mood -->
	<item class="com.tedmob.mbcradio.features.launch.RootActivity" name="mbc_mood"/>

	<!-- MBC Movie Guide -->
	<item class="com.eurisko.mbcmovieguide.activities.SplashActivity" name="mbc_movie_guide"/>

	<!-- McMaster -->
	<item class="com.empendium.mcmtextbook.MainActivity" name="mcmaster"/>

	<!-- MCQ AbuBakr (ASU) -->
	<item class="asu.mcq.Splash" name="mcq_abubakr_asu_"/>

	<!-- Medical & Surgical Instruments -->
	<item class="com.kmcpesh.medicalandsurgicalinstruments.Splash" name="medical_and_surgical_instruments"/>

	<!-- Medical Mnemonics -->
	<item class="com.regularrateandrhythm.medmnemonics.MnemonicsListActivity" name="medical_mnemonics"/>

	<!-- Medicine -->
	<item class="dictionary.medicine.MainActivity" name="medicine"/>

	<!-- Medicine Flash Cards -->
	<item class="com.flashcardmobileapp.MainActivity" name="medicine_flash_cards"/>

	<!-- MediCode -->
	<item class="com.nhcps.medicode.MedicodeActivity" name="medicode"/>

	<!-- Mednomics -->
	<item class="com.nishith.mednomics.ui.activities.MainActivity" name="mednomics"/>

	<!-- Medscape -->
	<item class="com.medscape.android.welcome.WelcomeActivity" name="medscape"/>

	<!-- MedShr -->
	<item class="net.medshr.android.RootNavigationActivity" name="medshr"/>

	<!-- MGH PALS -->
	<item class="com.pals.SplashActivity" name="mgh_pals"/>

	<!-- MHR Tunnel VIP -->
	<item class="renz.javacodez.vpn.activities.VPNSplash" name="mhr_tunnel_vip"/>

	<!-- Mi Home -->
	<item class="com.xiaomi.smarthome.SmartHomeMainActivity" name="mi_home"/>

	<!-- Mi Mover -->
	<item class="com.miui.huanji.MainActivity" name="mi_mover"/>

	<!-- Mi Remote -->
	<item class="com.xiaomi.mitv.phone.remotecontroller.HoriWidgetMainActivityV2" name="mi_remote"/>

	<!-- Microbiology Guide -->
	<item class="com.bacterials.agarss.MainActivity1" name="microbiology_guide"/>

	<!-- Mindomo -->
	<item class="air.com.EXswap.Mindomo.MainActivity" name="mindomo"/>

	<!-- Mixlr -->
	<item class="com.mixlr.android.LauncherActivity" name="mixlr"/>

	<!-- Mobilism -->
	<item class="demigos.com.mobilism.UI.SplashActivity" name="mobilism"/>

	<!-- Moddroid -->
	<item class="com.example.MainActivity" name="moddroid"/>

	<!-- Moshaf Ebn Othaimeen -->
	<item class="com.arabia_it.moshaf_ibn_othimen.ui.splash.SplashActivity" name="moshaf_ebn_othaimeen"/>

	<!-- Moshuf El Menshawui -->
	<item class="my.smartech.thereciter.main_view.TheReciterActivity" name="moshuf_el_menshawui"/>

	<!-- MRSOOL -->
	<item class="com.mrsool.SplashActivity" name="mrsool"/>

	<!-- MSD OBST -->
	<item class="com.msd.obstetrics.ui.Splashscreenactivity" name="msd_obst"/>

	<!-- MSD Pro -->
	<item class="com.msd.professional.ui.Splashscreenactivity" name="msd_pro"/>

	<!-- Mstudio -->
	<item class="selfcoder.mstudio.mp3editor.activity.StartupActivity" name="mstudio"/>

	<!-- mucke -->
	<item class="com.ryanheise.audioservice.AudioServiceActivity" name="mucke"/>

	<!-- MuscleWiki -->
	<item class="org.musclewiki.macro.MainActivity" name="musclewiki"/>

	<!-- Music Player -->
	<item class="com.zionhuang.music.splashScreen.SplashScreen" name="music_player"/>

	<!-- Musicboard -->
	<item class="com.musicboard.MainActivity" name="musicboard"/>

	<!-- MusicSearch -->
	<item class="ly.david.mbjc.ui.MainActivity" name="musicsearch"/>

	<!-- Muzei -->
	<item class="com.google.android.apps.muzei.MuzeiActivity" name="muzei"/>

	<!-- MX Player -->
	<item class="com.mxtech.videoplayer.pro.ActivityMediaList" name="mx_player"/>

	<!-- My Prayer -->
	<item class="com.haz.prayer.MyPrayer" name="my_prayer"/>

	<!-- Myne -->
	<item class="com.starry.myne.MainActivity" name="myne"/>

	<!-- mystc -->
	<item class="sa.com.stc.ui.landing.SplashScreen" name="mystc"/>

	<!-- NAFATH -->
	<item class="sa.gov.nic.myid.MainActivity" name="nafath"/>

	<!-- Name Generator -->
	<item class="com.zipoapps.premiumhelper.ui.splash.PHSplashActivity" name="name_generator"/>

	<!-- Namida -->
	<item class="com.msob7y.namida.NamidaMainActivity" name="namida"/>

	<!-- Nekogram -->
	<item class="org.telegram.messenger.DefaultIcon" name="nekogram"/>

	<!-- Neurology Pocketbook -->
	<item class="md5a67a454f2ab55d52a5217faf7aa2fcfa.LaunchActivity" name="neurology_pocketbook"/>

	<!-- Neutron Player -->
	<item class="com.neutroncode.mp.NeutronMPCore" name="neutron_player"/>

	<!-- NokoPrint -->
	<item class="com.nokoprint.ActivityHome" name="nokoprint"/>

	<!-- Now in Android -->
	<item class="com.google.samples.apps.nowinandroid.MainActivity" name="now_in_android"/>

	<!-- Nyanpasu -->
	<item class="com.zhenxiang.nyaa.MainActivity" name="nyanpasu"/>

	<!-- ObCalc -->
	<item class="com.Alefrei.ObstetricCalculator.MainActivity" name="obcalc"/>

	<!-- ObstetricRiskCalculator -->
	<item class="org.sitel.obstetricriskcalculator.MainActivity" name="obstetricriskcalculator"/>

	<!-- Octi -->
	<item class="eu.darken.octi.main.ui.MainActivity" name="octi"/>

	<!-- OKOK -->
	<item class="com.chipsea.shell.MainActivity" name="okok"/>

	<!-- ONCOassist -->
	<item class="com.oncoassist.view.splash.SplashActivity" name="oncoassist"/>

	<!-- Open Pros & Cons -->
	<item class="com.robertmengual.open_pros_cons.MainActivity" name="open_pros_and_cons"/>

	<!-- OpenBooksDownloader -->
	<item class="com.nima.openbooksdownloader.MainActivity" name="openbooksdownloader"/>

	<!-- OpenComicVine -->
	<item class="org.proninyaroslav.opencomicvine.ui.MainActivity" name="opencomicvine"/>

	<!-- Openlib -->
	<item class="com.app.openlib.MainActivity" name="openlib"/>

	<!-- OpeNoise -->
	<item class="it.piemonte.arpa.openoise.MainActivity" name="openoise"/>

	<!-- OphthDDx -->
	<item class="ammanify.apps.ophthddx.MainActivity" name="ophthddx"/>

	<!-- Opioid Guideline -->
	<item class="gov.cdc.ondieh.ncipc.OpioidGuideline.MainActivity" name="opioid_guideline"/>

	<!-- PAC-MAN -->
	<item class="com.namcobandaigames.pacmantournaments.UnityPlayerActivity" name="pac_man"/>

	<!-- PAC-MAN 256 -->
	<item class="com.unity3d.player.UnityPlayerActivity" name="pac_man_256"/>

	<!-- Parcels -->
	<item class="com.brightstripe.parcels.MainActivity" name="parcels"/>

	<!-- Passport -->
	<item class="app.iris.MainActivity" name="passport"/>

	<!-- Pathway -->
	<item class="com.pathwaymedical.pathway.MainActivity" name="pathway"/>

	<!-- Pazzword -->
	<item class="com.cyb3rko.pazzword.MainActivity" name="pazzword"/>

	<!-- PDF Extra -->
	<item class="com.mobisystems.office.splashScreen.SplashScreenActivity" name="pdf_extra"/>

	<!-- Pediatric Oncall -->
	<item class="com.pediatriconcall.splash" name="pediatric_oncall"/>

	<!-- Pen&PDF -->
	<item class="com.cgogolin.penandpdf.PenAndPDFActivity" name="pen_and_pdf"/>

	<!-- Permission Pilot -->
	<item class="eu.darken.myperm.main.ui.MainActivity" name="permission_pilot"/>

	<!-- Petal Maps -->
	<item class="com.huawei.maps.app.petalmaps.splash.SplashActivity" name="petal_maps"/>

	<!-- Photify AI -->
	<item class="ai.photify.MainActivity" name="photify_ai"/>

	<!-- Photo Collage -->
	<item class="com.thinkyeah.photoeditor.main.ui.activity.LandingActivity" name="photo_collage"/>

	<!-- Photo Tools -->
	<item class="io.japp.phototools.MainActivity" name="photo_tools"/>

	<!-- PhotoFix -->
	<item class="com.vyroai.facefix.ui.MainActivity" name="photofix"/>

	<!-- Photok -->
	<item class="dev.leonlatsch.photok.MainLauncher" name="photok"/>

	<!-- Picsart -->
	<item class="com.socialin.android.photo.picsinphoto.MainPagerActivity" name="picsart"/>

	<!-- Picturing-MD -->
	<item class="com.picturingmedicine.md.SplashActivity" name="picturing_md"/>

	<!-- PicWish -->
	<item class="com.wangxutech.picwish.module.main.ui.splash.SplashActivity" name="picwish"/>

	<!-- PikPed -->
	<item class="com.pikped.pikped.SplashScreenActivity" name="pikped"/>

	<!-- Pixlr -->
	<item class="com.pixlr.express.ui.startup.StartupActivity" name="pixlr"/>

	<!-- PLAB 1 Flashcards -->
	<item class="lk.mbbs.plabflashcards.MainActivity" name="plab_1_flashcards"/>

	<!-- Plite PDF Viewer -->
	<item class="com.riseapps.pdfviewer.pdfutilities.activity.Splash_activity" name="plite_pdf_viewer"/>

	<!-- Poco Community -->
	<item class="com.mi.global.pocobbs.ui.SplashActivity" name="poco_community"/>

	<!-- POCUS App -->
	<item class="com.nysorapocus.app.MainActivity" name="pocus_app"/>

	<!-- Point Blur -->
	<item class="jp.co.pointblur.android.app.quick.activity.APrepare" name="point_blur"/>

	<!-- popWALLS -->
	<item class="org.blinksd.popwallz.activities.MainActivity" name="popwalls"/>

	<!-- Poweramp -->
	<item class="com.maxmpz.audioplayer.standard_adaptive" name="poweramp"/>

	<!-- Praktika -->
	<item class="ai.praktika.android.MainActivity" name="praktika"/>

	<!-- Procedures -->
	<item class="com.houseapp.medicalpro.Splash" name="procedures"/>

	<!-- Prognosis -->
	<item class="com.medicaljoyworks.prognosis.MainActivity" name="prognosis"/>

	<!-- Psiphon Pro -->
	<item class="com.psiphon3.MainActivity" name="psiphon_pro"/>

	<!-- Puzzledom -->
	<item class="org.cocos2dx.cpp.AppActivity" name="puzzledom"/>

	<!-- Pyrls -->
	<item class="com.pyrls.pyrls7000.MainActivity" name="pyrls"/>

	<!-- Qobuz Bêta -->
	<item class="com.qobuz.android.mobile.app.refont.screen.launch.LauncherActivity" name="qobuz_beta"/>

	<!-- QooApp -->
	<item class="com.qooapp.qoohelper.arch.welcome.WelcomeActivity" name="qooapp"/>

	<!-- QR & Barcode Scanner - Generator -->
	<item class="sol.myscanner.ui.activities.SplashActivity" name="qr_and_barcode_scanner_generator"/>

	<!-- QR&T Scanner -->
	<item class="com.netvor.qrtscanner.MainActivity" name="qr_and_t_scanner"/>

	<!-- QuickIB -->
	<item class="com.superyao.tuchuang.ui.component.main.MainActivity" name="quickib"/>

	<!-- Quora -->
	<item class="com.quora.android.components.activities.LauncherActivity" name="quora"/>

	<!-- Rapid Streamz -->
	<item class="com.rpstreamz.live.activity.SplashActivity" name="rapid_streamz"/>

	<!-- Read -->
	<item class="com.qxmd.readbyqxmd.activities.SplashActivity" name="read"/>

	<!-- Recurring Expenses -->
	<item class="de.dbauer.expensetracker.MainActivity" name="recurring_expenses"/>

	<!-- Redomi -->
	<item class="com.acszo.redomi.MainActivity" name="redomi"/>

	<!-- Relaxing Tangle Pro -->
	<item class="app.bhupesh.tanglepro.welcomeScreen" name="relaxing_tangle_pro"/>

	<!-- Resplash -->
	<item class="com.b_lam.resplash.ui.main.MainActivity" name="resplash"/>

	<!-- Resume Builder -->
	<item class="com.ibrahimyousre.resumebuilder.MainActivity" name="resume_builder"/>

	<!-- Retro Text Editor -->
	<item class="click.dummer.textthing.MainActivity" name="retro_text_editor"/>

	<!-- RheumaHelper -->
	<item class="si.modrajagoda.rheumahelper.activities.MainActivity" name="rheumahelper"/>

	<!-- Ricochlime -->
	<item class="com.adilhanney.ricochlime.MainActivity" name="ricochlime"/>

	<!-- RS Debug -->
	<item class="ca.pkay.rcloneexplorer.Activities.MainActivity" name="rs_debug"/>

	<!-- Ruler -->
	<item class="com.ruler.csw.activity.MainActivity" name="ruler"/>

	<!-- Rumble -->
	<item class="com.rumble.battles.landing.LandingActivity" name="rumble"/>

	<!-- Russian -->
	<item class="ru.poas.englishwords.splash.SplashActivity" name="russian"/>

	<!-- Russian Verbs Pro -->
	<item class="com.sanchiski.rvp.VerbList" name="russian_verbs_pro"/>

	<!-- Safe Delivery -->
	<item class="dk.maternity.safedelivery.MainActivity" name="safe_delivery"/>

	<!-- Salt Player -->
	<item class="com.salt.music.ui.MainActivity" name="salt_player"/>

	<!-- Save Locally -->
	<item class="com.mateusrodcosta.apps.share2storage.MainActivity" name="save_locally"/>

	<!-- Save to… -->
	<item class="xyz.myachin.saveto.ui.MainActivity" name="save_to…"/>

	<!-- Savefrom Helper -->
	<item class="net.savefrom.helper.splash.SplashActivity" name="savefrom_helper"/>

	<!-- Scrambled Exif -->
	<item class="com.jarsilio.android.scrambledeggsif.MainActivity" name="scrambled_exif"/>

	<!-- SD Maid SE -->
	<item class="eu.darken.sdmse.main.ui.MainActivity" name="sd_maid_se"/>

	<!-- Sepsis -->
	<item class="app.escavo.sepsis.MainActivity" name="sepsis"/>

	<!-- Services & feedback -->
	<item class="com.miui.miservice.main.MainActivity" name="services_and_feedback"/>

	<!-- Share to Computer -->
	<item class="com.jim.sharetocomputer.MainActivity" name="share_to_computer"/>

	<!-- SHAREit Lite -->
	<item class="com.lenovo.anyshare.ApMainActivity" name="shareit_lite"/>

	<!-- Silence -->
	<item class="me.lucky.silence.MainActivity" name="silence"/>

	<!-- Simple ABP Free -->
	<item class="mdmt.sabp.free.A" name="simple_abp_free"/>

	<!-- Simple Text Editor -->
	<item class="com.maxistar.textpad.activities.EditorActivity" name="simple_text_editor"/>

	<!-- Simplenote -->
	<item class="com.automattic.simplenote.NotesActivity" name="simplenote"/>

	<!-- Skiff Drive -->
	<item class="com.skiffDriveMobileApp.MainActivity" name="skiff_drive"/>

	<!-- Skiff Mail -->
	<item class="com.skemailmobileapp.MainActivity" name="skiff_mail"/>

	<!-- Slidebox -->
	<item class="co.slidebox.ui.root.RootActivity" name="slidebox"/>

	<!-- Slideshow Wallpaper -->
	<item class="io.github.doubi88.slideshowwallpaper.preferences.WallpaperPreferencesActivity" name="slideshow_wallpaper"/>

	<!-- smart Histology -->
	<item class="com.phonegap.smartHistology.smartHistology" name="smart_histology"/>

	<!-- SmartMouse -->
	<item class="ch.virt.smartphonemouse.MainActivity" name="smartmouse"/>

	<!-- SMI -->
	<item class="com.fountainheadmobile.touchpoint.activity.TPMainActivity" name="smi"/>

	<!-- SMS my GPS -->
	<item class="com.github.warren_bank.sms_automatic_reply_gps.ui.PreferenceActivity" name="sms_my_gps"/>

	<!-- Snake.io -->
	<item class="com.kooapps.unity.CustomUnityPlayerActivity" name="snakeio"/>

	<!-- Snapmod -->
	<item class="cn.gavinliu.snapmod.ui.SplashActivity" name="snapmod"/>

	<!-- Snipd -->
	<item class="ai.topicfinder.podcastdiscovery.MainActivity" name="snipd"/>

	<!-- SongSync -->
	<item class="pl.lambada.songsync.MainActivity" name="songsync"/>

	<!-- SplitCloud -->
	<item class="com.splitcloud.MainActivity" name="splitcloud"/>

	<!-- SpongeBob Diner Dash -->
	<item class="com.playfirst.playground.dinerdashspongebob.DinerDashSpongeBob" name="spongebob_diner_dash"/>

	<!-- SpotiFlyer -->
	<item class="com.shabinder.spotiflyer.ui.SplashScreenActivity" name="spotiflyer"/>

	<!-- Stickman Party -->
	<item class="com.unity3d.player.UnityPlayerActivity" name="stickman_party"/>

	<!-- Stitch It! -->
	<item class="com.luckybunnyllc.stitchit.activities.LoadActivity" name="stitch_it_"/>

	<!-- Stripepaper -->
	<item class="com.tjm.stripepaper.SetWallpaperActivity" name="stripepaper"/>

	<!-- Sumatora -->
	<item class="org.happypeng.sumatora.android.sumatoradictionary.activity.MainActivity" name="sumatora"/>

	<!-- SuperDisplay -->
	<item class="com.kelocube.mirrorclient.ui.MainActivity" name="superdisplay"/>

	<!-- SuperImage -->
	<item class="com.zhenxiang.superimage.MainActivity" name="superimage"/>

	<!-- surgicalsuturematerial -->
	<item class="com.production.ksm.surgerysuturematerial.MainActivity" name="surgicalsuturematerial"/>

	<!-- Survival Manual -->
	<item class="org.ligi.survivalmanual.ui.MainActivity" name="survival_manual"/>

	<!-- SurviveMed -->
	<item class="com.mobelite.emee.ui.misc.SplashActivity" name="survivemed"/>

	<!-- Swipefy -->
	<item class="app.swipefy.mobile.MainActivity" name="swipefy"/>

	<!-- Symptom to Diagnosis -->
	<item class="com.agilemd.android.MainActivity" name="symptom_to_diagnosis"/>

	<!-- Sync -->
	<item class="com.resilio.sync.ui.activity.StartActivity" name="sync"/>

	<!-- Tappic -->
	<item class="es.dmoral.tappic.activities.MainActivity" name="tappic"/>

	<!-- TapTap -->
	<item class="com.play.taptap.ui.SplashAct" name="taptap"/>

	<!-- Tawakkalna Services -->
	<item class="com.tawakkalna.twkapp.ui.SplashActivity" name="tawakkalna_services"/>

	<!-- Tazkerah -->
	<item class="com.arwany.tazkerah.activities.MainActivity" name="tazkerah"/>

	<!-- Teapod -->
	<item class="org.mosad.teapod.ui.activity.main.MainActivity" name="teapod"/>

	<!-- Tech Terms -->
	<item class="com.sharpened.techterms.MainActivity" name="tech_terms"/>

	<!-- Telegram -->
	<item class="org.telegram.messenger.PremiumIcon" name="telegram"/>

	<!-- Tella -->
	<item class="rs.readahead.washington.mobile.views.activity.SplashActivity" name="tella"/>

	<!-- Tests -->
	<item class="com.nixgames.psycho_tests.ui.activities.splash.SplashActivity" name="tests"/>

	<!-- Text Analyzer -->
	<item class="com.graspery.www.wordcountpro.MainActivity" name="text_analyzer"/>

	<!-- Text Repeater -->
	<item class="com.kapidhvaj.textrepeater.Activity.SplashActivity" name="text_repeater"/>

	<!-- Textgram X -->
	<item class="noirelabs.textgram.MainActivity" name="textgram_x"/>

	<!-- The CC -->
	<item class="app.escavo.sepsis.MainActivity" name="the_cc"/>

	<!-- Thud -->
	<item class="io.ionic.starter.MainActivity" name="thud"/>

	<!-- TIDAL -->
	<item class="com.aspiro.wamp.LoginFragmentActivity" name="tidal"/>

	<!-- TIDY -->
	<item class="com.slavabarkov.tidy.MainActivity" name="tidy"/>

	<!-- Tiny Scanner -->
	<item class="com.appxy.tinyscanfree.Activity_Start" name="tiny_scanner"/>

	<!-- TL FAST VPN -->
	<item class="prince.open.vpn.activities.SpashActivity" name="tl_fast_vpn"/>

	<!-- TMAnatomy -->
	<item class="crc6404b5d7aaf7660bf3.MainActivity" name="tmanatomy"/>

	<!-- TMPhysiology -->
	<item class="crc6404b5d7aaf7660bf3.MainActivity" name="tmphysiology"/>

	<!-- TMSurgery -->
	<item class="crc6404b5d7aaf7660bf3.MainActivity" name="tmsurgery"/>

	<!-- Toolmaps -->
	<item class="com.service.fullscreenmaps.MainActivity" name="toolmaps"/>

	<!-- Touch Surgery -->
	<item class="com.touchsurgery.launch.LaunchActivity" name="touch_surgery"/>

	<!-- TRC Pharmacology -->
	<item class="software.ninetofive.trc.MainActivity" name="trc_pharmacology"/>

	<!-- TreatHF -->
	<item class="org.acc.treathf.MainActivity" name="treathf"/>

	<!-- TripleCamel -->
	<item class="com.ebaschiera.triplecamel.MainActivity" name="triplecamel"/>

	<!-- Turtl -->
	<item class="com.lyonbros.turtl.MainActivity" name="turtl"/>

	<!-- TV KILL -->
	<item class="com.redirectapps.tvkill.MainActivity" name="tv_kill"/>

	<!-- TV Randshow -->
	<item class="deandrea.matias.tv_randshow.MainActivity" name="tv_randshow"/>

	<!-- Ultimate USB -->
	<item class="com.mixapplications.ultimateusb.MainActivity" name="ultimate_usb"/>

	<!-- Umagic -->
	<item class="umagic.ai.aiart.activity.SplashActivity" name="umagic"/>

	<!-- Unexpected Keyboard -->
	<item class="juloo.keyboard2.LauncherActivity" name="unexpected_keyboard"/>

	<!-- Untracker -->
	<item class="me.zhanghai.android.untracker.MainActivity" name="untracker"/>

	<!-- UntrackMe -->
	<item class="app.fedilab.nitterizeme.activities.MainActivity" name="untrackme"/>

	<!-- Unvcode -->
	<item class="moe.lz233.unvcode.activity.MainActivity" name="unvcode"/>

	<!-- Uptodown App Store -->
	<item class="com.uptodown.activities.MainActivity" name="uptodown_app_store"/>

	<!-- URL Cleaner -->
	<item class="com.svenjacobs.app.leon.MainActivity" name="url_cleaner"/>

	<!-- URL to PDF Converter -->
	<item class="com.prostudio.urltopdfconverter.MainActivity" name="url_to_pdf_converter"/>

	<!-- USPSTF -->
	<item class="gov.ahrq.epss.SplashActivity" name="uspstf"/>

	<!-- Vaccine Schedules -->
	<item class="gov.cdc.ncird.vaccineschedule.MainActivity" name="vaccine_schedules"/>

	<!-- Vector Camera -->
	<item class="com.dozingcatsoftware.vectorcamera.MainActivity" name="vector_camera"/>

	<!-- Vectorify da home! -->
	<item class="com.iven.vectorify.ui.MainActivity" name="vectorify_da_home_"/>

	<!-- Vendetta Manager -->
	<item class="dev.beefers.vendetta.manager.ui.activity.MainActivity" name="vendetta_manager"/>

	<!-- VFHHrbuPvfroWyviw -->
	<item class="ru.zuovlzhk.ktqlezihu.MainActivity1" name="vfhhrbupvfrowyviw"/>

	<!-- vFlat -->
	<item class="com.voyagerx.livedewarp.EntryActivity" name="vflat"/>

	<!-- Vibe -->
	<item class="me.lucky.vibe.MainActivity" name="vibe"/>

	<!-- Vibrator -->
	<item class="com.lukeneedham.vibrator.MainActivity" name="vibrator"/>

	<!-- VIC -->
	<item class="com.looper.vic.activity.MainActivity" name="vic"/>

	<!-- Video Converter -->
	<item class="com.inverseai.audio_video_manager.activity.WelcomeActivity" name="video_converter"/>

	<!-- Vidya Music -->
	<item class="com.ryanheise.audioservice.AudioServiceActivity" name="vidya_music"/>

	<!-- Viewer for Khan Academy -->
	<item class="com.concentricsky.android.khanacademy.app.HomeActivity" name="viewer_for_khan_academy"/>

	<!-- Visit Dubai -->
	<item class="com.dtcm.dubaitourism.SplashActivity" name="visit_dubai"/>

	<!-- VisitSaudi -->
	<item class="sa.gov.apps.sauditourism.ui.splashscreen.ui.SplashScreenActivity" name="visitsaudi"/>

	<!-- Vita3K -->
	<item class="org.vita3k.emulator.Emulator" name="vita3k"/>

	<!-- VodTwit Downloader -->
	<item class="com.code.app.view.main.MainActivity" name="vodtwit_downloader"/>

	<!-- WADBS -->
	<item class="com.smoothie.wirelessDebuggingSwitch.SettingsActivity" name="wadbs"/>

	<!-- wallabag -->
	<item class="fr.gaulupeau.apps.Poche.ui.SplashActivity" name="wallabag"/>

	<!-- Wallastic -->
	<item class="wallastic.cnt.walls.MainActivity" name="wallastic"/>

	<!-- WallpaperExport -->
	<item class="com.github.cvzi.wallpaperexport.MainActivity" name="wallpaperexport"/>

	<!-- WarpShare -->
	<item class="org.mokee.warpshare.MainActivity" name="warpshare"/>

	<!-- Wassword -->
	<item class="com.albertobonacina.wassword.MainActivity" name="wassword"/>

	<!-- Water Sort -->
	<item class="com.unity3d.player.UnityPlayerActivity" name="water_sort"/>

	<!-- Watermarking -->
	<item class="com.example.free_watermark.MainActivity" name="watermarking"/>

	<!-- Watomatic -->
	<item class="com.parishod.watomatic.activity.main.MainActivity" name="watomatic"/>

	<!-- Wave Lines Wallpaper -->
	<item class="de.markusfisch.android.wavelines.activity.SplashActivity" name="wave_lines_wallpaper"/>

	<!-- Waze -->
	<item class="com.waze.FreeMapAppActivity" name="waze"/>

	<!-- Website Monitor -->
	<item class="com.manimarank.websitemonitor.ui.splash.SplashActivity" name="website_monitor"/>

	<!-- WhatSaga -->
	<item class="in.whatsaga.whatsapplongerstatus.activities.StartupActivity" name="whatsaga"/>

	<!-- WHO e-Pocketbook -->
	<item class="au.org.rch.hospitalCareForChildren.WHOe_Pocketbook" name="who_e_pocketbook"/>

	<!-- Wi-Fi AR -->
	<item class="ua.com.wifisolutions.wifivr.MainActivity" name="wi_fi_ar"/>

	<!-- Wi-Fi Info -->
	<item class="com.truemlgpro.wifiinfo.MainActivity" name="wi_fi_info"/>

	<!-- WikiAnime -->
	<item class="com.nima.wikianime.MainActivity" name="wikianime"/>

	<!-- Wipe files -->
	<item class="uk.org.platitudes.wipe.main.MainTabActivity" name="wipe_files"/>

	<!-- Wonderous -->
	<item class="com.gskinner.flutter.wonders.MainActivity" name="wonderous"/>

	<!-- WPGen -->
	<item class="net.glsk.wpgen.ColorsActivity" name="wpgen"/>

	<!-- XAPK Installer -->
	<item class="com.apkpure.installer.MainActivity" name="xapk_installer"/>

	<!-- Xmind -->
	<item class="net.xmind.doughnut.MainActivity" name="xmind"/>

	<!-- Yacine TV -->
	<item class="dev.pankaj.yacinetv.ui.splash.SplashActivity" name="yacine_tv"/>

	<!-- Yandex Start -->
	<item class="ru.yandex.searchplugin.MainActivity" name="yandex_start"/>

	<!-- YMusic -->
	<item class="com.kapp.youtube.ui.MainActivity" name="ymusic"/>

	<!-- YTV PRO -->
	<item class="dev.pankaj.ytvplayer.ui.MainActivity" name="ytv_pro"/>

	<!-- Z-Lib -->
	<item class="com.positron_it.zlib.ui.splash.SplashActivity" name="z_lib"/>

	<!-- zFont 3 -->
	<item class="com.htetznaing.zfont4.MainActivity" name="zfont_3"/>

	<!-- zumba classic deluxe -->
	<item class="com.pack.puzzle.MainActivity" name="zumba_classic_deluxe"/>

	<!-- أخطاء المناسك -->
	<item class="info.androidhive.tabsswipe.DashboardActivity" name="أخطاء_المناسك"/>

	<!-- الأربعون النووية -->
	<item class="com.eqra.forty_hadith_of_nawawi.MainActivity" name="الأربعون_النووية"/>

	<!-- الأربعون النووية -->
	<item class="com.reda.nawawiforty.Main" name="الأربعون_النووية"/>

	<!-- الألباني للحديث -->
	<item class="com.linkconnects.albani.MainActivity" name="الألباني_للحديث"/>

	<!-- التحدي السري -->
	<item class="com.tableknightgames.secretchallenge.Main" name="التحدي_السري"/>

	<!-- الداء والدواء -->
	<item class="com.obooks.daedawe.MainActivity" name="الداء_والدواء"/>

	<!-- العمدة في أعمال الحج والعمرة -->
	<item class="crc6412cbe87764b3c3ec.MainActivity" name="العمدة_في_أعمال_الحج_والعمرة"/>

	<!-- الفقة الميسر -->
	<item class="com.dizzlr.fiqh.___________" name="الفقة_الميسر"/>

	<!-- الكشـَّــاف -->
	<item class="com.arabia_it.kashaf.activities.SplashActivity" name="الكشَّاف"/>

	<!-- المجموع الثمين -->
	<item class="com.futuregroup.islamhouse.fatawa.ui.activity.SplashActivity" name="المجموع_الثمين"/>

	<!-- المنتقى من فتاوى الشيخ الفوزان -->
	<item class="com.wahid.fawzan.model.SplashActivity" name="المنتقى_من_فتاوى_الشيخ_الفوزان"/>

	<!-- الموسوعة الحديثية -->
	<item class="com.zad.hadith.MainActivity" name="الموسوعة_الحديثية"/>

	<!-- برا السالفة -->
	<item class="com.tableknightgames.barraalsalfah.Main" name="برا_السالفة"/>

	<!-- ثلاثة الأصول وأدلتها -->
	<item class="el3ilmChar3iMinAhlih.al_oussoul_thalatha.MainActivity" name="ثلاثة_الأصول_وأدلتها"/>

	<!-- جامع الأربعينيات الحديثية -->
	<item class="forties.rasoulallah.net.SplashActivity" name="جامع_الأربعينيات_الحديثية"/>

	<!-- جامع الصحيحين -->
	<item class="com.almaalem_ye.jamea_alsahiheen.MainActivity" name="جامع_الصحيحين"/>

	<!-- جامع الكتب التسعة -->
	<item class="com.arabiait.sunna.MainActivity" name="جامع_الكتب_التسعة"/>

	<!-- سيمودراما -->
	<item class="com.newpk.cimodrama.SplashActivity" name="سيمودراما"/>

	<!-- شرح الزاد لابن عثيمين -->
	<item class="zad.arabiait.com.zad.Splash" name="شرح_الزاد_لابن_عثيمين"/>

	<!-- غريب القرآن -->
	<item class="com.ghareb.quran.Main" name="غريب_القرآن"/>

	<!-- فتاوى ابن تيمية Fatawa ibn Taymia -->
	<item class="my.smartech.grandlibrary.ui.SplashActivity" name="فتاوى_ابن_تيمية_fatawa_ibn_taymia"/>

	<!-- فتاوى الشيخ ابن عثيمين -->
	<item class="com.arabiait.fatawaothaimeen.ui.Splash" name="فتاوى_الشيخ_ابن_عثيمين"/>

	<!-- فتاوى الصلاة -->
	<item class="com.fatwaalsalah.MainActivity" name="فتاوى_الصلاة"/>

	<!-- فتاوى الصيام والزكاة -->
	<item class="com.fatwa.MainActivity" name="فتاوى_الصيام_والزكاة"/>

	<!-- فتاوى العلامة مقبل الوادعي -->
	<item class="com.wahid.muqbel.Activities.SplashActivity" name="فتاوى_العلامة_مقبل_الوادعي"/>

	<!-- كتب -->
	<item class="org.hindawi.booksapp.MainActivity" name="كتب"/>

	<!-- كتب متون طالب العلم -->
	<item class="com.enseyab.MotoonBooks.MainActivity" name="كتب_متون_طالب_العلم"/>

	<!-- مؤلفات السعدي -->
	<item class="com.arabia_it.alsaady.MainActivity" name="مؤلفات_السعدي"/>

	<!-- مؤلفات الشيخ صالج الفوزان -->
	<item class="com.jader.Alsheikh.MainActivity" name="مؤلفات_الشيخ_صالج_الفوزان"/>

	<!-- مؤلفات الشيخ صالح بن غانم السدلان -->
	<item class="com.jader.AlsheikhSaleh.MainActivity" name="مؤلفات_الشيخ_صالح_بن_غانم_السدلان"/>

	<!-- متون التجويد -->
	<item class="xsupermu.iesnaad.mtoon_altajweed.MainActivity" name="متون_التجويد"/>

	<!-- مسائل تهم المسلمين -->
	<item class="com.islamhouse.masaelmoslemen.presentation.ui.activites.SplashActivty" name="مسائل_تهم_المسلمين"/>

	<!-- مسابقة الإمام الأوزاعي -->
	<item class="com.hamid.awzaie.spasss" name="مسابقة_الإمام_الأوزاعي"/>

	<!-- مصحف الكويت -->
	<item class="com.ryanheise.audioservice.AudioServiceActivity" name="مصحف_الكويت"/>

	<!-- مصحف المدينة -->
	<item class="com.embarcadero.firemonkey.FMXNativeActivity" name="مصحف_المدينة"/>

	<!-- معجم العرب -->
	<item class="com.ristekmuslim.mujamarob.MainActivity" name="معجم_العرب"/>

	<!-- مكتبة الشيخ بن وهف القحطاني -->
	<item class="com.mowahedin.alqalam.ui.modules.activities.splash.SplashActivity" name="مكتبة_الشيخ_بن_وهف_القحطاني"/>

	<!-- ميسّر المتون -->
	<item class="crc64b3fa5e15b81c3e69.MainActivity" name="ميسّر_المتون"/>

	<!-- نبض -->
	<item class="com.waveline.nabd.StartActivity" name="نبض"/>

	<!-- هنداوي قصائد -->
	<item class="com.nagwa.poems.ui.splash.SplashActivity" name="هنداوي_قصائد"/>

</appmap>