<resources>

	<!-- Adobe Express -->
	<item component="ComponentInfo{com.adobe.spark.post/com.adobe.spark.view.main.SplashActivity}" drawable="adobe_express" />

	<!-- Adobe Photoshop Express -->
	<item component="ComponentInfo{com.adobe.psmobile/com.adobe.psmobile.MainActivity}" drawable="adobe_photoshop_express" />

	<!-- Cálculo de préstamos -->
	<item component="ComponentInfo{com.pixelsdo.kredihesaplama/com.pixelsdo.kredihesaplama.MainActivity}" drawable="calculo_de_prestamos" />

	<!-- Descargador de video -->
	<item component="ComponentInfo{video.downloader.videodownloader/video.downloader.videodownloader.activity.MainActivity}" drawable="descargador_de_video" />

	<!-- Galería -->
	<item component="ComponentInfo{org.fossify.gallery/org.fossify.gallery.activities.SplashActivity.Green}" drawable="galeria" />

	<!-- Grabadora -->
	<item component="ComponentInfo{com.google.android.apps.recorder/com.google.android.apps.recorder.ui.recordings.MainActivity}" drawable="grabadora" />

	<!-- i2pd -->
	<item component="ComponentInfo{org.purplei2p.i2pd/org.purplei2p.i2pd.I2PDPermsAskerActivity}" drawable="i2pd" />

	<!-- ImageSearchMan -->
	<item component="ComponentInfo{sansunsen3.imagesearcher/sansunsen3.imagesearcher.activity.MainActivity}" drawable="imagesearchman" />

	<!-- Kwai -->
	<item component="ComponentInfo{com.kwai.kuaishou.video.live/com.yxcorp.gifshow.homepage.HomeActivity}" drawable="kwai" />

	<!-- Linux Command Library -->
	<item component="ComponentInfo{com.inspiredandroid.linuxcommandbibliotheca/com.inspiredandroid.linuxcommandbibliotheca.MainActivity}" drawable="linux_command_library" />

	<!-- Logo Designer -->
	<item component="ComponentInfo{splendid.logomaker.designer/com.poster.postermaker.ui.view.Startup.StartupActivity}" drawable="logo_designer" />

	<!-- Mercado Libre -->
	<item component="ComponentInfo{com.mercadolibre/com.mercadolibre.splash.SplashActivity}" drawable="mercado_libre" />

	<!-- Mercado Pago -->
	<item component="ComponentInfo{com.mercadopago.wallet/com.mercadopago.wallet.splash.SplashActivity}" drawable="mercado_pago" />

	<!-- Mi Unefon -->
	<item component="ComponentInfo{com.att.miunefonmx/com.comviva.webaxn.ui.WebAxnActivity}" drawable="mi_unefon" />

	<!-- Movie! Plus -->
	<item component="ComponentInfo{com.dvex.movp/com.dvex.movp.A$I}" drawable="movie_plus" />

	<!-- Orbot -->
	<item component="ComponentInfo{org.torproject.android/org.torproject.android.OrbotActivity}" drawable="orbot" />

	<!-- PhotoDirector -->
	<item component="ComponentInfo{com.cyberlink.photodirector/com.cyberlink.photodirector.SplashActivity}" drawable="photodirector" />

	<!-- Photoleap -->
	<item component="ComponentInfo{com.lightricks.photoleap/com.lightricks.photoleap.MainActivity}" drawable="photoleap" />

	<!-- PhotoRoom -->
	<item component="ComponentInfo{com.photoroom.app/com.photoroom.application.LaunchActivity}" drawable="photoroom" />

	<!-- PipePipe -->
	<item component="ComponentInfo{InfinityLoop1309.NewPipeEnhanced/org.schabi.newpipe.MainActivity}" drawable="pipepipe" />

	<!-- Spin by OXXO -->
	<item component="ComponentInfo{com.pagopopmobile/com.pagopopmobile.MainActivity}" drawable="spin_by_oxxo" />

	<!-- Spotube -->
	<item component="ComponentInfo{oss.krtirtho.spotube/com.ryanheise.audioservice.AudioServiceActivity}" drawable="spotube" />

	<!-- URL Cleaner -->
	<item component="ComponentInfo{com.svenjacobs.app.leon/com.svenjacobs.app.leon.MainActivity}" drawable="url_cleaner" />

	<!-- VIMAGE -->
	<item component="ComponentInfo{com.vimage.android/com.vimage.vimageapp.SplashActivity}" drawable="vimage" />

	<!-- Wallcraft -->
	<item component="ComponentInfo{com.wallpaperscraft.wallpaper/com.wallpaperscraft.wallpaper.feature.main.MainActivity}" drawable="wallcraft" />

</resources>