<appmap>

	<!-- Adobe Express -->
	<item class="com.adobe.spark.view.main.SplashActivity" name="adobe_express"/>

	<!-- Adobe Photoshop Express -->
	<item class="com.adobe.psmobile.MainActivity" name="adobe_photoshop_express"/>

	<!-- Cálculo de préstamos -->
	<item class="com.pixelsdo.kredihesaplama.MainActivity" name="calculo_de_prestamos"/>

	<!-- Descargador de video -->
	<item class="video.downloader.videodownloader.activity.MainActivity" name="descargador_de_video"/>

	<!-- Galería -->
	<item class="org.fossify.gallery.activities.SplashActivity.Green" name="galeria"/>

	<!-- Grabadora -->
	<item class="com.google.android.apps.recorder.ui.recordings.MainActivity" name="grabadora"/>

	<!-- i2pd -->
	<item class="org.purplei2p.i2pd.I2PDPermsAskerActivity" name="i2pd"/>

	<!-- ImageSearchMan -->
	<item class="sansunsen3.imagesearcher.activity.MainActivity" name="imagesearchman"/>

	<!-- Kwai -->
	<item class="com.yxcorp.gifshow.homepage.HomeActivity" name="kwai"/>

	<!-- Linux Command Library -->
	<item class="com.inspiredandroid.linuxcommandbibliotheca.MainActivity" name="linux_command_library"/>

	<!-- Logo Designer -->
	<item class="com.poster.postermaker.ui.view.Startup.StartupActivity" name="logo_designer"/>

	<!-- Mercado Libre -->
	<item class="com.mercadolibre.splash.SplashActivity" name="mercado_libre"/>

	<!-- Mercado Pago -->
	<item class="com.mercadopago.wallet.splash.SplashActivity" name="mercado_pago"/>

	<!-- Mi Unefon -->
	<item class="com.comviva.webaxn.ui.WebAxnActivity" name="mi_unefon"/>

	<!-- Movie! Plus -->
	<item class="com.dvex.movp.A$I" name="movie_plus"/>

	<!-- Orbot -->
	<item class="org.torproject.android.OrbotActivity" name="orbot"/>

	<!-- PhotoDirector -->
	<item class="com.cyberlink.photodirector.SplashActivity" name="photodirector"/>

	<!-- Photoleap -->
	<item class="com.lightricks.photoleap.MainActivity" name="photoleap"/>

	<!-- PhotoRoom -->
	<item class="com.photoroom.application.LaunchActivity" name="photoroom"/>

	<!-- PipePipe -->
	<item class="org.schabi.newpipe.MainActivity" name="pipepipe"/>

	<!-- Spin by OXXO -->
	<item class="com.pagopopmobile.MainActivity" name="spin_by_oxxo"/>

	<!-- Spotube -->
	<item class="com.ryanheise.audioservice.AudioServiceActivity" name="spotube"/>

	<!-- URL Cleaner -->
	<item class="com.svenjacobs.app.leon.MainActivity" name="url_cleaner"/>

	<!-- VIMAGE -->
	<item class="com.vimage.vimageapp.SplashActivity" name="vimage"/>

	<!-- Wallcraft -->
	<item class="com.wallpaperscraft.wallpaper.feature.main.MainActivity" name="wallcraft"/>

</appmap>