<Theme version="1">

	<!-- Adobe Express -->
	<AppIcon name="com.adobe.spark.post/com.adobe.spark.view.main.SplashActivity" image="adobe_express"/>

	<!-- Adobe Photoshop Express -->
	<AppIcon name="com.adobe.psmobile/com.adobe.psmobile.MainActivity" image="adobe_photoshop_express"/>

	<!-- Cálculo de préstamos -->
	<AppIcon name="com.pixelsdo.kredihesaplama/com.pixelsdo.kredihesaplama.MainActivity" image="calculo_de_prestamos"/>

	<!-- Descargador de video -->
	<AppIcon name="video.downloader.videodownloader/video.downloader.videodownloader.activity.MainActivity" image="descargador_de_video"/>

	<!-- Galería -->
	<AppIcon name="org.fossify.gallery/org.fossify.gallery.activities.SplashActivity.Green" image="galeria"/>

	<!-- Grabadora -->
	<AppIcon name="com.google.android.apps.recorder/com.google.android.apps.recorder.ui.recordings.MainActivity" image="grabadora"/>

	<!-- i2pd -->
	<AppIcon name="org.purplei2p.i2pd/org.purplei2p.i2pd.I2PDPermsAskerActivity" image="i2pd"/>

	<!-- ImageSearchMan -->
	<AppIcon name="sansunsen3.imagesearcher/sansunsen3.imagesearcher.activity.MainActivity" image="imagesearchman"/>

	<!-- Kwai -->
	<AppIcon name="com.kwai.kuaishou.video.live/com.yxcorp.gifshow.homepage.HomeActivity" image="kwai"/>

	<!-- Linux Command Library -->
	<AppIcon name="com.inspiredandroid.linuxcommandbibliotheca/com.inspiredandroid.linuxcommandbibliotheca.MainActivity" image="linux_command_library"/>

	<!-- Logo Designer -->
	<AppIcon name="splendid.logomaker.designer/com.poster.postermaker.ui.view.Startup.StartupActivity" image="logo_designer"/>

	<!-- Mercado Libre -->
	<AppIcon name="com.mercadolibre/com.mercadolibre.splash.SplashActivity" image="mercado_libre"/>

	<!-- Mercado Pago -->
	<AppIcon name="com.mercadopago.wallet/com.mercadopago.wallet.splash.SplashActivity" image="mercado_pago"/>

	<!-- Mi Unefon -->
	<AppIcon name="com.att.miunefonmx/com.comviva.webaxn.ui.WebAxnActivity" image="mi_unefon"/>

	<!-- Movie! Plus -->
	<AppIcon name="com.dvex.movp/com.dvex.movp.A$I" image="movie_plus"/>

	<!-- Orbot -->
	<AppIcon name="org.torproject.android/org.torproject.android.OrbotActivity" image="orbot"/>

	<!-- PhotoDirector -->
	<AppIcon name="com.cyberlink.photodirector/com.cyberlink.photodirector.SplashActivity" image="photodirector"/>

	<!-- Photoleap -->
	<AppIcon name="com.lightricks.photoleap/com.lightricks.photoleap.MainActivity" image="photoleap"/>

	<!-- PhotoRoom -->
	<AppIcon name="com.photoroom.app/com.photoroom.application.LaunchActivity" image="photoroom"/>

	<!-- PipePipe -->
	<AppIcon name="InfinityLoop1309.NewPipeEnhanced/org.schabi.newpipe.MainActivity" image="pipepipe"/>

	<!-- Spin by OXXO -->
	<AppIcon name="com.pagopopmobile/com.pagopopmobile.MainActivity" image="spin_by_oxxo"/>

	<!-- Spotube -->
	<AppIcon name="oss.krtirtho.spotube/com.ryanheise.audioservice.AudioServiceActivity" image="spotube"/>

	<!-- URL Cleaner -->
	<AppIcon name="com.svenjacobs.app.leon/com.svenjacobs.app.leon.MainActivity" image="url_cleaner"/>

	<!-- VIMAGE -->
	<AppIcon name="com.vimage.android/com.vimage.vimageapp.SplashActivity" image="vimage"/>

	<!-- Wallcraft -->
	<AppIcon name="com.wallpaperscraft.wallpaper/com.wallpaperscraft.wallpaper.feature.main.MainActivity" image="wallcraft"/>

</Theme>