<resources>

	<!-- AyuGram -->
	<item component="ComponentInfo{com.radolyn.ayugram/com.exteragram.messenger.DefaultIcon}" drawable="ayugram" />

	<!-- Bloons TD 6 -->
	<item component="ComponentInfo{com.ninjakiwi.bloonstd6/com.unity3d.player.UnityPlayerActivity}" drawable="bloons_td_6" />

	<!-- Camera -->
	<item component="ComponentInfo{com.agc.gcam91/com.android.camera.CameraLauncher}" drawable="camera" />

	<!-- Capital One Canada -->
	<item component="ComponentInfo{ca.capitalone.enterprisemobilebanking/com.capitalone.mobile.wallet.launch.SplashActivity}" drawable="capital_one_canada" />

	<!-- ColorBlendr -->
	<item component="ComponentInfo{com.drdisagree.colorblendr/com.drdisagree.colorblendr.ui.activities.SplashActivity}" drawable="colorblendr" />

	<!-- Gallery -->
	<item component="ComponentInfo{org.lineageos.glimpse/org.lineageos.glimpse.MainActivity}" drawable="gallery" />

	<!-- Hearthstone -->
	<item component="ComponentInfo{com.blizzard.wtcg.hearthstone/com.blizzard.wtcg.hearthstone.HearthstoneActivity}" drawable="hearthstone" />

	<!-- Hide My Applist -->
	<item component="ComponentInfo{com.tsng.hidemyapplist/com.tsng.hidemyapplist.MainActivityLauncher}" drawable="hide_my_applist" />

	<!-- Hunter -->
	<item component="ComponentInfo{com.zhenxi.hunter/com.zhenxi.hunter.MainActivity}" drawable="hunter" />

	<!-- Key Attestation -->
	<item component="ComponentInfo{io.github.vvb2060.keyattestation/io.github.vvb2060.keyattestation.home.HomeActivity}" drawable="key_attestation" />

	<!-- KOHO -->
	<item component="ComponentInfo{ca.koho/ca.koho.MainActivity}" drawable="koho" />

	<!-- Leafythings -->
	<item component="ComponentInfo{com.leafythings.app/com.zoontek.rnbootsplash.RNBootSplashActivity}" drawable="leafythings" />

	<!-- Magisk Detector -->
	<item component="ComponentInfo{io.github.vvb2060.magiskdetector/io.github.vvb2060.magiskdetector.MainActivity}" drawable="magisk_detector" />

	<!-- MemoryDetector -->
	<item component="ComponentInfo{io.github.huskydg.memorydetector/io.github.huskydg.memorydetector.MainActivity}" drawable="memorydetector" />

	<!-- MMRL -->
	<item component="ComponentInfo{com.dergoogler.mmrl/com.dergoogler.mmrl.MainActivity}" drawable="mmrl" />

	<!-- Momo -->
	<item component="ComponentInfo{io.github.vvb2060.mahoshojo/io.github.vvb2060.mahoshojo.home.HomeActivity}" drawable="momo" />

	<!-- MRepo -->
	<item component="ComponentInfo{com.sanmer.mrepo/com.sanmer.mrepo.ui.activity.MainActivity}" drawable="mrepo" />

	<!-- Native Detector -->
	<item component="ComponentInfo{com.reveny.nativecheck/com.reveny.nativecheck.ui.activity.MainActivity}" drawable="native_detector" />

	<!-- Native Test -->
	<item component="ComponentInfo{icu.nullptr.nativetest/android.app.NativeActivity}" drawable="native_test" />

	<!-- Oprek Detector -->
	<item component="ComponentInfo{com.godevelopers.OprekCek/com.godevelopers.main.MainActivity}" drawable="oprek_detector" />

	<!-- Pixel Launcher Mods -->
	<item component="ComponentInfo{com.kieronquinn.app.pixellaunchermods/com.kieronquinn.app.pixellaunchermods.ui.activities.MainActivity}" drawable="pixel_launcher_mods" />

	<!-- Pixel Xpert -->
	<item component="ComponentInfo{sh.siava.pixelxpert/sh.siava.pixelxpert.SplashScreenActivityNormalIcon}" drawable="pixel_xpert" />

	<!-- Remote ATV -->
	<item component="ComponentInfo{tech.simha.androidtvremote/tech.simha.androidtvremote.MainActivity}" drawable="remote_atv" />

	<!-- RootBeer Sample -->
	<item component="ComponentInfo{com.scottyab.rootbeer.sample/com.scottyab.rootbeer.sample.MainActivity}" drawable="rootbeer_sample" />

	<!-- Ruru -->
	<item component="ComponentInfo{com.byxiaorun.detector/com.byxiaorun.detector.MainActivity}" drawable="ruru" />

	<!-- RVX Music -->
	<item component="ComponentInfo{ytm.rvx.noname.exe/com.google.android.apps.youtube.music.activities.MusicActivity}" drawable="rvx_music" />

	<!-- SafeCheck -->
	<item component="ComponentInfo{com.ysh.hookapkverify/com.ysh.hookapkverify.MainActivity}" drawable="safecheck" />

	<!-- SD Maid SE -->
	<item component="ComponentInfo{eu.darken.sdmse/eu.darken.sdmse.main.ui.MainActivity}" drawable="sd_maid_se" />

	<!-- Starlink -->
	<item component="ComponentInfo{com.starlink.mobile/com.starlink.mobile.MainActivity}" drawable="starlink" />

	<!-- TB Checker -->
	<item component="ComponentInfo{krypton.tbsafetychecker/krypton.tbsafetychecker.main.MainActivity}" drawable="tb_checker" />

	<!-- Unchained -->
	<item component="ComponentInfo{com.github.livingwithhippos.unchained/com.github.livingwithhippos.unchained.base.MainActivity}" drawable="unchained" />

	<!-- Vectras VM -->
	<item component="ComponentInfo{com.vectras.vm/com.vectras.vm.SplashActivity}" drawable="vectras_vm" />

</resources>