<Theme version="1">

	<!-- AyuGram -->
	<AppIcon name="com.radolyn.ayugram/com.exteragram.messenger.DefaultIcon" image="ayugram"/>

	<!-- Bloons TD 6 -->
	<AppIcon name="com.ninjakiwi.bloonstd6/com.unity3d.player.UnityPlayerActivity" image="bloons_td_6"/>

	<!-- Camera -->
	<AppIcon name="com.agc.gcam91/com.android.camera.CameraLauncher" image="camera"/>

	<!-- Capital One Canada -->
	<AppIcon name="ca.capitalone.enterprisemobilebanking/com.capitalone.mobile.wallet.launch.SplashActivity" image="capital_one_canada"/>

	<!-- ColorBlendr -->
	<AppIcon name="com.drdisagree.colorblendr/com.drdisagree.colorblendr.ui.activities.SplashActivity" image="colorblendr"/>

	<!-- Gallery -->
	<AppIcon name="org.lineageos.glimpse/org.lineageos.glimpse.MainActivity" image="gallery"/>

	<!-- Hearthstone -->
	<AppIcon name="com.blizzard.wtcg.hearthstone/com.blizzard.wtcg.hearthstone.HearthstoneActivity" image="hearthstone"/>

	<!-- Hide My Applist -->
	<AppIcon name="com.tsng.hidemyapplist/com.tsng.hidemyapplist.MainActivityLauncher" image="hide_my_applist"/>

	<!-- Hunter -->
	<AppIcon name="com.zhenxi.hunter/com.zhenxi.hunter.MainActivity" image="hunter"/>

	<!-- Key Attestation -->
	<AppIcon name="io.github.vvb2060.keyattestation/io.github.vvb2060.keyattestation.home.HomeActivity" image="key_attestation"/>

	<!-- KOHO -->
	<AppIcon name="ca.koho/ca.koho.MainActivity" image="koho"/>

	<!-- Leafythings -->
	<AppIcon name="com.leafythings.app/com.zoontek.rnbootsplash.RNBootSplashActivity" image="leafythings"/>

	<!-- Magisk Detector -->
	<AppIcon name="io.github.vvb2060.magiskdetector/io.github.vvb2060.magiskdetector.MainActivity" image="magisk_detector"/>

	<!-- MemoryDetector -->
	<AppIcon name="io.github.huskydg.memorydetector/io.github.huskydg.memorydetector.MainActivity" image="memorydetector"/>

	<!-- MMRL -->
	<AppIcon name="com.dergoogler.mmrl/com.dergoogler.mmrl.MainActivity" image="mmrl"/>

	<!-- Momo -->
	<AppIcon name="io.github.vvb2060.mahoshojo/io.github.vvb2060.mahoshojo.home.HomeActivity" image="momo"/>

	<!-- MRepo -->
	<AppIcon name="com.sanmer.mrepo/com.sanmer.mrepo.ui.activity.MainActivity" image="mrepo"/>

	<!-- Native Detector -->
	<AppIcon name="com.reveny.nativecheck/com.reveny.nativecheck.ui.activity.MainActivity" image="native_detector"/>

	<!-- Native Test -->
	<AppIcon name="icu.nullptr.nativetest/android.app.NativeActivity" image="native_test"/>

	<!-- Oprek Detector -->
	<AppIcon name="com.godevelopers.OprekCek/com.godevelopers.main.MainActivity" image="oprek_detector"/>

	<!-- Pixel Launcher Mods -->
	<AppIcon name="com.kieronquinn.app.pixellaunchermods/com.kieronquinn.app.pixellaunchermods.ui.activities.MainActivity" image="pixel_launcher_mods"/>

	<!-- Pixel Xpert -->
	<AppIcon name="sh.siava.pixelxpert/sh.siava.pixelxpert.SplashScreenActivityNormalIcon" image="pixel_xpert"/>

	<!-- Remote ATV -->
	<AppIcon name="tech.simha.androidtvremote/tech.simha.androidtvremote.MainActivity" image="remote_atv"/>

	<!-- RootBeer Sample -->
	<AppIcon name="com.scottyab.rootbeer.sample/com.scottyab.rootbeer.sample.MainActivity" image="rootbeer_sample"/>

	<!-- Ruru -->
	<AppIcon name="com.byxiaorun.detector/com.byxiaorun.detector.MainActivity" image="ruru"/>

	<!-- RVX Music -->
	<AppIcon name="ytm.rvx.noname.exe/com.google.android.apps.youtube.music.activities.MusicActivity" image="rvx_music"/>

	<!-- SafeCheck -->
	<AppIcon name="com.ysh.hookapkverify/com.ysh.hookapkverify.MainActivity" image="safecheck"/>

	<!-- SD Maid SE -->
	<AppIcon name="eu.darken.sdmse/eu.darken.sdmse.main.ui.MainActivity" image="sd_maid_se"/>

	<!-- Starlink -->
	<AppIcon name="com.starlink.mobile/com.starlink.mobile.MainActivity" image="starlink"/>

	<!-- TB Checker -->
	<AppIcon name="krypton.tbsafetychecker/krypton.tbsafetychecker.main.MainActivity" image="tb_checker"/>

	<!-- Unchained -->
	<AppIcon name="com.github.livingwithhippos.unchained/com.github.livingwithhippos.unchained.base.MainActivity" image="unchained"/>

	<!-- Vectras VM -->
	<AppIcon name="com.vectras.vm/com.vectras.vm.SplashActivity" image="vectras_vm"/>

</Theme>