<resources>

	<!-- Галерея -->
	<item component="ComponentInfo{com.gallery20/com.gallery20.activities.GalleryActivity}" drawable="галерея" />

	<!-- Диктофон -->
	<item component="ComponentInfo{com.transsion.soundrecorder/com.transsion.soundrecorder.SoundRecorder}" drawable="диктофон" />

	<!-- Календарь -->
	<item component="ComponentInfo{com.transsion.calendar/com.android.calendar.AllInOneActivity}" drawable="календарь" />

	<!-- Калькулятор -->
	<item component="ComponentInfo{com.transsion.calculator/com.transsion.calculator.Calculator}" drawable="калькулятор" />

	<!-- Камера -->
	<item component="ComponentInfo{com.transsion.camera/com.android.camera.CameraLauncher}" drawable="камера" />

	<!-- Карты -->
	<item component="ComponentInfo{ru.yandex.yandexmaps/ru.yandex.yandexmaps.SplashScreen}" drawable="карты" />

	<!-- Клонирование телефона -->
	<item component="ComponentInfo{com.transsion.letswitch/com.transsion.letswitch.MainActivity}" drawable="клонирование_телефона" />

	<!-- ОК -->
	<item component="ComponentInfo{ru.ok.android/ru.ok.android.ui.activity.main.OdklActivity}" drawable="ок" />

	<!-- Плеер Visha -->
	<item component="ComponentInfo{com.transsion.magicshow/com.transsion.magicmovie.activity.TRSplashActivity}" drawable="плеер_visha" />

	<!-- Погода -->
	<item component="ComponentInfo{com.rlk.weathers/com.rlk.weathers.ui.main.MainActivity}" drawable="погода" />

	<!-- Ренессанс -->
	<item component="ComponentInfo{cz.bsc.rc/ru.rencredit.authorization.splash.presentation.SplashActivity}" drawable="ренессанс" />

	<!-- Телефон -->
	<item component="ComponentInfo{com.sh.smart.caller/com.android.dialer.main.impl.MainActivity}" drawable="телефон" />

	<!-- Умное сканирование -->
	<item component="ComponentInfo{com.transsion.scanningrecharger/com.transsion.scanningrecharger.view.activity.SplashActivity}" drawable="умное_сканирование" />

	<!-- Часы -->
	<item component="ComponentInfo{com.transsion.deskclock/com.transsion.deskclock.DeskClock}" drawable="часы" />

	<!-- ЯндексGo -->
	<item component="ComponentInfo{ru.yandex.taxi/ru.yandex.taxi.activity.StartActivity}" drawable="яндексgo" />

	<!-- Carlcare -->
	<item component="ComponentInfo{com.transsion.carlcare/com.transsion.carlcare.MainActivity}" drawable="carlcare" />

	<!-- Element X -->
	<item component="ComponentInfo{io.element.android.x/io.element.android.x.MainActivity}" drawable="element_x" />

	<!-- Farlight 84 -->
	<item component="ComponentInfo{com.miraclegames.farlight84/com.epicgames.ue4.SplashActivity}" drawable="farlight_84" />

	<!-- Free Fire -->
	<item component="ComponentInfo{com.dts.freefireth/com.dts.freefireth.FFMainActivity}" drawable="free_fire" />

	<!-- HiParty -->
	<item component="ComponentInfo{com.transsion.hiparty/com.transsion.hiparty.WelcomeActivity}" drawable="hiparty" />

	<!-- maxim 🚕 -->
	<item component="ComponentInfo{com.taxsee.taxsee/com.taxsee.taxsee.ui.activities.SplashScreen}" drawable="maxim_🚕" />

	<!-- Mir Pay -->
	<item component="ComponentInfo{ru.nspk.mirpay/ru.nspk.mirpay.b34rqwEd1vSkvA}" drawable="mir_pay" />

	<!-- My Health -->
	<item component="ComponentInfo{com.transsion.healthlife/com.transsion.healthlife.view.WelcomeActivity}" drawable="my_health" />

	<!-- Race Max Pro -->
	<item component="ComponentInfo{game.revani.racemaxpro/com.unity3d.player.UnityPlayerActivity}" drawable="race_max_pro" />

	<!-- Soplay -->
	<item component="ComponentInfo{com.transsion.beez/com.transsion.tempo.ui.SplashActivity}" drawable="soplay" />

	<!-- VK -->
	<item component="ComponentInfo{com.vkontakte.android/com.vk.android.launcher.icons.IconAlias.DefaultIcon}" drawable="vk" />

</resources>