<appmap>

	<!-- Галерея -->
	<item class="com.gallery20.activities.GalleryActivity" name="галерея"/>

	<!-- Диктофон -->
	<item class="com.transsion.soundrecorder.SoundRecorder" name="диктофон"/>

	<!-- Календарь -->
	<item class="com.android.calendar.AllInOneActivity" name="календарь"/>

	<!-- Калькулятор -->
	<item class="com.transsion.calculator.Calculator" name="калькулятор"/>

	<!-- Камера -->
	<item class="com.android.camera.CameraLauncher" name="камера"/>

	<!-- Карты -->
	<item class="ru.yandex.yandexmaps.SplashScreen" name="карты"/>

	<!-- Клонирование телефона -->
	<item class="com.transsion.letswitch.MainActivity" name="клонирование_телефона"/>

	<!-- ОК -->
	<item class="ru.ok.android.ui.activity.main.OdklActivity" name="ок"/>

	<!-- Плеер Visha -->
	<item class="com.transsion.magicmovie.activity.TRSplashActivity" name="плеер_visha"/>

	<!-- Погода -->
	<item class="com.rlk.weathers.ui.main.MainActivity" name="погода"/>

	<!-- Ренессанс -->
	<item class="ru.rencredit.authorization.splash.presentation.SplashActivity" name="ренессанс"/>

	<!-- Телефон -->
	<item class="com.android.dialer.main.impl.MainActivity" name="телефон"/>

	<!-- Умное сканирование -->
	<item class="com.transsion.scanningrecharger.view.activity.SplashActivity" name="умное_сканирование"/>

	<!-- Часы -->
	<item class="com.transsion.deskclock.DeskClock" name="часы"/>

	<!-- ЯндексGo -->
	<item class="ru.yandex.taxi.activity.StartActivity" name="яндексgo"/>

	<!-- Carlcare -->
	<item class="com.transsion.carlcare.MainActivity" name="carlcare"/>

	<!-- Element X -->
	<item class="io.element.android.x.MainActivity" name="element_x"/>

	<!-- Farlight 84 -->
	<item class="com.epicgames.ue4.SplashActivity" name="farlight_84"/>

	<!-- Free Fire -->
	<item class="com.dts.freefireth.FFMainActivity" name="free_fire"/>

	<!-- HiParty -->
	<item class="com.transsion.hiparty.WelcomeActivity" name="hiparty"/>

	<!-- maxim 🚕 -->
	<item class="com.taxsee.taxsee.ui.activities.SplashScreen" name="maxim_🚕"/>

	<!-- Mir Pay -->
	<item class="ru.nspk.mirpay.b34rqwEd1vSkvA" name="mir_pay"/>

	<!-- My Health -->
	<item class="com.transsion.healthlife.view.WelcomeActivity" name="my_health"/>

	<!-- Race Max Pro -->
	<item class="com.unity3d.player.UnityPlayerActivity" name="race_max_pro"/>

	<!-- Soplay -->
	<item class="com.transsion.tempo.ui.SplashActivity" name="soplay"/>

	<!-- VK -->
	<item class="com.vk.android.launcher.icons.IconAlias.DefaultIcon" name="vk"/>

</appmap>