<resources>

	<!-- 3C All-in-One Toolbox -->
	<item component="ComponentInfo{ccc71.at.free/ccc71.at.at_main_popup}" drawable="_3c_all_in_one_toolbox" />

	<!-- Alexandria -->
	<item component="ComponentInfo{io.github.aloussase.booksdownloader/io.github.aloussase.booksdownloader.ui.MainActivity}" drawable="alexandria" />

	<!-- Camera -->
	<item component="ComponentInfo{com.mediatek.camera/com.mediatek.camera.CameraLauncher}" drawable="camera" />

	<!-- Clean Time App -->
	<item component="ComponentInfo{com.redrobotit.cleantimeapp/com.redrobotit.cleantimeapp.HomeActivity}" drawable="clean_time_app" />

	<!-- drupe -->
	<item component="ComponentInfo{mobi.drupe.app/mobi.drupe.app.boarding.BoardingMActivity}" drawable="drupe" />

	<!-- drupe dialer -->
	<item component="ComponentInfo{mobi.drupe.app/mobi.drupe.app.DialerIconActivity}" drawable="drupe_dialer" />

	<!-- Emerald Dialer -->
	<item component="ComponentInfo{ru.henridellal.dialer/ru.henridellal.dialer.DialerActivity}" drawable="emerald_dialer" />

	<!-- Meetings -->
	<item component="ComponentInfo{org.na.naapp/org.na.naapp.MainActivity}" drawable="meetings" />

	<!-- NetSpeed Indicator -->
	<item component="ComponentInfo{com.paget96.netspeedindicator/com.paget96.netspeedindicator.activities.SplashScreen}" drawable="netspeed_indicator" />

</resources>