<Theme version="1">

	<!-- 3C All-in-One Toolbox -->
	<AppIcon name="ccc71.at.free/ccc71.at.at_main_popup" image="_3c_all_in_one_toolbox"/>

	<!-- Alexandria -->
	<AppIcon name="io.github.aloussase.booksdownloader/io.github.aloussase.booksdownloader.ui.MainActivity" image="alexandria"/>

	<!-- Camera -->
	<AppIcon name="com.mediatek.camera/com.mediatek.camera.CameraLauncher" image="camera"/>

	<!-- Clean Time App -->
	<AppIcon name="com.redrobotit.cleantimeapp/com.redrobotit.cleantimeapp.HomeActivity" image="clean_time_app"/>

	<!-- drupe -->
	<AppIcon name="mobi.drupe.app/mobi.drupe.app.boarding.BoardingMActivity" image="drupe"/>

	<!-- drupe dialer -->
	<AppIcon name="mobi.drupe.app/mobi.drupe.app.DialerIconActivity" image="drupe_dialer"/>

	<!-- Emerald Dialer -->
	<AppIcon name="ru.henridellal.dialer/ru.henridellal.dialer.DialerActivity" image="emerald_dialer"/>

	<!-- Meetings -->
	<AppIcon name="org.na.naapp/org.na.naapp.MainActivity" image="meetings"/>

	<!-- NetSpeed Indicator -->
	<AppIcon name="com.paget96.netspeedindicator/com.paget96.netspeedindicator.activities.SplashScreen" image="netspeed_indicator"/>

</Theme>