<resources>

	<!-- (F-Droid) kDI -->
	<item component="ComponentInfo{com.oF2pks.kalturadeviceinfos/com.oF2pks.kalturadeviceinfos.MainActivity}" drawable="_f_droid_kdi" />

	<!-- (F-Droid) kDI -->
	<item component="ComponentInfo{com.oF2pks.kalturadeviceinfos/com.oF2pks.applicationsinfo.MainActivity}" drawable="_f_droid_kdi" />

	<!-- 1&1 Mail -->
	<item component="ComponentInfo{de.eue.mobile.android.mail/com.unitedinternet.portal.ui.HostActivity}" drawable="_1_and_1_mail" />

	<!-- 1&1 TV -->
	<item component="ComponentInfo{com.einsundeinstv.player/com.zattoo.mobile.MobileActivity}" drawable="_1_and_1_tv" />

	<!-- 116117.app -->
	<item component="ComponentInfo{de.kvdigital.nfa/de.kvdigital.nfa.ui.splash.SplashActivity}" drawable="_116117app" />

	<!-- 2048 -->
	<item component="ComponentInfo{com.uberspot.a2048/com.uberspot.a2048.MainActivity}" drawable="_2048" />

	<!-- 3DMark -->
	<item component="ComponentInfo{com.futuremark.dmandroid.application/com.futuremark.flamenco.ui.splash.SplashPageActivity}" drawable="_3dmark" />

	<!-- 3sat-Mediathek -->
	<item component="ComponentInfo{com.mediathek_3sat.android/com.mediathek_3sat.android.MainActivity}" drawable="_3sat_mediathek" />

	<!-- AccumPDF -->
	<item component="ComponentInfo{com.org.jvp7.accumulator_pdfcreator/com.org.jvp7.accumulator_pdfcreator.Start_Activity}" drawable="accumpdf" />

	<!-- Achim -->
	<item component="ComponentInfo{com.denishepting.achimarbeit/com.denishepting.achimarbeit.MainActivity}" drawable="achim" />

	<!-- Action -->
	<item component="ComponentInfo{com.action.consumerapp/com.action.consumerapp.MainActivity}" drawable="action" />

	<!-- AdBlock für Samsung Internet -->
	<item component="ComponentInfo{com.betafish.adblocksbrowser/org.adblockplus.adblockplussbrowser.app.ui.LauncherActivity}" drawable="adblock_fur_samsung_internet" />

	<!-- AdCap! -->
	<item component="ComponentInfo{com.kongregate.mobile.adventurecapitalist.google/com.unity3d.player.UnityPlayerActivity}" drawable="adcap_" />

	<!-- AdClear Content Blocker -->
	<item component="ComponentInfo{com.seven.adclear.fsb/com.adclear.contentblocker.ui.splash.SplashActivity}" drawable="adclear_content_blocker" />

	<!-- Advanzia -->
	<item component="ComponentInfo{com.advanzia.mobile/com.advanzia.mobile.MainActivity}" drawable="advanzia" />

	<!-- AdVenture Ages -->
	<item component="ComponentInfo{ca.hyperhippo.adventureages/com.unity3d.player.UnityPlayerActivity}" drawable="adventure_ages" />

	<!-- AdVenture Communist -->
	<item component="ComponentInfo{com.kongregate.mobile.adventurecommunist.google/com.unity3d.player.UnityPlayerActivity}" drawable="adventure_communist" />

	<!-- AirGuard -->
	<item component="ComponentInfo{de.seemoo.at_tracking_detection.release/de.seemoo.at_tracking_detection.ui.MainActivity}" drawable="airguard" />

	<!-- ALDI SÜD -->
	<item component="ComponentInfo{de.apptiv.business.android.aldi_de/de.apptiv.business.android.aldi_at_ahead.presentation.screens.splash.SplashActivity}" drawable="aldi_sud" />

	<!-- Alibaba.com -->
	<item component="ComponentInfo{com.alibaba.intl.android.apps.poseidon/com.alibaba.intl.android.apps.poseidon.app.activity.ActivityMainMaterial}" drawable="alibabacom" />

	<!-- ALL.com -->
	<item component="ComponentInfo{com.accor.appli.hybrid/com.accor.app.splashscreen.view.SplashScreenActivitySilver}" drawable="allcom" />

	<!-- Alovoa -->
	<item component="ComponentInfo{com.alovoa.expo/com.alovoa.expo.MainActivity}" drawable="alovoa" />

	<!-- Amazon Kids+ -->
	<item component="ComponentInfo{com.amazon.tahoe.freetime/com.amazon.tahoe.react.LoadingActivity}" drawable="amazon_kids_" />

	<!-- Android Device Info -->
	<item component="ComponentInfo{com.infernus.androiddeviceinfo/com.infernus.androiddeviceinfo.activities.MainActivity}" drawable="android_device_info" />

	<!-- Android TV -->
	<item component="ComponentInfo{com.google.android.tv.remote/com.google.android.tv.remote.RemoteActivity}" drawable="android_tv" />

	<!-- AnkiApp -->
	<item component="ComponentInfo{com.ankiapp.client/com.ankiapp.client.MainActivity}" drawable="ankiapp" />

	<!-- AnkiDroid -->
	<item component="ComponentInfo{com.ichi2.anki/com.ichi2.anki.IntentHandler}" drawable="ankidroid" />

	<!-- AnkiPro -->
	<item component="ComponentInfo{com.vedasapps.flashcards/com.vedasapps.flashcards.MainActivity}" drawable="ankipro" />

	<!-- ANOTHERpass -->
	<item component="ComponentInfo{de.jepfa.yapm/de.jepfa.yapm.ui.credential.ListCredentialsActivity}" drawable="anotherpass" />

	<!-- anybill -->
	<item component="ComponentInfo{de.anybill.anybill_mobile_app/de.anybill.anybill_mobile_app.MainActivity}" drawable="anybill" />

	<!-- AnyDesk -->
	<item component="ComponentInfo{com.anydesk.anydeskandroid/com.anydesk.anydeskandroid.gui.activity.MainActivity}" drawable="anydesk" />

	<!-- APK Explorer & Editor -->
	<item component="ComponentInfo{com.apk.editor/com.apk.editor.activities.StartActivity}" drawable="apk_explorer_and_editor" />

	<!-- apotheke -->
	<item component="ComponentInfo{de.meineapotheke.app/de.meineapotheke.app.MainActivity}" drawable="apotheke" />

	<!-- App-Launcher -->
	<item component="ComponentInfo{com.simplemobiletools.applauncher/com.simplemobiletools.applauncher.activities.SplashActivity.Light_green}" drawable="app_launcher" />

	<!-- ARD Audiothek -->
	<item component="ComponentInfo{de.ard.audiothek/de.ard.audiothek.MainActivity}" drawable="ard_audiothek" />

	<!-- ARD Mediathek -->
	<item component="ComponentInfo{de.swr.avp.ard/de.ard.ardmediathek.ui.main.MainActivity}" drawable="ard_mediathek" />

	<!-- ARTE -->
	<item component="ComponentInfo{tv.arte.plus7/tv.arte.plus7.mobile.presentation.home.HomeActivityPortraitMobile}" drawable="arte" />

	<!-- Arts & Culture -->
	<item component="ComponentInfo{com.google.android.apps.cultural/com.google.android.apps.cultural.web.WebViewActivity}" drawable="arts_and_culture" />

	<!-- Ärzteblatt -->
	<item component="ComponentInfo{de.aerzteblatt.tablet/de.aerzteblatt.tablet.MainActivity}" drawable="arzteblatt" />

	<!-- Asphalt Xtreme -->
	<item component="ComponentInfo{com.netflix.NGP.AsphaltXtreme/com.netflix.NGP.AsphaltXtreme.MainActivity}" drawable="asphalt_xtreme" />

	<!-- Audials Play -->
	<item component="ComponentInfo{com.audials/com.audials.main.SplashScreenActivity}" drawable="audials_play" />

	<!-- Audiobooks -->
	<item component="ComponentInfo{com.deezer.audiobooks/com.deezer.audiobooks.mod_1_presentation.activity.splash.SplashActivity}" drawable="audiobooks" />

	<!-- Automate -->
	<item component="ComponentInfo{com.llamalab.automate/com.llamalab.automate.FlowListActivity}" drawable="automate" />

	<!-- Automatische Transkription -->
	<item component="ComponentInfo{com.google.audio.hearing.visualization.accessibility.scribe/com.google.audio.hearing.visualization.accessibility.scribe.LauncherActivity}" drawable="automatische_transkription" />

	<!-- Bahnhof live -->
	<item component="ComponentInfo{de.deutschebahn.bahnhoflive/de.deutschebahn.bahnhoflive.ui.hub.HubActivity}" drawable="bahnhof_live" />

	<!-- barq -->
	<item component="ComponentInfo{com.furryapp/com.furryapp.MainActivity}" drawable="barq" />

	<!-- BBC iPlayer -->
	<item component="ComponentInfo{bbc.iplayer.android/uk.co.bbc.iplayer.startup.StartupActivity}" drawable="bbc_iplayer" />

	<!-- Before Your Eyes -->
	<item component="ComponentInfo{com.netflix.NGP.BeforeYourEyes/com.bkom.NativeUtils.NativeUtilsMainActivity}" drawable="before_your_eyes" />

	<!-- benefits -->
	<item component="ComponentInfo{de.corporatebenefits.app/de.corporatebenefits.app.SetupActivity}" drawable="benefits" />

	<!-- Benefits.me -->
	<item component="ComponentInfo{de.ticketsprinter.mitarbeiteraktionen.production/de.ticketsprinter.mitarbeiteraktionen.presentation.ui.OnboardingActivity}" drawable="benefitsme" />

	<!-- BigBusTours -->
	<item component="ComponentInfo{com.bigbustours.bbt/com.bigbustours.bbt.splash.SplashActivity}" drawable="bigbustours" />

	<!-- Binance -->
	<item component="ComponentInfo{com.binance.dev/com.binance.launcher.activities.main.MainActivity}" drawable="binance" />

	<!-- Bitpanda -->
	<item component="ComponentInfo{com.bitpanda.bitpanda/com.bitpanda.feature.onboarding.authentication.impl.ui.RoutingActivity}" drawable="bitpanda" />

	<!-- BlaBlaCar -->
	<item component="ComponentInfo{com.comuto/com.comuto.proxy.ProxyActivity}" drawable="blablacar" />

	<!-- Blockchain Wallet -->
	<item component="ComponentInfo{com.samsung.android.scryptowallet/com.samsung.android.scryptowallet.views.SplashActivity}" drawable="blockchain_wallet" />

	<!-- blockpit -->
	<item component="ComponentInfo{io.blockpit.sentryv3/io.blockpit.sentryv3.MainActivity}" drawable="blockpit" />

	<!-- Bluesky -->
	<item component="ComponentInfo{xyz.blueskyweb.app/xyz.blueskyweb.app.MainActivity}" drawable="bluesky" />

	<!-- bofrost* -->
	<item component="ComponentInfo{com.bofrost/com.bofrost.MainActivity}" drawable="bofrost_" />

	<!-- BookBeat -->
	<item component="ComponentInfo{com.bookbeat.android/com.bookbeat.android.home.HomeTabBarActivity}" drawable="bookbeat" />

	<!-- Bookshelf -->
	<item component="ComponentInfo{com.vitalsource.bookshelf/com.vitalsource.bookshelf.Views.LoginActivity}" drawable="bookshelf" />

	<!-- Bowling Ballers -->
	<item component="ComponentInfo{com.netflix.NGP.BowlingBallers/com.unity3d.player.UnityPlayerActivity}" drawable="bowling_ballers" />

	<!-- Box -->
	<item component="ComponentInfo{com.box.android/com.box.android.activities.login.SplashScreenActivity}" drawable="box" />

	<!-- Boxcryptor -->
	<item component="ComponentInfo{com.boxcryptor2.android/boxcryptor.legacy.mvvm.presession.PreSessionActivity}" drawable="boxcryptor" />

	<!-- BRAINYOO Karteikarten -->
	<item component="ComponentInfo{com.brainyoo.brainyoo2/com.brainyoo.brainyoo2.BYActivity}" drawable="brainyoo_karteikarten" />

	<!-- Buienradar -->
	<item component="ComponentInfo{com.supportware.Buienradar/nl.rtl.buienradar.main.MainActivity}" drawable="buienradar" />

	<!-- bunq -->
	<item component="ComponentInfo{com.bunq.android/com.bunq.android.ui.activity.SplashScreenActivity}" drawable="bunq" />

	<!-- Burger King -->
	<item component="ComponentInfo{de.burgerking.kingfinder/rbi.android.app.MainActivity}" drawable="burger_king" />

	<!-- Busuu -->
	<item component="ComponentInfo{com.busuu.android.enc/com.busuu.android.bootstrap.presentation.BootStrapActivity}" drawable="busuu" />

	<!-- C24 Bank -->
	<item component="ComponentInfo{de.c24.bankapp/de.check24.c24.pages.startup.SplashScreenActivity}" drawable="c24_bank" />

	<!-- Calm -->
	<item component="ComponentInfo{com.calm.android/com.calm.android.ui.splash.SplashActivity}" drawable="calm" />

	<!-- CamCov -->
	<item component="ComponentInfo{ryey.camcov/ryey.camcov.SettingsActivity}" drawable="camcov" />

	<!-- Camera360 -->
	<item component="ComponentInfo{vStudio.Android.Camera360/vStudio.Android.Camera360.activity.CameraActivity}" drawable="camera360" />

	<!-- Canon Print Service -->
	<item component="ComponentInfo{jp.co.canon.android.printservice.plugin/jp.co.canon.android.printservice.plugin.WalkThroughActivity}" drawable="canon_print_service" />

	<!-- Capital.com -->
	<item component="ComponentInfo{com.capital.trading/com.capital.trading.MainActivity}" drawable="capitalcom" />

	<!-- CHECK24 -->
	<item component="ComponentInfo{de.check24.check24/de.check24.check24.activities.Check24Activity}" drawable="check24" />

	<!-- Checker -->
	<item component="ComponentInfo{eu.europa.publications.foodchecker/eu.europa.publications.foodchecker.MainActivity}" drawable="checker" />

	<!-- Chefkoch -->
	<item component="ComponentInfo{de.pixelhouse/de.pixelhouse.chefkoch.app.screen.MainActivity}" drawable="chefkoch" />

	<!-- Chimpy -->
	<item component="ComponentInfo{com.battereapp/host.exp.exponent.MainActivity}" drawable="chimpy" />

	<!-- Cloud -->
	<item component="ComponentInfo{com.unitedinternet.portal.android.onlinestorage.eue/com.unitedinternet.portal.android.onlinestorage.application.activity.NewSmartDriveActivity}" drawable="cloud" />

	<!-- Coinbase -->
	<item component="ComponentInfo{com.coinbase.android/com.coinbase.android.LaunchActivity}" drawable="coinbase" />

	<!-- CoinMarketCap -->
	<item component="ComponentInfo{com.coinmarketcap.android/com.coinmarketcap.android.LaunchActivity}" drawable="coinmarketcap" />

	<!-- Connect -->
	<item component="ComponentInfo{com.garmin.android.apps.connectmobile/com.garmin.android.apps.connectmobile.GCMActivityStartup}" drawable="connect" />

	<!-- Control-Center -->
	<item component="ComponentInfo{com.oneandone.controlcenter/com.oneandone.controlcenter.ControlCenter}" drawable="control_center" />

	<!-- Cookie Clicker -->
	<item component="ComponentInfo{org.dashnet.cookieclicker/org.dashnet.cookieclicker.MainActivity}" drawable="cookie_clicker" />

	<!-- Coolblue -->
	<item component="ComponentInfo{eu.coolblue.shop/eu.coolblue.shop.presentation.splash.SplashActivity}" drawable="coolblue" />

	<!-- Crowdsource -->
	<item component="ComponentInfo{com.google.android.apps.village.boond/com.google.android.apps.crowdsource.beetle.MainActivity}" drawable="crowdsource" />

	<!-- Cryptomator -->
	<item component="ComponentInfo{org.cryptomator/org.cryptomator.presentation.ui.activity.SplashActivity}" drawable="cryptomator" />

	<!-- Curawork -->
	<item component="ComponentInfo{webviewgold.curawork/webviewgold.curawork.MainActivity}" drawable="curawork" />

	<!-- Dankeschön -->
	<item component="ComponentInfo{com.simplemobiletools.thankyou/com.simplemobiletools.thankyou.activities.SplashActivity.Orange}" drawable="dankeschon" />

	<!-- DartCounter -->
	<item component="ComponentInfo{com.dartcounter.mobile/com.dartcounter.app.MainActivity}" drawable="dartcounter" />

	<!-- Das Örtliche -->
	<item component="ComponentInfo{de.dasoertliche.android/de.dasoertliche.android.activities.IntroActivity}" drawable="das_ortliche" />

	<!-- DB NRWay -->
	<item component="ComponentInfo{com.mentz.bvr_cibo_app/com.mentz.bvr_cibo_app.MainActivity}" drawable="db_nrway" />

	<!-- Deezer -->
	<item component="ComponentInfo{deezer.android.app/com.deezer.android.ui.activity.LauncherActivity}" drawable="deezer" />

	<!-- Desta -->
	<item component="ComponentInfo{com.netflix.NGP.ProjectDesta/com.unity3d.player.UnityPlayerActivity}" drawable="desta" />

	<!-- DeutschlandCard -->
	<item component="ComponentInfo{de.deutschlandcard.app/de.deutschlandcard.app.ui.LaunchActivity}" drawable="deutschlandcard" />

	<!-- Deutschlandticket -->
	<item component="ComponentInfo{de.mobilityinside.Deutschlandticket/com.moovel.mobility.screens.main.splash.SplashActivity}" drawable="deutschlandticket" />

	<!-- Digitale Hausapotheke -->
	<item component="ComponentInfo{de.digitale_hausapotheke.digitalehausapotheke/de.digitalehausapotheke.digitalehausapothekeflutter.MainActivity}" drawable="digitale_hausapotheke" />

	<!-- Digitales Wohlbef. -->
	<item component="ComponentInfo{com.samsung.android.forest/com.samsung.android.forest.launcher.LauncherActivity}" drawable="digitales_wohlbef" />

	<!-- DKV-TheGame -->
	<item component="ComponentInfo{com.Tunermaxx.DKVTheGame/com.unity3d.player.UnityPlayerActivity}" drawable="dkv_thegame" />

	<!-- Dlf Audiothek -->
	<item component="ComponentInfo{de.deutschlandfunk.dlfaudiothek/de.deutschlandradio.app.MainActivity}" drawable="dlf_audiothek" />

	<!-- Dominoes Cafe -->
	<item component="ComponentInfo{com.netflix.NGP.DominoesCafe/com.gazeus.dominoes.cafe.MainActivity}" drawable="dominoes_cafe" />

	<!-- Dragon Up -->
	<item component="ComponentInfo{com.netflix.NGP.DragonUp/com.unity3d.player.UnityPlayerActivity}" drawable="dragon_up" />

	<!-- Druckdienste-Plug-In von Samsung -->
	<item component="ComponentInfo{com.sec.app.samsungprintservice/com.sec.mobileprint.printservice.plugin.ui.launcher.view.LauncherActivity}" drawable="druckdienste_plug_in_von_samsung" />

	<!-- dTicket -->
	<item component="ComponentInfo{com.mobimeo.mi.bogestra.bochum/com.moovel.mobility.screens.main.splash.SplashActivity}" drawable="dticket" />

	<!-- Dungeon Dwarves -->
	<item component="ComponentInfo{com.netflix.NGP.DungeonDwarves/com.unity3d.player.UnityPlayerActivity}" drawable="dungeon_dwarves" />

	<!-- DW -->
	<item component="ComponentInfo{com.idmedia.android.newsportal/de.dw.mobile.shared.activities.SplashActivity}" drawable="dw" />

	<!-- E-POST -->
	<item component="ComponentInfo{de.epost.epostapp/de.epost.epostapp.shared.views.startup.StartActivity_}" drawable="e_post" />

	<!-- E-Rezept -->
	<item component="ComponentInfo{de.gematik.ti.erp.app/de.gematik.ti.erp.app.MainActivity}" drawable="e_rezept" />

	<!-- E-Rezept APP -->
	<item component="ComponentInfo{com.erezeptapp.app6845jj/com.erezeptapp.app6845jj.MainActivity}" drawable="e_rezept_app" />

	<!-- Earthquake Alert! -->
	<item component="ComponentInfo{com.joshclemm.android.quake/com.joshclemm.android.quake.EarthquakeAlert}" drawable="earthquake_alert_" />

	<!-- Edeka -->
	<item component="ComponentInfo{de.edeka.genuss/edeka.digital.app.edeka2020.ui.SplashActivity}" drawable="edeka" />

	<!-- EGYM Fitness -->
	<item component="ComponentInfo{com.netpulse.mobile.netpulsefitness/com.netpulse.mobile.Launcher.PhysioUndPravention}" drawable="egym_fitness" />

	<!-- Einkommen und Verbrauch -->
	<item component="ComponentInfo{de.nrw.it.einkommenverbrauch/de.nrw.it.einkommenverbrauch.MainActivity}" drawable="einkommen_und_verbrauch" />

	<!-- Eismann -->
	<item component="ComponentInfo{de.eismann/de.eismann.ui.intro.SplashScreen}" drawable="eismann" />

	<!-- Elektroverse -->
	<item component="ComponentInfo{energy.octopus.electricjuice.android/com.octopus.electricjuice.LauncherActivity}" drawable="elektroverse" />

	<!-- ElsterSecure -->
	<item component="ComponentInfo{de.elster.elstersecure.app/com.secunet.protect4use.app.JniActivity}" drawable="elstersecure" />

	<!-- EPRS -->
	<item component="ComponentInfo{eu.europa.publications.eprs/com.eprs.MainActivity}" drawable="eprs" />

	<!-- Erste Hilfe DRK -->
	<item component="ComponentInfo{de.bitsz.android.drkapp/de.bitsz.android.drkapp.MainMenuActivity}" drawable="erste_hilfe_drk" />

	<!-- eTicket.app -->
	<item component="ComponentInfo{app.eticket.pro/app.eticket.pro.SplashScreenActivity}" drawable="eticketapp" />

	<!-- eToro -->
	<item component="ComponentInfo{com.etoro.openbook/com.etoro.openbook.MainActivity}" drawable="etoro" />

	<!-- eToro Money -->
	<item component="ComponentInfo{com.etoro.wallet/com.etoro.wallet.MainActivity}" drawable="etoro_money" />

	<!-- EU Solidarity Corps -->
	<item component="ComponentInfo{eu.europa.publications.europeansolidaritycorps/eu.europa.publications.europeansolidaritycorps.MainActivity}" drawable="eu_solidarity_corps" />

	<!-- Eurostar -->
	<item component="ComponentInfo{com.eurostar.androidapp/com.eurostar.androidapp.MainActivity}" drawable="eurostar" />

	<!-- Expedia -->
	<item component="ComponentInfo{com.expedia.bookings/com.expedia.bookings.activity.SearchActivity}" drawable="expedia" />

	<!-- Exploding Kittens -->
	<item component="ComponentInfo{com.netflix.NGP.ExplodingKittens/com.unity3d.player.UnityPlayerActivity}" drawable="exploding_kittens" />

	<!-- F-Droid Basic -->
	<item component="ComponentInfo{org.fdroid.basic/org.fdroid.fdroid.views.main.MainActivity}" drawable="f_droid_basic" />

	<!-- F-Droid Build Status -->
	<item component="ComponentInfo{de.storchp.fdroidbuildstatus/de.storchp.fdroidbuildstatus.MainActivity}" drawable="f_droid_build_status" />

	<!-- Fake GPS -->
	<item component="ComponentInfo{com.lexa.fakegps/com.lexa.fakegps.ui.Main}" drawable="fake_gps" />

	<!-- family_link -->
	<item component="ComponentInfo{com.google.android.apps.kids.familylink/com.google.android.apps.kids.familylink.flutter.standalone.HomeActivity}" drawable="family_link" />

	<!-- FatSecret -->
	<item component="ComponentInfo{com.fatsecret.android/com.fatsecret.android.ui.activity.StartupActivity}" drawable="fatsecret" />

	<!-- FDM -->
	<item component="ComponentInfo{org.freedownloadmanager.fdm/org.freedownloadmanager.fdm.MyActivity}" drawable="fdm" />

	<!-- Feeder -->
	<item component="ComponentInfo{com.nononsenseapps.feeder/com.nononsenseapps.feeder.ui.MainActivity}" drawable="feeder" />

	<!-- Feeld -->
	<item component="ComponentInfo{co.feeld/co.feeld.Default}" drawable="feeld" />

	<!-- Filmora -->
	<item component="ComponentInfo{com.wondershare.filmorago/com.filmorago.phone.ui.SplashActivity}" drawable="filmora" />

	<!-- Fine Lock -->
	<item component="ComponentInfo{yuh.yuh.finelock/yuh.yuh.finelock.T}" drawable="fine_lock" />

	<!-- Fitbit -->
	<item component="ComponentInfo{com.fitbit.FitbitMobile/com.fitbit.FirstActivity}" drawable="fitbit" />

	<!-- FlightAware -->
	<item component="ComponentInfo{com.flightaware.android.liveFlightTracker/com.flightaware.android.liveFlightTracker.activities.MainActivity}" drawable="flightaware" />

	<!-- Flutter Butterflies -->
	<item component="ComponentInfo{com.netflix.NGP.FlutterButterflies/org.cocos2dx.lua.FlutterActivity}" drawable="flutter_butterflies" />

	<!-- Fon -->
	<item component="ComponentInfo{de.avm.android.fritzapp/de.avm.android.fritzapp.StartActivity}" drawable="fon" />

	<!-- ForgetMeNot -->
	<item component="ComponentInfo{com.odnovolov.forgetmenot/com.odnovolov.forgetmenot.presentation.common.mainactivity.MainActivity}" drawable="forgetmenot" />

	<!-- Foto-Paradies -->
	<item component="ComponentInfo{de.dm.fotoparadies/de.worldiety.cewe.cewefotowelt.ActivityCeweFotowelt}" drawable="foto_paradies" />

	<!-- Foxit PDF Editor -->
	<item component="ComponentInfo{com.foxit.mobile.pdf.lite/com.fx.app.ui.AppActivity}" drawable="foxit_pdf_editor" />

	<!-- FREE NOW -->
	<item component="ComponentInfo{taxi.android.client/taxi.android.client.feature.startup.ui.StartupActivity}" drawable="free_now" />

	<!-- FreeYourMusic -->
	<item component="ComponentInfo{com.freeyourmusic.stamp/com.freeyourmusic.stamp.MainActivity}" drawable="freeyourmusic" />

	<!-- FS 23 NETFLIX -->
	<item component="ComponentInfo{com.netflix.NGP.FarmingSimulator23/com.giantssoftware.MainActivity}" drawable="fs_23_netflix" />

	<!-- funk -->
	<item component="ComponentInfo{de.swr.juan/de.swr.juan.MobileMainActivity}" drawable="funk" />

	<!-- Galaxy Enhance-X -->
	<item component="ComponentInfo{com.samsung.android.imageenhancer/com.samsung.android.imageenhancer.MainActivity}" drawable="galaxy_enhance_x" />

	<!-- Gaming Hub -->
	<item component="ComponentInfo{com.samsung.android.game.gamehome/com.samsung.android.game.gamehome.app.MainActivity}" drawable="gaming_hub" />

	<!-- Gehirn-Training -->
	<item component="ComponentInfo{com.memory.brain.training.games/com.cube.memorygames.SplashActivity}" drawable="gehirn_training" />

	<!-- Gelbe Liste -->
	<item component="ComponentInfo{de.gelbe_liste.app/io.ionic.starter.MainActivity}" drawable="gelbe_liste" />

	<!-- GeoGuessr -->
	<item component="ComponentInfo{com.geoguessr.app/com.geoguessr.app.ui.StartActivity}" drawable="geoguessr" />

	<!-- Gerätewartung -->
	<item component="ComponentInfo{com.samsung.android.lool/com.samsung.android.sm.ui.DefaultActivity}" drawable="geratewartung" />

	<!-- gesund.de -->
	<item component="ComponentInfo{de.gesund.app/de.gesund.app.MainActivity}" drawable="gesundde" />

	<!-- Getsafe -->
	<item component="ComponentInfo{de.getsafe.nxt/de.getsafe.nxt.MainActivity}" drawable="getsafe" />

	<!-- GetYourGuide -->
	<item component="ComponentInfo{com.getyourguide.android/com.getyourguide.InitDumpActivity}" drawable="getyourguide" />

	<!-- GoAbout -->
	<item component="ComponentInfo{com.goabout.goaboutapp/com.goabout.goaboutapp.ui.activities.main.MainActivity}" drawable="goabout" />

	<!-- Google Shopping -->
	<item component="ComponentInfo{org.chromium.webapk.ae07e4936987bba18_v2/org.chromium.webapk.shell_apk.h2o.H2OOpaqueMainActivity}" drawable="google_shopping" />

	<!-- Google Umfrage-App -->
	<item component="ComponentInfo{com.google.android.apps.paidtasks/com.google.android.apps.paidtasks.activity.LaunchActivity}" drawable="google_umfrage_app" />

	<!-- GPX Viewer -->
	<item component="ComponentInfo{com.vecturagames.android.app.gpxviewer/com.vecturagames.android.app.gpxviewer.activity.MainActivity}" drawable="gpx_viewer" />

	<!-- Grasshopper -->
	<item component="ComponentInfo{com.area120.grasshopper/com.area120.grasshopper.MainActivity}" drawable="grasshopper" />

	<!-- Grundgesetz -->
	<item component="ComponentInfo{de.bpb.grundgesetz/com.example.lfranken.grundgesetzapp.MainActivity}" drawable="grundgesetz" />

	<!-- GuitarTuna -->
	<item component="ComponentInfo{com.ovelin.guitartuna/com.yousician.yousiciannative.GuitarTunaActivity}" drawable="guitartuna" />

	<!-- HandyTicket Deutschland -->
	<item component="ComponentInfo{de.hansecom.htd.android/de.hansecom.htd.android.MainActivity}" drawable="handyticket_deutschland" />

	<!-- Harmony Music -->
	<item component="ComponentInfo{com.anandnet.harmonymusic/com.ryanheise.audioservice.AudioServiceActivity}" drawable="harmony_music" />

	<!-- Heads Up! Netflix Edition -->
	<item component="ComponentInfo{com.netflix.NGP.HeadsUp2/com.unity3d.player.UnityPlayerActivity}" drawable="heads_up_netflix_edition" />

	<!-- Healico -->
	<item component="ComponentInfo{com.urgo.healico.prod/com.urgo.healico.core.root.RootActivity}" drawable="healico" />

	<!-- Health -->
	<item component="ComponentInfo{com.sec.android.app.shealth/com.samsung.android.app.shealth.home.HomeMainActivity}" drawable="health" />

	<!-- HELLO KITTY HAPPINESS PARADE -->
	<item component="ComponentInfo{com.netflix.NGP.HelloKittyHappinessParade/com.unity3d.player.UnityPlayerActivity}" drawable="hello_kitty_happiness_parade" />

	<!-- HelloFresh -->
	<item component="ComponentInfo{com.hellofresh.androidapp/com.hellofresh.androidapp.ui.flows.launch.LaunchActivity}" drawable="hellofresh" />

	<!-- Hermit -->
	<item component="ComponentInfo{com.chimbori.hermitcrab/com.chimbori.hermitcrab.AdminActivity}" drawable="hermit" />

	<!-- Hextech Mayhem -->
	<item component="ComponentInfo{com.netflix.NGP.HextechMayhem/com.unity3d.player.UnityPlayerActivity}" drawable="hextech_mayhem" />

	<!-- Hill Climb 2 -->
	<item component="ComponentInfo{com.fingersoft.hcr2/com.fingersoft.hcr2.AppActivity}" drawable="hill_climb_2" />

	<!-- Hörspiele -->
	<item component="ComponentInfo{de.sonymusic.hoerspielplayer/com.tunedglobal.presentation.initialisation.view.SplashActivity}" drawable="horspiele" />

	<!-- HRS Hotels -->
	<item component="ComponentInfo{com.hrs.b2c.android/com.hrs.android.home.SideMenuActivity}" drawable="hrs_hotels" />

	<!-- Hypatia -->
	<item component="ComponentInfo{us.spotco.malwarescanner/us.spotco.malwarescanner.MainActivity}" drawable="hypatia" />

	<!-- I care 2020 -->
	<item component="ComponentInfo{com.thieme.icare2/com.thieme.pflegepro.PlegeproSplashScreenActivity}" drawable="i_care_2020" />

	<!-- ICD Auskunft -->
	<item component="ComponentInfo{de.tk.apps.android.icd/de.tk.icdapp.SplashScreen}" drawable="icd_auskunft" />

	<!-- Icon Pack Studio -->
	<item component="ComponentInfo{ginlemon.iconpackstudio/ginlemon.iconpackstudio.editor.homeActivity.HomeActivity}" drawable="icon_pack_studio" />

	<!-- idealo Shopping -->
	<item component="ComponentInfo{de.idealo.android/de.idealo.android.MainActivity}" drawable="idealo_shopping" />

	<!-- Idle Ant Colony -->
	<item component="ComponentInfo{com.blingblinggames.antcolony/com.google.firebase.MessagingUnityPlayerActivity}" drawable="idle_ant_colony" />

	<!-- Idle Miner -->
	<item component="ComponentInfo{com.fluffyfairygames.idleminertycoon/com.appboy.unity.AppboyUnityPlayerActivity}" drawable="idle_miner" />

	<!-- Idle Shop Manager -->
	<item component="ComponentInfo{com.blingblinggames.idletycoonshopkeepers/com.google.firebase.MessagingUnityPlayerActivity}" drawable="idle_shop_manager" />

	<!-- Idle Tycoon: Space Company -->
	<item component="ComponentInfo{com.blingblinggames.idlespacecompany/com.google.firebase.MessagingUnityPlayerActivity}" drawable="idle_tycoon_space_company" />

	<!-- IHG -->
	<item component="ComponentInfo{com.ihg.apps.android/com.ihg.apps.android.activity.MainActivity}" drawable="ihg" />

	<!-- Ihre Apotheken -->
	<item component="ComponentInfo{ihre.apotheken/com.example.clickapo.MainActivity}" drawable="ihre_apotheken" />

	<!-- ImmoScout24 -->
	<item component="ComponentInfo{de.is24.android/de.is24.mobile.splash.SplashScreenActivity}" drawable="immoscout24" />

	<!-- immowelt -->
	<item component="ComponentInfo{de.immowelt.android.immobiliensuche/de.immowelt.mobile.android.iw.search.launch.LaunchActivity}" drawable="immowelt" />

	<!-- Into The Breach -->
	<item component="ComponentInfo{com.netflix.NGP.IntoTheBreach/com.netflix.NGP.IntoTheBreach.SplashActivity}" drawable="into_the_breach" />

	<!-- IntoTheDead2 -->
	<item component="ComponentInfo{com.netflix.NGP.IntoTheDead2Unleashed/com.pikpok.PikPokUnityActivity}" drawable="intothedead2" />

	<!-- Investmate -->
	<item component="ComponentInfo{com.capital.investmate/com.capital.investmate.MainActivity}" drawable="investmate" />

	<!-- Inware -->
	<item component="ComponentInfo{com.evo.inware/com.evo.inware.ui.activities.SweetHomeActivity}" drawable="inware" />

	<!-- IONOS -->
	<item component="ComponentInfo{com.oneandone.ciso.mobile.app.android/com.oneandone.ciso.mobile.app.android.authentication.ui.SplashScreenActivity}" drawable="ionos" />

	<!-- Json Genie FREE -->
	<item component="ComponentInfo{com.tuyware.jsongenie/com.tuyware.jsoneditor.Activities.MainActivity}" drawable="json_genie_free" />

	<!-- Json Viewer -->
	<item component="ComponentInfo{com.json.viewer.json.editor.file.opener/com.json.viewer.json.editor.file.opener.PrivacyActivity}" drawable="json_viewer" />

	<!-- Kahoot! -->
	<item component="ComponentInfo{no.mobitroll.kahoot.android/no.mobitroll.kahoot.android.application.SplashActivity}" drawable="kahoot_" />

	<!-- Karteikarten -->
	<item component="ComponentInfo{flashcards.words.words/flashcards.words.words.ui.base.SplashActivity}" drawable="karteikarten" />

	<!-- Karten -->
	<item component="ComponentInfo{io.walletpasses.android/io.walletpasses.android.presentation.view.activity.WalletActivity}" drawable="karten" />

	<!-- Kaufland -->
	<item component="ComponentInfo{com.kaufland.Kaufland/com.kaufland.kaufland.splash.SplashActivity}" drawable="kaufland" />

	<!-- KFC Germany -->
	<item component="ComponentInfo{com.kfc.de.mobileapp/com.kfc.de.mobileapp.SplashActivity}" drawable="kfc_germany" />

	<!-- Kindle -->
	<item component="ComponentInfo{com.amazon.kindle/com.amazon.kindle.UpgradePage}" drawable="kindle" />

	<!-- KLARTAX -->
	<item component="ComponentInfo{de.datev.timp/de.adorsys.android.timp.KtxLauncherActivity}" drawable="klartax" />

	<!-- KleveMobil -->
	<item component="ComponentInfo{kleve.rider/via.rider.features.splash.SplashActivityKt}" drawable="klevemobil" />

	<!-- Knittens -->
	<item component="ComponentInfo{com.netflix.NGP.Knittens/com.timecode.knittensinternal.KnittensMainActivity}" drawable="knittens" />

	<!-- KnowDrugs -->
	<item component="ComponentInfo{cc.phk.knowdrugs/cc.phk.knowdrugs.MainActivity}" drawable="knowdrugs" />

	<!-- Knowunity -->
	<item component="ComponentInfo{de.knowunity.app/de.knowunity.app.MainActivity}" drawable="knowunity" />

	<!-- Kochlöffel -->
	<item component="ComponentInfo{de.ncn.kochloeffel/de.ncn.kochloeffel.MainActivity}" drawable="kochloffel" />

	<!-- Kodi -->
	<item component="ComponentInfo{org.xbmc.kodi/org.xbmc.kodi.Splash}" drawable="kodi" />

	<!-- kollex -->
	<item component="ComponentInfo{de.kollex.app/de.kollex.app.MainActivity}" drawable="kollex" />

	<!-- Kraken -->
	<item component="ComponentInfo{com.kraken.invest.app/com.kraken.invest.app.MainActivity}" drawable="kraken" />

	<!-- KRZ -->
	<item component="ComponentInfo{com.netflix.NGP.KentuckyRouteZero/com.unity3d.player.UnityPlayerActivity}" drawable="krz" />

	<!-- Kurfurstengrill Kleve -->
	<item component="ComponentInfo{com.appsmart.delivery.kurfurstengrillkleve16497/de.appsmart.hermes.shell.MainActivity}" drawable="kurfurstengrill_kleve" />

	<!-- LANCH -->
	<item component="ComponentInfo{com.happy_slice.app/de.appmotion.crumz.happyslice.beta.MainActivity}" drawable="lanch" />

	<!-- LastPass -->
	<item component="ComponentInfo{com.lastpass.lpandroid/com.lastpass.lpandroid.activity.WebBrowserActivity}" drawable="lastpass" />

	<!-- Lehrmeister -->
	<item component="ComponentInfo{eu.lehrmeister/eu.lehrmeister.MainActivity}" drawable="lehrmeister" />

	<!-- Lexika -->
	<item component="ComponentInfo{de.bpb.lexika/com.example.lfranken.lexikaapp.MainActivity}" drawable="lexika" />

	<!-- Libre 3 -->
	<item component="ComponentInfo{com.freestylelibre3.app.de/com.adc.trident.app.startup.SplashActivity}" drawable="libre_3" />

	<!-- Lifesum -->
	<item component="ComponentInfo{com.sillens.shapeupclub/com.lifesum.android.main.MainActivity}" drawable="lifesum" />

	<!-- Link zu Windows -->
	<item component="ComponentInfo{com.samsung.android.mdx/com.samsung.android.mdx.windowslink.tileservice.LinkToWidowsLauncherActivityDummy}" drawable="link_zu_windows" />

	<!-- LiqCalc -->
	<item component="ComponentInfo{com.vapefactory.liqcalc.liqcalc/com.vapefactory.liqcalc.liqcalc.MainActivity}" drawable="liqcalc" />

	<!-- Little Alchemy -->
	<item component="ComponentInfo{com.sometimeswefly.littlealchemy/com.sometimeswefly.littlealchemy.LittleAlchemy}" drawable="little_alchemy" />

	<!-- LOTTO24 -->
	<item component="ComponentInfo{de.lotto24.app/de.lotto24.app.activities.MainActivity}" drawable="lotto24" />

	<!-- Lucky Luna -->
	<item component="ComponentInfo{com.netflix.NGP.LuckyLuna/com.unity3d.player.UnityPlayerActivity}" drawable="lucky_luna" />

	<!-- M64Plus FZ -->
	<item component="ComponentInfo{org.mupen64plusae.v3.fzurita/paulscode.android.mupen64plusae.SplashActivity}" drawable="m64plus_fz" />

	<!-- Magenta-Gaming -->
	<item component="ComponentInfo{de.telekom.magenta_gaming/app.qt.android.AndroidAppActivity}" drawable="magenta_gaming" />

	<!-- MagentaCLOUD -->
	<item component="ComponentInfo{com.t_systems.android.webdav/com.nmc.android.ui.LauncherActivity}" drawable="magentacloud" />

	<!-- MagentaTV -->
	<item component="ComponentInfo{de.telekom.entertaintv.smartphone/de.telekom.entertaintv.smartphone.activities.SplashActivity}" drawable="magentatv" />

	<!-- MapMyFitness -->
	<item component="ComponentInfo{com.mapmyfitness.android2/com.mapmyfitness.android.activity.core.LaunchActivity}" drawable="mapmyfitness" />

	<!-- MapMyRide -->
	<item component="ComponentInfo{com.mapmyride.android2/com.mapmyfitness.android.activity.core.LaunchActivity}" drawable="mapmyride" />

	<!-- MapMyRun -->
	<item component="ComponentInfo{com.mapmyrun.android2/com.mapmyfitness.android.activity.core.LaunchActivity}" drawable="mapmyrun" />

	<!-- MapMyWalk -->
	<item component="ComponentInfo{com.mapmywalk.android2/com.mapmyfitness.android.activity.core.LaunchActivity}" drawable="mapmywalk" />

	<!-- Measure -->
	<item component="ComponentInfo{com.google.tango.measure/com.google.vr.apps.ornament.measure.MeasureMainActivity}" drawable="measure" />

	<!-- MÁV -->
	<item component="ComponentInfo{hu.mavszk.vonatinfo/hu.mavszk.vonatinfo2.gui.activity.SplashActivity}" drawable="mav" />

	<!-- mBlock -->
	<item component="ComponentInfo{com.makeblock.mblock/com.makeblock.mblock.MainActivity}" drawable="mblock" />

	<!-- McDonald's -->
	<item component="ComponentInfo{de.mcdonalds.mcdonaldsinfoapp/com.mcdonalds.mcdcoreapp.common.activity.SplashActivity}" drawable="mcdonalds" />

	<!-- Media Rewards -->
	<item component="ComponentInfo{com.beatgridmedia.panelsync.mediarewards/com.beatgridmedia.panelsync.mediarewards.activity.OverviewActivity}" drawable="media_rewards" />

	<!-- Meeting -->
	<item component="ComponentInfo{com.teamviewer.blizz.market/com.teamviewer.blizz.market.activity.MainActivity}" drawable="meeting" />

	<!-- Mein dm -->
	<item component="ComponentInfo{de.dm.meindm.android/de.dm.meindm.android.StartActivity}" drawable="mein_dm" />

	<!-- meinALDI -->
	<item component="ComponentInfo{de.apptiv.business.android.aldi_de_ecom/de.apptiv.business.android.aldi_de_ecom.MainActivity}" drawable="meinaldi" />

	<!-- Meine Arztdokumente -->
	<item component="ComponentInfo{com.meine.arztdokumente/com.meine.arztdokumente.passcode.passcode.KanzleiAuthorizationActivity}" drawable="meine_arztdokumente" />

	<!-- MeinMagenta -->
	<item component="ComponentInfo{de.telekom.android.customercenter/com.telekom.oneapp.launcher.components.launcher.LauncherActivity}" drawable="meinmagenta" />

	<!-- Memorion -->
	<item component="ComponentInfo{com.MemorionSoft.MemorionV2/com.MemorionSoft.MemorionV2._ItemListPage}" drawable="memorion" />

	<!-- Microsoft Designer -->
	<item component="ComponentInfo{com.microsoft.designer/com.microsoft.designer.app.home.view.launch.DesignerLoginActivity}" drawable="microsoft_designer" />

	<!-- Miles & More -->
	<item component="ComponentInfo{com.plannet.milesandmoreapp/com.milesandmore.android.MainActivity}" drawable="miles_and_more" />

	<!-- Mini Metro -->
	<item component="ComponentInfo{nz.co.codepoint.minimetro/com.dinopoloclub.minimetro.nbo.LicensedActivity}" drawable="mini_metro" />

	<!-- MIX -->
	<item component="ComponentInfo{com.pinguo.edit.sdk/us.pinguo.mix.modules.splash.SplashActivity}" drawable="mix" />

	<!-- Mixin -->
	<item component="ComponentInfo{one.mixin.messenger/one.mixin.android.ui.home.MainActivity}" drawable="mixin" />

	<!-- mobil.nrw -->
	<item component="ComponentInfo{com.mentz.mobilnrw_cibo_app/com.mentz.mobilnrw_cibo_app.MainActivity}" drawable="mobilnrw" />

	<!-- Mobile Doc Scanner -->
	<item component="ComponentInfo{com.stoik.mdscan/com.stoik.mdscan.MainActivity}" drawable="mobile_doc_scanner" />

	<!-- Mobile Health -->
	<item component="ComponentInfo{de.ghs.gmh/com.generali.gmh.MainActivity}" drawable="mobile_health" />

	<!-- Monsieur Cuisine -->
	<item component="ComponentInfo{com.appfarms.monsieurcuisine/com.appfarms.monsieurcuisine.activities.SplashScreenActivity}" drawable="monsieur_cuisine" />

	<!-- Monyx wallet -->
	<item component="ComponentInfo{com.monyx.wallet/com.monyx.wallet.splashscreen.SplashActivity}" drawable="monyx_wallet" />

	<!-- MSDefender -->
	<item component="ComponentInfo{com.microsoft.scmx/com.microsoft.defender.ux.activity.MDMainActivity}" drawable="msdefender" />

	<!-- Muliser -->
	<item component="ComponentInfo{app.muliser.app.android.prod/app.muliser.app.MainActivity}" drawable="muliser" />

	<!-- MusicBrainz -->
	<item component="ComponentInfo{org.metabrainz.android/org.metabrainz.android.ui.screens.dashboard.DashboardActivity}" drawable="musicbrainz" />

	<!-- myBOB -->
	<item component="ComponentInfo{de.radiobob.radio/com.computerrock.radiolikemee.ui.intro.IntroActivity}" drawable="mybob" />

	<!-- mydealz -->
	<item component="ComponentInfo{com.tippingcanoe.mydealz/com.pepper.apps.android.presentation.MainActivityDarkIcon}" drawable="mydealz" />

	<!-- myDVG Bus & Bahn -->
	<item component="ComponentInfo{de.vrr.dvgmobileapp/de.vrr.dvgmobileapp.MainActivity}" drawable="mydvg_bus_and_bahn" />

	<!-- MyFRITZ! -->
	<item component="ComponentInfo{de.avm.android.myfritz2/de.avm.android.one.activities.StartActivity}" drawable="myfritz_" />

	<!-- Myprotein -->
	<item component="ComponentInfo{com.thehutgroup.ecommerce.myprotein/com.thehutgroup.ecommerce.MainActivity}" drawable="myprotein" />

	<!-- N26 -->
	<item component="ComponentInfo{de.number26.android/de.number26.machete.android.refactor.presentation.settings.customize_icon.launch_aliases.PrideActivityLauncher}" drawable="n26" />

	<!-- Nailed It! -->
	<item component="ComponentInfo{com.netflix.NGP.NailedIt/com.unity3d.player.UnityPlayerActivity}" drawable="nailed_it_" />

	<!-- Nect Wallet -->
	<item component="ComponentInfo{com.nect.app.prod/com.nect.dashboard.ui.MainActivity}" drawable="nect_wallet" />

	<!-- Netto-App -->
	<item component="ComponentInfo{com.valuephone.vpnetto/de.netto.b2c.activity.FragmentActivity}" drawable="netto_app" />

	<!-- News -->
	<item component="ComponentInfo{com.google.android.apps.magazines/com.google.apps.dots.android.app.activity.CurrentsStartActivity}" drawable="news" />

	<!-- News Media Scan -->
	<item component="ComponentInfo{com.dw.ooniprobe/org.openobservatory.ooniprobe.activity.MainActivity}" drawable="news_media_scan" />

	<!-- Nexa -->
	<item component="ComponentInfo{me.creasis.reader/me.creasis.reader.MainActivity}" drawable="nexa" />

	<!-- Nextory -->
	<item component="ComponentInfo{com.gtl.nextory/com.gtl.nextory.login.LoginActivity}" drawable="nextory" />

	<!-- NFS Most Wanted -->
	<item component="ComponentInfo{com.ea.games.nfs13_row/com.ea.ironmonkey.GameActivity}" drawable="nfs_most_wanted" />

	<!-- NIAG App -->
	<item component="ComponentInfo{de.vrr.niagmobileapp/de.vrr.niagmobileapp.MainActivity}" drawable="niag_app" />

	<!-- Nitter -->
	<item component="ComponentInfo{com.plexer0.nitter/com.plexer0.nitter.MainActivity}" drawable="nitter" />

	<!-- nora -->
	<item component="ComponentInfo{de.noranotruf/com.zoontek.rnbootsplash.RNBootSplashActivity}" drawable="nora" />

	<!-- NordVPN -->
	<item component="ComponentInfo{com.nordvpn.android/com.nordvpn.android.mobile.MainActivity}" drawable="nordvpn" />

	<!-- Norton 360 -->
	<item component="ComponentInfo{com.symantec.mobilesecurity/com.norton.n360.SplashActivity}" drawable="norton_360" />

	<!-- Norton Identity -->
	<item component="ComponentInfo{com.symantec.lifelock.memberapp/com.lifelock.memberapp.ui.main.MainActivity}" drawable="norton_identity" />

	<!-- Noteshelf -->
	<item component="ComponentInfo{com.fluidtouch.noteshelf2/com.fluidtouch.noteshelf.commons.ui.FTSplashScreenActivity}" drawable="noteshelf" />

	<!-- NotiStar -->
	<item component="ComponentInfo{com.samsung.systemui.notilus/com.samsung.systemui.notilus.NotiCenterPage}" drawable="notistar" />

	<!-- Notebook -->
	<item component="ComponentInfo{com.zoho.notebook/com.zoho.notebook.activities.NoteBookActivity}" drawable="notebook" />

	<!-- Nova Video Player -->
	<item component="ComponentInfo{org.courville.nova/org.courville.nova.browser.BrowserActivityVideo}" drawable="nova_video_player" />

	<!-- NS -->
	<item component="ComponentInfo{nl.ns.android.activity/nl.ns.android.activity.start.StartActivity}" drawable="ns" />

	<!-- NS International -->
	<item component="ComponentInfo{nl.nshispeed/de.hafas.main.HafasApp}" drawable="ns_international" />

	<!-- Nui -->
	<item component="ComponentInfo{care.nui/care.nui.MainActivity}" drawable="nui" />

	<!-- Nunti -->
	<item component="ComponentInfo{com.nunti/com.nunti.MainActivity}" drawable="nunti" />

	<!-- Nuri (ex Bitwala) -->
	<item component="ComponentInfo{com.bitwala.app/com.bitwala.app.MainActivity}" drawable="nuri_ex_bitwala_" />

	<!-- Octopus -->
	<item component="ComponentInfo{energy.octopus.octopusenergy.android/mobile.kraken.android.FlapjackMainActivity}" drawable="octopus" />

	<!-- Online-Arzt -->
	<item component="ComponentInfo{com.curalie.telearzt/com.curalie.telearzt.MainActivity}" drawable="online_arzt" />

	<!-- OnlyFans -->
	<item component="ComponentInfo{org.chromium.webapk.ad0a0ada11172c40e_v2/org.chromium.webapk.shell_apk.h2o.H2OOpaqueMainActivity}" drawable="onlyfans" />

	<!-- OONI Probe -->
	<item component="ComponentInfo{org.openobservatory.ooniprobe/org.openobservatory.ooniprobe.activity.MainActivity}" drawable="ooni_probe" />

	<!-- Open Mind -->
	<item component="ComponentInfo{de.app.innovators.open_mind/de.app.innovators.open_mind.MainActivity}" drawable="open_mind" />

	<!-- openHAB Beta -->
	<item component="ComponentInfo{org.openhab.habdroid.beta/org.openhab.habdroid.ui.MainActivity}" drawable="openhab_beta" />

	<!-- ORF TVthek -->
	<item component="ComponentInfo{com.nousguide.android.orftvthek/com.nousguide.android.orftvthek.MainActivity}" drawable="orf_tvthek" />

	<!-- OV-chipkaart -->
	<item component="ComponentInfo{nl.tls.ovchip/nl.tls.ovchip.ui.activities.MainActivity}" drawable="ov_chipkaart" />

	<!-- OverDrive -->
	<item component="ComponentInfo{com.overdrive.mobile.android.mediaconsole/com.overdrive.mobile.android.mediaconsole.Activity_Splash}" drawable="overdrive" />

	<!-- ovos play Demo -->
	<item component="ComponentInfo{at.demo.ovosplay/at.demo.ovosplay.MainActivity}" drawable="ovos_play_demo" />

	<!-- PApp -->
	<item component="ComponentInfo{com.rwthaachen.papp/com.rwthaachen.papp.SplashActivity}" drawable="papp" />

	<!-- Paramount+ -->
	<item component="ComponentInfo{com.cbs.ca/com.paramount.android.pplus.splash.mobile.integration.SplashActivity}" drawable="paramount_" />

	<!-- Parookaville -->
	<item component="ComponentInfo{de.parookaville/com.greencopper.app.MainActivity}" drawable="parookaville" />

	<!-- Passenger Rights -->
	<item component="ComponentInfo{eu.europa.publications.passengerrights/com.prma.MainActivity}" drawable="passenger_rights" />

	<!-- Pay with Rewards -->
	<item component="ComponentInfo{com.mastercard.paywithrewards/com.mastercard.paywithrewards.init.InitActivity}" drawable="pay_with_rewards" />

	<!-- PAYBACK -->
	<item component="ComponentInfo{de.payback.client.android/de.payback.app.ui.main.MainActivity}" drawable="payback" />

	<!-- paysafecard -->
	<item component="ComponentInfo{at.paysafecard.android/at.paysafecard.android.LauncherActivity}" drawable="paysafecard" />

	<!-- Perplexity -->
	<item component="ComponentInfo{ai.perplexity.app.android/ai.perplexity.app.android.ui.main.MainActivity}" drawable="perplexity" />

	<!-- Pflege -->
	<item component="ComponentInfo{de.elsevier.pflegeapp/com.mobelite.emee.ui.misc.SplashActivity}" drawable="pflege" />

	<!-- Pflege Trainer -->
	<item component="ComponentInfo{de.lecommsulting.pfmf/de.abiquiz.ui.ActivitySplash}" drawable="pflege_trainer" />

	<!-- Pflege-Examen -->
	<item component="ComponentInfo{com.pflege.examenstrainer/com.example.flutterskeleton.MainActivity}" drawable="pflege_examen" />

	<!-- Pflege-Examen -->
	<item component="ComponentInfo{de.kreawiverlag.pflegewissen/de.kreawiverlag.mobile.android.ikreawi.activities.InitActivity}" drawable="pflege_examen" />

	<!-- Pflegecampus -->
	<item component="ComponentInfo{de.pflegecampus.app/de.pflegecampus.app.presentation.MainActivity}" drawable="pflegecampus" />

	<!-- PhApp -->
	<item component="ComponentInfo{de.rwth_aachen.phapp/com.rwthaachen.papp.SplashActivity}" drawable="phapp" />

	<!-- Photoshop Express -->
	<item component="ComponentInfo{com.adobe.psmobile/com.adobe.psmobile.SplashScreen}" drawable="photoshop_express" />

	<!-- Picnic -->
	<item component="ComponentInfo{com.picnic.android/com.picnic.android.ui.activity.SplashActivity}" drawable="picnic" />

	<!-- Pixel Legends -->
	<item component="ComponentInfo{info.lukasschneider.pixellegends/com.unity3d.player.UnityPlayerActivity}" drawable="pixel_legends" />

	<!-- pizzaboy -->
	<item component="ComponentInfo{de.gastroblitz.pizzaboy/de.gastroblitz.pizzaboy.MainActivity}" drawable="pizzaboy" />

	<!-- PKP INTERCITY -->
	<item component="ComponentInfo{pkp.ic.eicmobile/pkp.ic.eicmobile.MainActivity}" drawable="pkp_intercity" />

	<!-- Play SRF -->
	<item component="ComponentInfo{ch.srf.mobile.srfplayer/ch.srg.srgplayer.view.MainActivity}" drawable="play_srf" />

	<!-- PlayPilot -->
	<item component="ComponentInfo{com.playpilot.apps/com.playpilot.apps.MainActivity}" drawable="playpilot" />

	<!-- Pluto TV -->
	<item component="ComponentInfo{tv.pluto.android/tv.pluto.android.EntryPoint}" drawable="pluto_tv" />

	<!-- Pocket City -->
	<item component="ComponentInfo{com.codebrewgames.pocketcitygame/com.codebrewgames.pocketcitygame.MainActivity}" drawable="pocket_city" />

	<!-- Podimo -->
	<item component="ComponentInfo{com.podimo/com.podimo.IntentForwardingActivity}" drawable="podimo" />

	<!-- Podverse -->
	<item component="ComponentInfo{com.podverse.fdroid/com.podverse.fdroid.MainActivity}" drawable="podverse" />

	<!-- POINPY -->
	<item component="ComponentInfo{com.netflix.NGP.Poinpy/com.netflix.NGP.Poinpy.RunnerActivity}" drawable="poinpy" />

	<!-- Polar Beat -->
	<item component="ComponentInfo{fi.polar.beat/fi.polar.beat.ui.SplashScreen}" drawable="polar_beat" />

	<!-- Polar Flow -->
	<item component="ComponentInfo{fi.polar.polarflow/fi.polar.polarflow.activity.login.SplashScreenActivity}" drawable="polar_flow" />

	<!-- Post & DHL -->
	<item component="ComponentInfo{de.dhl.paket/de.its_berlin.dhlpaket.base.main.MainActivity}" drawable="post_and_dhl" />

	<!-- PosterPrint -->
	<item component="ComponentInfo{la.hieta.posterprint/la.hieta.posterprint.MainActivity}" drawable="posterprint" />

	<!-- Postident -->
	<item component="ComponentInfo{de.deutschepost.postident/de.post.ident.ui.WelcomeActivity}" drawable="postident" />

	<!-- PostNL -->
	<item component="ComponentInfo{nl.tpp.mobile.android/nl.postnl.app.activity.SplashActivity}" drawable="postnl" />

	<!-- Power Automate -->
	<item component="ComponentInfo{com.microsoft.flow/com.microsoft.flow.MainActivity}" drawable="power_automate" />

	<!-- Prezi -->
	<item component="ComponentInfo{com.prezi.android/com.prezi.android.viewer.login.LoginActivity}" drawable="prezi" />

	<!-- PRINT -->
	<item component="ComponentInfo{jp.co.canon.bsd.ad.pixmaprint/jp.co.canon.bsd.ad.pixmaprint.EulaActivity}" drawable="print" />

	<!-- PrintHand Premium -->
	<item component="ComponentInfo{com.dynamixsoftware.printhand.premium/com.dynamixsoftware.printhand.ui.ActivityMain}" drawable="printhand_premium" />

	<!-- Project Terrarium -->
	<item component="ComponentInfo{com.snapbreak.terrarium/com.unity3d.player.UnityPlayerActivity}" drawable="project_terrarium" />

	<!-- Proton Drive -->
	<item component="ComponentInfo{me.proton.android.drive/me.proton.android.drive.ui.MainActivity}" drawable="proton_drive" />

	<!-- PuzzleGods -->
	<item component="ComponentInfo{com.netflix.NGP.PuzzleGods/ie.boon.puzzlegods.MainActivity}" drawable="puzzlegods" />

	<!-- QuickEdit+ -->
	<item component="ComponentInfo{com.rhmsoft.edit.pro/com.rhmsoft.edit.activity.MainActivity}" drawable="quickedit_" />

	<!-- QuizAcademy -->
	<item component="ComponentInfo{de.lecommsulting.proquiz/de.abiquiz.ui.ActivitySplash}" drawable="quizacademy" />

	<!-- QuizAcademy University Edition -->
	<item component="ComponentInfo{de.lecommsulting.uniquiz/de.abiquiz.ui.ActivitySplash}" drawable="quizacademy_university_edition" />

	<!-- radio.net -->
	<item component="ComponentInfo{de.radio.android/de.radio.android.ui.AppActivity}" drawable="radionet" />

	<!-- Radioplayer -->
	<item component="ComponentInfo{de.radioplayer.android/de.radioplayer.android.controller.activity.intro.DEIntroActivity}" drawable="radioplayer" />

	<!-- Rail Planner -->
	<item component="ComponentInfo{org.eurail.railplanner/nl.elastique.eurail.ui.startup.StartupActivity}" drawable="rail_planner" />

	<!-- Railways -->
	<item component="ComponentInfo{com.infinity.railways/com.unity3d.player.UnityPlayerActivity}" drawable="railways" />

	<!-- RAR & RIP -->
	<item component="ComponentInfo{com.mlk.rockamring/com.appmiral.splash.SplashActivity}" drawable="rar_and_rip" />

	<!-- RauchFrei -->
	<item component="ComponentInfo{de.tk.tkrauchfrei/de.tk.rauchstopp.LaunchComposeActivity}" drawable="rauchfrei" />

	<!-- RECUP -->
	<item component="ComponentInfo{de.recup/de.recup.MainActivity}" drawable="recup" />

	<!-- RegioJet -->
	<item component="ComponentInfo{cz.studio9.sa/cz.studio9.sa.MainActivity}" drawable="regiojet" />

	<!-- Reigns3K -->
	<item component="ComponentInfo{com.netflix.NGP.ReignsThreeKingdoms/com.unity3d.player.UnityPlayerActivity}" drawable="reigns3k" />

	<!-- Relic Hunters Rebels -->
	<item component="ComponentInfo{com.netflix.NGP.RelicHuntersRebels/com.unity3d.player.UnityPlayerActivity}" drawable="relic_hunters_rebels" />

	<!-- Remote Classic -->
	<item component="ComponentInfo{com.lightingsoft.Lightpad/com.lightingsoft.lightpad.SplashScreenActivity}" drawable="remote_classic" />

	<!-- Remote Pro -->
	<item component="ComponentInfo{com.lightinsoft.easyremotepro/com.lightinsoft.easyremotepro.ui.splashScreen.SplashScreenActivity}" drawable="remote_pro" />

	<!-- REWE -->
	<item component="ComponentInfo{com.rewedigital.shop/de.rewe.app.ChangeAppActivity}" drawable="rewe" />

	<!-- Rival Pirates -->
	<item component="ComponentInfo{com.netflix.NGP.PiratesSeveredSeas/com.unity3d.player.UnityPlayerActivity}" drawable="rival_pirates" />

	<!-- Riverty -->
	<item component="ComponentInfo{com.arvato.myafterpay/com.arvato.myafterpay.MainActivity}" drawable="riverty" />

	<!-- Roamler -->
	<item component="ComponentInfo{net.roamler/net.roamler.MainActivity}" drawable="roamler" />

	<!-- Roku -->
	<item component="ComponentInfo{com.roku.remote/com.roku.remote.ui.activities.splash.SplashActivity}" drawable="roku" />

	<!-- ROMEO UNCUT -->
	<item component="ComponentInfo{com.planetromeo.android.app/com.planetromeo.android.app.authentication.splash.SplashActivity}" drawable="romeo_uncut" />

	<!-- Rossmann -->
	<item component="ComponentInfo{de.rossmann.app.android/de.rossmann.app.android.splash.SplashScreen}" drawable="rossmann" />

	<!-- Rotation Control -->
	<item component="ComponentInfo{jp.snowlife01.android.rotationcontrol/jp.snowlife01.android.rotationcontrolpro.rotation2.MainActivityNew}" drawable="rotation_control" />

	<!-- RoteListeMobileApp -->
	<item component="ComponentInfo{de.roteliste.mobile.app/de.roteliste.mobile.app.MainActivity}" drawable="rotelistemobileapp" />

	<!-- RP -->
	<item component="ComponentInfo{com.rheinischepost.wrapper/com.rheinischepost.wrapper.ui.MainActivity}" drawable="rp" />

	<!-- RP ePaper -->
	<item component="ComponentInfo{de.rponline.smartphone/com.iapps.baseapp.MainActivity}" drawable="rp_epaper" />

	<!-- RTL+ -->
	<item component="ComponentInfo{de.rtli.tvnow/de.rtli.everest.activity.SplashActivity}" drawable="rtl_" />

	<!-- RTL+ Musik -->
	<item component="ComponentInfo{de.rtl.plus/de.rtl.plus.RtlPlusLauncherActivity}" drawable="rtl_musik" />

	<!-- Ruhrbahn -->
	<item component="ComponentInfo{de.ivanto.evag/de.geomobile.busguide.core.SplashActivity}" drawable="ruhrbahn" />

	<!-- SafeNow -->
	<item component="ComponentInfo{de.safenow.business/de.safenow.business.MainActivity}" drawable="safenow" />

	<!-- SafeNow -->
	<item component="ComponentInfo{de.safenow.user/de.safenow.user.MainActivity}" drawable="safenow_user" />

	<!-- Samsung Boost -->
	<item component="ComponentInfo{com.sruk.samsungboost/com.sruk.samsungboost.MainActivity}" drawable="samsung_boost" />

	<!-- Samsung Kids -->
	<item component="ComponentInfo{com.sec.android.app.kidshome/com.sec.android.app.kidshome.start.ui.LaunchActivity}" drawable="samsung_kids" />

	<!-- Samsung Shop -->
	<item component="ComponentInfo{com.samsung.ecomm.global.gbr/com.samsung.ecomm.global.shop_app.MainActivity}" drawable="samsung_shop" />

	<!-- Satisfyer -->
	<item component="ComponentInfo{com.satisfyer.connect/com.coreteka.satisfyer.view.screen.auth.LoginActivity}" drawable="satisfyer" />

	<!-- Sound Meter -->
	<item component="ComponentInfo{com.gamebasic.decibel/com.gamebasic.decibel.DecibelActi}" drawable="sound_meter" />

	<!-- Scriptic Crime Stories -->
	<item component="ComponentInfo{com.netflix.NGP.Scriptic/com.unity3d.player.UnityPlayerActivity}" drawable="scriptic_crime_stories" />

	<!-- Secure VPN -->
	<item component="ComponentInfo{com.symantec.securewifi/com.symantec.securewifi.ui.onboarding.SplashActivity}" drawable="secure_vpn" />

	<!-- Send App -->
	<item component="ComponentInfo{com.flutterwave.send.prod/com.flutterwave.send.MainActivity}" drawable="send_app" />

	<!-- sharemagazines -->
	<item component="ComponentInfo{de.sharemagazines.app/de.sharemagazines.app.activities.LoginActivity}" drawable="sharemagazines" />

	<!-- Shatter -->
	<item component="ComponentInfo{com.netflix.NGP.ShatterRemastered/com.pikpok.ShatterUnityActivity}" drawable="shatter" />

	<!-- Shooting Hoops -->
	<item component="ComponentInfo{com.netflix.NGP.ShootingHoops/com.unity3d.player.UnityPlayerActivity}" drawable="shooting_hoops" />

	<!-- Show -->
	<item component="ComponentInfo{com.zoho.show.app/com.zoho.zohoshow.anzs.ShowListingActivity}" drawable="show" />

	<!-- sign-me 2FA -->
	<item component="ComponentInfo{com.entersekt.authapp.dtrust/com.entersekt.authapp.MainActivity}" drawable="sign_me_2fa" />

	<!-- simpleclub -->
	<item component="ComponentInfo{com.simpleclub.android/com.simpleclub.android.Activity}" drawable="simpleclub" />

	<!-- Skies of Chaos -->
	<item component="ComponentInfo{com.netflix.NGP.SkiesOfChaos/com.netflix.NGP.SkiesOfChaos.RunnerActivity}" drawable="skies_of_chaos" />

	<!-- Skills4School -->
	<item component="ComponentInfo{de.skills4school.app/de.skills4school.app.MainActivity}" drawable="skills4school" />

	<!-- Skrill -->
	<item component="ComponentInfo{com.moneybookers.skrillpayments/com.moneybookers.skrillpayments.v2.ui.launcher.LauncherActivity}" drawable="skrill" />

	<!-- Sleep -->
	<item component="ComponentInfo{com.urbandroid.sleep/com.urbandroid.sleep.alarmclock.AlarmClock}" drawable="sleep" />

	<!-- Sleep Cycle -->
	<item component="ComponentInfo{com.northcube.sleepcycle/com.northcube.sleepcycle.LauncherActivity}" drawable="sleep_cycle" />

	<!-- Sleep Monitor -->
	<item component="ComponentInfo{com.sleepmonitor.aio/com.sleepmonitor.aio.activity.SplashActivity}" drawable="sleep_monitor" />

	<!-- Smart Home -->
	<item component="ComponentInfo{de.avm.android.smarthome/de.avm.android.smarthome.activities.StartActivity}" drawable="smart_home" />

	<!-- Smart Tutor -->
	<item component="ComponentInfo{com.rsupport.rs.activity.rsupport.aas2/com.rsupport.rs.activity.edit.IntroActivity}" drawable="smart_tutor" />

	<!-- SmartLogin -->
	<item component="ComponentInfo{de.datev.smartlogin/de.datev.smartlogin.MainActivity}" drawable="smartlogin" />

	<!-- Smartphone Hilfe -->
	<item component="ComponentInfo{de.telekom.android.smartphonehilfe/de.telekom.android.smartphonehilfe.gui.StartScreenActivity}" drawable="smartphone_hilfe" />

	<!-- Snapdrop -->
	<item component="ComponentInfo{com.fmsys.snapdrop/com.fmsys.snapdrop.MainActivity}" drawable="snapdrop" />

	<!-- Solitaire -->
	<item component="ComponentInfo{com.belkagames.solitaire/com.belkagames.solitaire.MainSolitaireActivity}" drawable="solitaire" />

	<!-- Solitaire -->
	<item component="ComponentInfo{com.netflix.NGP.Solitaire/com.mobilityware.sflnativeandroidutils.SFLLaunchActivity}" drawable="solitaire" />

	<!-- Songkick -->
	<item component="ComponentInfo{com.songkick/com.songkick.activity.Dashboard}" drawable="songkick" />

	<!-- SoundCloud -->
	<item component="ComponentInfo{com.soundcloud.android/com.soundcloud.android.launcher.LauncherActivity}" drawable="soundcloud" />

	<!-- Spaces by Wix -->
	<item component="ComponentInfo{com.wix.android/com.wix.MainActivity}" drawable="spaces_by_wix" />

	<!-- Spiritfarer -->
	<item component="ComponentInfo{com.netflix.NGP.Spiritfarer/com.unity3d.player.UnityPlayerActivity}" drawable="spiritfarer" />

	<!-- Sponge Bob: Get Cooking -->
	<item component="ComponentInfo{com.netflix.NGP.SpongeBobKrustyCookOff/com.unity3d.player.UnityPlayerActivity}" drawable="sponge_bob_get_cooking" />

	<!-- Spotube -->
	<item component="ComponentInfo{oss.krtirtho.spotube/com.ryanheise.audioservice.AudioServiceActivity}" drawable="spotube" />

	<!-- ST3TG -->
	<item component="ComponentInfo{com.netflix.NGP.StrangerThings3/com.unity3d.player.UnityPlayerActivity}" drawable="st3tg" />

	<!-- State.io -->
	<item component="ComponentInfo{io.state.fight/com.unity3d.player.UnityPlayerActivity}" drawable="stateio" />

	<!-- Stickers Valeria -->
	<item component="ComponentInfo{com.netflix.stickersvaleria/com.netflix.stickersvaleria.EntryActivity}" drawable="stickers_valeria" />

	<!-- Tuner -->
	<item component="ComponentInfo{org.billthefarmer.tuner/org.billthefarmer.tuner.Tuner}" drawable="tuner" />

	<!-- Stranger Things -->
	<item component="ComponentInfo{com.netflix.NGP.StrangerThingsPuzzleTales/com.unity3d.player.UnityPlayerActivity}" drawable="stranger_things" />

	<!-- Stranger Things: 1984 -->
	<item component="ComponentInfo{com.netflix.NGP.StrangerThings/com.unity3d.player.UnityPlayerActivity}" drawable="stranger_things_1984" />

	<!-- Strava -->
	<item component="ComponentInfo{com.strava/com.strava.SplashActivity}" drawable="strava" />

	<!-- StreamFab -->
	<item component="ComponentInfo{com.dvdfab.downloader/com.dvdfab.downloader.ui.activity.SplashActivity}" drawable="streamfab" />

	<!-- Stremio -->
	<item component="ComponentInfo{com.stremio.one/com.stremio.MainActivity}" drawable="stremio" />

	<!-- Studio -->
	<item component="ComponentInfo{com.sec.android.app.vepreload/com.sec.android.app.vepreload.common.activity.ProjectShortcutActivity}" drawable="studio" />

	<!-- Subway® -->
	<item component="ComponentInfo{com.subway.subway/com.subway.subway.SplashActivity}" drawable="subway®" />

	<!-- Supershift -->
	<item component="ComponentInfo{app.supershift/app.supershift.TabbarActivity}" drawable="supershift" />

	<!-- Suunto -->
	<item component="ComponentInfo{com.stt.android.suunto/com.stt.android.launcher.ProxyActivity}" drawable="suunto" />

	<!-- TagInfo -->
	<item component="ComponentInfo{com.nxp.taginfolite/com.nxp.taginfo.activities.MainView}" drawable="taginfo" />

	<!-- Taxi.de -->
	<item component="ComponentInfo{com.sic.taxibutton/de.talex.customer_apps.MainActivity}" drawable="taxide" />

	<!-- TC Slim -->
	<item component="ComponentInfo{net.kollnig.missioncontrol.play/eu.faircode.netguard.ActivityMain}" drawable="tc_slim" />

	<!-- Teeter -->
	<item component="ComponentInfo{com.netflix.NGP.TeeterUp/com.unity3d.player.UnityPlayerActivity}" drawable="teeter" />

	<!-- Telekom Mail -->
	<item component="ComponentInfo{de.telekom.mail/de.telekom.mail.MainActivity}" drawable="telekom_mail" />

	<!-- Tellonym -->
	<item component="ComponentInfo{de.tellonym.app/de.tellonym.app.MainActivity}" drawable="tellonym" />

	<!-- Thalia -->
	<item component="ComponentInfo{eu.thalia.app/eu.thalia.app.ui.appstart.BootActivity}" drawable="thalia" />

	<!-- Ticket NRW -->
	<item component="ComponentInfo{de.hafas.android.nrw/de.hafas.main.HafasApp}" drawable="ticket_nrw" />

	<!-- TIER -->
	<item component="ComponentInfo{com.tier.app/com.tier.legacy.ui.splash.SplashActivity}" drawable="tier" />

	<!-- TikTok Now -->
	<item component="ComponentInfo{com.ss.android.ugc.now/com.ss.android.ugc.now.homepage.SplashActivity}" drawable="tiktok_now" />

	<!-- TK -->
	<item component="ComponentInfo{de.tk.tkapp/de.tk.tkapp.start.StartActivity}" drawable="tk" />

	<!-- TK-Doc -->
	<item component="ComponentInfo{de.telearzt.tkchat/com.zoontek.rnbootsplash.RNBootSplashActivity}" drawable="tk_doc" />

	<!-- TK-Ident -->
	<item component="ComponentInfo{de.tk.apps.android.tkident/com.ibm.whitelabel.authenticator.auth.AuthenticatorAuthActivity}" drawable="tk_ident" />

	<!-- tolino -->
	<item component="ComponentInfo{com.mytolino.app/com.musketeer.host.MainActivity}" drawable="tolino" />

	<!-- Tomorrow -->
	<item component="ComponentInfo{one.tomorrow.app/one.tomorrow.app.commons.ui.MainActivity}" drawable="tomorrow" />

	<!-- Too Good To Go -->
	<item component="ComponentInfo{com.app.tgtg/com.app.tgtg.activities.login.SplashActivity}" drawable="too_good_to_go" />

	<!-- Too Hot to Handle -->
	<item component="ComponentInfo{com.netflix.NGP.TooHotToHandle/com.netflix.NGP.TooHotToHandle.TooHot}" drawable="too_hot_to_handle" />

	<!-- Total AdBlock for Samsung -->
	<item component="ComponentInfo{com.totaladblock.contentblock/com.av.adblocker.SplashActivity}" drawable="total_adblock_for_samsung" />

	<!-- Townsmen - A Kingdom Rebuilt -->
	<item component="ComponentInfo{com.netflix.NGP.TownsmenAKingdomRebuilt/com.hg.android.cocos2dx.Application}" drawable="townsmen_a_kingdom_rebuilt" />

	<!-- Trade Republic -->
	<item component="ComponentInfo{de.traderepublic.app/de.traderepublic.app.ui.splash.LaunchActivity}" drawable="trade republic" />

	<!-- Traffix -->
	<item component="ComponentInfo{com.infinity.traffix/com.unity3d.player.UnityPlayerActivity}" drawable="traffix" />

	<!-- TrainPal -->
	<item component="ComponentInfo{com.pal.train/com.pal.common.business.home.activity.LaunchActivity}" drawable="trainpal" />

	<!-- Trakt -->
	<item component="ComponentInfo{tv.trakt.trakt/tv.trakt.trakt.ui.main.MainActivity}" drawable="trakt" />

	<!-- Travel Pass -->
	<item component="ComponentInfo{de.bioscientia.docnet.app.travelpass/crc64c0d098df2cce96c1.MainActivity}" drawable="travel_pass" />

	<!-- Travel Town -->
	<item component="ComponentInfo{io.randomco.travel/com.unity3d.player.UnityPlayerActivity}" drawable="travel_town" />

	<!-- TravelDeals24 -->
	<item component="ComponentInfo{net.traveldeals24.main/net.traveldeals24.main.app.MainActivity}" drawable="traveldeals24" />

	<!-- True Story -->
	<item component="ComponentInfo{com.netflix.NGP.ThisIsATrueStory/com.unity3d.player.UnityPlayerActivity}" drawable="true_story" />

	<!-- Tumblr -->
	<item component="ComponentInfo{com.tumblr/com.tumblr.ui.activity.JumpoffActivity}" drawable="tumblr" />

	<!-- TuneIn Radio -->
	<item component="ComponentInfo{tunein.player/tunein.ui.activities.TuneInHomeActivity}" drawable="tunein_radio" />

	<!-- TV -->
	<item component="ComponentInfo{com.samsung.android.tvplus/com.samsung.android.tvplus.MainActivity}" drawable="tv" />

	<!-- Twelve Minutes -->
	<item component="ComponentInfo{com.netflix.NGP.TwelveMinutesMobile/com.unity3d.player.UnityPlayerActivity}" drawable="twelve_minutes" />

	<!-- Twitch -->
	<item component="ComponentInfo{tv.twitch.android.app/tv.twitch.android.app.core.LandingActivity}" drawable="twitch" />

	<!-- Postcards -->
	<item component="ComponentInfo{de.Postkarte/de.Postkarte.MainActivity}" drawable="postcards" />

	<!-- Vacation Tycoon -->
	<item component="ComponentInfo{ca.hyperhippo.adventureresort/com.unity3d.player.UnityPlayerActivity}" drawable="vacation_tycoon" />

	<!-- Verimi -->
	<item component="ComponentInfo{com.verimi/com.verimi.main.presentation.ui.MainActivity}" drawable="verimi" />

	<!-- Verschlüsselung -->
	<item component="ComponentInfo{de.eue.mobile.android.tresor/de.einsundeins.tresor.presentation.ui.activity.LaunchActivity}" drawable="verschlusselung" />

	<!-- via medici -->
	<item component="ComponentInfo{de.thieme.viamedici/com.ebcont.thieme.viamedici.ui.MainActivity}" drawable="via_medici" />

	<!-- Viber -->
	<item component="ComponentInfo{com.viber.voip/com.viber.voip.WelcomeActivity}" drawable="viber" />

	<!-- Vierdaagsefeesten -->
	<item component="ComponentInfo{nl.vierdaagsefeesten.nijmegen/nl.vierdaagsefeesten.MainActivity}" drawable="vierdaagsefeesten" />

	<!-- Virtual Android -->
	<item component="ComponentInfo{com.pspace.vandroid/com.excean.vphone.SplashActivity}" drawable="virtual_android" />

	<!-- Voi -->
	<item component="ComponentInfo{io.voiapp.voi/io.voiapp.voi.MainActivity}" drawable="voi" />

	<!-- VokabelBox -->
	<item component="ComponentInfo{de.mbreska.kleinevokabelbox/de.mbreska.vokabelbox.activities.MainActivity}" drawable="vokabelbox" />

	<!-- VRR App -->
	<item component="ComponentInfo{com.mdv.VRRCompanion/crc648cb0c2b02d61f6d1.StartupActivity}" drawable="vrr_app" />

	<!-- VRR Bus&Bahn -->
	<item component="ComponentInfo{mentz.com.vrr_cibo_app/mentz.com.vrr_cibo_app.MainActivity}" drawable="vrr_bus_and_bahn" />

	<!-- waipu.tv -->
	<item component="ComponentInfo{de.exaring.waipu/de.exaring.waipu.ui.start.StartUpActivity}" drawable="waiputv" />

	<!-- Wallet -->
	<item component="ComponentInfo{org.toshi/org.toshi.MainActivity}" drawable="wallet" />

	<!-- Waze -->
	<item component="ComponentInfo{com.waze/com.waze.FreeMapAppActivity}" drawable="waze" />

	<!-- WEB.DE Mail -->
	<item component="ComponentInfo{de.web.mobile.android.mail/com.unitedinternet.portal.ui.HostActivity}" drawable="webde_mail" />

	<!-- Wellpass -->
	<item component="ComponentInfo{com.qualitrain.fitness/com.netpulse.mobile.launch.LaunchActivity}" drawable="wellpass" />

	<!-- Raisin -->
	<item component="ComponentInfo{com.raisin.app/com.raisin.app.MainActivity}" drawable="raisin" />

	<!-- WerStreamt.es? -->
	<item component="ComponentInfo{de.wse.werstreamt.es/crc640c17457b81fa6cc4.SplashActivity}" drawable="werstreamtes_" />

	<!-- what3words -->
	<item component="ComponentInfo{com.what3words.android/com.what3words.android.ui.splash.SplashActivity}" drawable="what3words" />

	<!-- Wild Things -->
	<item component="ComponentInfo{com.netflix.NGP.WildThingsAnimalAdventures/com.unity3d.player.UnityPlayerActivity}" drawable="wild_things" />

	<!-- WISO Steuer -->
	<item component="ComponentInfo{de.buhl.steuerphone/de.buhl.steuerphone.feature.intent.IntentActivity}" drawable="wiso_steuer" />

	<!-- Wohin·Du·Willst -->
	<item component="ComponentInfo{de.dbregio.wohinduwillst/de.dbregio.wohinduwillst.feature.splashscreen.SplashscreenActivity}" drawable="wohin·du·willst" />

	<!-- Wonderland -->
	<item component="ComponentInfo{com.samsung.android.wonderland.wallpaper/com.samsung.android.wonderland.wallpaper.settings.StartupActivity}" drawable="wonderland" />

	<!-- Word to PDF Converter -->
	<item component="ComponentInfo{com.weenysoft.word2pdf/com.weenysoft.word2pdf.MainActivity}" drawable="word_to_pdf_converter" />

	<!-- WOW -->
	<item component="ComponentInfo{de.sky.online/com.nowtv.startup.StartupActivity}" drawable="wow" />

	<!-- Writer -->
	<item component="ComponentInfo{com.zoho.writer/com.zoho.writer.activity.LauncherActivity}" drawable="writer" />

	<!-- Xoom -->
	<item component="ComponentInfo{com.xoom.android.app/com.xoom.android.app.launch.view.LaunchActivity}" drawable="xoom" />

	<!-- Yababa -->
	<item component="ComponentInfo{com.yababa.yababapp/com.yababa.yababapp.activities.SplashActivity}" drawable="yababa" />

	<!-- YASAN Launcher -->
	<item component="ComponentInfo{yasan.space.mnml.ai.launcher/dev.yasan.launcher.legacy.ui.main.MainActivity}" drawable="yasan_launcher" />

	<!-- YT Kids -->
	<item component="ComponentInfo{com.google.android.apps.youtube.kids/com.google.android.apps.youtube.kids.splash.SplashScreenActivity}" drawable="yt_kids" />

	<!-- Z-Lib -->
	<item component="ComponentInfo{com.positron_it.zlib/com.positron_it.zlib.ui.splash.SplashActivity}" drawable="z_lib" />

	<!-- Counter -->
	<item component="ComponentInfo{me.tsukanov.counter/me.tsukanov.counter.activities.MainActivity}" drawable="counter" />

	<!-- ZDFheute -->
	<item component="ComponentInfo{de.heute.mobile/de.heute.mobile.ui.MainActivity}" drawable="zdfheute" />

	<!-- ZdfTivi -->
	<item component="ComponentInfo{de.zdf.mediathek.tivi/de.zdf.mediathek.tivi.MainActivity}" drawable="zdftivi" />

	<!-- Zoho Sheet -->
	<item component="ComponentInfo{com.zoho.sheet.android/com.zoho.sheet.android.doclisting.DocListingActivity}" drawable="zoho_sheet" />

	<!-- Zoomquilt -->
	<item component="ComponentInfo{org.zoomquilt.zoomapp/org.zoomquilt.zoomapp.IndexActivity}" drawable="zoomquilt" />

</resources>