<appmap>

	<!-- All PDF Reader -->
	<item class="com.ezt.pdfreader.pdfviewer.SplashScreen" name="all_document_reader"/>

	<!-- Android Developers -->
	<item class="org.chromium.webapk.shell_apk.h2o.H2OOpaqueMainActivity" name="android_developers2"/>

	<!-- android12updater -->
	<item class="com.unisoift.android12checklist.MainActivity" name="android12updater"/>

	<!-- AndroidIDE -->
	<item class="com.itsaky.androidide.activities.SplashActivity" name="androidide"/>

	<!-- aShell -->
	<item class="in.sunilpaulmathew.ashell.activities.StartActivity" name="ashell"/>

	<!-- Binance -->
	<item class="com.eaas.launcher.activities.main.MainActivity" name="binance"/>

	<!-- Cash Prank App -->
	<item class="com.fakecompany.cashapppayment.MainActivity" name="cash_prank_app"/>

	<!-- CIFS Documents Provider -->
	<item class="com.wa2c.android.cifsdocumentsprovider.presentation.ui.MainActivity" name="cifs_documents_provider"/>

	<!-- Copy SMS Code -->
	<item class="io.github.jd1378.otphelper.MainActivity" name="copy_sms_code"/>

	<!-- Crypto ID -->
	<item class="io.gitlab.cryptographic_id.MainActivity" name="crypto_id"/>

	<!-- Digital Secure -->
	<item class="com.mcafee.vzwmms.activity.VZWBaseActivity" name="digital_secure"/>

	<!-- DSU Sideloader -->
	<item class="vegabobo.dsusideloader.MainActivity" name="dsu_sideloader"/>

	<!-- F-Droid Basic -->
	<item class="org.fdroid.fdroid.views.main.MainActivity" name="f_droid_basic"/>

	<!-- F-Droid Build Status -->
	<item class="de.storchp.fdroidbuildstatus.MainActivity" name="f_droid_build_status"/>

	<!-- Geto -->
	<item class="com.android.geto.MainActivity" name="geto"/>

	<!-- GPS Emulator -->
	<item class="com.rosteam.gpsemulator.MainActivity" name="gps_emulator"/>

	<!-- Hypatia -->
	<item class="us.spotco.malwarescanner.MainActivity" name="hypatia"/>

	<!-- Invoices -->
	<item class="com.aadhk.woinvoice.MainActivity" name="invoices"/>

	<!-- Karma FW -->
	<item class="net.stargw.karma.ActivityMain" name="karma_fw"/>

	<!-- Kernel Adiutor -->
	<item class="com.grarak.kerneladiutor.activities.StartActivity" name="kernel_adiutor"/>

	<!-- Kuda -->
	<item class="com.kuda.app.ui.app_entry.AppEntryActivity" name="kuda"/>

	<!-- LiveWallpaperIt -->
	<item class="rocks.tbog.livewallpaperit.LWIActivity" name="livewallpaperit"/>

	<!-- Love Messages -->
	<item class="com.gvapps.truelove.activities.IntroActivity" name="love_messages"/>

	<!-- Love Messages & Quotes -->
	<item class="com.ZaranDev.love_messages.Activity.SplashActivity" name="love_messages_and_quotes"/>

	<!-- My Verizon -->
	<item class="com.vzw.hss.myverizon.ui.activities.LauncherActivity" name="my_verizon"/>

	<!-- Nextdoor -->
	<item class="com.nextdoor.registrationUi.nux.LoadAppConfigurationActivity" name="nextdoor"/>

	<!-- Nix -->
	<item class="com.termux.app.TermuxActivity" name="nix"/>

	<!-- NordVPN -->
	<item class="com.nordvpn.android.mobile.MainActivity" name="nordvpn"/>

	<!-- Numero -->
	<item class="org.linphone.LinphoneLauncherActivity" name="numero"/>

	<!-- OkcAgent -->
	<item class="org.ddosolitary.okcagent.MainActivity" name="okcagent"/>

	<!-- OpenKeychain -->
	<item class="org.sufficientlysecure.keychain.ui.MainActivity" name="openkeychain"/>

	<!-- Oui Lookup -->
	<item class="org.alberto97.ouilookup.ui.MainActivity" name="oui_lookup"/>

	<!-- Performance Control -->
	<item class="com.brewcrewfoo.performance.activities.MainActivity" name="performance_control"/>

	<!-- Rewards -->
	<item class="com.google.android.apps.paidtasks.activity.LaunchActivity" name="rewards"/>

	<!-- Samsung Cloud -->
	<item class="com.samsung.android.scloud.app.ui.splash.launcher" name="samsung_cloud"/>

	<!-- Samsung Health -->
	<item class="com.samsung.android.app.shealth.home.HomeMainActivity" name="samsung_health"/>

	<!-- SDK Monitor -->
	<item class="com.bernaferrari.sdkmonitor.MainActivity" name="sdk_monitor"/>

	<!-- Shizuku -->
	<item class="moe.shizuku.manager.MainActivity" name="shizuku"/>

	<!-- Smart Edge -->
	<item class="com.abh80.smartedge.activities.MainActivity" name="smart_edge"/>

	<!-- SoundID -->
	<item class="com.sonarworks.soundid.mobile.SoundIdActivity" name="soundid"/>

	<!-- SuperSU -->
	<item class="eu.chainfire.supersu.MainActivity-Material" name="supersu"/>

	<!-- Telegram -->
	<item class="org.telegram.messenger.AquaIcon" name="telegram"/>

	<!-- Temp Mail -->
	<item class="io.tempmail.mvp.root.RootActivity" name="temp_mail"/>

	<!-- Termux:Boot -->
	<item class="com.termux.boot.BootActivity" name="termux"/>

	<!-- Termux:Float -->
	<item class="com.termux.window.TermuxFloatActivity" name="termux"/>

	<!-- TextNow -->
	<item class="authorization.ui.AuthorizationActivity" name="textnow"/>

	<!-- Treble Info -->
	<item class="tk.hack5.treblecheck.ui.MainActivity" name="treble_info"/>

	<!-- Tumblr -->
	<item class="com.tumblr.ui.activity.JumpoffActivity" name="tumblr"/>

	<!-- X Server -->
	<item class="au.com.darkside.xdemo.XServerActivity" name="x_server"/>

</appmap>