<resources>

	<!-- Calculadora -->
	<item component="ComponentInfo{com.miui.calculator.go/com.miui.calculator.cal.CalculatorActivity}" drawable="calculadora" />

	<!-- Calendario -->
	<item component="ComponentInfo{com.android.calendar.go/com.android.calendar.go.homepage.AllInOneActivity}" drawable="calendario" />

	<!-- Comentarios -->
	<item component="ComponentInfo{com.miui.bugreport/com.miui.bugreport.ui.FeedbackActivity}" drawable="comentarios" />

	<!-- Findmykids -->
	<item component="ComponentInfo{org.findmykids.app/org.findmykids.app.activityes.LauncherActivity}" drawable="findmykids" />

	<!-- Launcher POCO -->
	<item component="ComponentInfo{com.mi.android.globallauncher/com.miui.home.launcher.SplashActivity}" drawable="launcher_poco" />

	<!-- LocationPrivacy -->
	<item component="ComponentInfo{info.guardianproject.locationprivacy/info.guardianproject.locationprivacy.MainActivity}" drawable="locationprivacy" />

	<!-- Notcha Launcher -->
	<item component="ComponentInfo{com.notch.launcher/com.notch.launcher.ui.Sa}" drawable="notcha_launcher" />

	<!-- OpenLauncher -->
	<item component="ComponentInfo{com.benny.openlauncher/com.benny.openlauncher.activity.OnBoardActivity}" drawable="openlauncher" />

	<!-- posidon launcher -->
	<item component="ComponentInfo{posidon.launcher/posidon.launcher.Home}" drawable="posidon_launcher" />

	<!-- Temas Mint -->
	<item component="ComponentInfo{com.miui.theme.lite/com.miui.theme.lite.WallpaperPickerActivity}" drawable="temas_mint" />

</resources>