<Theme version="1">

	<!-- Calculadora -->
	<AppIcon name="com.miui.calculator.go/com.miui.calculator.cal.CalculatorActivity" image="calculadora"/>

	<!-- Calendario -->
	<AppIcon name="com.android.calendar.go/com.android.calendar.go.homepage.AllInOneActivity" image="calendario"/>

	<!-- Comentarios -->
	<AppIcon name="com.miui.bugreport/com.miui.bugreport.ui.FeedbackActivity" image="comentarios"/>

	<!-- Findmykids -->
	<AppIcon name="org.findmykids.app/org.findmykids.app.activityes.LauncherActivity" image="findmykids"/>

	<!-- Launcher POCO -->
	<AppIcon name="com.mi.android.globallauncher/com.miui.home.launcher.SplashActivity" image="launcher_poco"/>

	<!-- LocationPrivacy -->
	<AppIcon name="info.guardianproject.locationprivacy/info.guardianproject.locationprivacy.MainActivity" image="locationprivacy"/>

	<!-- Notcha Launcher -->
	<AppIcon name="com.notch.launcher/com.notch.launcher.ui.Sa" image="notcha_launcher"/>

	<!-- OpenLauncher -->
	<AppIcon name="com.benny.openlauncher/com.benny.openlauncher.activity.OnBoardActivity" image="openlauncher"/>

	<!-- posidon launcher -->
	<AppIcon name="posidon.launcher/posidon.launcher.Home" image="posidon_launcher"/>

	<!-- Temas Mint -->
	<AppIcon name="com.miui.theme.lite/com.miui.theme.lite.WallpaperPickerActivity" image="temas_mint"/>

</Theme>