<resources>

	<!-- Apple Flinger -->
	<item component="ComponentInfo{com.gitlab.ardash.appleflinger.android/com.gitlab.ardash.appleflinger.android.AndroidLauncher}" drawable="apple_flinger" />

	<!-- Arcticons Material You -->
	<item component="ComponentInfo{com.donnnno.arcticons.you/com.donnnno.arcticons.activities.MainActivity}" drawable="arcticons_material_you" />

	<!-- Aufgaben -->
	<item component="ComponentInfo{foundation.e.tasks/org.dmfs.tasks.TaskListActivity}" drawable="aufgaben" />

	<!-- Battery Ace -->
	<item component="ComponentInfo{it.braincrash.android.batteryacefree/it.braincrash.android.batteryace.MainActivity}" drawable="battery_ace" />

	<!-- Bubble -->
	<item component="ComponentInfo{org.woheller69.level/org.woheller69.level.Level}" drawable="bubble" />

	<!-- ConnectBot -->
	<item component="ComponentInfo{org.connectbot/org.connectbot.HostListActivity}" drawable="connectbot" />

	<!-- Cryptomator -->
	<item component="ComponentInfo{org.cryptomator/org.cryptomator.presentation.ui.activity.VaultListActivity}" drawable="cryptomator" />

	<!-- CTRONICS -->
	<item component="ComponentInfo{com.sclw.ctronics/com.sclw.ctronics.thecamhi.main.SplashActivity}" drawable="ctronics" />

	<!-- Firewall ohne Root -->
	<item component="ComponentInfo{app.greyshirts.firewall/app.greyshirts.firewall.ui.ActivityPager}" drawable="firewall_ohne_root" />

	<!-- Flashlight -->
	<item component="ComponentInfo{ru.irk.ang.balsan.shortcutled/ru.irk.ang.balsan.shortcutled.MainActivity}" drawable="flashlight" />

	<!-- FolderSync Pro -->
	<item component="ComponentInfo{dk.tacit.android.foldersync.app/dk.tacit.android.foldersync.activity.MainActivity}" drawable="foldersync_pro" />

	<!-- Kalender -->
	<item component="ComponentInfo{foundation.e.calendar/com.android.calendar.AllInOneActivity}" drawable="kalender" />

	<!-- Kamera -->
	<item component="ComponentInfo{foundation.e.camera/net.sourceforge.opencamera.MainActivity}" drawable="kamera" />

	<!-- Ksiri Tools -->
	<item component="ComponentInfo{com.example.khiraska.ksiritools/com.example.khiraska.ksiritools.MainActivity}" drawable="ksiri_tools" />

	<!-- Meine Ausgaben -->
	<item component="ComponentInfo{org.totschnig.myexpenses/org.totschnig.myexpenses.activity.SplashActivity}" drawable="meine_ausgaben" />

	<!-- Memory Game For Kids -->
	<item component="ComponentInfo{org.androidsoft.games.memory.kids/org.androidsoft.games.memory.kids.ui.MainActivity}" drawable="memory_game_for_kids" />

	<!-- MJ PDF -->
	<item component="ComponentInfo{foundation.e.pdfviewer/com.gitlab.mudlej.MjPdfReader.LauncherAlias}" drawable="mj_pdf" />

	<!-- Mundraub Navigator -->
	<item component="ComponentInfo{xjcl.mundraub/xjcl.mundraub.activities.Main}" drawable="mundraub_navigator" />

	<!-- Pastel Wallpapers -->
	<item component="ComponentInfo{com.arrow.wallpapers.pastelwall/com.arrow.wallpapers.pastelwall.activity.SplashScreen}" drawable="pastel_wallpapers" />

	<!-- Print -->
	<item component="ComponentInfo{org.billthefarmer.print/org.billthefarmer.print.Print}" drawable="print" />

	<!-- SD Maid SE -->
	<item component="ComponentInfo{eu.darken.sdmse/eu.darken.sdmse.main.ui.MainActivity}" drawable="sd_maid_se" />

	<!-- Simple Analog Clock -->
	<item component="ComponentInfo{net.moemoe.tomorrow.myAnalogClock2/net.moemoe.tomorrow.myAnalogClock2.MainActivity}" drawable="simple_analog_clock" />

	<!-- Sound Profiles -->
	<item component="ComponentInfo{com.blogspot.mravki.soundprofilestoggle/com.blogspot.mravki.soundprofilestoggle.MainActivity}" drawable="sound_profiles" />

	<!-- Soundboard -->
	<item component="ComponentInfo{de.meonwax.soundboard/de.meonwax.soundboard.activity.MainActivity}" drawable="soundboard" />

	<!-- Telegram FOSS -->
	<item component="ComponentInfo{org.telegram.messenger/org.telegram.messenger.VintageIcon}" drawable="telegram_foss" />

	<!-- Threema Libre -->
	<item component="ComponentInfo{ch.threema.app.libre/ch.threema.app.activities.MainActivity}" drawable="threema_libre" />

	<!-- TriPeaks -->
	<item component="ComponentInfo{ogz.tripeaks/ogz.tripeaks.AndroidLauncher}" drawable="tripeaks" />

	<!-- UseePlus -->
	<item component="ComponentInfo{com.i4season.useeplus/com.i4season.useeplus.uirelated.maininitframe.InitFrameActivity}" drawable="useeplus" />

	<!-- Vocalizer Voices -->
	<item component="ComponentInfo{es.codefactory.vocalizertts/es.codefactory.vocalizertts.VocalizerActivity}" drawable="vocalizer_voices" />

	<!-- WTMP -->
	<item component="ComponentInfo{com.wtmp.svdsoftware/com.wtmp.ui.HostActivity}" drawable="wtmp" />

</resources>