<Theme version="1">

	<!-- Apple Flinger -->
	<AppIcon name="com.gitlab.ardash.appleflinger.android/com.gitlab.ardash.appleflinger.android.AndroidLauncher" image="apple_flinger"/>

	<!-- Arcticons Material You -->
	<AppIcon name="com.donnnno.arcticons.you/com.donnnno.arcticons.activities.MainActivity" image="arcticons_material_you"/>

	<!-- Aufgaben -->
	<AppIcon name="foundation.e.tasks/org.dmfs.tasks.TaskListActivity" image="aufgaben"/>

	<!-- Battery Ace -->
	<AppIcon name="it.braincrash.android.batteryacefree/it.braincrash.android.batteryace.MainActivity" image="battery_ace"/>

	<!-- Bubble -->
	<AppIcon name="org.woheller69.level/org.woheller69.level.Level" image="bubble"/>

	<!-- ConnectBot -->
	<AppIcon name="org.connectbot/org.connectbot.HostListActivity" image="connectbot"/>

	<!-- Cryptomator -->
	<AppIcon name="org.cryptomator/org.cryptomator.presentation.ui.activity.VaultListActivity" image="cryptomator"/>

	<!-- CTRONICS -->
	<AppIcon name="com.sclw.ctronics/com.sclw.ctronics.thecamhi.main.SplashActivity" image="ctronics"/>

	<!-- Firewall ohne Root -->
	<AppIcon name="app.greyshirts.firewall/app.greyshirts.firewall.ui.ActivityPager" image="firewall_ohne_root"/>

	<!-- Flashlight -->
	<AppIcon name="ru.irk.ang.balsan.shortcutled/ru.irk.ang.balsan.shortcutled.MainActivity" image="flashlight"/>

	<!-- FolderSync Pro -->
	<AppIcon name="dk.tacit.android.foldersync.app/dk.tacit.android.foldersync.activity.MainActivity" image="foldersync_pro"/>

	<!-- Kalender -->
	<AppIcon name="foundation.e.calendar/com.android.calendar.AllInOneActivity" image="kalender"/>

	<!-- Kamera -->
	<AppIcon name="foundation.e.camera/net.sourceforge.opencamera.MainActivity" image="kamera"/>

	<!-- Ksiri Tools -->
	<AppIcon name="com.example.khiraska.ksiritools/com.example.khiraska.ksiritools.MainActivity" image="ksiri_tools"/>

	<!-- Meine Ausgaben -->
	<AppIcon name="org.totschnig.myexpenses/org.totschnig.myexpenses.activity.SplashActivity" image="meine_ausgaben"/>

	<!-- Memory Game For Kids -->
	<AppIcon name="org.androidsoft.games.memory.kids/org.androidsoft.games.memory.kids.ui.MainActivity" image="memory_game_for_kids"/>

	<!-- MJ PDF -->
	<AppIcon name="foundation.e.pdfviewer/com.gitlab.mudlej.MjPdfReader.LauncherAlias" image="mj_pdf"/>

	<!-- Mundraub Navigator -->
	<AppIcon name="xjcl.mundraub/xjcl.mundraub.activities.Main" image="mundraub_navigator"/>

	<!-- Pastel Wallpapers -->
	<AppIcon name="com.arrow.wallpapers.pastelwall/com.arrow.wallpapers.pastelwall.activity.SplashScreen" image="pastel_wallpapers"/>

	<!-- Print -->
	<AppIcon name="org.billthefarmer.print/org.billthefarmer.print.Print" image="print"/>

	<!-- SD Maid SE -->
	<AppIcon name="eu.darken.sdmse/eu.darken.sdmse.main.ui.MainActivity" image="sd_maid_se"/>

	<!-- Simple Analog Clock -->
	<AppIcon name="net.moemoe.tomorrow.myAnalogClock2/net.moemoe.tomorrow.myAnalogClock2.MainActivity" image="simple_analog_clock"/>

	<!-- Sound Profiles -->
	<AppIcon name="com.blogspot.mravki.soundprofilestoggle/com.blogspot.mravki.soundprofilestoggle.MainActivity" image="sound_profiles"/>

	<!-- Soundboard -->
	<AppIcon name="de.meonwax.soundboard/de.meonwax.soundboard.activity.MainActivity" image="soundboard"/>

	<!-- Telegram FOSS -->
	<AppIcon name="org.telegram.messenger/org.telegram.messenger.VintageIcon" image="telegram_foss"/>

	<!-- Threema Libre -->
	<AppIcon name="ch.threema.app.libre/ch.threema.app.activities.MainActivity" image="threema_libre"/>

	<!-- TriPeaks -->
	<AppIcon name="ogz.tripeaks/ogz.tripeaks.AndroidLauncher" image="tripeaks"/>

	<!-- UseePlus -->
	<AppIcon name="com.i4season.useeplus/com.i4season.useeplus.uirelated.maininitframe.InitFrameActivity" image="useeplus"/>

	<!-- Vocalizer Voices -->
	<AppIcon name="es.codefactory.vocalizertts/es.codefactory.vocalizertts.VocalizerActivity" image="vocalizer_voices"/>

	<!-- WTMP -->
	<AppIcon name="com.wtmp.svdsoftware/com.wtmp.ui.HostActivity" image="wtmp"/>

</Theme>