<resources>

	<!-- Analizador WiFi -->
	<item component="ComponentInfo{com.wifianalyzer.networktools.wifitest/com.wifi.analyzer.test.view.activity.SplashActivity}" drawable="analizador_wifi" />

	<!-- Butterfly Nightly -->
	<item component="ComponentInfo{dev.linwood.butterfly.nightly/dev.linwood.butterfly.MainActivity}" drawable="butterfly_nightly" />

	<!-- Camera Date Folders -->
	<item component="ComponentInfo{de.kromke.andreas.cameradatefolders/de.kromke.andreas.cameradatefolders.MainActivity}" drawable="camera_date_folders" />

	<!-- Centro de experiencias -->
	<item component="ComponentInfo{com.motorola.systemui.desk/com.motorola.taskbar.bar.ExternalModeChooserActivity}" drawable="centro_de_experiencias" />

	<!-- CFE Contigo -->
	<item component="ComponentInfo{mx.com.cfe.cfecontigo/mx.com.cfe.cfecontigo.ui.login.LoginActivity}" drawable="cfe_contigo" />

	<!-- CPU X -->
	<item component="ComponentInfo{com.abs.cpu_z_advance/com.abs.cpu_z_advance.MainActivity}" drawable="cpu_x" />

	<!-- Descargador de video -->
	<item component="ComponentInfo{video.downloader.videodownloader/video.downloader.videodownloader.activity.MainActivity}" drawable="descargador_de_video" />

	<!-- File Navigator -->
	<item component="ComponentInfo{com.w2sv.filenavigator/com.w2sv.filenavigator.MainActivity}" drawable="file_navigator" />

	<!-- FireFiles -->
	<item component="ComponentInfo{com.gigabytedevelopersinc.app.explorer/com.gigabytedevelopersinc.app.explorer.DocumentsActivity}" drawable="firefiles" />

	<!-- Firefox Klar -->
	<item component="ComponentInfo{org.mozilla.klar/org.mozilla.focus.activity.MainActivity}" drawable="firefox_klar" />

	<!-- Free Fire -->
	<item component="ComponentInfo{com.dts.freefireth/com.dts.freefireth.FFMainActivity}" drawable="free_fire" />

	<!-- Image Toolbox -->
	<item component="ComponentInfo{ru.tech.imageresizershrinker/ru.tech.imageresizershrinker.presentation.AppActivity}" drawable="image_toolbox" />

	<!-- Launcher POCO -->
	<item component="ComponentInfo{com.mi.android.globallauncher/com.miui.home.launcher.SplashActivity}" drawable="launcher_poco" />

	<!-- Lenovo -->
	<item component="ComponentInfo{com.lenovo.serviceit/com.lenovo.serviceit.start.SplashActivity}" drawable="lenovo" />

	<!-- Limpiador de carpetas vacías -->
	<item component="ComponentInfo{com.empty.folder.cleaner.emptyfoldercleaner.removeemptyfolders/com.foldercleaner.removeemptyfolder.SpAct}" drawable="limpiador_de_carpetas_vacias" />

	<!-- Media Merger -->
	<item component="ComponentInfo{com.github.axet.mover/com.github.axet.mover.activities.MainActivity}" drawable="media_merger" />

	<!-- Mi Telcel -->
	<item component="ComponentInfo{com.speedymovil.wire/com.speedymovil.wire.activities.splash.SplashView}" drawable="mi_telcel" />

	<!-- ML Manager -->
	<item component="ComponentInfo{com.javiersantos.mlmanager/com.javiersantos.mlmanager.activities.MainActivity}" drawable="ml_manager" />

	<!-- Motorola México -->
	<item component="ComponentInfo{org.chromium.webapk.a1ee23770f41b891a_v2/org.chromium.webapk.shell_apk.h2o.H2OMainActivity}" drawable="motorola_mexico" />

	<!-- Musify -->
	<item component="ComponentInfo{com.gokadzev.musify.fdroid/com.ryanheise.audioservice.AudioServiceActivity}" drawable="musify" />

	<!-- Neo Backup -->
	<item component="ComponentInfo{com.machiav3lli.backup/com.machiav3lli.backup.activities.MainActivityX}" drawable="neo_backup" />

	<!-- Network - WiFi Info & SIM Tools -->
	<item component="ComponentInfo{com.kraph.wifisiminfo/com.kraph.wifisiminfo.activities.SplashActivity}" drawable="network_wifi_info_and_sim_tools" />

	<!-- Notas -->
	<item component="ComponentInfo{com.simplemobiletools.notes.pro/com.simplemobiletools.notes.pro.activities.SplashActivity.Amber}" drawable="notas" />

	<!-- Nova Video Player -->
	<item component="ComponentInfo{org.courville.nova/org.courville.nova.browser.BrowserActivityVideo}" drawable="nova_video_player" />

	<!-- OG Network Tools -->
	<item component="ComponentInfo{xyz.pisoj.og.nettools/xyz.pisoj.og.nettools.MainActivity}" drawable="og_network_tools" />

	<!-- Proton Calendar -->
	<item component="ComponentInfo{me.proton.android.calendar/me.proton.android.calendar.presentation.main.MainActivity}" drawable="proton_calendar" />

	<!-- Proton Pass -->
	<item component="ComponentInfo{proton.android.pass/proton.android.pass.ui.MainActivity}" drawable="proton_pass" />

	<!-- Prueba de velocidad -->
	<item component="ComponentInfo{com.wifispeedtest.wifisignalmeter/com.speedtest.wifispeedtest.mvp.SplashActivity}" drawable="prueba_de_velocidad" />

	<!-- SoundAura -->
	<item component="ComponentInfo{com.cliffracertech.soundaura/com.cliffracertech.soundaura.MainActivity}" drawable="soundaura" />

	<!-- Telcel -->
	<item component="ComponentInfo{com.telcel.contenedor/com.speedymovil.contenedor.gui.activities.AppsContainerActivity}" drawable="telcel" />

	<!-- TrustDevice Fingerprint -->
	<item component="ComponentInfo{com.trustdevice.android/cn.tongdun.android.activitys.SplashActivity}" drawable="trustdevice_fingerprint" />

	<!-- Tutorial -->
	<item component="ComponentInfo{com.motorola.systemui.desk/com.motorola.taskbar.onboard.OnBoardActivity}" drawable="tutorial" />

	<!-- Vernet -->
	<item component="ComponentInfo{org.fsociety.vernet/org.fsociety.vernet.MainActivity}" drawable="vernet" />

	<!-- Wi-Fi Info -->
	<item component="ComponentInfo{com.truemlgpro.wifiinfo/com.truemlgpro.wifiinfo.ui.MainActivity}" drawable="wi_fi_info" />

</resources>