<Theme version="1">

	<!-- Analizador WiFi -->
	<AppIcon name="com.wifianalyzer.networktools.wifitest/com.wifi.analyzer.test.view.activity.SplashActivity" image="analizador_wifi"/>

	<!-- Butterfly Nightly -->
	<AppIcon name="dev.linwood.butterfly.nightly/dev.linwood.butterfly.MainActivity" image="butterfly_nightly"/>

	<!-- Camera Date Folders -->
	<AppIcon name="de.kromke.andreas.cameradatefolders/de.kromke.andreas.cameradatefolders.MainActivity" image="camera_date_folders"/>

	<!-- Centro de experiencias -->
	<AppIcon name="com.motorola.systemui.desk/com.motorola.taskbar.bar.ExternalModeChooserActivity" image="centro_de_experiencias"/>

	<!-- CFE Contigo -->
	<AppIcon name="mx.com.cfe.cfecontigo/mx.com.cfe.cfecontigo.ui.login.LoginActivity" image="cfe_contigo"/>

	<!-- CPU X -->
	<AppIcon name="com.abs.cpu_z_advance/com.abs.cpu_z_advance.MainActivity" image="cpu_x"/>

	<!-- Descargador de video -->
	<AppIcon name="video.downloader.videodownloader/video.downloader.videodownloader.activity.MainActivity" image="descargador_de_video"/>

	<!-- File Navigator -->
	<AppIcon name="com.w2sv.filenavigator/com.w2sv.filenavigator.MainActivity" image="file_navigator"/>

	<!-- FireFiles -->
	<AppIcon name="com.gigabytedevelopersinc.app.explorer/com.gigabytedevelopersinc.app.explorer.DocumentsActivity" image="firefiles"/>

	<!-- Firefox Klar -->
	<AppIcon name="org.mozilla.klar/org.mozilla.focus.activity.MainActivity" image="firefox_klar"/>

	<!-- Free Fire -->
	<AppIcon name="com.dts.freefireth/com.dts.freefireth.FFMainActivity" image="free_fire"/>

	<!-- Image Toolbox -->
	<AppIcon name="ru.tech.imageresizershrinker/ru.tech.imageresizershrinker.presentation.AppActivity" image="image_toolbox"/>

	<!-- Launcher POCO -->
	<AppIcon name="com.mi.android.globallauncher/com.miui.home.launcher.SplashActivity" image="launcher_poco"/>

	<!-- Lenovo -->
	<AppIcon name="com.lenovo.serviceit/com.lenovo.serviceit.start.SplashActivity" image="lenovo"/>

	<!-- Limpiador de carpetas vacías -->
	<AppIcon name="com.empty.folder.cleaner.emptyfoldercleaner.removeemptyfolders/com.foldercleaner.removeemptyfolder.SpAct" image="limpiador_de_carpetas_vacias"/>

	<!-- Media Merger -->
	<AppIcon name="com.github.axet.mover/com.github.axet.mover.activities.MainActivity" image="media_merger"/>

	<!-- Mi Telcel -->
	<AppIcon name="com.speedymovil.wire/com.speedymovil.wire.activities.splash.SplashView" image="mi_telcel"/>

	<!-- ML Manager -->
	<AppIcon name="com.javiersantos.mlmanager/com.javiersantos.mlmanager.activities.MainActivity" image="ml_manager"/>

	<!-- Motorola México -->
	<AppIcon name="org.chromium.webapk.a1ee23770f41b891a_v2/org.chromium.webapk.shell_apk.h2o.H2OMainActivity" image="motorola_mexico"/>

	<!-- Musify -->
	<AppIcon name="com.gokadzev.musify.fdroid/com.ryanheise.audioservice.AudioServiceActivity" image="musify"/>

	<!-- Neo Backup -->
	<AppIcon name="com.machiav3lli.backup/com.machiav3lli.backup.activities.MainActivityX" image="neo_backup"/>

	<!-- Network - WiFi Info & SIM Tools -->
	<AppIcon name="com.kraph.wifisiminfo/com.kraph.wifisiminfo.activities.SplashActivity" image="network_wifi_info_and_sim_tools"/>

	<!-- Notas -->
	<AppIcon name="com.simplemobiletools.notes.pro/com.simplemobiletools.notes.pro.activities.SplashActivity.Amber" image="notas"/>

	<!-- Nova Video Player -->
	<AppIcon name="org.courville.nova/org.courville.nova.browser.BrowserActivityVideo" image="nova_video_player"/>

	<!-- OG Network Tools -->
	<AppIcon name="xyz.pisoj.og.nettools/xyz.pisoj.og.nettools.MainActivity" image="og_network_tools"/>

	<!-- Proton Calendar -->
	<AppIcon name="me.proton.android.calendar/me.proton.android.calendar.presentation.main.MainActivity" image="proton_calendar"/>

	<!-- Proton Pass -->
	<AppIcon name="proton.android.pass/proton.android.pass.ui.MainActivity" image="proton_pass"/>

	<!-- Prueba de velocidad -->
	<AppIcon name="com.wifispeedtest.wifisignalmeter/com.speedtest.wifispeedtest.mvp.SplashActivity" image="prueba_de_velocidad"/>

	<!-- SoundAura -->
	<AppIcon name="com.cliffracertech.soundaura/com.cliffracertech.soundaura.MainActivity" image="soundaura"/>

	<!-- Telcel -->
	<AppIcon name="com.telcel.contenedor/com.speedymovil.contenedor.gui.activities.AppsContainerActivity" image="telcel"/>

	<!-- TrustDevice Fingerprint -->
	<AppIcon name="com.trustdevice.android/cn.tongdun.android.activitys.SplashActivity" image="trustdevice_fingerprint"/>

	<!-- Tutorial -->
	<AppIcon name="com.motorola.systemui.desk/com.motorola.taskbar.onboard.OnBoardActivity" image="tutorial"/>

	<!-- Vernet -->
	<AppIcon name="org.fsociety.vernet/org.fsociety.vernet.MainActivity" image="vernet"/>

	<!-- Wi-Fi Info -->
	<AppIcon name="com.truemlgpro.wifiinfo/com.truemlgpro.wifiinfo.ui.MainActivity" image="wi_fi_info"/>

</Theme>