<resources>

	<!-- Bitpanda -->
	<item component="ComponentInfo{com.bitpanda.bitpanda/com.bitpanda.feature.onboarding.authentication.impl.ui.RoutingActivity}" drawable="bitpanda" />

	<!-- Busuu -->
	<item component="ComponentInfo{com.busuu.android.enc/com.busuu.android.bootstrap.presentation.BootStrapActivity}" drawable="busuu" />

	<!-- Calendar -->
	<item component="ComponentInfo{org.fossify.calendar/org.fossify.calendar.activities.SplashActivity.Teal}" drawable="calendar" />

	<!-- Camera -->
	<item component="ComponentInfo{com.nothing.camera/com.nothing.camera.activity.CameraActivity}" drawable="camera" />

	<!-- Catalyst Voting -->
	<item component="ComponentInfo{io.iohk.vitvoting/io.iohk.vitvoting.MainActivity}" drawable="catalyst_voting" />

	<!-- CodeCheck -->
	<item component="ComponentInfo{ch.ethz.im.codecheck/info.codecheck.android.ui.SplashActivity}" drawable="codecheck" />

	<!-- Contacts -->
	<item component="ComponentInfo{org.fossify.contacts/org.fossify.contacts.activities.SplashActivity.Teal}" drawable="contacts" />

	<!-- Crunchyroll -->
	<item component="ComponentInfo{com.crunchyroll.crunchyroid/com.ellation.crunchyroll.presentation.startup.StartupActivity}" drawable="crunchyroll" />

	<!-- Curve -->
	<item component="ComponentInfo{com.imaginecurve.curve.prd/com.imaginecurve.curve.startup.launch.LaunchActivity}" drawable="curve" />

	<!-- Epson Smart Panel -->
	<item component="ComponentInfo{com.epson.epsonsmart/com.epson.epsonsmart.controller.splash.SplashActivity}" drawable="epson_smart_panel" />

	<!-- File Manager -->
	<item component="ComponentInfo{org.fossify.filemanager/org.fossify.filemanager.activities.SplashActivity.Teal}" drawable="file_manager" />

	<!-- Gallery -->
	<item component="ComponentInfo{org.fossify.gallery/org.fossify.gallery.activities.SplashActivity.Teal}" drawable="gallery" />

	<!-- geteduroam -->
	<item component="ComponentInfo{app.eduroam.geteduroam/app.eduroam.geteduroam.MainActivity}" drawable="geteduroam" />

	<!-- LOVOO -->
	<item component="ComponentInfo{net.lovoo.android/com.lovoo.ui.activities.LovooStartActivity}" drawable="lovoo" />

	<!-- Mozc for Android -->
	<item component="ComponentInfo{org.mozc.android.inputmethod.japanese/org.mozc.android.inputmethod.japanese.LauncherActivity}" drawable="mozc_for_android" />

	<!-- NAVITIME -->
	<item component="ComponentInfo{com.navitime.inbound.walk/com.navitime.inbound.ui.main.MainActivity}" drawable="navitime" />

	<!-- nextbike -->
	<item component="ComponentInfo{de.nextbike/net.nextbike.v3.presentation.ui.main.view.MapActivity}" drawable="nextbike" />

	<!-- OkCupid -->
	<item component="ComponentInfo{com.okcupid.okcupid/com.okcupid.okcupid.activity.MainActivity}" drawable="okcupid" />

	<!-- Phone -->
	<item component="ComponentInfo{org.fossify.phone/org.fossify.phone.activities.SplashActivity.Teal}" drawable="phone" />

	<!-- Plutus -->
	<item component="ComponentInfo{it.plutus.android/it.plutus.android.MainActivity}" drawable="plutus" />

	<!-- Tapster -->
	<item component="ComponentInfo{com.gotapster.app/com.gotapster.app.MainActivity}" drawable="tapster" />

	<!-- Trade Republic -->
	<item component="ComponentInfo{de.traderepublic.app/de.traderepublic.app.ui.splash.LaunchActivity}" drawable="trade republic" />

	<!-- Vivid -->
	<item component="ComponentInfo{vivid.money/vivid.money.feature_main_screen.MainActivity}" drawable="vivid" />

	<!-- Withings -->
	<item component="ComponentInfo{com.withings.wiscale2/com.withings.wiscale2.MainActivity}" drawable="withings" />

</resources>