<Theme version="1">

	<!-- Bitpanda -->
	<AppIcon name="com.bitpanda.bitpanda/com.bitpanda.feature.onboarding.authentication.impl.ui.RoutingActivity" image="bitpanda"/>

	<!-- Busuu -->
	<AppIcon name="com.busuu.android.enc/com.busuu.android.bootstrap.presentation.BootStrapActivity" image="busuu"/>

	<!-- Calendar -->
	<AppIcon name="org.fossify.calendar/org.fossify.calendar.activities.SplashActivity.Teal" image="calendar"/>

	<!-- Camera -->
	<AppIcon name="com.nothing.camera/com.nothing.camera.activity.CameraActivity" image="camera"/>

	<!-- Catalyst Voting -->
	<AppIcon name="io.iohk.vitvoting/io.iohk.vitvoting.MainActivity" image="catalyst_voting"/>

	<!-- CodeCheck -->
	<AppIcon name="ch.ethz.im.codecheck/info.codecheck.android.ui.SplashActivity" image="codecheck"/>

	<!-- Contacts -->
	<AppIcon name="org.fossify.contacts/org.fossify.contacts.activities.SplashActivity.Teal" image="contacts"/>

	<!-- Crunchyroll -->
	<AppIcon name="com.crunchyroll.crunchyroid/com.ellation.crunchyroll.presentation.startup.StartupActivity" image="crunchyroll"/>

	<!-- Curve -->
	<AppIcon name="com.imaginecurve.curve.prd/com.imaginecurve.curve.startup.launch.LaunchActivity" image="curve"/>

	<!-- Epson Smart Panel -->
	<AppIcon name="com.epson.epsonsmart/com.epson.epsonsmart.controller.splash.SplashActivity" image="epson_smart_panel"/>

	<!-- File Manager -->
	<AppIcon name="org.fossify.filemanager/org.fossify.filemanager.activities.SplashActivity.Teal" image="file_manager"/>

	<!-- Gallery -->
	<AppIcon name="org.fossify.gallery/org.fossify.gallery.activities.SplashActivity.Teal" image="gallery"/>

	<!-- geteduroam -->
	<AppIcon name="app.eduroam.geteduroam/app.eduroam.geteduroam.MainActivity" image="geteduroam"/>

	<!-- LOVOO -->
	<AppIcon name="net.lovoo.android/com.lovoo.ui.activities.LovooStartActivity" image="lovoo"/>

	<!-- Mozc for Android -->
	<AppIcon name="org.mozc.android.inputmethod.japanese/org.mozc.android.inputmethod.japanese.LauncherActivity" image="mozc_for_android"/>

	<!-- NAVITIME -->
	<AppIcon name="com.navitime.inbound.walk/com.navitime.inbound.ui.main.MainActivity" image="navitime"/>

	<!-- nextbike -->
	<AppIcon name="de.nextbike/net.nextbike.v3.presentation.ui.main.view.MapActivity" image="nextbike"/>

	<!-- OkCupid -->
	<AppIcon name="com.okcupid.okcupid/com.okcupid.okcupid.activity.MainActivity" image="okcupid"/>

	<!-- Phone -->
	<AppIcon name="org.fossify.phone/org.fossify.phone.activities.SplashActivity.Teal" image="phone"/>

	<!-- Plutus -->
	<AppIcon name="it.plutus.android/it.plutus.android.MainActivity" image="plutus"/>

	<!-- Tapster -->
	<AppIcon name="com.gotapster.app/com.gotapster.app.MainActivity" image="tapster"/>

	<!-- Trade Republic -->
	<AppIcon name="de.traderepublic.app/de.traderepublic.app.ui.splash.LaunchActivity" image="trade republic"/>

	<!-- Vivid -->
	<AppIcon name="vivid.money/vivid.money.feature_main_screen.MainActivity" image="vivid"/>

	<!-- Withings -->
	<AppIcon name="com.withings.wiscale2/com.withings.wiscale2.MainActivity" image="withings"/>

</Theme>