<resources>

	<!-- Calculator -->
	<item component="ComponentInfo{com.oneplus.calculator/com.android.calculator2.Calculator}" drawable="calculator" />

	<!-- Camera -->
	<item component="ComponentInfo{com.oplus.camera/com.oplus.camera.Camera}" drawable="camera" />

	<!-- Camera -->
	<item component="ComponentInfo{com.android.MGC/com.android.camera.CameraLauncher}" drawable="camera" />

	<!-- Camera -->
	<item component="ComponentInfo{org.codeaurora.snapcam/com.android.camera.CameraLauncher}" drawable="camera" />

	<!-- Careerwill -->
	<item component="ComponentInfo{com.careerwill.careerwillapp/com.careerwill.careerwillapp.auth.MainActivity}" drawable="careerwill" />

	<!-- Clock -->
	<item component="ComponentInfo{com.oneplus.deskclock/com.oplus.alarmclock.AlarmClock}" drawable="clock" />

	<!-- Community -->
	<item component="ComponentInfo{net.oneplus.forums/com.oplus.community.activity.LauncherActivity}" drawable="community" />

	<!-- inshorts -->
	<item component="ComponentInfo{com.nis.app/com.nis.app.ui.activities.HomeActivity}" drawable="inshorts" />

	<!-- My Files -->
	<item component="ComponentInfo{com.oneplus.filemanager/com.oplus.filemanager.main.ui.MainActivity}" drawable="my_files" />

	<!-- Nekogram -->
	<item component="ComponentInfo{tw.nekomimi.nekogram/org.telegram.messenger.NoxIcon}" drawable="nekogram" />

	<!-- Photos -->
	<item component="ComponentInfo{com.oneplus.gallery/com.coloros.gallery3d.app.MainActivity}" drawable="photos" />

	<!-- TeleBox -->
	<item component="ComponentInfo{com.linkbox.plus.android/com.linkbox.app.LauncherActivity}" drawable="telebox" />

</resources>