<appmap>

	<!-- Calculator -->
	<item class="com.android.calculator2.Calculator" name="calculator"/>

	<!-- Camera -->
	<item class="com.oplus.camera.Camera" name="camera"/>

	<!-- Camera -->
	<item class="com.android.camera.CameraLauncher" name="camera"/>

	<!-- Camera -->
	<item class="com.android.camera.CameraLauncher" name="camera"/>

	<!-- Careerwill -->
	<item class="com.careerwill.careerwillapp.auth.MainActivity" name="careerwill"/>

	<!-- Clock -->
	<item class="com.oplus.alarmclock.AlarmClock" name="clock"/>

	<!-- Community -->
	<item class="com.oplus.community.activity.LauncherActivity" name="community"/>

	<!-- inshorts -->
	<item class="com.nis.app.ui.activities.HomeActivity" name="inshorts"/>

	<!-- My Files -->
	<item class="com.oplus.filemanager.main.ui.MainActivity" name="my_files"/>

	<!-- Nekogram -->
	<item class="org.telegram.messenger.NoxIcon" name="nekogram"/>

	<!-- Photos -->
	<item class="com.coloros.gallery3d.app.MainActivity" name="photos"/>

	<!-- TeleBox -->
	<item class="com.linkbox.app.LauncherActivity" name="telebox"/>

</appmap>