<Theme version="1">

	<!-- Calculator -->
	<AppIcon name="com.oneplus.calculator/com.android.calculator2.Calculator" image="calculator"/>

	<!-- Camera -->
	<AppIcon name="com.oplus.camera/com.oplus.camera.Camera" image="camera"/>

	<!-- Camera -->
	<AppIcon name="com.android.MGC/com.android.camera.CameraLauncher" image="camera"/>

	<!-- Camera -->
	<AppIcon name="org.codeaurora.snapcam/com.android.camera.CameraLauncher" image="camera"/>

	<!-- Careerwill -->
	<AppIcon name="com.careerwill.careerwillapp/com.careerwill.careerwillapp.auth.MainActivity" image="careerwill"/>

	<!-- Clock -->
	<AppIcon name="com.oneplus.deskclock/com.oplus.alarmclock.AlarmClock" image="clock"/>

	<!-- Community -->
	<AppIcon name="net.oneplus.forums/com.oplus.community.activity.LauncherActivity" image="community"/>

	<!-- inshorts -->
	<AppIcon name="com.nis.app/com.nis.app.ui.activities.HomeActivity" image="inshorts"/>

	<!-- My Files -->
	<AppIcon name="com.oneplus.filemanager/com.oplus.filemanager.main.ui.MainActivity" image="my_files"/>

	<!-- Nekogram -->
	<AppIcon name="tw.nekomimi.nekogram/org.telegram.messenger.NoxIcon" image="nekogram"/>

	<!-- Photos -->
	<AppIcon name="com.oneplus.gallery/com.coloros.gallery3d.app.MainActivity" image="photos"/>

	<!-- TeleBox -->
	<AppIcon name="com.linkbox.plus.android/com.linkbox.app.LauncherActivity" image="telebox"/>

</Theme>