<Theme version="1">

	<!-- aCalendar -->
	<AppIcon name="org.withouthat.acalendar/org.withouthat.acalendar.ACalendar" image="acalendar"/>

	<!-- AnyDesk -->
	<AppIcon name="com.anydesk.anydeskandroid/com.anydesk.anydeskandroid.gui.activity.MainActivity" image="anydesk"/>

	<!-- B﻿A-Mobil -->
	<AppIcon name="de.arbeitsagentur.bka/de.arbeitsagentur.bka.landing.LandingActivity" image="b﻿a_mobil"/>

	<!-- Caffeine -->
	<AppIcon name="moe.zhs.caffeine/moe.zhs.caffeine.MainActivity" image="caffeine"/>

	<!-- Camera -->
	<AppIcon name="com.oneplus.camera/com.oneplus.camera.OPCameraActivity" image="camera"/>

	<!-- Character Keep -->
	<AppIcon name="com.putnoczki.CharacterKeep/com.tns.NativeScriptActivity" image="character_keep"/>

	<!-- Clock -->
	<AppIcon name="com.oneplus.deskclock/com.oneplus.deskclock.DeskClock" image="clock"/>

	<!-- Clone Phone -->
	<AppIcon name="com.oneplus.backuprestore/com.oplus.phoneclone.PhoneCloneMainActivity" image="clone_phone"/>

	<!-- Community -->
	<AppIcon name="net.oneplus.forums/com.oneplus.community.activity.LauncherActivity" image="community"/>

	<!-- congstar -->
	<AppIcon name="de.congstar.meincongstar/de.congstar.meincongstar.ui.login.LoginActivity" image="congstar"/>

	<!-- Dice -->
	<AppIcon name="fr.sevenpixels.dice/com.unity3d.player.UnityPlayerActivity" image="dice"/>

	<!-- Dominion -->
	<AppIcon name="com.templegatesgames.DominionAndroid/com.TGActivity.TGActivity" image="dominion"/>

	<!-- flamy -->
	<AppIcon name="net.offlinefirst.flamy/net.offlinefirst.flamy.MainActivity" image="flamy"/>

	<!-- Foxit PDF Editor -->
	<AppIcon name="com.foxit.mobile.pdf.lite/com.fx.app.ui.AppActivity" image="foxit_pdf_editor"/>

	<!-- Games -->
	<AppIcon name="com.oplus.games/com.oplus.games.ui.main.MainGameActivity" image="games"/>

	<!-- Hunky Punk -->
	<AppIcon name="org.andglkmod.hunkypunk/org.andglkmod.hunkypunk.GamesList" image="hunky_punk"/>

	<!-- JFrotz -->
	<AppIcon name="com.whj1972.jfrotz/com.whj1972.jfrotz.JFrotzActivity" image="jfrotz"/>

	<!-- Keepass2Android -->
	<AppIcon name="keepass2android.keepass2android/crc64dd09b2a2e58bb27d.KeePass" image="keepass2android"/>

	<!-- Letterboxd -->
	<AppIcon name="com.letterboxd.letterboxd/com.letterboxd.letterboxd.ui.activities.LaunchActivity" image="letterboxd"/>

	<!-- Megalodon -->
	<AppIcon name="org.joinmastodon.android.sk/org.joinmastodon.android.MainActivity" image="megalodon"/>

	<!-- Messages -->
	<AppIcon name="com.android.mms/com.android.mms.ui.ConversationList" image="messages"/>

	<!-- MILES -->
	<AppIcon name="com.driveby.app/com.zoontek.rnbootsplash.RNBootSplashActivity" image="miles"/>

	<!-- Mondstern Acrylic Icons -->
	<AppIcon name="de.moooon.acrylicons/de.moooon.acrylicons.MainActivity" image="mondstern_acrylic_icons"/>

	<!-- My Files -->
	<AppIcon name="com.oneplus.filemanager/com.oplus.filemanager.main.ui.MainActivity" image="my_files"/>

	<!-- N26 -->
	<AppIcon name="de.number26.android/de.number26.machete.android.refactor.presentation.settings.customize_icon.launch_aliases.TealActivityLauncher" image="n26"/>

	<!-- Notes -->
	<AppIcon name="com.oneplus.note/com.nearme.note.main.MainActivity" image="notes"/>

	<!-- NYT Games -->
	<AppIcon name="com.nytimes.crossword/com.nytimes.crosswordlib.activity.MainActivity" image="nyt_games"/>

	<!-- OnePlus Store -->
	<AppIcon name="com.oneplus.store/com.oneplus.mall.view.SplashActivity" image="oneplus_store"/>

	<!-- Phone -->
	<AppIcon name="com.android.contacts/com.android.contacts.DialtactsActivityAlias" image="phone"/>

	<!-- Photos -->
	<AppIcon name="com.oneplus.gallery/com.oneplus.gallery.app.MainActivity" image="photos"/>

	<!-- Pocket Casts -->
	<AppIcon name="au.com.shiftyjelly.pocketcasts/au.com.shiftyjelly.pocketcasts.ui.MainActivity" image="pocket_casts"/>

	<!-- Post & DHL -->
	<AppIcon name="de.dhl.paket/de.its_berlin.dhlpaket.base.main.MainActivity" image="post_and_dhl"/>

	<!-- ScummVM -->
	<AppIcon name="org.scummvm.scummvm/org.scummvm.scummvm.SplashActivity" image="scummvm"/>

	<!-- Spark -->
	<AppIcon name="com.readdle.spark/com.readdle.spark.app.MainActivity" image="spark"/>

	<!-- tolino -->
	<AppIcon name="com.mytolino.app/com.musketeer.host.MainActivity" image="tolino"/>

	<!-- Weather -->
	<AppIcon name="net.oneplus.weather/net.oneplus.weather.app.MainActivity" image="weather"/>

	<!-- xkcd -->
	<AppIcon name="xyz.jienan.xkcd/xyz.jienan.xkcd.home.MainActivity" image="xkcd"/>

	<!-- Yorck Kinos -->
	<AppIcon name="nz.co.vista.android.movie.yorckkinos/nz.co.vista.android.movie.abc.feature.splash.SplashActivity" image="yorck_kinos"/>

	<!-- Zen Mode -->
	<AppIcon name="com.oneplus.brickmode/com.oneplus.brickmode.activity.MainControlActivity" image="zen_mode"/>

</Theme>