<resources>

	<!-- AdAway -->
	<item component="ComponentInfo{org.adaway/org.adaway.ui.home.HomeActivity}" drawable="adaway" />

	<!-- adidas -->
	<item component="ComponentInfo{com.adidas.app/com.adidas.intro.IntroActivity}" drawable="adidas" />

	<!-- Amazon -->
	<item component="ComponentInfo{in.amazon.mShop.android.shopping/com.amazon.mShop.home.HomeActivity}" drawable="amazon" />

	<!-- Ambient Music Mod -->
	<item component="ComponentInfo{com.kieronquinn.app.ambientmusicmod/com.kieronquinn.app.ambientmusicmod.ui.activities.MainActivity}" drawable="ambient_music_mod" />

	<!-- BCR -->
	<item component="ComponentInfo{com.chiller3.bcr/com.chiller3.bcr.settings.SettingsActivity}" drawable="bcr" />

	<!-- BSNL Selfcare -->
	<item component="ComponentInfo{com.digital.bsnl.selfcare/com.selfcare.mybsnl.activities.SplashActivity}" drawable="bsnl_selfcare" />

	<!-- Cache Cleaner -->
	<item component="ComponentInfo{com.github.bmx666.appcachecleaner/com.github.bmx666.appcachecleaner.ui.activity.LauncherActivity}" drawable="cache_cleaner" />

	<!-- Camera -->
	<item component="ComponentInfo{com.android.MGC_8_7_250/com.android.camera.CameraLauncher}" drawable="camera" />

	<!-- CamScanner -->
	<item component="ComponentInfo{com.intsig.camscanner/com.intsig.camscanner.mainmenu.mainactivity.MainActivity}" drawable="camscanner" />

	<!-- Dolby Atmos -->
	<item component="ComponentInfo{com.motorola.dolby.dolbyui/com.motorola.dolby.dolbyui.ui.welcome.WelcomeActivity}" drawable="dolby_atmos" />

	<!-- Dr. Driving -->
	<item component="ComponentInfo{com.ansangha.drdriving/com.ansangha.drdriving.DrDrivingActivity}" drawable="dr_driving" />

	<!-- Files -->
	<item component="ComponentInfo{com.marc.files/nl.marc_apps.files.MainActivity}" drawable="marc_files" />

	<!-- FM Radio -->
	<item component="ComponentInfo{com.caf.fmradio/com.caf.fmradio.FMRadio}" drawable="caf_fm_radio" />

	<!-- Iconeration -->
	<item component="ComponentInfo{com.kaanelloed.iconeration/com.kaanelloed.iconeration.MainActivity}" drawable="iconeration" />

	<!-- iMobile Pay -->
	<item component="ComponentInfo{com.csam.icici.bank.imobile/com.csam.icici.bank.imobile.launcher_be5fee416d17a4d4bdcf67199a9cbb9893a784e44dbdba19087c3db5e1e61f81}" drawable="imobile_pay" />

	<!-- Kotak Bank -->
	<item component="ComponentInfo{com.msf.kbank.mobile/com.msf.kbank.mobile.launcher_d5e15a74df3d33e17b26d16a879646bfef34a86881463b2b8442d76af1f6f1f4}" drawable="kotak_bank" />

	<!-- M Manager -->
	<item component="ComponentInfo{xbsbwqvibbnmh.c.e/mGr.j.vW}" drawable="m_manager" />

	<!-- My BSNL Tunes -->
	<item component="ComponentInfo{com.onmobile.rbt.bsnl/com.onmobile.baseline3_flutter.MainActivity}" drawable="my_bsnl_tunes" />

	<!-- MyDramaList -->
	<item component="ComponentInfo{com.mydramalist.app/com.mydramalist.app.MainActivity}" drawable="mydramalist" />

	<!-- Paytm -->
	<item component="ComponentInfo{net.one97.paytm/net.one97.paytm.landingpage.activity.AJRMainActivity}" drawable="paytm" />

	<!-- Plus -->
	<item component="ComponentInfo{org.telegram.plus/org.telegram.messenger.DarkIcon}" drawable="telegram_plus" />

	<!-- Recorder -->
	<item component="ComponentInfo{com.google.android.apps.recorder/com.google.android.apps.recorder.ui.recordings.MainActivity}" drawable="google_recorder" />

	<!-- Rewards -->
	<item component="ComponentInfo{com.google.android.apps.paidtasks/com.google.android.apps.paidtasks.activity.LaunchActivity}" drawable="rewards" />

	<!-- Root Checker Basic -->
	<item component="ComponentInfo{com.joeykrim.rootcheck/com.joeykrim.rootcheck.MainActivity}" drawable="root_checker_basic" />

	<!-- Safety -->
	<item component="ComponentInfo{com.google.android.apps.safetyhub/com.google.android.apps.safetyhub.LauncherActivity}" drawable="safety" />

	<!-- Scanner -->
	<item component="ComponentInfo{com.xiaomi.scanner/com.xiaomi.scanner.app.ScanActivity}" drawable="scanner" />

	<!-- Smartspacer -->
	<item component="ComponentInfo{com.kieronquinn.app.smartspacer/com.kieronquinn.app.smartspacer.ui.activities.MainActivity}" drawable="smartspacer" />

	<!-- Snapchat -->
	<item component="ComponentInfo{com.snapchat.android/com.snapchat.android.Icon22Alias}" drawable="snapchat22" />

	<!-- SnapEnhance -->
	<item component="ComponentInfo{me.rhunk.snapenhance/me.rhunk.snapenhance.ui.download.DownloadManagerActivity}" drawable="snapenhance" />

	<!-- StatusBarLyricExt -->
	<item component="ComponentInfo{io.cjybyjk.statuslyricext/io.cjybyjk.statuslyricext.SettingsActivity}" drawable="statusbarlyricext" />

	<!-- URLCheck -->
	<item component="ComponentInfo{com.trianguloy.urlchecker/com.trianguloy.urlchecker.activities.MainActivity}" drawable="urlcheck" />

	<!-- Vi App -->
	<item component="ComponentInfo{com.mventus.selfcare.activity/com.mventus.selfcare.activity.MainActivityic_launcher}" drawable="vi_app" />

	<!-- Video to Wallpaper -->
	<item component="ComponentInfo{com.koncius.video.wallpaper/com.koncius.video.wallpaper.MainActivity}" drawable="video_to_wallpaper" />

	<!-- X -->
	<item component="ComponentInfo{com.twitter.android/com.twitter.android.StartActivity}" drawable="x" />

	<!-- YASNAC -->
	<item component="ComponentInfo{rikka.safetynetchecker/rikka.safetynetchecker.main.MainActivity}" drawable="yasnac" />

</resources>