<appmap>

	<!-- AdAway -->
	<item class="org.adaway.ui.home.HomeActivity" name="adaway"/>

	<!-- adidas -->
	<item class="com.adidas.intro.IntroActivity" name="adidas"/>

	<!-- Amazon -->
	<item class="com.amazon.mShop.home.HomeActivity" name="amazon"/>

	<!-- Ambient Music Mod -->
	<item class="com.kieronquinn.app.ambientmusicmod.ui.activities.MainActivity" name="ambient_music_mod"/>

	<!-- BCR -->
	<item class="com.chiller3.bcr.settings.SettingsActivity" name="bcr"/>

	<!-- BSNL Selfcare -->
	<item class="com.selfcare.mybsnl.activities.SplashActivity" name="bsnl_selfcare"/>

	<!-- Cache Cleaner -->
	<item class="com.github.bmx666.appcachecleaner.ui.activity.LauncherActivity" name="cache_cleaner"/>

	<!-- Camera -->
	<item class="com.android.camera.CameraLauncher" name="camera"/>

	<!-- CamScanner -->
	<item class="com.intsig.camscanner.mainmenu.mainactivity.MainActivity" name="camscanner"/>

	<!-- Dolby Atmos -->
	<item class="com.motorola.dolby.dolbyui.ui.welcome.WelcomeActivity" name="dolby_atmos"/>

	<!-- Dr. Driving -->
	<item class="com.ansangha.drdriving.DrDrivingActivity" name="dr_driving"/>

	<!-- Files -->
	<item class="nl.marc_apps.files.MainActivity" name="marc_files"/>

	<!-- FM Radio -->
	<item class="com.caf.fmradio.FMRadio" name="caf_fm_radio"/>

	<!-- Iconeration -->
	<item class="com.kaanelloed.iconeration.MainActivity" name="iconeration"/>

	<!-- iMobile Pay -->
	<item class="com.csam.icici.bank.imobile.launcher_be5fee416d17a4d4bdcf67199a9cbb9893a784e44dbdba19087c3db5e1e61f81" name="imobile_pay"/>

	<!-- Kotak Bank -->
	<item class="com.msf.kbank.mobile.launcher_d5e15a74df3d33e17b26d16a879646bfef34a86881463b2b8442d76af1f6f1f4" name="kotak_bank"/>

	<!-- M Manager -->
	<item class="mGr.j.vW" name="m_manager"/>

	<!-- My BSNL Tunes -->
	<item class="com.onmobile.baseline3_flutter.MainActivity" name="my_bsnl_tunes"/>

	<!-- MyDramaList -->
	<item class="com.mydramalist.app.MainActivity" name="mydramalist"/>

	<!-- Paytm -->
	<item class="net.one97.paytm.landingpage.activity.AJRMainActivity" name="paytm"/>

	<!-- Plus -->
	<item class="org.telegram.messenger.DarkIcon" name="telegram_plus"/>

	<!-- Recorder -->
	<item class="com.google.android.apps.recorder.ui.recordings.MainActivity" name="google_recorder"/>

	<!-- Rewards -->
	<item class="com.google.android.apps.paidtasks.activity.LaunchActivity" name="rewards"/>

	<!-- Root Checker Basic -->
	<item class="com.joeykrim.rootcheck.MainActivity" name="root_checker_basic"/>

	<!-- Safety -->
	<item class="com.google.android.apps.safetyhub.LauncherActivity" name="safety"/>

	<!-- Scanner -->
	<item class="com.xiaomi.scanner.app.ScanActivity" name="scanner"/>

	<!-- Smartspacer -->
	<item class="com.kieronquinn.app.smartspacer.ui.activities.MainActivity" name="smartspacer"/>

	<!-- Snapchat -->
	<item class="com.snapchat.android.Icon22Alias" name="snapchat22"/>

	<!-- SnapEnhance -->
	<item class="me.rhunk.snapenhance.ui.download.DownloadManagerActivity" name="snapenhance"/>

	<!-- StatusBarLyricExt -->
	<item class="io.cjybyjk.statuslyricext.SettingsActivity" name="statusbarlyricext"/>

	<!-- URLCheck -->
	<item class="com.trianguloy.urlchecker.activities.MainActivity" name="urlcheck"/>

	<!-- Vi App -->
	<item class="com.mventus.selfcare.activity.MainActivityic_launcher" name="vi_app"/>

	<!-- Video to Wallpaper -->
	<item class="com.koncius.video.wallpaper.MainActivity" name="video_to_wallpaper"/>

	<!-- X -->
	<item class="com.twitter.android.StartActivity" name="x"/>

	<!-- YASNAC -->
	<item class="rikka.safetynetchecker.main.MainActivity" name="yasnac"/>

</appmap>