<Theme version="1">

	<!-- AdAway -->
	<AppIcon name="org.adaway/org.adaway.ui.home.HomeActivity" image="adaway"/>

	<!-- adidas -->
	<AppIcon name="com.adidas.app/com.adidas.intro.IntroActivity" image="adidas"/>

	<!-- Amazon -->
	<AppIcon name="in.amazon.mShop.android.shopping/com.amazon.mShop.home.HomeActivity" image="amazon"/>

	<!-- Ambient Music Mod -->
	<AppIcon name="com.kieronquinn.app.ambientmusicmod/com.kieronquinn.app.ambientmusicmod.ui.activities.MainActivity" image="ambient_music_mod"/>

	<!-- BCR -->
	<AppIcon name="com.chiller3.bcr/com.chiller3.bcr.settings.SettingsActivity" image="bcr"/>

	<!-- BSNL Selfcare -->
	<AppIcon name="com.digital.bsnl.selfcare/com.selfcare.mybsnl.activities.SplashActivity" image="bsnl_selfcare"/>

	<!-- Cache Cleaner -->
	<AppIcon name="com.github.bmx666.appcachecleaner/com.github.bmx666.appcachecleaner.ui.activity.LauncherActivity" image="cache_cleaner"/>

	<!-- Camera -->
	<AppIcon name="com.android.MGC_8_7_250/com.android.camera.CameraLauncher" image="camera"/>

	<!-- CamScanner -->
	<AppIcon name="com.intsig.camscanner/com.intsig.camscanner.mainmenu.mainactivity.MainActivity" image="camscanner"/>

	<!-- Dolby Atmos -->
	<AppIcon name="com.motorola.dolby.dolbyui/com.motorola.dolby.dolbyui.ui.welcome.WelcomeActivity" image="dolby_atmos"/>

	<!-- Dr. Driving -->
	<AppIcon name="com.ansangha.drdriving/com.ansangha.drdriving.DrDrivingActivity" image="dr_driving"/>

	<!-- Files -->
	<AppIcon name="com.marc.files/nl.marc_apps.files.MainActivity" image="marc_files"/>

	<!-- FM Radio -->
	<AppIcon name="com.caf.fmradio/com.caf.fmradio.FMRadio" image="caf_fm_radio"/>

	<!-- Iconeration -->
	<AppIcon name="com.kaanelloed.iconeration/com.kaanelloed.iconeration.MainActivity" image="iconeration"/>

	<!-- iMobile Pay -->
	<AppIcon name="com.csam.icici.bank.imobile/com.csam.icici.bank.imobile.launcher_be5fee416d17a4d4bdcf67199a9cbb9893a784e44dbdba19087c3db5e1e61f81" image="imobile_pay"/>

	<!-- Kotak Bank -->
	<AppIcon name="com.msf.kbank.mobile/com.msf.kbank.mobile.launcher_d5e15a74df3d33e17b26d16a879646bfef34a86881463b2b8442d76af1f6f1f4" image="kotak_bank"/>

	<!-- M Manager -->
	<AppIcon name="xbsbwqvibbnmh.c.e/mGr.j.vW" image="m_manager"/>

	<!-- My BSNL Tunes -->
	<AppIcon name="com.onmobile.rbt.bsnl/com.onmobile.baseline3_flutter.MainActivity" image="my_bsnl_tunes"/>

	<!-- MyDramaList -->
	<AppIcon name="com.mydramalist.app/com.mydramalist.app.MainActivity" image="mydramalist"/>

	<!-- Paytm -->
	<AppIcon name="net.one97.paytm/net.one97.paytm.landingpage.activity.AJRMainActivity" image="paytm"/>

	<!-- Plus -->
	<AppIcon name="org.telegram.plus/org.telegram.messenger.DarkIcon" image="telegram_plus"/>

	<!-- Recorder -->
	<AppIcon name="com.google.android.apps.recorder/com.google.android.apps.recorder.ui.recordings.MainActivity" image="google_recorder"/>

	<!-- Rewards -->
	<AppIcon name="com.google.android.apps.paidtasks/com.google.android.apps.paidtasks.activity.LaunchActivity" image="rewards"/>

	<!-- Root Checker Basic -->
	<AppIcon name="com.joeykrim.rootcheck/com.joeykrim.rootcheck.MainActivity" image="root_checker_basic"/>

	<!-- Safety -->
	<AppIcon name="com.google.android.apps.safetyhub/com.google.android.apps.safetyhub.LauncherActivity" image="safety"/>

	<!-- Scanner -->
	<AppIcon name="com.xiaomi.scanner/com.xiaomi.scanner.app.ScanActivity" image="scanner"/>

	<!-- Smartspacer -->
	<AppIcon name="com.kieronquinn.app.smartspacer/com.kieronquinn.app.smartspacer.ui.activities.MainActivity" image="smartspacer"/>

	<!-- Snapchat -->
	<AppIcon name="com.snapchat.android/com.snapchat.android.Icon22Alias" image="snapchat22"/>

	<!-- SnapEnhance -->
	<AppIcon name="me.rhunk.snapenhance/me.rhunk.snapenhance.ui.download.DownloadManagerActivity" image="snapenhance"/>

	<!-- StatusBarLyricExt -->
	<AppIcon name="io.cjybyjk.statuslyricext/io.cjybyjk.statuslyricext.SettingsActivity" image="statusbarlyricext"/>

	<!-- URLCheck -->
	<AppIcon name="com.trianguloy.urlchecker/com.trianguloy.urlchecker.activities.MainActivity" image="urlcheck"/>

	<!-- Vi App -->
	<AppIcon name="com.mventus.selfcare.activity/com.mventus.selfcare.activity.MainActivityic_launcher" image="vi_app"/>

	<!-- Video to Wallpaper -->
	<AppIcon name="com.koncius.video.wallpaper/com.koncius.video.wallpaper.MainActivity" image="video_to_wallpaper"/>

	<!-- X -->
	<AppIcon name="com.twitter.android/com.twitter.android.StartActivity" image="x"/>

	<!-- YASNAC -->
	<AppIcon name="rikka.safetynetchecker/rikka.safetynetchecker.main.MainActivity" image="yasnac"/>

</Theme>