<resources>

	<!-- All tools -->
	<item component="ComponentInfo{com.pradhyu.alltoolseveryutility/com.pradhyu.alltoolseveryutility.Alltools}" drawable="all_tools" />

	<!-- App Market -->
	<item component="ComponentInfo{com.heytap.market/com.heytap.market.activity.MainActivity}" drawable="app_market" />

	<!-- Calculator -->
	<item component="ComponentInfo{com.coloros.calculator/com.android.calculator2.Calculator}" drawable="calculator" />

	<!-- Camera -->
	<item component="ComponentInfo{com.oppo.camera/com.oppo.camera.Camera}" drawable="camera" />

	<!-- Camera -->
	<item component="ComponentInfo{app.grapheneos.camera.play/app.grapheneos.camera.ui.activities.MainActivity}" drawable="camera" />

	<!-- Clock -->
	<item component="ComponentInfo{com.coloros.alarmclock/com.coloros.alarmclock.AlarmClock}" drawable="clock" />

	<!-- Clone Phone -->
	<item component="ComponentInfo{com.coloros.backuprestore/com.coloros.phoneclone.PhoneCloneMainActivity}" drawable="clone_phone" />

	<!-- Community -->
	<item component="ComponentInfo{com.realmecomm.app/com.android.realme2.start.view.StartActivity}" drawable="community" />

	<!-- Compass -->
	<item component="ComponentInfo{com.coloros.compass2/com.coloros.compass.flat.FlatCompass}" drawable="compass" />

	<!-- DocVault -->
	<item component="ComponentInfo{com.os.docvault/com.coloros.oppodocvault.views.ftu.ui.FTUWelcomeActivity}" drawable="docvault" />

	<!-- Domino Go -->
	<item component="ComponentInfo{com.beachbum.domino/com.unity3d.player.UnityPlayerActivity}" drawable="domino_go" />

	<!-- Duo Mobile -->
	<item component="ComponentInfo{com.duosecurity.duomobile/com.duosecurity.duomobile.account_list.AccountListActivity}" drawable="duo_mobile" />

	<!-- File Commander -->
	<item component="ComponentInfo{com.mobisystems.fileman_premium/br.com.bemobi.drm.wrapper.MainActivity}" drawable="file_commander" />

	<!-- File Manager -->
	<item component="ComponentInfo{com.coloros.filemanager/com.coloros.filemanager.filerefactor.ui.main.MainActivity}" drawable="file_manager" />

	<!-- FinShell Pay -->
	<item component="ComponentInfo{com.finshell.fin/com.finshell.fin.activity.MainActivity}" drawable="finshell_pay" />

	<!-- FM Radio -->
	<item component="ComponentInfo{com.android.fmradio/com.android.fmradio.FmMainActivity}" drawable="fm_radio" />

	<!-- Game Center -->
	<item component="ComponentInfo{com.nearme.gamecenter/com.nearme.gamecenter.ui.activity.SplashActivity}" drawable="game_center" />

	<!-- Game Space -->
	<item component="ComponentInfo{com.coloros.gamespaceui/com.coloros.gamespaceui.activity.StartActivity}" drawable="game_space" />

	<!-- Google Pay -->
	<item component="ComponentInfo{com.google.android.apps.nbu.paisa.user/com.google.android.apps.nbu.paisa.user.launcher.LauncherActivity}" drawable="google_pay" />

	<!-- Habit Calendar -->
	<item component="ComponentInfo{com.panagola.app.tictactoecalendar/com.panagola.app.tictactoecalendar.StartActivity}" drawable="habit_calendar" />

	<!-- HeyFun -->
	<item component="ComponentInfo{com.heytap.quickgame/com.heytap.quickgame.module.others.launcher.LauncherActivity}" drawable="heyfun" />

	<!-- HeyTap Cloud -->
	<item component="ComponentInfo{com.heytap.cloud/com.heytap.cloud.home.ui.CloudLauncherActivity}" drawable="heytap_cloud" />

	<!-- Hot Apps -->
	<item component="ComponentInfo{com.heytap.market/com.oppo.cdo.ui.external.desktop.DeskHotAppActivity}" drawable="hot_apps" />

	<!-- Hot Games -->
	<item component="ComponentInfo{com.heytap.market/com.oppo.cdo.ui.external.desktop.DeskHotGameActivity}" drawable="hot_games" />

	<!-- Ludo King -->
	<item component="ComponentInfo{com.ludo.king/com.google.firebase.MessagingUnityPlayerActivity}" drawable="ludo_king" />

	<!-- Messages -->
	<item component="ComponentInfo{com.android.mms/com.android.mms.ui.ConversationList}" drawable="messages" />

	<!-- Music -->
	<item component="ComponentInfo{com.heytap.music/com.nearme.music.splash.SplashActivity}" drawable="music" />

	<!-- My Airtel -->
	<item component="ComponentInfo{net.omobio.airtelsc/net.omobio.airtelsc.ui.splash.SplashActivity}" drawable="my_airtel" />

	<!-- Patient Aid -->
	<item component="ComponentInfo{com.itmedicus.patientaid/com.itmedicus.patientaid.activities.Splash}" drawable="patient_aid" />

	<!-- Perfectly Clear -->
	<item component="ComponentInfo{com.bemobi.de.worldiety.athentech.perfectlyclear/br.com.bemobi.drm.wrapper.MainActivity}" drawable="perfectly_clear" />

	<!-- Phone -->
	<item component="ComponentInfo{com.android.contacts/com.android.contacts.DialtactsActivityAlias}" drawable="phone" />

	<!-- Phone Manager -->
	<item component="ComponentInfo{com.coloros.phonemanager/com.coloros.phonemanager.FakeActivity}" drawable="phone_manager" />

	<!-- Photos -->
	<item component="ComponentInfo{com.coloros.gallery3d/com.coloros.gallery3d.app.MainActivity}" drawable="photos" />

	<!-- PixelCam Fuse -->
	<item component="ComponentInfo{org.codeaurora.snapcam/com.android.camera.CameraLauncher}" drawable="pixelcam_fuse" />

	<!-- realme Link -->
	<item component="ComponentInfo{com.realme.link/com.realme.link.home.SplashActivity}" drawable="realme_link" />

	<!-- realme Store -->
	<item component="ComponentInfo{com.realmestore.app/com.realme.store.start.view.StartActivity}" drawable="realme_store" />

	<!-- Recorder -->
	<item component="ComponentInfo{com.coloros.soundrecorder/oppo.multimedia.soundrecorder.filebrowser.BrowseFile}" drawable="recorder" />

	<!-- Remote ADB Shell -->
	<item component="ComponentInfo{com.cgutman.androidremotedebugger/com.cgutman.androidremotedebugger.ConnectActivity}" drawable="remote_adb_shell" />

	<!-- Screen Lock -->
	<item component="ComponentInfo{com.coloros.onekeylockscreen/com.oplus.onekeylockscreen.OneKeyLockScreen}" drawable="screen_lock" />

	<!-- Shizuku -->
	<item component="ComponentInfo{moe.shizuku.privileged.api/moe.shizuku.manager.MainActivity}" drawable="shizuku" />

	<!-- SIMII Toolkit -->
	<item component="ComponentInfo{com.android.stk/com.android.stk.mtk.StkLauncherActivityII}" drawable="simii_toolkit" />

	<!-- Spectroid -->
	<item component="ComponentInfo{org.intoorbit.spectrum/org.intoorbit.spectrum.SpectrumActivity}" drawable="spectroid" />

	<!-- Squad Commando 3D - Gun Games -->
	<item component="ComponentInfo{com.mission.infiltration.strike.action.freeshootinggame.playades/br.com.bemobi.drm.wrapper.MainActivity}" drawable="squad_commando_3d_gun_games" />

	<!-- Subway Surf -->
	<item component="ComponentInfo{com.subwaysurf.saintpetersburg/br.com.bemobi.drm.wrapper.MainActivity}" drawable="subway_surf" />

	<!-- Theme Store -->
	<item component="ComponentInfo{com.heytap.themestore/com.nearme.themespace.activities.ThemeActivity}" drawable="theme_store" />

	<!-- Videos -->
	<item component="ComponentInfo{com.coloros.video/com.oplus.video.SplashActivity}" drawable="videos" />

	<!-- Virtual Master -->
	<item component="ComponentInfo{com.clone.android.dual.space/com.android.vmapp.ui.MainActivity}" drawable="virtual_master" />

	<!-- Weather -->
	<item component="ComponentInfo{com.coloros.weather2/com.coloros.weather.main.view.WeatherMainActivity}" drawable="weather" />

</resources>