<resources>

	<!-- @Voice -->
	<item component="ComponentInfo{com.hyperionics.avar/com.hyperionics.avar.SpeakReferenceActivity}" drawable="@voice" />

	<!-- ADPMobile -->
	<item component="ComponentInfo{com.adpmobile.android/com.adpmobile.android.auth.ui.AuthAppActivity}" drawable="adpmobile" />

	<!-- AIO Store -->
	<item component="ComponentInfo{ru.execbit.aiostore/ru.execbit.aiostore.MainActivity}" drawable="aio_store" />

	<!-- App Volume Control -->
	<item component="ComponentInfo{com.spycorp.appvolumecontrol/com.spycorp.appvolumecontrol.TabsMainApp}" drawable="app_volume_control" />

	<!-- Assistance App -->
	<item component="ComponentInfo{com.infostretch.iSOSAndroid/com.infostretch.iSOSAndroid.MainActivity}" drawable="assistance_app" />

	<!-- Best Fiends -->
	<item component="ComponentInfo{com.Seriously.BestFiends/com.appboy.unity.AppboyUnityPlayerActivity}" drawable="best_fiends" />

	<!-- Burger King -->
	<item component="ComponentInfo{com.emn8.mobilem8.nativeapp.bk/com.emn8.mobilem8.nativeapp.bk.MainActivity}" drawable="burger_king" />

	<!-- BuzzKill -->
	<item component="ComponentInfo{com.samruston.buzzkill/com.samruston.buzzkill.ui.MainActivity}" drawable="buzzkill" />

	<!-- Calendar Edge -->
	<item component="ComponentInfo{com.jahertor.edgecalendar/com.jahertor.edgecalendar.views.MainActivity}" drawable="calendar_edge" />

	<!-- Call Filter -->
	<item component="ComponentInfo{com.vzw.ecid/com.cequint.callfilter.MainActivity}" drawable="call_filter" />

	<!-- CanPay -->
	<item component="ComponentInfo{org.chromium.webapk.a032d27f82dee0139_v2/org.chromium.webapk.shell_apk.h2o.H2OOpaqueMainActivity}" drawable="canpay" />

	<!-- Citi Mobile -->
	<item component="ComponentInfo{com.citi.citimobile/com.citi.mobile.pt3.GlobalPhoneActivity}" drawable="citi_mobile" />

	<!-- Cloud -->
	<item component="ComponentInfo{com.vcast.mediamanager/com.vcast.mediamanager.gui.activities.SplashLogoActivity}" drawable="cloud" />

	<!-- Company Portal -->
	<item component="ComponentInfo{com.microsoft.windowsintune.companyportal/com.microsoft.windowsintune.companyportal.views.SplashActivity}" drawable="company_portal" />

	<!-- CVS -->
	<item component="ComponentInfo{com.cvs.launchers.cvs/com.cvs.launchers.cvs.StartupActivity}" drawable="cvs" />

	<!-- Dashlane -->
	<item component="ComponentInfo{com.dashlane/com.dashlane.ui.activities.SplashScreenActivity}" drawable="dashlane" />

	<!-- Delta -->
	<item component="ComponentInfo{website.leifs.delta.foss/website.leifs.delta.activities.MainActivity}" drawable="delta" />

	<!-- DigiCal -->
	<item component="ComponentInfo{com.digibites.calendar/com.digibites.calendar.WeekAgendaActivity}" drawable="digical" />

	<!-- DigiCal+ Key -->
	<item component="ComponentInfo{com.digibites.calendarplus/com.digibites.calendarplus.InfoActivity}" drawable="digical_key" />

	<!-- drupe -->
	<item component="ComponentInfo{mobi.drupe.app/mobi.drupe.app.boarding.BoardingMActivity}" drawable="drupe" />

	<!-- drupe dialer -->
	<item component="ComponentInfo{mobi.drupe.app/mobi.drupe.app.DialerIconActivity}" drawable="drupe_dialer" />

	<!-- Easy Voice Recorder Pro -->
	<item component="ComponentInfo{com.digipom.easyvoicerecorder.pro/com.digipom.easyvoicerecorder.ui.activity.EasyVoiceRecorderActivity}" drawable="easy_voice_recorder_pro" />

	<!-- Edge Beta -->
	<item component="ComponentInfo{com.microsoft.emmx.beta/com.microsoft.ruby.Main}" drawable="edge_beta" />

	<!-- EgyptianBasra -->
	<item component="ComponentInfo{com.abyadtherock.egyptianbasra2/com.unity3d.player.UnityPlayerActivity}" drawable="egyptianbasra" />

	<!-- Energy Bar -->
	<item component="ComponentInfo{you.in.spark.energy/you.in.spark.energy.WelcomeScreen}" drawable="energy_bar" />

	<!-- Estate Sales -->
	<item component="ComponentInfo{org.chromium.webapk.a804d2337b762f006_v2/org.chromium.webapk.shell_apk.h2o.H2OOpaqueMainActivity}" drawable="estate_sales" />

	<!-- Family Link -->
	<item component="ComponentInfo{com.google.android.apps.kids.familylink/com.google.android.apps.kids.familylink.flutter.standalone.HomeActivity}" drawable="family_link" />

	<!-- Forms -->
	<item component="ComponentInfo{org.chromium.webapk.ab1fe3ec9d56bb103_v2/org.chromium.webapk.shell_apk.h2o.H2OOpaqueMainActivity}" drawable="forms" />

	<!-- Grammarly -->
	<item component="ComponentInfo{com.grammarly.android.keyboard/com.grammarly.common.launcher.LauncherActivity}" drawable="grammarly" />

	<!-- Greenlight -->
	<item component="ComponentInfo{me.greenlight/me.greenlight.launch.LaunchActivity}" drawable="greenlight" />

	<!-- Heads Up! -->
	<item component="ComponentInfo{com.wb.headsup/com.swrve.unity.firebase.MainActivity}" drawable="heads_up_" />

	<!-- Hotspot Shield VPN -->
	<item component="ComponentInfo{hotspotshield.android.vpn/com.anchorfree.hotspotshield.ui.HssActivity}" drawable="hotspot_shield_vpn" />

	<!-- HP Smart -->
	<item component="ComponentInfo{com.hp.printercontrol/com.hp.printercontrol.base.PrinterControlActivity}" drawable="hp_smart" />

	<!-- Hue -->
	<item component="ComponentInfo{com.philips.lighting.hue2/com.philips.lighting.hue2.ContentActivity}" drawable="hue" />

	<!-- IFTTT -->
	<item component="ComponentInfo{com.ifttt.ifttt/com.ifttt.ifttt.home.HomeActivity}" drawable="ifttt" />

	<!-- Kasa -->
	<item component="ComponentInfo{com.tplink.kasa_android/com.tplink.iot.view.welcome.StartupActivity}" drawable="kasa" />

	<!-- Libby -->
	<item component="ComponentInfo{com.overdrive.mobile.android.libby/com.overdrive.mobile.android.nautilus.ui.Activity_Main}" drawable="libby" />

	<!-- MaterialOS -->
	<item component="ComponentInfo{org.materialos.icons/com.afollestad.polar.ui.SplashScreen}" drawable="materialos" />

	<!-- Messenger Kids -->
	<item component="ComponentInfo{com.facebook.talk/com.facebook.talk.threadlist.ThreadlistActivity}" drawable="messenger_kids" />

	<!-- Microsoft SwiftKey Beta Keyboard -->
	<item component="ComponentInfo{com.touchtype.swiftkey.beta/com.touchtype.LauncherActivityIcon}" drawable="microsoft_swiftkey_beta_keyboard" />

	<!-- Moonshine -->
	<item component="ComponentInfo{nexbit.icons.moonshine/com.natewren.dashboard.SplashScreen}" drawable="moonshine" />

	<!-- My WM -->
	<item component="ComponentInfo{com.eBusiness/com.eBusiness.ui.splash.SplashActivity}" drawable="my_wm" />

	<!-- myQ -->
	<item component="ComponentInfo{com.chamberlain.android.liftmaster.myq/com.chamberlain.myq.features.splashscreen.SplashActivity}" drawable="myq" />

	<!-- MyTheme -->
	<item component="ComponentInfo{com.aesthetic.iconpack.iconchanger/com.suntech.snapkit.newui.activity.preview.ViewFlashActivity}" drawable="mytheme" />

	<!-- Nice Simple Clock -->
	<item component="ComponentInfo{com.nullium.nicesimpleclock/com.nullium.nicesimpleclock.NiceSimpleClockLauncherAcitivity}" drawable="nice_simple_clock" />

	<!--  NJ E-ZPass  -->
	<item component="ComponentInfo{com.conduent.ezpassnj/com.conduent.njezpass.presentation.base.SplashActivity}" drawable="_nj_e_zpass_" />

	<!-- NotiStar -->
	<item component="ComponentInfo{com.samsung.systemui.notilus/com.samsung.systemui.notilus.NotiCenterPage}" drawable="notistar" />

	<!-- OptumRx -->
	<item component="ComponentInfo{com.optum.rx/com.optum.rx.SplashActivity}" drawable="optumrx" />

	<!-- Papirus Icon Pack -->
	<item component="ComponentInfo{io.github.PapirusDevelopmentTeam.papirus_icons/io.github.PapirusDevelopmentTeam.papirus_icons.activities.SplashActivity}" drawable="papirus_icon_pack" />

	<!-- Pinwheel -->
	<item component="ComponentInfo{com.pinwheel.caregiver/com.pinwheel.caregiver.MainActivity}" drawable="pinwheel" />

	<!-- Print Master -->
	<item component="ComponentInfo{com.project.aimotech.printmaster/com.project.aimotech.printmaster.app.ui.setup.SplashActivity}" drawable="print_master" />

	<!-- PSEG -->
	<item component="ComponentInfo{com.psegnj/com.njdev.SplashScreen}" drawable="pseg" />

	<!-- Quick Cursor -->
	<item component="ComponentInfo{com.quickcursor/com.quickcursor.android.activities.MainActivity}" drawable="quick_cursor" />

	<!-- Rachio -->
	<item component="ComponentInfo{com.rachio.iro/com.rachio.iro.ui.splash.activity.SplashActivity}" drawable="rachio" />

	<!-- Robinhood -->
	<item component="ComponentInfo{com.robinhood.android/com.robinhood.android.activity.WelcomeActivity}" drawable="robinhood" />

	<!-- SAP SuccessFactors -->
	<item component="ComponentInfo{com.successfactors.successfactors/com.successfactors.android.multiprofile.gui.AppLauncherActivity}" drawable="sap_successfactors" />

	<!-- SchlageHome -->
	<item component="ComponentInfo{com.allegion.leopard/com.allegion.leopard.activities.SchlageSplashActivity}" drawable="schlagehome" />

	<!-- Scoreholio -->
	<item component="ComponentInfo{com.scoreholio.android/com.scoreholio.android.LaunchActivity}" drawable="scoreholio" />

	<!-- SharePoint -->
	<item component="ComponentInfo{com.microsoft.sharepoint/com.microsoft.sharepoint.MainActivity}" drawable="sharepoint" />

	<!-- Shell -->
	<item component="ComponentInfo{com.shell.sitibv.motorist.america/com.mobgen.fireblade.presentation.splash.SplashActivity}" drawable="shell" />

	<!-- Simple -->
	<item component="ComponentInfo{com.creativetrends.simple.app/com.creativetrends.simple.app.free.activities.SimpleLogin}" drawable="simple" />

	<!-- Smart Alarm -->
	<item component="ComponentInfo{jp.tanyu.SmartAlarm/jp.tanyu.SmartAlarm.SmartAlarmActivity}" drawable="smart_alarm" />

	<!-- Smart View -->
	<item component="ComponentInfo{com.casttotv.screenmirroring.smartview.smarttvlcd/com.casttotv.screenmirroring.smartview.smarttvlcd.views.activities.SplashActivity}" drawable="smart_view" />

	<!-- Stopwatch Pro -->
	<item component="ComponentInfo{one.vik.stopwatch/one.vik.stopwatch.activities.MainActivity}" drawable="stopwatch_pro" />

	<!-- T. Rowe Price Personal -->
	<item component="ComponentInfo{com.trp.and.personal/com.trp.and.personal.view.common.activity.SplashActivity}" drawable="t_rowe_price_personal" />

	<!-- TeamLinkt -->
	<item component="ComponentInfo{com.teamlinkt.sportTeamApp/com.teamlinkt.sportTeamApp.activity.MainActivity}" drawable="teamlinkt" />

	<!-- TeamSnap -->
	<item component="ComponentInfo{com.teamsnap.teamsnap/com.teamsnap.teamsnap.features.splash.SplashActivity}" drawable="teamsnap" />

	<!-- TV -->
	<item component="ComponentInfo{com.samsung.android.tvplus/com.samsung.android.tvplus.MainActivity}" drawable="tv" />

	<!-- Underdog -->
	<item component="ComponentInfo{com.underdogsports.fantasy/com.underdogsports.fantasy.core.launch.LaunchActivity}" drawable="underdog" />

	<!-- Voice Recorder -->
	<item component="ComponentInfo{com.jahertor.voicerecorder/com.jahertor.voicerecorder.views.MainActivity}" drawable="voice_recorder" />

	<!-- Voicemail -->
	<item component="ComponentInfo{com.samsung.vvm/com.samsung.vvm.vvmapp.VVMApplicationAlias}" drawable="voicemail" />

	<!-- Wellness -->
	<item component="ComponentInfo{com.webmd.ways/com.webmd.ways.ui.activities.SplashActivity}" drawable="wellness" />

	<!-- Wonderland -->
	<item component="ComponentInfo{com.samsung.android.wonderland.wallpaper/com.samsung.android.wonderland.wallpaper.settings.StartupActivity}" drawable="wonderland" />

	<!-- Word Trip -->
	<item component="ComponentInfo{in.playsimple.wordtrip/org.cocos2dx.javascript.AppActivity}" drawable="word_trip" />

	<!-- Wordle -->
	<item component="ComponentInfo{com.vottzapps.wordle/com.unity3d.player.UnityPlayerActivity}" drawable="wordle" />

	<!-- Wyze -->
	<item component="ComponentInfo{com.hualai/com.hualai.home.StartActivity}" drawable="wyze" />

	<!-- YNAB -->
	<item component="ComponentInfo{com.youneedabudget.evergreen.app/ynab.app.start.StartActivity}" drawable="ynab" />

</resources>