<Theme version="1">

	<!-- @Voice -->
	<AppIcon name="com.hyperionics.avar/com.hyperionics.avar.SpeakReferenceActivity" image="@voice"/>

	<!-- ADPMobile -->
	<AppIcon name="com.adpmobile.android/com.adpmobile.android.auth.ui.AuthAppActivity" image="adpmobile"/>

	<!-- AIO Store -->
	<AppIcon name="ru.execbit.aiostore/ru.execbit.aiostore.MainActivity" image="aio_store"/>

	<!-- App Volume Control -->
	<AppIcon name="com.spycorp.appvolumecontrol/com.spycorp.appvolumecontrol.TabsMainApp" image="app_volume_control"/>

	<!-- Assistance App -->
	<AppIcon name="com.infostretch.iSOSAndroid/com.infostretch.iSOSAndroid.MainActivity" image="assistance_app"/>

	<!-- Best Fiends -->
	<AppIcon name="com.Seriously.BestFiends/com.appboy.unity.AppboyUnityPlayerActivity" image="best_fiends"/>

	<!-- Burger King -->
	<AppIcon name="com.emn8.mobilem8.nativeapp.bk/com.emn8.mobilem8.nativeapp.bk.MainActivity" image="burger_king"/>

	<!-- BuzzKill -->
	<AppIcon name="com.samruston.buzzkill/com.samruston.buzzkill.ui.MainActivity" image="buzzkill"/>

	<!-- Calendar Edge -->
	<AppIcon name="com.jahertor.edgecalendar/com.jahertor.edgecalendar.views.MainActivity" image="calendar_edge"/>

	<!-- Call Filter -->
	<AppIcon name="com.vzw.ecid/com.cequint.callfilter.MainActivity" image="call_filter"/>

	<!-- CanPay -->
	<AppIcon name="org.chromium.webapk.a032d27f82dee0139_v2/org.chromium.webapk.shell_apk.h2o.H2OOpaqueMainActivity" image="canpay"/>

	<!-- Citi Mobile -->
	<AppIcon name="com.citi.citimobile/com.citi.mobile.pt3.GlobalPhoneActivity" image="citi_mobile"/>

	<!-- Cloud -->
	<AppIcon name="com.vcast.mediamanager/com.vcast.mediamanager.gui.activities.SplashLogoActivity" image="cloud"/>

	<!-- Company Portal -->
	<AppIcon name="com.microsoft.windowsintune.companyportal/com.microsoft.windowsintune.companyportal.views.SplashActivity" image="company_portal"/>

	<!-- CVS -->
	<AppIcon name="com.cvs.launchers.cvs/com.cvs.launchers.cvs.StartupActivity" image="cvs"/>

	<!-- Dashlane -->
	<AppIcon name="com.dashlane/com.dashlane.ui.activities.SplashScreenActivity" image="dashlane"/>

	<!-- Delta -->
	<AppIcon name="website.leifs.delta.foss/website.leifs.delta.activities.MainActivity" image="delta"/>

	<!-- DigiCal -->
	<AppIcon name="com.digibites.calendar/com.digibites.calendar.WeekAgendaActivity" image="digical"/>

	<!-- DigiCal+ Key -->
	<AppIcon name="com.digibites.calendarplus/com.digibites.calendarplus.InfoActivity" image="digical_key"/>

	<!-- drupe -->
	<AppIcon name="mobi.drupe.app/mobi.drupe.app.boarding.BoardingMActivity" image="drupe"/>

	<!-- drupe dialer -->
	<AppIcon name="mobi.drupe.app/mobi.drupe.app.DialerIconActivity" image="drupe_dialer"/>

	<!-- Easy Voice Recorder Pro -->
	<AppIcon name="com.digipom.easyvoicerecorder.pro/com.digipom.easyvoicerecorder.ui.activity.EasyVoiceRecorderActivity" image="easy_voice_recorder_pro"/>

	<!-- Edge Beta -->
	<AppIcon name="com.microsoft.emmx.beta/com.microsoft.ruby.Main" image="edge_beta"/>

	<!-- EgyptianBasra -->
	<AppIcon name="com.abyadtherock.egyptianbasra2/com.unity3d.player.UnityPlayerActivity" image="egyptianbasra"/>

	<!-- Energy Bar -->
	<AppIcon name="you.in.spark.energy/you.in.spark.energy.WelcomeScreen" image="energy_bar"/>

	<!-- Estate Sales -->
	<AppIcon name="org.chromium.webapk.a804d2337b762f006_v2/org.chromium.webapk.shell_apk.h2o.H2OOpaqueMainActivity" image="estate_sales"/>

	<!-- Family Link -->
	<AppIcon name="com.google.android.apps.kids.familylink/com.google.android.apps.kids.familylink.flutter.standalone.HomeActivity" image="family_link"/>

	<!-- Forms -->
	<AppIcon name="org.chromium.webapk.ab1fe3ec9d56bb103_v2/org.chromium.webapk.shell_apk.h2o.H2OOpaqueMainActivity" image="forms"/>

	<!-- Grammarly -->
	<AppIcon name="com.grammarly.android.keyboard/com.grammarly.common.launcher.LauncherActivity" image="grammarly"/>

	<!-- Greenlight -->
	<AppIcon name="me.greenlight/me.greenlight.launch.LaunchActivity" image="greenlight"/>

	<!-- Heads Up! -->
	<AppIcon name="com.wb.headsup/com.swrve.unity.firebase.MainActivity" image="heads_up_"/>

	<!-- Hotspot Shield VPN -->
	<AppIcon name="hotspotshield.android.vpn/com.anchorfree.hotspotshield.ui.HssActivity" image="hotspot_shield_vpn"/>

	<!-- HP Smart -->
	<AppIcon name="com.hp.printercontrol/com.hp.printercontrol.base.PrinterControlActivity" image="hp_smart"/>

	<!-- Hue -->
	<AppIcon name="com.philips.lighting.hue2/com.philips.lighting.hue2.ContentActivity" image="hue"/>

	<!-- IFTTT -->
	<AppIcon name="com.ifttt.ifttt/com.ifttt.ifttt.home.HomeActivity" image="ifttt"/>

	<!-- Kasa -->
	<AppIcon name="com.tplink.kasa_android/com.tplink.iot.view.welcome.StartupActivity" image="kasa"/>

	<!-- Libby -->
	<AppIcon name="com.overdrive.mobile.android.libby/com.overdrive.mobile.android.nautilus.ui.Activity_Main" image="libby"/>

	<!-- MaterialOS -->
	<AppIcon name="org.materialos.icons/com.afollestad.polar.ui.SplashScreen" image="materialos"/>

	<!-- Messenger Kids -->
	<AppIcon name="com.facebook.talk/com.facebook.talk.threadlist.ThreadlistActivity" image="messenger_kids"/>

	<!-- Microsoft SwiftKey Beta Keyboard -->
	<AppIcon name="com.touchtype.swiftkey.beta/com.touchtype.LauncherActivityIcon" image="microsoft_swiftkey_beta_keyboard"/>

	<!-- Moonshine -->
	<AppIcon name="nexbit.icons.moonshine/com.natewren.dashboard.SplashScreen" image="moonshine"/>

	<!-- My WM -->
	<AppIcon name="com.eBusiness/com.eBusiness.ui.splash.SplashActivity" image="my_wm"/>

	<!-- myQ -->
	<AppIcon name="com.chamberlain.android.liftmaster.myq/com.chamberlain.myq.features.splashscreen.SplashActivity" image="myq"/>

	<!-- MyTheme -->
	<AppIcon name="com.aesthetic.iconpack.iconchanger/com.suntech.snapkit.newui.activity.preview.ViewFlashActivity" image="mytheme"/>

	<!-- Nice Simple Clock -->
	<AppIcon name="com.nullium.nicesimpleclock/com.nullium.nicesimpleclock.NiceSimpleClockLauncherAcitivity" image="nice_simple_clock"/>

	<!--  NJ E-ZPass  -->
	<AppIcon name="com.conduent.ezpassnj/com.conduent.njezpass.presentation.base.SplashActivity" image="_nj_e_zpass_"/>

	<!-- NotiStar -->
	<AppIcon name="com.samsung.systemui.notilus/com.samsung.systemui.notilus.NotiCenterPage" image="notistar"/>

	<!-- OptumRx -->
	<AppIcon name="com.optum.rx/com.optum.rx.SplashActivity" image="optumrx"/>

	<!-- Papirus Icon Pack -->
	<AppIcon name="io.github.PapirusDevelopmentTeam.papirus_icons/io.github.PapirusDevelopmentTeam.papirus_icons.activities.SplashActivity" image="papirus_icon_pack"/>

	<!-- Pinwheel -->
	<AppIcon name="com.pinwheel.caregiver/com.pinwheel.caregiver.MainActivity" image="pinwheel"/>

	<!-- Print Master -->
	<AppIcon name="com.project.aimotech.printmaster/com.project.aimotech.printmaster.app.ui.setup.SplashActivity" image="print_master"/>

	<!-- PSEG -->
	<AppIcon name="com.psegnj/com.njdev.SplashScreen" image="pseg"/>

	<!-- Quick Cursor -->
	<AppIcon name="com.quickcursor/com.quickcursor.android.activities.MainActivity" image="quick_cursor"/>

	<!-- Rachio -->
	<AppIcon name="com.rachio.iro/com.rachio.iro.ui.splash.activity.SplashActivity" image="rachio"/>

	<!-- Robinhood -->
	<AppIcon name="com.robinhood.android/com.robinhood.android.activity.WelcomeActivity" image="robinhood"/>

	<!-- SAP SuccessFactors -->
	<AppIcon name="com.successfactors.successfactors/com.successfactors.android.multiprofile.gui.AppLauncherActivity" image="sap_successfactors"/>

	<!-- SchlageHome -->
	<AppIcon name="com.allegion.leopard/com.allegion.leopard.activities.SchlageSplashActivity" image="schlagehome"/>

	<!-- Scoreholio -->
	<AppIcon name="com.scoreholio.android/com.scoreholio.android.LaunchActivity" image="scoreholio"/>

	<!-- SharePoint -->
	<AppIcon name="com.microsoft.sharepoint/com.microsoft.sharepoint.MainActivity" image="sharepoint"/>

	<!-- Shell -->
	<AppIcon name="com.shell.sitibv.motorist.america/com.mobgen.fireblade.presentation.splash.SplashActivity" image="shell"/>

	<!-- Simple -->
	<AppIcon name="com.creativetrends.simple.app/com.creativetrends.simple.app.free.activities.SimpleLogin" image="simple"/>

	<!-- Smart Alarm -->
	<AppIcon name="jp.tanyu.SmartAlarm/jp.tanyu.SmartAlarm.SmartAlarmActivity" image="smart_alarm"/>

	<!-- Smart View -->
	<AppIcon name="com.casttotv.screenmirroring.smartview.smarttvlcd/com.casttotv.screenmirroring.smartview.smarttvlcd.views.activities.SplashActivity" image="smart_view"/>

	<!-- Stopwatch Pro -->
	<AppIcon name="one.vik.stopwatch/one.vik.stopwatch.activities.MainActivity" image="stopwatch_pro"/>

	<!-- T. Rowe Price Personal -->
	<AppIcon name="com.trp.and.personal/com.trp.and.personal.view.common.activity.SplashActivity" image="t_rowe_price_personal"/>

	<!-- TeamLinkt -->
	<AppIcon name="com.teamlinkt.sportTeamApp/com.teamlinkt.sportTeamApp.activity.MainActivity" image="teamlinkt"/>

	<!-- TeamSnap -->
	<AppIcon name="com.teamsnap.teamsnap/com.teamsnap.teamsnap.features.splash.SplashActivity" image="teamsnap"/>

	<!-- TV -->
	<AppIcon name="com.samsung.android.tvplus/com.samsung.android.tvplus.MainActivity" image="tv"/>

	<!-- Underdog -->
	<AppIcon name="com.underdogsports.fantasy/com.underdogsports.fantasy.core.launch.LaunchActivity" image="underdog"/>

	<!-- Voice Recorder -->
	<AppIcon name="com.jahertor.voicerecorder/com.jahertor.voicerecorder.views.MainActivity" image="voice_recorder"/>

	<!-- Voicemail -->
	<AppIcon name="com.samsung.vvm/com.samsung.vvm.vvmapp.VVMApplicationAlias" image="voicemail"/>

	<!-- Wellness -->
	<AppIcon name="com.webmd.ways/com.webmd.ways.ui.activities.SplashActivity" image="wellness"/>

	<!-- Wonderland -->
	<AppIcon name="com.samsung.android.wonderland.wallpaper/com.samsung.android.wonderland.wallpaper.settings.StartupActivity" image="wonderland"/>

	<!-- Word Trip -->
	<AppIcon name="in.playsimple.wordtrip/org.cocos2dx.javascript.AppActivity" image="word_trip"/>

	<!-- Wordle -->
	<AppIcon name="com.vottzapps.wordle/com.unity3d.player.UnityPlayerActivity" image="wordle"/>

	<!-- Wyze -->
	<AppIcon name="com.hualai/com.hualai.home.StartActivity" image="wyze"/>

	<!-- YNAB -->
	<AppIcon name="com.youneedabudget.evergreen.app/ynab.app.start.StartActivity" image="ynab"/>

</Theme>