<Theme version="1">

	<!-- 8Bit Photo Lab -->
	<AppIcon name="com.ilixa.ebp/com.ilixa.ebp.ui.MainActivity" image="_8bit_photo_lab"/>

	<!-- Airlock 2FA -->
	<AppIcon name="com.airlock.iam.a2fa/com.futurae.mobileapp.ui.home.HomeActivity" image="airlock_2fa"/>

	<!-- Alarm Clock Xtreme -->
	<AppIcon name="com.alarmclock.xtreme.free/com.alarmclock.xtreme.free.AlarmClock" image="alarm_clock_xtreme"/>

	<!-- AnkiDroid -->
	<AppIcon name="com.ichi2.anki/com.ichi2.anki.IntentHandler" image="ankidroid"/>

	<!-- Antimo -->
	<AppIcon name="com.sikebo.antimo.material.icons/com.sikebo.antimo.material.icons.activities.SplashActivity" image="antimo"/>

	<!-- Audio Recorder -->
	<AppIcon name="com.github.axet.audiorecorder/com.github.axet.audiorecorder.activities.MainActivity" image="audio_recorder"/>

	<!-- Authenticator -->
	<AppIcon name="com.blizzard.bma/com.blizzard.bma.ui.welcome.SplashActivity" image="authenticator"/>

	<!-- Aves -->
	<AppIcon name="deckers.thibault.aves/deckers.thibault.aves.MainActivity" image="aves"/>

	<!-- Battle.net -->
	<AppIcon name="com.blizzard.messenger/com.blizzard.messenger.ui.splash.SplashActivity" image="battlenet"/>

	<!-- Binaural Beats -->
	<AppIcon name="com.github.axet.binauralbeats/com.github.axet.binauralbeats.activities.MainActivity" image="binaural_beats"/>

	<!-- BirdNET -->
	<AppIcon name="de.tu_chemnitz.mi.kahst.birdnet/de.tu_chemnitz.mi.kahst.birdnet.Activity_SplashScreen" image="birdnet"/>

	<!-- BRouter -->
	<AppIcon name="btools.routingapp/btools.routingapp.BRouterActivity" image="brouter"/>

	<!-- Cache Cleaner -->
	<AppIcon name="com.github.bmx666.appcachecleaner/com.github.bmx666.appcachecleaner.ui.activity.LauncherActivity" image="cache_cleaner"/>

	<!-- Cat phones -->
	<AppIcon name="com.bullitt.support/com.bullitt.support.MainActivity" image="cat_phones"/>

	<!-- Catima -->
	<AppIcon name="me.hackerchick.catima/protect.card_locker.MainActivity" image="catima"/>

	<!-- CCleaner -->
	<AppIcon name="com.piriform.ccleaner/com.avast.android.cleaner.activity.StartActivity" image="ccleaner"/>

	<!-- ChatGPT -->
	<AppIcon name="com.openai.chatgpt/com.openai.chatgpt.MainActivity" image="chatgpt"/>

	<!-- Clefs -->
	<AppIcon name="com.crazyootka.clefs/com.crazyootka.clefs.MainActivity" image="clefs"/>

	<!-- CrontoSign Swiss -->
	<AppIcon name="com.cronto.crontosign.swiss/com.onespan.jemmic.crontosignswiss.feature.splash.SplashNotificationActivity" image="crontosign_swiss"/>

	<!-- DataCamp -->
	<AppIcon name="com.datacamp/com.datacamp.MainActivity" image="datacamp"/>

	<!-- Dateien -->
	<AppIcon name="com.google.android.documentsui/com.android.documentsui.LauncherActivity" image="dateien"/>

	<!-- DAVx⁵ -->
	<AppIcon name="at.bitfire.davdroid/at.bitfire.davdroid.ui.AccountsActivity" image="davx⁵"/>

	<!-- Days Counter -->
	<AppIcon name="com.starikov.datecalc/com.starikov.datecalc.MainActivity" image="days_counter"/>

	<!-- Deck -->
	<AppIcon name="it.niedermann.nextcloud.deck/it.niedermann.nextcloud.deck.ui.main.MainActivity" image="deck"/>

	<!-- DEGIRO -->
	<AppIcon name="nl.degiro.trader/nl.degiro.trader.MainActivity" image="degiro"/>

	<!-- Digital Wellbeing -->
	<AppIcon name="com.google.android.apps.wellbeing/com.google.android.apps.wellbeing.settings.LauncherActivity" image="digital_wellbeing"/>

	<!-- Discord -->
	<AppIcon name="com.discord/com.discord.main.MainDefault" image="discord"/>

	<!-- Dormi -->
	<AppIcon name="com.sleekbit.dormi/com.sleekbit.dormi.ui.BmActivity" image="dormi"/>

	<!-- Drive -->
	<AppIcon name="com.synology.dsdrive/com.synology.dsdrive.activity.SplashActivity" image="drive"/>

	<!-- DS note -->
	<AppIcon name="com.synology.dsnote/com.synology.dsnote.activities.SplashActivity" image="ds_note"/>

	<!-- Dungeon Crawl Stone Soup -->
	<AppIcon name="org.develz.crawl/org.develz.crawl.DCSSLauncher" image="dungeon_crawl_stone_soup"/>

	<!-- Dynalist -->
	<AppIcon name="io.dynalist/io.dynalist.MainActivity" image="dynalist"/>

	<!-- E-Banking -->
	<AppIcon name="ch.lukb.app/ch.lukb.app.activities.main.MainActivity" image="e_banking"/>

	<!-- Element -->
	<AppIcon name="im.vector.app/im.vector.application.features.Alias" image="element"/>

	<!-- Everest -->
	<AppIcon name="io.github.mwageringel.everest/io.github.mwageringel.everest.MainActivity" image="everest"/>

	<!-- Exodus -->
	<AppIcon name="org.eu.exodus_privacy.exodusprivacy/org.eu.exodus_privacy.exodusprivacy.MainActivity" image="exodus"/>

	<!-- Explorers -->
	<AppIcon name="com.abstrrkt.explorers/com.unity3d.player.UnityPlayerActivity" image="explorers"/>

	<!-- FairEmail -->
	<AppIcon name="eu.faircode.email/eu.faircode.email.ActivityMain" image="fairemail"/>

	<!-- Feeder -->
	<AppIcon name="com.nononsenseapps.feeder.play/com.nononsenseapps.feeder.ui.MainActivity" image="feeder"/>

	<!-- FFShare -->
	<AppIcon name="com.caydey.ffshare/com.caydey.ffshare.MainActivity" image="ffshare"/>

	<!-- FlorisBoard -->
	<AppIcon name="dev.patrickgold.florisboard/dev.patrickgold.florisboard.SettingsLauncherAlias" image="florisboard"/>

	<!-- FolderSync -->
	<AppIcon name="dk.tacit.android.foldersync.lite/dk.tacit.android.foldersync.activity.MainActivity" image="foldersync"/>

	<!-- Galerie -->
	<AppIcon name="com.flir.myflir.s62/com.flir.monarch.ui.library.LibraryActivity" image="galerie"/>

	<!-- Gleeo Time Tracker -->
	<AppIcon name="ch.gridvision.pbtm.androidtimerecorder/ch.gridvision.tm.androidtimerecorder.MainActivity" image="gleeo_time_tracker"/>

	<!-- JBL Portable -->
	<AppIcon name="com.harman.ble.jbllink/com.harman.jbl.portable.WelcomeActivity" image="jbl_portable"/>

	<!-- Joplin -->
	<AppIcon name="net.cozic.joplin/net.cozic.joplin.MainActivity" image="joplin"/>

	<!-- jtx Board -->
	<AppIcon name="at.techbee.jtx/at.techbee.jtx.MainActivity2" image="jtx_board"/>

	<!-- Kamera -->
	<AppIcon name="com.cei.snapcam/com.android.camera.CameraLauncher" image="kamera"/>

	<!-- Key -->
	<AppIcon name="ch.lukb.key/ch.lukb.auth.ui.MainActivity" image="key"/>

	<!-- kidesia Eltern -->
	<AppIcon name="ch.kidesia.ionic.app/ch.kidesia.ionic.app.MainActivity" image="kidesia_eltern"/>

	<!-- Lager und Inventar Online -->
	<AppIcon name="com.stockmanagment.online.app/com.stockmanagment.app.Launcher" image="lager_und_inventar_online"/>

	<!-- LowPoly -->
	<AppIcon name="com.playpix.lowpolycamera/com.playpix.lowpolycamera.MainActivity" image="lowpoly"/>

	<!-- Maestro -->
	<AppIcon name="com.futuresculptor.maestro/com.futuresculptor.maestro.MainActivity" image="maestro"/>

	<!-- Markor -->
	<AppIcon name="net.gsantner.markor/net.gsantner.markor.activity.MainActivity" image="markor"/>

	<!-- MediaMonkey -->
	<AppIcon name="com.ventismedia.android.mediamonkey/com.ventismedia.android.mediamonkey.StartActivity" image="mediamonkey"/>

	<!-- Meine Bibliothek -->
	<AppIcon name="com.vgm.mylibrary/com.vgm.mylibrary.activity.MainActivity" image="meine_bibliothek"/>

	<!-- Meritous -->
	<AppIcon name="net.asceai.meritous/net.asceai.meritous.MainActivity" image="meritous"/>

	<!-- MeteoSwiss -->
	<AppIcon name="ch.admin.meteoswiss/ch.admin.meteoswiss.MainActivity" image="meteoswiss"/>

	<!-- Migros -->
	<AppIcon name="ch.migros.app/ch.migros.app.misc.MasterActivity" image="migros"/>

	<!-- Mindustry -->
	<AppIcon name="io.anuke.mindustry/mindustry.android.AndroidLauncher" image="mindustry"/>

	<!-- Mini Piano Lite -->
	<AppIcon name="umito.android.minipiano/umito.android.shared.minipiano.SplashScreenActivity" image="mini_piano_lite"/>

	<!-- MJ PDF -->
	<AppIcon name="com.gitlab.mudlej.MjPdfReader/com.gitlab.mudlej.MjPdfReader.LauncherAlias" image="mj_pdf"/>

	<!-- Mobility Carsharing -->
	<AppIcon name="ch.mobility.carsharing/ch.mobility.carsharing.ui.MainActivity" image="mobility_carsharing"/>

	<!-- Moshidon -->
	<AppIcon name="org.joinmastodon.android.moshinda/org.joinmastodon.android.MainActivity" image="moshidon"/>

	<!-- MyFLIR -->
	<AppIcon name="com.flir.myflir.s62/com.flir.monarch.ui.MainActivity" image="myflir"/>

	<!-- Myne -->
	<AppIcon name="com.starry.myne/com.starry.myne.MainActivity" image="myne"/>

	<!-- NeverTooManyBooks -->
	<AppIcon name="com.hardbacknutter.nevertoomanybooks/com.hardbacknutter.nevertoomanybooks.StartupActivity" image="nevertoomanybooks"/>

	<!-- Nextcloud -->
	<AppIcon name="com.nextcloud.client/com.nmc.android.ui.LauncherActivity" image="nextcloud"/>

	<!-- Nextcloud Cookbook -->
	<AppIcon name="com.nextcloud_cookbook_flutter/com.nextcloud_cookbook_flutter.MainActivity" image="nextcloud_cookbook"/>

	<!-- Nonocross -->
	<AppIcon name="com.picross.nonocross/com.picross.nonocross.MainActivity" image="nonocross"/>

	<!-- opsu! -->
	<AppIcon name="fluddokt.opsu.android/fluddokt.opsu.android.AndroidLauncher" image="opsu_"/>

	<!-- OsmAnd -->
	<AppIcon name="net.osmand/net.osmand.plus.activities.MapActivity" image="osmand"/>

	<!-- PaperCraft -->
	<AppIcon name="pro.rudloff.papercraft/cordproject.lol.papercraft.MainActivity" image="papercraft"/>

	<!-- parentu -->
	<AppIcon name="com.parentu.app/com.parentu.app.ui.start.StartActivity" image="parentu"/>

	<!-- Paseo -->
	<AppIcon name="ca.chancehorizon.paseo/ca.chancehorizon.paseo.MainActivity" image="paseo"/>

	<!-- pCloud -->
	<AppIcon name="com.pcloud.pcloud/com.pcloud.screens.Main" image="pcloud"/>

	<!-- PeakFinder -->
	<AppIcon name="org.peakfinder.area.alps/org.peakfinder.area.alps.activity.MainScreenEarth" image="peakfinder"/>

	<!-- Photos -->
	<AppIcon name="com.synology.projectkailash/com.synology.projectkailash.ui.splash.SplashActivity" image="photos"/>

	<!-- PhotoTAN -->
	<AppIcon name="ch.raiffeisen.phototan/ch.raiffeisen.phototan.launcher_d90f20b5c6deefc23e8f5b77920bb46e9037d859a1a4acee852652fc8083c238" image="phototan"/>

	<!-- PlantNet -->
	<AppIcon name="org.plantnet/org.plantnet.MainActivity" image="plantnet"/>

	<!-- Play SRF -->
	<AppIcon name="ch.srf.mobile.srfplayer/ch.srg.srgplayer.view.MainActivity" image="play_srf"/>

	<!-- Pleco -->
	<AppIcon name="com.pleco.chinesesystem/com.pleco.chinesesystem.PlecoDroidMainActivity" image="pleco"/>

	<!-- Plees Tracker -->
	<AppIcon name="hu.vmiklos.plees_tracker/hu.vmiklos.plees_tracker.MainActivity" image="plees_tracker"/>

	<!-- Podcast Addict -->
	<AppIcon name="com.bambuna.podcastaddict/com.bambuna.podcastaddict.activity.PodcastListActivity" image="podcast_addict"/>

	<!-- Polarsteps -->
	<AppIcon name="com.polarsteps/com.polarsteps.activities.SplashActivity" image="polarsteps"/>

	<!-- PostCard Creator -->
	<AppIcon name="ch.post.it.pcc/com.tns.NativeScriptActivity" image="postcard_creator"/>

	<!-- PostFinance -->
	<AppIcon name="ch.postfinance.android/ch.postfinance.android.splashscreen.presentation.SplashScreenActivity" image="postfinance"/>

	<!-- Print -->
	<AppIcon name="org.billthefarmer.print/org.billthefarmer.print.Print" image="print"/>

	<!-- Programm zur Verbesserung der Benutzerfreundlichkeit -->
	<AppIcon name="com.device.performance/com.bullitt.userexpprog.MainActivity" image="programm_zur_verbesserung_der_benutzerfreundlichkeit"/>

	<!-- QField Dev -->
	<AppIcon name="ch.opengis.qfield_dev/ch.opengis.qfield_dev.QFieldActivity" image="qfield_dev"/>

	<!-- Quad9 Connect -->
	<AppIcon name="com.quad9.aegis/com.quad9.aegis.MainActivity" image="quad9_connect"/>

	<!-- Quinb -->
	<AppIcon name="xyz.deepdaikon.quinb/xyz.deepdaikon.quinb.MainActivity" image="quinb"/>

	<!-- RealCalc -->
	<AppIcon name="uk.co.nickfines.RealCalcPlus/uk.co.nickfines.RealCalcPlus.Calculator" image="realcalc"/>

	<!-- Registrieren -->
	<AppIcon name="com.bullitt.catphones.register.app/com.bullitt.catphones.register.app.MainActivity" image="registrieren"/>

	<!-- Republik -->
	<AppIcon name="app.republik/app.republik.MainActivity" image="republik"/>

	<!-- Revolut -->
	<AppIcon name="com.revolut.revolut/com.revolut.ui.login.pin.LoginActivity" image="revolut"/>

	<!-- Saisonale Früchte und Gemüse -->
	<AppIcon name="ch.zh.rh.seasonalfruitsandvegetables/ch.zh.rh.seasonalfruitsandvegetables.MainActivity" image="saisonale_fruchte_und_gemuse"/>

	<!-- Saisonkalender -->
	<AppIcon name="flunzmas.seasoncalendar/flunzmas.seasoncalendar.MainActivity" image="saisonkalender"/>

	<!-- Sammelkalender -->
	<AppIcon name="ch.sammelkalender.app2020/ch.sammelkalender.app2020.MainActivity" image="sammelkalender"/>

	<!-- SBB Mobile -->
	<AppIcon name="ch.sbb.mobile.android.b2c/ch.sbb.mobile.android.vnext.splashscreen.SplashScreenActivity" image="sbb_mobile"/>

	<!-- ScreenCam -->
	<AppIcon name="com.orpheusdroid.screenrecorder/com.orpheusdroid.screenrecorder.ui.MainActivity" image="screencam"/>

	<!-- SMS-Messenger -->
	<AppIcon name="com.simplemobiletools.smsmessenger/com.simplemobiletools.smsmessenger.activities.SplashActivity.Orange" image="sms_messenger"/>

	<!-- SoundCloud -->
	<AppIcon name="com.soundcloud.android/com.soundcloud.android.launcher.LauncherActivity" image="soundcloud"/>

	<!-- SoundHound ∞ -->
	<AppIcon name="com.melodis.midomiMusicIdentifier/com.soundhound.android.appcommon.activity.SplashScreenActivity" image="soundhound_∞"/>

	<!-- Spotube -->
	<AppIcon name="oss.krtirtho.spotube/com.ryanheise.audioservice.AudioServiceActivity" image="spotube"/>

	<!-- Stocks Widget -->
	<AppIcon name="com.github.premnirmal.tickerwidget/com.github.premnirmal.ticker.home.MainActivity" image="stocks_widget"/>

	<!-- Street­Complete -->
	<AppIcon name="de.westnordost.streetcomplete/de.westnordost.streetcomplete.screens.MainActivity" image="street­complete"/>

	<!-- Swiss Post -->
	<AppIcon name="com.nth.swisspost/crc64949597a28fd8c3d8.MainActivity" image="swiss_post"/>

	<!-- swisstopo -->
	<AppIcon name="ch.admin.swisstopo/ch.admin.swisstopo.MainActivity" image="swisstopo"/>

	<!-- Syncthing -->
	<AppIcon name="com.nutomic.syncthingandroid/com.nutomic.syncthingandroid.activities.FirstStartActivity" image="syncthing"/>

	<!-- Talk -->
	<AppIcon name="com.nextcloud.talk2/com.nextcloud.talk.activities.MainActivity" image="talk"/>

	<!-- Tapet -->
	<AppIcon name="com.sharpregion.tapet/com.sharpregion.tapet.root.RootActivity" image="tapet"/>

	<!-- Tasks -->
	<AppIcon name="org.tasks/com.todoroo.astrid.activity.TaskListActivity" image="tasks"/>

	<!-- Telegram -->
	<AppIcon name="org.telegram.messenger/org.telegram.messenger.AquaIcon" image="telegram"/>

	<!-- Tonkeeper -->
	<AppIcon name="com.ton_keeper/com.ton_keeper.MainActivity" image="tonkeeper"/>

	<!-- Too Good To Go -->
	<AppIcon name="com.app.tgtg/com.app.tgtg.activities.login.SplashActivity" image="too_good_to_go"/>

	<!-- Toolbox -->
	<AppIcon name="com.toolbox.app/com.toolbox.app.TrustedMainActivity" image="toolbox"/>

	<!-- Tricount -->
	<AppIcon name="com.tribab.tricount.android/com.tribab.tricount.android.view.activity.SplashActivity" image="tricount"/>

	<!-- TWINT -->
	<AppIcon name="ch.postfinance.twint.android/ch.twint.payment.ui.activities.start.StartActivity" image="twint"/>

	<!-- Typewise Offline -->
	<AppIcon name="ch.icoaching.wrio/ch.icoaching.ionic.MainActivity" image="typewise_offline"/>

	<!-- Vibrance HDR -->
	<AppIcon name="uk.org.opencamera.vibrancehdr/uk.org.opencamera.vibrancehdr.MainActivity" image="vibrance_hdr"/>

	<!-- Vivino -->
	<AppIcon name="vivino.web.app/com.sphinx_solution.Launcher" image="vivino"/>

	<!-- VoteInfo -->
	<AppIcon name="ch.bk.voteinfo/ch.bk.voteinfo.MainActivity" image="voteinfo"/>

	<!-- Voyager -->
	<AppIcon name="app.vger.voyager/app.vger.voyager.psych" image="voyager"/>

	<!-- Welt Geographie -->
	<AppIcon name="com.age.wgg.appspot/com.age.wgg.appspot.Main" image="welt_geographie"/>

	<!-- Xeonjia -->
	<AppIcon name="xyz.deepdaikon.xeonjia/xyz.deepdaikon.xeonjia.MainActivity" image="xeonjia"/>

	<!-- Yuka -->
	<AppIcon name="io.yuka.android/io.yuka.android.main.RootActivity" image="yuka"/>

</Theme>