<resources>

	<!-- aCalendar -->
	<item component="ComponentInfo{org.withouthat.acalendar/org.withouthat.acalendar.ACalendar}" drawable="acalendar" />

	<!-- aCalTasks -->
	<item component="ComponentInfo{org.withouthat.acalendar/org.withouthat.acalendar.tasks.TasksActivity}" drawable="acaltasks" />

	<!-- Catima -->
	<item component="ComponentInfo{me.hackerchick.catima/protect.card_locker.MainActivity}" drawable="catima" />

	<!-- DAVx⁵ -->
	<item component="ComponentInfo{at.bitfire.davdroid/at.bitfire.davdroid.ui.AccountsActivity}" drawable="davx⁵" />

	<!-- DKB -->
	<item component="ComponentInfo{com.dkbcodefactory.banking/com.dkbcodefactory.banking.splash.SplashActivity}" drawable="dkb" />

	<!-- Drinkable -->
	<item component="ComponentInfo{com.moimob.drinkable/com.moimob.drinkable.MainActivity}" drawable="drinkable" />

	<!-- Droid-ify -->
	<item component="ComponentInfo{com.looker.droidify/com.looker.droidify.MainActivity}" drawable="droid_ify" />

	<!-- FairEmail -->
	<item component="ComponentInfo{eu.faircode.email/eu.faircode.email.ActivityMain}" drawable="fairemail" />

	<!-- Gallery -->
	<item component="ComponentInfo{org.fossify.gallery/org.fossify.gallery.activities.SplashActivity.Red}" drawable="gallery" />

	<!-- Home Assistant -->
	<item component="ComponentInfo{io.homeassistant.companion.android/io.homeassistant.companion.android.launch.LaunchActivity}" drawable="home_assistant" />

	<!-- Immich -->
	<item component="ComponentInfo{app.alextran.immich/app.alextran.immich.MainActivity}" drawable="immich" />

	<!-- KeePassDX -->
	<item component="ComponentInfo{com.kunzisoft.keepass.libre/com.kunzisoft.keepass.activities.FileDatabaseSelectActivity}" drawable="keepassdx" />

	<!-- NetGuard -->
	<item component="ComponentInfo{eu.faircode.netguard/eu.faircode.netguard.ActivityMain}" drawable="netguard" />

	<!-- Nextcloud -->
	<item component="ComponentInfo{com.nextcloud.client/com.nmc.android.ui.LauncherActivity}" drawable="nextcloud" />

	<!-- Obsidian -->
	<item component="ComponentInfo{md.obsidian/md.obsidian.MainActivity}" drawable="obsidian" />

	<!-- Paperless Mobile -->
	<item component="ComponentInfo{de.astubenbord.paperless_mobile/de.astubenbord.paperless_mobile.MainActivity}" drawable="paperless_mobile" />

	<!-- Plex -->
	<item component="ComponentInfo{com.plexapp.android/com.plexapp.plex.activities.SplashActivity}" drawable="plex" />

	<!-- Readrops -->
	<item component="ComponentInfo{com.readrops.app/com.readrops.app.SplashActivity}" drawable="readrops" />

	<!-- URL Radio -->
	<item component="ComponentInfo{com.jamal2367.urlradio/com.jamal2367.urlradio.MainActivity}" drawable="url_radio" />

</resources>