<appmap>

	<!-- aCalendar -->
	<item class="org.withouthat.acalendar.ACalendar" name="acalendar"/>

	<!-- aCalTasks -->
	<item class="org.withouthat.acalendar.tasks.TasksActivity" name="acaltasks"/>

	<!-- Catima -->
	<item class="protect.card_locker.MainActivity" name="catima"/>

	<!-- DAVx⁵ -->
	<item class="at.bitfire.davdroid.ui.AccountsActivity" name="davx⁵"/>

	<!-- DKB -->
	<item class="com.dkbcodefactory.banking.splash.SplashActivity" name="dkb"/>

	<!-- Drinkable -->
	<item class="com.moimob.drinkable.MainActivity" name="drinkable"/>

	<!-- Droid-ify -->
	<item class="com.looker.droidify.MainActivity" name="droid_ify"/>

	<!-- FairEmail -->
	<item class="eu.faircode.email.ActivityMain" name="fairemail"/>

	<!-- Gallery -->
	<item class="org.fossify.gallery.activities.SplashActivity.Red" name="gallery"/>

	<!-- Home Assistant -->
	<item class="io.homeassistant.companion.android.launch.LaunchActivity" name="home_assistant"/>

	<!-- Immich -->
	<item class="app.alextran.immich.MainActivity" name="immich"/>

	<!-- KeePassDX -->
	<item class="com.kunzisoft.keepass.activities.FileDatabaseSelectActivity" name="keepassdx"/>

	<!-- NetGuard -->
	<item class="eu.faircode.netguard.ActivityMain" name="netguard"/>

	<!-- Nextcloud -->
	<item class="com.nmc.android.ui.LauncherActivity" name="nextcloud"/>

	<!-- Obsidian -->
	<item class="md.obsidian.MainActivity" name="obsidian"/>

	<!-- Paperless Mobile -->
	<item class="de.astubenbord.paperless_mobile.MainActivity" name="paperless_mobile"/>

	<!-- Plex -->
	<item class="com.plexapp.plex.activities.SplashActivity" name="plex"/>

	<!-- Readrops -->
	<item class="com.readrops.app.SplashActivity" name="readrops"/>

	<!-- URL Radio -->
	<item class="com.jamal2367.urlradio.MainActivity" name="url_radio"/>

</appmap>