<resources>

	<!-- Active -->
	<item component="ComponentInfo{com.brytonsport.active/com.brytonsport.active.ui.account.SplashActivity}" drawable="active" />

	<!-- AhnLab V3 Mobile Plus -->
	<item component="ComponentInfo{com.ahnlab.v3mobileplus/com.ahnlab.v3mobileplus.mainwebview.SplashActivity}" drawable="ahnlab_v3_mobile_plus" />

	<!-- AirVisual -->
	<item component="ComponentInfo{com.airvisual/com.airvisual.ui.activity.SplashActivity}" drawable="airvisual" />

	<!-- AliExpress -->
	<item component="ComponentInfo{com.alibaba.aliexpresshd/com.alibaba.aliexpresshd.home.ui.MainActivity}" drawable="aliexpress" />

	<!-- Camera FV-5 -->
	<item component="ComponentInfo{com.flavionet.android.camera.pro/com.flavionet.android.camera.MainActivity}" drawable="camera_fv_5" />

	<!-- CD-ROMantic PRO -->
	<item component="ComponentInfo{maa.slowed_reverb.vaporwave_music_maker_radio_pro/maa.slowed_reverb.vaporwave_music_maker_radio_pro.ui.activities.SplashScreenActivity}" drawable="cd_romantic_pro" />

	<!-- Cinema FV-5 -->
	<item component="ComponentInfo{com.flavionet.android.cinema.pro/com.flavionet.android.cinema.Main}" drawable="cinema_fv_5" />

	<!-- CompTIA Security+ -->
	<item component="ComponentInfo{com.learnzapp.securityplussub/com.learnzapp.securityplussub.MainActivity}" drawable="comptia_security_" />

	<!-- Delta -->
	<item component="ComponentInfo{website.leifs.delta/website.leifs.delta.activities.MainActivity}" drawable="delta" />

	<!-- eBay -->
	<item component="ComponentInfo{com.ebay.mobile/com.ebay.mobile.activities.MainActivity}" drawable="ebay" />

	<!-- FastScore -->
	<item component="ComponentInfo{com.fastscore.FastScore1/com.fastscore.FastScore1.MainActivity}" drawable="fastscore" />

	<!-- GIF Maker -->
	<item component="ComponentInfo{com.bk.videotogif/com.bk.videotogif.ui.home.ActivityHome}" drawable="gif_maker" />

	<!-- HUJI -->
	<item component="ComponentInfo{kr.co.manhole.hujicam/kr.co.manhole.hujicam.d_Main.HJLaunch}" drawable="huji" />

	<!-- InBody -->
	<item component="ComponentInfo{com.inbody2014.inbody/com.inbody2014.inbody.Launcher}" drawable="inbody" />

	<!-- Kakao T -->
	<item component="ComponentInfo{com.kakao.taxi/com.kakao.t.presentation.launcher.LauncherActivity}" drawable="kakao_t" />

	<!-- KakaoBus -->
	<item component="ComponentInfo{com.astroframe.seoulbus/com.astroframe.seoulbus.main.SplashActivity}" drawable="kakaobus" />

	<!-- KakaoMap -->
	<item component="ComponentInfo{net.daum.android.map/com.kakao.map.main.view.IntroActivity}" drawable="kakaomap" />

	<!-- KakaoMetro -->
	<item component="ComponentInfo{net.orizinal.subway/com.kakao.kakaometro.ui.login.LoginActivity}" drawable="kakaometro" />

	<!-- kakaonavi -->
	<item component="ComponentInfo{com.locnall.KimGiSa/com.locnall.KimGiSa.activity.IntroActivity}" drawable="kakaonavi" />

	<!-- KakaoTalk -->
	<item component="ComponentInfo{com.kakao.talk/com.kakao.talk.activity.SplashActivity}" drawable="kakaotalk" />

	<!-- Karrot -->
	<item component="ComponentInfo{com.towneers.www/com.towneers.www.features.launcher.LauncherActivity}" drawable="karrot" />

	<!-- KD Pro -->
	<item component="ComponentInfo{com.ginnypix.gudakpro/com.ginnypix.gudakpro.main.SplashActivity}" drawable="kd_pro" />

	<!-- Korean Air -->
	<item component="ComponentInfo{com.koreanair.passenger/com.koreanair.passenger.ui.splash.SplashActivity}" drawable="korean_air" />

	<!-- LG ThinQ -->
	<item component="ComponentInfo{com.lgeha.nuts/com.lgeha.nuts.MainActivity}" drawable="lg_thinq" />

	<!-- Mercedes me -->
	<item component="ComponentInfo{com.mbusa.mercedesme.android/com.mbusa.mercedesme.app.views.initialization.SplashScreenActivity}" drawable="mercedes_me" />

	<!-- Mupen64Plus -->
	<item component="ComponentInfo{org.mupen64plusae.v3.alpha/paulscode.android.mupen64plusae.SplashActivity}" drawable="mupen64plus" />

	<!-- NAVER -->
	<item component="ComponentInfo{com.nhn.android.search/com.nhn.android.search.ui.pages.SearchHomePage}" drawable="naver" />

	<!-- Naver Map -->
	<item component="ComponentInfo{com.nhn.android.nmap/com.naver.map.LaunchActivity}" drawable="naver_map" />

	<!-- Olympia Icon Pack -->
	<item component="ComponentInfo{com.gomothegom.olympia/com.gomothegom.olympia.activities.SplashActivity}" drawable="olympia_icon_pack" />

	<!-- OpenTTD -->
	<item component="ComponentInfo{org.openttd.fdroid/org.openttd.fdroid.MainActivity}" drawable="openttd" />

	<!-- OTO Free -->
	<item component="ComponentInfo{com.openvacs.android.oto/com.openvacs.android.oto.Activitys.EmptyStartActivity}" drawable="oto_free" />

	<!-- PASS -->
	<item component="ComponentInfo{com.sktelecom.tauth/com.sktelecom.tauth.ui.SplashActivity}" drawable="pass" />

	<!-- PhotoShare Frame -->
	<item component="ComponentInfo{com.simplysmartframe.app/com.simplysmartframe.app.ui.SplashActivity}" drawable="photoshare_frame" />

	<!-- Quillnote -->
	<item component="ComponentInfo{org.qosp.notes/org.qosp.notes.ui.MainActivity}" drawable="quillnote" />

	<!-- Rarevision -->
	<item component="ComponentInfo{com.rarevision.vhscamcorder/com.rarevision.vhscommon.VhsCam}" drawable="rarevision" />

	<!-- Seeker -->
	<item component="ComponentInfo{com.companyname.andriodapp1/crc646350f44cde9e1cf7.MainActivity}" drawable="seeker" />

	<!-- Simutrans -->
	<item component="ComponentInfo{com.simutrans/com.simutrans.Simutrans}" drawable="simutrans" />

	<!-- Spin The Wheel App -->
	<item component="ComponentInfo{com.spinthewheeldecider/com.zoontek.rnbootsplash.RNBootSplashActivity}" drawable="spin_the_wheel_app" />

	<!-- SRT -->
	<item component="ComponentInfo{kr.co.srail.newapp/kr.co.srail.newapp.main.SRMainActivity}" drawable="srt" />

	<!-- StockX -->
	<item component="ComponentInfo{com.stockx.stockx/com.stockx.stockx.ui.activity.MainActivity}" drawable="stockx" />

	<!-- Strava -->
	<item component="ComponentInfo{com.strava/com.strava.SplashActivity}" drawable="strava" />

	<!-- T world -->
	<item component="ComponentInfo{Com.sktelecom.minit/com.sktelecom.minit.scene.intro.IntroActivity}" drawable="t_world" />

	<!-- TimeLapseCam -->
	<item component="ComponentInfo{org.woheller69.TimeLapseCam/at.andreasrohner.spartantimelapserec.MainActivity}" drawable="timelapsecam" />

	<!-- USAA -->
	<item component="ComponentInfo{com.usaa.mobile.android.usaa/com.usaa.mobile.android.app.MainEntryActivity}" drawable="usaa" />

	<!-- Vaporgram PRO -->
	<item component="ComponentInfo{maa.vaporwave_editor_glitch_vhs_trippy_vaporgram_pro/maa.vaporwave_editor_glitch_vhs_trippy_vaporgram_pro.ui.activities.SplashScreenActivity}" drawable="vaporgram_pro" />

	<!-- Wingspan -->
	<item component="ComponentInfo{com.MonsterCouch.Wingspan/com.unity3d.player.UnityPlayerActivity}" drawable="wingspan" />

	<!-- World Clock & Widget -->
	<item component="ComponentInfo{tm.app.worldClock/tm.app.worldClock.LicenseActivity}" drawable="world_clock_and_widget" />

	<!-- 엔카 -->
	<item component="ComponentInfo{com.encar.encarMobileApp/com.encar.encarMobileApp.ui.splash.SplashActivity}" drawable="엔카" />

	<!-- 원기날씨 -->
	<item component="ComponentInfo{wongi.weather/wongi.weather.activity.MainActivity}" drawable="원기날씨" />

	<!-- 직방 -->
	<item component="ComponentInfo{com.chbreeze.jikbang4a/com.chbreeze.jikbang4a.MainActivity}" drawable="직방" />

	<!-- 쿠팡 -->
	<item component="ComponentInfo{com.coupang.mobile/com.coupang.mobile.activity.SplashActivity}" drawable="쿠팡" />

	<!-- 프렌즈 스크린 -->
	<item component="ComponentInfo{com.maumgolf.tupVision/com.maumgolf.tupVision.dev_activity.SplashActivity}" drawable="프렌즈_스크린" />

	<!-- 하나은행 -->
	<item component="ComponentInfo{com.kebhana.hanapush/com.opera.app.main.AppMain}" drawable="하나은행" />

	<!-- 하나카드 -->
	<item component="ComponentInfo{com.hanaskcard.paycla/kr.co.hanacard.oneqpay.StartDummyIntroActivity}" drawable="하나카드" />

</resources>