<Theme version="1">

	<!-- Active -->
	<AppIcon name="com.brytonsport.active/com.brytonsport.active.ui.account.SplashActivity" image="active"/>

	<!-- AhnLab V3 Mobile Plus -->
	<AppIcon name="com.ahnlab.v3mobileplus/com.ahnlab.v3mobileplus.mainwebview.SplashActivity" image="ahnlab_v3_mobile_plus"/>

	<!-- AirVisual -->
	<AppIcon name="com.airvisual/com.airvisual.ui.activity.SplashActivity" image="airvisual"/>

	<!-- AliExpress -->
	<AppIcon name="com.alibaba.aliexpresshd/com.alibaba.aliexpresshd.home.ui.MainActivity" image="aliexpress"/>

	<!-- Camera FV-5 -->
	<AppIcon name="com.flavionet.android.camera.pro/com.flavionet.android.camera.MainActivity" image="camera_fv_5"/>

	<!-- CD-ROMantic PRO -->
	<AppIcon name="maa.slowed_reverb.vaporwave_music_maker_radio_pro/maa.slowed_reverb.vaporwave_music_maker_radio_pro.ui.activities.SplashScreenActivity" image="cd_romantic_pro"/>

	<!-- Cinema FV-5 -->
	<AppIcon name="com.flavionet.android.cinema.pro/com.flavionet.android.cinema.Main" image="cinema_fv_5"/>

	<!-- CompTIA Security+ -->
	<AppIcon name="com.learnzapp.securityplussub/com.learnzapp.securityplussub.MainActivity" image="comptia_security_"/>

	<!-- Delta -->
	<AppIcon name="website.leifs.delta/website.leifs.delta.activities.MainActivity" image="delta"/>

	<!-- eBay -->
	<AppIcon name="com.ebay.mobile/com.ebay.mobile.activities.MainActivity" image="ebay"/>

	<!-- FastScore -->
	<AppIcon name="com.fastscore.FastScore1/com.fastscore.FastScore1.MainActivity" image="fastscore"/>

	<!-- GIF Maker -->
	<AppIcon name="com.bk.videotogif/com.bk.videotogif.ui.home.ActivityHome" image="gif_maker"/>

	<!-- HUJI -->
	<AppIcon name="kr.co.manhole.hujicam/kr.co.manhole.hujicam.d_Main.HJLaunch" image="huji"/>

	<!-- InBody -->
	<AppIcon name="com.inbody2014.inbody/com.inbody2014.inbody.Launcher" image="inbody"/>

	<!-- Kakao T -->
	<AppIcon name="com.kakao.taxi/com.kakao.t.presentation.launcher.LauncherActivity" image="kakao_t"/>

	<!-- KakaoBus -->
	<AppIcon name="com.astroframe.seoulbus/com.astroframe.seoulbus.main.SplashActivity" image="kakaobus"/>

	<!-- KakaoMap -->
	<AppIcon name="net.daum.android.map/com.kakao.map.main.view.IntroActivity" image="kakaomap"/>

	<!-- KakaoMetro -->
	<AppIcon name="net.orizinal.subway/com.kakao.kakaometro.ui.login.LoginActivity" image="kakaometro"/>

	<!-- kakaonavi -->
	<AppIcon name="com.locnall.KimGiSa/com.locnall.KimGiSa.activity.IntroActivity" image="kakaonavi"/>

	<!-- KakaoTalk -->
	<AppIcon name="com.kakao.talk/com.kakao.talk.activity.SplashActivity" image="kakaotalk"/>

	<!-- Karrot -->
	<AppIcon name="com.towneers.www/com.towneers.www.features.launcher.LauncherActivity" image="karrot"/>

	<!-- KD Pro -->
	<AppIcon name="com.ginnypix.gudakpro/com.ginnypix.gudakpro.main.SplashActivity" image="kd_pro"/>

	<!-- Korean Air -->
	<AppIcon name="com.koreanair.passenger/com.koreanair.passenger.ui.splash.SplashActivity" image="korean_air"/>

	<!-- LG ThinQ -->
	<AppIcon name="com.lgeha.nuts/com.lgeha.nuts.MainActivity" image="lg_thinq"/>

	<!-- Mercedes me -->
	<AppIcon name="com.mbusa.mercedesme.android/com.mbusa.mercedesme.app.views.initialization.SplashScreenActivity" image="mercedes_me"/>

	<!-- Mupen64Plus -->
	<AppIcon name="org.mupen64plusae.v3.alpha/paulscode.android.mupen64plusae.SplashActivity" image="mupen64plus"/>

	<!-- NAVER -->
	<AppIcon name="com.nhn.android.search/com.nhn.android.search.ui.pages.SearchHomePage" image="naver"/>

	<!-- Naver Map -->
	<AppIcon name="com.nhn.android.nmap/com.naver.map.LaunchActivity" image="naver_map"/>

	<!-- Olympia Icon Pack -->
	<AppIcon name="com.gomothegom.olympia/com.gomothegom.olympia.activities.SplashActivity" image="olympia_icon_pack"/>

	<!-- OpenTTD -->
	<AppIcon name="org.openttd.fdroid/org.openttd.fdroid.MainActivity" image="openttd"/>

	<!-- OTO Free -->
	<AppIcon name="com.openvacs.android.oto/com.openvacs.android.oto.Activitys.EmptyStartActivity" image="oto_free"/>

	<!-- PASS -->
	<AppIcon name="com.sktelecom.tauth/com.sktelecom.tauth.ui.SplashActivity" image="pass"/>

	<!-- PhotoShare Frame -->
	<AppIcon name="com.simplysmartframe.app/com.simplysmartframe.app.ui.SplashActivity" image="photoshare_frame"/>

	<!-- Quillnote -->
	<AppIcon name="org.qosp.notes/org.qosp.notes.ui.MainActivity" image="quillnote"/>

	<!-- Rarevision -->
	<AppIcon name="com.rarevision.vhscamcorder/com.rarevision.vhscommon.VhsCam" image="rarevision"/>

	<!-- Seeker -->
	<AppIcon name="com.companyname.andriodapp1/crc646350f44cde9e1cf7.MainActivity" image="seeker"/>

	<!-- Simutrans -->
	<AppIcon name="com.simutrans/com.simutrans.Simutrans" image="simutrans"/>

	<!-- Spin The Wheel App -->
	<AppIcon name="com.spinthewheeldecider/com.zoontek.rnbootsplash.RNBootSplashActivity" image="spin_the_wheel_app"/>

	<!-- SRT -->
	<AppIcon name="kr.co.srail.newapp/kr.co.srail.newapp.main.SRMainActivity" image="srt"/>

	<!-- StockX -->
	<AppIcon name="com.stockx.stockx/com.stockx.stockx.ui.activity.MainActivity" image="stockx"/>

	<!-- Strava -->
	<AppIcon name="com.strava/com.strava.SplashActivity" image="strava"/>

	<!-- T world -->
	<AppIcon name="Com.sktelecom.minit/com.sktelecom.minit.scene.intro.IntroActivity" image="t_world"/>

	<!-- TimeLapseCam -->
	<AppIcon name="org.woheller69.TimeLapseCam/at.andreasrohner.spartantimelapserec.MainActivity" image="timelapsecam"/>

	<!-- USAA -->
	<AppIcon name="com.usaa.mobile.android.usaa/com.usaa.mobile.android.app.MainEntryActivity" image="usaa"/>

	<!-- Vaporgram PRO -->
	<AppIcon name="maa.vaporwave_editor_glitch_vhs_trippy_vaporgram_pro/maa.vaporwave_editor_glitch_vhs_trippy_vaporgram_pro.ui.activities.SplashScreenActivity" image="vaporgram_pro"/>

	<!-- Wingspan -->
	<AppIcon name="com.MonsterCouch.Wingspan/com.unity3d.player.UnityPlayerActivity" image="wingspan"/>

	<!-- World Clock & Widget -->
	<AppIcon name="tm.app.worldClock/tm.app.worldClock.LicenseActivity" image="world_clock_and_widget"/>

	<!-- 엔카 -->
	<AppIcon name="com.encar.encarMobileApp/com.encar.encarMobileApp.ui.splash.SplashActivity" image="엔카"/>

	<!-- 원기날씨 -->
	<AppIcon name="wongi.weather/wongi.weather.activity.MainActivity" image="원기날씨"/>

	<!-- 직방 -->
	<AppIcon name="com.chbreeze.jikbang4a/com.chbreeze.jikbang4a.MainActivity" image="직방"/>

	<!-- 쿠팡 -->
	<AppIcon name="com.coupang.mobile/com.coupang.mobile.activity.SplashActivity" image="쿠팡"/>

	<!-- 프렌즈 스크린 -->
	<AppIcon name="com.maumgolf.tupVision/com.maumgolf.tupVision.dev_activity.SplashActivity" image="프렌즈_스크린"/>

	<!-- 하나은행 -->
	<AppIcon name="com.kebhana.hanapush/com.opera.app.main.AppMain" image="하나은행"/>

	<!-- 하나카드 -->
	<AppIcon name="com.hanaskcard.paycla/kr.co.hanacard.oneqpay.StartDummyIntroActivity" image="하나카드"/>

</Theme>