<appmap>

	<!-- 电话 -->
	<item class="com.android.contacts.activities.DialtactsActivity" name="电话"/>

	<!-- 电子邮件 -->
	<item class="com.android.email.activity.Welcome" name="电子邮件"/>

	<!-- 花瓣剪辑 -->
	<item class="com.huawei.hms.ml.mediacreative.LauncherActivity" name="花瓣剪辑"/>

	<!-- 华为钱包 -->
	<item class="com.huawei.wallet.view.MainActivity" name="华为钱包"/>

	<!-- 华为视频 -->
	<item class="com.huawei.himovie.ui.login.SplashScreenActivity" name="华为视频"/>

	<!-- 华为音乐 -->
	<item class="com.android.mediacenter.PageActivity" name="华为音乐"/>

	<!-- 华为应用市场 -->
	<item class="com.huawei.appmarket.MainActivity" name="华为应用市场"/>

	<!-- 华为阅读 -->
	<item class="com.huawei.reader.launch.impl.splash.SplashScreenActivity" name="华为阅读"/>

	<!-- 汇旺 -->
	<item class="com.financial.financial.MainActivity" name="汇旺"/>

	<!-- 汇旺娱乐 -->
	<item class="org.cocos2dx.javascript.AppActivity" name="汇旺娱乐"/>

	<!-- 会员中心 -->
	<item class="com.huawei.mycenter.module.main.view.MainActivity" name="会员中心"/>

	<!-- 计算器 -->
	<item class="com.huawei.calculator.Calculator" name="计算器"/>

	<!-- 快手 -->
	<item class="com.yxcorp.gifshow.HomeActivity" name="快手"/>

	<!-- 联系人 -->
	<item class="com.android.contacts.activities.PeopleActivity" name="联系人"/>

	<!-- 浏览器 -->
	<item class="com.huawei.browser.Main2" name="浏览器"/>

	<!-- 日历 -->
	<item class="com.android.calendar.AllInOneActivity" name="日历"/>

	<!-- 软件更新 -->
	<item class="com.huawei.android.hwouc.ui.activities.MainEntranceActivity" name="软件更新"/>

	<!-- 设置 -->
	<item class="com.android.settings.HWSettings" name="设置"/>

	<!-- 时钟 -->
	<item class="com.android.deskclock.AlarmsMainActivity" name="时钟"/>

	<!-- 手电筒 -->
	<item class="com.android.systemui.flashlight.FlashlightActivity" name="手电筒"/>

	<!-- 手机管家 -->
	<item class="com.huawei.systemmanager.mainscreen.MainScreenActivity" name="手机管家"/>

	<!-- 淘宝 -->
	<item class="com.taobao.tao.welcome.Welcome" name="淘宝"/>

	<!-- 图库 -->
	<item class="com.huawei.gallery.app.GalleryMain" name="图库"/>

	<!-- 玩机技巧 -->
	<item class="com.huawei.android.tips.launch.ui.SplashActivity" name="玩机技巧"/>

	<!-- 王者荣耀 -->
	<item class="com.tencent.tmgp.sgame.SGameActivity" name="王者荣耀"/>

	<!-- 网商银行 -->
	<item class="com.mybank.android.phone.MainActivity" name="网商银行"/>

	<!-- 微信 -->
	<item class="com.tencent.mm.ui.LauncherUI" name="微信"/>

	<!-- 微信输入法 -->
	<item class="com.tencent.wetype.plugin.hld.reactnative.activity.ImeMainSettingActivity" name="微信输入法"/>

	<!-- 文件管理 -->
	<item class="com.huawei.hidisk.filemanager.FileManager" name="文件管理"/>

	<!-- 我的华为 -->
	<item class="com.huawei.myhuawei.ui.HwSplashActivity" name="我的华为"/>

	<!-- 相机 -->
	<item class="com.huawei.camera" name="相机"/>

	<!-- 小艺输入法 -->
	<item class="com.appstore.view.activity.PrimaryActivity" name="小艺输入法"/>

	<!-- 信息 -->
	<item class="com.android.mms.ui.ConversationList" name="信息"/>

	<!-- 应用助手 -->
	<item class="com.huawei.gameassistant.views.GameassistantMainActivity" name="应用助手"/>

	<!-- 云空间 -->
	<item class="com.huawei.android.hicloud.ui.activity.NewHiSyncSettingAliasActivity" name="云空间"/>

	<!-- 支付宝 -->
	<item class="com.eg.android.AlipayGphone.AlipayLogin" name="支付宝"/>

	<!-- 指南针 -->
	<item class="com.huawei.compass.MainActivity" name="指南针"/>

	<!-- 智慧语音 -->
	<item class="com.huawei.hiassistantoversea.platform.ui.mainui.activity.floatmic.FloatWindowActivity" name="智慧语音"/>

	<!-- 主题 -->
	<item class="com.huawei.android.thememanager.mvp.view.activity.onlinebase.PageActivity" name="主题"/>

	<!-- ABA Mobile -->
	<item class="com.aba.ibank.ui.activities.SplashActivity" name="aba_mobile"/>

	<!-- BIGO LIVE -->
	<item class="sg.bigo.live.home.MainActivity" name="bigo_live"/>

	<!-- DJ多多 -->
	<item class="com.duoduo.dj.MainActivity" name="dj多多"/>

	<!-- Lite -->
	<item class="com.facebook.mlite.coreui.view.MainActivity" name="mlite"/>

	<!-- Microsoft 365 (Office) -->
	<item class="com.microsoft.office.officesuite.OfficeSuiteActivity" name="microsoft_365_office_"/>

	<!-- My Business -->
	<item class="com.google.android.apps.vega.VegaMainActivity" name="my_business"/>

	<!-- Petal 地图 -->
	<item class="com.huawei.maps.app.petalmaps.splash.SplashActivity" name="petal_地图"/>

	<!-- Petal 搜索 -->
	<item class="com.huawei.hwsearch.homescreen.HomeScreenActivity" name="petal_搜索"/>

	<!-- SIM 卡工具包 -->
	<item class="com.android.stk.StkLauncherActivity2" name="sim_卡工具包"/>

	<!-- Telegram -->
	<item class="org.telegram.messenger.NoxIcon" name="telegram"/>

	<!-- Telegram -->
	<item class="org.telegram.messenger.TurboIcon" name="telegram"/>

	<!-- Wing Bank -->
	<item class="com.wingmoney.wingpay.ui.SplashActivity" name="wing_bank"/>

	<!-- yes seatel -->
	<item class="com.seatel.mobilehall.ui.splashscreen.SplashScreenActivity" name="yes_seatel"/>

</appmap>