<resources>

	<!-- Airly -->
	<item component="ComponentInfo{eu.airly.android/org.airly.airlykmm.android.MainActivity}" drawable="airly" />

	<!-- Antimine -->
	<item component="ComponentInfo{dev.lucanlm.antimine/dev.lucasnlm.antimine.main.MainActivity}" drawable="antimine" />

	<!-- Aparat foto -->
	<item component="ComponentInfo{com.hmdglobal.app.camera/com.hmdglobal.app.camera.CameraActivity}" drawable="aparat_foto" />

	<!-- Artivive -->
	<item component="ComponentInfo{com.artivive/com.example.flutterunity2.MainActivity}" drawable="artivive" />

	<!-- Arts & Culture -->
	<item component="ComponentInfo{com.google.android.apps.cultural/com.google.android.apps.cultural.flutter.HomeFlutterActivity}" drawable="arts_and_culture" />

	<!-- Automation -->
	<item component="ComponentInfo{com.jens.automation2/com.jens.automation2.ActivityMainTabLayout}" drawable="automation" />

	<!-- Bandsintown -->
	<item component="ComponentInfo{com.bandsintown/com.bandsintown.activity.SplashScreen}" drawable="bandsintown" />

	<!-- bonapp.eco -->
	<item component="ComponentInfo{eco.bonapp.app/com.lunadio.nszn.activities.SplashActivity}" drawable="bonappeco" />

	<!-- Briar -->
	<item component="ComponentInfo{org.briarproject.briar.android/org.briarproject.briar.android.splash.SplashScreenActivity}" drawable="briar" />

	<!-- CFR Călători -->
	<item component="ComponentInfo{com.Infofer.ImtMobile/crc64f49a1c2921625538.SplashActivity}" drawable="cfr_calatori" />

	<!-- Conversations -->
	<item component="ComponentInfo{eu.siacs.conversations/eu.siacs.conversations.ui.ConversationActivity}" drawable="conversations" />

	<!-- CrossWords -->
	<item component="ComponentInfo{org.eehouse.android.xw4/org.eehouse.android.xw4.MainActivity}" drawable="crosswords" />

	<!-- Curăţitor -->
	<item component="ComponentInfo{theredspy15.ltecleanerfoss/theredspy15.ltecleanerfoss.controllers.MainActivity}" drawable="curatitor" />

	<!-- Device Connect -->
	<item component="ComponentInfo{net.dcnnt/net.dcnnt.MainActivity}" drawable="device_connect" />

	<!-- Discogs -->
	<item component="ComponentInfo{com.discogs.app/com.discogs.app.MainActivity}" drawable="discogs" />

	<!-- EcoHero -->
	<item component="ComponentInfo{app.ecohero/app.ecohero.MainActivity}" drawable="ecohero" />

	<!-- Elsewhere -->
	<item component="ComponentInfo{me.davidteresi.elsewhere/me.davidteresi.elsewhere.MainActivity}" drawable="elsewhere" />

	<!-- Expenses -->
	<item component="ComponentInfo{de.dbauer.expensetracker/de.dbauer.expensetracker.MainActivity}" drawable="expenses" />

	<!-- Fedilab -->
	<item component="ComponentInfo{fr.gouv.etalab.mastodon/app.fedilab.android.activities.MainActivity.BrainCrash}" drawable="fedilab" />

	<!-- FediPhoto-Lineage -->
	<item component="ComponentInfo{com.fediphoto.lineage/com.fediphoto.lineage.StartActivity}" drawable="fediphoto_lineage" />

	<!-- Feedly Classic -->
	<item component="ComponentInfo{com.devhd.feedly.classic/com.devhd.feedly.Main}" drawable="feedly_classic" />

	<!-- Feeel -->
	<item component="ComponentInfo{com.enjoyingfoss.feeel/io.flutter.embedding.android.FlutterActivity}" drawable="feeel" />

	<!-- FileManagerUtils -->
	<item component="ComponentInfo{com.island.filemanagerutils/com.island.filemanagerutils.MainActivity}" drawable="filemanagerutils" />

	<!-- Foap -->
	<item component="ComponentInfo{com.foap.android/com.foap.android.modules.start.activities.StartActivity}" drawable="foap" />

	<!-- Food-E -->
	<item component="ComponentInfo{app.suhasdissa.foode/app.suhasdissa.foode.MainActivity}" drawable="food_e" />

	<!-- FTP Server (Free) -->
	<item component="ComponentInfo{be.ppareit.swiftp_free/be.ppareit.swiftp.gui.MainActivity}" drawable="ftp_server_free_" />

	<!-- GeneralSync -->
	<item component="ComponentInfo{com.generalsync.android/com.generalsync.android.ui.view.LaunchActivity}" drawable="generalsync" />

	<!-- Goodreads -->
	<item component="ComponentInfo{com.goodreads/com.goodreads.kindle.ui.activity.RoutingActivity}" drawable="goodreads" />

	<!-- Guitar Tuner -->
	<item component="ComponentInfo{ru.ee/ru.uxapps.guitartuner.MainActivity}" drawable="guitar_tuner" />

	<!-- Info TB -->
	<item component="ComponentInfo{ro.stbsa/ro.routeplanner.ui.container.ContainerScreen}" drawable="info_tb" />

	<!-- ISIC -->
	<item component="ComponentInfo{nl.jool.isic/cz.synetech.app.presentation.MainActivity}" drawable="isic" />

	<!-- IYPS -->
	<item component="ComponentInfo{com.iyps/com.iyps.activities.MainActivity}" drawable="iyps" />

	<!-- KFC România -->
	<item component="ComponentInfo{com.yum.kfc.ro/com.yum.kfc.ro.MainActivity}" drawable="kfc_romania" />

	<!-- LavSeeker -->
	<item component="ComponentInfo{org.woheller69.lavatories/org.woheller69.lavatories.activities.SplashActivity}" drawable="lavseeker" />

	<!-- Memrise -->
	<item component="ComponentInfo{com.memrise.android.memrisecompanion/com.memrise.android.memrisecompanion.ui.activity.LauncherActivity}" drawable="memrise" />

	<!-- Monitorul Prețurilor -->
	<item component="ComponentInfo{ro.ingr.pmonand/ro.ingr.pmonand.MainActivity}" drawable="monitorul_preturilor" />

	<!-- Moon+ Reader -->
	<item component="ComponentInfo{com.flyersoft.moonreader/com.flyersoft.moonreader.ActivityMain}" drawable="moon_reader" />

	<!-- Muviz -->
	<item component="ComponentInfo{com.perfectapps.muviz/com.perfectapps.muviz.activity.HomeActivity}" drawable="muviz" />

	<!-- Muzei -->
	<item component="ComponentInfo{net.nurik.roman.muzei/com.google.android.apps.muzei.MuzeiActivity}" drawable="muzei" />

	<!-- My Device -->
	<item component="ComponentInfo{com.hmdglobal.support/com.hmdglobal.support.ui.EntryActivity}" drawable="my_device" />

	<!-- Neko Collector -->
	<item component="ComponentInfo{com.abhinavjhanwar.android.egg/com.abhinavjhanwar.android.egg.neko.NekoLand}" drawable="neko_collector" />

	<!-- Notes -->
	<item component="ComponentInfo{org.billthefarmer.notes/org.billthefarmer.notes.Notes}" drawable="notes" />

	<!-- NPuzzle -->
	<item component="ComponentInfo{com.anafthdev.npuzzle/com.anafthdev.npuzzle.runtime.MainActivity}" drawable="npuzzle" />

	<!-- OMGSoundboard -->
	<item component="ComponentInfo{audio.omgsoundboard/audio.omgsoundboard.presentation.ui.MainActivity}" drawable="omgsoundboard" />

	<!-- Pluxee -->
	<item component="ComponentInfo{com.sodexo.cwc.ro/com.sodexo.globalconsumer.feature.splash.presentation.SplashActivity}" drawable="pluxee" />

	<!-- Quick Cursor -->
	<item component="ComponentInfo{com.quickcursor/com.quickcursor.android.activities.MainActivity}" drawable="quick_cursor" />

	<!-- QuickTiles -->
	<item component="ComponentInfo{com.asdoi.quicktiles/com.asdoi.quicksettings.SettingsActivity}" drawable="quicktiles" />

	<!-- Radio FM -->
	<item component="ComponentInfo{com.hmdglobal.app.fmradio/com.hmdglobal.app.fmradio.FmMainActivity}" drawable="radio_fm" />

	<!-- Revolution IRC -->
	<item component="ComponentInfo{io.mrarm.irc/io.mrarm.irc.MainActivity}" drawable="revolution_irc" />

	<!-- Ripple -->
	<item component="ComponentInfo{info.guardianproject.ripple/info.guardianproject.ripple.MainActivity}" drawable="ripple" />

	<!-- Rock Radio -->
	<item component="ComponentInfo{com.audioaddict.rr/md5256881233f05e1a12873c405322115cb.SplashActivity}" drawable="rock_radio" />

	<!-- RSAF -->
	<item component="ComponentInfo{com.chiller3.rsaf/com.chiller3.rsaf.SettingsActivity}" drawable="rsaf" />

	<!-- Samplia -->
	<item component="ComponentInfo{com.gestycontrol.samplia/com.gestycontrol.samplia.MainActivity}" drawable="samplia" />

	<!-- Skype Lite -->
	<item component="ComponentInfo{com.skype.m2/com.skype.m2.views.HubActivity}" drawable="skype_lite" />

	<!-- SmallTalk -->
	<item component="ComponentInfo{app.dapk.st/app.dapk.st.MainActivity}" drawable="smalltalk" />

	<!-- Smart Recorder -->
	<item component="ComponentInfo{com.andrwq.recorder/com.andrwq.recorder.RecorderActivity}" drawable="smart_recorder" />

	<!-- Splash -->
	<item component="ComponentInfo{com.splash.scooters/com.zoontek.rnbootsplash.RNBootSplashActivity}" drawable="splash" />

	<!-- Split Screen Launcher -->
	<item component="ComponentInfo{com.fb.splitscreenlauncher/com.fb.splitscreenlauncher.ui.main.MainActivity}" drawable="split_screen_launcher" />

	<!-- Spotify Lite -->
	<item component="ComponentInfo{com.spotify.lite/com.spotify.litenavigation.launcher.LauncherActivity}" drawable="spotify_lite" />

	<!-- Survival Manual -->
	<item component="ComponentInfo{org.ligi.survivalmanual/org.ligi.survivalmanual.ui.MainActivity}" drawable="survival_manual" />

	<!-- System UI Tuner -->
	<item component="ComponentInfo{com.bryancandi.android.uituner/com.bryancandi.android.uituner.MainActivity}" drawable="system_ui_tuner" />

	<!-- Termoalert -->
	<item component="ComponentInfo{ro.termoenergetica.termoalert/ro.termoenergetica.infoteb.MainActivity}" drawable="termoalert" />

	<!-- TG Monet -->
	<item component="ComponentInfo{com.c3r5b8.telegram_monet/com.c3r5b8.telegram_monet.MainActivity}" drawable="tg_monet" />

	<!-- TinyKeePass -->
	<item component="ComponentInfo{org.sorz.lab.tinykeepass/org.sorz.lab.tinykeepass.MainActivity}" drawable="tinykeepass" />

	<!-- Tournant -->
	<item component="ComponentInfo{eu.zimbelstern.tournant/eu.zimbelstern.tournant.ui.MainActivity}" drawable="tournant" />

	<!-- Trackbook -->
	<item component="ComponentInfo{org.y20k.trackbook/org.y20k.trackbook.MainActivity}" drawable="trackbook" />

	<!-- Trivia You -->
	<item component="ComponentInfo{com.bnyro.trivia/com.bnyro.trivia.activities.MainActivity}" drawable="trivia_you" />

	<!-- Vitezometru -->
	<item component="ComponentInfo{apps.r.speedometer/apps.r.speedometer.StartTheme.Charcoal}" drawable="vitezometru" />

	<!-- whoBIRD -->
	<item component="ComponentInfo{org.woheller69.whobird/org.tensorflow.lite.examples.soundclassifier.DownloadActivity}" drawable="whobird" />

	<!-- YOU BRD -->
	<item component="ComponentInfo{ro.brd.udp.prd/ro.brd.ui.activity.enrollment.EnrollmentActivity}" drawable="you_brd" />

</resources>