<Theme version="1">

	<!-- Airly -->
	<AppIcon name="eu.airly.android/org.airly.airlykmm.android.MainActivity" image="airly"/>

	<!-- Antimine -->
	<AppIcon name="dev.lucanlm.antimine/dev.lucasnlm.antimine.main.MainActivity" image="antimine"/>

	<!-- Aparat foto -->
	<AppIcon name="com.hmdglobal.app.camera/com.hmdglobal.app.camera.CameraActivity" image="aparat_foto"/>

	<!-- Artivive -->
	<AppIcon name="com.artivive/com.example.flutterunity2.MainActivity" image="artivive"/>

	<!-- Arts & Culture -->
	<AppIcon name="com.google.android.apps.cultural/com.google.android.apps.cultural.flutter.HomeFlutterActivity" image="arts_and_culture"/>

	<!-- Automation -->
	<AppIcon name="com.jens.automation2/com.jens.automation2.ActivityMainTabLayout" image="automation"/>

	<!-- Bandsintown -->
	<AppIcon name="com.bandsintown/com.bandsintown.activity.SplashScreen" image="bandsintown"/>

	<!-- bonapp.eco -->
	<AppIcon name="eco.bonapp.app/com.lunadio.nszn.activities.SplashActivity" image="bonappeco"/>

	<!-- Briar -->
	<AppIcon name="org.briarproject.briar.android/org.briarproject.briar.android.splash.SplashScreenActivity" image="briar"/>

	<!-- CFR Călători -->
	<AppIcon name="com.Infofer.ImtMobile/crc64f49a1c2921625538.SplashActivity" image="cfr_calatori"/>

	<!-- Conversations -->
	<AppIcon name="eu.siacs.conversations/eu.siacs.conversations.ui.ConversationActivity" image="conversations"/>

	<!-- CrossWords -->
	<AppIcon name="org.eehouse.android.xw4/org.eehouse.android.xw4.MainActivity" image="crosswords"/>

	<!-- Curăţitor -->
	<AppIcon name="theredspy15.ltecleanerfoss/theredspy15.ltecleanerfoss.controllers.MainActivity" image="curatitor"/>

	<!-- Device Connect -->
	<AppIcon name="net.dcnnt/net.dcnnt.MainActivity" image="device_connect"/>

	<!-- Discogs -->
	<AppIcon name="com.discogs.app/com.discogs.app.MainActivity" image="discogs"/>

	<!-- EcoHero -->
	<AppIcon name="app.ecohero/app.ecohero.MainActivity" image="ecohero"/>

	<!-- Elsewhere -->
	<AppIcon name="me.davidteresi.elsewhere/me.davidteresi.elsewhere.MainActivity" image="elsewhere"/>

	<!-- Expenses -->
	<AppIcon name="de.dbauer.expensetracker/de.dbauer.expensetracker.MainActivity" image="expenses"/>

	<!-- Fedilab -->
	<AppIcon name="fr.gouv.etalab.mastodon/app.fedilab.android.activities.MainActivity.BrainCrash" image="fedilab"/>

	<!-- FediPhoto-Lineage -->
	<AppIcon name="com.fediphoto.lineage/com.fediphoto.lineage.StartActivity" image="fediphoto_lineage"/>

	<!-- Feedly Classic -->
	<AppIcon name="com.devhd.feedly.classic/com.devhd.feedly.Main" image="feedly_classic"/>

	<!-- Feeel -->
	<AppIcon name="com.enjoyingfoss.feeel/io.flutter.embedding.android.FlutterActivity" image="feeel"/>

	<!-- FileManagerUtils -->
	<AppIcon name="com.island.filemanagerutils/com.island.filemanagerutils.MainActivity" image="filemanagerutils"/>

	<!-- Foap -->
	<AppIcon name="com.foap.android/com.foap.android.modules.start.activities.StartActivity" image="foap"/>

	<!-- Food-E -->
	<AppIcon name="app.suhasdissa.foode/app.suhasdissa.foode.MainActivity" image="food_e"/>

	<!-- FTP Server (Free) -->
	<AppIcon name="be.ppareit.swiftp_free/be.ppareit.swiftp.gui.MainActivity" image="ftp_server_free_"/>

	<!-- GeneralSync -->
	<AppIcon name="com.generalsync.android/com.generalsync.android.ui.view.LaunchActivity" image="generalsync"/>

	<!-- Goodreads -->
	<AppIcon name="com.goodreads/com.goodreads.kindle.ui.activity.RoutingActivity" image="goodreads"/>

	<!-- Guitar Tuner -->
	<AppIcon name="ru.ee/ru.uxapps.guitartuner.MainActivity" image="guitar_tuner"/>

	<!-- Info TB -->
	<AppIcon name="ro.stbsa/ro.routeplanner.ui.container.ContainerScreen" image="info_tb"/>

	<!-- ISIC -->
	<AppIcon name="nl.jool.isic/cz.synetech.app.presentation.MainActivity" image="isic"/>

	<!-- IYPS -->
	<AppIcon name="com.iyps/com.iyps.activities.MainActivity" image="iyps"/>

	<!-- KFC România -->
	<AppIcon name="com.yum.kfc.ro/com.yum.kfc.ro.MainActivity" image="kfc_romania"/>

	<!-- LavSeeker -->
	<AppIcon name="org.woheller69.lavatories/org.woheller69.lavatories.activities.SplashActivity" image="lavseeker"/>

	<!-- Memrise -->
	<AppIcon name="com.memrise.android.memrisecompanion/com.memrise.android.memrisecompanion.ui.activity.LauncherActivity" image="memrise"/>

	<!-- Monitorul Prețurilor -->
	<AppIcon name="ro.ingr.pmonand/ro.ingr.pmonand.MainActivity" image="monitorul_preturilor"/>

	<!-- Moon+ Reader -->
	<AppIcon name="com.flyersoft.moonreader/com.flyersoft.moonreader.ActivityMain" image="moon_reader"/>

	<!-- Muviz -->
	<AppIcon name="com.perfectapps.muviz/com.perfectapps.muviz.activity.HomeActivity" image="muviz"/>

	<!-- Muzei -->
	<AppIcon name="net.nurik.roman.muzei/com.google.android.apps.muzei.MuzeiActivity" image="muzei"/>

	<!-- My Device -->
	<AppIcon name="com.hmdglobal.support/com.hmdglobal.support.ui.EntryActivity" image="my_device"/>

	<!-- Neko Collector -->
	<AppIcon name="com.abhinavjhanwar.android.egg/com.abhinavjhanwar.android.egg.neko.NekoLand" image="neko_collector"/>

	<!-- Notes -->
	<AppIcon name="org.billthefarmer.notes/org.billthefarmer.notes.Notes" image="notes"/>

	<!-- NPuzzle -->
	<AppIcon name="com.anafthdev.npuzzle/com.anafthdev.npuzzle.runtime.MainActivity" image="npuzzle"/>

	<!-- OMGSoundboard -->
	<AppIcon name="audio.omgsoundboard/audio.omgsoundboard.presentation.ui.MainActivity" image="omgsoundboard"/>

	<!-- Pluxee -->
	<AppIcon name="com.sodexo.cwc.ro/com.sodexo.globalconsumer.feature.splash.presentation.SplashActivity" image="pluxee"/>

	<!-- Quick Cursor -->
	<AppIcon name="com.quickcursor/com.quickcursor.android.activities.MainActivity" image="quick_cursor"/>

	<!-- QuickTiles -->
	<AppIcon name="com.asdoi.quicktiles/com.asdoi.quicksettings.SettingsActivity" image="quicktiles"/>

	<!-- Radio FM -->
	<AppIcon name="com.hmdglobal.app.fmradio/com.hmdglobal.app.fmradio.FmMainActivity" image="radio_fm"/>

	<!-- Revolution IRC -->
	<AppIcon name="io.mrarm.irc/io.mrarm.irc.MainActivity" image="revolution_irc"/>

	<!-- Ripple -->
	<AppIcon name="info.guardianproject.ripple/info.guardianproject.ripple.MainActivity" image="ripple"/>

	<!-- Rock Radio -->
	<AppIcon name="com.audioaddict.rr/md5256881233f05e1a12873c405322115cb.SplashActivity" image="rock_radio"/>

	<!-- RSAF -->
	<AppIcon name="com.chiller3.rsaf/com.chiller3.rsaf.SettingsActivity" image="rsaf"/>

	<!-- Samplia -->
	<AppIcon name="com.gestycontrol.samplia/com.gestycontrol.samplia.MainActivity" image="samplia"/>

	<!-- Skype Lite -->
	<AppIcon name="com.skype.m2/com.skype.m2.views.HubActivity" image="skype_lite"/>

	<!-- SmallTalk -->
	<AppIcon name="app.dapk.st/app.dapk.st.MainActivity" image="smalltalk"/>

	<!-- Smart Recorder -->
	<AppIcon name="com.andrwq.recorder/com.andrwq.recorder.RecorderActivity" image="smart_recorder"/>

	<!-- Splash -->
	<AppIcon name="com.splash.scooters/com.zoontek.rnbootsplash.RNBootSplashActivity" image="splash"/>

	<!-- Split Screen Launcher -->
	<AppIcon name="com.fb.splitscreenlauncher/com.fb.splitscreenlauncher.ui.main.MainActivity" image="split_screen_launcher"/>

	<!-- Spotify Lite -->
	<AppIcon name="com.spotify.lite/com.spotify.litenavigation.launcher.LauncherActivity" image="spotify_lite"/>

	<!-- Survival Manual -->
	<AppIcon name="org.ligi.survivalmanual/org.ligi.survivalmanual.ui.MainActivity" image="survival_manual"/>

	<!-- System UI Tuner -->
	<AppIcon name="com.bryancandi.android.uituner/com.bryancandi.android.uituner.MainActivity" image="system_ui_tuner"/>

	<!-- Termoalert -->
	<AppIcon name="ro.termoenergetica.termoalert/ro.termoenergetica.infoteb.MainActivity" image="termoalert"/>

	<!-- TG Monet -->
	<AppIcon name="com.c3r5b8.telegram_monet/com.c3r5b8.telegram_monet.MainActivity" image="tg_monet"/>

	<!-- TinyKeePass -->
	<AppIcon name="org.sorz.lab.tinykeepass/org.sorz.lab.tinykeepass.MainActivity" image="tinykeepass"/>

	<!-- Tournant -->
	<AppIcon name="eu.zimbelstern.tournant/eu.zimbelstern.tournant.ui.MainActivity" image="tournant"/>

	<!-- Trackbook -->
	<AppIcon name="org.y20k.trackbook/org.y20k.trackbook.MainActivity" image="trackbook"/>

	<!-- Trivia You -->
	<AppIcon name="com.bnyro.trivia/com.bnyro.trivia.activities.MainActivity" image="trivia_you"/>

	<!-- Vitezometru -->
	<AppIcon name="apps.r.speedometer/apps.r.speedometer.StartTheme.Charcoal" image="vitezometru"/>

	<!-- whoBIRD -->
	<AppIcon name="org.woheller69.whobird/org.tensorflow.lite.examples.soundclassifier.DownloadActivity" image="whobird"/>

	<!-- YOU BRD -->
	<AppIcon name="ro.brd.udp.prd/ro.brd.ui.activity.enrollment.EnrollmentActivity" image="you_brd"/>

</Theme>