<appmap>

	<!-- 1DM+ -->
	<item class="idm.internet.download.manager.MainActivity" name="_1dm_"/>

	<!-- 1DM+ Browser -->
	<item class="acr.browser.lightning.activity.MainActivityLauncher" name="_1dm_"/>

	<!-- AGC ToolKit -->
	<item class="com.agc.gcam_tools.MainActivity" name="agc_toolkit"/>

	<!-- AIA+ -->
	<item class="com.aia.myaia.MainActivity" name="aia_"/>

	<!-- AliExpress -->
	<item class="com.aliexpress.app.FirstActivity" name="aliexpress"/>

	<!-- Android Developers -->
	<item class="org.chromium.webapk.shell_apk.h2o.H2OOpaqueMainActivity" name="android_developers"/>

	<!-- AppGallery -->
	<item class="com.huawei.appmarket.MainActivity" name="appgallery"/>

	<!-- AR Measure -->
	<item class="com.huawei.ar.measure.LauncherActivity" name="ar_measure"/>

	<!-- Background Video Recorder -->
	<item class="com.helge.backgroundvideorecorder.ui.rec.RecActivity" name="background_video_recorder"/>

	<!-- BETA -->
	<item class="com.huawei.betaclub.launch.LauncherActivity" name="beta"/>

	<!-- bilibili -->
	<item class="tv.danmaku.bili.MainActivityV2" name="bilibili"/>

	<!-- Boom -->
	<item class="com.globaldelight.boom.app.activities.SplashScreenActivity" name="boom"/>

	<!-- Boom System FX -->
	<item class="com.globaldelight.systemfx.ui.SysFxMainActivity" name="boom"/>

	<!-- Browser -->
	<item class="com.huawei.browser.Main2" name="browser"/>

	<!-- Bubble Translate -->
	<item class="com.niven.translate.MainActivity" name="bubble_translate"/>

	<!-- Calculator -->
	<item class="com.miui.calculator.cal.CalculatorActivity" name="miui_calculator"/>

	<!-- Calculator -->
	<item class="com.huawei.calculator.Calculator" name="huawei_calculator"/>

	<!-- Calendar -->
	<item class="com.android.calendar.AllInOneActivity" name="android_calendar"/>

	<!-- Camera -->
	<item class="com.huawei.camera" name="camera"/>

	<!-- Camera -->
	<item class="com.android.camera.CameraLauncher" name="camera"/>

	<!-- Celia Keyboard -->
	<item class="com.appstore.view.activity.PrimaryActivity" name="celia_keyboard"/>

	<!-- Clock -->
	<item class="com.android.deskclock.AlarmsMainActivity" name="clock"/>

	<!-- Cloud -->
	<item class="com.huawei.android.hicloud.ui.activity.NewHiSyncSettingAliasActivity" name="cloud"/>

	<!-- Color OS 3D -->
	<item class="com.candybar.dev.activities.SplashActivity" name="color_os_3d"/>

	<!-- Colorful Widget -->
	<item class="com.colorful.widget.activity.splash.SplashActivity" name="colorful_widget"/>

	<!-- ColorOS Icons -->
	<item class="com.akbon.coloros.MainActivity" name="coloros_icons"/>

	<!-- Compass -->
	<item class="com.huawei.compass.MainActivity" name="compass"/>

	<!-- CoolApk -->
	<item class="com.coolapk.market.view.main.MainActivity" name="coolapk"/>

	<!-- CRiOS Carbon -->
	<item class="com.candybar.dev.activities.SplashActivity" name="crios_carbon"/>

	<!-- CRiOS X -->
	<item class="com.candybar.dev.activities.SplashActivity" name="crios_x"/>

	<!-- Crispy HD -->
	<item class="com.material.dashboard.candybar.sample.activities.SplashActivity" name="crispy_hd"/>

	<!-- CTOS -->
	<item class="my.com.ctos.android.SplashScreenActivity" name="ctos"/>

	<!-- Cubic Icon Pack -->
	<item class="com.panotogomo.cubic.activities.SplashActivity" name="cubic_icon_pack"/>

	<!-- Dark Evo -->
	<item class="com.darkevo.iconpack.activities.SplashActivity" name="dark_evo"/>

	<!-- Dictionary -->
	<item class="com.bravolol.bravolang.englishchinesecdictionary.BravoDict" name="dictionary"/>

	<!-- Discord -->
	<item class="com.discord.main.MainDefault" name="discord"/>

	<!-- DJ Mixer -->
	<item class="com.ijoysoft.mix.activity.WelcomeActivity" name="dj_mixer"/>

	<!-- Dock Circle 3D Icon Pack -->
	<item class="com.panotogomo.dockcircle.activities.SplashActivity" name="dock_circle_3d_icon_pack"/>

	<!-- Docs -->
	<item class="cn.wps.moffice.documentmanager.PreStartActivity" name="docs"/>

	<!-- Download Twitter Videos -->
	<item class="tweeter.gif.twittervideodownloader.ui.home.MainActivity" name="download_twitter_videos"/>

	<!-- Duel Links -->
	<item class="jp.konami.duellinks.plugins.YgomMainActivity" name="duel_links"/>

	<!-- Duel Links Meta -->
	<item class="org.chromium.webapk.shell_apk.h2o.H2OOpaqueMainActivity" name="duel_links_meta"/>

	<!-- Email -->
	<item class="com.android.email.activity.Welcome" name="email"/>

	<!-- Emui -->
	<item class="com.candybar.dev.activities.SplashActivity" name="emui"/>

	<!-- EMUI CARBON -->
	<item class="com.material.dashboard.candybar.sample.activities.SplashActivity" name="emui_carbon"/>

	<!-- Exported Icon Pack -->
	<item class="ginlemon.iconpackstudio.exported.MainActivity" name="exported_icon_pack"/>

	<!-- Files -->
	<item class="com.huawei.hidisk.filemanager.FileManager" name="files"/>

	<!-- Find Device -->
	<item class="com.huawei.android.findmyphone.ui.findphone.FindMyPhoneActivity" name="find_device"/>

	<!-- Font Manager -->
	<item class="com.deishelon.emuifontmanager.ui.activities.HomeActivity" name="font_manager"/>

	<!-- Font Picker -->
	<item class="com.khoben.fontpicker.ui.screen.MainActivity" name="font_picker"/>

	<!-- FV File Explorer -->
	<item class="com.fooview.android.fooview.FVFileActivity" name="fv_file_explorer"/>

	<!-- G-CPU -->
	<item class="com.example.g_cpu.MainActivity" name="g_cpu"/>

	<!-- Galaxy X -->
	<item class="com.candybar.dev.activities.SplashActivity" name="galaxy_x"/>

	<!-- Gallery -->
	<item class="com.huawei.gallery.app.GalleryMain" name="gallery3d"/>

	<!-- Gallery -->
	<item class="com.simplemobiletools.gallery.pro.activities.SplashActivity.Red" name="gallery"/>

	<!-- Gallery -->
	<item class="gallery.photomanager.picturegalleryapp.imagegallery.activity.GalleryActivity" name="photomanager"/>

	<!-- Gay For Fans -->
	<item class="org.chromium.webapk.shell_apk.h2o.H2OOpaqueMainActivity" name="gay_for_fans"/>

	<!-- GCamloader+ -->
	<item class="net.metareverse.gcamloader.MainActivity" name="gcamloader_"/>

	<!-- Google Pay -->
	<item class="com.google.android.apps.wallet.GooglePayActivity" name="google_pay"/>

	<!-- Grab -->
	<item class="com.grab.pax.newface.presentation.newface.NewFace" name="grab"/>

	<!-- Grindr -->
	<item class="com.grindrapp.android.HomeActivityOriginal" name="grindr"/>

	<!-- GSMArena -->
	<item class="com.gsmarena.android.activity.SplashActivity" name="gsmarena"/>

	<!-- Gspace -->
	<item class="com.gspace.android.ui.activity.SplashActivity" name="gspace"/>

	<!-- G漫 -->
	<item class="com.rhbbzsfw.lkanxtewa.default" name="g漫"/>

	<!-- Hexanet -->
	<item class="com.panotogomo.hexanet.activities.SplashActivity" name="hexanet"/>

	<!-- Huawei Health -->
	<item class="com.huawei.health.MainActivity" name="huawei_health"/>

	<!-- HUAWEI Music -->
	<item class="com.android.mediacenter.PageActivity" name="huawei_music"/>

	<!-- HUAWEI Video -->
	<item class="com.huawei.himovie.ui.login.SplashScreenActivity" name="huawei_video"/>

	<!-- Human body (male) educational VR 3D -->
	<item class="com.rendernet.intenturlgetterplugin.IntentUrlGetterActivity" name="human_body_male_educational_vr_3d"/>

	<!-- Hypic -->
	<item class="com.xt.retouch.uilauncher.LaunchActivity" name="hypic"/>

	<!-- Icon Pack Studio -->
	<item class="ginlemon.iconpackstudio.editor.homeActivity.HomeActivity" name="icon_pack_studio"/>

	<!-- iMuseum -->
	<item class="com.clover.imuseum.ui.activity.MainActivity" name="imuseum"/>

	<!-- inDrive -->
	<item class="sinet.startup.inDriver.ui.splash.SplashActivity" name="indrive"/>

	<!-- iOS 16 - icon pack -->
	<item class="com.debojyoti.ios16_icpack.activities.SplashActivity" name="ios_16_icon_pack"/>

	<!-- iOS Widgets - iWidgets -->
	<item class="colorwidgets.ios.widget.topwidgets.ui.activity.loading.LoadingActivity" name="ios_widgets_iwidgets"/>

	<!-- Kamasutra Gay -->
	<item class="appshaver.kamasutragay.MainActivity" name="kamasutra_gay"/>

	<!-- Keep -->
	<item class="com.gotokeep.keep.splash.SplashActivity" name="keep"/>

	<!-- KWSP i-Akaun -->
	<item class="com.epf.mip.MainActivity" name="kwsp_i_akaun"/>

	<!-- Lazada -->
	<item class="com.lazada.activities.EnterActivity" name="lazada"/>

	<!-- Learning -->
	<item class="com.linkedin.android.learning.launchscreen.LaunchScreenActivity" name="learning"/>

	<!-- Libre Memory Game -->
	<item class="com.godot.game.GodotApp" name="libre_memory_game"/>

	<!-- LINE -->
	<item class="jp.naver.line.android.activity.SplashActivity" name="line"/>

	<!-- Linedock 3D -->
	<item class="com.panotogomo.linedock.activities.SplashActivity" name="linedock_3d"/>

	<!-- LineS 3D -->
	<item class="com.panotogomo.linebula3d.activities.SplashActivity" name="lines_3d"/>

	<!-- LPSG.com -->
	<item class="org.chromium.webapk.shell_apk.h2o.H2OOpaqueMainActivity" name="lpsgcom"/>

	<!-- LuX Free -->
	<item class="com.jndapp.lux.free.iconpack.MainActivity" name="lux_free"/>

	<!-- MAE -->
	<item class="com.zoontek.rnbootsplash.RNBootSplashActivity" name="mae"/>

	<!-- Malaysia Calendar -->
	<item class="com.yunosolutions.yunocalendar.revamp.ui.splash.SplashActivity" name="malaysia_calendar"/>

	<!-- Material Square 3D -->
	<item class="com.candybar.dev.activities.SplashActivity" name="material_square_3d"/>

	<!-- MeeTime -->
	<item class="com.huawei.meetime.MainMenuActivity" name="meetime"/>

	<!-- Member Centre -->
	<item class="com.huawei.mycenter.module.main.view.MainActivity" name="member_centre"/>

	<!-- Mirror -->
	<item class="com.huawei.mirror.protocol.ProtocolConfirmActivity" name="mirror"/>

	<!-- Miru -->
	<item class="miru.miaomint.MainActivity" name="miru"/>

	<!-- Miui Carbon -->
	<item class="com.candybar.dev.activities.SplashActivity" name="miui_carbon"/>

	<!-- Miui Circle -->
	<item class="com.candybar.dev.activities.SplashActivity" name="miui_circle"/>

	<!-- Miui Circle Fluo -->
	<item class="com.candybar.dev.activities.SplashActivity" name="miui_circle_fluo"/>

	<!-- MiUX -->
	<item class="com.candybar.dev.activities.SplashActivity" name="miux"/>

	<!-- Mixed -->
	<item class="com.candybar.dev.activities.SplashActivity" name="mixed"/>

	<!-- MT Manager -->
	<item class="bin.mt.plus.MainDarkIcon" name="mt_manager"/>

	<!-- My Drawer -->
	<item class="com.ofirmiron.appdrawer.activities.MainActivity.Gray" name="my_drawer"/>

	<!-- My HUAWEI -->
	<item class="com.huawei.myhuawei.ui.HwSplashActivity" name="my_huawei"/>

	<!-- MyICON -->
	<item class="com.myicon.themeiconchanger.splash.SplashActivity" name="myicon"/>

	<!-- MyUMobile -->
	<item class="com.omesti.myumobile.MainActivity" name="myumobile"/>

	<!-- MyUnifi -->
	<item class="my.myunifi.MainActivity" name="myunifi"/>

	<!-- Netflix -->
	<item class="com.teamseries.lotus.MainActivityVer2" name="netflix"/>

	<!-- Newswav -->
	<item class="com.example.base.MainActivity" name="newswav"/>

	<!-- Nonton Anime -->
	<item class="com.stream.neoanimex.activities.ActivitySplash" name="nonton_anime"/>

	<!-- Notepad -->
	<item class="com.example.android.notepad.NotePadActivity" name="notepad"/>

	<!-- Notes -->
	<item class="com.huawei.hinote.HomeLauncherActivity" name="notes"/>

	<!-- One UI 6 -->
	<item class="ru.pt.iconpack.oneui6.activities.Check_GDPR" name="one_ui_6"/>

	<!-- One UI HD -->
	<item class="com.candybar.dev.activities.SplashActivity" name="one_ui_hd"/>

	<!-- One UI Long Shadow -->
	<item class="com.panotogomo.iconpack.oneui.activities.SplashActivity" name="one_ui_long_shadow"/>

	<!-- Onlyfans -->
	<item class="flc.ast.SplashActivity" name="onlyfans"/>

	<!-- OPPO Store -->
	<item class="com.heytap.store.view.SplashActivity" name="oppo_store"/>

	<!-- Optimiser -->
	<item class="com.huawei.systemmanager.mainscreen.MainScreenActivity" name="optimiser"/>

	<!-- Oxigen 3D -->
	<item class="com.candybar.dev.activities.SplashActivity" name="oxigen_3d"/>

	<!-- Oxigen HD -->
	<item class="com.candybar.dev.activities.SplashActivity" name="oxigen_hd"/>

	<!-- Palette -->
	<item class="h7.hamzio.palette.commons.Activity_Gallery" name="palette"/>

	<!-- Pdf Viewer -->
	<item class="com.turtleslab.pdfviewer.MainActivity_" name="pdf_viewer"/>

	<!-- Peafowl -->
	<item class="h7.hamzio7.peafowl.activities.GalleryActivity" name="peafowl"/>

	<!-- Peafowl -->
	<item class="h7.hamzio7.peafowl.activities.GalleryActivity" name="peafowl_huawei"/>

	<!-- Petal Maps -->
	<item class="com.huawei.maps.app.petalmaps.splash.SplashActivity" name="petal_maps"/>

	<!-- Petal Search -->
	<item class="com.huawei.hwsearch.homescreen.HomeScreenActivity" name="petal_search"/>

	<!-- Petal Speed -->
	<item class="com.huawei.genexcloud.speedtest.ui.SplashActivity" name="petal_speed"/>

	<!-- Phone -->
	<item class="com.android.contacts.activities.DialtactsActivity" name="dialtacts"/>

	<!-- Phone Clone -->
	<item class="com.huawei.android.clone.activity.sender.ChooseReceiveSendActivity" name="phone_clone"/>

	<!-- PIXEL SQUARE -->
	<item class="com.material.dashboard.candybar.sample.activities.SplashActivity" name="pixel_square"/>

	<!-- Pizza Hut Malaysia -->
	<item class="com.pizzahut.malaysia.views.MLSplashActivity" name="pizza_hut_malaysia"/>

	<!-- ReadEra -->
	<item class="com.readera.MainActivity" name="readera"/>

	<!-- Recorder -->
	<item class="com.android.soundrecorder.RecordListActivity" name="recorder"/>

	<!-- Reddit -->
	<item class="launcher.wallstreet" name="reddit"/>

	<!-- Settings -->
	<item class="com.android.settings.HWSettings" name="settings"/>

	<!-- Shopee -->
	<item class="com.shopee.app.ui.home.HomeActivity_" name="shopee"/>

	<!-- Shortcut Maker -->
	<item class="rk.android.app.shortcutmaker.CommonMethods.SplashScreenActivity" name="shortcut_maker"/>

	<!-- SIM Toolkit -->
	<item class="com.android.stk.StkLauncherActivity2" name="sim_toolkit"/>

	<!-- Software update -->
	<item class="com.huawei.android.hwouc.ui.activities.MainEntranceActivity" name="software_update"/>

	<!-- Software Update -->
	<item class="com.software.update.phoneupdate.activities.Splash_Activity" name="software_update"/>

	<!-- Sololearn -->
	<item class="com.sololearn.app.ui.launcher.LauncherActivity" name="sololearn"/>

	<!-- Stealth -->
	<item class="com.afollestad.polar.ui.SplashScreen" name="stealth"/>

	<!-- Table Notes -->
	<item class="vivekagarwal.playwithdb.MainActivity" name="table_notes"/>

	<!-- TachiJ2K -->
	<item class="eu.kanade.tachiyomi.ui.main.MainActivity" name="tachij2k"/>

	<!-- TechNave -->
	<item class="com.example.technaveuserapp.MainActivity" name="technave"/>

	<!-- TeraBox -->
	<item class="com.dubox.drive.ui.Navigate" name="terabox"/>

	<!-- Themes -->
	<item class="com.huawei.android.thememanager.mvp.view.activity.onlinebase.PageActivity" name="themes"/>

	<!-- Themes for Huawei & Honor -->
	<item class="com.teammt.gmanrainy.emuithemestore.activity.mainactivity.MainActivity" name="themes_for_huawei_and_honor"/>

	<!-- Themes Manager -->
	<item class="com.deishelon.lab.huaweithememanager.ui.activities.ThemesActivity" name="themes_manager"/>

	<!-- Tips -->
	<item class="com.huawei.android.tips.launch.ui.SplashActivity" name="tips"/>

	<!-- TNG eWallet -->
	<item class="my.com.tngdigital.ewallet.ui.SplashActivity" name="tng_ewallet"/>

	<!-- Top Widgets -->
	<item class="com.growing.topwidgets.home.splash.TWSplashActivity" name="top_widgets"/>

	<!-- Torch -->
	<item class="com.android.systemui.flashlight.FlashlightActivity" name="torch"/>

	<!-- Translator -->
	<item class="com.microsoft.translator.activity.SplashActivity" name="microsoft_translator"/>

	<!-- UC Browser -->
	<item class="com.UCMobile.main.UCMobile" name="uc_browser"/>

	<!-- Unifi Mobile -->
	<item class="com.iwhalecloud.login.ui.activity.WelcomeActivity" name="unifi_mobile"/>

	<!-- UNO -->
	<item class="com.netease.uno.CustomOverrideActivity" name="uno"/>

	<!-- UNO King -->
	<item class="com.unity3d.player.UnityPlayerActivity" name="uno_king"/>

	<!-- Uptodown App Store -->
	<item class="com.uptodown.activities.MainActivityScrollable" name="uptodown_app_store"/>

	<!-- URL to PDF Converter -->
	<item class="com.prostudio.urltopdfconverter.MainActivity" name="url_to_pdf_converter"/>

	<!-- Vanced -->
	<item class="com.biomes.vanced.main.MainActivity" name="vanced"/>

	<!-- VideoApp VK -->
	<item class="org.xjiop.vkvideoapp.AuthActivity" name="videoapp_vk"/>

	<!-- VK -->
	<item class="com.vk.android.launcher.icons.IconAlias.DefaultIcon" name="vk"/>

	<!-- VK Mail -->
	<item class="ru.mail.mailapp.SplashScreenActivity" name="vk_mail"/>

	<!-- VK Video -->
	<item class="com.vk.video.screens.main.MainActivity" name="vk_video"/>

	<!-- VK Video Feed -->
	<item class="mm.vkvideofeeddownload.SplashActivity" name="vk_video_feed"/>

	<!-- Weather -->
	<item class="com.huawei.android.totemweather.WeatherHome" name="totemweather"/>

	<!-- Weibo -->
	<item class="com.sina.weibo.SplashActivity" name="weibo"/>

	<!-- WidgetClub -->
	<item class="com.widgetclub.ui.login.SplashActivity" name="widgetclub"/>

	<!-- WPS PDF -->
	<item class="cn.wps.pdf.bootpage.splash.SplashActivity" name="wps_pdf"/>

	<!-- X -->
	<item class="com.twitter.android.StartActivity" name="x"/>

	<!-- xHamster -->
	<item class="org.chromium.webapk.shell_apk.h2o.H2OOpaqueMainActivity" name="xhamster"/>

	<!-- Xiaomi Community -->
	<item class="com.mi.global.bbslib.headlines.ui.SplashActivity" name="xiaomi_community"/>

	<!-- XPlayer - Video Player -->
	<item class="com.inshot.xplayer.activities.SplashActivity" name="xplayer_video_player"/>

	<!-- xvii -->
	<item class="com.twoeightnine.root.xvii.login.LoginActivity" name="xvii"/>

	<!-- zFont 3 -->
	<item class="com.htetznaing.zfont4.MainActivity" name="zfont_3"/>

	<!-- zFont Tool -->
	<item class="com.htetznaing.fonttools.MainActivity" name="zfont_tool"/>

	<!-- 动感熄屏 -->
	<item class="cn.bitsfun.light.aod.activity.MainActivity" name="动感熄屏"/>

	<!-- 小红书 -->
	<item class="com.xingin.xhs.index.v2.IndexActivityV2" name="xhs"/>

	<!-- 李跳跳 -->
	<item class="hello.litiaotiao.app.LauncherActivity" name="litiaotiao"/>

	<!-- 每日珠宝杂志 -->
	<item class="com.clover.jewel.ui.activity.MainActivity" name="每日珠宝杂志"/>

	<!-- 每日腕表杂志 -->
	<item class="com.clover.jewel.ui.activity.MainActivity" name="每日腕表杂志"/>

	<!-- 爱壹帆 -->
	<item class="com.cqcsy.lgsp.main.SplashActivity" name="ifvod"/>

	<!-- 迅雷 -->
	<item class="com.xunlei.downloadprovider.launch.LaunchActivity" name="downloadprovider"/>

</appmap>