<Theme version="1">

	<!-- 1DM+ -->
	<AppIcon name="idm.internet.download.manager.plus/idm.internet.download.manager.MainActivity" image="_1dm_"/>

	<!-- 1DM+ Browser -->
	<AppIcon name="idm.internet.download.manager.plus/acr.browser.lightning.activity.MainActivityLauncher" image="_1dm_"/>

	<!-- AGC ToolKit -->
	<AppIcon name="com.agc.gcam_tools/com.agc.gcam_tools.MainActivity" image="agc_toolkit"/>

	<!-- AIA+ -->
	<AppIcon name="com.aia.myaia/com.aia.myaia.MainActivity" image="aia_"/>

	<!-- AliExpress -->
	<AppIcon name="com.alibaba.aliexpresshd/com.aliexpress.app.FirstActivity" image="aliexpress"/>

	<!-- Android Developers -->
	<AppIcon name="org.chromium.webapk.ac1f09dc204c9fdb6_v2/org.chromium.webapk.shell_apk.h2o.H2OOpaqueMainActivity" image="android_developers"/>

	<!-- AppGallery -->
	<AppIcon name="com.huawei.appmarket/com.huawei.appmarket.MainActivity" image="appgallery"/>

	<!-- AR Measure -->
	<AppIcon name="com.huawei.ar.measure/com.huawei.ar.measure.LauncherActivity" image="ar_measure"/>

	<!-- Background Video Recorder -->
	<AppIcon name="com.helge.backgroundvideorecorder/com.helge.backgroundvideorecorder.ui.rec.RecActivity" image="background_video_recorder"/>

	<!-- BETA -->
	<AppIcon name="com.huawei.fut/com.huawei.betaclub.launch.LauncherActivity" image="beta"/>

	<!-- bilibili -->
	<AppIcon name="com.bilibili.app.in/tv.danmaku.bili.MainActivityV2" image="bilibili"/>

	<!-- Boom -->
	<AppIcon name="com.globaldelight.boom/com.globaldelight.boom.app.activities.SplashScreenActivity" image="boom"/>

	<!-- Boom System FX -->
	<AppIcon name="com.globaldelight.boom/com.globaldelight.systemfx.ui.SysFxMainActivity" image="boom"/>

	<!-- Browser -->
	<AppIcon name="com.huawei.browser/com.huawei.browser.Main2" image="browser"/>

	<!-- Bubble Translate -->
	<AppIcon name="com.niven.translator/com.niven.translate.MainActivity" image="bubble_translate"/>

	<!-- Calculator -->
	<AppIcon name="com.miui.calculator/com.miui.calculator.cal.CalculatorActivity" image="miui_calculator"/>

	<!-- Calculator -->
	<AppIcon name="com.huawei.calculator/com.huawei.calculator.Calculator" image="huawei_calculator"/>

	<!-- Calendar -->
	<AppIcon name="com.android.calendar/com.android.calendar.AllInOneActivity" image="android_calendar"/>

	<!-- Camera -->
	<AppIcon name="com.huawei.camera/com.huawei.camera" image="camera"/>

	<!-- Camera -->
	<AppIcon name="com.agc.gcam84/com.android.camera.CameraLauncher" image="camera"/>

	<!-- Celia Keyboard -->
	<AppIcon name="com.huawei.ohos.inputmethod/com.appstore.view.activity.PrimaryActivity" image="celia_keyboard"/>

	<!-- Clock -->
	<AppIcon name="com.android.deskclock/com.android.deskclock.AlarmsMainActivity" image="clock"/>

	<!-- Cloud -->
	<AppIcon name="com.huawei.hidisk/com.huawei.android.hicloud.ui.activity.NewHiSyncSettingAliasActivity" image="cloud"/>

	<!-- Color OS 3D -->
	<AppIcon name="com.cris87.color_os_3d/com.candybar.dev.activities.SplashActivity" image="color_os_3d"/>

	<!-- Colorful Widget -->
	<AppIcon name="com.colorful.widget.theme/com.colorful.widget.activity.splash.SplashActivity" image="colorful_widget"/>

	<!-- ColorOS Icons -->
	<AppIcon name="com.akbon.coloros/com.akbon.coloros.MainActivity" image="coloros_icons"/>

	<!-- Compass -->
	<AppIcon name="com.huawei.compass/com.huawei.compass.MainActivity" image="compass"/>

	<!-- CoolApk -->
	<AppIcon name="com.coolapk.market/com.coolapk.market.view.main.MainActivity" image="coolapk"/>

	<!-- CRiOS Carbon -->
	<AppIcon name="com.cris87.crios_carbon/com.candybar.dev.activities.SplashActivity" image="crios_carbon"/>

	<!-- CRiOS X -->
	<AppIcon name="com.cris87.crios/com.candybar.dev.activities.SplashActivity" image="crios_x"/>

	<!-- Crispy HD -->
	<AppIcon name="com.cris87.crispyhd/com.material.dashboard.candybar.sample.activities.SplashActivity" image="crispy_hd"/>

	<!-- CTOS -->
	<AppIcon name="my.com.ctos.android/my.com.ctos.android.SplashScreenActivity" image="ctos"/>

	<!-- Cubic Icon Pack -->
	<AppIcon name="com.panotogomo.cubic/com.panotogomo.cubic.activities.SplashActivity" image="cubic_icon_pack"/>

	<!-- Dark Evo -->
	<AppIcon name="com.darkevo.iconpack/com.darkevo.iconpack.activities.SplashActivity" image="dark_evo"/>

	<!-- Dictionary -->
	<AppIcon name="com.bravolol.bravolang.englishchinesecdictionary/com.bravolol.bravolang.englishchinesecdictionary.BravoDict" image="dictionary"/>

	<!-- Discord -->
	<AppIcon name="com.discord/com.discord.main.MainDefault" image="discord"/>

	<!-- DJ Mixer -->
	<AppIcon name="dj.music.mixer.sound.effects/com.ijoysoft.mix.activity.WelcomeActivity" image="dj_mixer"/>

	<!-- Dock Circle 3D Icon Pack -->
	<AppIcon name="com.panotogomo.dockcircle/com.panotogomo.dockcircle.activities.SplashActivity" image="dock_circle_3d_icon_pack"/>

	<!-- Docs -->
	<AppIcon name="com.huawei.docs/cn.wps.moffice.documentmanager.PreStartActivity" image="docs"/>

	<!-- Download Twitter Videos -->
	<AppIcon name="tweeter.gif.twittervideodownloader/tweeter.gif.twittervideodownloader.ui.home.MainActivity" image="download_twitter_videos"/>

	<!-- Duel Links -->
	<AppIcon name="jp.konami.duellinks/jp.konami.duellinks.plugins.YgomMainActivity" image="duel_links"/>

	<!-- Duel Links Meta -->
	<AppIcon name="org.chromium.webapk.ad25eda84fd189c88_v2/org.chromium.webapk.shell_apk.h2o.H2OOpaqueMainActivity" image="duel_links_meta"/>

	<!-- Email -->
	<AppIcon name="com.android.email/com.android.email.activity.Welcome" image="email"/>

	<!-- Emui -->
	<AppIcon name="com.cris87.emui/com.candybar.dev.activities.SplashActivity" image="emui"/>

	<!-- EMUI CARBON -->
	<AppIcon name="com.cris87.emui_carbon/com.material.dashboard.candybar.sample.activities.SplashActivity" image="emui_carbon"/>

	<!-- Exported Icon Pack -->
	<AppIcon name="ginlemon.iconpackstudio.exported/ginlemon.iconpackstudio.exported.MainActivity" image="exported_icon_pack"/>

	<!-- Files -->
	<AppIcon name="com.huawei.filemanager/com.huawei.hidisk.filemanager.FileManager" image="files"/>

	<!-- Find Device -->
	<AppIcon name="com.huawei.android.findmyphone/com.huawei.android.findmyphone.ui.findphone.FindMyPhoneActivity" image="find_device"/>

	<!-- Font Manager -->
	<AppIcon name="com.deishelon.emuifontmanager/com.deishelon.emuifontmanager.ui.activities.HomeActivity" image="font_manager"/>

	<!-- Font Picker -->
	<AppIcon name="com.khoben.fontpicker/com.khoben.fontpicker.ui.screen.MainActivity" image="font_picker"/>

	<!-- FV File Explorer -->
	<AppIcon name="com.fooview.android.fooview.fvfile/com.fooview.android.fooview.FVFileActivity" image="fv_file_explorer"/>

	<!-- G-CPU -->
	<AppIcon name="com.insideinc.gcpu/com.example.g_cpu.MainActivity" image="g_cpu"/>

	<!-- Galaxy X -->
	<AppIcon name="com.cris87.s8original/com.candybar.dev.activities.SplashActivity" image="galaxy_x"/>

	<!-- Gallery -->
	<AppIcon name="com.android.gallery3d/com.huawei.gallery.app.GalleryMain" image="gallery3d"/>

	<!-- Gallery -->
	<AppIcon name="com.simplemobiletools.gallery.pro/com.simplemobiletools.gallery.pro.activities.SplashActivity.Red" image="gallery"/>

	<!-- Gallery -->
	<AppIcon name="gallery.photomanager.picturegalleryapp.imagegallery/gallery.photomanager.picturegalleryapp.imagegallery.activity.GalleryActivity" image="photomanager"/>

	<!-- Gay For Fans -->
	<AppIcon name="org.chromium.webapk.a84bf11352b308b4e_v2/org.chromium.webapk.shell_apk.h2o.H2OOpaqueMainActivity" image="gay_for_fans"/>

	<!-- GCamloader+ -->
	<AppIcon name="net.metareverse.gcamloader/net.metareverse.gcamloader.MainActivity" image="gcamloader_"/>

	<!-- Google Pay -->
	<AppIcon name="com.google.android.apps.walletnfcrel/com.google.android.apps.wallet.GooglePayActivity" image="google_pay"/>

	<!-- Grab -->
	<AppIcon name="com.grabtaxi.passenger/com.grab.pax.newface.presentation.newface.NewFace" image="grab"/>

	<!-- Grindr -->
	<AppIcon name="com.grindrapp.android/com.grindrapp.android.HomeActivityOriginal" image="grindr"/>

	<!-- GSMArena -->
	<AppIcon name="com.gsmarena.android/com.gsmarena.android.activity.SplashActivity" image="gsmarena"/>

	<!-- Gspace -->
	<AppIcon name="com.gspace.android/com.gspace.android.ui.activity.SplashActivity" image="gspace"/>

	<!-- G漫 -->
	<AppIcon name="com.rhbbzsfw.lkanxtewa/com.rhbbzsfw.lkanxtewa.default" image="g漫"/>

	<!-- Hexanet -->
	<AppIcon name="com.panotogomo.hexanet/com.panotogomo.hexanet.activities.SplashActivity" image="hexanet"/>

	<!-- Huawei Health -->
	<AppIcon name="com.huawei.health/com.huawei.health.MainActivity" image="huawei_health"/>

	<!-- HUAWEI Music -->
	<AppIcon name="com.android.mediacenter/com.android.mediacenter.PageActivity" image="huawei_music"/>

	<!-- HUAWEI Video -->
	<AppIcon name="com.huawei.himovie.overseas/com.huawei.himovie.ui.login.SplashScreenActivity" image="huawei_video"/>

	<!-- Human body (male) educational VR 3D -->
	<AppIcon name="com.rendernet.humanmale/com.rendernet.intenturlgetterplugin.IntentUrlGetterActivity" image="human_body_male_educational_vr_3d"/>

	<!-- Hypic -->
	<AppIcon name="com.xt.retouchoversea/com.xt.retouch.uilauncher.LaunchActivity" image="hypic"/>

	<!-- Icon Pack Studio -->
	<AppIcon name="ginlemon.iconpackstudio/ginlemon.iconpackstudio.editor.homeActivity.HomeActivity" image="icon_pack_studio"/>

	<!-- iMuseum -->
	<AppIcon name="com.clover.imuseum/com.clover.imuseum.ui.activity.MainActivity" image="imuseum"/>

	<!-- inDrive -->
	<AppIcon name="sinet.startup.inDriver/sinet.startup.inDriver.ui.splash.SplashActivity" image="indrive"/>

	<!-- iOS 16 - icon pack -->
	<AppIcon name="com.debojyoti.ios16_icpack/com.debojyoti.ios16_icpack.activities.SplashActivity" image="ios_16_icon_pack"/>

	<!-- iOS Widgets - iWidgets -->
	<AppIcon name="colorwidgets.ios.widget.topwidgets/colorwidgets.ios.widget.topwidgets.ui.activity.loading.LoadingActivity" image="ios_widgets_iwidgets"/>

	<!-- Kamasutra Gay -->
	<AppIcon name="appshaver.kamasutragay/appshaver.kamasutragay.MainActivity" image="kamasutra_gay"/>

	<!-- Keep -->
	<AppIcon name="com.gotokeep.keep/com.gotokeep.keep.splash.SplashActivity" image="keep"/>

	<!-- KWSP i-Akaun -->
	<AppIcon name="com.epf.mip/com.epf.mip.MainActivity" image="kwsp_i_akaun"/>

	<!-- Lazada -->
	<AppIcon name="com.lazada.android/com.lazada.activities.EnterActivity" image="lazada"/>

	<!-- Learning -->
	<AppIcon name="com.linkedin.android.learning/com.linkedin.android.learning.launchscreen.LaunchScreenActivity" image="learning"/>

	<!-- Libre Memory Game -->
	<AppIcon name="org.quentin_bettoum.librememorygame/com.godot.game.GodotApp" image="libre_memory_game"/>

	<!-- LINE -->
	<AppIcon name="jp.naver.line.android/jp.naver.line.android.activity.SplashActivity" image="line"/>

	<!-- Linedock 3D -->
	<AppIcon name="com.panotogomo.linedock/com.panotogomo.linedock.activities.SplashActivity" image="linedock_3d"/>

	<!-- LineS 3D -->
	<AppIcon name="com.panotogomo.linebula3d/com.panotogomo.linebula3d.activities.SplashActivity" image="lines_3d"/>

	<!-- LPSG.com -->
	<AppIcon name="org.chromium.webapk.a04804b9c4d7af926_v2/org.chromium.webapk.shell_apk.h2o.H2OOpaqueMainActivity" image="lpsgcom"/>

	<!-- LuX Free -->
	<AppIcon name="com.jndapp.lux.free.iconpack/com.jndapp.lux.free.iconpack.MainActivity" image="lux_free"/>

	<!-- MAE -->
	<AppIcon name="com.maybank2u.life/com.zoontek.rnbootsplash.RNBootSplashActivity" image="mae"/>

	<!-- Malaysia Calendar -->
	<AppIcon name="com.leonw.mycalendar/com.yunosolutions.yunocalendar.revamp.ui.splash.SplashActivity" image="malaysia_calendar"/>

	<!-- Material Square 3D -->
	<AppIcon name="com.cris87.material_square_3d/com.candybar.dev.activities.SplashActivity" image="material_square_3d"/>

	<!-- MeeTime -->
	<AppIcon name="com.huawei.meetime/com.huawei.meetime.MainMenuActivity" image="meetime"/>

	<!-- Member Centre -->
	<AppIcon name="com.huawei.mycenter/com.huawei.mycenter.module.main.view.MainActivity" image="member_centre"/>

	<!-- Mirror -->
	<AppIcon name="com.huawei.mirror/com.huawei.mirror.protocol.ProtocolConfirmActivity" image="mirror"/>

	<!-- Miru -->
	<AppIcon name="miru.miaomint/miru.miaomint.MainActivity" image="miru"/>

	<!-- Miui Carbon -->
	<AppIcon name="com.cris87.miui_11_carbon/com.candybar.dev.activities.SplashActivity" image="miui_carbon"/>

	<!-- Miui Circle -->
	<AppIcon name="com.cris87.micolor/com.candybar.dev.activities.SplashActivity" image="miui_circle"/>

	<!-- Miui Circle Fluo -->
	<AppIcon name="com.cris87.miui_circle_fluo/com.candybar.dev.activities.SplashActivity" image="miui_circle_fluo"/>

	<!-- MiUX -->
	<AppIcon name="com.cris87.miux/com.candybar.dev.activities.SplashActivity" image="miux"/>

	<!-- Mixed -->
	<AppIcon name="com.cris87.mixed/com.candybar.dev.activities.SplashActivity" image="mixed"/>

	<!-- MT Manager -->
	<AppIcon name="bin.mt.plus/bin.mt.plus.MainDarkIcon" image="mt_manager"/>

	<!-- My Drawer -->
	<AppIcon name="com.ofirmiron.appdrawer/com.ofirmiron.appdrawer.activities.MainActivity.Gray" image="my_drawer"/>

	<!-- My HUAWEI -->
	<AppIcon name="com.huawei.phoneservice/com.huawei.myhuawei.ui.HwSplashActivity" image="my_huawei"/>

	<!-- MyICON -->
	<AppIcon name="com.myicon.themeiconchanger/com.myicon.themeiconchanger.splash.SplashActivity" image="myicon"/>

	<!-- MyUMobile -->
	<AppIcon name="com.omesti.myumobile/com.omesti.myumobile.MainActivity" image="myumobile"/>

	<!-- MyUnifi -->
	<AppIcon name="my.myunifi/my.myunifi.MainActivity" image="myunifi"/>

	<!-- Netflix -->
	<AppIcon name="com.apkmody.netflix/com.teamseries.lotus.MainActivityVer2" image="netflix"/>

	<!-- Newswav -->
	<AppIcon name="com.newswav.android/com.example.base.MainActivity" image="newswav"/>

	<!-- Nonton Anime -->
	<AppIcon name="com.stream.neoanimex/com.stream.neoanimex.activities.ActivitySplash" image="nonton_anime"/>

	<!-- Notepad -->
	<AppIcon name="com.example.android.notepad/com.example.android.notepad.NotePadActivity" image="notepad"/>

	<!-- Notes -->
	<AppIcon name="com.huawei.hinote/com.huawei.hinote.HomeLauncherActivity" image="notes"/>

	<!-- One UI 6 -->
	<AppIcon name="ru.pt.iconpack.oneui6/ru.pt.iconpack.oneui6.activities.Check_GDPR" image="one_ui_6"/>

	<!-- One UI HD -->
	<AppIcon name="com.cris87.one_ui/com.candybar.dev.activities.SplashActivity" image="one_ui_hd"/>

	<!-- One UI Long Shadow -->
	<AppIcon name="com.panotogomo.iconpack.oneui/com.panotogomo.iconpack.oneui.activities.SplashActivity" image="one_ui_long_shadow"/>

	<!-- Onlyfans -->
	<AppIcon name="luby.only.fans/flc.ast.SplashActivity" image="onlyfans"/>

	<!-- OPPO Store -->
	<AppIcon name="com.heytap.mall/com.heytap.store.view.SplashActivity" image="oppo_store"/>

	<!-- Optimiser -->
	<AppIcon name="com.huawei.systemmanager/com.huawei.systemmanager.mainscreen.MainScreenActivity" image="optimiser"/>

	<!-- Oxigen 3D -->
	<AppIcon name="com.cris87.oxygen3d/com.candybar.dev.activities.SplashActivity" image="oxigen_3d"/>

	<!-- Oxigen HD -->
	<AppIcon name="com.cris87.oxygen/com.candybar.dev.activities.SplashActivity" image="oxigen_hd"/>

	<!-- Palette -->
	<AppIcon name="h7.hamzio.palette/h7.hamzio.palette.commons.Activity_Gallery" image="palette"/>

	<!-- Pdf Viewer -->
	<AppIcon name="com.turtleslab.pdfviewer/com.turtleslab.pdfviewer.MainActivity_" image="pdf_viewer"/>

	<!-- Peafowl -->
	<AppIcon name="h7.hamzio.emuithemeotg/h7.hamzio7.peafowl.activities.GalleryActivity" image="peafowl"/>

	<!-- Peafowl -->
	<AppIcon name="h7.hamzio7.emuithemeotg.huawei/h7.hamzio7.peafowl.activities.GalleryActivity" image="peafowl_huawei"/>

	<!-- Petal Maps -->
	<AppIcon name="com.huawei.maps.app/com.huawei.maps.app.petalmaps.splash.SplashActivity" image="petal_maps"/>

	<!-- Petal Search -->
	<AppIcon name="com.huawei.hwsearch/com.huawei.hwsearch.homescreen.HomeScreenActivity" image="petal_search"/>

	<!-- Petal Speed -->
	<AppIcon name="com.huawei.genexcloud.speedtest/com.huawei.genexcloud.speedtest.ui.SplashActivity" image="petal_speed"/>

	<!-- Phone -->
	<AppIcon name="com.android.contacts/com.android.contacts.activities.DialtactsActivity" image="dialtacts"/>

	<!-- Phone Clone -->
	<AppIcon name="com.hicloud.android.clone/com.huawei.android.clone.activity.sender.ChooseReceiveSendActivity" image="phone_clone"/>

	<!-- PIXEL SQUARE -->
	<AppIcon name="com.cris87.pixelsquare/com.material.dashboard.candybar.sample.activities.SplashActivity" image="pixel_square"/>

	<!-- Pizza Hut Malaysia -->
	<AppIcon name="com.pizzahut.malaysia/com.pizzahut.malaysia.views.MLSplashActivity" image="pizza_hut_malaysia"/>

	<!-- ReadEra -->
	<AppIcon name="org.readera/com.readera.MainActivity" image="readera"/>

	<!-- Recorder -->
	<AppIcon name="com.android.soundrecorder/com.android.soundrecorder.RecordListActivity" image="recorder"/>

	<!-- Reddit -->
	<AppIcon name="com.reddit.frontpage/launcher.wallstreet" image="reddit"/>

	<!-- Settings -->
	<AppIcon name="com.android.settings/com.android.settings.HWSettings" image="settings"/>

	<!-- Shopee -->
	<AppIcon name="com.shopee.my/com.shopee.app.ui.home.HomeActivity_" image="shopee"/>

	<!-- Shortcut Maker -->
	<AppIcon name="rk.android.app.shortcutmaker/rk.android.app.shortcutmaker.CommonMethods.SplashScreenActivity" image="shortcut_maker"/>

	<!-- SIM Toolkit -->
	<AppIcon name="com.android.stk/com.android.stk.StkLauncherActivity2" image="sim_toolkit"/>

	<!-- Software update -->
	<AppIcon name="com.huawei.android.hwouc/com.huawei.android.hwouc.ui.activities.MainEntranceActivity" image="software_update"/>

	<!-- Software Update -->
	<AppIcon name="com.software.update.phoneupdate/com.software.update.phoneupdate.activities.Splash_Activity" image="software_update"/>

	<!-- Sololearn -->
	<AppIcon name="com.sololearn/com.sololearn.app.ui.launcher.LauncherActivity" image="sololearn"/>

	<!-- Stealth -->
	<AppIcon name="stealthychief.icon.pack.stealth/com.afollestad.polar.ui.SplashScreen" image="stealth"/>

	<!-- Table Notes -->
	<AppIcon name="vivekagarwal.playwithdb/vivekagarwal.playwithdb.MainActivity" image="table_notes"/>

	<!-- TachiJ2K -->
	<AppIcon name="eu.kanade.tachiyomi.j2k/eu.kanade.tachiyomi.ui.main.MainActivity" image="tachij2k"/>

	<!-- TechNave -->
	<AppIcon name="com.technave.technave/com.example.technaveuserapp.MainActivity" image="technave"/>

	<!-- TeraBox -->
	<AppIcon name="com.dubox.drive/com.dubox.drive.ui.Navigate" image="terabox"/>

	<!-- Themes -->
	<AppIcon name="com.huawei.android.thememanager/com.huawei.android.thememanager.mvp.view.activity.onlinebase.PageActivity" image="themes"/>

	<!-- Themes for Huawei & Honor -->
	<AppIcon name="com.teammt.gmanrainy.themestore/com.teammt.gmanrainy.emuithemestore.activity.mainactivity.MainActivity" image="themes_for_huawei_and_honor"/>

	<!-- Themes Manager -->
	<AppIcon name="com.deishelon.lab.huaweithememanager/com.deishelon.lab.huaweithememanager.ui.activities.ThemesActivity" image="themes_manager"/>

	<!-- Tips -->
	<AppIcon name="com.huawei.tipsove/com.huawei.android.tips.launch.ui.SplashActivity" image="tips"/>

	<!-- TNG eWallet -->
	<AppIcon name="my.com.tngdigital.ewallet/my.com.tngdigital.ewallet.ui.SplashActivity" image="tng_ewallet"/>

	<!-- Top Widgets -->
	<AppIcon name="com.growing.topwidgets/com.growing.topwidgets.home.splash.TWSplashActivity" image="top_widgets"/>

	<!-- Torch -->
	<AppIcon name="com.huawei.HwMultiScreenShot/com.android.systemui.flashlight.FlashlightActivity" image="torch"/>

	<!-- Translator -->
	<AppIcon name="com.microsoft.translator/com.microsoft.translator.activity.SplashActivity" image="microsoft_translator"/>

	<!-- UC Browser -->
	<AppIcon name="com.UCMobile.intl/com.UCMobile.main.UCMobile" image="uc_browser"/>

	<!-- Unifi Mobile -->
	<AppIcon name="com.iwhalecloud.clp.tm/com.iwhalecloud.login.ui.activity.WelcomeActivity" image="unifi_mobile"/>

	<!-- UNO -->
	<AppIcon name="com.matteljv.uno/com.netease.uno.CustomOverrideActivity" image="uno"/>

	<!-- UNO King -->
	<AppIcon name="com.bigcodegames.uno.king/com.unity3d.player.UnityPlayerActivity" image="uno_king"/>

	<!-- Uptodown App Store -->
	<AppIcon name="com.uptodown/com.uptodown.activities.MainActivityScrollable" image="uptodown_app_store"/>

	<!-- URL to PDF Converter -->
	<AppIcon name="com.prostudio.urltopdfconverter/com.prostudio.urltopdfconverter.MainActivity" image="url_to_pdf_converter"/>

	<!-- Vanced -->
	<AppIcon name="com.biomes.vanced/com.biomes.vanced.main.MainActivity" image="vanced"/>

	<!-- VideoApp VK -->
	<AppIcon name="org.xjiop.vkvideoapp/org.xjiop.vkvideoapp.AuthActivity" image="videoapp_vk"/>

	<!-- VK -->
	<AppIcon name="com.vkontakte.android/com.vk.android.launcher.icons.IconAlias.DefaultIcon" image="vk"/>

	<!-- VK Mail -->
	<AppIcon name="com.vk.mail/ru.mail.mailapp.SplashScreenActivity" image="vk_mail"/>

	<!-- VK Video -->
	<AppIcon name="com.vk.vkvideo/com.vk.video.screens.main.MainActivity" image="vk_video"/>

	<!-- VK Video Feed -->
	<AppIcon name="mm.vkvideofeeddownload/mm.vkvideofeeddownload.SplashActivity" image="vk_video_feed"/>

	<!-- Weather -->
	<AppIcon name="com.huawei.android.totemweather/com.huawei.android.totemweather.WeatherHome" image="totemweather"/>

	<!-- Weibo -->
	<AppIcon name="com.sina.weibo/com.sina.weibo.SplashActivity" image="weibo"/>

	<!-- WidgetClub -->
	<AppIcon name="com.widgetclub/com.widgetclub.ui.login.SplashActivity" image="widgetclub"/>

	<!-- WPS PDF -->
	<AppIcon name="cn.wps.pdf/cn.wps.pdf.bootpage.splash.SplashActivity" image="wps_pdf"/>

	<!-- X -->
	<AppIcon name="com.twitter.android/com.twitter.android.StartActivity" image="x"/>

	<!-- xHamster -->
	<AppIcon name="org.chromium.webapk.af423c7c13b0d46c5_v2/org.chromium.webapk.shell_apk.h2o.H2OOpaqueMainActivity" image="xhamster"/>

	<!-- Xiaomi Community -->
	<AppIcon name="com.mi.global.bbs/com.mi.global.bbslib.headlines.ui.SplashActivity" image="xiaomi_community"/>

	<!-- XPlayer - Video Player -->
	<AppIcon name="video.player.videoplayer/com.inshot.xplayer.activities.SplashActivity" image="xplayer_video_player"/>

	<!-- xvii -->
	<AppIcon name="com.twoeightnine.root.xvii/com.twoeightnine.root.xvii.login.LoginActivity" image="xvii"/>

	<!-- zFont 3 -->
	<AppIcon name="com.htetznaing.zfont2/com.htetznaing.zfont4.MainActivity" image="zfont_3"/>

	<!-- zFont Tool -->
	<AppIcon name="com.htetznaing.fonttools/com.htetznaing.fonttools.MainActivity" image="zfont_tool"/>

	<!-- 动感熄屏 -->
	<AppIcon name="cn.bitsfun.light.aod/cn.bitsfun.light.aod.activity.MainActivity" image="动感熄屏"/>

	<!-- 小红书 -->
	<AppIcon name="com.xingin.xhs/com.xingin.xhs.index.v2.IndexActivityV2" image="xhs"/>

	<!-- 李跳跳 -->
	<AppIcon name="hello.litiaotiao.app/hello.litiaotiao.app.LauncherActivity" image="litiaotiao"/>

	<!-- 每日珠宝杂志 -->
	<AppIcon name="com.clover.jewel/com.clover.jewel.ui.activity.MainActivity" image="每日珠宝杂志"/>

	<!-- 每日腕表杂志 -->
	<AppIcon name="com.clover.watch/com.clover.jewel.ui.activity.MainActivity" image="每日腕表杂志"/>

	<!-- 爱壹帆 -->
	<AppIcon name="com.cqcsy.ifvod/com.cqcsy.lgsp.main.SplashActivity" image="ifvod"/>

	<!-- 迅雷 -->
	<AppIcon name="com.xunlei.downloadprovider/com.xunlei.downloadprovider.launch.LaunchActivity" image="downloadprovider"/>

</Theme>