<resources>

	<!-- 123云盘 -->
	<item component="ComponentInfo{com.mfcloudcalculate.networkdisk/com.mfcloudcalculate.networkdisk.MainActivity}" drawable="_123云盘" />

	<!-- 阿里云盘 -->
	<item component="ComponentInfo{com.alicloud.databox/com.alicloud.databox.launcher.splash.SplashActivity}" drawable="阿里云盘" />

	<!-- 冰箱 -->
	<item component="ComponentInfo{com.catchingnow.icebox/com.catchingnow.icebox.activity.mainActivity.MainAppActivity}" drawable="冰箱" />

	<!-- 菜鸟 -->
	<item component="ComponentInfo{com.cainiao.wireless/com.cainiao.wireless.homepage.view.activity.WelcomeActivity}" drawable="菜鸟" />

	<!-- 动卡空间 -->
	<item component="ComponentInfo{com.citiccard.mobilebank/com.citiccard.mobilebankapp.LaunchActivity}" drawable="动卡空间" />

	<!-- 风车云马 -->
	<item component="ComponentInfo{com.vpn.windmill/com.vpn.windmill.activity.LanuchActivity}" drawable="风车云马" />

	<!-- 高德地图 -->
	<item component="ComponentInfo{com.autonavi.minimap/com.autonavi.map.activity.SplashActivity}" drawable="高德地图" />

	<!-- 个人所得税 -->
	<item component="ComponentInfo{cn.gov.tax.its/cn.gov.tax.its.MainActivity}" drawable="个人所得税" />

	<!-- 京东 -->
	<item component="ComponentInfo{com.jingdong.app.mall/com.jingdong.app.mall.main.MainActivity}" drawable="京东" />

	<!-- 夸克 -->
	<item component="ComponentInfo{com.quark.browser/com.ucpro.MainActivity}" drawable="夸克" />

	<!-- 流舟文件 -->
	<item component="ComponentInfo{com.liuzho.file.explorer/com.liuzho.file.explorer.splash.SplashActivity}" drawable="流舟文件" />

	<!-- 脉脉 -->
	<item component="ComponentInfo{com.taou.maimai/com.taou.maimai.MainActivity}" drawable="脉脉" />

	<!-- 美团 -->
	<item component="ComponentInfo{com.sankuai.meituan/com.meituan.android.pt.homepage.activity.MainActivity}" drawable="美团" />

	<!-- 幕布 -->
	<item component="ComponentInfo{com.mubu.app/com.mubu.app.splash.MubuSplashActivity}" drawable="幕布" />

	<!-- 泼辣 -->
	<item component="ComponentInfo{photo.editor.polarr/co.polarr.polarrphotoeditor.EditorActivity}" drawable="泼辣" />

	<!-- 少数派 -->
	<item component="ComponentInfo{com.sspai.sspaiandroid/com.zoontek.rnbootsplash.RNBootSplashActivity}" drawable="少数派" />

	<!-- 淘宝 -->
	<item component="ComponentInfo{com.taobao.taobao/com.taobao.tao.welcome.Welcome}" drawable="淘宝" />

	<!-- 天猫精灵 -->
	<item component="ComponentInfo{com.alibaba.ailabs.tg/com.alibaba.ailabs.tg.splash.WelcomeActivity}" drawable="天猫精灵" />

	<!-- 网易云音乐 -->
	<item component="ComponentInfo{com.netease.cloudmusic/com.netease.cloudmusic.activity.IconChangeDefaultAlias}" drawable="网易云音乐" />

	<!-- 微信读书 -->
	<item component="ComponentInfo{com.tencent.weread/com.tencent.weread.LauncherActivity}" drawable="微信读书" />

	<!-- 温度计 -->
	<item component="ComponentInfo{com.google.android.apps.pixel.health/com.google.android.apps.pixel.health.thermometer.ThermometerHomeActivity}" drawable="温度计" />

	<!-- 稀土掘金 -->
	<item component="ComponentInfo{com.daimajia.gold/im.juejin.android.ui.SplashActivity}" drawable="稀土掘金" />

	<!-- 闲鱼 -->
	<item component="ComponentInfo{com.taobao.idlefish/com.taobao.fleamarket.home.activity.InitActivity}" drawable="闲鱼" />

	<!-- 一木记账 -->
	<item component="ComponentInfo{com.wangc.bill/com.wangc.bill.activity.MainActivity}" drawable="一木记账" />

	<!-- 云闪付 -->
	<item component="ComponentInfo{com.unionpay/com.unionpay.activity.UPActivityMain}" drawable="云闪付" />

	<!-- 招商银行 -->
	<item component="ComponentInfo{cmb.pb/cmb.pb.app.mainframe.container.PBMainActivity}" drawable="招商银行" />

	<!-- 支付宝 -->
	<item component="ComponentInfo{com.eg.android.AlipayGphone/com.eg.android.AlipayGphone.AlipayLogin}" drawable="支付宝" />

	<!-- Adobe Photoshop Express -->
	<item component="ComponentInfo{com.adobe.psmobile/com.adobe.psmobile.MainActivity}" drawable="adobe_photoshop_express" />

	<!-- CNU -->
	<item component="ComponentInfo{cc.cnu.swift.cnu/cc.cnu.swift.cnu.MainActivity}" drawable="cnu" />

	<!-- ColorfulClouds Lite -->
	<item component="ComponentInfo{com.colorfulclouds.lite/com.nowcasting.activity.SplashActivity}" drawable="colorfulclouds_lite" />

	<!-- LeetCode -->
	<item component="ComponentInfo{com.lingkou.leetcode/com.lingkou.app_splash.splash.SplashActivity}" drawable="leetcode" />

	<!-- Mist -->
	<item component="ComponentInfo{com.mistycloud.android/com.mistycloud.android.ui.WebviewActivity}" drawable="mist" />

	<!-- OldRoll -->
	<item component="ComponentInfo{com.accordion.analogcam/com.lightcone.analogcam.activity.SplashActivity}" drawable="oldroll" />

	<!-- Openlib -->
	<item component="ComponentInfo{com.app.openlib/com.app.openlib.MainActivity}" drawable="openlib" />

	<!-- SD Maid SE -->
	<item component="ComponentInfo{eu.darken.sdmse/eu.darken.sdmse.main.ui.MainActivity}" drawable="sd_maid_se" />

	<!-- Syncthing -->
	<item component="ComponentInfo{com.nutomic.syncthingandroid/com.nutomic.syncthingandroid.activities.FirstStartActivity}" drawable="syncthing" />

	<!-- TikTok Plugin -->
	<item component="ComponentInfo{com.tiktok.plugin/com.tiktok.plugin.MainActivity}" drawable="tiktok_plugin" />

	<!-- Turrit -->
	<item component="ComponentInfo{org.telegram.group/org.telegram.messenger.DefaultIcon}" drawable="turrit" />

</resources>