<Theme version="1">

	<!-- 123云盘 -->
	<AppIcon name="com.mfcloudcalculate.networkdisk/com.mfcloudcalculate.networkdisk.MainActivity" image="_123云盘"/>

	<!-- 阿里云盘 -->
	<AppIcon name="com.alicloud.databox/com.alicloud.databox.launcher.splash.SplashActivity" image="阿里云盘"/>

	<!-- 冰箱 -->
	<AppIcon name="com.catchingnow.icebox/com.catchingnow.icebox.activity.mainActivity.MainAppActivity" image="冰箱"/>

	<!-- 菜鸟 -->
	<AppIcon name="com.cainiao.wireless/com.cainiao.wireless.homepage.view.activity.WelcomeActivity" image="菜鸟"/>

	<!-- 动卡空间 -->
	<AppIcon name="com.citiccard.mobilebank/com.citiccard.mobilebankapp.LaunchActivity" image="动卡空间"/>

	<!-- 风车云马 -->
	<AppIcon name="com.vpn.windmill/com.vpn.windmill.activity.LanuchActivity" image="风车云马"/>

	<!-- 高德地图 -->
	<AppIcon name="com.autonavi.minimap/com.autonavi.map.activity.SplashActivity" image="高德地图"/>

	<!-- 个人所得税 -->
	<AppIcon name="cn.gov.tax.its/cn.gov.tax.its.MainActivity" image="个人所得税"/>

	<!-- 京东 -->
	<AppIcon name="com.jingdong.app.mall/com.jingdong.app.mall.main.MainActivity" image="京东"/>

	<!-- 夸克 -->
	<AppIcon name="com.quark.browser/com.ucpro.MainActivity" image="夸克"/>

	<!-- 流舟文件 -->
	<AppIcon name="com.liuzho.file.explorer/com.liuzho.file.explorer.splash.SplashActivity" image="流舟文件"/>

	<!-- 脉脉 -->
	<AppIcon name="com.taou.maimai/com.taou.maimai.MainActivity" image="脉脉"/>

	<!-- 美团 -->
	<AppIcon name="com.sankuai.meituan/com.meituan.android.pt.homepage.activity.MainActivity" image="美团"/>

	<!-- 幕布 -->
	<AppIcon name="com.mubu.app/com.mubu.app.splash.MubuSplashActivity" image="幕布"/>

	<!-- 泼辣 -->
	<AppIcon name="photo.editor.polarr/co.polarr.polarrphotoeditor.EditorActivity" image="泼辣"/>

	<!-- 少数派 -->
	<AppIcon name="com.sspai.sspaiandroid/com.zoontek.rnbootsplash.RNBootSplashActivity" image="少数派"/>

	<!-- 淘宝 -->
	<AppIcon name="com.taobao.taobao/com.taobao.tao.welcome.Welcome" image="淘宝"/>

	<!-- 天猫精灵 -->
	<AppIcon name="com.alibaba.ailabs.tg/com.alibaba.ailabs.tg.splash.WelcomeActivity" image="天猫精灵"/>

	<!-- 网易云音乐 -->
	<AppIcon name="com.netease.cloudmusic/com.netease.cloudmusic.activity.IconChangeDefaultAlias" image="网易云音乐"/>

	<!-- 微信读书 -->
	<AppIcon name="com.tencent.weread/com.tencent.weread.LauncherActivity" image="微信读书"/>

	<!-- 温度计 -->
	<AppIcon name="com.google.android.apps.pixel.health/com.google.android.apps.pixel.health.thermometer.ThermometerHomeActivity" image="温度计"/>

	<!-- 稀土掘金 -->
	<AppIcon name="com.daimajia.gold/im.juejin.android.ui.SplashActivity" image="稀土掘金"/>

	<!-- 闲鱼 -->
	<AppIcon name="com.taobao.idlefish/com.taobao.fleamarket.home.activity.InitActivity" image="闲鱼"/>

	<!-- 一木记账 -->
	<AppIcon name="com.wangc.bill/com.wangc.bill.activity.MainActivity" image="一木记账"/>

	<!-- 云闪付 -->
	<AppIcon name="com.unionpay/com.unionpay.activity.UPActivityMain" image="云闪付"/>

	<!-- 招商银行 -->
	<AppIcon name="cmb.pb/cmb.pb.app.mainframe.container.PBMainActivity" image="招商银行"/>

	<!-- 支付宝 -->
	<AppIcon name="com.eg.android.AlipayGphone/com.eg.android.AlipayGphone.AlipayLogin" image="支付宝"/>

	<!-- Adobe Photoshop Express -->
	<AppIcon name="com.adobe.psmobile/com.adobe.psmobile.MainActivity" image="adobe_photoshop_express"/>

	<!-- CNU -->
	<AppIcon name="cc.cnu.swift.cnu/cc.cnu.swift.cnu.MainActivity" image="cnu"/>

	<!-- ColorfulClouds Lite -->
	<AppIcon name="com.colorfulclouds.lite/com.nowcasting.activity.SplashActivity" image="colorfulclouds_lite"/>

	<!-- LeetCode -->
	<AppIcon name="com.lingkou.leetcode/com.lingkou.app_splash.splash.SplashActivity" image="leetcode"/>

	<!-- Mist -->
	<AppIcon name="com.mistycloud.android/com.mistycloud.android.ui.WebviewActivity" image="mist"/>

	<!-- OldRoll -->
	<AppIcon name="com.accordion.analogcam/com.lightcone.analogcam.activity.SplashActivity" image="oldroll"/>

	<!-- Openlib -->
	<AppIcon name="com.app.openlib/com.app.openlib.MainActivity" image="openlib"/>

	<!-- SD Maid SE -->
	<AppIcon name="eu.darken.sdmse/eu.darken.sdmse.main.ui.MainActivity" image="sd_maid_se"/>

	<!-- Syncthing -->
	<AppIcon name="com.nutomic.syncthingandroid/com.nutomic.syncthingandroid.activities.FirstStartActivity" image="syncthing"/>

	<!-- TikTok Plugin -->
	<AppIcon name="com.tiktok.plugin/com.tiktok.plugin.MainActivity" image="tiktok_plugin"/>

	<!-- Turrit -->
	<AppIcon name="org.telegram.group/org.telegram.messenger.DefaultIcon" image="turrit"/>

</Theme>