<appmap>

	<!-- Amazon -->
	<item class="com.amazon.mShop.home.HomeActivity" name="amazon"/>

	<!-- apna -->
	<item class="com.apnatime.activities.splash.SplashActivity" name="apna"/>

	<!-- App vault -->
	<item class="com.mi.android.globalminusscreen.tab.MainActivity" name="app_vault"/>

	<!-- BookMyShow -->
	<item class="com.movie.bms.splashscreen.SplashScreenActivity" name="bookmyshow"/>

	<!-- Clipt -->
	<item class="studio.onelab.clipboard.ui.main.MainActivity" name="clipt"/>

	<!-- Clock -->
	<item class="com.android.deskclock.DeskClockTabActivity" name="android_deskclock"/>

	<!-- Digital Wellbeing -->
	<item class="com.google.android.apps.wellbeing.settings.LauncherActivity" name="digital_wellbeing"/>

	<!-- Flud -->
	<item class="com.delphicoder.flud.MainActivity" name="flud"/>

	<!-- FM Radio -->
	<item class="com.miui.fmradio.FmRadioActivity" name="fm_radio"/>

	<!-- ForceDoze -->
	<item class="com.suyashsrijan.forcedoze.MainActivity" name="forcedoze"/>

	<!-- FreshWalls -->
	<item class="com.oddlyspaced.walls.ui.activity.MainActivity" name="freshwalls"/>

	<!-- Gallery -->
	<item class="com.miui.gallery.activity.HomePageActivity" name="gallery"/>

	<!-- Game Turbo -->
	<item class="com.xiaomi.gameboosterglobal.home.HomeActivity" name="game_turbo"/>

	<!-- GetApps -->
	<item class="com.xiaomi.mipicks.DefaultAlias" name="getapps"/>

	<!-- Goodreads -->
	<item class="com.goodreads.kindle.ui.activity.SplashActivity" name="goodreads"/>

	<!-- GUVI -->
	<item class="com.guviapp.MainActivity" name="guvi"/>

	<!-- Hackerone -->
	<item class="com.robotemplates.webviewapp.activity.SplashActivity" name="hackerone"/>

	<!-- Hotstar -->
	<item class="com.hotstar.MainActivity" name="hotstar"/>

	<!-- Indeed Job Search -->
	<item class="com.indeed.android.jobsearch.LaunchActivity" name="indeed_job_search"/>

	<!-- IOB Mobile -->
	<item class="com.fss.iob6.MainActivity" name="iob_mobile"/>

	<!-- ISS Live Now -->
	<item class="com.nicedayapps.iss_free.activies.SplashActivity" name="iss_live_now"/>

	<!-- Link to MyASUS -->
	<item class="com.asus.linktomyasus.MainActivity" name="link_to_myasus"/>

	<!-- Link to Windows -->
	<item class="com.microsoft.appmanager.StartUpCoreActivity" name="link_to_windows"/>

	<!-- Loom -->
	<item class="com.loom.app.ui.MainActivity" name="loom"/>

	<!-- Meesho -->
	<item class="com.meesho.supply.main.MainActivity" name="meesho"/>

	<!-- Messaging -->
	<item class="com.android.mms.ui.MmsTabActivity" name="messaging"/>

	<!-- Mi Pay -->
	<item class="com.mipay.home.ui.SplashActivity" name="mi_pay"/>

	<!-- Mutify -->
	<item class="live.teekamsuthar.mutify.MainActivity" name="mutify"/>

	<!-- MyASUS -->
	<item class="com.asus.ia.asusapp.Phone.Init.DefaultLauncherActivity" name="myasus"/>

	<!-- Naukri.com -->
	<item class="com.naukri.splash.SplashActivity" name="naukricom"/>

	<!-- PDFelement -->
	<item class="com.wondershare.pdfelement.features.welcome.WelcomeActivity" name="pdfelement"/>

	<!-- Phone -->
	<item class="com.android.contacts.activities.TwelveKeyDialer" name="phone"/>

	<!-- POCO Launcher -->
	<item class="com.miui.home.launcher.SplashActivity" name="poco_launcher"/>

	<!-- Quikr Jobs -->
	<item class="com.quikr.job.old.SplashActivity" name="quikr_jobs"/>

	<!-- Royal Enfield -->
	<item class="com.royalenfield.reprime.ui.splash.activity.MainSplashScreenActivity" name="royal_enfield"/>

	<!-- SaverTuner -->
	<item class="com.draco.buoy.views.MainActivity" name="savertuner"/>

	<!-- Screen Recorder -->
	<item class="com.miui.screenrecorder.activity.ScreenRecorderHomeActivity" name="screen_recorder"/>

	<!-- Services & feedback -->
	<item class="com.miui.miservice.main.MainActivity" name="services_and_feedback"/>

	<!-- Shine.com -->
	<item class="com.net.shine.MainActivity" name="shinecom"/>

	<!-- Snapdrop -->
	<item class="com.fmsys.snapdrop.MainActivity" name="snapdrop"/>

	<!-- Snaptube -->
	<item class="com.snaptube.premium.activity.ExploreActivity" name="snaptube"/>

	<!-- Star Walk 2 -->
	<item class="com.google.firebase.MessagingUnityPlayerActivity" name="star_walk_2"/>

	<!-- Substack Reader -->
	<item class="com.substack.app.ui.AppActivity" name="substack_reader"/>

	<!-- Super Sound -->
	<item class="com.tianxingjian.supersound.MainActivity" name="super_sound"/>

	<!-- TBL -->
	<item class="com.tbl.movies.SplashActivity" name="tbl"/>

	<!-- Themes -->
	<item class="com.android.thememanager.ThemeResourceTabActivity" name="themes"/>

	<!-- TNEPDS -->
	<item class="com.omneAgate.PublicApp.activity.EntryActivity" name="tnepds"/>

</appmap>