<resources>

	<!-- Arcticons Day & Night -->
	<item component="ComponentInfo{com.donnnno.arcticons.daynight/com.donnnno.arcticons.activities.MainActivity}" drawable="arcticons_day_and_night" />

	<!-- Just1Minute -->
	<item component="ComponentInfo{io.nxt3.just1minute/io.nxt3.just1minute.mobile.TutorialActivity}" drawable="just1minute" />

	<!-- Master -->
	<item component="ComponentInfo{fr.thema.wear.watch.master/fr.thema.wear.watch.master.WatchFaceCompanionConfigActivity}" drawable="master" />

	<!-- myHAZ-VCT -->
	<item component="ComponentInfo{app.myhaz.vct/app.myhaz.vct.MainActivity}" drawable="myhaz_vct" />

	<!-- Pin.tt -->
	<item component="ComponentInfo{com.larixon.pin/tj.somon.somontj.AppActivity}" drawable="pintt" />

	<!-- Rituals -->
	<item component="ComponentInfo{com.globalbrands.rituals/com.globalbrands.rituals.activities.MainActivity}" drawable="rituals" />

	<!-- XAPK Installer -->
	<item component="ComponentInfo{com.wuliang.xapkinstaller/com.wuliang.xapkinstaller.SplashActivity}" drawable="xapk_installer" />

	<!-- YI IoT -->
	<item component="ComponentInfo{com.yunyi.smartcamera/com.ants360.yicamera.activity.splash.SplashActivity}" drawable="yi_iot" />

	<!-- ZUMIMALL -->
	<item component="ComponentInfo{com.zumimall.protecthome/com.ppstrong.weeye.SplashActivity}" drawable="zumimall" />

	<!-- 시리즈 -->
	<item component="ComponentInfo{com.nhn.android.nbooks/com.naver.series.home.EntranceActivity}" drawable="시리즈" />

</resources>