<appmap>

	<!-- Arcticons Day & Night -->
	<item class="com.donnnno.arcticons.activities.MainActivity" name="arcticons_day_and_night"/>

	<!-- Just1Minute -->
	<item class="io.nxt3.just1minute.mobile.TutorialActivity" name="just1minute"/>

	<!-- Master -->
	<item class="fr.thema.wear.watch.master.WatchFaceCompanionConfigActivity" name="master"/>

	<!-- myHAZ-VCT -->
	<item class="app.myhaz.vct.MainActivity" name="myhaz_vct"/>

	<!-- Pin.tt -->
	<item class="tj.somon.somontj.AppActivity" name="pintt"/>

	<!-- Rituals -->
	<item class="com.globalbrands.rituals.activities.MainActivity" name="rituals"/>

	<!-- XAPK Installer -->
	<item class="com.wuliang.xapkinstaller.SplashActivity" name="xapk_installer"/>

	<!-- YI IoT -->
	<item class="com.ants360.yicamera.activity.splash.SplashActivity" name="yi_iot"/>

	<!-- ZUMIMALL -->
	<item class="com.ppstrong.weeye.SplashActivity" name="zumimall"/>

	<!-- 시리즈 -->
	<item class="com.naver.series.home.EntranceActivity" name="시리즈"/>

</appmap>