<Theme version="1">

	<!-- Arcticons Day & Night -->
	<AppIcon name="com.donnnno.arcticons.daynight/com.donnnno.arcticons.activities.MainActivity" image="arcticons_day_and_night"/>

	<!-- Just1Minute -->
	<AppIcon name="io.nxt3.just1minute/io.nxt3.just1minute.mobile.TutorialActivity" image="just1minute"/>

	<!-- Master -->
	<AppIcon name="fr.thema.wear.watch.master/fr.thema.wear.watch.master.WatchFaceCompanionConfigActivity" image="master"/>

	<!-- myHAZ-VCT -->
	<AppIcon name="app.myhaz.vct/app.myhaz.vct.MainActivity" image="myhaz_vct"/>

	<!-- Pin.tt -->
	<AppIcon name="com.larixon.pin/tj.somon.somontj.AppActivity" image="pintt"/>

	<!-- Rituals -->
	<AppIcon name="com.globalbrands.rituals/com.globalbrands.rituals.activities.MainActivity" image="rituals"/>

	<!-- XAPK Installer -->
	<AppIcon name="com.wuliang.xapkinstaller/com.wuliang.xapkinstaller.SplashActivity" image="xapk_installer"/>

	<!-- YI IoT -->
	<AppIcon name="com.yunyi.smartcamera/com.ants360.yicamera.activity.splash.SplashActivity" image="yi_iot"/>

	<!-- ZUMIMALL -->
	<AppIcon name="com.zumimall.protecthome/com.ppstrong.weeye.SplashActivity" image="zumimall"/>

	<!-- 시리즈 -->
	<AppIcon name="com.nhn.android.nbooks/com.naver.series.home.EntranceActivity" image="시리즈"/>

</Theme>