<resources>

	<!-- Atlas Obscura -->
	<item component="ComponentInfo{com.atlasobscura.android/com.atlasobscura.app.ui.MainActivity}" drawable="atlas_obscura" />

	<!-- Authy -->
	<item component="ComponentInfo{com.authy.authy/com.authy.authy.activities.InitializationActivity}" drawable="authy" />

	<!-- Awoken -->
	<item component="ComponentInfo{com.lucid_dreaming.awoken/com.andreasrudolph.settings.AwokenPagerActivity}" drawable="awoken" />

	<!-- bol -->
	<item component="ComponentInfo{com.bol.shop/com.bol.shop.launch.ui.LaunchActivity}" drawable="bol" />

	<!-- Bullet Echo -->
	<item component="ComponentInfo{com.zeptolab.bulletecho.google/com.zf3.GameActivity}" drawable="bullet_echo" />

	<!-- Bumble -->
	<item component="ComponentInfo{com.bumble.app/com.bumble.app.ui.launcher.BumbleLauncherActivity}" drawable="bumble" />

	<!-- Calculator -->
	<item component="ComponentInfo{com.oneplus.calculator/com.oneplus.calculator.Calculator}" drawable="calculator" />

	<!-- Camera -->
	<item component="ComponentInfo{com.oneplus.camera/com.oneplus.camera.OPCameraActivity}" drawable="camera" />

	<!-- Chess -->
	<item component="ComponentInfo{com.chess/com.chess.splash.SplashActivity}" drawable="chess" />

	<!-- CIFI -->
	<item component="ComponentInfo{com.OctocubeGamesCompany.CIFI/com.unity3d.player.UnityPlayerActivity}" drawable="cifi" />

	<!-- Code Editor -->
	<item component="ComponentInfo{com.rhmsoft.code/com.rhmsoft.code.MainActivity}" drawable="code_editor" />

	<!-- Contacts -->
	<item component="ComponentInfo{com.android.contacts/com.android.contacts.PeopleActivityAlias}" drawable="contacts" />

	<!-- Deliveroo -->
	<item component="ComponentInfo{com.deliveroo.orderapp/com.deliveroo.orderapp.appicon.default}" drawable="deliveroo" />

	<!-- Discord -->
	<item component="ComponentInfo{com.discord/com.discord.main.MainDefault}" drawable="discord" />

	<!-- Dott -->
	<item component="ComponentInfo{com.ridedott.rider/com.ridedott.rider.MainActivity}" drawable="dott" />

	<!-- Games -->
	<item component="ComponentInfo{com.oplus.games/com.oplus.games.ui.main.MainGameActivity}" drawable="games" />

	<!-- Genius -->
	<item component="ComponentInfo{com.genius.android/com.genius.android.flow.main.MainActivity}" drawable="genius" />

	<!-- Grindr -->
	<item component="ComponentInfo{com.grindrapp.android/com.grindrapp.android.HomeActivityOriginal}" drawable="grindr" />

	<!-- Hearthstone -->
	<item component="ComponentInfo{com.blizzard.wtcg.hearthstone/com.blizzard.wtcg.hearthstone.HearthstoneActivity}" drawable="hearthstone" />

	<!-- ISEPS -->
	<item component="ComponentInfo{com.AppSociety.ISEPS/com.unity3d.player.UnityPlayerActivity}" drawable="iseps" />

	<!-- JamesDSP -->
	<item component="ComponentInfo{james.dsp/me.timschneeberger.rootlessjamesdsp.activity.MainActivity}" drawable="jamesdsp" />

	<!-- Malwarebytes -->
	<item component="ComponentInfo{org.malwarebytes.antimalware/org.malwarebytes.antimalware.ui.RoutingActivity}" drawable="malwarebytes" />

	<!-- Meta Quest -->
	<item component="ComponentInfo{com.oculus.twilight/com.oculus.twilight.crossapp.activity.XOCLoginActivity}" drawable="meta_quest" />

	<!-- Nyx -->
	<item component="ComponentInfo{com.awedea.nyx/com.awedea.nyx.activities.SplashScreenActivity}" drawable="nyx" />

	<!-- PS App -->
	<item component="ComponentInfo{com.scee.psxandroid/com.scee.psxandroid.activity.TopActivity}" drawable="ps_app" />

	<!-- Revolut -->
	<item component="ComponentInfo{com.revolut.revolut/com.revolut.ui.login.pin.LoginActivity}" drawable="revolut" />

	<!-- Rewards -->
	<item component="ComponentInfo{com.google.android.apps.paidtasks/com.google.android.apps.paidtasks.activity.LaunchActivity}" drawable="rewards" />

	<!-- Sesame -->
	<item component="ComponentInfo{ninja.sesame.app.edge/ninja.sesame.app.edge.activities.MainActivity}" drawable="sesame" />

	<!-- Sleep -->
	<item component="ComponentInfo{com.urbandroid.sleep/com.urbandroid.sleep.alarmclock.AlarmClock}" drawable="sleep" />

	<!-- Soundbound -->
	<item component="ComponentInfo{in.shabinder.soundbound/in.shabinder.soundbound.MainActivity}" drawable="soundbound" />

	<!-- Surfshark -->
	<item component="ComponentInfo{com.surfshark.vpnclient.android/com.surfshark.vpnclient.android.StartActivity}" drawable="surfshark" />

	<!-- Tachiyomi -->
	<item component="ComponentInfo{eu.kanade.tachiyomi/eu.kanade.tachiyomi.ui.main.MainActivity}" drawable="tachiyomi" />

	<!-- Trainline -->
	<item component="ComponentInfo{com.thetrainline/com.thetrainline.activities.home_screen.SplashScreenActivity}" drawable="trainline" />

	<!-- Uber -->
	<item component="ComponentInfo{com.ubercab/com.ubercab.presidio.app.core.root.RootActivity}" drawable="uber" />

	<!-- Uber Eats -->
	<item component="ComponentInfo{com.ubercab.eats/com.ubercab.eats.core.activity.LauncherActivity}" drawable="uber_eats" />

	<!-- Vinted -->
	<item component="ComponentInfo{fr.vinted/com.vinted.activities.MDActivity}" drawable="vinted" />

</resources>