<appmap>

	<!-- Atlas Obscura -->
	<item class="com.atlasobscura.app.ui.MainActivity" name="atlas_obscura"/>

	<!-- Authy -->
	<item class="com.authy.authy.activities.InitializationActivity" name="authy"/>

	<!-- Awoken -->
	<item class="com.andreasrudolph.settings.AwokenPagerActivity" name="awoken"/>

	<!-- bol -->
	<item class="com.bol.shop.launch.ui.LaunchActivity" name="bol"/>

	<!-- Bullet Echo -->
	<item class="com.zf3.GameActivity" name="bullet_echo"/>

	<!-- Bumble -->
	<item class="com.bumble.app.ui.launcher.BumbleLauncherActivity" name="bumble"/>

	<!-- Calculator -->
	<item class="com.oneplus.calculator.Calculator" name="calculator"/>

	<!-- Camera -->
	<item class="com.oneplus.camera.OPCameraActivity" name="camera"/>

	<!-- Chess -->
	<item class="com.chess.splash.SplashActivity" name="chess"/>

	<!-- CIFI -->
	<item class="com.unity3d.player.UnityPlayerActivity" name="cifi"/>

	<!-- Code Editor -->
	<item class="com.rhmsoft.code.MainActivity" name="code_editor"/>

	<!-- Contacts -->
	<item class="com.android.contacts.PeopleActivityAlias" name="contacts"/>

	<!-- Deliveroo -->
	<item class="com.deliveroo.orderapp.appicon.default" name="deliveroo"/>

	<!-- Discord -->
	<item class="com.discord.main.MainDefault" name="discord"/>

	<!-- Dott -->
	<item class="com.ridedott.rider.MainActivity" name="dott"/>

	<!-- Games -->
	<item class="com.oplus.games.ui.main.MainGameActivity" name="games"/>

	<!-- Genius -->
	<item class="com.genius.android.flow.main.MainActivity" name="genius"/>

	<!-- Grindr -->
	<item class="com.grindrapp.android.HomeActivityOriginal" name="grindr"/>

	<!-- Hearthstone -->
	<item class="com.blizzard.wtcg.hearthstone.HearthstoneActivity" name="hearthstone"/>

	<!-- ISEPS -->
	<item class="com.unity3d.player.UnityPlayerActivity" name="iseps"/>

	<!-- JamesDSP -->
	<item class="me.timschneeberger.rootlessjamesdsp.activity.MainActivity" name="jamesdsp"/>

	<!-- Malwarebytes -->
	<item class="org.malwarebytes.antimalware.ui.RoutingActivity" name="malwarebytes"/>

	<!-- Meta Quest -->
	<item class="com.oculus.twilight.crossapp.activity.XOCLoginActivity" name="meta_quest"/>

	<!-- Nyx -->
	<item class="com.awedea.nyx.activities.SplashScreenActivity" name="nyx"/>

	<!-- PS App -->
	<item class="com.scee.psxandroid.activity.TopActivity" name="ps_app"/>

	<!-- Revolut -->
	<item class="com.revolut.ui.login.pin.LoginActivity" name="revolut"/>

	<!-- Rewards -->
	<item class="com.google.android.apps.paidtasks.activity.LaunchActivity" name="rewards"/>

	<!-- Sesame -->
	<item class="ninja.sesame.app.edge.activities.MainActivity" name="sesame"/>

	<!-- Sleep -->
	<item class="com.urbandroid.sleep.alarmclock.AlarmClock" name="sleep"/>

	<!-- Soundbound -->
	<item class="in.shabinder.soundbound.MainActivity" name="soundbound"/>

	<!-- Surfshark -->
	<item class="com.surfshark.vpnclient.android.StartActivity" name="surfshark"/>

	<!-- Tachiyomi -->
	<item class="eu.kanade.tachiyomi.ui.main.MainActivity" name="tachiyomi"/>

	<!-- Trainline -->
	<item class="com.thetrainline.activities.home_screen.SplashScreenActivity" name="trainline"/>

	<!-- Uber -->
	<item class="com.ubercab.presidio.app.core.root.RootActivity" name="uber"/>

	<!-- Uber Eats -->
	<item class="com.ubercab.eats.core.activity.LauncherActivity" name="uber_eats"/>

	<!-- Vinted -->
	<item class="com.vinted.activities.MDActivity" name="vinted"/>

</appmap>