<appmap>

	<!-- bol -->
	<item class="com.bol.shop.launch.ui.LaunchActivity" name="bol"/>

	<!-- Bullet Echo -->
	<item class="com.zf3.GameActivity" name="bullet_echo"/>

	<!-- Bumble -->
	<item class="com.bumble.app.ui.launcher.BumbleLauncherActivity" name="bumble"/>

	<!-- Calculator -->
	<item class="com.oneplus.calculator.Calculator" name="calculator"/>

	<!-- Camera -->
	<item class="com.oneplus.camera.OPCameraActivity" name="camera"/>

	<!-- Chess -->
	<item class="com.chess.splash.SplashActivity" name="chess"/>

	<!-- CIFI -->
	<item class="com.unity3d.player.UnityPlayerActivity" name="cifi"/>

	<!-- Games -->
	<item class="com.oplus.games.ui.main.MainGameActivity" name="games"/>

	<!-- Hearthstone -->
	<item class="com.blizzard.wtcg.hearthstone.HearthstoneActivity" name="hearthstone"/>

	<!-- ISEPS -->
	<item class="com.unity3d.player.UnityPlayerActivity" name="iseps"/>

	<!-- Nyx -->
	<item class="com.awedea.nyx.activities.SplashScreenActivity" name="nyx"/>

	<!-- Rewards -->
	<item class="com.google.android.apps.paidtasks.activity.LaunchActivity" name="rewards"/>

	<!-- Sleep -->
	<item class="com.urbandroid.sleep.alarmclock.AlarmClock" name="sleep"/>

	<!-- Tachiyomi -->
	<item class="eu.kanade.tachiyomi.ui.main.MainActivity" name="tachiyomi"/>

</appmap>