<Theme version="1">

	<!-- Atlas Obscura -->
	<AppIcon name="com.atlasobscura.android/com.atlasobscura.app.ui.MainActivity" image="atlas_obscura"/>

	<!-- Authy -->
	<AppIcon name="com.authy.authy/com.authy.authy.activities.InitializationActivity" image="authy"/>

	<!-- Awoken -->
	<AppIcon name="com.lucid_dreaming.awoken/com.andreasrudolph.settings.AwokenPagerActivity" image="awoken"/>

	<!-- bol -->
	<AppIcon name="com.bol.shop/com.bol.shop.launch.ui.LaunchActivity" image="bol"/>

	<!-- Bullet Echo -->
	<AppIcon name="com.zeptolab.bulletecho.google/com.zf3.GameActivity" image="bullet_echo"/>

	<!-- Bumble -->
	<AppIcon name="com.bumble.app/com.bumble.app.ui.launcher.BumbleLauncherActivity" image="bumble"/>

	<!-- Calculator -->
	<AppIcon name="com.oneplus.calculator/com.oneplus.calculator.Calculator" image="calculator"/>

	<!-- Camera -->
	<AppIcon name="com.oneplus.camera/com.oneplus.camera.OPCameraActivity" image="camera"/>

	<!-- Chess -->
	<AppIcon name="com.chess/com.chess.splash.SplashActivity" image="chess"/>

	<!-- CIFI -->
	<AppIcon name="com.OctocubeGamesCompany.CIFI/com.unity3d.player.UnityPlayerActivity" image="cifi"/>

	<!-- Code Editor -->
	<AppIcon name="com.rhmsoft.code/com.rhmsoft.code.MainActivity" image="code_editor"/>

	<!-- Contacts -->
	<AppIcon name="com.android.contacts/com.android.contacts.PeopleActivityAlias" image="contacts"/>

	<!-- Deliveroo -->
	<AppIcon name="com.deliveroo.orderapp/com.deliveroo.orderapp.appicon.default" image="deliveroo"/>

	<!-- Discord -->
	<AppIcon name="com.discord/com.discord.main.MainDefault" image="discord"/>

	<!-- Dott -->
	<AppIcon name="com.ridedott.rider/com.ridedott.rider.MainActivity" image="dott"/>

	<!-- Games -->
	<AppIcon name="com.oplus.games/com.oplus.games.ui.main.MainGameActivity" image="games"/>

	<!-- Genius -->
	<AppIcon name="com.genius.android/com.genius.android.flow.main.MainActivity" image="genius"/>

	<!-- Grindr -->
	<AppIcon name="com.grindrapp.android/com.grindrapp.android.HomeActivityOriginal" image="grindr"/>

	<!-- Hearthstone -->
	<AppIcon name="com.blizzard.wtcg.hearthstone/com.blizzard.wtcg.hearthstone.HearthstoneActivity" image="hearthstone"/>

	<!-- ISEPS -->
	<AppIcon name="com.AppSociety.ISEPS/com.unity3d.player.UnityPlayerActivity" image="iseps"/>

	<!-- JamesDSP -->
	<AppIcon name="james.dsp/me.timschneeberger.rootlessjamesdsp.activity.MainActivity" image="jamesdsp"/>

	<!-- Malwarebytes -->
	<AppIcon name="org.malwarebytes.antimalware/org.malwarebytes.antimalware.ui.RoutingActivity" image="malwarebytes"/>

	<!-- Meta Quest -->
	<AppIcon name="com.oculus.twilight/com.oculus.twilight.crossapp.activity.XOCLoginActivity" image="meta_quest"/>

	<!-- Nyx -->
	<AppIcon name="com.awedea.nyx/com.awedea.nyx.activities.SplashScreenActivity" image="nyx"/>

	<!-- PS App -->
	<AppIcon name="com.scee.psxandroid/com.scee.psxandroid.activity.TopActivity" image="ps_app"/>

	<!-- Revolut -->
	<AppIcon name="com.revolut.revolut/com.revolut.ui.login.pin.LoginActivity" image="revolut"/>

	<!-- Rewards -->
	<AppIcon name="com.google.android.apps.paidtasks/com.google.android.apps.paidtasks.activity.LaunchActivity" image="rewards"/>

	<!-- Sesame -->
	<AppIcon name="ninja.sesame.app.edge/ninja.sesame.app.edge.activities.MainActivity" image="sesame"/>

	<!-- Sleep -->
	<AppIcon name="com.urbandroid.sleep/com.urbandroid.sleep.alarmclock.AlarmClock" image="sleep"/>

	<!-- Soundbound -->
	<AppIcon name="in.shabinder.soundbound/in.shabinder.soundbound.MainActivity" image="soundbound"/>

	<!-- Surfshark -->
	<AppIcon name="com.surfshark.vpnclient.android/com.surfshark.vpnclient.android.StartActivity" image="surfshark"/>

	<!-- Tachiyomi -->
	<AppIcon name="eu.kanade.tachiyomi/eu.kanade.tachiyomi.ui.main.MainActivity" image="tachiyomi"/>

	<!-- Trainline -->
	<AppIcon name="com.thetrainline/com.thetrainline.activities.home_screen.SplashScreenActivity" image="trainline"/>

	<!-- Uber -->
	<AppIcon name="com.ubercab/com.ubercab.presidio.app.core.root.RootActivity" image="uber"/>

	<!-- Uber Eats -->
	<AppIcon name="com.ubercab.eats/com.ubercab.eats.core.activity.LauncherActivity" image="uber_eats"/>

	<!-- Vinted -->
	<AppIcon name="fr.vinted/com.vinted.activities.MDActivity" image="vinted"/>

</Theme>