<resources>

	<!-- Audiobookshelf -->
	<item component="ComponentInfo{com.audiobookshelf.app/com.audiobookshelf.app.MainActivity}" drawable="audiobookshelf" />

	<!-- Efteling -->
	<item component="ComponentInfo{nl.efteling.android/nl.efteling.android.app.LaunchActivity}" drawable="efteling" />

	<!-- Etar -->
	<item component="ComponentInfo{ws.xsoh.etar/com.android.calendar.AllInOneActivity}" drawable="etar" />

	<!-- FreeOTP+ -->
	<item component="ComponentInfo{org.liberty.android.freeotpplus/org.fedorahosted.freeotp.ui.MainActivity}" drawable="freeotp_" />

	<!-- Galerij -->
	<item component="ComponentInfo{com.simplemobiletools.gallery/com.simplemobiletools.gallery.activities.SplashActivity.Orange}" drawable="galerij" />

	<!-- Outlook Lite -->
	<item component="ComponentInfo{com.microsoft.outlooklite/com.microsoft.outlooklite.sms.SmsMainActivity}" drawable="outlook_lite" />

	<!-- Pokémon GO -->
	<item component="ComponentInfo{com.nianticlabs.pokemongo/com.nianticproject.holoholo.libholoholo.unity.UnityMainActivity}" drawable="pokemon_go" />

	<!-- Proton Mail -->
	<item component="ComponentInfo{ch.protonmail.android/ch.protonmail.android.MainActivity}" drawable="proton_mail" />

	<!-- Proton Pass -->
	<item component="ComponentInfo{proton.android.pass/proton.android.pass.ui.MainActivity}" drawable="proton_pass" />

	<!-- Strava -->
	<item component="ComponentInfo{com.strava/com.strava.SplashActivity}" drawable="strava" />

</resources>