<Theme version="1">

	<!-- Audiobookshelf -->
	<AppIcon name="com.audiobookshelf.app/com.audiobookshelf.app.MainActivity" image="audiobookshelf"/>

	<!-- Efteling -->
	<AppIcon name="nl.efteling.android/nl.efteling.android.app.LaunchActivity" image="efteling"/>

	<!-- Etar -->
	<AppIcon name="ws.xsoh.etar/com.android.calendar.AllInOneActivity" image="etar"/>

	<!-- FreeOTP+ -->
	<AppIcon name="org.liberty.android.freeotpplus/org.fedorahosted.freeotp.ui.MainActivity" image="freeotp_"/>

	<!-- Galerij -->
	<AppIcon name="com.simplemobiletools.gallery/com.simplemobiletools.gallery.activities.SplashActivity.Orange" image="galerij"/>

	<!-- Outlook Lite -->
	<AppIcon name="com.microsoft.outlooklite/com.microsoft.outlooklite.sms.SmsMainActivity" image="outlook_lite"/>

	<!-- Pokémon GO -->
	<AppIcon name="com.nianticlabs.pokemongo/com.nianticproject.holoholo.libholoholo.unity.UnityMainActivity" image="pokemon_go"/>

	<!-- Proton Mail -->
	<AppIcon name="ch.protonmail.android/ch.protonmail.android.MainActivity" image="proton_mail"/>

	<!-- Proton Pass -->
	<AppIcon name="proton.android.pass/proton.android.pass.ui.MainActivity" image="proton_pass"/>

	<!-- Strava -->
	<AppIcon name="com.strava/com.strava.SplashActivity" image="strava"/>

</Theme>