<resources>

	<!-- 1DM -->
	<item component="ComponentInfo{idm.internet.download.manager/idm.internet.download.manager.MainActivity}" drawable="_1dm" />

	<!-- A2Z Suvidha -->
	<item component="ComponentInfo{com.a2zsuvidhaa.in/com.a2zsuvidhaa.in.activity.SplashActivity}" drawable="a2z_suvidha" />

	<!-- AJIO -->
	<item component="ComponentInfo{com.ril.ajio/com.ril.ajio.launch.activity.SplashScreenActivity}" drawable="ajio" />

	<!-- Amazon -->
	<item component="ComponentInfo{in.amazon.mShop.android.shopping/com.amazon.mShop.home.HomeActivity}" drawable="amazon" />

	<!-- Angel One -->
	<item component="ComponentInfo{com.msf.angelmobile/com.angelbroking.spark.splash.SplashActivity}" drawable="angel_one" />

	<!-- Battlegrounds India -->
	<item component="ComponentInfo{com.pubg.imobile/com.epicgames.ue4.SplashActivity}" drawable="battlegrounds_india" />

	<!-- BIS CARE -->
	<item component="ComponentInfo{com.bis.bisapp/com.bis.bisapp.SplashScreenActivity}" drawable="bis_care" />

	<!-- BOMBitUP -->
	<item component="ComponentInfo{com.romreviewer.bombitup/com.romreviewer.bombitup.ui.splash.Splash}" drawable="bombitup" />

	<!-- boodmo -->
	<item component="ComponentInfo{com.opsway.boodmo/com.opsway.boodmo.MainActivity}" drawable="boodmo" />

	<!-- Camera -->
	<item component="ComponentInfo{com.nothing.camera/com.nothing.camera.activity.CameraActivity}" drawable="camera" />

	<!-- Camera -->
	<item component="ComponentInfo{org.codeaurora.snapcam/com.android.camera.CameraLauncher}" drawable="camera" />

	<!-- Candy Crush Saga -->
	<item component="ComponentInfo{com.king.candycrushsaga/com.king.candycrushsaga.CandyCrushSagaActivity}" drawable="candy_crush_saga" />

	<!-- CarInfo -->
	<item component="ComponentInfo{com.cuvora.carinfo/com.cuvora.carinfo.splash.SplashScreenActivity}" drawable="carinfo" />

	<!-- CMF Watch -->
	<item component="ComponentInfo{com.nothing.cmf.watch/com.watchmanager.MainActivity}" drawable="cmf_watch" />

	<!-- Coin Master -->
	<item component="ComponentInfo{com.moonactive.coinmaster/com.moon.coinmaster.android.GameActivity}" drawable="coin_master" />

	<!-- Cool Connect -->
	<item component="ComponentInfo{com.carriermideaindia.customerapp/com.carriermideaindia.customerapp.ui.activity.java.Splashcreen}" drawable="cool_connect" />

	<!-- Dainik Bhaskar -->
	<item component="ComponentInfo{com.ak.ta.dainikbhaskar.activity/com.dainikbhaskar.ui.MainActivity}" drawable="dainik_bhaskar" />

	<!-- DMSS -->
	<item component="ComponentInfo{com.mm.android.DMSS/com.mm.android.base.devicemain.SplashActivity}" drawable="dmss" />

	<!-- eToll by ICICI Bank -->
	<item component="ComponentInfo{com.icicibank.fastag/com.icicibank.fastag.MainActivity}" drawable="etoll_by_icici_bank" />

	<!-- Eureka Forbes -->
	<item component="ComponentInfo{com.efl.eurekaforbes/com.efl.eurekaforbes.controller.activities.SplashActivity}" drawable="eureka_forbes" />

	<!-- Fuel-Costy -->
	<item component="ComponentInfo{hello.newone.sanrek.mileagecalculator/hello.newone.sanrek.mileagecalculator.MainActivity}" drawable="fuel_costy" />

	<!-- Gallery -->
	<item component="ComponentInfo{com.miui.gallery/com.miui.gallery.activity.HomePageActivity}" drawable="gallery" />

	<!-- HeyMelody -->
	<item component="ComponentInfo{com.heytap.headset/com.heytap.headset.component.startup.StartupActivity}" drawable="heymelody" />

	<!-- Hotstar -->
	<item component="ComponentInfo{in.startv.hotstar/com.hotstar.MainActivity}" drawable="hotstar" />

	<!-- InstaPro2 ♚ -->
	<item component="ComponentInfo{com.instapro2.android/com.OM7753.gold.icon1}" drawable="instapro2_♚" />

	<!-- ixigo trains -->
	<item component="ComponentInfo{com.ixigo.train.ixitrain/com.ixigo.train.ixitrain.SplashScreenActivity}" drawable="ixigo_trains" />

	<!-- JioGames -->
	<item component="ComponentInfo{com.jio.jiogames/com.jio.jiogamestore.NewMainActivity}" drawable="jiogames" />

	<!-- JioHome -->
	<item component="ComponentInfo{com.jio.home/com.jio.home.ui.activity.SplashActivity}" drawable="jiohome" />

	<!-- Lenskart -->
	<item component="ComponentInfo{com.lenskart.app/com.lenskart.app.main.ui.SplashActivity}" drawable="lenskart" />

	<!-- Liv-Care -->
	<item component="ComponentInfo{com.deltecs.livcare/com.deltecs.dronalite.SplashScreenActivityNew}" drawable="liv_care" />

	<!-- Ludo King -->
	<item component="ComponentInfo{com.ludo.king/com.google.firebase.MessagingUnityPlayerActivity}" drawable="ludo_king" />

	<!-- Maruti Suzuki -->
	<item component="ComponentInfo{com.marutisuzuki.rewards/com.marutisuzuki.rewards.activity.SplashActivity}" drawable="maruti_suzuki" />

	<!-- MemeChat -->
	<item component="ComponentInfo{sisinc.com.sis/sisinc.com.sis.OnBoarding.activity.SplashActivity}" drawable="memechat" />

	<!-- MX Player -->
	<item component="ComponentInfo{com.mxtech.videoplayer.ad/com.mxtech.videoplayer.ad.ActivityWelcomeMX}" drawable="mx_player" />

	<!-- Myntra -->
	<item component="ComponentInfo{com.myntra.android/com.myntra.android.activities.react.ReactActivity}" drawable="myntra" />

	<!-- NoteCam -->
	<item component="ComponentInfo{com.derekr.NoteCam/com.derekr.NoteCam.MainActivity}" drawable="notecam" />

	<!-- Nothing Music Community -->
	<item component="ComponentInfo{com.preyk.nmusic/com.preyk.nmusic.NothingMusic}" drawable="nothing_music_community" />

	<!-- Nothing X -->
	<item component="ComponentInfo{com.nothing.smartcenter/com.nothing.home.activity.WelcomeActivity}" drawable="nothing_x" />

	<!-- Ola Electric -->
	<item component="ComponentInfo{com.olaelectric.companion/com.olaelectric.presentationv3.views.splash.SplashActivity}" drawable="ola_electric" />

	<!-- OneCard -->
	<item component="ComponentInfo{com.creditcard.onecard/com.creditcard.onecard.MainActivity}" drawable="onecard" />

	<!-- OneScore -->
	<item component="ComponentInfo{tech.fplabs.score/tech.fplabs.score.MainActivity}" drawable="onescore" />

	<!-- Park+ -->
	<item component="ComponentInfo{com.ovunque.parkwheels/com.ovunque.parkwheels.activities.SplashActivity}" drawable="park_" />

	<!-- Railways HMIS -->
	<item component="ComponentInfo{com.cdac.mconsultancyrailwayhmis/com.cdac.mconsultancyrailwayhmis.SplashScreen}" drawable="railways_hmis" />

	<!-- Recorder -->
	<item component="ComponentInfo{com.nothing.soundrecorder/com.nothing.soundrecorder.ui.NewMainActivity}" drawable="recorder" />

	<!-- Subway Surf -->
	<item component="ComponentInfo{com.kiloo.subwaysurf/com.sybogames.chili.multidex.ChiliMultidexSupportActivity}" drawable="subway_surf" />

	<!-- TempleRun2 -->
	<item component="ComponentInfo{com.imangi.templerun2/com.imangi.unityactivity.ImangiUnityActivity}" drawable="templerun2" />

	<!-- TeraBox -->
	<item component="ComponentInfo{com.dubox.drive/com.dubox.drive.ui.LogoNewLauncherActivity}" drawable="terabox" />

	<!-- Tinder -->
	<item component="ComponentInfo{com.tinder/com.tinder.launch.internal.activities.LoginActivity}" drawable="tinder" />

	<!-- Vedu -->
	<item component="ComponentInfo{nati.toallasrud.vedu/nati.toallasrud.vedu.Home.SplashScreen}" drawable="vedu" />

	<!-- VN -->
	<item component="ComponentInfo{com.frontrow.vlog/com.frontrow.vlog.ui.splash.SplashActivity}" drawable="vn" />

	<!-- WAMR -->
	<item component="ComponentInfo{com.drilens.wamr/com.drilens.wamr.MainActivity}" drawable="wamr" />

	<!-- Weather -->
	<item component="ComponentInfo{com.nothing.weather/com.nothing.weather.ui.main.MainActivity}" drawable="weather" />

	<!-- wmu -->
	<item component="ComponentInfo{com.nikon.wu.wmau/com.nikon.wu.wmau.NccLicenseActivity}" drawable="wmu" />

	<!-- Xiaomi Service+ -->
	<item component="ComponentInfo{com.xiaomi.mi_care/com.xiaomi.mi_care.MainActivity}" drawable="xiaomi_service_" />

	<!-- Zomato -->
	<item component="ComponentInfo{com.application.zomato/com.application.zomato.activities.Splash}" drawable="zomato" />

</resources>