<appmap>

	<!-- 1DM -->
	<item class="idm.internet.download.manager.MainActivity" name="_1dm"/>

	<!-- A2Z Suvidha -->
	<item class="com.a2zsuvidhaa.in.activity.SplashActivity" name="a2z_suvidha"/>

	<!-- AJIO -->
	<item class="com.ril.ajio.launch.activity.SplashScreenActivity" name="ajio"/>

	<!-- Amazon -->
	<item class="com.amazon.mShop.home.HomeActivity" name="amazon"/>

	<!-- Angel One -->
	<item class="com.angelbroking.spark.splash.SplashActivity" name="angel_one"/>

	<!-- Battlegrounds India -->
	<item class="com.epicgames.ue4.SplashActivity" name="battlegrounds_india"/>

	<!-- BIS CARE -->
	<item class="com.bis.bisapp.SplashScreenActivity" name="bis_care"/>

	<!-- BOMBitUP -->
	<item class="com.romreviewer.bombitup.ui.splash.Splash" name="bombitup"/>

	<!-- boodmo -->
	<item class="com.opsway.boodmo.MainActivity" name="boodmo"/>

	<!-- Camera -->
	<item class="com.nothing.camera.activity.CameraActivity" name="camera"/>

	<!-- Camera -->
	<item class="com.android.camera.CameraLauncher" name="camera"/>

	<!-- Candy Crush Saga -->
	<item class="com.king.candycrushsaga.CandyCrushSagaActivity" name="candy_crush_saga"/>

	<!-- CarInfo -->
	<item class="com.cuvora.carinfo.splash.SplashScreenActivity" name="carinfo"/>

	<!-- CMF Watch -->
	<item class="com.watchmanager.MainActivity" name="cmf_watch"/>

	<!-- Coin Master -->
	<item class="com.moon.coinmaster.android.GameActivity" name="coin_master"/>

	<!-- Cool Connect -->
	<item class="com.carriermideaindia.customerapp.ui.activity.java.Splashcreen" name="cool_connect"/>

	<!-- Dainik Bhaskar -->
	<item class="com.dainikbhaskar.ui.MainActivity" name="dainik_bhaskar"/>

	<!-- DMSS -->
	<item class="com.mm.android.base.devicemain.SplashActivity" name="dmss"/>

	<!-- eToll by ICICI Bank -->
	<item class="com.icicibank.fastag.MainActivity" name="etoll_by_icici_bank"/>

	<!-- Eureka Forbes -->
	<item class="com.efl.eurekaforbes.controller.activities.SplashActivity" name="eureka_forbes"/>

	<!-- Fuel-Costy -->
	<item class="hello.newone.sanrek.mileagecalculator.MainActivity" name="fuel_costy"/>

	<!-- Gallery -->
	<item class="com.miui.gallery.activity.HomePageActivity" name="gallery"/>

	<!-- HeyMelody -->
	<item class="com.heytap.headset.component.startup.StartupActivity" name="heymelody"/>

	<!-- Hotstar -->
	<item class="com.hotstar.MainActivity" name="hotstar"/>

	<!-- InstaPro2 ♚ -->
	<item class="com.OM7753.gold.icon1" name="instapro2_♚"/>

	<!-- ixigo trains -->
	<item class="com.ixigo.train.ixitrain.SplashScreenActivity" name="ixigo_trains"/>

	<!-- JioGames -->
	<item class="com.jio.jiogamestore.NewMainActivity" name="jiogames"/>

	<!-- JioHome -->
	<item class="com.jio.home.ui.activity.SplashActivity" name="jiohome"/>

	<!-- Lenskart -->
	<item class="com.lenskart.app.main.ui.SplashActivity" name="lenskart"/>

	<!-- Liv-Care -->
	<item class="com.deltecs.dronalite.SplashScreenActivityNew" name="liv_care"/>

	<!-- Ludo King -->
	<item class="com.google.firebase.MessagingUnityPlayerActivity" name="ludo_king"/>

	<!-- Maruti Suzuki -->
	<item class="com.marutisuzuki.rewards.activity.SplashActivity" name="maruti_suzuki"/>

	<!-- MemeChat -->
	<item class="sisinc.com.sis.OnBoarding.activity.SplashActivity" name="memechat"/>

	<!-- MX Player -->
	<item class="com.mxtech.videoplayer.ad.ActivityWelcomeMX" name="mx_player"/>

	<!-- Myntra -->
	<item class="com.myntra.android.activities.react.ReactActivity" name="myntra"/>

	<!-- NoteCam -->
	<item class="com.derekr.NoteCam.MainActivity" name="notecam"/>

	<!-- Nothing Music Community -->
	<item class="com.preyk.nmusic.NothingMusic" name="nothing_music_community"/>

	<!-- Nothing X -->
	<item class="com.nothing.home.activity.WelcomeActivity" name="nothing_x"/>

	<!-- Ola Electric -->
	<item class="com.olaelectric.presentationv3.views.splash.SplashActivity" name="ola_electric"/>

	<!-- OneCard -->
	<item class="com.creditcard.onecard.MainActivity" name="onecard"/>

	<!-- OneScore -->
	<item class="tech.fplabs.score.MainActivity" name="onescore"/>

	<!-- Park+ -->
	<item class="com.ovunque.parkwheels.activities.SplashActivity" name="park_"/>

	<!-- Railways HMIS -->
	<item class="com.cdac.mconsultancyrailwayhmis.SplashScreen" name="railways_hmis"/>

	<!-- Recorder -->
	<item class="com.nothing.soundrecorder.ui.NewMainActivity" name="recorder"/>

	<!-- Subway Surf -->
	<item class="com.sybogames.chili.multidex.ChiliMultidexSupportActivity" name="subway_surf"/>

	<!-- TempleRun2 -->
	<item class="com.imangi.unityactivity.ImangiUnityActivity" name="templerun2"/>

	<!-- TeraBox -->
	<item class="com.dubox.drive.ui.LogoNewLauncherActivity" name="terabox"/>

	<!-- Tinder -->
	<item class="com.tinder.launch.internal.activities.LoginActivity" name="tinder"/>

	<!-- Vedu -->
	<item class="nati.toallasrud.vedu.Home.SplashScreen" name="vedu"/>

	<!-- VN -->
	<item class="com.frontrow.vlog.ui.splash.SplashActivity" name="vn"/>

	<!-- WAMR -->
	<item class="com.drilens.wamr.MainActivity" name="wamr"/>

	<!-- Weather -->
	<item class="com.nothing.weather.ui.main.MainActivity" name="weather"/>

	<!-- wmu -->
	<item class="com.nikon.wu.wmau.NccLicenseActivity" name="wmu"/>

	<!-- Xiaomi Service+ -->
	<item class="com.xiaomi.mi_care.MainActivity" name="xiaomi_service_"/>

	<!-- Zomato -->
	<item class="com.application.zomato.activities.Splash" name="zomato"/>

</appmap>