<Theme version="1">

	<!-- 1DM -->
	<AppIcon name="idm.internet.download.manager/idm.internet.download.manager.MainActivity" image="_1dm"/>

	<!-- A2Z Suvidha -->
	<AppIcon name="com.a2zsuvidhaa.in/com.a2zsuvidhaa.in.activity.SplashActivity" image="a2z_suvidha"/>

	<!-- AJIO -->
	<AppIcon name="com.ril.ajio/com.ril.ajio.launch.activity.SplashScreenActivity" image="ajio"/>

	<!-- Amazon -->
	<AppIcon name="in.amazon.mShop.android.shopping/com.amazon.mShop.home.HomeActivity" image="amazon"/>

	<!-- Angel One -->
	<AppIcon name="com.msf.angelmobile/com.angelbroking.spark.splash.SplashActivity" image="angel_one"/>

	<!-- Battlegrounds India -->
	<AppIcon name="com.pubg.imobile/com.epicgames.ue4.SplashActivity" image="battlegrounds_india"/>

	<!-- BIS CARE -->
	<AppIcon name="com.bis.bisapp/com.bis.bisapp.SplashScreenActivity" image="bis_care"/>

	<!-- BOMBitUP -->
	<AppIcon name="com.romreviewer.bombitup/com.romreviewer.bombitup.ui.splash.Splash" image="bombitup"/>

	<!-- boodmo -->
	<AppIcon name="com.opsway.boodmo/com.opsway.boodmo.MainActivity" image="boodmo"/>

	<!-- Camera -->
	<AppIcon name="com.nothing.camera/com.nothing.camera.activity.CameraActivity" image="camera"/>

	<!-- Camera -->
	<AppIcon name="org.codeaurora.snapcam/com.android.camera.CameraLauncher" image="camera"/>

	<!-- Candy Crush Saga -->
	<AppIcon name="com.king.candycrushsaga/com.king.candycrushsaga.CandyCrushSagaActivity" image="candy_crush_saga"/>

	<!-- CarInfo -->
	<AppIcon name="com.cuvora.carinfo/com.cuvora.carinfo.splash.SplashScreenActivity" image="carinfo"/>

	<!-- CMF Watch -->
	<AppIcon name="com.nothing.cmf.watch/com.watchmanager.MainActivity" image="cmf_watch"/>

	<!-- Coin Master -->
	<AppIcon name="com.moonactive.coinmaster/com.moon.coinmaster.android.GameActivity" image="coin_master"/>

	<!-- Cool Connect -->
	<AppIcon name="com.carriermideaindia.customerapp/com.carriermideaindia.customerapp.ui.activity.java.Splashcreen" image="cool_connect"/>

	<!-- Dainik Bhaskar -->
	<AppIcon name="com.ak.ta.dainikbhaskar.activity/com.dainikbhaskar.ui.MainActivity" image="dainik_bhaskar"/>

	<!-- DMSS -->
	<AppIcon name="com.mm.android.DMSS/com.mm.android.base.devicemain.SplashActivity" image="dmss"/>

	<!-- eToll by ICICI Bank -->
	<AppIcon name="com.icicibank.fastag/com.icicibank.fastag.MainActivity" image="etoll_by_icici_bank"/>

	<!-- Eureka Forbes -->
	<AppIcon name="com.efl.eurekaforbes/com.efl.eurekaforbes.controller.activities.SplashActivity" image="eureka_forbes"/>

	<!-- Fuel-Costy -->
	<AppIcon name="hello.newone.sanrek.mileagecalculator/hello.newone.sanrek.mileagecalculator.MainActivity" image="fuel_costy"/>

	<!-- Gallery -->
	<AppIcon name="com.miui.gallery/com.miui.gallery.activity.HomePageActivity" image="gallery"/>

	<!-- HeyMelody -->
	<AppIcon name="com.heytap.headset/com.heytap.headset.component.startup.StartupActivity" image="heymelody"/>

	<!-- Hotstar -->
	<AppIcon name="in.startv.hotstar/com.hotstar.MainActivity" image="hotstar"/>

	<!-- InstaPro2 ♚ -->
	<AppIcon name="com.instapro2.android/com.OM7753.gold.icon1" image="instapro2_♚"/>

	<!-- ixigo trains -->
	<AppIcon name="com.ixigo.train.ixitrain/com.ixigo.train.ixitrain.SplashScreenActivity" image="ixigo_trains"/>

	<!-- JioGames -->
	<AppIcon name="com.jio.jiogames/com.jio.jiogamestore.NewMainActivity" image="jiogames"/>

	<!-- JioHome -->
	<AppIcon name="com.jio.home/com.jio.home.ui.activity.SplashActivity" image="jiohome"/>

	<!-- Lenskart -->
	<AppIcon name="com.lenskart.app/com.lenskart.app.main.ui.SplashActivity" image="lenskart"/>

	<!-- Liv-Care -->
	<AppIcon name="com.deltecs.livcare/com.deltecs.dronalite.SplashScreenActivityNew" image="liv_care"/>

	<!-- Ludo King -->
	<AppIcon name="com.ludo.king/com.google.firebase.MessagingUnityPlayerActivity" image="ludo_king"/>

	<!-- Maruti Suzuki -->
	<AppIcon name="com.marutisuzuki.rewards/com.marutisuzuki.rewards.activity.SplashActivity" image="maruti_suzuki"/>

	<!-- MemeChat -->
	<AppIcon name="sisinc.com.sis/sisinc.com.sis.OnBoarding.activity.SplashActivity" image="memechat"/>

	<!-- MX Player -->
	<AppIcon name="com.mxtech.videoplayer.ad/com.mxtech.videoplayer.ad.ActivityWelcomeMX" image="mx_player"/>

	<!-- Myntra -->
	<AppIcon name="com.myntra.android/com.myntra.android.activities.react.ReactActivity" image="myntra"/>

	<!-- NoteCam -->
	<AppIcon name="com.derekr.NoteCam/com.derekr.NoteCam.MainActivity" image="notecam"/>

	<!-- Nothing Music Community -->
	<AppIcon name="com.preyk.nmusic/com.preyk.nmusic.NothingMusic" image="nothing_music_community"/>

	<!-- Nothing X -->
	<AppIcon name="com.nothing.smartcenter/com.nothing.home.activity.WelcomeActivity" image="nothing_x"/>

	<!-- Ola Electric -->
	<AppIcon name="com.olaelectric.companion/com.olaelectric.presentationv3.views.splash.SplashActivity" image="ola_electric"/>

	<!-- OneCard -->
	<AppIcon name="com.creditcard.onecard/com.creditcard.onecard.MainActivity" image="onecard"/>

	<!-- OneScore -->
	<AppIcon name="tech.fplabs.score/tech.fplabs.score.MainActivity" image="onescore"/>

	<!-- Park+ -->
	<AppIcon name="com.ovunque.parkwheels/com.ovunque.parkwheels.activities.SplashActivity" image="park_"/>

	<!-- Railways HMIS -->
	<AppIcon name="com.cdac.mconsultancyrailwayhmis/com.cdac.mconsultancyrailwayhmis.SplashScreen" image="railways_hmis"/>

	<!-- Recorder -->
	<AppIcon name="com.nothing.soundrecorder/com.nothing.soundrecorder.ui.NewMainActivity" image="recorder"/>

	<!-- Subway Surf -->
	<AppIcon name="com.kiloo.subwaysurf/com.sybogames.chili.multidex.ChiliMultidexSupportActivity" image="subway_surf"/>

	<!-- TempleRun2 -->
	<AppIcon name="com.imangi.templerun2/com.imangi.unityactivity.ImangiUnityActivity" image="templerun2"/>

	<!-- TeraBox -->
	<AppIcon name="com.dubox.drive/com.dubox.drive.ui.LogoNewLauncherActivity" image="terabox"/>

	<!-- Tinder -->
	<AppIcon name="com.tinder/com.tinder.launch.internal.activities.LoginActivity" image="tinder"/>

	<!-- Vedu -->
	<AppIcon name="nati.toallasrud.vedu/nati.toallasrud.vedu.Home.SplashScreen" image="vedu"/>

	<!-- VN -->
	<AppIcon name="com.frontrow.vlog/com.frontrow.vlog.ui.splash.SplashActivity" image="vn"/>

	<!-- WAMR -->
	<AppIcon name="com.drilens.wamr/com.drilens.wamr.MainActivity" image="wamr"/>

	<!-- Weather -->
	<AppIcon name="com.nothing.weather/com.nothing.weather.ui.main.MainActivity" image="weather"/>

	<!-- wmu -->
	<AppIcon name="com.nikon.wu.wmau/com.nikon.wu.wmau.NccLicenseActivity" image="wmu"/>

	<!-- Xiaomi Service+ -->
	<AppIcon name="com.xiaomi.mi_care/com.xiaomi.mi_care.MainActivity" image="xiaomi_service_"/>

	<!-- Zomato -->
	<AppIcon name="com.application.zomato/com.application.zomato.activities.Splash" image="zomato"/>

</Theme>