<appmap>

	<!-- Binance -->
	<item class="com.eaas.launcher.activities.main.MainActivity" name="binance"/>

	<!-- Caynax Sports Tracker -->
	<item class="com.caynax.sportstracker.free.fpa" name="caynax_sports_tracker"/>

	<!-- Cinema Pro -->
	<item class="com.sonymobile.cinemapro.CinemaProActivity" name="cinema_pro"/>

	<!-- DevCheck -->
	<item class="flar2.devcheck.MainActivity" name="devcheck"/>

	<!-- Enpass -->
	<item class="io.enpass.app.SplashScreenActivity" name="enpass"/>

	<!-- Epic Games -->
	<item class="com.epicgames.portal.MainActivity" name="epic_games"/>

	<!-- FL Studio Mobile -->
	<item class="com.imageline.FLM.FLMActivity" name="fl_studio_mobile"/>

	<!-- G-Stomper Studio -->
	<item class="com.planeth.gstomper.GstomperInit" name="g_stomper_studio"/>

	<!-- Gallery -->
	<item class="org.fossify.gallery.activities.SplashActivity.Green" name="gallery"/>

</appmap>