<Theme version="1">

	<!-- Binance -->
	<AppIcon name="com.binance.dev/com.eaas.launcher.activities.main.MainActivity" image="binance"/>

	<!-- Caynax Sports Tracker -->
	<AppIcon name="com.caynax.sportstracker/com.caynax.sportstracker.free.fpa" image="caynax_sports_tracker"/>

	<!-- Cinema Pro -->
	<AppIcon name="com.sonymobile.cinemapro/com.sonymobile.cinemapro.CinemaProActivity" image="cinema_pro"/>

	<!-- DevCheck -->
	<AppIcon name="flar2.devcheck/flar2.devcheck.MainActivity" image="devcheck"/>

	<!-- Enpass -->
	<AppIcon name="io.enpass.app/io.enpass.app.SplashScreenActivity" image="enpass"/>

	<!-- Epic Games -->
	<AppIcon name="com.epicgames.portal/com.epicgames.portal.MainActivity" image="epic_games"/>

	<!-- FL Studio Mobile -->
	<AppIcon name="com.imageline.FLM/com.imageline.FLM.FLMActivity" image="fl_studio_mobile"/>

	<!-- G-Stomper Studio -->
	<AppIcon name="com.planeth.gstomper/com.planeth.gstomper.GstomperInit" image="g_stomper_studio"/>

	<!-- Gallery -->
	<AppIcon name="org.fossify.gallery/org.fossify.gallery.activities.SplashActivity.Green" image="gallery"/>

</Theme>