<resources>

	<!-- Astro Coach -->
	<item component="ComponentInfo{com.astrocoach/com.astrocoach.MainActivity}" drawable="astro_coach" />

	<!-- BDV -->
	<item component="ComponentInfo{com.bancodevenezuela.bdvdigital/com.gracaconsultores.bdvdigital.MainActivity}" drawable="bdv" />

	<!-- Calculadora -->
	<item component="ComponentInfo{com.motorola.cn.calculator/com.motorola.cn.calculator.Calculator}" drawable="calculadora" />

	<!-- Cashea -->
	<item component="ComponentInfo{com.cashea.app/com.cashea.app.MainActivity}" drawable="cashea" />

	<!-- Decibel X -->
	<item component="ComponentInfo{com.skypaw.decibel/com.skypaw.decibel.MainActivity}" drawable="decibel_x" />

	<!-- Dolby On -->
	<item component="ComponentInfo{com.dolby.dolby234/com.dolby.sessions.Launcher}" drawable="dolby_on" />

	<!-- El Dorado -->
	<item component="ComponentInfo{io.eldorado.app/io.eldorado.app.MainActivity}" drawable="el_dorado" />

	<!-- Epson Print Enabler -->
	<item component="ComponentInfo{com.epson.mobilephone.android.epsonprintserviceplugin/com.epson.mobilephone.android.epsonprintserviceplugin.WelcomeScreenActivity}" drawable="epson_print_enabler" />

	<!-- Epson Smart Panel -->
	<item component="ComponentInfo{com.epson.epsonsmart/com.epson.epsonsmart.controller.splash.SplashActivity}" drawable="epson_smart_panel" />

	<!-- Frequency Generator -->
	<item component="ComponentInfo{com.luxdelux.frequencygenerator/com.luxdelux.frequencygenerator.activity.LauncherActivity}" drawable="frequency_generator" />

	<!-- Galería -->
	<item component="ComponentInfo{com.dot.gallery/com.dot.gallery.feature_node.presentation.main.MainActivity}" drawable="galeria" />

	<!-- Giant Clock -->
	<item component="ComponentInfo{com.bojankogoj.giantclock/com.bojankogoj.giantclock.ClockActivity}" drawable="giant_clock" />

	<!-- Harmonium -->
	<item component="ComponentInfo{harmonium.music.gameg.real.harmoniumfree/harmonium.music.gameg.real.harmoniumfree.HarmoniumActivity}" drawable="harmonium" />

	<!-- InsMate -->
	<item component="ComponentInfo{videodownloader.instagram.videosaver/videodownloader.instagram.videosaver.StartupActivity}" drawable="insmate" />

	<!-- Mercado Libre -->
	<item component="ComponentInfo{com.mercadolibre/com.mercadolibre.splash.SplashActivity}" drawable="mercado_libre" />

	<!-- Mercantil Banco -->
	<item component="ComponentInfo{com.mercantilbanco.mercantilmovil/com.mercantilbanco.mercantilmovil.mmpx}" drawable="mercantil_banco" />

	<!-- Metronomerous -->
	<item component="ComponentInfo{mh.knoedelbart.metronomerous/mh.knoedelbart.metronomerous.MetronomiconActivity}" drawable="metronomerous" />

	<!-- Mi Movistar -->
	<item component="ComponentInfo{com.telefonica.movistar/com.telefonica.movistar.SplashScreen}" drawable="mi_movistar" />

	<!-- Moises -->
	<item component="ComponentInfo{ai.moises/ai.moises.ui.splashscreen.SplashScreen}" drawable="moises" />

	<!-- Music Speed Changer -->
	<item component="ComponentInfo{com.hipxel.audio.music.speed.changer/com.hipxel.musicplayer.MainActivity}" drawable="music_speed_changer" />

	<!-- Pi -->
	<item component="ComponentInfo{com.blockchainvault/com.pinetwork.MainActivity}" drawable="pi" />

	<!-- Pi Browser -->
	<item component="ComponentInfo{pi.browser/com.pinetwork.MainActivity}" drawable="pi_browser" />

	<!-- PRINT -->
	<item component="ComponentInfo{jp.co.canon.oip.android.opal/jp.co.canon.oip.android.opal.ui.activity.MainActivity}" drawable="print" />

	<!-- Sanskrit -->
	<item component="ComponentInfo{com.vedaant.sanskritlearner/com.vedaant.sanskritlearner.MainActivity}" drawable="sanskrit" />

	<!-- Tanpura Droid -->
	<item component="ComponentInfo{com.swarsystems.is/com.swarsystems.is.IS}" drawable="tanpura_droid" />

	<!-- Tonebridge Guitar Effects -->
	<item component="ComponentInfo{com.ultimateguitar.tonebridge/com.ultimateguitar.tonebridge.activity.HomeActivity}" drawable="tonebridge_guitar_effects" />

	<!-- Vignanam -->
	<item component="ComponentInfo{com.gennie.vaidikavignanam/com.gennie.vaidikavignanam.MainActivity}" drawable="vignanam" />

	<!-- Yummy Rides -->
	<item component="ComponentInfo{com.yummyrides/com.yummyrides.SplashScreenActivity}" drawable="yummy_rides" />

	<!-- Zenbeats -->
	<item component="ComponentInfo{jp.co.roland.zenbeats/com.rmsl.juce.JuceActivity}" drawable="zenbeats" />

</resources>