<Theme version="1">

	<!-- Astro Coach -->
	<AppIcon name="com.astrocoach/com.astrocoach.MainActivity" image="astro_coach"/>

	<!-- BDV -->
	<AppIcon name="com.bancodevenezuela.bdvdigital/com.gracaconsultores.bdvdigital.MainActivity" image="bdv"/>

	<!-- Calculadora -->
	<AppIcon name="com.motorola.cn.calculator/com.motorola.cn.calculator.Calculator" image="calculadora"/>

	<!-- Cashea -->
	<AppIcon name="com.cashea.app/com.cashea.app.MainActivity" image="cashea"/>

	<!-- Decibel X -->
	<AppIcon name="com.skypaw.decibel/com.skypaw.decibel.MainActivity" image="decibel_x"/>

	<!-- Dolby On -->
	<AppIcon name="com.dolby.dolby234/com.dolby.sessions.Launcher" image="dolby_on"/>

	<!-- El Dorado -->
	<AppIcon name="io.eldorado.app/io.eldorado.app.MainActivity" image="el_dorado"/>

	<!-- Epson Print Enabler -->
	<AppIcon name="com.epson.mobilephone.android.epsonprintserviceplugin/com.epson.mobilephone.android.epsonprintserviceplugin.WelcomeScreenActivity" image="epson_print_enabler"/>

	<!-- Epson Smart Panel -->
	<AppIcon name="com.epson.epsonsmart/com.epson.epsonsmart.controller.splash.SplashActivity" image="epson_smart_panel"/>

	<!-- Frequency Generator -->
	<AppIcon name="com.luxdelux.frequencygenerator/com.luxdelux.frequencygenerator.activity.LauncherActivity" image="frequency_generator"/>

	<!-- Galería -->
	<AppIcon name="com.dot.gallery/com.dot.gallery.feature_node.presentation.main.MainActivity" image="galeria"/>

	<!-- Giant Clock -->
	<AppIcon name="com.bojankogoj.giantclock/com.bojankogoj.giantclock.ClockActivity" image="giant_clock"/>

	<!-- Harmonium -->
	<AppIcon name="harmonium.music.gameg.real.harmoniumfree/harmonium.music.gameg.real.harmoniumfree.HarmoniumActivity" image="harmonium"/>

	<!-- InsMate -->
	<AppIcon name="videodownloader.instagram.videosaver/videodownloader.instagram.videosaver.StartupActivity" image="insmate"/>

	<!-- Mercado Libre -->
	<AppIcon name="com.mercadolibre/com.mercadolibre.splash.SplashActivity" image="mercado_libre"/>

	<!-- Mercantil Banco -->
	<AppIcon name="com.mercantilbanco.mercantilmovil/com.mercantilbanco.mercantilmovil.mmpx" image="mercantil_banco"/>

	<!-- Metronomerous -->
	<AppIcon name="mh.knoedelbart.metronomerous/mh.knoedelbart.metronomerous.MetronomiconActivity" image="metronomerous"/>

	<!-- Mi Movistar -->
	<AppIcon name="com.telefonica.movistar/com.telefonica.movistar.SplashScreen" image="mi_movistar"/>

	<!-- Moises -->
	<AppIcon name="ai.moises/ai.moises.ui.splashscreen.SplashScreen" image="moises"/>

	<!-- Music Speed Changer -->
	<AppIcon name="com.hipxel.audio.music.speed.changer/com.hipxel.musicplayer.MainActivity" image="music_speed_changer"/>

	<!-- Pi -->
	<AppIcon name="com.blockchainvault/com.pinetwork.MainActivity" image="pi"/>

	<!-- Pi Browser -->
	<AppIcon name="pi.browser/com.pinetwork.MainActivity" image="pi_browser"/>

	<!-- PRINT -->
	<AppIcon name="jp.co.canon.oip.android.opal/jp.co.canon.oip.android.opal.ui.activity.MainActivity" image="print"/>

	<!-- Sanskrit -->
	<AppIcon name="com.vedaant.sanskritlearner/com.vedaant.sanskritlearner.MainActivity" image="sanskrit"/>

	<!-- Tanpura Droid -->
	<AppIcon name="com.swarsystems.is/com.swarsystems.is.IS" image="tanpura_droid"/>

	<!-- Tonebridge Guitar Effects -->
	<AppIcon name="com.ultimateguitar.tonebridge/com.ultimateguitar.tonebridge.activity.HomeActivity" image="tonebridge_guitar_effects"/>

	<!-- Vignanam -->
	<AppIcon name="com.gennie.vaidikavignanam/com.gennie.vaidikavignanam.MainActivity" image="vignanam"/>

	<!-- Yummy Rides -->
	<AppIcon name="com.yummyrides/com.yummyrides.SplashScreenActivity" image="yummy_rides"/>

	<!-- Zenbeats -->
	<AppIcon name="jp.co.roland.zenbeats/com.rmsl.juce.JuceActivity" image="zenbeats"/>

</Theme>