<resources>

	<!-- Absolute Drift -->
	<item component="ComponentInfo{com.noodlecake.absolutedrift/com.noodlecake.absolutedrift.UnityPlayerActivity}" drawable="absolute_drift" />

	<!-- ADM -->
	<item component="ComponentInfo{com.dv.adm/com.dv.get.Main}" drawable="adm" />

	<!-- BHIM -->
	<item component="ComponentInfo{in.org.npci.upiapp/in.org.npci.upiapp.HomeActivity}" drawable="bhim" />

	<!-- BOI Mobile -->
	<item component="ComponentInfo{com.boi.ua.android/com.boi.ua.MainActivity}" drawable="boi_mobile" />

	<!-- Calculator -->
	<item component="ComponentInfo{com.coloros.calculator/com.android.calculator2.Calculator}" drawable="calculator" />

	<!-- Camera -->
	<item component="ComponentInfo{com.oplus.camera/com.oplus.camera.Camera}" drawable="camera" />

	<!-- Canara ai1 -->
	<item component="ComponentInfo{com.canarabank.mobility/com.canarabank.mobility.MainActivity}" drawable="canara_ai1" />

	<!-- Chalo -->
	<item component="ComponentInfo{app.zophop/app.zophop.ui.activities.SplashScreen}" drawable="chalo" />

	<!-- Clock -->
	<item component="ComponentInfo{com.coloros.alarmclock/com.oplus.alarmclock.AlarmClock}" drawable="clock" />

	<!-- Clone Phone -->
	<item component="ComponentInfo{com.coloros.backuprestore/com.oplus.phoneclone.PhoneCloneMainActivity}" drawable="clone_phone" />

	<!-- Compass -->
	<item component="ComponentInfo{com.coloros.compass2/com.coloros.compass.flat.FlatCompass}" drawable="compass" />

	<!-- Coursera -->
	<item component="ComponentInfo{org.coursera.android/org.coursera.android.MainActivity}" drawable="coursera" />

	<!-- DATA WING -->
	<item component="ComponentInfo{com.DanVogt.DATAWING/com.unity3d.player.UnityPlayerActivity}" drawable="data_wing" />

	<!-- Discord -->
	<item component="ComponentInfo{com.discord/com.discord.main.MainDefault}" drawable="discord" />

	<!-- DocVault -->
	<item component="ComponentInfo{com.os.docvault/com.coloros.oppodocvault.views.ftu.ui.FTUWelcomeActivity}" drawable="docvault" />

	<!-- edX -->
	<item component="ComponentInfo{org.edx.mobile/org.edx.mobile.view.SplashActivity}" drawable="edx" />

	<!-- FM Radio -->
	<item component="ComponentInfo{com.caf.fmradio/com.caf.fmradio.FMRadio}" drawable="fm_radio" />

	<!-- HeyTap Cloud -->
	<item component="ComponentInfo{com.heytap.cloud/com.heytap.cloud.home.ui.CloudLauncherActivity}" drawable="heytap_cloud" />

	<!-- Music -->
	<item component="ComponentInfo{com.heytap.music/com.allsaints.music.ui.splash.SplashActivity}" drawable="music" />

	<!-- My Files -->
	<item component="ComponentInfo{com.coloros.filemanager/com.oplus.filemanager.main.ui.MainActivity}" drawable="my_files" />

	<!-- My OPPO -->
	<item component="ComponentInfo{com.oplus.vip/com.platform.usercenter.vip.UCVIPMainActivity}" drawable="my_oppo" />

	<!-- NFS Most Wanted -->
	<item component="ComponentInfo{com.ea.games.nfs13_row/com.ea.ironmonkey.GameActivity}" drawable="nfs_most_wanted" />

	<!-- OpenBooksDownloader -->
	<item component="ComponentInfo{com.nima.openbooksdownloader/com.nima.openbooksdownloader.MainActivity}" drawable="openbooksdownloader" />

	<!-- Paytm -->
	<item component="ComponentInfo{net.one97.paytm/net.one97.paytm.landingpage.activity.AJRMainActivity}" drawable="paytm" />

	<!-- Phone Manager -->
	<item component="ComponentInfo{com.coloros.phonemanager/com.coloros.phonemanager.FakeActivity}" drawable="phone_manager" />

	<!-- Photos -->
	<item component="ComponentInfo{com.coloros.gallery3d/com.coloros.gallery3d.app.MainActivity}" drawable="photos" />

	<!-- Rapido -->
	<item component="ComponentInfo{com.rapido.passenger/com.rapido.passenger.DefaultAlias}" drawable="rapido" />

	<!-- ReadEra -->
	<item component="ComponentInfo{org.readera/com.readera.MainActivity}" drawable="readera" />

	<!-- Recorder -->
	<item component="ComponentInfo{com.coloros.soundrecorder/com.soundrecorder.browsefile.BrowseFile}" drawable="recorder" />

	<!-- Rewards -->
	<item component="ComponentInfo{com.google.android.apps.paidtasks/com.google.android.apps.paidtasks.activity.LaunchActivity}" drawable="rewards" />

	<!-- SIM 2 Toolkit -->
	<item component="ComponentInfo{com.android.stk/com.android.stk.OplusStkLauncherActivity2}" drawable="sim_2_toolkit" />

	<!-- Spotube -->
	<item component="ComponentInfo{oss.krtirtho.spotube/com.ryanheise.audioservice.AudioServiceActivity}" drawable="spotube" />

	<!-- Swayam -->
	<item component="ComponentInfo{in.gov.swayam.app/in.gov.swayam.app.MainActivity}" drawable="swayam" />

	<!-- Theme Store -->
	<item component="ComponentInfo{com.heytap.themestore/com.nearme.themespace.activities.ThemeActivity}" drawable="theme_store" />

	<!-- Unsplash -->
	<item component="ComponentInfo{com.aqteam.photofree/com.aqteam.photofree.MainActivity}" drawable="unsplash" />

	<!-- Vi App -->
	<item component="ComponentInfo{com.mventus.selfcare.activity/com.mventus.selfcare.activity.MainActivityic_launcher}" drawable="vi_app" />

	<!-- Video Compressor -->
	<item component="ComponentInfo{com.idea.videocompress/com.idea.videocompress.MainActivity}" drawable="video_compressor" />

	<!-- Videos -->
	<item component="ComponentInfo{com.coloros.video/com.oplus.video.ui.VideoListActivity}" drawable="videos" />

	<!-- Z-Lib -->
	<item component="ComponentInfo{com.positron_it.zlib/com.positron_it.zlib.ui.splash.SplashActivity}" drawable="z_lib" />

</resources>