<resources>

	<!-- Carrion -->
	<item component="ComponentInfo{us.spotco.carrion/us.spotco.carrion.MainActivity}" drawable="carrion" />

	<!-- ColorBlendr -->
	<item component="ComponentInfo{com.drdisagree.colorblendr/com.drdisagree.colorblendr.ui.activities.SplashActivity}" drawable="colorblendr" />

	<!-- Gallery -->
	<item component="ComponentInfo{org.fossify.gallery/org.fossify.gallery.activities.SplashActivity.Blue}" drawable="gallery" />

	<!-- Messages -->
	<item component="ComponentInfo{org.fossify.messages/org.fossify.messages.activities.SplashActivity.Green}" drawable="messages" />

	<!-- Neo Backup -->
	<item component="ComponentInfo{com.machiav3lli.backup/com.machiav3lli.backup.activities.MainActivityX}" drawable="neo_backup" />

	<!-- PilferShush Jammer -->
	<item component="ComponentInfo{cityfreqs.com.pilfershushjammer/cityfreqs.com.pilfershushjammer.MainActivity}" drawable="pilfershush_jammer" />

	<!-- Pocket Broomball -->
	<item component="ComponentInfo{com.simondalvai.pocketbroomball/com.godot.game.GodotApp}" drawable="pocket_broomball" />

	<!-- TagSpaces -->
	<item component="ComponentInfo{org.tagspaces.mobileapp/org.tagspaces.mobileapp.MainActivity}" drawable="tagspaces" />

</resources>