<appmap>

	<!-- Carrion -->
	<item class="us.spotco.carrion.MainActivity" name="carrion"/>

	<!-- ColorBlendr -->
	<item class="com.drdisagree.colorblendr.ui.activities.SplashActivity" name="colorblendr"/>

	<!-- Gallery -->
	<item class="org.fossify.gallery.activities.SplashActivity.Blue" name="gallery"/>

	<!-- Messages -->
	<item class="org.fossify.messages.activities.SplashActivity.Green" name="messages"/>

	<!-- Neo Backup -->
	<item class="com.machiav3lli.backup.activities.MainActivityX" name="neo_backup"/>

	<!-- PilferShush Jammer -->
	<item class="cityfreqs.com.pilfershushjammer.MainActivity" name="pilfershush_jammer"/>

	<!-- Pocket Broomball -->
	<item class="com.godot.game.GodotApp" name="pocket_broomball"/>

	<!-- TagSpaces -->
	<item class="org.tagspaces.mobileapp.MainActivity" name="tagspaces"/>

</appmap>