<Theme version="1">

	<!-- Carrion -->
	<AppIcon name="us.spotco.carrion/us.spotco.carrion.MainActivity" image="carrion"/>

	<!-- ColorBlendr -->
	<AppIcon name="com.drdisagree.colorblendr/com.drdisagree.colorblendr.ui.activities.SplashActivity" image="colorblendr"/>

	<!-- Gallery -->
	<AppIcon name="org.fossify.gallery/org.fossify.gallery.activities.SplashActivity.Blue" image="gallery"/>

	<!-- Messages -->
	<AppIcon name="org.fossify.messages/org.fossify.messages.activities.SplashActivity.Green" image="messages"/>

	<!-- Neo Backup -->
	<AppIcon name="com.machiav3lli.backup/com.machiav3lli.backup.activities.MainActivityX" image="neo_backup"/>

	<!-- PilferShush Jammer -->
	<AppIcon name="cityfreqs.com.pilfershushjammer/cityfreqs.com.pilfershushjammer.MainActivity" image="pilfershush_jammer"/>

	<!-- Pocket Broomball -->
	<AppIcon name="com.simondalvai.pocketbroomball/com.godot.game.GodotApp" image="pocket_broomball"/>

	<!-- TagSpaces -->
	<AppIcon name="org.tagspaces.mobileapp/org.tagspaces.mobileapp.MainActivity" image="tagspaces"/>

</Theme>