<resources>

	<!-- BOG -->
	<item component="ComponentInfo{ge.bog.mobilebank/ge.bog.mobilebank.ui.activities.LauncherActivity}" drawable="bog" />

	<!-- dict.cc -->
	<item component="ComponentInfo{cc.dict.dictcc/cc.dict.dictcc.MainActivity}" drawable="dictcc" />

	<!-- EKIMO -->
	<item component="ComponentInfo{com.vabaco.ekimo/com.vabaco.ekimo.MainActivity}" drawable="ekimo" />

	<!-- eMotion -->
	<item component="ComponentInfo{ru.megalabs.multifon/ru.megalabs.multifon.screens.intro.activities.SplashActivity}" drawable="emotion" />

	<!-- Hornet -->
	<item component="ComponentInfo{com.hornet.android/com.hornet.android.activity.SplashActivity}" drawable="hornet" />

	<!-- meduza -->
	<item component="ComponentInfo{io.meduza.meduza/io.meduza.meduza.icon1}" drawable="meduza" />

	<!-- Splitwise -->
	<item component="ComponentInfo{com.Splitwise.SplitwiseMobile/com.Splitwise.SplitwiseMobile.views.SplitwiseSplashScreen}" drawable="splitwise" />

	<!-- TBC Bank -->
	<item component="ComponentInfo{com.icomvision.bsc.tbc/ge.tbc.bank.features.authentication.presentation.LoginActivity}" drawable="tbc_bank" />

	<!-- TTC -->
	<item component="ComponentInfo{com.azry.wandio.ttc.android/com.azry.wandio.ttc.android.SplashActivity}" drawable="ttc" />

	<!-- UVLens -->
	<item component="ComponentInfo{com.spark64.uvlens.mobile/spark64.uvlensandroidapplication.Activities.SplashActivity}" drawable="uvlens" />

	<!-- Yandex Metro -->
	<item component="ComponentInfo{ru.yandex.metro/ru.yandex.metro.LaunchActivity}" drawable="yandex_metro" />

	<!-- YandexGo -->
	<item component="ComponentInfo{ru.yandex.taxi/ru.yandex.taxi.activity.StartActivity}" drawable="yandexgo" />

	<!-- Альфа-Банк -->
	<item component="ComponentInfo{ru.alfabank.mobile.android/ru.alfabank.mobile.android.splash.presentation.activity.SplashActivity}" drawable="альфа_банк" />

	<!-- Госуслуги -->
	<item component="ComponentInfo{ru.rostel/ru.minsvyaz.coreproject.MainActivity}" drawable="госуслуги" />

	<!-- МегаФон -->
	<item component="ComponentInfo{ru.megafon.mlk/ru.megafon.mlk.ui.activities.ActivityMain}" drawable="мегафон" />

</resources>