<Theme version="1">

	<!-- BOG -->
	<AppIcon name="ge.bog.mobilebank/ge.bog.mobilebank.ui.activities.LauncherActivity" image="bog"/>

	<!-- dict.cc -->
	<AppIcon name="cc.dict.dictcc/cc.dict.dictcc.MainActivity" image="dictcc"/>

	<!-- EKIMO -->
	<AppIcon name="com.vabaco.ekimo/com.vabaco.ekimo.MainActivity" image="ekimo"/>

	<!-- eMotion -->
	<AppIcon name="ru.megalabs.multifon/ru.megalabs.multifon.screens.intro.activities.SplashActivity" image="emotion"/>

	<!-- Hornet -->
	<AppIcon name="com.hornet.android/com.hornet.android.activity.SplashActivity" image="hornet"/>

	<!-- meduza -->
	<AppIcon name="io.meduza.meduza/io.meduza.meduza.icon1" image="meduza"/>

	<!-- Splitwise -->
	<AppIcon name="com.Splitwise.SplitwiseMobile/com.Splitwise.SplitwiseMobile.views.SplitwiseSplashScreen" image="splitwise"/>

	<!-- TBC Bank -->
	<AppIcon name="com.icomvision.bsc.tbc/ge.tbc.bank.features.authentication.presentation.LoginActivity" image="tbc_bank"/>

	<!-- TTC -->
	<AppIcon name="com.azry.wandio.ttc.android/com.azry.wandio.ttc.android.SplashActivity" image="ttc"/>

	<!-- UVLens -->
	<AppIcon name="com.spark64.uvlens.mobile/spark64.uvlensandroidapplication.Activities.SplashActivity" image="uvlens"/>

	<!-- Yandex Metro -->
	<AppIcon name="ru.yandex.metro/ru.yandex.metro.LaunchActivity" image="yandex_metro"/>

	<!-- YandexGo -->
	<AppIcon name="ru.yandex.taxi/ru.yandex.taxi.activity.StartActivity" image="yandexgo"/>

	<!-- Альфа-Банк -->
	<AppIcon name="ru.alfabank.mobile.android/ru.alfabank.mobile.android.splash.presentation.activity.SplashActivity" image="альфа_банк"/>

	<!-- Госуслуги -->
	<AppIcon name="ru.rostel/ru.minsvyaz.coreproject.MainActivity" image="госуслуги"/>

	<!-- МегаФон -->
	<AppIcon name="ru.megafon.mlk/ru.megafon.mlk.ui.activities.ActivityMain" image="мегафон"/>

</Theme>