<Theme version="1">

	<!-- 8-Bit-Wonders -->
	<AppIcon name="de.rainerhock.eightbitwonders/de.rainerhock.eightbitwonders.MainActivity" image="_8_bit_wonders"/>

	<!-- Aard 2 -->
	<AppIcon name="itkach.aard2/itkach.aard2.MainActivity" image="aard_2"/>

	<!-- Alovoa -->
	<AppIcon name="com.alovoa.expo/com.alovoa.expo.MainActivity" image="alovoa"/>

	<!-- Amethyst -->
	<AppIcon name="com.vitorpamplona.amethyst/com.vitorpamplona.amethyst.ui.MainActivity" image="amethyst"/>

	<!-- AndroidIDE -->
	<AppIcon name="com.itsaky.androidide/com.itsaky.androidide.activities.SplashActivity" image="androidide"/>

	<!-- Audio Spectrum Analyzer -->
	<AppIcon name="org.woheller69.audio_analyzer_for_android/org.woheller69.audio_analyzer_for_android.AnalyzerActivity" image="audio_spectrum_analyzer"/>

	<!-- auth -->
	<AppIcon name="io.ente.auth/io.ente.auth.MainActivity" image="auth"/>

	<!-- Bandcamp -->
	<AppIcon name="com.bandcamp.android/com.bandcamp.android.view.SplashActivity" image="bandcamp"/>

	<!-- barq -->
	<AppIcon name="com.furryapp/com.furryapp.MainActivity" image="barq"/>

	<!-- BLE Radar -->
	<AppIcon name="f.cking.software/f.cking.software.ui.MainActivity" image="ble_radar"/>

	<!-- Boorusphere -->
	<AppIcon name="io.chaldeaprjkt.boorusphere/io.chaldeaprjkt.boorusphere.MainActivity" image="boorusphere"/>

	<!-- Camera -->
	<AppIcon name="app.grapheneos.camera.play/app.grapheneos.camera.ui.activities.MainActivity" image="grapheneos_camera"/>

	<!-- Cataclysm DDA -->
	<AppIcon name="com.cleverraven.cataclysmdda/com.cleverraven.cataclysmdda.SplashScreen" image="cataclysm_dda"/>

	<!-- CPU Info -->
	<AppIcon name="com.kgurgul.cpuinfo/com.kgurgul.cpuinfo.features.HostActivity" image="cpu_info"/>

	<!-- Deck -->
	<AppIcon name="it.niedermann.nextcloud.deck.play/it.niedermann.nextcloud.deck.ui.main.MainActivity" image="deck"/>

	<!-- Delta Chat -->
	<AppIcon name="chat.delta/org.thoughtcrime.securesms.RoutingActivity" image="delta_chat"/>

	<!-- DevilutionX -->
	<AppIcon name="org.diasurgical.devilutionx/org.diasurgical.devilutionx.DevilutionXSDLActivity" image="devilutionx"/>

	<!-- Dolby Atmos -->
	<AppIcon name="com.motorola.dolby.dolbyui.ui/com.motorola.dolby.dolbyui.ui.LauncherActivity" image="dolby_atmos"/>

	<!-- Dolphin Emulator -->
	<AppIcon name="org.dolphinemu.dolphinemu/org.dolphinemu.dolphinemu.ui.main.MainActivity" image="dolphin_emulator"/>

	<!-- Download Navi -->
	<AppIcon name="com.tachibana.downloader/com.tachibana.downloader.ui.main.MainActivity" image="download_navi"/>

	<!-- DraStic -->
	<AppIcon name="com.dsemu.drastic/com.dsemu.drastic.DraSticActivity" image="drastic"/>

	<!-- DuckDuckGo -->
	<AppIcon name="com.duckduckgo.mobile.android/com.duckduckgo.app.launch.LauncherBlack" image="duckduckgo_white"/>

	<!-- Dungeon Crawl Stone Soup -->
	<AppIcon name="org.develz.crawl/org.develz.crawl.DCSSLauncher" image="dungeon_crawl_stone_soup"/>

	<!-- Etar -->
	<AppIcon name="ws.xsoh.etar/com.android.calendar.AllInOneActivity" image="etar"/>

	<!-- FahrPlaner -->
	<AppIcon name="de.hafas.android.vbn/de.hafas.main.HafasApp" image="fahrplaner"/>

	<!-- FlashDim -->
	<AppIcon name="com.cyb3rko.flashdim/com.cyb3rko.flashdim.activities.MainActivity" image="flashdim"/>

	<!-- Gadgetbridge -->
	<AppIcon name="nodomain.freeyourgadget.gadgetbridge/nodomain.freeyourgadget.gadgetbridge.activities.ControlCenterv2" image="gadgetbridge"/>

	<!-- GitNex -->
	<AppIcon name="org.mian.gitnex/org.mian.gitnex.activities.MainActivity" image="gitnex"/>

	<!-- Grokio -->
	<AppIcon name="com.grokiolabs.Grokio/crc64adda14c7469c8486.SplashActivity" image="grokio"/>

	<!-- Inno Setup Extractor -->
	<AppIcon name="uk.co.armedpineapple.innoextract/uk.co.armedpineapple.innoextract.MainActivity" image="inno_setup_extractor"/>

	<!-- Joplin -->
	<AppIcon name="net.cozic.joplin/net.cozic.joplin.MainActivity" image="joplin"/>

	<!-- Kalker -->
	<AppIcon name="net.strct.kalker/net.strct.kalker.MainActivity" image="kalker"/>

	<!-- Kamera -->
	<AppIcon name="com.motorola.odm.camera3/com.android.camera.CameraLauncher" image="motorola_camera3"/>

	<!-- Karma FW -->
	<AppIcon name="net.stargw.fok/net.stargw.karma.ActivityMain" image="karma_fw"/>

	<!-- lichess -->
	<AppIcon name="org.lichess.mobileapp/org.lichess.mobileapp.MainActivity" image="lichess"/>

	<!-- LoliSnatcher -->
	<AppIcon name="com.noaisu.play.loliSnatcher/com.noaisu.loliSnatcher.MainActivity" image="lolisnatcher"/>

	<!-- Maid -->
	<AppIcon name="com.danemadsen.maid/com.danemadsen.maid.MainActivity" image="maid"/>

	<!-- Mastodon -->
	<AppIcon name="org.joinmastodon.android/org.joinmastodon.android.MainActivity" image="mastodon"/>

	<!-- melonDS -->
	<AppIcon name="me.magnum.melonds/me.magnum.melonds.ui.romlist.RomListActivity" image="melonds"/>

	<!-- Minetest -->
	<AppIcon name="net.minetest.minetest/net.minetest.minetest.MainActivity" image="minetest"/>

	<!-- Mullvad VPN -->
	<AppIcon name="net.mullvad.mullvadvpn/net.mullvad.mullvadvpn.ui.MainActivity" image="mullvad_vpn"/>

	<!-- MuPDF mini -->
	<AppIcon name="com.artifex.mupdf.mini.app/com.artifex.mupdf.mini.app.LibraryActivity" image="mupdf_mini"/>

	<!-- My Application -->
	<AppIcon name="com.example.myapplication/com.example.myapplication.MainActivity" image="my_application"/>

	<!-- Myne -->
	<AppIcon name="com.starry.myne/com.starry.myne.MainActivity" image="myne"/>

	<!-- N26 -->
	<AppIcon name="de.number26.android/de.number26.machete.android.refactor.presentation.settings.customize_icon.launch_aliases.TealActivityLauncher" image="n26"/>

	<!-- News -->
	<AppIcon name="de.luhmer.owncloudnewsreader/de.luhmer.owncloudnewsreader.NewsReaderListActivity" image="owncloudnewsreader"/>

	<!-- NFC-Leser -->
	<AppIcon name="com.github.muellerma.nfcreader/com.github.muellerma.nfcreader.MainActivity" image="nfc_leser"/>

	<!-- NI2CE -->
	<AppIcon name="int.nato.ni2ce/im.vector.application.features.Alias" image="ni2ce"/>

	<!-- omWeather -->
	<AppIcon name="org.woheller69.omweather/org.woheller69.weather.activities.SplashActivity" image="omweather"/>

	<!-- OnionShare (alpha) -->
	<AppIcon name="org.onionshare.android/org.onionshare.android.ui.MainActivity" image="onionshare_alpha_"/>

	<!-- Open Chaos-Schach -->
	<AppIcon name="dev.corruptedark.openchaoschess/dev.corruptedark.openchaoschess.MainActivity" image="open_chaos_schach"/>

	<!-- OpenFoodFacts -->
	<AppIcon name="org.openfoodfacts.scanner/org.openfoodfacts.app.MainActivity" image="openfoodfacts"/>

	<!-- OpenRCT2 -->
	<AppIcon name="io.openrct2/io.openrct2.MainActivity" image="openrct2"/>

	<!-- Orbot -->
	<AppIcon name="org.torproject.android/org.torproject.android.OrbotActivity" image="orbot"/>

	<!-- OSMfocus Reborn -->
	<AppIcon name="net.pfiers.osmfocus/net.pfiers.osmfocus.view.MainActivity" image="osmfocus_reborn"/>

	<!-- Paperless Mobile -->
	<AppIcon name="de.astubenbord.paperless_mobile/de.astubenbord.paperless_mobile.MainActivity" image="paperless_mobile"/>

	<!-- Pixel Filter -->
	<AppIcon name="screen.dimmer.pixelfilter/screen.dimmer.pixelfilter.MainActivity" image="pixel_filter"/>

	<!-- PPSSPP Gold -->
	<AppIcon name="org.ppsspp.ppssppgold/org.ppsspp.ppsspp.PpssppActivity" image="ppsspp_gold"/>

	<!-- Radio -->
	<AppIcon name="com.android.fmradio/com.android.fmradio.FmMainActivity" image="radio_fm"/>

	<!-- RetroArch -->
	<AppIcon name="com.retroarch/com.retroarch.browser.mainmenu.MainMenuActivity" image="retroarch"/>

	<!-- ROMEO UNCUT -->
	<AppIcon name="com.planetromeo.android.app/com.planetromeo.android.app.authentication.splash.SplashActivity" image="romeo_uncut"/>

	<!-- Ruffle -->
	<AppIcon name="rs.ruffle/rs.ruffle.MainActivity" image="ruffle"/>

	<!-- Schach -->
	<AppIcon name="jwtc.android.chess/jwtc.android.chess.start" image="schach"/>

	<!-- Shizuku -->
	<AppIcon name="moe.shizuku.privileged.api/moe.shizuku.manager.MainActivity" image="shizuku"/>

	<!-- Slack -->
	<AppIcon name="com.Slack/slack.features.home.HomeActivity" image="slack"/>

	<!-- Soundrekorder -->
	<AppIcon name="com.android.soundrecorder/com.sprd.soundrecorder.RecorderActivity" image="soundrekorder"/>

	<!-- stashcat -->
	<AppIcon name="de.heinekingmedia.stashcat/de.heinekingmedia.stashcat.start.StartActivity" image="stashcat"/>

	<!-- Status -->
	<AppIcon name="im.status.ethereum/im.status.ethereum.MainActivity" image="status"/>

	<!-- Steam Chat -->
	<AppIcon name="com.valvesoftware.android.steam.friendsui/com.valvesoftware.android.steam.friendsui.MainActivity" image="steam_chat"/>

	<!-- Street­Complete -->
	<AppIcon name="de.westnordost.streetcomplete/de.westnordost.streetcomplete.screens.MainActivity" image="street­complete"/>

	<!-- Syncthing -->
	<AppIcon name="com.nutomic.syncthingandroid/com.nutomic.syncthingandroid.activities.FirstStartActivity" image="syncthing"/>

	<!-- Taimi -->
	<AppIcon name="com.takimi.android/com.takimi.android.MainActivity" image="taimi"/>

	<!-- Talk -->
	<AppIcon name="com.nextcloud.talk2/com.nextcloud.talk.activities.MainActivity" image="talk"/>

	<!-- Telegram -->
	<AppIcon name="org.telegram.messenger.web/org.telegram.messenger.DefaultIcon" image="telegram"/>

	<!-- Unciv -->
	<AppIcon name="com.unciv.app/com.unciv.app.AndroidLauncher" image="unciv"/>

	<!-- Unexpected Keyboard -->
	<AppIcon name="juloo.keyboard2/juloo.keyboard2.LauncherActivity" image="unexpected_keyboard"/>

	<!-- Untis Mobile -->
	<AppIcon name="com.grupet.web.app/com.untis.mobile.ui.activities.launcher.LauncherActivity" image="untis_mobile"/>

	<!-- VCMI -->
	<AppIcon name="is.xyz.vcmi/eu.vcmi.vcmi.ActivityLauncher" image="vcmi"/>

	<!-- Vespucci -->
	<AppIcon name="de.blau.android/de.blau.android.Splash" image="vespucci"/>

	<!-- Vibrator -->
	<AppIcon name="com.lukeneedham.vibrator/com.lukeneedham.vibrator.MainActivity" image="vibrator"/>

	<!-- WOW -->
	<AppIcon name="tv.vhx.worldofwonder/tv.vhx.LauncherActivity" image="wow"/>

	<!-- ZipXtract -->
	<AppIcon name="com.wirelessalien.zipxtract/com.wirelessalien.zipxtract.FragmentActivity" image="zipxtract"/>

</Theme>