<resources>

	<!-- Adblock -->
	<item component="ComponentInfo{com.spaceship.netprotect/com.spaceship.netprotect.page.SplashActivity}" drawable="adblock" />

	<!-- Black Icon Pack -->
	<item component="ComponentInfo{com.ronald.black.iconpack.sam/com.ronald.black.iconpack.sam.activities.SplashActivity}" drawable="black_icon_pack" />

	<!-- Copy My Data -->
	<item component="ComponentInfo{com.mediamushroom.copymydata/com.mediamushroom.copymydata.app.SplashActivity}" drawable="copy_my_data" />

	<!-- Dark Sensation Icon Pack -->
	<item component="ComponentInfo{com.sensationd/com.sensationd.activities.SplashActivity}" drawable="dark_sensation_icon_pack" />

	<!-- Dove Dark -->
	<item component="ComponentInfo{com.jndapp.dove.dark.iconpack/com.jndapp.dove.dark.iconpack.MainActivity}" drawable="dove_dark" />

	<!-- Fildo -->
	<item component="ComponentInfo{searchersong.lyrics.com/crc6408ad57c5246dbb85.SplashScreen}" drawable="fildo" />

	<!-- Ghost -->
	<item component="ComponentInfo{com.jndapp.ghost.glyph.iconpack/com.jndapp.ghost.glyph.iconpack.MainActivity}" drawable="ghost" />

	<!-- IPS Exporter -->
	<item component="ComponentInfo{ginlemon.iconpackstudio.exporter/ginlemon.iconpackstudio.exporter.MainActivity}" drawable="ips_exporter" />

	<!-- KLWP Pro -->
	<item component="ComponentInfo{org.kustom.wallpaper.pro/org.kustom.pro.MainActivity}" drawable="klwp_pro" />

	<!-- LineX Black -->
	<item component="ComponentInfo{com.jndapp.linex.black.iconpack/com.jndapp.linex.black.iconpack.MainActivity}" drawable="linex_black" />

	<!-- LuX -->
	<item component="ComponentInfo{com.jndapp.lux.iconpack/com.jndapp.lux.iconpack.MainActivity}" drawable="lux" />

	<!-- Lux Gold -->
	<item component="ComponentInfo{com.jndapp.lux.gold.iconpack/com.jndapp.lux.gold.iconpack.MainActivity}" drawable="lux_gold" />

	<!-- Max -->
	<item component="ComponentInfo{com.wbd.stream/com.wbd.stream.MainActivity}" drawable="max" />

	<!-- Mint -->
	<item component="ComponentInfo{com.mint/com.mint.core.overview.RouterActivity}" drawable="mint" />

	<!-- Nova Dark -->
	<item component="ComponentInfo{cs14.pixelperfect.iconpack.novadark/com.candybar.dev.activities.SplashActivity}" drawable="nova_dark" />

	<!-- Poweramp Equalizer -->
	<item component="ComponentInfo{com.maxmpz.equalizer/com.maxmpz.audioplayer.rounded_play_mu}" drawable="poweramp_equalizer" />

	<!-- Sling TV -->
	<item component="ComponentInfo{com.sling/com.sling.MainActivity}" drawable="sling_tv" />

	<!-- Whicons -->
	<item component="ComponentInfo{com.whicons.iconpack/com.whicons.iconpack.MainActivity}" drawable="whicons" />

	<!-- Wonderland -->
	<item component="ComponentInfo{com.samsung.android.wonderland.wallpaper/com.samsung.android.wonderland.wallpaper.settings.LandingActivity}" drawable="wonderland" />

</resources>