<Theme version="1">

	<!-- Adblock -->
	<AppIcon name="com.spaceship.netprotect/com.spaceship.netprotect.page.SplashActivity" image="adblock"/>

	<!-- Black Icon Pack -->
	<AppIcon name="com.ronald.black.iconpack.sam/com.ronald.black.iconpack.sam.activities.SplashActivity" image="black_icon_pack"/>

	<!-- Copy My Data -->
	<AppIcon name="com.mediamushroom.copymydata/com.mediamushroom.copymydata.app.SplashActivity" image="copy_my_data"/>

	<!-- Dark Sensation Icon Pack -->
	<AppIcon name="com.sensationd/com.sensationd.activities.SplashActivity" image="dark_sensation_icon_pack"/>

	<!-- Dove Dark -->
	<AppIcon name="com.jndapp.dove.dark.iconpack/com.jndapp.dove.dark.iconpack.MainActivity" image="dove_dark"/>

	<!-- Fildo -->
	<AppIcon name="searchersong.lyrics.com/crc6408ad57c5246dbb85.SplashScreen" image="fildo"/>

	<!-- Ghost -->
	<AppIcon name="com.jndapp.ghost.glyph.iconpack/com.jndapp.ghost.glyph.iconpack.MainActivity" image="ghost"/>

	<!-- IPS Exporter -->
	<AppIcon name="ginlemon.iconpackstudio.exporter/ginlemon.iconpackstudio.exporter.MainActivity" image="ips_exporter"/>

	<!-- KLWP Pro -->
	<AppIcon name="org.kustom.wallpaper.pro/org.kustom.pro.MainActivity" image="klwp_pro"/>

	<!-- LineX Black -->
	<AppIcon name="com.jndapp.linex.black.iconpack/com.jndapp.linex.black.iconpack.MainActivity" image="linex_black"/>

	<!-- LuX -->
	<AppIcon name="com.jndapp.lux.iconpack/com.jndapp.lux.iconpack.MainActivity" image="lux"/>

	<!-- Lux Gold -->
	<AppIcon name="com.jndapp.lux.gold.iconpack/com.jndapp.lux.gold.iconpack.MainActivity" image="lux_gold"/>

	<!-- Max -->
	<AppIcon name="com.wbd.stream/com.wbd.stream.MainActivity" image="max"/>

	<!-- Mint -->
	<AppIcon name="com.mint/com.mint.core.overview.RouterActivity" image="mint"/>

	<!-- Nova Dark -->
	<AppIcon name="cs14.pixelperfect.iconpack.novadark/com.candybar.dev.activities.SplashActivity" image="nova_dark"/>

	<!-- Poweramp Equalizer -->
	<AppIcon name="com.maxmpz.equalizer/com.maxmpz.audioplayer.rounded_play_mu" image="poweramp_equalizer"/>

	<!-- Sling TV -->
	<AppIcon name="com.sling/com.sling.MainActivity" image="sling_tv"/>

	<!-- Whicons -->
	<AppIcon name="com.whicons.iconpack/com.whicons.iconpack.MainActivity" image="whicons"/>

	<!-- Wonderland -->
	<AppIcon name="com.samsung.android.wonderland.wallpaper/com.samsung.android.wonderland.wallpaper.settings.LandingActivity" image="wonderland"/>

</Theme>