<appmap>

	<!-- °SOUND° -->
	<item class="sound.beautifier.bluetooth.music.more.bass.low.volume.MiserableUseless" name="_sound_"/>

	<!-- Astrology Master -->
	<item class="com.astrology.master.MainActivity" name="astrology_master"/>

	<!-- AstroMatrix -->
	<item class="io.cordova.astromatrix.MainActivity" name="astromatrix"/>

	<!-- Booksy -->
	<item class="net.booksy.customer.SplashActivity" name="booksy"/>

	<!-- CashFrenzy -->
	<item class="org.cocos2dx.javascript.AppActivity" name="cashfrenzy"/>

	<!-- Chime -->
	<item class="com.onedebit.chime.MainActivity" name="chime"/>

	<!-- Domino's -->
	<item class="com.dominos.loadingscreen.InitialLaunchActivity" name="dominos"/>

	<!-- DoorDash -->
	<item class="com.doordash.consumer.ui.login.LauncherActivity" name="doordash"/>

	<!-- Expedia -->
	<item class="com.expedia.bookings.activity.SearchActivity" name="expedia"/>

	<!-- Family Link -->
	<item class="com.google.android.apps.kids.familylink.flutter.standalone.HomeActivity" name="family_link"/>

	<!-- FIRE KIRIN -->
	<item class="com.unity3d.player.UnityPlayerActivity" name="fire_kirin"/>

	<!-- Game Room -->
	<item class="org.cocos2dx.javascript.AppActivity" name="game_room"/>

	<!-- Game Vault -->
	<item class="com.game.GameVault.hall.MainActivity" name="game_vault"/>

	<!-- Grubhub -->
	<item class="com.grubhub.dinerapp.android.splash.SplashActivity" name="grubhub"/>

	<!-- HIGH ROLLER -->
	<item class="com.unity3d.player.UnityPlayerActivity" name="high_roller"/>

	<!-- Human Design -->
	<item class="com.upriselabs.stella.MainActivity" name="human_design"/>

	<!-- Ignition casino -->
	<item class="org.chromium.webapk.shell_apk.h2o.H2OOpaqueMainActivity" name="ignition_casino"/>

	<!-- JPay -->
	<item class="com.jpay.jpaymobileapp.base.JPayMainActivity" name="jpay"/>

	<!-- JUWA -->
	<item class="com.juwa.dianwan.hall.MainActivity" name="juwa"/>

	<!-- LandGlide -->
	<item class="com.reportallusa.landglide.MainActivity" name="landglide"/>

	<!-- Link to Windows -->
	<item class="com.microsoft.appmanager.StartUpCoreActivity" name="link_to_windows"/>

	<!-- Lyft -->
	<item class="me.lyft.android.ui.MainActivity" name="lyft"/>

	<!-- Mafia -->
	<item class="org.cocos2dx.javascript.AppActivity" name="mafia"/>

	<!-- McDonald's -->
	<item class="com.mcdonalds.mcdcoreapp.common.activity.SplashActivity" name="mcdonalds"/>

	<!-- Mercari -->
	<item class="com.mercari.denali.MainActivity" name="mercari"/>

	<!-- MILKY WAY -->
	<item class="com.unity3d.player.UnityPlayerActivity" name="milky_way"/>

	<!-- MobilePatrol -->
	<item class="com.appriss.mobilepatrol.MainActivity" name="mobilepatrol"/>

	<!-- My​Metro -->
	<item class="com.nuance.nmc.sihome.metropcs.myMetro" name="my​metro"/>

	<!-- Nebula -->
	<item class="genesis.nebula.module.activity.MainActivity" name="nebula"/>

	<!-- Noble -->
	<item class="org.cocos2dx.javascript.AppActivity" name="noble"/>

	<!-- OfferUp -->
	<item class="com.offerup.MainActivity" name="offerup"/>

	<!-- Orion Browser -->
	<item class="com.hiddenservices.onionservices.appManager.homeManager.homeController.homeController" name="orion_browser"/>

	<!-- OrionStars -->
	<item class="com.unity3d.player.UnityPlayerActivity" name="orionstars"/>

	<!-- PandaMaster -->
	<item class="com.unity3d.player.UnityPlayerActivity" name="pandamaster"/>

	<!-- Pixel Tips -->
	<item class="com.google.android.apps.tips.TipsMain" name="pixel_tips"/>

	<!-- Pizza Hut -->
	<item class="com.isobar.pizzahut.android.MainActivity" name="pizza_hut"/>

	<!-- Poshmark -->
	<item class="com.poshmark.ui.MainActivity" name="poshmark"/>

	<!-- PREQUEL -->
	<item class="com.prequel.app.ui.SplashActivity" name="prequel"/>

	<!-- Priceline -->
	<item class="com.priceline.android.negotiator.Launcher" name="priceline"/>

	<!-- RiverDragon -->
	<item class="com.daz.riverdragon.LoginActivity" name="riverdragon"/>

	<!-- Rude Karma -->
	<item class="com.rudekarma.com.rudekarma.MainActivity" name="rude_karma"/>

	<!-- Scanner Radio -->
	<item class="com.scannerradio.ui.main.MainActivity" name="scanner_radio"/>

	<!-- Securus Mobile -->
	<item class="com.securus.videoclient.activity.LoadingActivity" name="securus_mobile"/>

	<!-- SIRIUS -->
	<item class="com.ghwyugdhjsghjd.hgfgdfsgf.hall.MainActivity" name="sirius"/>

	<!-- Telegram -->
	<item class="org.telegram.messenger.PremiumIcon" name="telegram"/>

	<!-- Texas Lottery -->
	<item class="com.texas.lottery.MainActivity" name="texas_lottery"/>

	<!-- Themify -->
	<item class="com.aiby.themify.ui.MainActivity" name="themify"/>

	<!-- thredUP -->
	<item class="com.thredup.android.feature.splash.SplashActivity" name="thredup"/>

	<!-- thredUP -->
	<item class="org.chromium.webapk.shell_apk.h2o.H2OOpaqueMainActivity" name="thredup"/>

	<!-- Tuesdays -->
	<item class="com.tmobile.tuesdays.MainActivity" name="tuesdays"/>

	<!-- Turbo VPN -->
	<item class="free.vpn.unblock.proxy.turbovpn.activity.StartupActivity" name="turbo_vpn"/>

	<!-- Upastro -->
	<item class="com.vedicrishiastro.upastrology.activity.splashScreen.SplashActivity" name="upastro"/>

	<!-- Varo Bank -->
	<item class="com.varomoney.bank.presentation.main.activity.MainActivity" name="varo_bank"/>

	<!-- VEGAS SWEEPS -->
	<item class="com.lasvegassweeps.Game.hall.MainActivity" name="vegas_sweeps"/>

	<!-- Venmo -->
	<item class="com.venmo.AppExperienceLauncherActivity" name="venmo"/>

	<!-- Walmart -->
	<item class="com.walmart.glass.integration.splash.SplashActivity" name="walmart"/>

	<!-- Wish -->
	<item class="com.contextlogic.wish.activity.browse.BrowseActivity" name="wish"/>

	<!-- Z-Lib -->
	<item class="com.positron_it.zlib.ui.splash.SplashActivity" name="z_lib"/>

</appmap>