<resources>

	<!-- 20 Minutes Till Dawn -->
	<item component="ComponentInfo{com.Flanne.MinutesTillDawn.roguelike.shooting.fr.gp/com.unity3d.player.UnityPlayerActivity}" drawable="_20_minutes_till_dawn" />

	<!-- Alchemy 2 -->
	<item component="ComponentInfo{com.recloak.littlealchemy2/com.recloak.littlealchemy2.MainActivity}" drawable="alchemy_2" />

	<!-- Alien Shooter TD -->
	<item component="ComponentInfo{com.sigmateam.alienshooter.towerdefence/com.sigmateam.asdefence.GameActivity}" drawable="alien_shooter_td" />

	<!-- Andronix -->
	<item component="ComponentInfo{studio.com.techriz.andronix/studio.com.techriz.andronix.ui.Splash}" drawable="andronix" />

	<!-- Animal Kingdom -->
	<item component="ComponentInfo{com.age.animal.appspot/com.ansca.corona.CoronaActivity}" drawable="animal_kingdom" />

	<!-- Antistress -->
	<item component="ComponentInfo{com.JindoBlu.Antistress/com.unity3d.player.UnityPlayerActivity}" drawable="antistress" />

	<!-- Antiyoy -->
	<item component="ComponentInfo{yio.tro.antiyoy.android/yio.tro.antiyoy.android.AndroidLauncher}" drawable="antiyoy" />

	<!-- APK Export -->
	<item component="ComponentInfo{com.ses.app.apkexport/com.ses.app.apkexport.Main}" drawable="apk_export" />

	<!-- Apk Extractor -->
	<item component="ComponentInfo{com.ext.ui/com.ext.ui.MainActivity}" drawable="apk_extractor" />

	<!-- Art Blitz -->
	<item component="ComponentInfo{com.ketchapp.artblitz/com.unity3d.player.UnityPlayerActivity}" drawable="art_blitz" />

	<!-- Assembly Line -->
	<item component="ComponentInfo{com.olympus.assemblyline/com.unity3d.player.UnityPlayerActivity}" drawable="assembly_line" />

	<!-- Backgammon -->
	<item component="ComponentInfo{com.orodragon.bgking/com.orodragon.bgking.Backgammon}" drawable="backgammon" />

	<!-- Backgammon Free -->
	<item component="ComponentInfo{uk.co.aifactory.backgammonfree/uk.co.aifactory.backgammonfree.BackgammonFreeActivity}" drawable="backgammon_free" />

	<!-- Ball Sort -->
	<item component="ComponentInfo{water.sort.puzzle.ballsort/com.unity3d.player.UnityPlayerActivity}" drawable="ball_sort" />

	<!-- Basketball -->
	<item component="ComponentInfo{com.ketchapp.ketchappbasketball/org.cocos2dx.cpp.AppActivity}" drawable="basketball" />

	<!-- BlueEdge -->
	<item component="ComponentInfo{com.ketchapp.blueedge/com.ketchapp.blueedge.PTPlayer}" drawable="blueedge" />

	<!-- Brain IQ Test -->
	<item component="ComponentInfo{com.iq.test.maths.intelligence.logic.iqtest/com.unity3d.player.UnityPlayerActivity}" drawable="brain_iq_test" />

	<!-- Burger -->
	<item component="ComponentInfo{de.kamibox.burger/com.ansca.corona.CoronaActivity}" drawable="burger" />

	<!-- C4droid -->
	<item component="ComponentInfo{com.n0n3m4.droidc/com.n0n3m4.droidc.CCompilerMain}" drawable="c4droid" />

	<!-- CamScanner -->
	<item component="ComponentInfo{com.intsig.camscanner/com.intsig.camscanner.mainmenu.mainactivity.MainActivity}" drawable="camscanner" />

	<!-- Chess Free -->
	<item component="ComponentInfo{uk.co.aifactory.chessfree/uk.co.aifactory.chessfree.ChessFreeActivity}" drawable="chess_free" />

	<!-- Chinese Deciphered -->
	<item component="ComponentInfo{com.rememberchinese.rememberchinese1/com.rememberchinese.rememberchinese1.LauncherActivity}" drawable="chinese_deciphered" />

	<!-- CIFI -->
	<item component="ComponentInfo{com.OctocubeGamesCompany.CIFI/com.unity3d.player.UnityPlayerActivity}" drawable="cifi" />

	<!-- Circle -->
	<item component="ComponentInfo{com.ketchapp.circle/com.unity3d.player.UnityPlayerActivity}" drawable="circle" />

	<!-- CodeWords -->
	<item component="ComponentInfo{com.astraware.codewords/com.astraware.puzzlegamecore.NDKMainCore}" drawable="codewords" />

	<!-- Color Gallery -->
	<item component="ComponentInfo{game.color.gallery.hue.puzzle.games/com.unity3d.player.UnityPlayerActivity}" drawable="color_gallery" />

	<!-- Color Puzzle -->
	<item component="ComponentInfo{com.color.puzzle.i.love.hue.blendoku.game/com.color.puzzle.i.love.hue.blendoku.game.MainActivity}" drawable="color_puzzle" />

	<!-- Color Switch -->
	<item component="ComponentInfo{com.colorswitch.switch2/com.unity3d.player.UnityPlayerActivity}" drawable="color_switch" />

	<!-- Color Switch -->
	<item component="ComponentInfo{com.fortafygames.colorswitch/com.migal.android.SplashActivity}" drawable="color_switch" />

	<!-- Cross Math -->
	<item component="ComponentInfo{math.puzzle.games.crossmath.number.puzzles.free/com.guru.math_collections.MainActivity}" drawable="cross_math" />

	<!-- Crossword -->
	<item component="ComponentInfo{mobi.redstonegames.crossword.en/com.unity3d.player.UnityPlayerActivity}" drawable="crossword" />

	<!-- Cryptogram -->
	<item component="ComponentInfo{com.pixplicity.cryptogram/com.pixplicity.cryptogram.activities.CryptogramActivity}" drawable="cryptogram" />

	<!-- Curiosity -->
	<item component="ComponentInfo{com.curiosity.dailycuriosity/com.curiosity.dailycuriosity.MainActivity}" drawable="curiosity" />

	<!-- Cxxdroid -->
	<item component="ComponentInfo{ru.iiec.cxxdroid/ru.iiec.cxxdroid.CxxActivity}" drawable="cxxdroid" />

	<!-- Deepstash -->
	<item component="ComponentInfo{com.deepstash/com.deepstash.MainActivity}" drawable="deepstash" />

	<!-- Deutsche Verben -->
	<item component="ComponentInfo{com.xengar.android.deutscheverben/com.xengar.android.deutscheverben.ui.MainActivity}" drawable="deutsche_verben" />

	<!-- Discord -->
	<item component="ComponentInfo{com.discord/com.discord.main.MainY2K}" drawable="discord" />

	<!-- Don't Touch The Spikes -->
	<item component="ComponentInfo{com.ketchapp.donttouchthespikes/com.unity3d.player.UnityPlayerActivity}" drawable="dont_touch_the_spikes" />

	<!-- Doodle Jump -->
	<item component="ComponentInfo{com.lima.doodlejump/com.limasky.doodlejumpandroid.MainActivity}" drawable="doodle_jump" />

	<!-- Drops -->
	<item component="ComponentInfo{com.languagedrops.drops.international/com.languagedrops.drops.international.MainActivity}" drawable="drops" />

	<!-- Drops -->
	<item component="ComponentInfo{com.languagedrops.drops.learn.learning.speak.language.german.words/com.languagedrops.drops.international.MainActivity}" drawable="drops" />

	<!-- DUAL -->
	<item component="ComponentInfo{com.Seabaa.Dual/com.Seabaa.Dual.Dual}" drawable="dual" />

	<!-- Dune -->
	<item component="ComponentInfo{io.voodoo.dune/com.unity3d.player.UnityPlayerActivity}" drawable="dune" />

	<!-- Dunk Hit -->
	<item component="ComponentInfo{com.standylan.dunkhit/com.unity3d.player.UnityPlayerActivity}" drawable="dunk_hit" />

	<!-- Dunk Shot -->
	<item component="ComponentInfo{com.ketchapp.dunkshot/org.cocos2dx.cpp.AppActivity}" drawable="dunk_shot" />

	<!-- Elevate -->
	<item component="ComponentInfo{com.wonder/com.pegasus.feature.main.MainActivity}" drawable="elevate" />

	<!-- Europe Geography -->
	<item component="ComponentInfo{com.age.europe.appspot/com.ansca.corona.CoronaActivity}" drawable="europe_geography" />

	<!-- FaceApp -->
	<item component="ComponentInfo{io.faceapp/io.faceapp.MainActivity}" drawable="faceapp" />

	<!-- Fidget Spinner -->
	<item component="ComponentInfo{com.ketchapp.fingerspinner/org.cocos2dx.cpp.AppActivity}" drawable="fidget_spinner" />

	<!-- Finch -->
	<item component="ComponentInfo{com.finch.finch/com.finch.finch.MainActivity}" drawable="finch" />

	<!-- Find Out -->
	<item component="ComponentInfo{find.out.hidden.objects.seek.puzzle.games.free/com.google.firebase.MessagingUnityPlayerActivity}" drawable="find_out" />

	<!-- Flappy Dunk -->
	<item component="ComponentInfo{com.acidcousins.fdunk/com.unity3d.player.UnityPlayerActivity}" drawable="flappy_dunk" />

	<!-- Floors -->
	<item component="ComponentInfo{com.ketchapp.floors/org.cocos2dx.cpp.AppActivity}" drawable="floors" />

	<!-- Fluid -->
	<item component="ComponentInfo{games.paveldogreat.fluidsimfree/com.unity3d.player.UnityPlayerActivity}" drawable="fluid" />

	<!-- Fotogenic -->
	<item component="ComponentInfo{com.hde7.fotogenic/md5fc69c6a5dc6c059d5e6f2b30bb59a741.MainActivity}" drawable="fotogenic" />

	<!-- Gauguin -->
	<item component="ComponentInfo{org.piepmeyer.gauguin/org.piepmeyer.gauguin.ui.main.MainActivity}" drawable="gauguin" />

	<!-- German Article Quiz -->
	<item component="ComponentInfo{com.londonappstudio.germanarticles/com.londonappstudio.germanarticles.activities.MainMenuActivity}" drawable="german_article_quiz" />

	<!-- Glitch! -->
	<item component="ComponentInfo{com.lucagrillo.ImageGlitcher/com.lucagrillo.imageGlitcher.SplashScreenActivity}" drawable="glitch_" />

	<!-- Guriddo -->
	<item component="ComponentInfo{com.iwp.guriddo/com.iwp.guriddo.MainActivity}" drawable="guriddo" />

	<!-- Habitica -->
	<item component="ComponentInfo{com.habitrpg.android.habitica/com.habitrpg.android.habitica.ui.activities.MainActivity}" drawable="habitica" />

	<!-- SIM toolkit -->
	<item component="ComponentInfo{com.android.stk/com.android.stk.StkLauncherActivity_DualSim}" drawable="sim_toolkit" />

	<!-- Hashi (Bridges) -->
	<item component="ComponentInfo{ch.aorlinn.bridges/ch.aorlinn.bridges.view.MainMenuActivity}" drawable="hashi_bridges_" />

	<!-- Hearthstone -->
	<item component="ComponentInfo{com.blizzard.wtcg.hearthstone/com.blizzard.wtcg.hearthstone.HearthstoneActivity}" drawable="hearthstone" />

	<!-- Hex Shaders Premium -->
	<item component="ComponentInfo{ru.serjik.hexshaders.premium/ru.serjik.hexshaders.premium.HexShadersActivity}" drawable="hex_shaders_premium" />

	<!-- Hexio -->
	<item component="ComponentInfo{com.logisk.hexio/com.logisk.hexio.AndroidLauncher}" drawable="hexio" />

	<!-- Hill Climb Racing -->
	<item component="ComponentInfo{com.fingersoft.hillclimb/com.fingersoft.game.MainActivity}" drawable="hill_climb_racing" />

	<!-- HMA VPN -->
	<item component="ComponentInfo{com.hidemyass.hidemyassprovpn/com.avast.android.vpn.activity.HmaOnboardingActivity}" drawable="hma_vpn" />

	<!-- Horizon -->
	<item component="ComponentInfo{com.ketchapp.horizon/com.unity3d.player.UnityPlayerActivity}" drawable="horizon" />

	<!-- Hoshi -->
	<item component="ComponentInfo{com.iwp.hoshi/com.iwp.hoshi.hoshi.MainActivity}" drawable="hoshi" />

	<!-- I Love Hue -->
	<item component="ComponentInfo{com.zutgames.ilovehue/com.ansca.corona.CoronaActivity}" drawable="i_love_hue" />

	<!-- I Love Hue Too -->
	<item component="ComponentInfo{com.zutgames.ilovehue2/com.unity3d.player.UnityPlayerActivity}" drawable="i_love_hue_too" />

	<!-- Idioms And Phrases -->
	<item component="ComponentInfo{com.rishabhk.idiomsandphrases/com.rishabhk.xoftheday.activities.MainActivity}" drawable="idioms_and_phrases" />

	<!-- Imagzle -->
	<item component="ComponentInfo{com.imagzle/com.imagzle.MainActivity}" drawable="imagzle" />

	<!-- Instant Heart Rate -->
	<item component="ComponentInfo{si.modula.android.instantheartrate/com.azumio.android.argus.main_menu.launch.LaunchActivity}" drawable="instant_heart_rate" />

	<!-- JPG to PDF Converter -->
	<item component="ComponentInfo{com.aconvert.jpg2pdf/com.aconvert.jpg2pdf.MainActivity}" drawable="jpg_to_pdf_converter" />

	<!-- Jvdroid -->
	<item component="ComponentInfo{ru.iiec.jvdroid/ru.iiec.jvdroid.JvActivity}" drawable="jvdroid" />

	<!-- Khan Academy -->
	<item component="ComponentInfo{org.khanacademy.android/org.khanacademy.android.ui.library.MainActivity}" drawable="khan_academy" />

	<!-- Killer Sudoku -->
	<item component="ComponentInfo{com.easybrain.killer.sudoku.free/com.easybrain.sudoku.gui.splash.SplashActivity}" drawable="killer_sudoku" />

	<!-- Kinnu -->
	<item component="ComponentInfo{xyz.kinnu/xyz.kinnu.MainActivity}" drawable="kinnu" />

	<!-- Kiwi VPN -->
	<item component="ComponentInfo{com.securevpn.connectip.kiwivpn/vpn.client.activity.NewSplashActivity}" drawable="kiwi_vpn" />

	<!-- Knife Hit -->
	<item component="ComponentInfo{com.ketchapp.knifehit/org.cocos2dx.cpp.AppActivity}" drawable="knife_hit" />

	<!-- Lumosity -->
	<item component="ComponentInfo{com.lumoslabs.lumosity/com.lumoslabs.lumosity.activity.LaunchActivity}" drawable="lumosity" />

	<!-- Magic Survival -->
	<item component="ComponentInfo{com.vkslrzm.Zombie/com.unity3d.player.UnityPlayerActivity}" drawable="magic_survival" />

	<!-- Math - Quiz Game -->
	<item component="ComponentInfo{com.age.math.appspot/com.ansca.corona.CoronaActivity}" drawable="math_quiz_game" />

	<!-- Math and Topology -->
	<item component="ComponentInfo{com.PantheraTitanium.MathAndTopology/com.unity3d.player.UnityPlayerActivity}" drawable="math_and_topology" />

	<!-- MCVS -->
	<item component="ComponentInfo{com.gameloft.android.ANMP.GloftMVHM/com.gameloft.android.XamarinMainActivity}" drawable="mcvs" />

	<!-- Mech Arena -->
	<item component="ComponentInfo{com.plarium.mechlegion/com.plarium.unity_app.UnityMainActivity}" drawable="mech_arena" />

	<!-- Mimo -->
	<item component="ComponentInfo{com.getmimo/com.getmimo.ui.SplashActivity}" drawable="mimo" />

	<!-- Minesweeper -->
	<item component="ComponentInfo{com.still57.minesweeper/com.still57.minesweeper.RunnerActivity}" drawable="minesweeper" />

	<!-- Neon -->
	<item component="ComponentInfo{com.lapshinanatoly.maxsaturation/com.lapshinanatoly.maxsaturation.LaunchActivity}" drawable="neon" />

	<!-- NiceLock -->
	<item component="ComponentInfo{com.bluehorizonapps.nicelock3/com.bluehorizonapps.nicelock3.MainActivity}" drawable="nicelock" />

	<!-- Nodo -->
	<item component="ComponentInfo{com.iwp.nodo/com.iwp.nodo.nodo.MainActivity}" drawable="nodo" />

	<!-- Nonograms Katana -->
	<item component="ComponentInfo{com.ucdevs.jcross/com.ucdevs.jcross.MainActivity}" drawable="nonograms_katana" />

	<!-- NordVPN -->
	<item component="ComponentInfo{com.nordvpn.android/com.nordvpn.android.MainActivity}" drawable="nordvpn" />

	<!-- Numpuz -->
	<item component="ComponentInfo{com.dopuz.klotski.riddle/com.dopuz.klotski.riddle.StartAct}" drawable="numpuz" />

	<!-- One More Dash -->
	<item component="ComponentInfo{com.smgstudio.omd/com.prime31.UnityPlayerActivity}" drawable="one_more_dash" />

	<!-- OneMoreBounce -->
	<item component="ComponentInfo{com.smgstudio.onemorebounce/com.unity3d.player.UnityPlayerNativeActivity}" drawable="onemorebounce" />

	<!-- OneMoreLine -->
	<item component="ComponentInfo{com.smgstudio.onemoreline/com.unity3d.player.UnityPlayerActivity}" drawable="onemoreline" />

	<!-- Opera VPN -->
	<item component="ComponentInfo{com.opera.vpn/com.opera.operavpn.SplashActivity}" drawable="opera_vpn" />

	<!-- Oscope -->
	<item component="ComponentInfo{org.sbaudio.oscope/org.sbaudio.oscope.MainActivity}" drawable="oscope" />

	<!-- Osmos HD -->
	<item component="ComponentInfo{com.hemispheregames.osmos/com.apportable.activity.VerdeActivity}" drawable="osmos_hd" />

	<!-- Peglin -->
	<item component="ComponentInfo{com.RedNexusGamesInc.Peglin/com.unity3d.player.UnityPlayerActivity}" drawable="peglin" />

	<!-- Personality Trait Test -->
	<item component="ComponentInfo{com.aadi.personalitytraittest/com.aadi.personalitytraittest.activities.SplashScreen}" drawable="personality_trait_test" />

	<!-- Phone INFO -->
	<item component="ComponentInfo{org.vndnguyen.phoneinfo/org.vndnguyen.phoneinfo.main}" drawable="phone_info" />

	<!-- PIA VPN -->
	<item component="ComponentInfo{com.privateinternetaccess.android/com.privateinternetaccess.android.ui.LauncherActivity}" drawable="pia_vpn" />

	<!-- Picas -->
	<item component="ComponentInfo{com.picas.photo.artfilter.android/com.picas.photo.artfilter.android.main.activity.WelcomeActivity}" drawable="picas" />

	<!-- Ping Pong King -->
	<item component="ComponentInfo{com.orangenose.tablefull/com.unity3d.player.UnityPlayerActivity}" drawable="ping_pong_king" />

	<!-- Pinway -->
	<item component="ComponentInfo{com.ati.pinway/com.ati.pinway.core.LoginActivity}" drawable="pinway" />

	<!-- Pixel Art -->
	<item component="ComponentInfo{com.europosit.pixelcoloring/com.europosit.PixelMainActivity}" drawable="pixel_art" />

	<!-- Pizza -->
	<item component="ComponentInfo{com.tapblaze.pizzabusiness/com.tapblaze.pizzabusiness.AppActivity}" drawable="pizza" />

	<!-- Pottery 2 -->
	<item component="ComponentInfo{pl.idreams.pottery2/com.unity3d.player.UnityPlayerActivity}" drawable="pottery_2" />

	<!-- Programming Hero -->
	<item component="ComponentInfo{com.learnprogramming.codecamp/com.learnprogramming.codecamp.ui.activity.Splash_Screen}" drawable="programming_hero" />

	<!-- Progressbar95 -->
	<item component="ComponentInfo{com.spookyhousestudios.progressbar95/com.ansca.corona.CoronaActivity}" drawable="progressbar95" />

	<!-- Project Clean Earth -->
	<item component="ComponentInfo{com.onenone.ecp/com.unity3d.player.UnityPlayerActivity}" drawable="project_clean_earth" />

	<!-- Psiphon -->
	<item component="ComponentInfo{com.psiphon3/com.psiphon3.MainActivity}" drawable="psiphon" />

	<!-- Pydroid 3 -->
	<item component="ComponentInfo{ru.iiec.pydroid3/ru.iiec.pydroid.MainActivity}" drawable="pydroid_3" />

	<!-- Q&A? -->
	<item component="ComponentInfo{com.legenbearygames.q.and.a.general.knowledge.trivia.quiz/com.unity3d.player.UnityPlayerActivity}" drawable="q_and_a_" />

	<!-- QuizUp -->
	<item component="ComponentInfo{com.quizup.core/com.quizup.ui.client.activity.MainActivity}" drawable="quizup" />

	<!-- Radial -->
	<item component="ComponentInfo{net.leshenko.andrey.radial/net.leshenko.andrey.radial.MainActivity}" drawable="radial" />

	<!-- Randomizer+ -->
	<item component="ComponentInfo{pl.patraa.randomgenerator/pl.patraa.randomgenerator.SplashActivity}" drawable="randomizer_" />

	<!-- Really Bad Chess -->
	<item component="ComponentInfo{com.noodlecake.reallybadchess/com.izaron.androideffects.vibration.MyMainActivity}" drawable="really_bad_chess" />

	<!-- Retouch -->
	<item component="ComponentInfo{com.advasoft.touchretouch.plus/com.advasoft.touchretouch.LicenseActivity}" drawable="retouch" />

	<!-- Rider -->
	<item component="ComponentInfo{com.ketchapp.rider/com.unity3d.player.UnityPlayerActivity}" drawable="rider" />

	<!-- Roboyard -->
	<item component="ComponentInfo{de.z11.roboyard/roboyard.eclabs.MainActivity}" drawable="roboyard" />

	<!-- Rolly Vortex -->
	<item component="ComponentInfo{com.bdj.vortexDroid/com.unity3d.player.UnityPlayerActivity}" drawable="rolly_vortex" />

	<!-- Rosetta Stone -->
	<item component="ComponentInfo{air.com.rosettastone.mobile.CoursePlayer/com.rosettastone.MainActivity}" drawable="rosetta_stone" />

	<!-- Rush -->
	<item component="ComponentInfo{com.ketchapp.rush/com.unity3d.player.UnityPlayerActivity}" drawable="rush" />

	<!-- Sand : box -->
	<item component="ComponentInfo{smellymoo.sand/smellymoo.sand.Main}" drawable="sand_box" />

	<!-- Satisgame -->
	<item component="ComponentInfo{com.GopherHole.Satisfying/com.unity3d.player.UnityPlayerActivity}" drawable="satisgame" />

	<!-- Seasons Puzzles -->
	<item component="ComponentInfo{com.BlackGames.SeasonsPuzzles/com.google.firebase.MessagingUnityPlayerActivity}" drawable="seasons_puzzles" />

	<!-- Shadow Fight 2 -->
	<item component="ComponentInfo{com.nekki.shadowfight2.paid/com.nekki.utils.activity.NekkiUnityPlayerActivity}" drawable="shadow_fight_2" />

	<!-- Shadow Fight 3 -->
	<item component="ComponentInfo{com.nekki.shadowfight3/com.nekki.unityplugins.NekkiNativeActivity}" drawable="shadow_fight_3" />

	<!-- Snaky Snake -->
	<item component="ComponentInfo{com.nicoplvgames.snakysnake/com.unity3d.player.UnityPlayerActivity}" drawable="snaky_snake" />

	<!-- Soul Knight -->
	<item component="ComponentInfo{com.ChillyRoom.DungeonShooter/com.chillyroomsdk.googleplay.MainActivity}" drawable="soul_knight" />

	<!-- Space Frontier 2 -->
	<item component="ComponentInfo{com.ketchapp.spacefrontier2/com.unity3d.player.UnityPlayerActivity}" drawable="space_frontier_2" />

	<!-- Spartan Firefight -->
	<item component="ComponentInfo{com.dobermannstudios.spartanfirefight/com.dobermannstudios.spartanfirefight.Main}" drawable="spartan_firefight" />

	<!-- Spartan Runner -->
	<item component="ComponentInfo{com.dobermannstudios.spartanrunner/com.dobermannstudios.spartanrunner.Main}" drawable="spartan_runner" />

	<!-- SPEEDY CAR -->
	<item component="ComponentInfo{com.orangenose.speedycar2/com.unity3d.player.UnityPlayerActivity}" drawable="speedy_car" />

	<!-- SSSnaker -->
	<item component="ComponentInfo{com.habby.sssnaker/org.cocos2dx.javascript.AppActivity}" drawable="sssnaker" />

	<!-- Stack -->
	<item component="ComponentInfo{com.ketchapp.stack/com.unity3d.player.UnityPlayerActivity}" drawable="stack" />

	<!-- Sudoku -->
	<item component="ComponentInfo{ee.dustland.android.dustlandsudoku/ee.dustland.android.dustlandsudoku.SudokuHostActivity}" drawable="sudoku" />

	<!-- Sudoku + V -->
	<item component="ComponentInfo{com.uvmlab.usudoku/com.uvmlab.app.MainActivity}" drawable="sudoku_v" />

	<!-- Super One More Jump -->
	<item component="ComponentInfo{com.smgstudio.sonemorejump/com.unity3d.player.UnityPlayerNativeActivity}" drawable="super_one_more_jump" />

	<!-- The Tower -->
	<item component="ComponentInfo{com.TechTreeGames.TheTower/com.unity3d.player.UnityPlayerActivity}" drawable="the_tower" />

	<!-- Tiling Puzzle -->
	<item component="ComponentInfo{com.vanadinitegames.tilepuzzle/com.unity3d.player.UnityPlayerActivity}" drawable="tiling_puzzle" />

	<!-- Timbre -->
	<item component="ComponentInfo{xeus.timbre/xeus.timbre.ui.main.MainActivity}" drawable="timbre" />

	<!-- Tracker Network -->
	<item component="ComponentInfo{network.tracker.app/io.flutter.embedding.android.FlutterActivity}" drawable="tracker_network" />

	<!-- Ultrasurf -->
	<item component="ComponentInfo{us.ultrasurf.mobile.ultrasurf/us.ultrasurf.mobile.ultrasurf.MainActivity}" drawable="ultrasurf" />

	<!-- Uxcel Go -->
	<item component="ComponentInfo{com.uxcel.app/com.uxcel.app.MainActivity}" drawable="uxcel_go" />

	<!-- Verben -->
	<item component="ComponentInfo{com.gmail.bunterdickhaeuter.verben/com.gmail.bunterdickhaeuter.verben.s}" drawable="verben" />

	<!-- VMOS -->
	<item component="ComponentInfo{com.vmos.glb/com.vmos.activity.NewSurActivity}" drawable="vmos" />

	<!-- Wallpaper Modder -->
	<item component="ComponentInfo{com.spada.wallpapermodder/com.spada.wallpapermodder.activity.HomeActivity}" drawable="wallpaper_modder" />

	<!-- Warframe Companion -->
	<item component="ComponentInfo{com.digitalextremes.warframenexus/com.digitalextremes.warframenexus.WarframeCompanionActivity}" drawable="warframe_companion" />

	<!-- Water Sort -->
	<item component="ComponentInfo{water.sort.puzzle.liquidsortpuzzle/com.unity3d.player.UnityPlayerActivity}" drawable="water_sort" />

	<!-- Where is Xur? -->
	<item component="ComponentInfo{com.crocusgames.whereisxur/com.crocusgames.whereisxur.mainscreens.MainActivity}" drawable="where_is_xur_" />

	<!-- WiFi Pro FTP Server -->
	<item component="ComponentInfo{com.medhaapps.wififtpserver.pro/com.medhaapps.wififtpserver.pro.activity.MainActivity}" drawable="wifi_pro_ftp_server" />

	<!-- Wire -->
	<item component="ComponentInfo{com.ketchapp.wire/com.unity3d.player.UnityPlayerProxyActivity}" drawable="wire" />

	<!-- Wordathlon -->
	<item component="ComponentInfo{com.legenbearygames.wordathlon.word.matrix.puzzle/com.unity3d.player.UnityPlayerActivity}" drawable="wordathlon" />

	<!-- World Geography -->
	<item component="ComponentInfo{com.age.wgg.appspot/com.age.wgg.appspot.Main}" drawable="world_geography" />

	<!-- Wörterbuch -->
	<item component="ComponentInfo{com.composapps.woerterbuch/com.composapps.woerterbuch.s}" drawable="worterbuch" />

	<!-- ZigZag -->
	<item component="ComponentInfo{com.ketchapp.zigzaggame/com.unity3d.player.UnityPlayerActivity}" drawable="zigzag" />

	<!-- Zombie Shooter Free -->
	<item component="ComponentInfo{com.sigmateam.zombieshooter.free/com.sigmateam.zombiefree.GameActivity}" drawable="zombie_shooter_free" />

</resources>