<Theme version="1">

	<!-- 20 Minutes Till Dawn -->
	<AppIcon name="com.Flanne.MinutesTillDawn.roguelike.shooting.fr.gp/com.unity3d.player.UnityPlayerActivity" image="_20_minutes_till_dawn"/>

	<!-- Alchemy 2 -->
	<AppIcon name="com.recloak.littlealchemy2/com.recloak.littlealchemy2.MainActivity" image="alchemy_2"/>

	<!-- Alien Shooter TD -->
	<AppIcon name="com.sigmateam.alienshooter.towerdefence/com.sigmateam.asdefence.GameActivity" image="alien_shooter_td"/>

	<!-- Andronix -->
	<AppIcon name="studio.com.techriz.andronix/studio.com.techriz.andronix.ui.Splash" image="andronix"/>

	<!-- Animal Kingdom -->
	<AppIcon name="com.age.animal.appspot/com.ansca.corona.CoronaActivity" image="animal_kingdom"/>

	<!-- Antistress -->
	<AppIcon name="com.JindoBlu.Antistress/com.unity3d.player.UnityPlayerActivity" image="antistress"/>

	<!-- Antiyoy -->
	<AppIcon name="yio.tro.antiyoy.android/yio.tro.antiyoy.android.AndroidLauncher" image="antiyoy"/>

	<!-- APK Export -->
	<AppIcon name="com.ses.app.apkexport/com.ses.app.apkexport.Main" image="apk_export"/>

	<!-- Apk Extractor -->
	<AppIcon name="com.ext.ui/com.ext.ui.MainActivity" image="apk_extractor"/>

	<!-- Art Blitz -->
	<AppIcon name="com.ketchapp.artblitz/com.unity3d.player.UnityPlayerActivity" image="art_blitz"/>

	<!-- Assembly Line -->
	<AppIcon name="com.olympus.assemblyline/com.unity3d.player.UnityPlayerActivity" image="assembly_line"/>

	<!-- Backgammon -->
	<AppIcon name="com.orodragon.bgking/com.orodragon.bgking.Backgammon" image="backgammon"/>

	<!-- Backgammon Free -->
	<AppIcon name="uk.co.aifactory.backgammonfree/uk.co.aifactory.backgammonfree.BackgammonFreeActivity" image="backgammon_free"/>

	<!-- Ball Sort -->
	<AppIcon name="water.sort.puzzle.ballsort/com.unity3d.player.UnityPlayerActivity" image="ball_sort"/>

	<!-- Basketball -->
	<AppIcon name="com.ketchapp.ketchappbasketball/org.cocos2dx.cpp.AppActivity" image="basketball"/>

	<!-- BlueEdge -->
	<AppIcon name="com.ketchapp.blueedge/com.ketchapp.blueedge.PTPlayer" image="blueedge"/>

	<!-- Brain IQ Test -->
	<AppIcon name="com.iq.test.maths.intelligence.logic.iqtest/com.unity3d.player.UnityPlayerActivity" image="brain_iq_test"/>

	<!-- Burger -->
	<AppIcon name="de.kamibox.burger/com.ansca.corona.CoronaActivity" image="burger"/>

	<!-- C4droid -->
	<AppIcon name="com.n0n3m4.droidc/com.n0n3m4.droidc.CCompilerMain" image="c4droid"/>

	<!-- CamScanner -->
	<AppIcon name="com.intsig.camscanner/com.intsig.camscanner.mainmenu.mainactivity.MainActivity" image="camscanner"/>

	<!-- Chess Free -->
	<AppIcon name="uk.co.aifactory.chessfree/uk.co.aifactory.chessfree.ChessFreeActivity" image="chess_free"/>

	<!-- Chinese Deciphered -->
	<AppIcon name="com.rememberchinese.rememberchinese1/com.rememberchinese.rememberchinese1.LauncherActivity" image="chinese_deciphered"/>

	<!-- CIFI -->
	<AppIcon name="com.OctocubeGamesCompany.CIFI/com.unity3d.player.UnityPlayerActivity" image="cifi"/>

	<!-- Circle -->
	<AppIcon name="com.ketchapp.circle/com.unity3d.player.UnityPlayerActivity" image="circle"/>

	<!-- CodeWords -->
	<AppIcon name="com.astraware.codewords/com.astraware.puzzlegamecore.NDKMainCore" image="codewords"/>

	<!-- Color Gallery -->
	<AppIcon name="game.color.gallery.hue.puzzle.games/com.unity3d.player.UnityPlayerActivity" image="color_gallery"/>

	<!-- Color Puzzle -->
	<AppIcon name="com.color.puzzle.i.love.hue.blendoku.game/com.color.puzzle.i.love.hue.blendoku.game.MainActivity" image="color_puzzle"/>

	<!-- Color Switch -->
	<AppIcon name="com.colorswitch.switch2/com.unity3d.player.UnityPlayerActivity" image="color_switch"/>

	<!-- Color Switch -->
	<AppIcon name="com.fortafygames.colorswitch/com.migal.android.SplashActivity" image="color_switch"/>

	<!-- Cross Math -->
	<AppIcon name="math.puzzle.games.crossmath.number.puzzles.free/com.guru.math_collections.MainActivity" image="cross_math"/>

	<!-- Crossword -->
	<AppIcon name="mobi.redstonegames.crossword.en/com.unity3d.player.UnityPlayerActivity" image="crossword"/>

	<!-- Cryptogram -->
	<AppIcon name="com.pixplicity.cryptogram/com.pixplicity.cryptogram.activities.CryptogramActivity" image="cryptogram"/>

	<!-- Curiosity -->
	<AppIcon name="com.curiosity.dailycuriosity/com.curiosity.dailycuriosity.MainActivity" image="curiosity"/>

	<!-- Cxxdroid -->
	<AppIcon name="ru.iiec.cxxdroid/ru.iiec.cxxdroid.CxxActivity" image="cxxdroid"/>

	<!-- Deepstash -->
	<AppIcon name="com.deepstash/com.deepstash.MainActivity" image="deepstash"/>

	<!-- Deutsche Verben -->
	<AppIcon name="com.xengar.android.deutscheverben/com.xengar.android.deutscheverben.ui.MainActivity" image="deutsche_verben"/>

	<!-- Discord -->
	<AppIcon name="com.discord/com.discord.main.MainY2K" image="discord"/>

	<!-- Don't Touch The Spikes -->
	<AppIcon name="com.ketchapp.donttouchthespikes/com.unity3d.player.UnityPlayerActivity" image="dont_touch_the_spikes"/>

	<!-- Doodle Jump -->
	<AppIcon name="com.lima.doodlejump/com.limasky.doodlejumpandroid.MainActivity" image="doodle_jump"/>

	<!-- Drops -->
	<AppIcon name="com.languagedrops.drops.international/com.languagedrops.drops.international.MainActivity" image="drops"/>

	<!-- Drops -->
	<AppIcon name="com.languagedrops.drops.learn.learning.speak.language.german.words/com.languagedrops.drops.international.MainActivity" image="drops"/>

	<!-- DUAL -->
	<AppIcon name="com.Seabaa.Dual/com.Seabaa.Dual.Dual" image="dual"/>

	<!-- Dune -->
	<AppIcon name="io.voodoo.dune/com.unity3d.player.UnityPlayerActivity" image="dune"/>

	<!-- Dunk Hit -->
	<AppIcon name="com.standylan.dunkhit/com.unity3d.player.UnityPlayerActivity" image="dunk_hit"/>

	<!-- Dunk Shot -->
	<AppIcon name="com.ketchapp.dunkshot/org.cocos2dx.cpp.AppActivity" image="dunk_shot"/>

	<!-- Elevate -->
	<AppIcon name="com.wonder/com.pegasus.feature.main.MainActivity" image="elevate"/>

	<!-- Europe Geography -->
	<AppIcon name="com.age.europe.appspot/com.ansca.corona.CoronaActivity" image="europe_geography"/>

	<!-- FaceApp -->
	<AppIcon name="io.faceapp/io.faceapp.MainActivity" image="faceapp"/>

	<!-- Fidget Spinner -->
	<AppIcon name="com.ketchapp.fingerspinner/org.cocos2dx.cpp.AppActivity" image="fidget_spinner"/>

	<!-- Finch -->
	<AppIcon name="com.finch.finch/com.finch.finch.MainActivity" image="finch"/>

	<!-- Find Out -->
	<AppIcon name="find.out.hidden.objects.seek.puzzle.games.free/com.google.firebase.MessagingUnityPlayerActivity" image="find_out"/>

	<!-- Flappy Dunk -->
	<AppIcon name="com.acidcousins.fdunk/com.unity3d.player.UnityPlayerActivity" image="flappy_dunk"/>

	<!-- Floors -->
	<AppIcon name="com.ketchapp.floors/org.cocos2dx.cpp.AppActivity" image="floors"/>

	<!-- Fluid -->
	<AppIcon name="games.paveldogreat.fluidsimfree/com.unity3d.player.UnityPlayerActivity" image="fluid"/>

	<!-- Fotogenic -->
	<AppIcon name="com.hde7.fotogenic/md5fc69c6a5dc6c059d5e6f2b30bb59a741.MainActivity" image="fotogenic"/>

	<!-- Gauguin -->
	<AppIcon name="org.piepmeyer.gauguin/org.piepmeyer.gauguin.ui.main.MainActivity" image="gauguin"/>

	<!-- German Article Quiz -->
	<AppIcon name="com.londonappstudio.germanarticles/com.londonappstudio.germanarticles.activities.MainMenuActivity" image="german_article_quiz"/>

	<!-- Glitch! -->
	<AppIcon name="com.lucagrillo.ImageGlitcher/com.lucagrillo.imageGlitcher.SplashScreenActivity" image="glitch_"/>

	<!-- Guriddo -->
	<AppIcon name="com.iwp.guriddo/com.iwp.guriddo.MainActivity" image="guriddo"/>

	<!-- Habitica -->
	<AppIcon name="com.habitrpg.android.habitica/com.habitrpg.android.habitica.ui.activities.MainActivity" image="habitica"/>

	<!-- SIM toolkit -->
	<AppIcon name="com.android.stk/com.android.stk.StkLauncherActivity_DualSim" image="sim_toolkit"/>

	<!-- Hashi (Bridges) -->
	<AppIcon name="ch.aorlinn.bridges/ch.aorlinn.bridges.view.MainMenuActivity" image="hashi_bridges_"/>

	<!-- Hearthstone -->
	<AppIcon name="com.blizzard.wtcg.hearthstone/com.blizzard.wtcg.hearthstone.HearthstoneActivity" image="hearthstone"/>

	<!-- Hex Shaders Premium -->
	<AppIcon name="ru.serjik.hexshaders.premium/ru.serjik.hexshaders.premium.HexShadersActivity" image="hex_shaders_premium"/>

	<!-- Hexio -->
	<AppIcon name="com.logisk.hexio/com.logisk.hexio.AndroidLauncher" image="hexio"/>

	<!-- Hill Climb Racing -->
	<AppIcon name="com.fingersoft.hillclimb/com.fingersoft.game.MainActivity" image="hill_climb_racing"/>

	<!-- HMA VPN -->
	<AppIcon name="com.hidemyass.hidemyassprovpn/com.avast.android.vpn.activity.HmaOnboardingActivity" image="hma_vpn"/>

	<!-- Horizon -->
	<AppIcon name="com.ketchapp.horizon/com.unity3d.player.UnityPlayerActivity" image="horizon"/>

	<!-- Hoshi -->
	<AppIcon name="com.iwp.hoshi/com.iwp.hoshi.hoshi.MainActivity" image="hoshi"/>

	<!-- I Love Hue -->
	<AppIcon name="com.zutgames.ilovehue/com.ansca.corona.CoronaActivity" image="i_love_hue"/>

	<!-- I Love Hue Too -->
	<AppIcon name="com.zutgames.ilovehue2/com.unity3d.player.UnityPlayerActivity" image="i_love_hue_too"/>

	<!-- Idioms And Phrases -->
	<AppIcon name="com.rishabhk.idiomsandphrases/com.rishabhk.xoftheday.activities.MainActivity" image="idioms_and_phrases"/>

	<!-- Imagzle -->
	<AppIcon name="com.imagzle/com.imagzle.MainActivity" image="imagzle"/>

	<!-- Instant Heart Rate -->
	<AppIcon name="si.modula.android.instantheartrate/com.azumio.android.argus.main_menu.launch.LaunchActivity" image="instant_heart_rate"/>

	<!-- JPG to PDF Converter -->
	<AppIcon name="com.aconvert.jpg2pdf/com.aconvert.jpg2pdf.MainActivity" image="jpg_to_pdf_converter"/>

	<!-- Jvdroid -->
	<AppIcon name="ru.iiec.jvdroid/ru.iiec.jvdroid.JvActivity" image="jvdroid"/>

	<!-- Khan Academy -->
	<AppIcon name="org.khanacademy.android/org.khanacademy.android.ui.library.MainActivity" image="khan_academy"/>

	<!-- Killer Sudoku -->
	<AppIcon name="com.easybrain.killer.sudoku.free/com.easybrain.sudoku.gui.splash.SplashActivity" image="killer_sudoku"/>

	<!-- Kinnu -->
	<AppIcon name="xyz.kinnu/xyz.kinnu.MainActivity" image="kinnu"/>

	<!-- Kiwi VPN -->
	<AppIcon name="com.securevpn.connectip.kiwivpn/vpn.client.activity.NewSplashActivity" image="kiwi_vpn"/>

	<!-- Knife Hit -->
	<AppIcon name="com.ketchapp.knifehit/org.cocos2dx.cpp.AppActivity" image="knife_hit"/>

	<!-- Lumosity -->
	<AppIcon name="com.lumoslabs.lumosity/com.lumoslabs.lumosity.activity.LaunchActivity" image="lumosity"/>

	<!-- Magic Survival -->
	<AppIcon name="com.vkslrzm.Zombie/com.unity3d.player.UnityPlayerActivity" image="magic_survival"/>

	<!-- Math - Quiz Game -->
	<AppIcon name="com.age.math.appspot/com.ansca.corona.CoronaActivity" image="math_quiz_game"/>

	<!-- Math and Topology -->
	<AppIcon name="com.PantheraTitanium.MathAndTopology/com.unity3d.player.UnityPlayerActivity" image="math_and_topology"/>

	<!-- MCVS -->
	<AppIcon name="com.gameloft.android.ANMP.GloftMVHM/com.gameloft.android.XamarinMainActivity" image="mcvs"/>

	<!-- Mech Arena -->
	<AppIcon name="com.plarium.mechlegion/com.plarium.unity_app.UnityMainActivity" image="mech_arena"/>

	<!-- Mimo -->
	<AppIcon name="com.getmimo/com.getmimo.ui.SplashActivity" image="mimo"/>

	<!-- Minesweeper -->
	<AppIcon name="com.still57.minesweeper/com.still57.minesweeper.RunnerActivity" image="minesweeper"/>

	<!-- Neon -->
	<AppIcon name="com.lapshinanatoly.maxsaturation/com.lapshinanatoly.maxsaturation.LaunchActivity" image="neon"/>

	<!-- NiceLock -->
	<AppIcon name="com.bluehorizonapps.nicelock3/com.bluehorizonapps.nicelock3.MainActivity" image="nicelock"/>

	<!-- Nodo -->
	<AppIcon name="com.iwp.nodo/com.iwp.nodo.nodo.MainActivity" image="nodo"/>

	<!-- Nonograms Katana -->
	<AppIcon name="com.ucdevs.jcross/com.ucdevs.jcross.MainActivity" image="nonograms_katana"/>

	<!-- NordVPN -->
	<AppIcon name="com.nordvpn.android/com.nordvpn.android.MainActivity" image="nordvpn"/>

	<!-- Numpuz -->
	<AppIcon name="com.dopuz.klotski.riddle/com.dopuz.klotski.riddle.StartAct" image="numpuz"/>

	<!-- One More Dash -->
	<AppIcon name="com.smgstudio.omd/com.prime31.UnityPlayerActivity" image="one_more_dash"/>

	<!-- OneMoreBounce -->
	<AppIcon name="com.smgstudio.onemorebounce/com.unity3d.player.UnityPlayerNativeActivity" image="onemorebounce"/>

	<!-- OneMoreLine -->
	<AppIcon name="com.smgstudio.onemoreline/com.unity3d.player.UnityPlayerActivity" image="onemoreline"/>

	<!-- Opera VPN -->
	<AppIcon name="com.opera.vpn/com.opera.operavpn.SplashActivity" image="opera_vpn"/>

	<!-- Oscope -->
	<AppIcon name="org.sbaudio.oscope/org.sbaudio.oscope.MainActivity" image="oscope"/>

	<!-- Osmos HD -->
	<AppIcon name="com.hemispheregames.osmos/com.apportable.activity.VerdeActivity" image="osmos_hd"/>

	<!-- Peglin -->
	<AppIcon name="com.RedNexusGamesInc.Peglin/com.unity3d.player.UnityPlayerActivity" image="peglin"/>

	<!-- Personality Trait Test -->
	<AppIcon name="com.aadi.personalitytraittest/com.aadi.personalitytraittest.activities.SplashScreen" image="personality_trait_test"/>

	<!-- Phone INFO -->
	<AppIcon name="org.vndnguyen.phoneinfo/org.vndnguyen.phoneinfo.main" image="phone_info"/>

	<!-- PIA VPN -->
	<AppIcon name="com.privateinternetaccess.android/com.privateinternetaccess.android.ui.LauncherActivity" image="pia_vpn"/>

	<!-- Picas -->
	<AppIcon name="com.picas.photo.artfilter.android/com.picas.photo.artfilter.android.main.activity.WelcomeActivity" image="picas"/>

	<!-- Ping Pong King -->
	<AppIcon name="com.orangenose.tablefull/com.unity3d.player.UnityPlayerActivity" image="ping_pong_king"/>

	<!-- Pinway -->
	<AppIcon name="com.ati.pinway/com.ati.pinway.core.LoginActivity" image="pinway"/>

	<!-- Pixel Art -->
	<AppIcon name="com.europosit.pixelcoloring/com.europosit.PixelMainActivity" image="pixel_art"/>

	<!-- Pizza -->
	<AppIcon name="com.tapblaze.pizzabusiness/com.tapblaze.pizzabusiness.AppActivity" image="pizza"/>

	<!-- Pottery 2 -->
	<AppIcon name="pl.idreams.pottery2/com.unity3d.player.UnityPlayerActivity" image="pottery_2"/>

	<!-- Programming Hero -->
	<AppIcon name="com.learnprogramming.codecamp/com.learnprogramming.codecamp.ui.activity.Splash_Screen" image="programming_hero"/>

	<!-- Progressbar95 -->
	<AppIcon name="com.spookyhousestudios.progressbar95/com.ansca.corona.CoronaActivity" image="progressbar95"/>

	<!-- Project Clean Earth -->
	<AppIcon name="com.onenone.ecp/com.unity3d.player.UnityPlayerActivity" image="project_clean_earth"/>

	<!-- Psiphon -->
	<AppIcon name="com.psiphon3/com.psiphon3.MainActivity" image="psiphon"/>

	<!-- Pydroid 3 -->
	<AppIcon name="ru.iiec.pydroid3/ru.iiec.pydroid.MainActivity" image="pydroid_3"/>

	<!-- Q&A? -->
	<AppIcon name="com.legenbearygames.q.and.a.general.knowledge.trivia.quiz/com.unity3d.player.UnityPlayerActivity" image="q_and_a_"/>

	<!-- QuizUp -->
	<AppIcon name="com.quizup.core/com.quizup.ui.client.activity.MainActivity" image="quizup"/>

	<!-- Radial -->
	<AppIcon name="net.leshenko.andrey.radial/net.leshenko.andrey.radial.MainActivity" image="radial"/>

	<!-- Randomizer+ -->
	<AppIcon name="pl.patraa.randomgenerator/pl.patraa.randomgenerator.SplashActivity" image="randomizer_"/>

	<!-- Really Bad Chess -->
	<AppIcon name="com.noodlecake.reallybadchess/com.izaron.androideffects.vibration.MyMainActivity" image="really_bad_chess"/>

	<!-- Retouch -->
	<AppIcon name="com.advasoft.touchretouch.plus/com.advasoft.touchretouch.LicenseActivity" image="retouch"/>

	<!-- Rider -->
	<AppIcon name="com.ketchapp.rider/com.unity3d.player.UnityPlayerActivity" image="rider"/>

	<!-- Roboyard -->
	<AppIcon name="de.z11.roboyard/roboyard.eclabs.MainActivity" image="roboyard"/>

	<!-- Rolly Vortex -->
	<AppIcon name="com.bdj.vortexDroid/com.unity3d.player.UnityPlayerActivity" image="rolly_vortex"/>

	<!-- Rosetta Stone -->
	<AppIcon name="air.com.rosettastone.mobile.CoursePlayer/com.rosettastone.MainActivity" image="rosetta_stone"/>

	<!-- Rush -->
	<AppIcon name="com.ketchapp.rush/com.unity3d.player.UnityPlayerActivity" image="rush"/>

	<!-- Sand : box -->
	<AppIcon name="smellymoo.sand/smellymoo.sand.Main" image="sand_box"/>

	<!-- Satisgame -->
	<AppIcon name="com.GopherHole.Satisfying/com.unity3d.player.UnityPlayerActivity" image="satisgame"/>

	<!-- Seasons Puzzles -->
	<AppIcon name="com.BlackGames.SeasonsPuzzles/com.google.firebase.MessagingUnityPlayerActivity" image="seasons_puzzles"/>

	<!-- Shadow Fight 2 -->
	<AppIcon name="com.nekki.shadowfight2.paid/com.nekki.utils.activity.NekkiUnityPlayerActivity" image="shadow_fight_2"/>

	<!-- Shadow Fight 3 -->
	<AppIcon name="com.nekki.shadowfight3/com.nekki.unityplugins.NekkiNativeActivity" image="shadow_fight_3"/>

	<!-- Snaky Snake -->
	<AppIcon name="com.nicoplvgames.snakysnake/com.unity3d.player.UnityPlayerActivity" image="snaky_snake"/>

	<!-- Soul Knight -->
	<AppIcon name="com.ChillyRoom.DungeonShooter/com.chillyroomsdk.googleplay.MainActivity" image="soul_knight"/>

	<!-- Space Frontier 2 -->
	<AppIcon name="com.ketchapp.spacefrontier2/com.unity3d.player.UnityPlayerActivity" image="space_frontier_2"/>

	<!-- Spartan Firefight -->
	<AppIcon name="com.dobermannstudios.spartanfirefight/com.dobermannstudios.spartanfirefight.Main" image="spartan_firefight"/>

	<!-- Spartan Runner -->
	<AppIcon name="com.dobermannstudios.spartanrunner/com.dobermannstudios.spartanrunner.Main" image="spartan_runner"/>

	<!-- SPEEDY CAR -->
	<AppIcon name="com.orangenose.speedycar2/com.unity3d.player.UnityPlayerActivity" image="speedy_car"/>

	<!-- SSSnaker -->
	<AppIcon name="com.habby.sssnaker/org.cocos2dx.javascript.AppActivity" image="sssnaker"/>

	<!-- Stack -->
	<AppIcon name="com.ketchapp.stack/com.unity3d.player.UnityPlayerActivity" image="stack"/>

	<!-- Sudoku -->
	<AppIcon name="ee.dustland.android.dustlandsudoku/ee.dustland.android.dustlandsudoku.SudokuHostActivity" image="sudoku"/>

	<!-- Sudoku + V -->
	<AppIcon name="com.uvmlab.usudoku/com.uvmlab.app.MainActivity" image="sudoku_v"/>

	<!-- Super One More Jump -->
	<AppIcon name="com.smgstudio.sonemorejump/com.unity3d.player.UnityPlayerNativeActivity" image="super_one_more_jump"/>

	<!-- The Tower -->
	<AppIcon name="com.TechTreeGames.TheTower/com.unity3d.player.UnityPlayerActivity" image="the_tower"/>

	<!-- Tiling Puzzle -->
	<AppIcon name="com.vanadinitegames.tilepuzzle/com.unity3d.player.UnityPlayerActivity" image="tiling_puzzle"/>

	<!-- Timbre -->
	<AppIcon name="xeus.timbre/xeus.timbre.ui.main.MainActivity" image="timbre"/>

	<!-- Tracker Network -->
	<AppIcon name="network.tracker.app/io.flutter.embedding.android.FlutterActivity" image="tracker_network"/>

	<!-- Ultrasurf -->
	<AppIcon name="us.ultrasurf.mobile.ultrasurf/us.ultrasurf.mobile.ultrasurf.MainActivity" image="ultrasurf"/>

	<!-- Uxcel Go -->
	<AppIcon name="com.uxcel.app/com.uxcel.app.MainActivity" image="uxcel_go"/>

	<!-- Verben -->
	<AppIcon name="com.gmail.bunterdickhaeuter.verben/com.gmail.bunterdickhaeuter.verben.s" image="verben"/>

	<!-- VMOS -->
	<AppIcon name="com.vmos.glb/com.vmos.activity.NewSurActivity" image="vmos"/>

	<!-- Wallpaper Modder -->
	<AppIcon name="com.spada.wallpapermodder/com.spada.wallpapermodder.activity.HomeActivity" image="wallpaper_modder"/>

	<!-- Warframe Companion -->
	<AppIcon name="com.digitalextremes.warframenexus/com.digitalextremes.warframenexus.WarframeCompanionActivity" image="warframe_companion"/>

	<!-- Water Sort -->
	<AppIcon name="water.sort.puzzle.liquidsortpuzzle/com.unity3d.player.UnityPlayerActivity" image="water_sort"/>

	<!-- Where is Xur? -->
	<AppIcon name="com.crocusgames.whereisxur/com.crocusgames.whereisxur.mainscreens.MainActivity" image="where_is_xur_"/>

	<!-- WiFi Pro FTP Server -->
	<AppIcon name="com.medhaapps.wififtpserver.pro/com.medhaapps.wififtpserver.pro.activity.MainActivity" image="wifi_pro_ftp_server"/>

	<!-- Wire -->
	<AppIcon name="com.ketchapp.wire/com.unity3d.player.UnityPlayerProxyActivity" image="wire"/>

	<!-- Wordathlon -->
	<AppIcon name="com.legenbearygames.wordathlon.word.matrix.puzzle/com.unity3d.player.UnityPlayerActivity" image="wordathlon"/>

	<!-- World Geography -->
	<AppIcon name="com.age.wgg.appspot/com.age.wgg.appspot.Main" image="world_geography"/>

	<!-- Wörterbuch -->
	<AppIcon name="com.composapps.woerterbuch/com.composapps.woerterbuch.s" image="worterbuch"/>

	<!-- ZigZag -->
	<AppIcon name="com.ketchapp.zigzaggame/com.unity3d.player.UnityPlayerActivity" image="zigzag"/>

	<!-- Zombie Shooter Free -->
	<AppIcon name="com.sigmateam.zombieshooter.free/com.sigmateam.zombiefree.GameActivity" image="zombie_shooter_free"/>

</Theme>