<appmap>

	<!-- AppGallery -->
	<item class="com.huawei.appmarket.MainActivity" name="appgallery"/>

	<!-- iOS Widgets - iWidgets -->
	<item class="colorwidgets.ios.widget.topwidgets.ui.activity.loading.LoadingActivity" name="ios_widgets_iwidgets"/>

	<!-- Lock Screen -->
	<item class="com.olalab.lockscreen.MainActivity" name="lock_screen"/>

	<!-- MyRecorder -->
	<item class="com.myviocerecorder.voicerecorder.ui.activities.SplashActivity" name="myrecorder"/>

	<!-- NotiStar -->
	<item class="com.samsung.systemui.notilus.NotiCenterPage" name="notistar"/>

	<!-- Samsung Cloud -->
	<item class="com.samsung.android.scloud.app.ui.splash.launcher" name="samsung_cloud"/>

	<!-- Smart Tutor -->
	<item class="com.rsupport.rs.activity.edit.IntroActivity" name="smart_tutor"/>

	<!-- Switch -->
	<item class="zheng.meizi.com.data.DataActivity" name="switch"/>

	<!-- Widgeet -->
	<item class="com.leaves.MainActivity" name="widgeet"/>

	<!-- WiFi Pass Map -->
	<item class="com.freeandroidapp.wifiroutersetupnetworkinfo.allwifiroutersettings.routeradminrouter.Activities.Splash" name="wifi_pass_map"/>

</appmap>