<Theme version="1">

	<!-- AppGallery -->
	<AppIcon name="com.huawei.appmarket/com.huawei.appmarket.MainActivity" image="appgallery"/>

	<!-- iOS Widgets - iWidgets -->
	<AppIcon name="colorwidgets.ios.widget.topwidgets/colorwidgets.ios.widget.topwidgets.ui.activity.loading.LoadingActivity" image="ios_widgets_iwidgets"/>

	<!-- Lock Screen -->
	<AppIcon name="com.olalab.lockscreen/com.olalab.lockscreen.MainActivity" image="lock_screen"/>

	<!-- MyRecorder -->
	<AppIcon name="myrecorder.voicerecorder.voicememos.audiorecorder.recordingapp/com.myviocerecorder.voicerecorder.ui.activities.SplashActivity" image="myrecorder"/>

	<!-- NotiStar -->
	<AppIcon name="com.samsung.systemui.notilus/com.samsung.systemui.notilus.NotiCenterPage" image="notistar"/>

	<!-- Samsung Cloud -->
	<AppIcon name="com.samsung.android.scloud/com.samsung.android.scloud.app.ui.splash.launcher" image="samsung_cloud"/>

	<!-- Smart Tutor -->
	<AppIcon name="com.rsupport.rs.activity.rsupport.aas2/com.rsupport.rs.activity.edit.IntroActivity" image="smart_tutor"/>

	<!-- Switch -->
	<AppIcon name="zheng.meizi.com.dataswitchfree/zheng.meizi.com.data.DataActivity" image="switch"/>

	<!-- Widgeet -->
	<AppIcon name="art.widgeet.android/com.leaves.MainActivity" image="widgeet"/>

	<!-- WiFi Pass Map -->
	<AppIcon name="com.sunrisegiya.grand.passtyocco/com.freeandroidapp.wifiroutersetupnetworkinfo.allwifiroutersettings.routeradminrouter.Activities.Splash" image="wifi_pass_map"/>

</Theme>