<resources>

	<!-- Admin. de archivos -->
	<item component="ComponentInfo{com.simple.filemanager/com.simple.filemanager.ui.activity.MainPageActivity}" drawable="admin_de_archivos" />

	<!-- Administrador de archivos -->
	<item component="ComponentInfo{com.filemanager.managefile.fileexplorer.fileextractor/com.dani.example.presentation.ui.activities.main.MainActivity}" drawable="administrador_de_archivos" />

	<!-- Administradora de archivos -->
	<item component="ComponentInfo{com.tas.file.manager/com.tas.filemanager.main_wrapper.new_ui.splash.SplashActivity}" drawable="administradora_de_archivos" />

	<!-- File Manager -->
	<item component="ComponentInfo{com.folder.globalfileexplorer.filemanager/com.folder.globalfileexplorer.filemanager.activity.SplashScreenActivity}" drawable="file_manager" />

	<!-- File Manager -->
	<item component="ComponentInfo{com.sjh.filemanager.file.explorer/com.example.filemanager.activity.SplashActivity}" drawable="file_manager" />

	<!-- FS Explorer -->
	<item component="ComponentInfo{com.ioapps.fsexplorer/com.ioapps.fsexplorer.MainActivity}" drawable="fs_explorer" />

	<!-- Gestión archivos -->
	<item component="ComponentInfo{com.jrdcom.filemanager/com.jrdcom.filemanager.activity.FileBrowserActivity}" drawable="gestion_archivos" />

	<!-- Gestor de archivos -->
	<item component="ComponentInfo{fileexplorer.files.filemanager.tool/fileexplorer.files.filemanager.tool.SplashActivity}" drawable="gestor_de_archivos" />

	<!-- My Files -->
	<item component="ComponentInfo{com.myfiles.filefolder.filemanager/com.myfiles.filefolder.filemanager.Ui.activity.SplashActivity}" drawable="my_files" />

	<!-- WeTransfer -->
	<item component="ComponentInfo{com.wetransfer.transfer/com.wetransfer.transfer.MainActivity}" drawable="wetransfer" />

</resources>