<Theme version="1">

	<!-- Admin. de archivos -->
	<AppIcon name="com.simple.filemanager/com.simple.filemanager.ui.activity.MainPageActivity" image="admin_de_archivos"/>

	<!-- Administrador de archivos -->
	<AppIcon name="com.filemanager.managefile.fileexplorer.fileextractor/com.dani.example.presentation.ui.activities.main.MainActivity" image="administrador_de_archivos"/>

	<!-- Administradora de archivos -->
	<AppIcon name="com.tas.file.manager/com.tas.filemanager.main_wrapper.new_ui.splash.SplashActivity" image="administradora_de_archivos"/>

	<!-- File Manager -->
	<AppIcon name="com.folder.globalfileexplorer.filemanager/com.folder.globalfileexplorer.filemanager.activity.SplashScreenActivity" image="file_manager"/>

	<!-- File Manager -->
	<AppIcon name="com.sjh.filemanager.file.explorer/com.example.filemanager.activity.SplashActivity" image="file_manager"/>

	<!-- FS Explorer -->
	<AppIcon name="com.ioapps.fsexplorer/com.ioapps.fsexplorer.MainActivity" image="fs_explorer"/>

	<!-- Gestión archivos -->
	<AppIcon name="com.jrdcom.filemanager/com.jrdcom.filemanager.activity.FileBrowserActivity" image="gestion_archivos"/>

	<!-- Gestor de archivos -->
	<AppIcon name="fileexplorer.files.filemanager.tool/fileexplorer.files.filemanager.tool.SplashActivity" image="gestor_de_archivos"/>

	<!-- My Files -->
	<AppIcon name="com.myfiles.filefolder.filemanager/com.myfiles.filefolder.filemanager.Ui.activity.SplashActivity" image="my_files"/>

	<!-- WeTransfer -->
	<AppIcon name="com.wetransfer.transfer/com.wetransfer.transfer.MainActivity" image="wetransfer"/>

</Theme>