<resources>

	<!-- Cash Tornado™ -->
	<item component="ComponentInfo{com.topultragame.slotlasvega/org.cocos2dx.lua.AppActivity}" drawable="cash_tornado™" />

	<!-- Domino Dreams -->
	<item component="ComponentInfo{com.screenshake.dominodreams/com.screenshake.dominodreams.DominoMainActivity}" drawable="domino_dreams" />

	<!-- Octohide VPN -->
	<item component="ComponentInfo{octohide.vpn/com.octohide.vpn.MainActivity}" drawable="octohide_vpn" />

	<!-- Olauncher -->
	<item component="ComponentInfo{app.olauncher/app.olauncher.MainActivity}" drawable="olauncher" />

	<!-- OpenKeychain -->
	<item component="ComponentInfo{org.sufficientlysecure.keychain/org.sufficientlysecure.keychain.ui.MainActivity}" drawable="openkeychain" />

	<!-- Orbot -->
	<item component="ComponentInfo{org.torproject.android/org.torproject.android.OrbotActivity}" drawable="orbot" />

	<!-- Piggy Kingdom -->
	<item component="ComponentInfo{com.olleyo.piggy.king.free/com.unity3d.player.MainActivity}" drawable="piggy_kingdom" />

	<!-- Skrill -->
	<item component="ComponentInfo{com.moneybookers.skrillpayments/com.moneybookers.skrillpayments.v2.ui.launcher.LauncherActivity}" drawable="skrill" />

	<!-- VRR Bus&Bahn -->
	<item component="ComponentInfo{mentz.com.vrr_cibo_app/mentz.com.vrr_cibo_app.MainActivity}" drawable="vrr_bus_and_bahn" />

</resources>