<appmap>

	<!-- Cash Tornado™ -->
	<item class="org.cocos2dx.lua.AppActivity" name="cash_tornado™"/>

	<!-- Domino Dreams -->
	<item class="com.screenshake.dominodreams.DominoMainActivity" name="domino_dreams"/>

	<!-- Octohide VPN -->
	<item class="com.octohide.vpn.MainActivity" name="octohide_vpn"/>

	<!-- Olauncher -->
	<item class="app.olauncher.MainActivity" name="olauncher"/>

	<!-- OpenKeychain -->
	<item class="org.sufficientlysecure.keychain.ui.MainActivity" name="openkeychain"/>

	<!-- Orbot -->
	<item class="org.torproject.android.OrbotActivity" name="orbot"/>

	<!-- Piggy Kingdom -->
	<item class="com.unity3d.player.MainActivity" name="piggy_kingdom"/>

	<!-- Skrill -->
	<item class="com.moneybookers.skrillpayments.v2.ui.launcher.LauncherActivity" name="skrill"/>

	<!-- VRR Bus&Bahn -->
	<item class="mentz.com.vrr_cibo_app.MainActivity" name="vrr_bus_and_bahn"/>

</appmap>