<Theme version="1">

	<!-- Cash Tornado™ -->
	<AppIcon name="com.topultragame.slotlasvega/org.cocos2dx.lua.AppActivity" image="cash_tornado™"/>

	<!-- Domino Dreams -->
	<AppIcon name="com.screenshake.dominodreams/com.screenshake.dominodreams.DominoMainActivity" image="domino_dreams"/>

	<!-- Octohide VPN -->
	<AppIcon name="octohide.vpn/com.octohide.vpn.MainActivity" image="octohide_vpn"/>

	<!-- Olauncher -->
	<AppIcon name="app.olauncher/app.olauncher.MainActivity" image="olauncher"/>

	<!-- OpenKeychain -->
	<AppIcon name="org.sufficientlysecure.keychain/org.sufficientlysecure.keychain.ui.MainActivity" image="openkeychain"/>

	<!-- Orbot -->
	<AppIcon name="org.torproject.android/org.torproject.android.OrbotActivity" image="orbot"/>

	<!-- Piggy Kingdom -->
	<AppIcon name="com.olleyo.piggy.king.free/com.unity3d.player.MainActivity" image="piggy_kingdom"/>

	<!-- Skrill -->
	<AppIcon name="com.moneybookers.skrillpayments/com.moneybookers.skrillpayments.v2.ui.launcher.LauncherActivity" image="skrill"/>

	<!-- VRR Bus&Bahn -->
	<AppIcon name="mentz.com.vrr_cibo_app/mentz.com.vrr_cibo_app.MainActivity" image="vrr_bus_and_bahn"/>

</Theme>