<resources>

	<!-- BB Racing -->
	<item component="ComponentInfo{com.vectorunit.purple.googleplay/com.vectorunit.purple.googleplay.MainActivity}" drawable="bb_racing" />

	<!-- BiliBili -->
	<item component="ComponentInfo{com.bstar.intl/tv.danmaku.bili.ui.splash.SplashActivity}" drawable="bilibili" />

	<!-- Bugjaeger -->
	<item component="ComponentInfo{eu.sisik.hackendebug/eu.sisik.hackendebug.SplashActivity}" drawable="bugjaeger" />

	<!-- Clock -->
	<item component="ComponentInfo{com.transsion.deskclock/com.transsion.deskclock.DeskClock}" drawable="clock" />

	<!-- Face Unlock -->
	<item component="ComponentInfo{com.transsion.faceidsub/com.transsion.faceid.FaceManagerActivity}" drawable="face_unlock" />

	<!-- HiOS Launcher -->
	<item component="ComponentInfo{com.transsion.hilauncher/com.android.launcher3.DynamicVirtualEntryActivity}" drawable="hios_launcher" />

	<!-- Instagram -->
	<item component="ComponentInfo{com.aeroinsta.android/com.instagram.android.activity.MainTabActivity}" drawable="instagram" />

	<!-- Jazz World -->
	<item component="ComponentInfo{com.jazz.jazzworld/com.jazz.jazzworld.usecase.splash.SplashActivity}" drawable="jazz_world" />

	<!-- JazzCash -->
	<item component="ComponentInfo{com.techlogix.mobilinkcustomer/com.ibm.jazzcashconsumer.view.splash.SplashActivity}" drawable="jazzcash" />

	<!-- MetaTrader 4 -->
	<item component="ComponentInfo{net.metaquotes.metatrader4/net.metaquotes.metatrader4.ui.MainActivity}" drawable="metatrader_4" />

	<!-- MetaTrader 5 -->
	<item component="ComponentInfo{net.metaquotes.metatrader5/net.metaquotes.metatrader5.ui.MainActivity}" drawable="metatrader_5" />

	<!-- Mobix Player Pro -->
	<item component="ComponentInfo{com.smartex.mobix/com.smartex.mobix.MainActivity}" drawable="mobix_player_pro" />

	<!-- NiceHash -->
	<item component="ComponentInfo{com.nicehash.metallum/com.nicehash.metallum.MainActivity}" drawable="nicehash" />

	<!-- Phone -->
	<item component="ComponentInfo{com.sh.smart.caller/com.android.dialer.main.impl.MainActivity}" drawable="phone" />

	<!-- PUBG MOBILE -->
	<item component="ComponentInfo{com.pubg.krmobile/com.epicgames.ue4.SplashActivity}" drawable="pubg_mobile" />

	<!-- Remote Mouse -->
	<item component="ComponentInfo{com.hungrybolo.remotemouseandroid/com.hungrybolo.remotemouseandroid.activity.SplashActivity}" drawable="remote_mouse" />

	<!-- Smart Scanner -->
	<item component="ComponentInfo{com.transsion.scanningrecharger/com.transsion.scanningrecharger.view.activity.SplashActivity}" drawable="smart_scanner" />

	<!-- SuperVPN -->
	<item component="ComponentInfo{com.jrzheng.supervpnfree/com.supersoft.supervpnfree.activity.MainActivity}" drawable="supervpn" />

	<!-- T-Graffiti -->
	<item component="ComponentInfo{com.transsion.ar.arcanvas/com.transsion.ar.arcanvas.ui.login.LoginActivity}" drawable="t_graffiti" />

	<!-- Treble Check -->
	<item component="ComponentInfo{com.kevintresuelo.treble/com.kevintresuelo.treble.MainActivity}" drawable="treble_check" />

	<!-- Twine -->
	<item component="ComponentInfo{dev.sasikanth.rss.reader/dev.sasikanth.rss.reader.MainActivity}" drawable="twine" />

	<!-- Verus Mobile -->
	<item component="ComponentInfo{org.autonomoussoftwarefoundation.verusmobile.android/org.autonomoussoftwarefoundation.verusmobile.android.SplashActivity}" drawable="verus_mobile" />

	<!-- Visha Player -->
	<item component="ComponentInfo{com.transsion.magicshow/com.transsion.magicmovie.activity.TRSplashActivity}" drawable="visha_player" />

	<!-- Volume Styles -->
	<item component="ComponentInfo{com.tombayley.volumepanel/com.tombayley.volumepanel.app.ui.home.MainActivity}" drawable="volume_styles" />

	<!-- VPN Korea -->
	<item component="ComponentInfo{vpn.korea/com.vpn.lib.feature.splash.SplashActivity}" drawable="vpn_korea" />

	<!-- You Icons -->
	<item component="ComponentInfo{com.jndapp.pastel.material.you.iconpack/com.jndapp.pastel.material.you.iconpack.MainActivity}" drawable="you_icons" />

</resources>