<Theme version="1">

	<!-- BB Racing -->
	<AppIcon name="com.vectorunit.purple.googleplay/com.vectorunit.purple.googleplay.MainActivity" image="bb_racing"/>

	<!-- BiliBili -->
	<AppIcon name="com.bstar.intl/tv.danmaku.bili.ui.splash.SplashActivity" image="bilibili"/>

	<!-- Bugjaeger -->
	<AppIcon name="eu.sisik.hackendebug/eu.sisik.hackendebug.SplashActivity" image="bugjaeger"/>

	<!-- Clock -->
	<AppIcon name="com.transsion.deskclock/com.transsion.deskclock.DeskClock" image="clock"/>

	<!-- Face Unlock -->
	<AppIcon name="com.transsion.faceidsub/com.transsion.faceid.FaceManagerActivity" image="face_unlock"/>

	<!-- HiOS Launcher -->
	<AppIcon name="com.transsion.hilauncher/com.android.launcher3.DynamicVirtualEntryActivity" image="hios_launcher"/>

	<!-- Instagram -->
	<AppIcon name="com.aeroinsta.android/com.instagram.android.activity.MainTabActivity" image="instagram"/>

	<!-- Jazz World -->
	<AppIcon name="com.jazz.jazzworld/com.jazz.jazzworld.usecase.splash.SplashActivity" image="jazz_world"/>

	<!-- JazzCash -->
	<AppIcon name="com.techlogix.mobilinkcustomer/com.ibm.jazzcashconsumer.view.splash.SplashActivity" image="jazzcash"/>

	<!-- MetaTrader 4 -->
	<AppIcon name="net.metaquotes.metatrader4/net.metaquotes.metatrader4.ui.MainActivity" image="metatrader_4"/>

	<!-- MetaTrader 5 -->
	<AppIcon name="net.metaquotes.metatrader5/net.metaquotes.metatrader5.ui.MainActivity" image="metatrader_5"/>

	<!-- Mobix Player Pro -->
	<AppIcon name="com.smartex.mobix/com.smartex.mobix.MainActivity" image="mobix_player_pro"/>

	<!-- NiceHash -->
	<AppIcon name="com.nicehash.metallum/com.nicehash.metallum.MainActivity" image="nicehash"/>

	<!-- Phone -->
	<AppIcon name="com.sh.smart.caller/com.android.dialer.main.impl.MainActivity" image="phone"/>

	<!-- PUBG MOBILE -->
	<AppIcon name="com.pubg.krmobile/com.epicgames.ue4.SplashActivity" image="pubg_mobile"/>

	<!-- Remote Mouse -->
	<AppIcon name="com.hungrybolo.remotemouseandroid/com.hungrybolo.remotemouseandroid.activity.SplashActivity" image="remote_mouse"/>

	<!-- Smart Scanner -->
	<AppIcon name="com.transsion.scanningrecharger/com.transsion.scanningrecharger.view.activity.SplashActivity" image="smart_scanner"/>

	<!-- SuperVPN -->
	<AppIcon name="com.jrzheng.supervpnfree/com.supersoft.supervpnfree.activity.MainActivity" image="supervpn"/>

	<!-- T-Graffiti -->
	<AppIcon name="com.transsion.ar.arcanvas/com.transsion.ar.arcanvas.ui.login.LoginActivity" image="t_graffiti"/>

	<!-- Treble Check -->
	<AppIcon name="com.kevintresuelo.treble/com.kevintresuelo.treble.MainActivity" image="treble_check"/>

	<!-- Twine -->
	<AppIcon name="dev.sasikanth.rss.reader/dev.sasikanth.rss.reader.MainActivity" image="twine"/>

	<!-- Verus Mobile -->
	<AppIcon name="org.autonomoussoftwarefoundation.verusmobile.android/org.autonomoussoftwarefoundation.verusmobile.android.SplashActivity" image="verus_mobile"/>

	<!-- Visha Player -->
	<AppIcon name="com.transsion.magicshow/com.transsion.magicmovie.activity.TRSplashActivity" image="visha_player"/>

	<!-- Volume Styles -->
	<AppIcon name="com.tombayley.volumepanel/com.tombayley.volumepanel.app.ui.home.MainActivity" image="volume_styles"/>

	<!-- VPN Korea -->
	<AppIcon name="vpn.korea/com.vpn.lib.feature.splash.SplashActivity" image="vpn_korea"/>

	<!-- You Icons -->
	<AppIcon name="com.jndapp.pastel.material.you.iconpack/com.jndapp.pastel.material.you.iconpack.MainActivity" image="you_icons"/>

</Theme>