<Theme version="1">

	<!-- ABOUT YOU -->
	<AppIcon name="de.aboutyou.mobile.app/de.aboutyou.mobile.app.MainActivity" image="about_you"/>

	<!-- Aumio -->
	<AppIcon name="com.aumio.app/com.aumio.app.MainActivity" image="aumio"/>

	<!-- Deezer -->
	<AppIcon name="deezer.android.app/com.deezer.android.ui.activity.LauncherActivity" image="deezer"/>

	<!-- DEGIRO -->
	<AppIcon name="nl.degiro.trader/nl.degiro.trader.MainActivity" image="degiro"/>

	<!-- Discord -->
	<AppIcon name="com.discord/com.discord.main.MainDefault" image="discord"/>

	<!-- DKB -->
	<AppIcon name="com.dkbcodefactory.banking/com.dkbcodefactory.banking.splash.SplashActivity" image="dkb"/>

	<!-- Firewall -->
	<AppIcon name="org.calyxos.datura/org.calyxos.datura.main.MainActivity" image="firewall_main"/>

	<!-- FreeTube -->
	<AppIcon name="io.freetubeapp.freetube/io.freetubeapp.freetube.MainActivity" image="freetube"/>

	<!-- Gadgetbridge -->
	<AppIcon name="nodomain.freeyourgadget.gadgetbridge/nodomain.freeyourgadget.gadgetbridge.activities.ControlCenterv2" image="gadgetbridge"/>

	<!-- hagebau -->
	<AppIcon name="de.hagebau.shop/de.hagebau.shop.components.countryselection.ui.view.CountrySelectionActivity" image="hagebau"/>

	<!-- idealo Shopping -->
	<AppIcon name="de.idealo.android/de.idealo.android.MainActivity" image="idealo_shopping"/>

	<!-- Inoreader -->
	<AppIcon name="com.innologica.inoreader/com.innologica.inoreader.activities.BootstrapActivity" image="inoreader"/>

	<!-- KATWARN -->
	<AppIcon name="de.combirisk.katwarn/de.combirisk.katwarn.MainActivity" image="katwarn"/>

	<!-- LocationPrivacy -->
	<AppIcon name="info.guardianproject.locationprivacy/info.guardianproject.locationprivacy.MainActivity" image="locationprivacy"/>

	<!-- MeinVodafone -->
	<AppIcon name="com.appseleration.android.selfcare/com.vis.meinvodafone.view.activity.load.VfLoadPhoneActivity" image="meinvodafone"/>

	<!-- Music Player -->
	<AppIcon name="com.simplemobiletools.musicplayer/com.simplemobiletools.musicplayer.activities.SplashActivity.Orange" image="music_player"/>

	<!-- mytonies -->
	<AppIcon name="com.tonies.app/com.tonies.app.MainActivity" image="mytonies"/>

	<!-- Neato -->
	<AppIcon name="com.neatorobotics.android/com.neatorobotics.android.app.splashscreen.SplashScreenActivity" image="neato"/>

	<!-- OpenLauncher -->
	<AppIcon name="com.benny.openlauncher/com.benny.openlauncher.activity.OnBoardActivity" image="openlauncher"/>

	<!-- PAYBACK -->
	<AppIcon name="de.payback.client.android/de.payback.app.ui.main.MainActivity" image="payback"/>

	<!-- Personio -->
	<AppIcon name="com.personio/com.personio.MainActivity" image="personio"/>

	<!-- Pocket -->
	<AppIcon name="com.ideashower.readitlater.pro/com.ideashower.readitlater.activity.AppCacheCheckActivity" image="pocket"/>

	<!-- Post & DHL -->
	<AppIcon name="de.dhl.paket/de.its_berlin.dhlpaket.base.main.MainActivity" image="post_and_dhl"/>

	<!-- Proton Calendar -->
	<AppIcon name="me.proton.android.calendar/me.proton.android.calendar.presentation.main.MainActivity" image="proton_calendar"/>

	<!-- Proton Drive -->
	<AppIcon name="me.proton.android.drive/me.proton.android.drive.ui.MainActivity" image="proton_drive"/>

	<!-- Rossmann -->
	<AppIcon name="de.rossmann.app.android/de.rossmann.app.android.splash.SplashScreen" image="rossmann"/>

	<!-- Skiff Mail -->
	<AppIcon name="com.skemailmobileapp/com.skemailmobileapp.MainActivity" image="skiff_mail"/>

	<!-- Slack -->
	<AppIcon name="com.Slack/slack.features.home.HomeActivity" image="slack"/>

	<!-- soundcore -->
	<AppIcon name="com.oceanwing.soundcore/com.oceanwing.soundcore.activity.WelcomeActivity" image="soundcore"/>

	<!-- TAN2go -->
	<AppIcon name="com.starfinanz.mobile.android.dkbpushtan/com.starfinanz.mobile.android.dkbpushtan.DKBPushTan" image="tan2go"/>

	<!-- Tapo -->
	<AppIcon name="com.tplink.iot/com.tplink.iot.view.welcome.StartupActivity" image="tapo"/>

	<!-- TK -->
	<AppIcon name="de.tk.tkapp/de.tk.tkapp.start.StartActivity" image="tk"/>

	<!-- Todoist -->
	<AppIcon name="com.todoist/com.todoist.alias.HomeActivityDefault" image="todoist"/>

	<!-- Trello -->
	<AppIcon name="com.trello/com.trello.home.HomeActivity" image="trello"/>

	<!-- use - Mobility App -->
	<AppIcon name="com.usegroup.usegroup/com.azowo.azowo.ui.activities.splashscreen.SplashScreen" image="use_mobility_app"/>

	<!-- YouTrack -->
	<AppIcon name="com.jetbrains.youtrack.mobile.app/com.jetbrains.youtrack.mobile.app.MainActivity" image="youtrack"/>

</Theme>