<appmap>

	<!-- Admin -->
	<item class="com.google.android.apps.enterprise.cpanel.activities.EntryPointActivity" name="admin"/>

	<!-- Arcticons Day & Night -->
	<item class="com.donnnno.arcticons.activities.SplashActivity" name="arcticons_day_and_night"/>

	<!-- Baba Is You -->
	<item class="org.hempuli.baba.ChowdrenActivity" name="baba_is_you"/>

	<!-- Bandcamp -->
	<item class="com.bandcamp.android.view.SplashActivity" name="bandcamp"/>

	<!-- BlackBerry Manager -->
	<item class="cobalt.blackberrymanager.activities.WelcomeActivity" name="blackberry_manager"/>

	<!-- BlackPlayer -->
	<item class="com.kodarkooperativet.blackplayerfree.activities.ViewPagerActivity" name="blackplayer"/>

	<!-- Blued -->
	<item class="com.blued.international.icon0" name="blued"/>

	<!-- Bluesky -->
	<item class="xyz.blueskyweb.app.MainActivity" name="bluesky"/>

	<!-- Classic -->
	<item class="com.ea.game.bejeweled3.Bejeweled3Activity" name="classic"/>

	<!-- Co — Star -->
	<item class="com.costarastrology.root.RootActivity" name="co_—_star"/>

	<!-- Dailymotion -->
	<item class="com.dailymotion.dailymotion.ui.activity.MainActivity" name="dailymotion"/>

	<!-- Dictionary.com -->
	<item class="com.dictionary.MainActivity" name="dictionarycom"/>

	<!-- Episodes -->
	<item class="com.redcoracle.episodes.MainActivity" name="episodes"/>

</appmap>