<resources>

	<!-- Battlegrounds India -->
	<item component="ComponentInfo{com.pubg.imobile/com.epicgames.ue4.SplashActivity}" drawable="battlegrounds_india" />

	<!-- Calculator -->
	<item component="ComponentInfo{com.asus.calculator/com.asus.calculator.Calculator}" drawable="calculator" />

	<!-- Cashew -->
	<item component="ComponentInfo{com.budget.tracker_app/com.budget.tracker_app.MainActivity}" drawable="cashew" />

	<!-- CashKaro -->
	<item component="ComponentInfo{com.cashkaro/com.zoontek.rnbootsplash.RNBootSplashActivity}" drawable="cashkaro" />

	<!-- exteraGram -->
	<item component="ComponentInfo{com.exteragram.messenger/com.exteragram.messenger.SusIcon}" drawable="exteragram" />

	<!-- FakeStandby -->
	<item component="ComponentInfo{android.jonas.fakestandby/android.jonas.fakestandby.settings.SettingsActivity}" drawable="fakestandby" />

	<!-- FedMobile -->
	<item component="ComponentInfo{com.fedmobile/in.co.federalbank.federalbank.SplashScreenActivity}" drawable="fedmobile" />

	<!-- Flying Carpet -->
	<item component="ComponentInfo{dev.spiegl.flyingcarpet/dev.spiegl.flyingcarpet.MainActivity}" drawable="flying_carpet" />

	<!-- Image Toolbox -->
	<item component="ComponentInfo{ru.tech.imageresizershrinker/ru.tech.imageresizershrinker.presentation.AppActivity}" drawable="image_toolbox" />

	<!-- Keys Cafe - RGB Keyboard -->
	<item component="ComponentInfo{com.epicapps.keyboard.theme.leds.keyscafe/com.epicapps.keyboard.keyscafe.ui.splash.SplashActivity}" drawable="keys_cafe_rgb_keyboard" />

	<!-- LinkSheet -->
	<item component="ComponentInfo{fe.linksheet/fe.linksheet.activity.MainActivity}" drawable="linksheet" />

	<!-- Memory And Storage Widget -->
	<item component="ComponentInfo{kag.com.memory.storage.widget/kag.com.memory.storage.widget.MYWidgetActivity}" drawable="memory_and_storage_widget" />

	<!-- Mini Militia -->
	<item component="ComponentInfo{com.appsomniacs.da2/com.appsomniacs.da2.DA2Activity}" drawable="mini_militia" />

	<!-- Retro Mode - Neon -->
	<item component="ComponentInfo{app.moertel.retro.iconpack.neon/app.moertel.retro.iconpack.activities.SplashActivity}" drawable="retro_mode_neon" />

	<!-- ReVanced Extended -->
	<item component="ComponentInfo{yt.rvx.noname.exe/com.google.android.youtube.app.honeycomb.Shell$HomeActivity}" drawable="revanced_extended" />

	<!-- RVX Music -->
	<item component="ComponentInfo{ytm.rvx.noname.exe/com.google.android.apps.youtube.music.activities.MusicActivity}" drawable="rvx_music" />

	<!-- slice -->
	<item component="ComponentInfo{indwin.c3.shareapp/com.slice.android.main.SingleActivity}" drawable="slice" />

	<!-- Snapmint -->
	<item component="ComponentInfo{com.snapmint.customerapp/com.snapmint.customerapp.ui.splash.SplashActivity}" drawable="snapmint" />

	<!-- Tachiyomi -->
	<item component="ComponentInfo{eu.kanade.tachiyomi/eu.kanade.tachiyomi.ui.main.MainActivity}" drawable="tachiyomi" />

	<!-- Timestamp Camera Free -->
	<item component="ComponentInfo{com.jeyluta.timestampcamerafree/com.example.PermissionActivity}" drawable="timestamp_camera_free" />

</resources>