<Theme version="1">

	<!-- Battlegrounds India -->
	<AppIcon name="com.pubg.imobile/com.epicgames.ue4.SplashActivity" image="battlegrounds_india"/>

	<!-- Calculator -->
	<AppIcon name="com.asus.calculator/com.asus.calculator.Calculator" image="calculator"/>

	<!-- Cashew -->
	<AppIcon name="com.budget.tracker_app/com.budget.tracker_app.MainActivity" image="cashew"/>

	<!-- CashKaro -->
	<AppIcon name="com.cashkaro/com.zoontek.rnbootsplash.RNBootSplashActivity" image="cashkaro"/>

	<!-- exteraGram -->
	<AppIcon name="com.exteragram.messenger/com.exteragram.messenger.SusIcon" image="exteragram"/>

	<!-- FakeStandby -->
	<AppIcon name="android.jonas.fakestandby/android.jonas.fakestandby.settings.SettingsActivity" image="fakestandby"/>

	<!-- FedMobile -->
	<AppIcon name="com.fedmobile/in.co.federalbank.federalbank.SplashScreenActivity" image="fedmobile"/>

	<!-- Flying Carpet -->
	<AppIcon name="dev.spiegl.flyingcarpet/dev.spiegl.flyingcarpet.MainActivity" image="flying_carpet"/>

	<!-- Image Toolbox -->
	<AppIcon name="ru.tech.imageresizershrinker/ru.tech.imageresizershrinker.presentation.AppActivity" image="image_toolbox"/>

	<!-- Keys Cafe - RGB Keyboard -->
	<AppIcon name="com.epicapps.keyboard.theme.leds.keyscafe/com.epicapps.keyboard.keyscafe.ui.splash.SplashActivity" image="keys_cafe_rgb_keyboard"/>

	<!-- LinkSheet -->
	<AppIcon name="fe.linksheet/fe.linksheet.activity.MainActivity" image="linksheet"/>

	<!-- Memory And Storage Widget -->
	<AppIcon name="kag.com.memory.storage.widget/kag.com.memory.storage.widget.MYWidgetActivity" image="memory_and_storage_widget"/>

	<!-- Mini Militia -->
	<AppIcon name="com.appsomniacs.da2/com.appsomniacs.da2.DA2Activity" image="mini_militia"/>

	<!-- Retro Mode - Neon -->
	<AppIcon name="app.moertel.retro.iconpack.neon/app.moertel.retro.iconpack.activities.SplashActivity" image="retro_mode_neon"/>

	<!-- ReVanced Extended -->
	<AppIcon name="yt.rvx.noname.exe/com.google.android.youtube.app.honeycomb.Shell$HomeActivity" image="revanced_extended"/>

	<!-- RVX Music -->
	<AppIcon name="ytm.rvx.noname.exe/com.google.android.apps.youtube.music.activities.MusicActivity" image="rvx_music"/>

	<!-- slice -->
	<AppIcon name="indwin.c3.shareapp/com.slice.android.main.SingleActivity" image="slice"/>

	<!-- Snapmint -->
	<AppIcon name="com.snapmint.customerapp/com.snapmint.customerapp.ui.splash.SplashActivity" image="snapmint"/>

	<!-- Tachiyomi -->
	<AppIcon name="eu.kanade.tachiyomi/eu.kanade.tachiyomi.ui.main.MainActivity" image="tachiyomi"/>

	<!-- Timestamp Camera Free -->
	<AppIcon name="com.jeyluta.timestampcamerafree/com.example.PermissionActivity" image="timestamp_camera_free"/>

</Theme>