<resources>

	<!-- ADV Gravador de Telas -->
	<item component="ComponentInfo{com.blogspot.byterevapps.lollipopscreenrecorder/com.blogspot.byterevapps.lollipopscreenrecorder.MainActivity}" drawable="adv_gravador_de_telas" />

	<!-- Aluno Online -->
	<item component="ComponentInfo{br.gov.ce.seduc.aluno/br.gov.ce.seduc.aluno.MainActivity}" drawable="aluno_online" />

	<!-- App Ops -->
	<item component="ComponentInfo{rikka.appops/rikka.appops.home.HomeActivity}" drawable="app_ops" />

	<!-- Arquivos -->
	<item component="ComponentInfo{com.google.android.go.documentsui/com.android.documentsui.LauncherActivity}" drawable="arquivos" />

	<!-- Assistente -->
	<item component="ComponentInfo{com.google.android.apps.assistant/com.google.android.apps.assistant.go.MainActivity}" drawable="assistente" />

	<!-- Big Font -->
	<item component="ComponentInfo{com.awesomedroid.bigfont/com.awesomedroid.app.feature.splash.SplashActivity}" drawable="big_font" />

	<!-- Blue Line Console -->
	<item component="ComponentInfo{net.nhiroki.bluelineconsole/net.nhiroki.bluelineconsole.applicationMain.MainActivity}" drawable="blue_line_console" />

	<!-- Brevent -->
	<item component="ComponentInfo{me.piebridge.brevent/me.piebridge.brevent.ui.BreventActivity}" drawable="brevent" />

	<!-- Calendário -->
	<item component="ComponentInfo{com.samsung.android.calendar/com.android.calendar.AllInOneActivity}" drawable="calendario" />

	<!-- ColorBlendr -->
	<item component="ComponentInfo{com.drdisagree.colorblendr/com.drdisagree.colorblendr.ui.activities.SplashActivity}" drawable="colorblendr" />

	<!-- GBWhatsApp -->
	<item component="ComponentInfo{com.gbwhatsapp/com.gbwhatsapp.Icon0}" drawable="gbwhatsapp" />

	<!-- História dos Ermos -->
	<item component="ComponentInfo{com.LunariteStudio.WastelandStory/com.unity3d.player.UnityPlayerActivity}" drawable="historia_dos_ermos" />

	<!-- Honor of Kings -->
	<item component="ComponentInfo{com.levelinfinite.sgameGlobal/com.levelinfinite.sgameGlobal.SGameGlobalActivity}" drawable="honor_of_kings" />

	<!-- Inter -->
	<item component="ComponentInfo{br.com.intermedium/br.com.intermedium.splash.SplashActivity}" drawable="inter" />

	<!-- Internet -->
	<item component="ComponentInfo{com.sec.android.app.sbrowser.lite/com.sec.android.app.sbrowser.SBrowserMainActivity}" drawable="internet" />

	<!-- Kwai -->
	<item component="ComponentInfo{com.kwai.video/com.yxcorp.gifshow.homepage.HomeActivity}" drawable="kwai" />

	<!-- Manual do Usuário -->
	<item component="ComponentInfo{com.sec.android.usermanual/com.sec.android.usermanual.UserManualActivity}" drawable="manual_do_usuario" />

	<!-- Mensagens -->
	<item component="ComponentInfo{com.samsung.android.messaging/com.samsung.android.messaging.ui.ConversationList}" drawable="mensagens" />

	<!-- Modo noturno -->
	<item component="ComponentInfo{com.eyefilter.nightmode.bluelightfilter/com.eyefilter.nightmode.bluelightfilter.ui.WelcomeActivity}" drawable="modo_noturno" />

	<!-- My InstaPro2 ♚ -->
	<item component="ComponentInfo{com.instapro2.android/com.instagram.android.activity.MainTabActivity1}" drawable="my_instapro2_♚" />

	<!-- Nutricash -->
	<item component="ComponentInfo{br.com.nutricash.saldos/br.com.nutricash.saldos.MainActivity}" drawable="nutricash" />

	<!-- PixaPencil -->
	<item component="ComponentInfo{com.therealbluepandabear.pixapencil/com.therealbluepandabear.pixapencil.activities.main.MainActivity}" drawable="pixapencil" />

	<!-- Reprodutor de Música - DDMusic -->
	<item component="ComponentInfo{musicplayer.playmusic.audioplayer/musicplayer.playmusic.audioplayer.ui.splash.SplashActivity}" drawable="reprodutor_de_musica_ddmusic" />

	<!-- Ritual -->
	<item component="ComponentInfo{net.hexage.ritual/net.hexage.ritual.MainActivity}" drawable="ritual" />

	<!-- Save Editor Stardew -->
	<item component="ComponentInfo{com.savestardeweditor/com.stardewvalleysave.MainActivity}" drawable="save_editor_stardew" />

	<!-- SD Maid SE -->
	<item component="ComponentInfo{eu.darken.sdmse/eu.darken.sdmse.main.ui.MainActivity}" drawable="sd_maid_se" />

	<!-- Stardew Valley -->
	<item component="ComponentInfo{com.chucklefish.stardewvalley/crc64e8b22d3833b21ea5.MainActivity}" drawable="stardew_valley" />

	<!-- Stardew Valley Super -->
	<item component="ComponentInfo{com.neiko.stardewvalleysuper/com.neiko.stardewvalleysuper.WelcomeActivity}" drawable="stardew_valley_super" />

	<!-- Sticker.ly -->
	<item component="ComponentInfo{com.snowcorp.stickerly.android/com.snowcorp.stickerly.android.LauncherEntryActivity}" drawable="stickerly" />

	<!-- Telefone -->
	<item component="ComponentInfo{com.android.contacts/com.android.dialer.app.DialtactsActivity}" drawable="telefone" />

	<!-- Tempo Real -->
	<item component="ComponentInfo{com.ruivop.realweather/com.ruivop.realweather.MainActivity}" drawable="tempo_real" />

	<!-- Terraria -->
	<item component="ComponentInfo{com.and.games505.TerrariaPaid/com.unity3d.player.UnityPlayerActivity}" drawable="terraria" />

	<!-- Tomato -->
	<item component="ComponentInfo{com.tomatos.appclient/com.tomatos.appclient.SplashActivity}" drawable="tomato" />

	<!-- Video Splitter -->
	<item component="ComponentInfo{com.psma.videosplitter/com.psma.videosplitter.main.SplashActivity}" drawable="video_splitter" />

	<!-- Vivo Easy -->
	<item component="ComponentInfo{br.com.vivo.vivoeasy/br.com.zup.vivoeasy3.presentation.MainActivity}" drawable="vivo_easy" />

	<!-- WaveUp -->
	<item component="ComponentInfo{com.jarsilio.android.waveup/com.jarsilio.android.waveup.MainActivity}" drawable="waveup" />

	<!-- WebView DevTools -->
	<item component="ComponentInfo{com.google.android.webview.dev/org.chromium.android_webview.devui.LauncherActivity}" drawable="webview_devtools" />

</resources>