<appmap>

	<!-- ADV Gravador de Telas -->
	<item class="com.blogspot.byterevapps.lollipopscreenrecorder.MainActivity" name="adv_gravador_de_telas"/>

	<!-- Aluno Online -->
	<item class="br.gov.ce.seduc.aluno.MainActivity" name="aluno_online"/>

	<!-- App Ops -->
	<item class="rikka.appops.home.HomeActivity" name="app_ops"/>

	<!-- Arquivos -->
	<item class="com.android.documentsui.LauncherActivity" name="arquivos"/>

	<!-- Assistente -->
	<item class="com.google.android.apps.assistant.go.MainActivity" name="assistente"/>

	<!-- Big Font -->
	<item class="com.awesomedroid.app.feature.splash.SplashActivity" name="big_font"/>

	<!-- Blue Line Console -->
	<item class="net.nhiroki.bluelineconsole.applicationMain.MainActivity" name="blue_line_console"/>

	<!-- Brevent -->
	<item class="me.piebridge.brevent.ui.BreventActivity" name="brevent"/>

	<!-- Calendário -->
	<item class="com.android.calendar.AllInOneActivity" name="calendario"/>

	<!-- ColorBlendr -->
	<item class="com.drdisagree.colorblendr.ui.activities.SplashActivity" name="colorblendr"/>

	<!-- GBWhatsApp -->
	<item class="com.gbwhatsapp.Icon0" name="gbwhatsapp"/>

	<!-- História dos Ermos -->
	<item class="com.unity3d.player.UnityPlayerActivity" name="historia_dos_ermos"/>

	<!-- Honor of Kings -->
	<item class="com.levelinfinite.sgameGlobal.SGameGlobalActivity" name="honor_of_kings"/>

	<!-- Inter -->
	<item class="br.com.intermedium.splash.SplashActivity" name="inter"/>

	<!-- Internet -->
	<item class="com.sec.android.app.sbrowser.SBrowserMainActivity" name="internet"/>

	<!-- Kwai -->
	<item class="com.yxcorp.gifshow.homepage.HomeActivity" name="kwai"/>

	<!-- Manual do Usuário -->
	<item class="com.sec.android.usermanual.UserManualActivity" name="manual_do_usuario"/>

	<!-- Mensagens -->
	<item class="com.samsung.android.messaging.ui.ConversationList" name="mensagens"/>

	<!-- Modo noturno -->
	<item class="com.eyefilter.nightmode.bluelightfilter.ui.WelcomeActivity" name="modo_noturno"/>

	<!-- My InstaPro2 ♚ -->
	<item class="com.instagram.android.activity.MainTabActivity1" name="my_instapro2_♚"/>

	<!-- Nutricash -->
	<item class="br.com.nutricash.saldos.MainActivity" name="nutricash"/>

	<!-- PixaPencil -->
	<item class="com.therealbluepandabear.pixapencil.activities.main.MainActivity" name="pixapencil"/>

	<!-- Reprodutor de Música - DDMusic -->
	<item class="musicplayer.playmusic.audioplayer.ui.splash.SplashActivity" name="reprodutor_de_musica_ddmusic"/>

	<!-- Ritual -->
	<item class="net.hexage.ritual.MainActivity" name="ritual"/>

	<!-- Save Editor Stardew -->
	<item class="com.stardewvalleysave.MainActivity" name="save_editor_stardew"/>

	<!-- SD Maid SE -->
	<item class="eu.darken.sdmse.main.ui.MainActivity" name="sd_maid_se"/>

	<!-- Stardew Valley -->
	<item class="crc64e8b22d3833b21ea5.MainActivity" name="stardew_valley"/>

	<!-- Stardew Valley Super -->
	<item class="com.neiko.stardewvalleysuper.WelcomeActivity" name="stardew_valley_super"/>

	<!-- Sticker.ly -->
	<item class="com.snowcorp.stickerly.android.LauncherEntryActivity" name="stickerly"/>

	<!-- Telefone -->
	<item class="com.android.dialer.app.DialtactsActivity" name="telefone"/>

	<!-- Tempo Real -->
	<item class="com.ruivop.realweather.MainActivity" name="tempo_real"/>

	<!-- Terraria -->
	<item class="com.unity3d.player.UnityPlayerActivity" name="terraria"/>

	<!-- Tomato -->
	<item class="com.tomatos.appclient.SplashActivity" name="tomato"/>

	<!-- Video Splitter -->
	<item class="com.psma.videosplitter.main.SplashActivity" name="video_splitter"/>

	<!-- Vivo Easy -->
	<item class="br.com.zup.vivoeasy3.presentation.MainActivity" name="vivo_easy"/>

	<!-- WaveUp -->
	<item class="com.jarsilio.android.waveup.MainActivity" name="waveup"/>

	<!-- WebView DevTools -->
	<item class="org.chromium.android_webview.devui.LauncherActivity" name="webview_devtools"/>

</appmap>