<Theme version="1">

	<!-- ADV Gravador de Telas -->
	<AppIcon name="com.blogspot.byterevapps.lollipopscreenrecorder/com.blogspot.byterevapps.lollipopscreenrecorder.MainActivity" image="adv_gravador_de_telas"/>

	<!-- Aluno Online -->
	<AppIcon name="br.gov.ce.seduc.aluno/br.gov.ce.seduc.aluno.MainActivity" image="aluno_online"/>

	<!-- App Ops -->
	<AppIcon name="rikka.appops/rikka.appops.home.HomeActivity" image="app_ops"/>

	<!-- Arquivos -->
	<AppIcon name="com.google.android.go.documentsui/com.android.documentsui.LauncherActivity" image="arquivos"/>

	<!-- Assistente -->
	<AppIcon name="com.google.android.apps.assistant/com.google.android.apps.assistant.go.MainActivity" image="assistente"/>

	<!-- Big Font -->
	<AppIcon name="com.awesomedroid.bigfont/com.awesomedroid.app.feature.splash.SplashActivity" image="big_font"/>

	<!-- Blue Line Console -->
	<AppIcon name="net.nhiroki.bluelineconsole/net.nhiroki.bluelineconsole.applicationMain.MainActivity" image="blue_line_console"/>

	<!-- Brevent -->
	<AppIcon name="me.piebridge.brevent/me.piebridge.brevent.ui.BreventActivity" image="brevent"/>

	<!-- Calendário -->
	<AppIcon name="com.samsung.android.calendar/com.android.calendar.AllInOneActivity" image="calendario"/>

	<!-- ColorBlendr -->
	<AppIcon name="com.drdisagree.colorblendr/com.drdisagree.colorblendr.ui.activities.SplashActivity" image="colorblendr"/>

	<!-- GBWhatsApp -->
	<AppIcon name="com.gbwhatsapp/com.gbwhatsapp.Icon0" image="gbwhatsapp"/>

	<!-- História dos Ermos -->
	<AppIcon name="com.LunariteStudio.WastelandStory/com.unity3d.player.UnityPlayerActivity" image="historia_dos_ermos"/>

	<!-- Honor of Kings -->
	<AppIcon name="com.levelinfinite.sgameGlobal/com.levelinfinite.sgameGlobal.SGameGlobalActivity" image="honor_of_kings"/>

	<!-- Inter -->
	<AppIcon name="br.com.intermedium/br.com.intermedium.splash.SplashActivity" image="inter"/>

	<!-- Internet -->
	<AppIcon name="com.sec.android.app.sbrowser.lite/com.sec.android.app.sbrowser.SBrowserMainActivity" image="internet"/>

	<!-- Kwai -->
	<AppIcon name="com.kwai.video/com.yxcorp.gifshow.homepage.HomeActivity" image="kwai"/>

	<!-- Manual do Usuário -->
	<AppIcon name="com.sec.android.usermanual/com.sec.android.usermanual.UserManualActivity" image="manual_do_usuario"/>

	<!-- Mensagens -->
	<AppIcon name="com.samsung.android.messaging/com.samsung.android.messaging.ui.ConversationList" image="mensagens"/>

	<!-- Modo noturno -->
	<AppIcon name="com.eyefilter.nightmode.bluelightfilter/com.eyefilter.nightmode.bluelightfilter.ui.WelcomeActivity" image="modo_noturno"/>

	<!-- My InstaPro2 ♚ -->
	<AppIcon name="com.instapro2.android/com.instagram.android.activity.MainTabActivity1" image="my_instapro2_♚"/>

	<!-- Nutricash -->
	<AppIcon name="br.com.nutricash.saldos/br.com.nutricash.saldos.MainActivity" image="nutricash"/>

	<!-- PixaPencil -->
	<AppIcon name="com.therealbluepandabear.pixapencil/com.therealbluepandabear.pixapencil.activities.main.MainActivity" image="pixapencil"/>

	<!-- Reprodutor de Música - DDMusic -->
	<AppIcon name="musicplayer.playmusic.audioplayer/musicplayer.playmusic.audioplayer.ui.splash.SplashActivity" image="reprodutor_de_musica_ddmusic"/>

	<!-- Ritual -->
	<AppIcon name="net.hexage.ritual/net.hexage.ritual.MainActivity" image="ritual"/>

	<!-- Save Editor Stardew -->
	<AppIcon name="com.savestardeweditor/com.stardewvalleysave.MainActivity" image="save_editor_stardew"/>

	<!-- SD Maid SE -->
	<AppIcon name="eu.darken.sdmse/eu.darken.sdmse.main.ui.MainActivity" image="sd_maid_se"/>

	<!-- Stardew Valley -->
	<AppIcon name="com.chucklefish.stardewvalley/crc64e8b22d3833b21ea5.MainActivity" image="stardew_valley"/>

	<!-- Stardew Valley Super -->
	<AppIcon name="com.neiko.stardewvalleysuper/com.neiko.stardewvalleysuper.WelcomeActivity" image="stardew_valley_super"/>

	<!-- Sticker.ly -->
	<AppIcon name="com.snowcorp.stickerly.android/com.snowcorp.stickerly.android.LauncherEntryActivity" image="stickerly"/>

	<!-- Telefone -->
	<AppIcon name="com.android.contacts/com.android.dialer.app.DialtactsActivity" image="telefone"/>

	<!-- Tempo Real -->
	<AppIcon name="com.ruivop.realweather/com.ruivop.realweather.MainActivity" image="tempo_real"/>

	<!-- Terraria -->
	<AppIcon name="com.and.games505.TerrariaPaid/com.unity3d.player.UnityPlayerActivity" image="terraria"/>

	<!-- Tomato -->
	<AppIcon name="com.tomatos.appclient/com.tomatos.appclient.SplashActivity" image="tomato"/>

	<!-- Video Splitter -->
	<AppIcon name="com.psma.videosplitter/com.psma.videosplitter.main.SplashActivity" image="video_splitter"/>

	<!-- Vivo Easy -->
	<AppIcon name="br.com.vivo.vivoeasy/br.com.zup.vivoeasy3.presentation.MainActivity" image="vivo_easy"/>

	<!-- WaveUp -->
	<AppIcon name="com.jarsilio.android.waveup/com.jarsilio.android.waveup.MainActivity" image="waveup"/>

	<!-- WebView DevTools -->
	<AppIcon name="com.google.android.webview.dev/org.chromium.android_webview.devui.LauncherActivity" image="webview_devtools"/>

</Theme>