<Theme version="1">

	<!-- Agate -->
	<AppIcon name="com.reacstor.agate/com.reacstor.agate.activities.SplashActivity" image="agate"/>

	<!-- Alien Shooter -->
	<AppIcon name="com.alien.shooter.galaxy.attack.premium/com.google.firebase.MessagingUnityPlayerActivity" image="alien_shooter"/>

	<!-- Ango icons -->
	<AppIcon name="com.maxpatchs.ango/com.maxpatchs.ango.activities.SplashActivity" image="ango_icons"/>

	<!-- Anime Witcher -->
	<AppIcon name="com.anime.witcher/com.example.animewitcher.HomeActivity" image="anime_witcher"/>

	<!-- AppBar -->
	<AppIcon name="rk.android.app.appbar/rk.android.app.appbar.activities.launch.LaunchActivity" image="appbar"/>

	<!-- AppBlock -->
	<AppIcon name="cz.mobilesoft.appblock/cz.mobilesoft.appblock.MainActivity" image="appblock"/>

	<!-- AppDrop -->
	<AppIcon name="com.bulk.uninstall/com.bulk.uninstall.main.LauncherActivity" image="appdrop"/>

	<!-- Ascent -->
	<AppIcon name="com.ascent/com.sobol.oneSec.presentation.main.MainActivity" image="ascent"/>

	<!-- Battery Meter Overlay -->
	<AppIcon name="jp.gr.java_conf.soboku.batterymeter/jp.gr.java_conf.soboku.batterymeter.ui.SettingsActivity" image="battery_meter_overlay"/>

	<!-- Battery Pods -->
	<AppIcon name="com.sumyapplications.bluetooth.earphone/com.sumyapplications.bluetoothearphone.MainActivity" image="battery_pods"/>

	<!-- Battery Sound Notification -->
	<AppIcon name="com.argonremote.batterynotifier/com.argonremote.batterynotifier.MainActivity" image="battery_sound_notification"/>

	<!-- Battery Widget -->
	<AppIcon name="com.lstapps.batterywidget/com.lstapps.batterywidget.MainActivity" image="battery_widget"/>

	<!-- Black Army Omni -->
	<AppIcon name="com.osheden.blackarmy.omni/com.osheden.blackarmy.omni.activities.MainActivity" image="black_army_omni"/>

	<!-- Black Screen -->
	<AppIcon name="io.japp.blackscreen/io.japp.blackscreen.ui.MainActivity" image="black_screen"/>

	<!-- BlockerHero -->
	<AppIcon name="com.blockerhero/com.blockerhero.ui.launcher.LauncherActivity" image="blockerhero"/>

	<!-- BM Wallet -->
	<AppIcon name="com.emeint.android.mwallet.bm/com.emeint.android.mwallet2.view.StartupActivity" image="bm_wallet"/>

	<!-- Buckwheat -->
	<AppIcon name="com.danilkinkin.buckwheat/com.danilkinkin.buckwheat.MainActivity" image="buckwheat"/>

	<!-- Clipboard -->
	<AppIcon name="com.blackstar.apps.clipboard/com.blackstar.apps.clipboard.ui.splash.SplashActivity" image="clipboard"/>

	<!-- Contacts Widget -->
	<AppIcon name="com.makeevapps.contactswidget/com.ua.makeev.contacthdwidgets.screens.main.MainActivity" image="contacts_widget"/>

	<!-- Daily Quotes Widget -->
	<AppIcon name="com.lstapps.dailymotivationalquotewidget/com.lstapps.dailymotivationalquotewidget.MainActivity" image="daily_quotes_widget"/>

	<!-- Distraction Free -->
	<AppIcon name="com.osheden.distraction.free.icon.pack/com.osheden.distraction.free.icon.pack.activities.SplashActivity" image="distraction_free"/>

	<!-- Dockalizer -->
	<AppIcon name="color.dev.com.beige/color.dev.com.beige.Splash" image="dockalizer"/>

	<!-- Download Progress++ -->
	<AppIcon name="com.ceco.sbdp.pro/com.ceco.sbdp.pro.Settings" image="download_progress_"/>

	<!-- DualWallpaper -->
	<AppIcon name="de.dlyt.yanndroid.dualwallpaper/de.dlyt.yanndroid.dualwallpaper.ui.activity.MainActivity" image="dualwallpaper"/>

	<!-- dynamic bird -->
	<AppIcon name="com.hfhuaizhi.bird/com.hfhuaizhi.bird.activity.MainActivity" image="dynamic_bird"/>

	<!-- Dynamic Wallpaper -->
	<AppIcon name="rk.android.app.dynamic.wallpaper/rk.android.app.dynamic.wallpaper.activities.home.HomeActivity" image="dynamic_wallpaper"/>

	<!-- dynamic​Spot -->
	<AppIcon name="com.jamworks.dynamicspot/com.jamworks.dynamicspot.SettingsHome" image="dynamic​spot"/>

	<!-- Edge Card Launcher -->
	<AppIcon name="com.reactivstudios.android.edge4/com.reactivstudios.android.edge4.ActivityEdge" image="edge_card_launcher"/>

	<!-- Energy Bar -->
	<AppIcon name="you.in.spark.energy/you.in.spark.energy.WelcomeScreen" image="energy_bar"/>

	<!-- SIM toolkit -->
	<AppIcon name="com.android.stk/com.android.stk.StkLauncherActivity_DualSim" image="sim_toolkit"/>

	<!-- Fitness Coach -->
	<AppIcon name="fitnesscoach.workoutplanner.weightloss/fitnesscoach.workoutplanner.weightloss.feature.main.SplashActivity" image="fitness_coach"/>

	<!-- Flex Scroll -->
	<AppIcon name="com.phonephreak.pagescroll/com.phonephreak.smartscroll.MainActivity" image="flex_scroll"/>

	<!-- gesturePlus -->
	<AppIcon name="com.jamworks.bestgesturenavigation/com.jamworks.bestgesturenavigation.SettingsHome" image="gestureplus"/>

	<!-- Get Current Wallpaper -->
	<AppIcon name="dk.appdictive.getcurrentwallpaper/dk.appdictive.getcurrentwallpaper.MainActivity" image="get_current_wallpaper"/>

	<!-- I am programmer -->
	<AppIcon name="com.putcodes.iamaprogrammer/com.putcodes.iamaprogrammer.Splasch_screen" image="i_am_programmer"/>

	<!-- Keeplink -->
	<AppIcon name="org.erikjaen.tidylinksv2/org.erikjaen.tidylinksv2.ui.main.MainActivity" image="keeplink"/>

	<!-- Key Mapper -->
	<AppIcon name="io.github.sds100.keymapper/io.github.sds100.keymapper.SplashActivity" image="key_mapper"/>

	<!-- Kingdom War Premium -->
	<AppIcon name="perfectplan.warring.kingdom.btd.epic.tower.defense.premium/com.google.firebase.MessagingUnityPlayerActivity" image="kingdom_war_premium"/>

	<!-- Klepon Wheel -->
	<AppIcon name="com.bandot.klepon.wheel.darkiconpack/com.bandot.klepon.wheel.darkiconpack.activities.SplashActivity" image="klepon_wheel"/>

	<!-- Lawnchair (Debug) -->
	<AppIcon name="app.lawnchair.debug/app.lawnchair.LawnchairLauncher" image="lawnchair_debug_"/>

	<!-- Lena -->
	<AppIcon name="one4studio.iconpack.lena/com.candybar.dev.activities.SplashActivity" image="lena"/>

	<!-- LinkSheet -->
	<AppIcon name="fe.linksheet/fe.linksheet.activity.MainActivity" image="linksheet"/>

	<!-- Lock screen -->
	<AppIcon name="rk.android.app.lockscreen/rk.android.app.lockscreen.activity.HomeActivity" image="lock_screen"/>

	<!-- Lockscreen Widgets -->
	<AppIcon name="tk.zwander.lockscreenwidgets/tk.zwander.lockscreenwidgets.MainActivity" image="lockscreen_widgets"/>

	<!-- Lynx Launcher -->
	<AppIcon name="org.n277.lynxlauncher/org.n277.lynxlauncher.HomeActivity" image="lynx_launcher"/>

	<!-- Meeye -->
	<AppIcon name="com.yeyebbc.play.meeye.iconpack/com.yeyebbc.play.meeye.iconpack.activities.SplashActivity" image="meeye"/>

	<!-- Memorize -->
	<AppIcon name="tech.memorize.ielts/host.exp.exponent.MainActivity" image="memorize"/>

	<!-- Midnight Dark - Icon Pack -->
	<AppIcon name="com.italiano.midnightdark/com.italiano.midnightdark.activities.MainActivity" image="midnight_dark_icon_pack"/>

	<!-- Mihon -->
	<AppIcon name="app.mihon/eu.kanade.tachiyomi.ui.main.MainActivity" image="mihon"/>

	<!-- Mimo -->
	<AppIcon name="com.getmimo/com.getmimo.ui.SplashActivity_default" image="mimo"/>

	<!-- Movie Witcher -->
	<AppIcon name="com.witcher.moviewitcher/com.example.moviewitcher.activites.HomeActivity" image="movie_witcher"/>

	<!-- Muviz Edge -->
	<AppIcon name="com.sparkine.muvizedge/com.sparkine.muvizedge.activity.HomeActivity" image="muviz_edge"/>

	<!-- My Etisalat -->
	<AppIcon name="com.etisalat/com.etisalat.view.splash.SplashActivity" image="my_etisalat"/>

	<!-- Namida -->
	<AppIcon name="com.msob7y.namida/com.msob7y.namida.NamidaMainActivity" image="namida"/>

	<!-- News -->
	<AppIcon name="com.google.android.apps.magazines/com.google.apps.dots.android.app.activity.CurrentsStartActivity" image="news"/>

	<!-- Notcha Launcher -->
	<AppIcon name="com.notch.launcher/com.notch.launcher.ui.Sa" image="notcha_launcher"/>

	<!-- Noterly -->
	<AppIcon name="uk.co.tdsstudios.noterly/uk.co.tdsstudios.noterly.MainActivity" image="noterly"/>

	<!-- Notification Shortcuts -->
	<AppIcon name="rk.android.app.notificationshortcuts/rk.android.app.notificationshortcuts.activities.launch.LaunchActivity" image="notification_shortcuts"/>

	<!-- NotiGuy -->
	<AppIcon name="com.dynamic.notifications/com.dynamic.notifications.ui.SaCat" image="notiguy"/>

	<!-- Notisave -->
	<AppIcon name="com.tenqube.notisave/com.tenqube.notisave.presentation.splash.SplashActivity" image="notisave"/>

	<!-- Noto -->
	<AppIcon name="com.noto/com.noto.app.DarkRain" image="noto"/>

	<!-- Nuts Vol Booster -->
	<AppIcon name="volume.booster.soundamplifier/com.coocent.theme.volumebooster.activity.SplashActivity" image="nuts_vol_booster"/>

	<!-- OSS Document Scanner -->
	<AppIcon name="com.akylas.documentscanner/com.akylas.documentscanner.MainActivity" image="oss_document_scanner"/>

	<!-- Panels -->
	<AppIcon name="com.fossor.panels/com.fossor.panels.MainActivity" image="panels"/>

	<!-- PowerLine -->
	<AppIcon name="com.urbandroid.inline/com.urbandroid.inline.MainActivity" image="powerline"/>

	<!-- Prayer Times -->
	<AppIcon name="com.zeedev.islamprayertime/com.zeedev.islamprayertime.activity.MainActivity" image="prayer_times"/>

	<!-- QR and Barcode Scanner PRO -->
	<AppIcon name="com.qrcode.barcode.scanner.reader.generator.pro/com.qrcode.barcode.scanner.reader.generator.pro.activity.MainActivity" image="qr_and_barcode_scanner_pro"/>

	<!-- Quick Settings -->
	<AppIcon name="it.simonesestito.ntiles/it.simonesestito.ntiles.MainSplash" image="quick_settings"/>

	<!-- Quranly -->
	<AppIcon name="com.quranly.app/com.quranly.app.MainActivity" image="quranly"/>

	<!-- Rev -->
	<AppIcon name="com.rev.revcorder/com.revcorder.MainActivity" image="rev"/>

	<!-- Router Chef -->
	<AppIcon name="com.raouf.routerchef/com.raouf.routerchef.SplashScreen" image="router_chef"/>

	<!-- Samsung Cloud -->
	<AppIcon name="com.samsung.android.scloud/com.samsung.android.scloud.app.ui.splash.launcher" image="samsung_cloud"/>

	<!-- Sapphire Blue - Icon Pack -->
	<AppIcon name="com.italiano.sapphireblue/com.italiano.sapphireblue.activities.MainActivity" image="sapphire_blue_icon_pack"/>

	<!-- Screen Dimmer -->
	<AppIcon name="com.github.ericytsang.screenfilter.app.android/com.github.ericytsang.screenfilter.app.android.activity.MainActivity" image="screen dimmer"/>

	<!-- ScreenshotGo -->
	<AppIcon name="org.mozilla.screenshot.go/org.mozilla.scryer.MainActivity" image="screenshotgo"/>

	<!-- SD Maid SE -->
	<AppIcon name="eu.darken.sdmse/eu.darken.sdmse.main.ui.MainActivity" image="sd_maid_se"/>

	<!-- Shadow Hero -->
	<AppIcon name="com.shadow.hero.defense.td.archer.ninja.game/com.google.firebase.MessagingUnityPlayerActivity" image="shadow_hero"/>

	<!-- Simplified -->
	<AppIcon name="com.simplified.reborn/com.simplified.reborn.activities.SplashActivity" image="simplified"/>

	<!-- Simplilearn -->
	<AppIcon name="com.mobile.simplilearn/com.mobile.newArch.module.splash.SplashScreenActivity" image="simplilearn"/>

	<!-- Skillshare -->
	<AppIcon name="com.skillshare.Skillshare/com.skillshare.Skillshare.client.onboarding.onboarding.view.SplashActivity" image="skillshare"/>

	<!-- Smashy Duo -->
	<AppIcon name="com.bigfrostgames.smashyduo/com.unity3d.player.UnityPlayerActivity" image="smashy_duo"/>

	<!-- SongSync -->
	<AppIcon name="pl.lambada.songsync/pl.lambada.songsync.MainActivity" image="songsync"/>

	<!-- Super Status Bar -->
	<AppIcon name="com.tombayley.statusbar/com.tombayley.statusbar.app.ui.home.MainActivity" image="super_status_bar"/>

	<!-- Tachiyomi -->
	<AppIcon name="eu.kanade.tachiyomi/eu.kanade.tachiyomi.ui.main.MainActivity" image="tachiyomi"/>

	<!-- Tech Quiz Master -->
	<AppIcon name="com.eggies.techquizmaster/com.eggies.techquizmaster.MainActivity" image="tech_quiz_master"/>

	<!-- TickTick -->
	<AppIcon name="com.ticktick.task/com.ticktick.task.HomeAlia_tick" image="ticktick"/>

	<!-- Transparency - Icon Pack -->
	<AppIcon name="com.italiano.transparency/com.italiano.transparency.activities.MainActivity" image="transparency_icon_pack"/>

	<!-- True Amps -->
	<AppIcon name="com.newgen.trueamps/com.newgen.trueamps.activities.PreferencesActivity" image="true_amps"/>

	<!-- Ultra Volume -->
	<AppIcon name="com.treydev.volume/com.zipoapps.premiumhelper.ui.splash.PHSplashActivity" image="ultra_volume"/>

	<!-- VideoSummarize -->
	<AppIcon name="com.emote.youtube_summarizer/com.emote.youtube_summarizer.MainActivity" image="videosummarize"/>

	<!-- Vinty -->
	<AppIcon name="com.esethnet.vinty/com.esethnet.vinty.LicenseActivity" image="vinty"/>

	<!-- Vocabulary -->
	<AppIcon name="com.hrd.vocabulary/com.hrd.view.onboarding.SplashScreenActivity_appicon0" image="vocabulary"/>

	<!-- Voice notes -->
	<AppIcon name="com.gawk.voicenotes/com.gawk.voicenotes.view.main.MainActivity" image="voice_notes"/>

	<!-- WABox -->
	<AppIcon name="com.wabox/com.wabox.start.Welcome" image="wabox"/>

	<!-- Weather⁦‎‏‏‎‎‏‏‎‏‏‎‎‎‎‏‏‎‏‏‎‎‏‎‏‏‎‎‏‏‎‏‎‎‏‏‏‏‏‎‎‎‏‏‏‎‎‏‎‏‏‎‏‏‎‎‏‏‏‏‎‎‎‎‏‏‏‎‏‎‏‏‏‎‎‎‏‏‏‏‎‏‏‎‎‏‏‎‏‎‎‎‏‎‏‎‏‏‎‎‏‏‏‎‎‎‏‎‎‎‏‎‏‏‏‏‎‏‎‏‎‏‏‏‎‎‏‏‏‎‏‎‎‎‏‎‎‎‏‏‎‎‏‏‏‎‎‎‏‎‎‏‎‏‎⁩ -->
	<AppIcon name="com.motorola.timeweatherwidget/com.motorola.commandcenter.MainActivity" image="weather⁦‎‏‏‎‎‏‏‎‏‏‎‎‎‎‏‏‎‏‏‎‎‏‎‏‏‎‎‏‏‎‏‎‎‏‏‏‏‏‎‎‎‏‏‏‎‎‏‎‏‏‎‏‏‎‎‏‏‏‏‎‎‎‎‏‏‏‎‏‎‏‏‏‎‎‎‏‏‏‏‎‏‏‎‎‏‏‎‏‎‎‎‏‎‏‎‏‏‎‎‏‏‏‎‎‎‏‎‎‎‏‎‏‏‏‏‎‏‎‏‎‏‏‏‎‎‏‏‏‎‏‎‎‎‏‎‎‎‏‏‎‎‏‏‏‎‎‎‏‎‎‏‎‏‎⁩"/>

	<!-- You.com -->
	<AppIcon name="com.you.browser/com.you.browser.App" image="youcom"/>

	<!-- آية مختارة -->
	<AppIcon name="com.devyahia.randomayah/com.devyahia.randomayah.MainActivity" image="آية_مختارة"/>

	<!-- أذكاري -->
	<AppIcon name="com.mbh.azkari/com.mbh.azkari.activities.landing.SplashActivity" image="أذكاري"/>

	<!-- الشفيع -->
	<AppIcon name="salah.rasoulallah.com/salah.rasoulallah.com.MainActivity" image="الشفيع"/>

	<!-- نختم -->
	<AppIcon name="com.karim.khatma/com.karim.khatma.run" image="نختم"/>

	<!-- واعي -->
	<AppIcon name="com.m_s_helala.wa3y/com.m_s_helala.wa3y.MainActivity" image="واعي"/>

</Theme>