<resources>

	<!-- FileZilla -->
	<item component="ComponentInfo{com.fanglz.android.filemanager/com.fanglz.android.filemanager.FileManageMainActivity}" drawable="filezilla" />

	<!-- FTPClient -->
	<item component="ComponentInfo{de.qwerty287.ftpclient/de.qwerty287.ftpclient.MainActivity}" drawable="ftpclient" />

	<!-- Geometry Dash Lite -->
	<item component="ComponentInfo{com.robtopx.geometryjumplite/com.robtopx.geometryjumplite.GeometryDashLite}" drawable="geometry_dash_lite" />

	<!-- KFC TT -->
	<item component="ComponentInfo{com.kfc.tt/com.kfc.tt.SplashActivity}" drawable="kfc_tt" />

	<!-- Mopria Print -->
	<item component="ComponentInfo{org.mopria.printplugin/org.mopria.printplugin.SplashScreenActivity}" drawable="mopria_print" />

	<!-- Mopria Scan -->
	<item component="ComponentInfo{org.mopria.scan.application/org.mopria.scan.application.activities.SplashScreenActivity}" drawable="mopria_scan" />

	<!-- MyDigicel -->
	<item component="ComponentInfo{com.digicel.selfcare.mobile/com.example.mda.MainActivity}" drawable="mydigicel" />

	<!-- One More Line -->
	<item component="ComponentInfo{com.smgstudio.onemoreline/com.unity3d.player.UnityPlayerActivity}" drawable="one_more_line" />

	<!-- Photo & Picture Resizer -->
	<item component="ComponentInfo{com.simplemobilephotoresizer/com.simplemobilephotoresizer.andr.ui.splash.SplashActivity}" drawable="photo_and_picture_resizer" />

	<!-- Pie Launcher -->
	<item component="ComponentInfo{de.markusfisch.android.pielauncher/de.markusfisch.android.pielauncher.activity.HomeActivity}" drawable="pie_launcher" />

</resources>