<appmap>

	<!-- FileZilla -->
	<item class="com.fanglz.android.filemanager.FileManageMainActivity" name="filezilla"/>

	<!-- FTPClient -->
	<item class="de.qwerty287.ftpclient.MainActivity" name="ftpclient"/>

	<!-- Geometry Dash Lite -->
	<item class="com.robtopx.geometryjumplite.GeometryDashLite" name="geometry_dash_lite"/>

	<!-- KFC TT -->
	<item class="com.kfc.tt.SplashActivity" name="kfc_tt"/>

	<!-- Mopria Print -->
	<item class="org.mopria.printplugin.SplashScreenActivity" name="mopria_print"/>

	<!-- Mopria Scan -->
	<item class="org.mopria.scan.application.activities.SplashScreenActivity" name="mopria_scan"/>

	<!-- MyDigicel -->
	<item class="com.example.mda.MainActivity" name="mydigicel"/>

	<!-- One More Line -->
	<item class="com.unity3d.player.UnityPlayerActivity" name="one_more_line"/>

	<!-- Photo & Picture Resizer -->
	<item class="com.simplemobilephotoresizer.andr.ui.splash.SplashActivity" name="photo_and_picture_resizer"/>

	<!-- Pie Launcher -->
	<item class="de.markusfisch.android.pielauncher.activity.HomeActivity" name="pie_launcher"/>

</appmap>