<Theme version="1">

	<!-- FileZilla -->
	<AppIcon name="com.fanglz.android.filemanager/com.fanglz.android.filemanager.FileManageMainActivity" image="filezilla"/>

	<!-- FTPClient -->
	<AppIcon name="de.qwerty287.ftpclient/de.qwerty287.ftpclient.MainActivity" image="ftpclient"/>

	<!-- Geometry Dash Lite -->
	<AppIcon name="com.robtopx.geometryjumplite/com.robtopx.geometryjumplite.GeometryDashLite" image="geometry_dash_lite"/>

	<!-- KFC TT -->
	<AppIcon name="com.kfc.tt/com.kfc.tt.SplashActivity" image="kfc_tt"/>

	<!-- Mopria Print -->
	<AppIcon name="org.mopria.printplugin/org.mopria.printplugin.SplashScreenActivity" image="mopria_print"/>

	<!-- Mopria Scan -->
	<AppIcon name="org.mopria.scan.application/org.mopria.scan.application.activities.SplashScreenActivity" image="mopria_scan"/>

	<!-- MyDigicel -->
	<AppIcon name="com.digicel.selfcare.mobile/com.example.mda.MainActivity" image="mydigicel"/>

	<!-- One More Line -->
	<AppIcon name="com.smgstudio.onemoreline/com.unity3d.player.UnityPlayerActivity" image="one_more_line"/>

	<!-- Photo & Picture Resizer -->
	<AppIcon name="com.simplemobilephotoresizer/com.simplemobilephotoresizer.andr.ui.splash.SplashActivity" image="photo_and_picture_resizer"/>

	<!-- Pie Launcher -->
	<AppIcon name="de.markusfisch.android.pielauncher/de.markusfisch.android.pielauncher.activity.HomeActivity" image="pie_launcher"/>

</Theme>