<Theme version="1">

	<!-- ∞ Loop -->
	<AppIcon name="com.balysv.loop/com.balysv.loop.SplashScreenActivity" image="∞_loop"/>

	<!-- 2048 -->
	<AppIcon name="com.fastsoft.game2048w/com.fastsoft.game2048w.Game2048" image="_2048"/>

	<!-- 2048 Open Fun Game -->
	<AppIcon name="org.andstatus.game2048/org.andstatus.game2048.MyMainActivity" image="_2048_open_fun_game"/>

	<!-- 3D Rechner -->
	<AppIcon name="org.geogebra.android.g3d/org.geogebra.android.privatelibrary.splashscreen.SplashScreenActivity" image="_3d_rechner"/>

	<!-- AirGuard -->
	<AppIcon name="de.seemoo.at_tracking_detection/de.seemoo.at_tracking_detection.ui.MainActivity" image="airguard"/>

	<!-- AllCast -->
	<AppIcon name="com.koushikdutta.cast/com.koushikdutta.cast.SearchActivity" image="allcast"/>

	<!-- Analog Classic 24 -->
	<AppIcon name="com.watchfacestudio.ac24/com.watchfacestudio.ac24.MainActivity" image="analog_classic_24"/>

	<!-- Analog xT: Watch face -->
	<AppIcon name="com.amoledwatchfaces.analogxt/com.amoledwatchfaces.analogxt.MainMobileActivity" image="analog_xt_watch_face"/>

	<!-- AndroTainer -->
	<AppIcon name="com.dokeraj.androtainer/com.dokeraj.androtainer.MainActiviy" image="androtainer"/>

	<!-- ANTON -->
	<AppIcon name="com.solocode.anton/com.solocode.anton.MainActivity" image="anton"/>

	<!-- Appinio -->
	<AppIcon name="com.appinio.appinio/com.appinio.appinio.MainActivity" image="appinio"/>

	<!-- Apps Backup Restore -->
	<AppIcon name="com.touchfield.appbackuprestore/com.touchfield.appbackuprestore.MainActivity" image="apps_backup_restore"/>

	<!-- Arcticons Material You -->
	<AppIcon name="com.donnnno.arcticons.you/com.donnnno.arcticons.activities.SplashActivity" image="arcticons_material_you"/>

	<!-- Ärgern lohnt nicht -->
	<AppIcon name="org.secuso.privacyfriendlyludo/org.secuso.privacyfriendlyludo.activities.SplashActivity" image="argern_lohnt_nicht"/>

	<!-- aShell -->
	<AppIcon name="in.sunilpaulmathew.ashell/in.sunilpaulmathew.ashell.activities.StartActivity" image="ashell"/>

	<!-- Athlete 2 Lite -->
	<AppIcon name="com.amoledwatchfaces.athlete2lite/com.amoledwatchfaces.athlete2lite.MainActivity" image="athlete_2_lite"/>

	<!-- Atomic -->
	<AppIcon name="com.jlindemann.science/com.jlindemann.science.activities.SplashActivity" image="atomic"/>

	<!-- Audio Recorder -->
	<AppIcon name="com.dimowner.audiorecorder/com.dimowner.audiorecorder.app.main.MainActivity" image="audio_recorder"/>

	<!-- Audioverstärker -->
	<AppIcon name="com.google.android.accessibility.soundamplifier/com.google.android.accessibility.soundamplifier.LauncherActivity" image="audioverstarker"/>

	<!-- Authenticator -->
	<AppIcon name="me.jmh.authenticatorpro/crc643c2a2b888a14ec9a.MainActivity" image="authenticator"/>

	<!-- AutoTagger -->
	<AppIcon name="com.serg.chuprin.tageditor/com.serg.chuprin.tageditor.app.main.view.MainActivity" image="autotagger"/>

	<!-- AwoX HomeControl -->
	<AppIcon name="com.awox.homecontrol/com.awox.home.control.SplashScreenActivity" image="awox_homecontrol"/>

	<!-- Bankomatkarten Infos 2 -->
	<AppIcon name="at.zweng.bankomatinfos2/at.zweng.bankomatinfos.ui.MainActivity" image="bankomatkarten_infos_2"/>

	<!-- Barcode Scanner+ -->
	<AppIcon name="com.srowen.bs.android/com.srowen.bs.android.CaptureActivity" image="barcode_scanner_"/>

	<!-- Beeper -->
	<AppIcon name="com.beeper.chat/im.vector.application.features.Alias" image="beeper"/>

	<!-- BikeandRideBox -->
	<AppIcon name="de.bikeandridebox.app/de.bikeandridebox.app.MainActivity" image="bikeandridebox"/>

	<!-- BirdNET -->
	<AppIcon name="de.tu_chemnitz.mi.kahst.birdnet/de.tu_chemnitz.mi.kahst.birdnet.Activity_SplashScreen" image="birdnet"/>

	<!-- BitLife -->
	<AppIcon name="com.candywriter.bitlife/com.unity3d.player.UnityPlayerActivity" image="bitlife"/>

	<!-- BKK VDN -->
	<AppIcon name="de.bkkvdn.android/de.ds4d.ds4dapp.MainActivity" image="bkk_vdn"/>

	<!-- Bluetooth Control -->
	<AppIcon name="com.fischertechnik.btsmart.joystick_new.bluetooth_control/com.fischertechnik.btsmart.joystick_new.bluetooth_control.ScanActivity" image="bluetooth_control"/>

	<!-- Bluetooth LE Spam -->
	<AppIcon name="de.simon.dankelmann.bluetoothlespam/de.simon.dankelmann.bluetoothlespam.MainActivity" image="bluetooth_le_spam"/>

	<!-- Buzzing Bee Adventure -->
	<AppIcon name="com.cromacompany.buzzing_bee_adventure/com.cromacompany.buzzing_bee_adventure.MainMobileActivity" image="buzzing_bee_adventure"/>

	<!-- Cactus Run! -->
	<AppIcon name="app.retro.cactusgame/app.retro.cactusgame.MainActivity" image="cactus_run_"/>

	<!-- CalcES -->
	<AppIcon name="advanced.scientific.calculator.calc991.plus/advanced.scientific.calculator.calc991.plus.main.ytivitcArotaluclaCecneicS_kLCneODahnPWsyfdoUSygLOxHQLt_e" image="calces"/>

	<!-- Calculator++ -->
	<AppIcon name="org.solovyev.android.calculator/org.solovyev.android.calculator.CalculatorActivity" image="calculator_"/>

	<!-- Calculator++ (Fenstermodus) -->
	<AppIcon name="org.solovyev.android.calculator/org.solovyev.android.calculator.floating.FloatingCalculatorActivity" image="calculator_"/>

	<!-- Canon Print Service -->
	<AppIcon name="jp.co.canon.android.printservice.plugin/jp.co.canon.android.printservice.plugin.WalkThroughActivity" image="canon_print_service"/>

	<!-- Canta -->
	<AppIcon name="org.samo_lego.canta/org.samo_lego.canta.MainActivity" image="canta"/>

	<!-- Cardboard -->
	<AppIcon name="com.google.samples.apps.cardboarddemo/com.google.vr.cardboard.paperscope.carton.Home2Dv2" image="cardboard"/>

	<!-- Carnet -->
	<AppIcon name="com.spisoft.quicknote/com.spisoft.quicknote.MainActivity" image="carnet"/>

	<!-- Catima -->
	<AppIcon name="me.hackerchick.catima/protect.card_locker.MainActivity" image="catima"/>

	<!-- ChargePoint -->
	<AppIcon name="com.coulombtech/com.cp.ui.activity.launcher.LauncherActivity" image="chargepoint"/>

	<!-- ChatGPT -->
	<AppIcon name="com.openai.chatgpt/com.openai.chatgpt.MainActivity" image="chatgpt"/>

	<!-- Classical Music Tagger -->
	<AppIcon name="de.kromke.andreas.musictagger/de.kromke.andreas.musictagger.MainActivity" image="classical_music_tagger"/>

	<!-- CloudStream -->
	<AppIcon name="com.lagradost.cloudstream3/com.lagradost.cloudstream3.ui.account.AccountSelectActivity" image="cloudstream"/>

	<!-- CoinDetect -->
	<AppIcon name="com.miccron.coindetect/com.miccron.coindetect.MainActivity" image="coindetect"/>

	<!-- Color Flashlight -->
	<AppIcon name="com.socialnmobile.hd.flashlight/com.socialnmobile.hd.flashlight.Flashlight" image="color_flashlight"/>

	<!-- Complications Suite -->
	<AppIcon name="com.weartools.weekdayutccomp/com.weartools.weekdayutccomp.MainActivity" image="complications_suite"/>

	<!-- Concentric -->
	<AppIcon name="com.watchfacedesigns.Concentric/com.watchfacedesigns.Concentric.MainActivity" image="concentric"/>

	<!-- Converter NOW -->
	<AppIcon name="com.ferrarid.converterpro/com.ferrarid.converterpro.MainActivity" image="converter_now"/>

	<!-- CPU Info -->
	<AppIcon name="com.kgurgul.cpuinfo/com.kgurgul.cpuinfo.features.HostActivity" image="cpu_info"/>

	<!-- Cuberite -->
	<AppIcon name="org.cuberite.android/org.cuberite.android.MainActivity" image="cuberite"/>

	<!-- Daily Pill -->
	<AppIcon name="br.com.gualandi.dailypill/br.com.gualandi.dailypill.MainActivity" image="daily_pill"/>

	<!-- DankChat -->
	<AppIcon name="com.flxrs.dankchat/com.flxrs.dankchat.main.MainActivity" image="dankchat"/>

	<!-- DAVx⁵ -->
	<AppIcon name="at.bitfire.davdroid/at.bitfire.davdroid.ui.AccountsActivity" image="davx⁵"/>

	<!-- DB Bauarbeiten -->
	<AppIcon name="de.bauarbeiten.bahn/de.bauarbeiten.bahn.MainActivity" image="db_bauarbeiten"/>

	<!-- Digital Basic Gradient 1 -->
	<AppIcon name="com.watchfacestudio.dbgrd1/com.watchfacestudio.dbgrd1.MainActivity" image="digital_basic_gradient_1"/>

	<!-- Digitales Wohlbef. -->
	<AppIcon name="com.samsung.android.forest/com.samsung.android.forest.launcher.LauncherActivity" image="digitales_wohlbef"/>

	<!-- DING -->
	<AppIcon name="com.mdv.DINGCompanion/crc64b6d2ff8b4700f500.StartupActivity" image="ding"/>

	<!-- DiskUsage -->
	<AppIcon name="com.google.android.diskusage/com.google.android.diskusage.ui.SelectActivity" image="diskusage"/>

	<!-- DKB -->
	<AppIcon name="com.dkbcodefactory.banking/com.dkbcodefactory.banking.splash.SplashActivity" image="dkb"/>

	<!-- Dooz -->
	<AppIcon name="io.github.yamin8000.dooz/io.github.yamin8000.dooz.content.MainActivity" image="dooz"/>

	<!-- Download Navi -->
	<AppIcon name="com.tachibana.downloader/com.tachibana.downloader.ui.main.MainActivity" image="download_navi"/>

	<!-- DroidCam OBS -->
	<AppIcon name="com.dev47apps.obsdroidcam/com.dev47apps.obsdroidcam.MainActivity" image="droidcam_obs"/>

	<!-- DroidCamX -->
	<AppIcon name="com.dev47apps.droidcamx/com.dev47apps.droidcamx.DroidCamX" image="droidcamx"/>

	<!-- DroidPlay -->
	<AppIcon name="com.tt.droidplay/com.tt.droidplay.DroidPlayActivity" image="droidplay"/>

	<!-- Dude Theft Wars -->
	<AppIcon name="com.PoxelStudios.DudeTheftAuto/com.unity3d.player.UnityPlayerActivity" image="dude_theft_wars"/>

	<!-- E-Rezept -->
	<AppIcon name="de.gematik.ti.erp.app/de.gematik.ti.erp.app.MainActivity" image="e_rezept"/>

	<!-- Earth Hero -->
	<AppIcon name="com.earthheroorg.earthhero/com.earthheroorg.earthhero.ui.intro.MainActivity" image="earth_hero"/>

	<!-- Easter Eggs -->
	<AppIcon name="com.dede.android_eggs/com.dede.android_eggs.views.main.EasterEggsActivity" image="easter_eggs"/>

	<!-- Eat Poop You Cat -->
	<AppIcon name="dev.develsinthedetails.eatpoopyoucat/dev.develsinthedetails.eatpoopyoucat.MainActivity" image="eat_poop_you_cat"/>

	<!-- Energy Ease -->
	<AppIcon name="com.solarman.smarthome/com.solarman.smarthome.MainActivity" image="energy_ease"/>

	<!-- ePA -->
	<AppIcon name="com.rise_world.epa.bkkVdn.qu/com.rise_world.epa.ui.splash.SplashActivity" image="epa"/>

	<!-- Essentials4 -->
	<AppIcon name="com.activewatchdesign.essentials4/com.activewatchdesign.essentials4.MainActivity" image="essentials4"/>

	<!-- Face Morphing HD -->
	<AppIcon name="com.mixaimaging.facemorphing_hd/com.mixaimaging.facemorphing.MainActivity" image="face_morphing_hd"/>

	<!-- Facer -->
	<AppIcon name="com.jeremysteckling.facerrel/com.jeremysteckling.facerrel.Launcher" image="facer"/>

	<!-- FairEmail -->
	<AppIcon name="eu.faircode.email/eu.faircode.email.ActivityMain" image="fairemail"/>

	<!-- FakeStandby -->
	<AppIcon name="android.jonas.fakestandby/android.jonas.fakestandby.settings.SettingsActivity" image="fakestandby"/>

	<!-- Falou -->
	<AppIcon name="com.moymer.falou/com.moymer.falou.flow.onboarding.LauncherActivity" image="falou"/>

	<!-- Fancade -->
	<AppIcon name="com.martinmagni.fancade/com.martinmagni.fancade.Fancade" image="fancade"/>

	<!-- Feeder -->
	<AppIcon name="com.nononsenseapps.feeder/com.nononsenseapps.feeder.ui.MainActivity" image="feeder"/>

	<!-- Feeel -->
	<AppIcon name="com.enjoyingfoss.feeel/io.flutter.embedding.android.FlutterActivity" image="feeel"/>

	<!-- FIDO / WebAuthn Example -->
	<AppIcon name="de.cotech.hw.fido.example/de.cotech.hw.fido.example.MainActivity" image="fido_webauthn_example"/>

	<!-- Finanzguru -->
	<AppIcon name="de.dwins.financeguru/de.dwins.financeguru.SplashActivity" image="finanzguru"/>

	<!-- Find Starlink -->
	<AppIcon name="com.findstarlink/com.findstarlink.MainActivity" image="find_starlink"/>

	<!-- FindMyDevice -->
	<AppIcon name="de.nulide.findmydevice/de.nulide.findmydevice.ui.MainActivity" image="findmydevice"/>

	<!-- Flightradar24 -->
	<AppIcon name="com.flightradar24free/com.flightradar24free.feature.splash.view.SplashActivity" image="flightradar24"/>

	<!-- Fon -->
	<AppIcon name="de.avm.android.fritzapp/de.avm.android.fritzapp.gui.FRITZApp" image="fon"/>

	<!-- FS 23 -->
	<AppIcon name="com.giantssoftware.fs23.google/com.fiveplay.mod.RMS.Recovery" image="fs_23"/>

	<!-- Geldzähler -->
	<AppIcon name="com.germanfsd.money_counter/com.germanfsd.money_counter.MainActivity" image="geldzahler"/>

	<!-- Genius Scan -->
	<AppIcon name="com.thegrizzlylabs.geniusscan.free/com.thegrizzlylabs.geniusscan.ui.welcome.WelcomeActivity" image="genius_scan"/>

	<!-- Geometrie -->
	<AppIcon name="org.geogebra.android.geometry/org.geogebra.android.privatelibrary.splashscreen.SplashScreenActivity" image="geometrie"/>

	<!-- Gerätewartung -->
	<AppIcon name="com.samsung.android.lool/com.samsung.android.sm.ui.DefaultActivity" image="geratewartung"/>

	<!-- Global Goals -->
	<AppIcon name="com.samsung.sree/com.samsung.sree.ui.MainActivity" image="global_goals"/>

	<!-- Goat Run! Lite -->
	<AppIcon name="app.retro.goatlite/app.retro.cactusgame.MainActivity" image="goat_run_lite"/>

	<!-- GPS Cockpit -->
	<AppIcon name="org.woheller69.gpscockpit/org.woheller69.gpscockpit.MainActivity" image="gps_cockpit"/>

	<!-- Grasshopper -->
	<AppIcon name="com.area120.grasshopper/com.google.engedu.grasshopper.flutter.MainActivity" image="grasshopper"/>

	<!-- groceries -->
	<AppIcon name="io.ionic.starter/io.ionic.starter.MainActivity" image="groceries"/>

	<!-- Headphones -->
	<AppIcon name="com.sony.songpal.mdr/com.sony.songpal.mdr.vim.activity.MdrMainActivity" image="headphones"/>

	<!-- Home -->
	<AppIcon name="io.github.domi04151309.home/io.github.domi04151309.home.activities.SplashActivity" image="home"/>

	<!-- Home Assistant -->
	<AppIcon name="io.homeassistant.companion.android/io.homeassistant.companion.android.launch.LaunchActivity" image="home_assistant"/>

	<!-- Homescapes -->
	<AppIcon name="com.playrix.homescapes/com.playrix.homescapes.GoogleActivity" image="homescapes"/>

	<!-- Hue -->
	<AppIcon name="com.philips.lighting.hue2/com.philips.lighting.hue2.ContentActivity" image="hue"/>

	<!-- Hue Brain Games -->
	<AppIcon name="nl.wienelware.huebraingames/nl.wienelware.huebraingames.MainActivity" image="hue_brain_games"/>

	<!-- Hue Essentials -->
	<AppIcon name="com.superthomaslab.hueessentials/com.superthomaslab.hueessentials.MainActivity" image="hue_essentials"/>

	<!-- hueManic -->
	<AppIcon name="com.urbandroid.hue/com.urbandroid.hue.MainActivity" image="huemanic"/>

	<!-- I am -->
	<AppIcon name="com.hrd.iam/com.hrd.view.onboarding.OnboardingSplashActivity" image="i_am"/>

	<!-- Icon Pack Studio -->
	<AppIcon name="ginlemon.iconpackstudio/ginlemon.iconpackstudio.editor.homeActivity.HomeActivity" image="icon_pack_studio"/>

	<!-- iLightShow -->
	<AppIcon name="com.nanjoran.ilightshow/com.nanjoran.ilightshow.MainActivity" image="ilightshow"/>

	<!-- Image Sync -->
	<AppIcon name="com.ricohimaging.imagesync/com.ricohimaging.imagesync.TitleActivity" image="image_sync"/>

	<!-- Intervall Timer -->
	<AppIcon name="com.mdev.intervaltimer/com.mdev.intervaltimer.ui.MainActivity" image="intervall_timer"/>

	<!-- Intervalltimer -->
	<AppIcon name="org.secuso.privacyfriendlyintervaltimer/org.secuso.privacyfriendlyintervaltimer.activities.SplashActivity" image="intervalltimer"/>

	<!-- JBL Portable -->
	<AppIcon name="com.harman.ble.jbllink/com.harman.jbl.portable.WelcomeActivity" image="jbl_portable"/>

	<!-- jtx Board -->
	<AppIcon name="at.techbee.jtx/at.techbee.jtx.MainActivity2" image="jtx_board"/>

	<!-- KeePassDX -->
	<AppIcon name="com.kunzisoft.keepass.libre/com.kunzisoft.keepass.activities.FileDatabaseSelectActivity" image="keepassdx"/>

	<!-- Kid3 -->
	<AppIcon name="net.sourceforge.kid3/net.sourceforge.kid3.Kid3Activity" image="kid3"/>

	<!-- Kizzy -->
	<AppIcon name="com.my.kizzy/com.my.kizzy.MainActivity" image="kizzy"/>

	<!-- Kleinanzeigen -->
	<AppIcon name="com.ebay.kleinanzeigen/ebk.ui.splash.SplashActivity" image="kleinanzeigen"/>

	<!-- Kopfrechentrainer -->
	<AppIcon name="org.secuso.privacyfriendlyrecknoningskills/org.secuso.privacyfriendlyreckoningskills.activities.SplashActivity" image="kopfrechentrainer"/>

	<!-- Kore -->
	<AppIcon name="org.xbmc.kore/org.xbmc.kore.ui.sections.remote.RemoteActivity" image="kore"/>

	<!-- KulturPass DE -->
	<AppIcon name="de.bkm.kulturpass/de.bkm.kulturpass.MainActivity" image="kulturpass_de"/>

	<!-- Kvaesitso -->
	<AppIcon name="de.mm20.launcher2.release/de.mm20.launcher2.ui.launcher.LauncherActivity" image="kvaesitso"/>

	<!-- Lawnicons -->
	<AppIcon name="app.lawnchair.lawnicons/app.lawnchair.lawnicons.MainActivity" image="lawnicons"/>

	<!-- Lexica -->
	<AppIcon name="com.serwylo.lexica/com.serwylo.lexica.MainMenuActivity" image="lexica"/>

	<!-- Libby -->
	<AppIcon name="com.overdrive.mobile.android.libby/com.overdrive.mobile.android.nautilus.ui.Activity_Main" image="libby"/>

	<!-- LibreTube -->
	<AppIcon name="com.github.libretube/com.github.libretube.Default" image="libretube"/>

	<!-- LTE Discovery -->
	<AppIcon name="net.simplyadvanced.ltediscovery/net.simplyadvanced.ltediscovery.main.LtedMainActivity" image="lte_discovery"/>

	<!-- Lux-O-Meter Lichtmesser -->
	<AppIcon name="de.heidsoft.lux_o_meterlightsensor/de.heidsoft.lux_o_meterlightsensor.MainActivity" image="lux_o_meter_lichtmesser"/>

	<!-- Magic Home -->
	<AppIcon name="com.zengge.wifi/com.zengge.wifi.StartActivity" image="magic_home"/>

	<!-- Manual Camera DSLR Pro -->
	<AppIcon name="com.lensesdev.manual.camera.pro/com.antafunny.burstcamera.MainActivity" image="manual_camera_dslr_pro"/>

	<!-- Material 4 -->
	<AppIcon name="com.amoledwatchfaces.material4/com.amoledwatchfaces.material4.MainActivity" image="material_4"/>

	<!-- Mathe: Kopfrechnen Trainieren -->
	<AppIcon name="com.astepanov.mobile.mindmathtricks/com.astepanov.mobile.mindmathtricks.ui.MainActivity" image="mathe_kopfrechnen_trainieren"/>

	<!-- Megalodon -->
	<AppIcon name="org.joinmastodon.android.sk/org.joinmastodon.android.MainActivity" image="megalodon"/>

	<!-- Mein Blau -->
	<AppIcon name="telefonica.de.blau/com.tuenti.messenger.ui.activity.MainActivity" image="mein_blau"/>

	<!-- Messa Watch Companion -->
	<AppIcon name="com.messa.messabn70/com.messa.messabn70.MainMobileActivity" image="messa_watch_companion"/>

	<!-- Messa Watch Companion -->
	<AppIcon name="com.messa.messalx34/com.messa.messalx34.MainMobileActivity" image="messa_watch_companion"/>

	<!-- Mikrofon -->
	<AppIcon name="de.favo.mircophone/de.favo.mircophone.Microphone" image="mikrofon"/>

	<!-- Minetest -->
	<AppIcon name="net.minetest.minetest/net.minetest.minetest.MainActivity" image="minetest"/>

	<!-- Minimal -->
	<AppIcon name="com.GD.Minimal/com.GD.Minimal.MainActivity" image="minimal"/>

	<!-- MJ PDF -->
	<AppIcon name="com.gitlab.mudlej.MjPdfReader/com.gitlab.mudlej.MjPdfReader.LauncherAlias" image="mj_pdf"/>

	<!-- MNML Thin -->
	<AppIcon name="com.watchfacestudio.awfmnmlthin/com.watchfacestudio.awfmnmlthin.MainActivity" image="mnml_thin"/>

	<!-- Mobvoi Health -->
	<AppIcon name="com.mobvoi.companion.at/com.mobvoi.companion.aw.ui.main.HomeActivity" image="mobvoi_health"/>

	<!-- MOQO -->
	<AppIcon name="de.moqo.work/de.tamyca.fleetbutler.activities.RoutingActivity" image="moqo"/>

	<!-- Motivation -->
	<AppIcon name="com.hrd.motivation/com.hrd.view.onboarding.OnboardingSplashActivity" image="motivation"/>

	<!-- Musiksuche -->
	<AppIcon name="com.rocketsauce83.musicsearch/com.rocketsauce83.musicsearch.MainActivity" image="musiksuche"/>

	<!-- Muviz Watch Faces -->
	<AppIcon name="com.sparkine.watchfaces/com.sparkine.watchfaces.activity.OnboardActivity" image="muviz_watch_faces"/>

	<!-- MyFRITZ! -->
	<AppIcon name="de.avm.android.myfritz2/de.avm.android.one.activities.StartActivity" image="myfritz_"/>

	<!-- Neo Launcher -->
	<AppIcon name="com.saggitt.omega/com.saggitt.omega.OmegaLauncher" image="neo_launcher"/>

	<!-- Neo Store -->
	<AppIcon name="com.machiav3lli.fdroid/com.machiav3lli.fdroid.ui.activities.MainActivityX" image="neo_store"/>

	<!-- nextbike -->
	<AppIcon name="de.nextbike/net.nextbike.v3.presentation.ui.main.view.MapActivity" image="nextbike"/>

	<!-- NFC Tasks -->
	<AppIcon name="com.wakdev.nfctasks/com.wakdev.nfctasks.views.MainActivity" image="nfc_tasks"/>

	<!-- NFC Tools PRO -->
	<AppIcon name="com.wakdev.nfctools.pro/com.wakdev.nfctools.pro.views.MainActivityPro" image="nfc_tools_pro"/>

	<!-- Notizbuch -->
	<AppIcon name="com.zoho.notebook/com.zoho.notebook.activities.NoteBookActivity" image="notizbuch"/>

	<!-- Notizen -->
	<AppIcon name="com.simplemobiletools.notes.pro/com.simplemobiletools.notes.pro.activities.SplashActivity.Orange" image="notizen"/>

	<!-- Ohms Now! -->
	<AppIcon name="com.ktprograms.ohmsnow/com.ktprograms.ohmsnow.MainActivity" image="ohms_now_"/>

	<!-- Olauncher Clutter Free -->
	<AppIcon name="app.olaunchercf/app.olaunchercf.MainActivity" image="olauncher_clutter_free"/>

	<!-- Open Video Editor -->
	<AppIcon name="io.github.devhyper.openvideoeditor/io.github.devhyper.openvideoeditor.main.MainActivity" image="open_video_editor"/>

	<!-- OpenKeychain -->
	<AppIcon name="org.sufficientlysecure.keychain/org.sufficientlysecure.keychain.ui.MainActivity" image="openkeychain"/>

	<!-- OsmAnd~ -->
	<AppIcon name="net.osmand.plus/net.osmand.plus.activities.MapActivity" image="osmand_"/>

	<!-- Pacific E -->
	<AppIcon name="com.amoledwatchfaces.pacifice/com.amoledwatchfaces.pacifice.MainActivity" image="pacific_e"/>

	<!-- Package Manager -->
	<AppIcon name="com.smartpack.packagemanager/com.smartpack.packagemanager.activities.StartActivity" image="package_manager"/>

	<!-- Perplexity -->
	<AppIcon name="ai.perplexity.app.android/ai.perplexity.app.android.ui.main.MainActivity" image="perplexity"/>

	<!-- phase6 -->
	<AppIcon name="de.phase6.freeversion.beta/de.phase6.vtrainer.StartActivity" image="phase6"/>

	<!-- Phone Battery Complication -->
	<AppIcon name="com.weartools.phonebattcomp/com.weartools.phonebattcomp.MainActivity" image="phone_battery_complication"/>

	<!-- PhotoRoom -->
	<AppIcon name="com.photoroom.app/com.photoroom.application.LaunchActivity" image="photoroom"/>

	<!-- PIN Merkstrategien -->
	<AppIcon name="org.secuso.privacyfriendlypin/org.secuso.privacyfriendlypinmnemonic.SplashActivity" image="pin_merkstrategien"/>

	<!-- PixelSimple -->
	<AppIcon name="com.djay.pixelsimple/com.djay.pixelsimple.MainActivity" image="pixelsimple"/>

	<!-- Plants vs. Zombies FREE -->
	<AppIcon name="com.ea.game.pvzfree_row/com.ea.game.pvzfree_row.COPPAActivity" image="plants_vs_zombies_free"/>

	<!-- PocketBook -->
	<AppIcon name="com.obreey.reader/com.obreey.reader.StartActivity" image="pocketbook"/>

	<!-- Podcaster*innen -->
	<AppIcon name="fm.anchor.android/anchor.MainActivity" image="podcaster_innen"/>

	<!-- Port Authority -->
	<AppIcon name="com.aaronjwood.portauthority/com.aaronjwood.portauthority.activity.MainActivity" image="port_authority"/>

	<!-- Portarius -->
	<AppIcon name="si.zbe.portarius/com.example.portarius.MainActivity" image="portarius"/>

	<!-- Postident -->
	<AppIcon name="de.deutschepost.postident/de.post.ident.ui.WelcomeActivity" image="postident"/>

	<!-- PRINT -->
	<AppIcon name="jp.co.canon.bsd.ad.pixmaprint/jp.co.canon.bsd.ad.pixmaprint.EulaActivity" image="print"/>

	<!-- ProShot -->
	<AppIcon name="com.riseupgames.proshot2/com.riseupgames.proshot2.activities.PermissionsActivity" image="proshot"/>

	<!-- RadioDroid -->
	<AppIcon name="net.programmierecke.radiodroid2/net.programmierecke.radiodroid2.ActivityMain" image="radiodroid"/>

	<!-- RadioUpnp -->
	<AppIcon name="com.watea.radio_upnp/com.watea.radio_upnp.activity.MainActivity" image="radioupnp"/>

	<!-- Randomix -->
	<AppIcon name="com.minar.randomix/com.minar.randomix.activities.MainActivity" image="randomix"/>

	<!-- Readly -->
	<AppIcon name="com.readly.client/com.readly.client.activity.StarterActivity" image="readly"/>

	<!-- RealityScan -->
	<AppIcon name="com.epicgames.realityscan/com.epicgames.realityscan.MainActivity" image="realityscan"/>

	<!-- Red Is Bad -->
	<AppIcon name="com.JindoBlu.RedIsBad/com.unity3d.player.UnityPlayerProxyActivity" image="red_is_bad"/>

	<!-- RemoteCam -->
	<AppIcon name="com.samsung.android.scan3d/com.samsung.android.scan3d.CameraActivity" image="remotecam"/>

	<!-- RetroArch -->
	<AppIcon name="com.retroarch/com.retroarch.browser.mainmenu.MainMenuActivity" image="retroarch"/>

	<!-- Salon Gabi -->
	<AppIcon name="de.timeglobe.salongabi/de.timeglobe.reservation.MainActivity" image="salon_gabi"/>

	<!-- SaverTuner -->
	<AppIcon name="s1m.savertuner/com.draco.buoy.views.MainActivity" image="savertuner"/>

	<!-- SCEE -->
	<AppIcon name="de.westnordost.streetcomplete.expert/de.westnordost.streetcomplete.screens.MainActivity" image="scee"/>

	<!-- Schach -->
	<AppIcon name="uk.co.aifactory.chessfree/uk.co.aifactory.chessfree.ChessFreeActivity" image="schach"/>

	<!-- Schneidewerk -->
	<AppIcon name="de.timeglobe.schneidewerk/de.timeglobe.reservation.MainActivity" image="schneidewerk"/>

	<!-- SD Maid SE -->
	<AppIcon name="eu.darken.sdmse/eu.darken.sdmse.main.ui.MainActivity" image="sd_maid_se"/>

	<!-- Sea Battle -->
	<AppIcon name="com.byril.seabattle/com.byril.seabattle.AndroidLauncher" image="sea_battle"/>

	<!-- Seven -->
	<AppIcon name="se.perigee.android.seven/com.perigee.seven.ui.activity.SplashActivity" image="seven"/>

	<!-- Shitter -->
	<AppIcon name="org.nuclearfog.twidda/org.nuclearfog.twidda.ui.activities.MainActivity" image="shitter"/>

	<!-- Shizuku -->
	<AppIcon name="moe.shizuku.privileged.api/moe.shizuku.manager.MainActivity" image="shizuku"/>

	<!-- Shoop -->
	<AppIcon name="de.shoop.app/de.shoop.app.MainActivity" image="shoop"/>

	<!-- Signal -->
	<AppIcon name="org.thoughtcrime.securesms/org.thoughtcrime.securesms.RoutingActivityAltDark" image="signal"/>

	<!-- SIKUCONTROL -->
	<AppIcon name="de.siku.sikucontrol32/de.siku.sikucontrol32.activities.SplashActivity" image="sikucontrol"/>

	<!-- SIM Game -->
	<AppIcon name="org.chromium.webapk.af13e3e64ea59f986_v2/org.chromium.webapk.shell_apk.h2o.H2OOpaqueMainActivity" image="sim_game"/>

	<!-- Simple Digital -->
	<AppIcon name="com.amoledwatchfaces.simpledigital/com.amoledwatchfaces.simpledigital.MainActivity" image="simple_digital"/>

	<!-- Simple Time Tracker -->
	<AppIcon name="com.razeeman.util.simpletimetracker/com.example.util.simpletimetracker.ui.MainActivity" image="simple_time_tracker"/>

	<!-- Sky Map -->
	<AppIcon name="com.google.android.stardroid/com.google.android.stardroid.activities.SplashScreenActivity" image="sky_map"/>

	<!-- SkyTube Extra -->
	<AppIcon name="free.rm.skytube.extra/free.rm.skytube.gui.activities.MainActivity" image="skytube_extra"/>

	<!-- Smart Card Emulator -->
	<AppIcon name="com.vsmartcard.acardemulator/com.vsmartcard.acardemulator.MainActivity" image="smart_card_emulator"/>

	<!-- Smart Home -->
	<AppIcon name="com.bosch.sh.ui.android/com.bosch.sh.ui.android.ux.launcher.LauncherActivity" image="smart_home"/>

	<!-- Smash Hit -->
	<AppIcon name="com.mediocre.smashhit/cn.releasedata.ReleaseDataActivity.SplashActivityKing" image="smash_hit"/>

	<!-- Snapdrop -->
	<AppIcon name="com.fmsys.snapdrop/com.fmsys.snapdrop.MainActivity" image="snapdrop"/>

	<!-- SOLARMAN Intelligent -->
	<AppIcon name="com.igen.xiaomaizhidian/com.igen.rrgf.MainActivity" image="solarman_intelligent"/>

	<!-- SongTube -->
	<AppIcon name="com.artxdev.songtube/com.ryanheise.audioservice.AudioServiceActivity" image="songtube"/>

	<!-- Sonos -->
	<AppIcon name="com.sonos.acr2/com.sonos.acr.SonosLaunchActivity" image="sonos"/>

	<!-- Specifically Clementines -->
	<AppIcon name="net.shaytech.groceries/net.shaytech.groceries.MainActivity" image="specifically_clementines"/>

	<!-- SpotiFlyer -->
	<AppIcon name="com.shabinder.spotiflyer/com.shabinder.spotiflyer.ui.SplashScreenActivity" image="spotiflyer"/>

	<!-- StarkFitness -->
	<AppIcon name="se.starkapps.starkfitness/se.starkapps.starkfitness.MainActivity" image="starkfitness"/>

	<!-- Stocard -->
	<AppIcon name="de.stocard.stocard/de.stocard.ui.main.InitActivity" image="stocard"/>

	<!-- Street­Complete -->
	<AppIcon name="de.westnordost.streetcomplete/de.westnordost.streetcomplete.screens.MainActivity" image="street­complete"/>

	<!-- Street­Measure -->
	<AppIcon name="de.westnordost.streetmeasure/de.westnordost.streetmeasure.MeasureActivity" image="street­measure"/>

	<!-- StromGedacht -->
	<AppIcon name="de.transnetbw.stromgedacht/de.transnetbw.stromgedacht.MainActivity" image="stromgedacht"/>

	<!-- Stundenplan -->
	<AppIcon name="app.smart.timetable/app.smart.timetable.MainActivity" image="stundenplan"/>

	<!-- Subway Surf -->
	<AppIcon name="com.kiloo.subwaysurf/com.sybogames.chili.multidex.ChiliMultidexSupportActivity" image="subway_surf"/>

	<!-- SWU App -->
	<AppIcon name="de.hansecom.swuapp/de.hansecom.swuapp.SplashActivity" image="swu_app"/>

	<!-- Syncthing-Fork -->
	<AppIcon name="com.github.catfriend1.syncthingandroid/com.nutomic.syncthingandroid.activities.FirstStartActivity" image="syncthing_fork"/>

	<!-- Tachometer -->
	<AppIcon name="apps.r.speedometer/apps.r.speedometer.StartTheme.Charcoal" image="tachometer"/>

	<!-- tagesschau -->
	<AppIcon name="de.tagesschau/de.tagesschau.ui.splashscreen.SplashScreen" image="tagesschau"/>

	<!-- TAN2go -->
	<AppIcon name="com.starfinanz.mobile.android.dkbpushtan/com.starfinanz.mobile.android.dkbpushtan.DKBPushTan" image="tan2go"/>

	<!-- Telegram -->
	<AppIcon name="org.telegram.messenger.web/org.telegram.messenger.AquaIcon" image="telegram_aqua2"/>

	<!-- TermBot -->
	<AppIcon name="org.sufficientlysecure.termbot/org.connectbot.HostListActivity" image="termbot"/>

	<!-- TIER -->
	<AppIcon name="com.tier.app/com.tier.legacy.ui.splash.SplashActivity" image="tier"/>

	<!-- TimeLimit -->
	<AppIcon name="io.timelimit.android.aosp.direct/io.timelimit.android.ui.MainActivity" image="timelimit"/>

	<!-- TimeR Machine -->
	<AppIcon name="io.github.deweyreed.timer.other/io.github.deweyreed.timer.ui.MainActivity" image="timer_machine"/>

	<!-- TimeShow -->
	<AppIcon name="com.mobvoi.mwf.magicfaces/com.mobvoi.mwf.splash.SplashActivity" image="timeshow"/>

	<!-- Todoist -->
	<AppIcon name="com.todoist/com.todoist.alias.HomeActivityDefault" image="todoist"/>

	<!-- Toilet Finder -->
	<AppIcon name="com.bto.toilet/com.betomorrow.toiletfinder.SplashActivity" image="toilet_finder"/>

	<!-- tolino -->
	<AppIcon name="com.mytolino.app/com.musketeer.host.MainActivity" image="tolino"/>

	<!-- Too Good To Go -->
	<AppIcon name="com.app.tgtg/com.app.tgtg.activities.login.SplashActivity" image="too_good_to_go"/>

	<!-- Trinkwasser -->
	<AppIcon name="de.trinkwasser_unterwegs.www.twa/de.trinkwasser_unterwegs.www.twa.LauncherActivity" image="trinkwasser"/>

	<!-- TTS Tool -->
	<AppIcon name="de.favo.ttstool/de.favo.ttstool.Splash" image="tts_tool"/>

	<!-- TTS Util -->
	<AppIcon name="com.danefinlay.ttsutil/com.danefinlay.ttsutil.ui.MainActivity" image="tts_util"/>

	<!-- Tuya Smart -->
	<AppIcon name="com.tuya.smart/com.smart.ThingSplashActivity" image="tuya_smart"/>

	<!-- Unexpected Keyboard -->
	<AppIcon name="juloo.keyboard2/juloo.keyboard2.LauncherActivity" image="unexpected_keyboard"/>

	<!-- USA Simply Grey -->
	<AppIcon name="com.usadesign.usasimplygrey/com.usadesign.usasimplygrey.MainActivity" image="usa_simply_grey"/>

	<!-- Vanishing Hour -->
	<AppIcon name="com.watchfacedesigns.Vanish/com.watchfacedesigns.Vanish.MainActivity" image="vanishing_hour"/>

	<!-- Vespucci -->
	<AppIcon name="de.blau.android/de.blau.android.Splash" image="vespucci"/>

	<!-- vs088 -->
	<AppIcon name="com.watchfacestudio.vs088/com.watchfacestudio.vs088.MainActivity" image="vs088"/>

	<!-- WADBS -->
	<AppIcon name="com.smoothie.wirelessDebuggingSwitch/com.smoothie.wirelessDebuggingSwitch.SettingsActivity" image="wadbs"/>

	<!-- Wave -->
	<AppIcon name="com.watchfacestudio.awfwave/com.watchfacestudio.awfwave.MainActivity" image="wave"/>

	<!-- Wear OS -->
	<AppIcon name="com.google.android.wearable.app/com.google.android.clockwork.companion.launcher.LauncherActivity" image="wear os"/>

	<!-- Web Media Share -->
	<AppIcon name="com.tobykurien.webmediashare/com.tobykurien.webmediashare.activity.MainActivity" image="web_media_share"/>

	<!-- Web Opac -->
	<AppIcon name="de.geeksfactory.opacclient/de.geeksfactory.opacclient.frontend.MainActivity" image="web_opac"/>

	<!-- what3words -->
	<AppIcon name="com.what3words.android/com.what3words.android.ui.splash.SplashActivity" image="what3words"/>

	<!-- Wohin_Du_Willst -->
	<AppIcon name="de.dbregio.wohinduwillst/de.dbregio.wohinduwillst.feature.splashscreen.SplashscreenActivity" image="wohin_du_willst"/>

	<!-- Workout Pro -->
	<AppIcon name="fitness.workouts.home.workoutspro/fitness.workouts.home.workoutspro.activity.SplashActivity" image="workout_pro"/>

	<!-- Workouts Zuhause -->
	<AppIcon name="homeworkout.homeworkouts.noequipment/homeworkout.homeworkouts.noequipment.SplashActivity" image="workouts_zuhause"/>

	<!-- WTMP -->
	<AppIcon name="com.wtmp.svdsoftware/com.wtmp.ui.HostActivity" image="wtmp"/>

	<!-- Wunderfind -->
	<AppIcon name="com.hf.findlostdevice/com.hf.findlostdevice.DeviceListActivity" image="wunderfind"/>

	<!-- Würfelspiel -->
	<AppIcon name="org.secuso.privacyfriendlyyahtzeedicer/org.secuso.privacyfriendlydicegame.SplashActivity" image="wurfelspiel"/>

	<!-- YAACC -->
	<AppIcon name="de.yaacc/de.yaacc.browser.TabBrowserActivity" image="yaacc"/>

	<!-- YouGov -->
	<AppIcon name="com.yougov.mobile.online/com.yougov.init.InitActivity" image="yougov"/>

	<!-- zave.it -->
	<AppIcon name="it.zave.app/it.zave.app.MainActivity" image="zaveit"/>

	<!-- ZDFheute -->
	<AppIcon name="de.heute.mobile/de.heute.mobile.ui.MainActivity" image="zdfheute"/>

	<!-- Zeichnen -->
	<AppIcon name="com.simplemobiletools.draw.pro/com.simplemobiletools.draw.pro.activities.SplashActivity.Orange" image="zeichnen"/>

	<!-- zsTgriZxoUTLGtQ -->
	<AppIcon name="ru.ejtclqof.wbpztuets/ru.ejtclqof.wbpztuets.MainActivity1" image="lucky_patcher"/>

	<!-- Zu gut für die Tonne! - App -->
	<AppIcon name="app.zugutfuerdietonne/app.zugutfuerdietonne.MainActivity" image="zu_gut_fur_die_tonne_app"/>

</Theme>