<resources>

	<!-- Arcticons -->
	<item component="ComponentInfo{com.donnnno.arcticons/com.donnnno.arcticons.activities.MainActivity}" drawable="arcticons" />

	<!-- BHIM -->
	<item component="ComponentInfo{in.org.npci.upiapp/mpacjhvlt.n}" drawable="bhim" />

	<!-- BHIM IOB UPI -->
	<item component="ComponentInfo{com.euronet.iobupi/com.euronet.iobupi.MainActivity}" drawable="bhim_iob_upi" />

	<!-- Camera -->
	<item component="ComponentInfo{com.nothing.camera/com.nothing.camera.activity.CameraActivity}" drawable="camera" />

	<!-- Car Report -->
	<item component="ComponentInfo{me.kuehle.carreport/me.kuehle.carreport.gui.MainActivity}" drawable="car_report" />

	<!-- Casio G-Shock Smart Sync -->
	<item component="ComponentInfo{org.avmedia.gshockGoogleSync/org.avmedia.gShockPhoneSync.MainActivity}" drawable="casio_g_shock_smart_sync" />

	<!-- CASIO WATCHES -->
	<item component="ComponentInfo{com.casio.wac_app/com.casio.wac_app.MainActivity}" drawable="casio_watches" />

	<!-- Clock -->
	<item component="ComponentInfo{com.best.deskclock/com.best.deskclock.DeskClock}" drawable="clock" />

	<!-- Delta -->
	<item component="ComponentInfo{website.leifs.delta.foss/website.leifs.delta.activities.MainActivity}" drawable="delta" />

	<!-- Download Navi -->
	<item component="ComponentInfo{com.tachibana.downloader/com.tachibana.downloader.ui.main.MainActivity}" drawable="download_navi" />

	<!-- Etar -->
	<item component="ComponentInfo{ws.xsoh.etar/com.android.calendar.AllInOneActivity}" drawable="etar" />

	<!-- Gallery -->
	<item component="ComponentInfo{org.fossify.gallery/org.fossify.gallery.activities.SplashActivity.Blue}" drawable="gallery" />

	<!-- IOB Mobile -->
	<item component="ComponentInfo{com.fss.iob6/com.fss.iob6.MainActivity}" drawable="iob_mobile" />

	<!-- Mercurygram -->
	<item component="ComponentInfo{it.belloworld.mercurygram/org.telegram.messenger.DefaultIcon}" drawable="mercurygram" />

	<!-- Messages -->
	<item component="ComponentInfo{org.fossify.messages/org.fossify.messages.activities.SplashActivity.Light_blue}" drawable="messages" />

	<!-- Music Center -->
	<item component="ComponentInfo{com.sony.songpal/com.sony.songpal.app.view.overview.DeviceAndGroupActivity}" drawable="music_center" />

	<!-- MyGate -->
	<item component="ComponentInfo{com.mygate.user/com.mygate.user.modules.shared.SplashActivity}" drawable="mygate" />

	<!-- Ola -->
	<item component="ComponentInfo{com.olacabs.customer/com.olacabs.customer.ui.SplashActivity}" drawable="ola" />

	<!-- OpenBoard -->
	<item component="ComponentInfo{org.dslul.openboard.inputmethod.latin/org.dslul.openboard.inputmethod.latin.setup.SetupActivity}" drawable="openboard" />

	<!-- Popcorn Time -->
	<item component="ComponentInfo{dp.ws.popcorntime/se.popcorn_time.mobile.ui.MainActivity}" drawable="popcorn_time" />

	<!-- Recorder -->
	<item component="ComponentInfo{com.nothing.soundrecorder/com.nothing.soundrecorder.ui.NewMainActivity}" drawable="recorder" />

	<!-- SatStat -->
	<item component="ComponentInfo{com.vonglasow.michael.satstat/com.vonglasow.michael.satstat.ui.MainActivity}" drawable="satstat" />

	<!-- SimplyTranslate Mobile -->
	<item component="ComponentInfo{com.simplytranslate_mobile/com.simplytranslate_mobile.MainActivity}" drawable="simplytranslate_mobile" />

	<!-- SolitaireCG -->
	<item component="ComponentInfo{net.sourceforge.solitaire_cg/net.sourceforge.solitaire_cg.SolitaireCG}" drawable="solitairecg" />

	<!-- Weather -->
	<item component="ComponentInfo{com.nothing.weather/com.nothing.weather.ui.main.MainActivity}" drawable="weather" />

	<!-- Yono Lite SBI -->
	<item component="ComponentInfo{com.sbi.SBIFreedomPlus/com.sbi.SBIFreedomPlus.SBIYonoLite}" drawable="yono_lite_sbi" />

</resources>