<resources>

	<!-- AnySoftKeyboard Canary -->
	<item component="ComponentInfo{com.menny.android.anysoftkeyboard/com.menny.android.anysoftkeyboard.LauncherSettingsActivity}" drawable="anysoftkeyboard_canary" />

	<!-- Aves Libre -->
	<item component="ComponentInfo{deckers.thibault.aves.libre/deckers.thibault.aves.MainActivity}" drawable="aves_libre" />

	<!-- Boorusama -->
	<item component="ComponentInfo{com.degenk.boorusama/com.degenk.boorusama.MainActivity}" drawable="boorusama" />

	<!-- Chrono -->
	<item component="ComponentInfo{com.vicolo.chrono/com.vicolo.chrono.MainActivity}" drawable="chrono" />

	<!-- Discord -->
	<item component="ComponentInfo{com.discord/com.discord.main.MainCircuit}" drawable="discord" />

	<!-- Droid-ify -->
	<item component="ComponentInfo{com.looker.droidify/com.looker.droidify.MainActivity}" drawable="droid_ify" />

	<!-- DroidFish -->
	<item component="ComponentInfo{org.petero.droidfish/org.petero.droidfish.DroidFish}" drawable="droidfish" />

	<!-- Droidsound-E -->
	<item component="ComponentInfo{com.droidmjt.droidsounde/com.droidmjt.droidsounde.PlayerActivity}" drawable="droidsound_e" />

	<!-- Easy Noise -->
	<item component="ComponentInfo{com.cliambrown.easynoise/com.cliambrown.easynoise.MainActivity}" drawable="easy_noise" />

	<!-- Family Gem -->
	<item component="ComponentInfo{app.familygem/app.familygem.LauncherActivity}" drawable="family_gem" />

	<!-- Fast Draw -->
	<item component="ComponentInfo{peterfajdiga.fastdraw/peterfajdiga.fastdraw.activities.MainActivity}" drawable="fast_draw" />

	<!-- Fast Draw Preferences -->
	<item component="ComponentInfo{peterfajdiga.fastdraw/peterfajdiga.fastdraw.activities.SettingsActivity}" drawable="fast_draw_preferences" />

	<!-- Fcitx5 for Android -->
	<item component="ComponentInfo{org.fcitx.fcitx5.android/org.fcitx.fcitx5.android.ui.main.MainActivity}" drawable="fcitx5_for_android" />

	<!-- FlorisBoard Beta -->
	<item component="ComponentInfo{dev.patrickgold.florisboard.beta/dev.patrickgold.florisboard.SettingsLauncherAlias}" drawable="florisboard_beta" />

	<!-- Forkyz -->
	<item component="ComponentInfo{app.crossword.yourealwaysbe.forkyz/app.crossword.yourealwaysbe.forkyz.BrowseActivity}" drawable="forkyz" />

	<!-- FreePaint -->
	<item component="ComponentInfo{io.github.pastthepixels.freepaint/io.github.pastthepixels.freepaint.MainActivity}" drawable="freepaint" />

	<!-- HyperRogue Gold -->
	<item component="ComponentInfo{com.roguetemple.hyperroidgold/com.roguetemple.hyperroidgold.HyperRogue}" drawable="hyperrogue_gold" />

	<!-- KDE Connect -->
	<item component="ComponentInfo{org.kde.kdeconnect_tp/org.kde.kdeconnect.UserInterface.MainActivity}" drawable="kde_connect" />

	<!-- Living Worlds -->
	<item component="ComponentInfo{com.pixfabrik.livingworlds/com.pixfabrik.livingworlds.MainActivity}" drawable="living_worlds" />

	<!-- Markor -->
	<item component="ComponentInfo{net.gsantner.markor/net.gsantner.markor.activity.MainActivity}" drawable="markor" />

	<!-- MJ PDF -->
	<item component="ComponentInfo{com.gitlab.mudlej.MjPdfReader/com.gitlab.mudlej.MjPdfReader.LauncherAlias}" drawable="mj_pdf" />

	<!-- OsmAnd~ -->
	<item component="ComponentInfo{net.osmand.plus/net.osmand.plus.activities.MapActivity}" drawable="osmand_" />

	<!-- Puzzles -->
	<item component="ComponentInfo{name.boyle.chris.sgtpuzzles/name.boyle.chris.sgtpuzzles.SGTPuzzles}" drawable="puzzles" />

	<!-- PySolFC -->
	<item component="ComponentInfo{org.lufebe16.pysolfc/org.kivy.android.PythonActivity}" drawable="pysolfc" />

	<!-- QUIK -->
	<item component="ComponentInfo{dev.octoshrimpy.quik/dev.octoshrimpy.quik.feature.main.MainActivity}" drawable="quik" />

	<!-- RadioDroid -->
	<item component="ComponentInfo{net.programmierecke.radiodroid2/net.programmierecke.radiodroid2.ActivityMain}" drawable="radiodroid" />

	<!-- Randomix -->
	<item component="ComponentInfo{com.minar.randomix/com.minar.randomix.activities.MainActivity}" drawable="randomix" />

	<!-- RedReader -->
	<item component="ComponentInfo{org.quantumbadger.redreader/org.quantumbadger.redreader.activities.MainActivity}" drawable="redreader" />

	<!-- RHVoice -->
	<item component="ComponentInfo{com.github.olga_yakovleva.rhvoice.android/com.github.olga_yakovleva.rhvoice.android.MainActivity}" drawable="rhvoice" />

	<!-- Sayboard -->
	<item component="ComponentInfo{com.elishaazaria.sayboard/com.elishaazaria.sayboard.SettingsActivity}" drawable="sayboard" />

	<!-- Squawker -->
	<item component="ComponentInfo{org.ca.squawker/org.ca.squawker.MainActivity}" drawable="squawker" />

	<!-- SystemUI Tuner -->
	<item component="ComponentInfo{com.zacharee1.systemuituner/com.zacharee1.systemuituner.MainActivity}" drawable="systemui_tuner" />

	<!-- Thumb-Key -->
	<item component="ComponentInfo{com.dessalines.thumbkey/com.dessalines.thumbkey.MainActivity}" drawable="thumb_key" />

	<!-- tldr -->
	<item component="ComponentInfo{wtf.technodisaster.tldr/wtf.technodisaster.tldr.MainActivity}" drawable="tldr" />

	<!-- TTS Util -->
	<item component="ComponentInfo{com.danefinlay.ttsutil/com.danefinlay.ttsutil.ui.MainActivity}" drawable="tts_util" />

	<!-- Vector Pinball -->
	<item component="ComponentInfo{com.dozingcatsoftware.bouncy/com.dozingcatsoftware.bouncy.BouncyActivity}" drawable="vector_pinball" />

	<!-- Wall You -->
	<item component="ComponentInfo{com.bnyro.wallpaper/com.bnyro.wallpaper.ui.activities.MainActivity}" drawable="wall_you" />

	<!-- Wikipedia Beta -->
	<item component="ComponentInfo{org.wikipedia.beta/org.wikipedia.main.MainActivity}" drawable="wikipedia_beta" />

	<!-- wX -->
	<item component="ComponentInfo{joshuatee.wx/joshuatee.wx.StartupActivity}" drawable="wx" />

	<!-- XScreenSaver -->
	<item component="ComponentInfo{org.jwz.android.xscreensaver/org.jwz.xscreensaver.Activity}" drawable="xscreensaver" />

</resources>