<appmap>

	<!-- AnySoftKeyboard Canary -->
	<item class="com.menny.android.anysoftkeyboard.LauncherSettingsActivity" name="anysoftkeyboard_canary"/>

	<!-- Aves Libre -->
	<item class="deckers.thibault.aves.MainActivity" name="aves_libre"/>

	<!-- Boorusama -->
	<item class="com.degenk.boorusama.MainActivity" name="boorusama"/>

	<!-- Chrono -->
	<item class="com.vicolo.chrono.MainActivity" name="chrono"/>

	<!-- Discord -->
	<item class="com.discord.main.MainCircuit" name="discord"/>

	<!-- Droid-ify -->
	<item class="com.looker.droidify.MainActivity" name="droid_ify"/>

	<!-- DroidFish -->
	<item class="org.petero.droidfish.DroidFish" name="droidfish"/>

	<!-- Droidsound-E -->
	<item class="com.droidmjt.droidsounde.PlayerActivity" name="droidsound_e"/>

	<!-- Easy Noise -->
	<item class="com.cliambrown.easynoise.MainActivity" name="easy_noise"/>

	<!-- Family Gem -->
	<item class="app.familygem.LauncherActivity" name="family_gem"/>

	<!-- Fast Draw -->
	<item class="peterfajdiga.fastdraw.activities.MainActivity" name="fast_draw"/>

	<!-- Fast Draw Preferences -->
	<item class="peterfajdiga.fastdraw.activities.SettingsActivity" name="fast_draw_preferences"/>

	<!-- Fcitx5 for Android -->
	<item class="org.fcitx.fcitx5.android.ui.main.MainActivity" name="fcitx5_for_android"/>

	<!-- FlorisBoard Beta -->
	<item class="dev.patrickgold.florisboard.SettingsLauncherAlias" name="florisboard_beta"/>

	<!-- Forkyz -->
	<item class="app.crossword.yourealwaysbe.forkyz.BrowseActivity" name="forkyz"/>

	<!-- FreePaint -->
	<item class="io.github.pastthepixels.freepaint.MainActivity" name="freepaint"/>

	<!-- HyperRogue Gold -->
	<item class="com.roguetemple.hyperroidgold.HyperRogue" name="hyperrogue_gold"/>

	<!-- KDE Connect -->
	<item class="org.kde.kdeconnect.UserInterface.MainActivity" name="kde_connect"/>

	<!-- Living Worlds -->
	<item class="com.pixfabrik.livingworlds.MainActivity" name="living_worlds"/>

	<!-- Markor -->
	<item class="net.gsantner.markor.activity.MainActivity" name="markor"/>

	<!-- MJ PDF -->
	<item class="com.gitlab.mudlej.MjPdfReader.LauncherAlias" name="mj_pdf"/>

	<!-- OsmAnd~ -->
	<item class="net.osmand.plus.activities.MapActivity" name="osmand_"/>

	<!-- Puzzles -->
	<item class="name.boyle.chris.sgtpuzzles.SGTPuzzles" name="puzzles"/>

	<!-- PySolFC -->
	<item class="org.kivy.android.PythonActivity" name="pysolfc"/>

	<!-- QUIK -->
	<item class="dev.octoshrimpy.quik.feature.main.MainActivity" name="quik"/>

	<!-- RadioDroid -->
	<item class="net.programmierecke.radiodroid2.ActivityMain" name="radiodroid"/>

	<!-- Randomix -->
	<item class="com.minar.randomix.activities.MainActivity" name="randomix"/>

	<!-- RedReader -->
	<item class="org.quantumbadger.redreader.activities.MainActivity" name="redreader"/>

	<!-- RHVoice -->
	<item class="com.github.olga_yakovleva.rhvoice.android.MainActivity" name="rhvoice"/>

	<!-- Sayboard -->
	<item class="com.elishaazaria.sayboard.SettingsActivity" name="sayboard"/>

	<!-- Squawker -->
	<item class="org.ca.squawker.MainActivity" name="squawker"/>

	<!-- SystemUI Tuner -->
	<item class="com.zacharee1.systemuituner.MainActivity" name="systemui_tuner"/>

	<!-- Thumb-Key -->
	<item class="com.dessalines.thumbkey.MainActivity" name="thumb_key"/>

	<!-- tldr -->
	<item class="wtf.technodisaster.tldr.MainActivity" name="tldr"/>

	<!-- TTS Util -->
	<item class="com.danefinlay.ttsutil.ui.MainActivity" name="tts_util"/>

	<!-- Vector Pinball -->
	<item class="com.dozingcatsoftware.bouncy.BouncyActivity" name="vector_pinball"/>

	<!-- Wall You -->
	<item class="com.bnyro.wallpaper.ui.activities.MainActivity" name="wall_you"/>

	<!-- Wikipedia Beta -->
	<item class="org.wikipedia.main.MainActivity" name="wikipedia_beta"/>

	<!-- wX -->
	<item class="joshuatee.wx.StartupActivity" name="wx"/>

	<!-- XScreenSaver -->
	<item class="org.jwz.xscreensaver.Activity" name="xscreensaver"/>

</appmap>