<Theme version="1">

	<!-- AnySoftKeyboard Canary -->
	<AppIcon name="com.menny.android.anysoftkeyboard/com.menny.android.anysoftkeyboard.LauncherSettingsActivity" image="anysoftkeyboard_canary"/>

	<!-- Aves Libre -->
	<AppIcon name="deckers.thibault.aves.libre/deckers.thibault.aves.MainActivity" image="aves_libre"/>

	<!-- Boorusama -->
	<AppIcon name="com.degenk.boorusama/com.degenk.boorusama.MainActivity" image="boorusama"/>

	<!-- Chrono -->
	<AppIcon name="com.vicolo.chrono/com.vicolo.chrono.MainActivity" image="chrono"/>

	<!-- Discord -->
	<AppIcon name="com.discord/com.discord.main.MainCircuit" image="discord"/>

	<!-- Droid-ify -->
	<AppIcon name="com.looker.droidify/com.looker.droidify.MainActivity" image="droid_ify"/>

	<!-- DroidFish -->
	<AppIcon name="org.petero.droidfish/org.petero.droidfish.DroidFish" image="droidfish"/>

	<!-- Droidsound-E -->
	<AppIcon name="com.droidmjt.droidsounde/com.droidmjt.droidsounde.PlayerActivity" image="droidsound_e"/>

	<!-- Easy Noise -->
	<AppIcon name="com.cliambrown.easynoise/com.cliambrown.easynoise.MainActivity" image="easy_noise"/>

	<!-- Family Gem -->
	<AppIcon name="app.familygem/app.familygem.LauncherActivity" image="family_gem"/>

	<!-- Fast Draw -->
	<AppIcon name="peterfajdiga.fastdraw/peterfajdiga.fastdraw.activities.MainActivity" image="fast_draw"/>

	<!-- Fast Draw Preferences -->
	<AppIcon name="peterfajdiga.fastdraw/peterfajdiga.fastdraw.activities.SettingsActivity" image="fast_draw_preferences"/>

	<!-- Fcitx5 for Android -->
	<AppIcon name="org.fcitx.fcitx5.android/org.fcitx.fcitx5.android.ui.main.MainActivity" image="fcitx5_for_android"/>

	<!-- FlorisBoard Beta -->
	<AppIcon name="dev.patrickgold.florisboard.beta/dev.patrickgold.florisboard.SettingsLauncherAlias" image="florisboard_beta"/>

	<!-- Forkyz -->
	<AppIcon name="app.crossword.yourealwaysbe.forkyz/app.crossword.yourealwaysbe.forkyz.BrowseActivity" image="forkyz"/>

	<!-- FreePaint -->
	<AppIcon name="io.github.pastthepixels.freepaint/io.github.pastthepixels.freepaint.MainActivity" image="freepaint"/>

	<!-- HyperRogue Gold -->
	<AppIcon name="com.roguetemple.hyperroidgold/com.roguetemple.hyperroidgold.HyperRogue" image="hyperrogue_gold"/>

	<!-- KDE Connect -->
	<AppIcon name="org.kde.kdeconnect_tp/org.kde.kdeconnect.UserInterface.MainActivity" image="kde_connect"/>

	<!-- Living Worlds -->
	<AppIcon name="com.pixfabrik.livingworlds/com.pixfabrik.livingworlds.MainActivity" image="living_worlds"/>

	<!-- Markor -->
	<AppIcon name="net.gsantner.markor/net.gsantner.markor.activity.MainActivity" image="markor"/>

	<!-- MJ PDF -->
	<AppIcon name="com.gitlab.mudlej.MjPdfReader/com.gitlab.mudlej.MjPdfReader.LauncherAlias" image="mj_pdf"/>

	<!-- OsmAnd~ -->
	<AppIcon name="net.osmand.plus/net.osmand.plus.activities.MapActivity" image="osmand_"/>

	<!-- Puzzles -->
	<AppIcon name="name.boyle.chris.sgtpuzzles/name.boyle.chris.sgtpuzzles.SGTPuzzles" image="puzzles"/>

	<!-- PySolFC -->
	<AppIcon name="org.lufebe16.pysolfc/org.kivy.android.PythonActivity" image="pysolfc"/>

	<!-- QUIK -->
	<AppIcon name="dev.octoshrimpy.quik/dev.octoshrimpy.quik.feature.main.MainActivity" image="quik"/>

	<!-- RadioDroid -->
	<AppIcon name="net.programmierecke.radiodroid2/net.programmierecke.radiodroid2.ActivityMain" image="radiodroid"/>

	<!-- Randomix -->
	<AppIcon name="com.minar.randomix/com.minar.randomix.activities.MainActivity" image="randomix"/>

	<!-- RedReader -->
	<AppIcon name="org.quantumbadger.redreader/org.quantumbadger.redreader.activities.MainActivity" image="redreader"/>

	<!-- RHVoice -->
	<AppIcon name="com.github.olga_yakovleva.rhvoice.android/com.github.olga_yakovleva.rhvoice.android.MainActivity" image="rhvoice"/>

	<!-- Sayboard -->
	<AppIcon name="com.elishaazaria.sayboard/com.elishaazaria.sayboard.SettingsActivity" image="sayboard"/>

	<!-- Squawker -->
	<AppIcon name="org.ca.squawker/org.ca.squawker.MainActivity" image="squawker"/>

	<!-- SystemUI Tuner -->
	<AppIcon name="com.zacharee1.systemuituner/com.zacharee1.systemuituner.MainActivity" image="systemui_tuner"/>

	<!-- Thumb-Key -->
	<AppIcon name="com.dessalines.thumbkey/com.dessalines.thumbkey.MainActivity" image="thumb_key"/>

	<!-- tldr -->
	<AppIcon name="wtf.technodisaster.tldr/wtf.technodisaster.tldr.MainActivity" image="tldr"/>

	<!-- TTS Util -->
	<AppIcon name="com.danefinlay.ttsutil/com.danefinlay.ttsutil.ui.MainActivity" image="tts_util"/>

	<!-- Vector Pinball -->
	<AppIcon name="com.dozingcatsoftware.bouncy/com.dozingcatsoftware.bouncy.BouncyActivity" image="vector_pinball"/>

	<!-- Wall You -->
	<AppIcon name="com.bnyro.wallpaper/com.bnyro.wallpaper.ui.activities.MainActivity" image="wall_you"/>

	<!-- Wikipedia Beta -->
	<AppIcon name="org.wikipedia.beta/org.wikipedia.main.MainActivity" image="wikipedia_beta"/>

	<!-- wX -->
	<AppIcon name="joshuatee.wx/joshuatee.wx.StartupActivity" image="wx"/>

	<!-- XScreenSaver -->
	<AppIcon name="org.jwz.android.xscreensaver/org.jwz.xscreensaver.Activity" image="xscreensaver"/>

</Theme>