<resources>

	<!-- Antistress -->
	<item component="ComponentInfo{com.JindoBlu.Antistress/com.unity3d.player.UnityPlayerActivity}" drawable="antistress" />

	<!-- App Ops -->
	<item component="ComponentInfo{rikka.appops/rikka.appops.home.HomeActivity}" drawable="app_ops" />

	<!-- Bitmask -->
	<item component="ComponentInfo{se.leap.bitmaskclient/se.leap.bitmaskclient.base.StartActivity}" drawable="bitmask" />

	<!-- biubiuvpn -->
	<item component="ComponentInfo{app.biubiuvpn.biubiuvpn/app.biubiuvpn.biubiuvpn.MainActivity}" drawable="biubiuvpn" />

	<!-- Candy VPN -->
	<item component="ComponentInfo{com.candy.vpn/com.utils.SplashActivity}" drawable="candy_vpn" />

	<!-- Change My Mac -->
	<item component="ComponentInfo{net.xnano.android.changemymac/net.xnano.android.changemymac.MainActivity}" drawable="change_my_mac" />

	<!-- DnsChanger -->
	<item component="ComponentInfo{com.frostnerd.dnschanger/com.frostnerd.dnschanger.activities.PinActivity}" drawable="dnschanger" />

	<!-- Every Proxy -->
	<item component="ComponentInfo{com.gorillasoftware.everyproxy/com.gorillasoftware.everyproxy.EveryProxyActivity}" drawable="every_proxy" />

	<!-- FDE.AI -->
	<item component="ComponentInfo{com.ayljzuwumq.xhvqifaxmb/com.feravolt.fdeai.ui.MainActivity}" drawable="fdeai" />

	<!-- FDM -->
	<item component="ComponentInfo{org.freedownloadmanager.fdm/org.freedownloadmanager.fdm.MyActivity}" drawable="fdm" />

	<!-- Fidibo -->
	<item component="ComponentInfo{com.fidibo.app/com.fidibo.app.MainActivity}" drawable="fidibo" />

	<!-- Geph -->
	<item component="ComponentInfo{io.geph.android/io.geph.android.MainActivity}" drawable="geph" />

	<!-- Ice -->
	<item component="ComponentInfo{io.ice.app/io.ice.app.MainActivity}" drawable="ice" />

	<!-- Iconify -->
	<item component="ComponentInfo{com.drdisagree.iconify/com.drdisagree.iconify.SplashActivity}" drawable="iconify" />

	<!-- Invisible Widget -->
	<item component="ComponentInfo{fr.mathis.invisiblewidget/fr.mathis.invisiblewidget.MainActivity}" drawable="invisible_widget" />

	<!-- Key Attestation -->
	<item component="ComponentInfo{io.github.vvb2060.keyattestation/io.github.vvb2060.keyattestation.home.HomeActivity}" drawable="key_attestation" />

	<!-- Kotatsu -->
	<item component="ComponentInfo{org.koitharu.kotatsu/org.koitharu.kotatsu.main.ui.MainActivity}" drawable="kotatsu" />

	<!-- Ledger Live -->
	<item component="ComponentInfo{com.ledger.live/com.ledger.live.MainActivity}" drawable="ledger_live" />

	<!-- Logcat Extreme -->
	<item component="ComponentInfo{scd.lcex/scd.lcex.ActivityMain}" drawable="logcat_extreme" />

	<!-- Minesweeper -->
	<item component="ComponentInfo{ee.dustland.android.minesweeper/ee.dustland.android.minesweeper.MinesweeperHostActivity}" drawable="minesweeper" />

	<!-- Npv Tunnel -->
	<item component="ComponentInfo{com.napsternetlabs.napsternetv/com.napsternetlabs.napsternetv.kkAhtatwbwcyv}" drawable="npv_tunnel" />

	<!-- OP Auto Clicker -->
	<item component="ComponentInfo{com.opautoclicker.autoclicker/com.opautoclicker.autoclicker.activities.MainActivity}" drawable="op_auto_clicker" />

	<!-- Orbot -->
	<item component="ComponentInfo{org.torproject.android/org.torproject.android.OrbotActivity}" drawable="orbot" />

	<!-- Oto Music -->
	<item component="ComponentInfo{com.piyush.music/com.piyush.music.activities.main.MainActivity}" drawable="oto_music" />

	<!-- PDF Viewer -->
	<item component="ComponentInfo{app.grapheneos.pdfviewer.play/app.grapheneos.pdfviewer.PdfViewer}" drawable="pdf_viewer" />

	<!-- Periodic Table -->
	<item component="ComponentInfo{mendeleev.redlime/mendeleev.redlime.ui.main.MainActivity}" drawable="periodic_table" />

	<!-- Pi -->
	<item component="ComponentInfo{com.blockchainvault/com.pinetwork.MainActivity}" drawable="pi" />

	<!-- Pi Browser -->
	<item component="ComponentInfo{pi.browser/com.pinetwork.MainActivity}" drawable="pi_browser" />

	<!-- Pixel Launcher Mods -->
	<item component="ComponentInfo{com.kieronquinn.app.pixellaunchermods/com.kieronquinn.app.pixellaunchermods.ui.activities.MainActivity}" drawable="pixel_launcher_mods" />

	<!-- Plato -->
	<item component="ComponentInfo{com.plato.android/com.playchat.ui.activity.SplashActivity}" drawable="plato" />

	<!-- Psiphon -->
	<item component="ComponentInfo{com.psiphon3/com.psiphon3.MainActivity}" drawable="psiphon" />

	<!-- Ricochlime -->
	<item component="ComponentInfo{com.adilhanney.ricochlime/com.adilhanney.ricochlime.MainActivity}" drawable="ricochlime" />

	<!-- SD Maid SE -->
	<item component="ComponentInfo{eu.darken.sdmse/eu.darken.sdmse.main.ui.MainActivity}" drawable="sd_maid_se" />

	<!-- SpaceHey Mobile -->
	<item component="ComponentInfo{com.spacehey.app/com.example.spacehey.MainActivity}" drawable="spacehey_mobile" />

	<!-- TakoStats -->
	<item component="ComponentInfo{rikka.fpsmonitor/rikka.fpsmonitor.component.home.HomeActivity}" drawable="takostats" />

	<!-- TB Checker -->
	<item component="ComponentInfo{krypton.tbsafetychecker/krypton.tbsafetychecker.main.MainActivity}" drawable="tb_checker" />

	<!-- Telegram -->
	<item component="ComponentInfo{org.telegram.messenger.web/org.telegram.messenger.DefaultIcon}" drawable="telegram" />

	<!-- Trust Wallet -->
	<item component="ComponentInfo{com.wallet.crypto.trustapp/com.wallet.crypto.trustapp.ui.app.AppActivity}" drawable="trust_wallet" />

	<!-- Weather -->
	<item component="ComponentInfo{com.google.android.googlequicksearchbox/com.google.android.apps.search.weather.entrypoints.appicon.WeatherAppIconActivity}" drawable="weather" />

	<!-- Windscribe -->
	<item component="ComponentInfo{com.windscribe.vpn/com.windscribe.mobile.splash.SplashActivity}" drawable="windscribe" />

	<!-- XSCamera2 -->
	<item component="ComponentInfo{me.jagar.xscamera2/me.jagar.xscamera2.activities.MainActivity}" drawable="xscamera2" />

	<!-- شب‌های مافیا -->
	<item component="ComponentInfo{com.filimo.mafia/com.google.firebase.MessagingUnityPlayerActivity}" drawable="شب‌های_مافیا" />

</resources>