<appmap>

	<!-- Antistress -->
	<item class="com.unity3d.player.UnityPlayerActivity" name="antistress"/>

	<!-- App Ops -->
	<item class="rikka.appops.home.HomeActivity" name="app_ops"/>

	<!-- Bitmask -->
	<item class="se.leap.bitmaskclient.base.StartActivity" name="bitmask"/>

	<!-- biubiuvpn -->
	<item class="app.biubiuvpn.biubiuvpn.MainActivity" name="biubiuvpn"/>

	<!-- Candy VPN -->
	<item class="com.utils.SplashActivity" name="candy_vpn"/>

	<!-- Change My Mac -->
	<item class="net.xnano.android.changemymac.MainActivity" name="change_my_mac"/>

	<!-- DnsChanger -->
	<item class="com.frostnerd.dnschanger.activities.PinActivity" name="dnschanger"/>

	<!-- Every Proxy -->
	<item class="com.gorillasoftware.everyproxy.EveryProxyActivity" name="every_proxy"/>

	<!-- FDE.AI -->
	<item class="com.feravolt.fdeai.ui.MainActivity" name="fdeai"/>

	<!-- FDM -->
	<item class="org.freedownloadmanager.fdm.MyActivity" name="fdm"/>

	<!-- Fidibo -->
	<item class="com.fidibo.app.MainActivity" name="fidibo"/>

	<!-- Geph -->
	<item class="io.geph.android.MainActivity" name="geph"/>

	<!-- Ice -->
	<item class="io.ice.app.MainActivity" name="ice"/>

	<!-- Iconify -->
	<item class="com.drdisagree.iconify.SplashActivity" name="iconify"/>

	<!-- Invisible Widget -->
	<item class="fr.mathis.invisiblewidget.MainActivity" name="invisible_widget"/>

	<!-- Key Attestation -->
	<item class="io.github.vvb2060.keyattestation.home.HomeActivity" name="key_attestation"/>

	<!-- Kotatsu -->
	<item class="org.koitharu.kotatsu.main.ui.MainActivity" name="kotatsu"/>

	<!-- Ledger Live -->
	<item class="com.ledger.live.MainActivity" name="ledger_live"/>

	<!-- Logcat Extreme -->
	<item class="scd.lcex.ActivityMain" name="logcat_extreme"/>

	<!-- Minesweeper -->
	<item class="ee.dustland.android.minesweeper.MinesweeperHostActivity" name="minesweeper"/>

	<!-- Npv Tunnel -->
	<item class="com.napsternetlabs.napsternetv.kkAhtatwbwcyv" name="npv_tunnel"/>

	<!-- OP Auto Clicker -->
	<item class="com.opautoclicker.autoclicker.activities.MainActivity" name="op_auto_clicker"/>

	<!-- Orbot -->
	<item class="org.torproject.android.OrbotActivity" name="orbot"/>

	<!-- Oto Music -->
	<item class="com.piyush.music.activities.main.MainActivity" name="oto_music"/>

	<!-- PDF Viewer -->
	<item class="app.grapheneos.pdfviewer.PdfViewer" name="pdf_viewer"/>

	<!-- Periodic Table -->
	<item class="mendeleev.redlime.ui.main.MainActivity" name="periodic_table"/>

	<!-- Pi -->
	<item class="com.pinetwork.MainActivity" name="pi"/>

	<!-- Pi Browser -->
	<item class="com.pinetwork.MainActivity" name="pi_browser"/>

	<!-- Pixel Launcher Mods -->
	<item class="com.kieronquinn.app.pixellaunchermods.ui.activities.MainActivity" name="pixel_launcher_mods"/>

	<!-- Plato -->
	<item class="com.playchat.ui.activity.SplashActivity" name="plato"/>

	<!-- Psiphon -->
	<item class="com.psiphon3.MainActivity" name="psiphon"/>

	<!-- Ricochlime -->
	<item class="com.adilhanney.ricochlime.MainActivity" name="ricochlime"/>

	<!-- SD Maid SE -->
	<item class="eu.darken.sdmse.main.ui.MainActivity" name="sd_maid_se"/>

	<!-- SpaceHey Mobile -->
	<item class="com.example.spacehey.MainActivity" name="spacehey_mobile"/>

	<!-- TakoStats -->
	<item class="rikka.fpsmonitor.component.home.HomeActivity" name="takostats"/>

	<!-- TB Checker -->
	<item class="krypton.tbsafetychecker.main.MainActivity" name="tb_checker"/>

	<!-- Telegram -->
	<item class="org.telegram.messenger.DefaultIcon" name="telegram"/>

	<!-- Trust Wallet -->
	<item class="com.wallet.crypto.trustapp.ui.app.AppActivity" name="trust_wallet"/>

	<!-- Weather -->
	<item class="com.google.android.apps.search.weather.entrypoints.appicon.WeatherAppIconActivity" name="weather"/>

	<!-- Windscribe -->
	<item class="com.windscribe.mobile.splash.SplashActivity" name="windscribe"/>

	<!-- XSCamera2 -->
	<item class="me.jagar.xscamera2.activities.MainActivity" name="xscamera2"/>

	<!-- شب‌های مافیا -->
	<item class="com.google.firebase.MessagingUnityPlayerActivity" name="شب‌های_مافیا"/>

</appmap>