<Theme version="1">

	<!-- Antistress -->
	<AppIcon name="com.JindoBlu.Antistress/com.unity3d.player.UnityPlayerActivity" image="antistress"/>

	<!-- App Ops -->
	<AppIcon name="rikka.appops/rikka.appops.home.HomeActivity" image="app_ops"/>

	<!-- Bitmask -->
	<AppIcon name="se.leap.bitmaskclient/se.leap.bitmaskclient.base.StartActivity" image="bitmask"/>

	<!-- biubiuvpn -->
	<AppIcon name="app.biubiuvpn.biubiuvpn/app.biubiuvpn.biubiuvpn.MainActivity" image="biubiuvpn"/>

	<!-- Candy VPN -->
	<AppIcon name="com.candy.vpn/com.utils.SplashActivity" image="candy_vpn"/>

	<!-- Change My Mac -->
	<AppIcon name="net.xnano.android.changemymac/net.xnano.android.changemymac.MainActivity" image="change_my_mac"/>

	<!-- DnsChanger -->
	<AppIcon name="com.frostnerd.dnschanger/com.frostnerd.dnschanger.activities.PinActivity" image="dnschanger"/>

	<!-- Every Proxy -->
	<AppIcon name="com.gorillasoftware.everyproxy/com.gorillasoftware.everyproxy.EveryProxyActivity" image="every_proxy"/>

	<!-- FDE.AI -->
	<AppIcon name="com.ayljzuwumq.xhvqifaxmb/com.feravolt.fdeai.ui.MainActivity" image="fdeai"/>

	<!-- FDM -->
	<AppIcon name="org.freedownloadmanager.fdm/org.freedownloadmanager.fdm.MyActivity" image="fdm"/>

	<!-- Fidibo -->
	<AppIcon name="com.fidibo.app/com.fidibo.app.MainActivity" image="fidibo"/>

	<!-- Geph -->
	<AppIcon name="io.geph.android/io.geph.android.MainActivity" image="geph"/>

	<!-- Ice -->
	<AppIcon name="io.ice.app/io.ice.app.MainActivity" image="ice"/>

	<!-- Iconify -->
	<AppIcon name="com.drdisagree.iconify/com.drdisagree.iconify.SplashActivity" image="iconify"/>

	<!-- Invisible Widget -->
	<AppIcon name="fr.mathis.invisiblewidget/fr.mathis.invisiblewidget.MainActivity" image="invisible_widget"/>

	<!-- Key Attestation -->
	<AppIcon name="io.github.vvb2060.keyattestation/io.github.vvb2060.keyattestation.home.HomeActivity" image="key_attestation"/>

	<!-- Kotatsu -->
	<AppIcon name="org.koitharu.kotatsu/org.koitharu.kotatsu.main.ui.MainActivity" image="kotatsu"/>

	<!-- Ledger Live -->
	<AppIcon name="com.ledger.live/com.ledger.live.MainActivity" image="ledger_live"/>

	<!-- Logcat Extreme -->
	<AppIcon name="scd.lcex/scd.lcex.ActivityMain" image="logcat_extreme"/>

	<!-- Minesweeper -->
	<AppIcon name="ee.dustland.android.minesweeper/ee.dustland.android.minesweeper.MinesweeperHostActivity" image="minesweeper"/>

	<!-- Npv Tunnel -->
	<AppIcon name="com.napsternetlabs.napsternetv/com.napsternetlabs.napsternetv.kkAhtatwbwcyv" image="npv_tunnel"/>

	<!-- OP Auto Clicker -->
	<AppIcon name="com.opautoclicker.autoclicker/com.opautoclicker.autoclicker.activities.MainActivity" image="op_auto_clicker"/>

	<!-- Orbot -->
	<AppIcon name="org.torproject.android/org.torproject.android.OrbotActivity" image="orbot"/>

	<!-- Oto Music -->
	<AppIcon name="com.piyush.music/com.piyush.music.activities.main.MainActivity" image="oto_music"/>

	<!-- PDF Viewer -->
	<AppIcon name="app.grapheneos.pdfviewer.play/app.grapheneos.pdfviewer.PdfViewer" image="pdf_viewer"/>

	<!-- Periodic Table -->
	<AppIcon name="mendeleev.redlime/mendeleev.redlime.ui.main.MainActivity" image="periodic_table"/>

	<!-- Pi -->
	<AppIcon name="com.blockchainvault/com.pinetwork.MainActivity" image="pi"/>

	<!-- Pi Browser -->
	<AppIcon name="pi.browser/com.pinetwork.MainActivity" image="pi_browser"/>

	<!-- Pixel Launcher Mods -->
	<AppIcon name="com.kieronquinn.app.pixellaunchermods/com.kieronquinn.app.pixellaunchermods.ui.activities.MainActivity" image="pixel_launcher_mods"/>

	<!-- Plato -->
	<AppIcon name="com.plato.android/com.playchat.ui.activity.SplashActivity" image="plato"/>

	<!-- Psiphon -->
	<AppIcon name="com.psiphon3/com.psiphon3.MainActivity" image="psiphon"/>

	<!-- Ricochlime -->
	<AppIcon name="com.adilhanney.ricochlime/com.adilhanney.ricochlime.MainActivity" image="ricochlime"/>

	<!-- SD Maid SE -->
	<AppIcon name="eu.darken.sdmse/eu.darken.sdmse.main.ui.MainActivity" image="sd_maid_se"/>

	<!-- SpaceHey Mobile -->
	<AppIcon name="com.spacehey.app/com.example.spacehey.MainActivity" image="spacehey_mobile"/>

	<!-- TakoStats -->
	<AppIcon name="rikka.fpsmonitor/rikka.fpsmonitor.component.home.HomeActivity" image="takostats"/>

	<!-- TB Checker -->
	<AppIcon name="krypton.tbsafetychecker/krypton.tbsafetychecker.main.MainActivity" image="tb_checker"/>

	<!-- Telegram -->
	<AppIcon name="org.telegram.messenger.web/org.telegram.messenger.DefaultIcon" image="telegram"/>

	<!-- Trust Wallet -->
	<AppIcon name="com.wallet.crypto.trustapp/com.wallet.crypto.trustapp.ui.app.AppActivity" image="trust_wallet"/>

	<!-- Weather -->
	<AppIcon name="com.google.android.googlequicksearchbox/com.google.android.apps.search.weather.entrypoints.appicon.WeatherAppIconActivity" image="weather"/>

	<!-- Windscribe -->
	<AppIcon name="com.windscribe.vpn/com.windscribe.mobile.splash.SplashActivity" image="windscribe"/>

	<!-- XSCamera2 -->
	<AppIcon name="me.jagar.xscamera2/me.jagar.xscamera2.activities.MainActivity" image="xscamera2"/>

	<!-- شب‌های مافیا -->
	<AppIcon name="com.filimo.mafia/com.google.firebase.MessagingUnityPlayerActivity" image="شب‌های_مافیا"/>

</Theme>