<resources>

	<!-- Administrador de archivos -->
	<item component="ComponentInfo{com.filemanager.fileexplorer.myfiles.securefolder/com.filemanager.fileexplorer.myfiles.securefolder.activity.SplashActivity}" drawable="administrador_de_archivos" />

	<!-- Computadora -->
	<item component="ComponentInfo{com.pcvirt.Computer/com.pcvirt.Computer.ComputerActivity}" drawable="computadora" />

	<!-- ES Files -->
	<item component="ComponentInfo{com.File.Manager.Filemanager/com.File.Manager.Filemanager.activity.SplashActivity}" drawable="es_files" />

	<!-- File Explorer -->
	<item component="ComponentInfo{com.devs.fileexplorer/com.devs.fileexplorer.ActivitySplash}" drawable="file_explorer" />

	<!-- File Manager -->
	<item component="ComponentInfo{com.disk.space/com.disk.space.MainActivity}" drawable="file_manager" />

	<!-- File Manager -->
	<item component="ComponentInfo{com.manager.filemanager.myfiles.files.tools.free/com.manager.filemanager.myfiles.files.tools.free.appUi.appActivity.PVM_SplashActivity}" drawable="file_manager_1756404584849.png" />

	<!-- File Manager -->
	<item component="ComponentInfo{com.pulse.pixel.filemanager.fileexplorer/com.pulse.pixel.filemanager.fileexplorer.MainActivity}" drawable="file_manager_1756404584868.png" />

	<!-- File Manager: Explorer amp; Cleaner -->
	<item component="ComponentInfo{com.transferfilenow.quickfiletransfer.largefileshareapp/com.transferfilenow.quickfiletransfer.largefileshareapp.SplashActivity}" drawable="file_manager_explorer_amp_cleaner" />

	<!-- Files Pro -->
	<item component="ComponentInfo{files.filesexplorer.filesmanager/com.filespro.app.ApMainActivity}" drawable="files_pro" />

	<!-- Helios File Manager -->
	<item component="ComponentInfo{com.ape.apps.filebrowser/com.ape.apps.apeappscore.MainActivity}" drawable="helios_file_manager" />

</resources>