<Theme version="1">

	<!-- Administrador de archivos -->
	<AppIcon name="com.filemanager.fileexplorer.myfiles.securefolder/com.filemanager.fileexplorer.myfiles.securefolder.activity.SplashActivity" image="administrador_de_archivos"/>

	<!-- Computadora -->
	<AppIcon name="com.pcvirt.Computer/com.pcvirt.Computer.ComputerActivity" image="computadora"/>

	<!-- ES Files -->
	<AppIcon name="com.File.Manager.Filemanager/com.File.Manager.Filemanager.activity.SplashActivity" image="es_files"/>

	<!-- File Explorer -->
	<AppIcon name="com.devs.fileexplorer/com.devs.fileexplorer.ActivitySplash" image="file_explorer"/>

	<!-- File Manager -->
	<AppIcon name="com.disk.space/com.disk.space.MainActivity" image="file_manager"/>

	<!-- File Manager -->
	<AppIcon name="com.manager.filemanager.myfiles.files.tools.free/com.manager.filemanager.myfiles.files.tools.free.appUi.appActivity.PVM_SplashActivity" image="file_manager_1756404584849.png"/>

	<!-- File Manager -->
	<AppIcon name="com.pulse.pixel.filemanager.fileexplorer/com.pulse.pixel.filemanager.fileexplorer.MainActivity" image="file_manager_1756404584868.png"/>

	<!-- File Manager: Explorer amp; Cleaner -->
	<AppIcon name="com.transferfilenow.quickfiletransfer.largefileshareapp/com.transferfilenow.quickfiletransfer.largefileshareapp.SplashActivity" image="file_manager_explorer_amp_cleaner"/>

	<!-- Files Pro -->
	<AppIcon name="files.filesexplorer.filesmanager/com.filespro.app.ApMainActivity" image="files_pro"/>

	<!-- Helios File Manager -->
	<AppIcon name="com.ape.apps.filebrowser/com.ape.apps.apeappscore.MainActivity" image="helios_file_manager"/>

</Theme>