<resources>

	<!-- Azure -->
	<item component="ComponentInfo{com.microsoft.azure/crc6431cd41aa6ada328a.SplashScreenActivity}" drawable="azure" />

	<!-- Identity Pass -->
	<item component="ComponentInfo{com.identitypassmobile/com.identitypassmobile.MainActivity}" drawable="identity_pass" />

	<!-- Microsoft 365 Admin -->
	<item component="ComponentInfo{com.ms.office365admin/com.ms.office365admin.SplashScreen}" drawable="microsoft_365_admin" />

	<!-- Planner -->
	<item component="ComponentInfo{com.microsoft.planner/com.microsoft.planner.login.ConnectActivity}" drawable="planner" />

	<!-- Power Automate -->
	<item component="ComponentInfo{com.microsoft.flow/com.microsoft.flow.MainActivity}" drawable="power_automate" />

	<!-- Power BI -->
	<item component="ComponentInfo{com.microsoft.powerbim/com.microsoft.powerbi.ui.home.HomeActivity}" drawable="power_bi" />

	<!-- Webex Meet -->
	<item component="ComponentInfo{com.cisco.webex.meetings/com.cisco.webex.meetings.ui.premeeting.welcome.WebExMeeting}" drawable="webex_meet" />

	<!-- Whiteboard -->
	<item component="ComponentInfo{com.microsoft.whiteboard.publicpreview/com.microsoft.whiteboard.activity.WhiteBoardLauncherActivity}" drawable="whiteboard" />

</resources>