<appmap>

	<!-- Azure -->
	<item class="crc6431cd41aa6ada328a.SplashScreenActivity" name="azure"/>

	<!-- Identity Pass -->
	<item class="com.identitypassmobile.MainActivity" name="identity_pass"/>

	<!-- Microsoft 365 Admin -->
	<item class="com.ms.office365admin.SplashScreen" name="microsoft_365_admin"/>

	<!-- Planner -->
	<item class="com.microsoft.planner.login.ConnectActivity" name="planner"/>

	<!-- Power Automate -->
	<item class="com.microsoft.flow.MainActivity" name="power_automate"/>

	<!-- Power BI -->
	<item class="com.microsoft.powerbi.ui.home.HomeActivity" name="power_bi"/>

	<!-- Webex Meet -->
	<item class="com.cisco.webex.meetings.ui.premeeting.welcome.WebExMeeting" name="webex_meet"/>

	<!-- Whiteboard -->
	<item class="com.microsoft.whiteboard.activity.WhiteBoardLauncherActivity" name="whiteboard"/>

</appmap>