<Theme version="1">

	<!-- Azure -->
	<AppIcon name="com.microsoft.azure/crc6431cd41aa6ada328a.SplashScreenActivity" image="azure"/>

	<!-- Identity Pass -->
	<AppIcon name="com.identitypassmobile/com.identitypassmobile.MainActivity" image="identity_pass"/>

	<!-- Microsoft 365 Admin -->
	<AppIcon name="com.ms.office365admin/com.ms.office365admin.SplashScreen" image="microsoft_365_admin"/>

	<!-- Planner -->
	<AppIcon name="com.microsoft.planner/com.microsoft.planner.login.ConnectActivity" image="planner"/>

	<!-- Power Automate -->
	<AppIcon name="com.microsoft.flow/com.microsoft.flow.MainActivity" image="power_automate"/>

	<!-- Power BI -->
	<AppIcon name="com.microsoft.powerbim/com.microsoft.powerbi.ui.home.HomeActivity" image="power_bi"/>

	<!-- Webex Meet -->
	<AppIcon name="com.cisco.webex.meetings/com.cisco.webex.meetings.ui.premeeting.welcome.WebExMeeting" image="webex_meet"/>

	<!-- Whiteboard -->
	<AppIcon name="com.microsoft.whiteboard.publicpreview/com.microsoft.whiteboard.activity.WhiteBoardLauncherActivity" image="whiteboard"/>

</Theme>