<resources>

	<!-- Alpha Backup Pro -->
	<item component="ComponentInfo{com.ruet_cse_1503050.ragib.appbackup.pro/com.ruet_cse_1503050.ragib.appbackup.pro.activities.LauncherActivity}" drawable="alpha_backup_pro" />

	<!-- Bangla Dictionary -->
	<item component="ComponentInfo{com.hdictionary.bn/com.hdictionary.bn.DictionaryActivity}" drawable="bangla_dictionary" />

	<!-- Dailyhunt -->
	<item component="ComponentInfo{com.eterno/com.newshunt.app.view.activity.Splash}" drawable="dailyhunt" />

	<!-- Dhan -->
	<item component="ComponentInfo{com.dhan.live/com.raise.dhan.MainActivity}" drawable="dhan" />

	<!-- Jupiter -->
	<item component="ComponentInfo{money.jupiter/money.jupiter.MainActivity}" drawable="jupiter" />

	<!-- KUKU FM -->
	<item component="ComponentInfo{com.vlv.aravali/com.vlv.aravali.views.activities.SplashActivity}" drawable="kuku_fm" />

	<!-- NextGen mParivahan -->
	<item component="ComponentInfo{com.nic.mparivahan/com.nic.mparivahan.Welcome.SplashScreen}" drawable="nextgen_mparivahan" />

	<!-- Picsart -->
	<item component="ComponentInfo{com.picsart.studio/com.socialin.android.photo.picsinphoto.MainPagerActivity}" drawable="picsart" />

	<!-- Pinnit -->
	<item component="ComponentInfo{dev.sasikanth.pinnit/dev.sasikanth.pinnit.SplashActivity}" drawable="pinnit" />

	<!-- Unlim Cloud -->
	<item component="ComponentInfo{com.kratosle.unlim/com.kratosle.unlim.scenes.login.LoginScene}" drawable="unlim_cloud" />

	<!-- UTS -->
	<item component="ComponentInfo{com.cris.utsmobile/com.cris.ima.utsonmobile.mainmenuitems.SplashActivity}" drawable="uts" />

	<!-- সহীহ্ (SAHiH) -->
	<item component="ComponentInfo{com.itsolution.namazshikka/com.itsolution.namazshikka.SplashScreen_Activity}" drawable="সহীহ্_sahih_" />

</resources>