<Theme version="1">

	<!-- Alpha Backup Pro -->
	<AppIcon name="com.ruet_cse_1503050.ragib.appbackup.pro/com.ruet_cse_1503050.ragib.appbackup.pro.activities.LauncherActivity" image="alpha_backup_pro"/>

	<!-- Bangla Dictionary -->
	<AppIcon name="com.hdictionary.bn/com.hdictionary.bn.DictionaryActivity" image="bangla_dictionary"/>

	<!-- Dailyhunt -->
	<AppIcon name="com.eterno/com.newshunt.app.view.activity.Splash" image="dailyhunt"/>

	<!-- Dhan -->
	<AppIcon name="com.dhan.live/com.raise.dhan.MainActivity" image="dhan"/>

	<!-- Jupiter -->
	<AppIcon name="money.jupiter/money.jupiter.MainActivity" image="jupiter"/>

	<!-- KUKU FM -->
	<AppIcon name="com.vlv.aravali/com.vlv.aravali.views.activities.SplashActivity" image="kuku_fm"/>

	<!-- NextGen mParivahan -->
	<AppIcon name="com.nic.mparivahan/com.nic.mparivahan.Welcome.SplashScreen" image="nextgen_mparivahan"/>

	<!-- Picsart -->
	<AppIcon name="com.picsart.studio/com.socialin.android.photo.picsinphoto.MainPagerActivity" image="picsart"/>

	<!-- Pinnit -->
	<AppIcon name="dev.sasikanth.pinnit/dev.sasikanth.pinnit.SplashActivity" image="pinnit"/>

	<!-- Unlim Cloud -->
	<AppIcon name="com.kratosle.unlim/com.kratosle.unlim.scenes.login.LoginScene" image="unlim_cloud"/>

	<!-- UTS -->
	<AppIcon name="com.cris.utsmobile/com.cris.ima.utsonmobile.mainmenuitems.SplashActivity" image="uts"/>

	<!-- সহীহ্ (SAHiH) -->
	<AppIcon name="com.itsolution.namazshikka/com.itsolution.namazshikka.SplashScreen_Activity" image="সহীহ্_sahih_"/>

</Theme>