<resources>

	<!-- Cat Scanner -->
	<item component="ComponentInfo{com.siwalusoftware.catscanner/com.siwalusoftware.scanner.activities.MainActivity}" drawable="cat_scanner" />

	<!-- Conversations -->
	<item component="ComponentInfo{eu.siacs.conversations/eu.siacs.conversations.ui.ConversationActivity}" drawable="conversations" />

	<!-- Dog Scanner -->
	<item component="ComponentInfo{com.siwalusoftware.dogscanner/com.siwalusoftware.scanner.activities.MainActivity}" drawable="dog_scanner" />

	<!-- Epson iPrint -->
	<item component="ComponentInfo{epson.print/epson.print.WellcomeScreenActivity}" drawable="epson_iprint" />

	<!-- Geomi -->
	<item component="ComponentInfo{com.ilyin.geomi/com.ilyin.app_google_core.GoogleAppActivity}" drawable="geomi" />

	<!-- Gerenciador de Arquivos -->
	<item component="ComponentInfo{com.simplemobiletools.filemanager.pro/com.simplemobiletools.filemanager.pro.activities.SplashActivity.Light_blue}" drawable="gerenciador_de_arquivos" />

	<!-- Golden Thread Tarot -->
	<item component="ComponentInfo{com.ionicframework.tarot371308/com.ionicframework.tarot371308.MainActivity}" drawable="golden_thread_tarot" />

	<!-- iFood -->
	<item component="ComponentInfo{br.com.brainweb.ifood/br.com.ifood.activity.HomeActivity}" drawable="ifood" />

	<!-- Kindle -->
	<item component="ComponentInfo{com.amazon.kindle/com.amazon.kindle.UpgradePage}" drawable="kindle" />

	<!-- Labyrinthos -->
	<item component="ComponentInfo{com.labyrinthos.app/com.labyrinthos.app.MainActivity}" drawable="labyrinthos" />

	<!-- MAPS.ME -->
	<item component="ComponentInfo{com.mapswithme.maps.pro/com.mapswithme.maps.pro.DefaultIcon}" drawable="mapsme" />

	<!-- Markor -->
	<item component="ComponentInfo{net.gsantner.markor/net.gsantner.markor.activity.MainActivity}" drawable="markor" />

	<!-- Mercado Livre -->
	<item component="ComponentInfo{com.mercadolibre/com.mercadolibre.splash.SplashActivity}" drawable="mercado_livre" />

	<!-- Mercado Pago -->
	<item component="ComponentInfo{com.mercadopago.wallet/com.mercadopago.wallet.splash.SplashActivity}" drawable="mercado_pago" />

	<!-- Meu TIM -->
	<item component="ComponentInfo{br.com.timbrasil.meutim/com.accenture.meutim.activities.SplashScreenActivity}" drawable="meu_tim" />

	<!-- Moon -->
	<item component="ComponentInfo{com.jrustonapps.mymoonphase/com.jrustonapps.mymoonphase.controllers.MainActivity}" drawable="moon" />

	<!-- Nespresso -->
	<item component="ComponentInfo{com.nespresso.activities/com.nespresso.ui.activity.LaunchActivity}" drawable="nespresso" />

	<!-- Numerologia -->
	<item component="ComponentInfo{com.mirofox.numerologija/com.mirofox.numerologija.activities.MainActivity}" drawable="numerologia" />

	<!-- PicPay -->
	<item component="ComponentInfo{com.picpay/com.picpay.features.enter.ReleasePicPayEnter}" drawable="picpay" />

	<!-- Picture Bird -->
	<item component="ComponentInfo{com.glority.picturebird/com.glority.android.picturexx.splash.SplashActivity}" drawable="picture_bird" />

	<!-- Picture Mushroom -->
	<item component="ComponentInfo{com.glority.picturemushroom/com.glority.android.picturexx.splash.SplashActivity}" drawable="picture_mushroom" />

	<!-- Player de música -->
	<item component="ComponentInfo{com.simplemobiletools.musicplayer/com.simplemobiletools.musicplayer.activities.SplashActivity.Light_blue}" drawable="player_de_musica" />

	<!-- PocketBook -->
	<item component="ComponentInfo{com.obreey.reader/com.obreey.reader.StartActivity}" drawable="pocketbook" />

	<!-- PS Remote Play -->
	<item component="ComponentInfo{com.playstation.remoteplay/com.playstation.remoteplay.RpActivityMain}" drawable="ps_remote_play" />

	<!-- Randonautica -->
	<item component="ComponentInfo{com.randonautica.app/com.randonautica.app.LaunchLoadingActivity}" drawable="randonautica" />

	<!-- RG Digital SP -->
	<item component="ComponentInfo{br.com.vidaas.sp/br.com.valid.app.rgapp.features.MainActivity}" drawable="rg_digital_sp" />

	<!-- Rock Identifier -->
	<item component="ComponentInfo{com.picturerock.rock/com.glority.android.picturexx.splash.SplashActivity}" drawable="rock_identifier" />

	<!-- SoundHound -->
	<item component="ComponentInfo{com.melodis.midomiMusicIdentifier.freemium/com.soundhound.android.appcommon.activity.SplashScreenActivity}" drawable="soundhound" />

	<!-- Star Walk 2 -->
	<item component="ComponentInfo{com.vitotechnology.StarWalk2Free/com.unity3d.player.UnityPlayerActivity}" drawable="star_walk_2" />

	<!-- Steam Chat -->
	<item component="ComponentInfo{com.valvesoftware.android.steam.friendsui/com.valvesoftware.android.steam.friendsui.MainActivity}" drawable="steam_chat" />

</resources>