<appmap>

	<!-- Cat Scanner -->
	<item class="com.siwalusoftware.scanner.activities.MainActivity" name="cat_scanner"/>

	<!-- Conversations -->
	<item class="eu.siacs.conversations.ui.ConversationActivity" name="conversations"/>

	<!-- Dog Scanner -->
	<item class="com.siwalusoftware.scanner.activities.MainActivity" name="dog_scanner"/>

	<!-- Epson iPrint -->
	<item class="epson.print.WellcomeScreenActivity" name="epson_iprint"/>

	<!-- Geomi -->
	<item class="com.ilyin.app_google_core.GoogleAppActivity" name="geomi"/>

	<!-- Gerenciador de Arquivos -->
	<item class="com.simplemobiletools.filemanager.pro.activities.SplashActivity.Light_blue" name="gerenciador_de_arquivos"/>

	<!-- Golden Thread Tarot -->
	<item class="com.ionicframework.tarot371308.MainActivity" name="golden_thread_tarot"/>

	<!-- iFood -->
	<item class="br.com.ifood.activity.HomeActivity" name="ifood"/>

	<!-- Kindle -->
	<item class="com.amazon.kindle.UpgradePage" name="kindle"/>

	<!-- Labyrinthos -->
	<item class="com.labyrinthos.app.MainActivity" name="labyrinthos"/>

	<!-- MAPS.ME -->
	<item class="com.mapswithme.maps.pro.DefaultIcon" name="mapsme"/>

	<!-- Markor -->
	<item class="net.gsantner.markor.activity.MainActivity" name="markor"/>

	<!-- Mercado Livre -->
	<item class="com.mercadolibre.splash.SplashActivity" name="mercado_livre"/>

	<!-- Mercado Pago -->
	<item class="com.mercadopago.wallet.splash.SplashActivity" name="mercado_pago"/>

	<!-- Meu TIM -->
	<item class="com.accenture.meutim.activities.SplashScreenActivity" name="meu_tim"/>

	<!-- Moon -->
	<item class="com.jrustonapps.mymoonphase.controllers.MainActivity" name="moon"/>

	<!-- Nespresso -->
	<item class="com.nespresso.ui.activity.LaunchActivity" name="nespresso"/>

	<!-- Numerologia -->
	<item class="com.mirofox.numerologija.activities.MainActivity" name="numerologia"/>

	<!-- PicPay -->
	<item class="com.picpay.features.enter.ReleasePicPayEnter" name="picpay"/>

	<!-- Picture Bird -->
	<item class="com.glority.android.picturexx.splash.SplashActivity" name="picture_bird"/>

	<!-- Picture Mushroom -->
	<item class="com.glority.android.picturexx.splash.SplashActivity" name="picture_mushroom"/>

	<!-- Player de música -->
	<item class="com.simplemobiletools.musicplayer.activities.SplashActivity.Light_blue" name="player_de_musica"/>

	<!-- PocketBook -->
	<item class="com.obreey.reader.StartActivity" name="pocketbook"/>

	<!-- PS Remote Play -->
	<item class="com.playstation.remoteplay.RpActivityMain" name="ps_remote_play"/>

	<!-- Randonautica -->
	<item class="com.randonautica.app.LaunchLoadingActivity" name="randonautica"/>

	<!-- RG Digital SP -->
	<item class="br.com.valid.app.rgapp.features.MainActivity" name="rg_digital_sp"/>

	<!-- Rock Identifier -->
	<item class="com.glority.android.picturexx.splash.SplashActivity" name="rock_identifier"/>

	<!-- SoundHound -->
	<item class="com.soundhound.android.appcommon.activity.SplashScreenActivity" name="soundhound"/>

	<!-- Star Walk 2 -->
	<item class="com.unity3d.player.UnityPlayerActivity" name="star_walk_2"/>

	<!-- Steam Chat -->
	<item class="com.valvesoftware.android.steam.friendsui.MainActivity" name="steam_chat"/>

</appmap>