<Theme version="1">

	<!-- Cat Scanner -->
	<AppIcon name="com.siwalusoftware.catscanner/com.siwalusoftware.scanner.activities.MainActivity" image="cat_scanner"/>

	<!-- Conversations -->
	<AppIcon name="eu.siacs.conversations/eu.siacs.conversations.ui.ConversationActivity" image="conversations"/>

	<!-- Dog Scanner -->
	<AppIcon name="com.siwalusoftware.dogscanner/com.siwalusoftware.scanner.activities.MainActivity" image="dog_scanner"/>

	<!-- Epson iPrint -->
	<AppIcon name="epson.print/epson.print.WellcomeScreenActivity" image="epson_iprint"/>

	<!-- Geomi -->
	<AppIcon name="com.ilyin.geomi/com.ilyin.app_google_core.GoogleAppActivity" image="geomi"/>

	<!-- Gerenciador de Arquivos -->
	<AppIcon name="com.simplemobiletools.filemanager.pro/com.simplemobiletools.filemanager.pro.activities.SplashActivity.Light_blue" image="gerenciador_de_arquivos"/>

	<!-- Golden Thread Tarot -->
	<AppIcon name="com.ionicframework.tarot371308/com.ionicframework.tarot371308.MainActivity" image="golden_thread_tarot"/>

	<!-- iFood -->
	<AppIcon name="br.com.brainweb.ifood/br.com.ifood.activity.HomeActivity" image="ifood"/>

	<!-- Kindle -->
	<AppIcon name="com.amazon.kindle/com.amazon.kindle.UpgradePage" image="kindle"/>

	<!-- Labyrinthos -->
	<AppIcon name="com.labyrinthos.app/com.labyrinthos.app.MainActivity" image="labyrinthos"/>

	<!-- MAPS.ME -->
	<AppIcon name="com.mapswithme.maps.pro/com.mapswithme.maps.pro.DefaultIcon" image="mapsme"/>

	<!-- Markor -->
	<AppIcon name="net.gsantner.markor/net.gsantner.markor.activity.MainActivity" image="markor"/>

	<!-- Mercado Livre -->
	<AppIcon name="com.mercadolibre/com.mercadolibre.splash.SplashActivity" image="mercado_livre"/>

	<!-- Mercado Pago -->
	<AppIcon name="com.mercadopago.wallet/com.mercadopago.wallet.splash.SplashActivity" image="mercado_pago"/>

	<!-- Meu TIM -->
	<AppIcon name="br.com.timbrasil.meutim/com.accenture.meutim.activities.SplashScreenActivity" image="meu_tim"/>

	<!-- Moon -->
	<AppIcon name="com.jrustonapps.mymoonphase/com.jrustonapps.mymoonphase.controllers.MainActivity" image="moon"/>

	<!-- Nespresso -->
	<AppIcon name="com.nespresso.activities/com.nespresso.ui.activity.LaunchActivity" image="nespresso"/>

	<!-- Numerologia -->
	<AppIcon name="com.mirofox.numerologija/com.mirofox.numerologija.activities.MainActivity" image="numerologia"/>

	<!-- PicPay -->
	<AppIcon name="com.picpay/com.picpay.features.enter.ReleasePicPayEnter" image="picpay"/>

	<!-- Picture Bird -->
	<AppIcon name="com.glority.picturebird/com.glority.android.picturexx.splash.SplashActivity" image="picture_bird"/>

	<!-- Picture Mushroom -->
	<AppIcon name="com.glority.picturemushroom/com.glority.android.picturexx.splash.SplashActivity" image="picture_mushroom"/>

	<!-- Player de música -->
	<AppIcon name="com.simplemobiletools.musicplayer/com.simplemobiletools.musicplayer.activities.SplashActivity.Light_blue" image="player_de_musica"/>

	<!-- PocketBook -->
	<AppIcon name="com.obreey.reader/com.obreey.reader.StartActivity" image="pocketbook"/>

	<!-- PS Remote Play -->
	<AppIcon name="com.playstation.remoteplay/com.playstation.remoteplay.RpActivityMain" image="ps_remote_play"/>

	<!-- Randonautica -->
	<AppIcon name="com.randonautica.app/com.randonautica.app.LaunchLoadingActivity" image="randonautica"/>

	<!-- RG Digital SP -->
	<AppIcon name="br.com.vidaas.sp/br.com.valid.app.rgapp.features.MainActivity" image="rg_digital_sp"/>

	<!-- Rock Identifier -->
	<AppIcon name="com.picturerock.rock/com.glority.android.picturexx.splash.SplashActivity" image="rock_identifier"/>

	<!-- SoundHound -->
	<AppIcon name="com.melodis.midomiMusicIdentifier.freemium/com.soundhound.android.appcommon.activity.SplashScreenActivity" image="soundhound"/>

	<!-- Star Walk 2 -->
	<AppIcon name="com.vitotechnology.StarWalk2Free/com.unity3d.player.UnityPlayerActivity" image="star_walk_2"/>

	<!-- Steam Chat -->
	<AppIcon name="com.valvesoftware.android.steam.friendsui/com.valvesoftware.android.steam.friendsui.MainActivity" image="steam_chat"/>

</Theme>