<resources>

	<!-- AI Chat -->
	<item component="ComponentInfo{com.chatgpt.aichat.gpt3.aichatbot/com.android.ntduc.chatgpt.ui.component.splash.SplashActivity}" drawable="ai_chat" />

	<!-- AppDrop -->
	<item component="ComponentInfo{com.bulk.uninstall/com.bulk.uninstall.main.LauncherActivity}" drawable="appdrop" />

	<!-- ASB Mobile -->
	<item component="ComponentInfo{nz.co.asb.asbmobile/nz.co.asb.mobile.SplashActivity}" drawable="asb_mobile" />

	<!-- Aurora -->
	<item component="ComponentInfo{com.funkymuse.aurora/com.funkymuse.aurora.MainActivity}" drawable="aurora" />

	<!-- Bingsport -->
	<item component="ComponentInfo{com.bingsportapp.football/com.bingsportapp.football.MainActivity}" drawable="bingsport" />

	<!-- Blurrr -->
	<item component="ComponentInfo{ai.blurrr.video/ai.blurrr.video.MainActivity}" drawable="blurrr" />

	<!-- BPMe -->
	<item component="ComponentInfo{com.bp.bpmenz/com.bp.bpmenz.intro.GateKeeperActivity}" drawable="bpme" />

	<!-- Canvas Student -->
	<item component="ComponentInfo{com.instructure.candroid/com.instructure.student.activity.LoginActivity}" drawable="canvas_student" />

	<!-- Castbox -->
	<item component="ComponentInfo{fm.castbox.audiobook.radio.podcast/fm.castbox.audio.radio.podcast.ui.main.MainActivity}" drawable="castbox" />

	<!-- DooFlix -->
	<item component="ComponentInfo{com.neonimageai.imageai/com.neonimageai.imageai.activities.SplashActivity}" drawable="dooflix" />

	<!-- Fcm -->
	<item component="ComponentInfo{com.fcm/com.fcmdb.app.mvp.agreement.AgreementActivity}" drawable="fcm" />

	<!-- Fine Lock -->
	<item component="ComponentInfo{yuh.yuh.finelock/yuh.yuh.finelock.T}" drawable="fine_lock" />

	<!-- Gaspy -->
	<item component="ComponentInfo{nz.hwem.gaspy/nz.hwem.gaspy.MainActivity}" drawable="gaspy" />

	<!-- Historical Calendar -->
	<item component="ComponentInfo{com.alexandrucene.dayhistory/com.alexandrucene.dayhistory.activities.MainActivity}" drawable="historical_calendar" />

	<!-- Instander -->
	<item component="ComponentInfo{com.instander.android/com.instagram.android.activity.MainTabActivity}" drawable="instander" />

	<!-- Instories -->
	<item component="ComponentInfo{io.instories/io.instories.MainActivity}" drawable="instories" />

	<!-- iPear -->
	<item component="ComponentInfo{com.eatos.ipux/com.eatos.ipux.MainActivity}" drawable="ipear" />

	<!-- Kiwibank -->
	<item component="ComponentInfo{nz.co.kiwibank.mobile/nz.co.kiwibank.mobile.ui.others.activities.SplashActivity}" drawable="kiwibank" />

	<!-- KLWP -->
	<item component="ComponentInfo{org.kustom.wallpaped/org.kustom.app.OnBoardingActivity}" drawable="klwp" />

	<!-- Koda for Kustom -->
	<item component="ComponentInfo{kodaforkustom.droidbeauty.pack/kodaforkustom.droidbeauty.pack.MainActivity}" drawable="koda_for_kustom" />

	<!-- LD -->
	<item component="ComponentInfo{com.lensdistortions.ld/com.lensdistortions.ld.ui.SplashActivity}" drawable="ld" />

	<!-- Lumii - Photo Editor -->
	<item component="ComponentInfo{photo.editor.photoeditor.filtersforpictures/com.camerasideas.instashot.activity.MainActivity}" drawable="lumii_photo_editor" />

	<!-- MediaOn -->
	<item component="ComponentInfo{com.mediaon.apt/com.mediaon.apt.MainActivity}" drawable="mediaon" />

	<!-- News -->
	<item component="ComponentInfo{com.google.android.apps.magazines/com.google.apps.dots.android.app.activity.CurrentsStartActivity}" drawable="news" />

	<!-- Notification Dictionary -->
	<item component="ComponentInfo{com.xtreak.notificationdictionary/com.xtreak.notificationdictionary.MainActivity}" drawable="notification_dictionary" />

	<!-- Palette -->
	<item component="ComponentInfo{com.ald.devs47.sam.beckman.palettesetups/com.ald.devs47.sam.beckman.palettesetups.activities.SplashActivity}" drawable="palette" />

	<!-- PaperSplash PRO -->
	<item component="ComponentInfo{com.jlindemannpro.papersplash/com.jlindemannpro.papersplash.activity.SplashActivity}" drawable="papersplash_pro" />

	<!-- Pix Material You Light/Dark -->
	<item component="ComponentInfo{com.pashapuma.pix.material.you.dark/com.pashapuma.pix.material.you.dark.activities.SplashActivity}" drawable="pix_material_you_light_dark" />

	<!-- Presets LR -->
	<item component="ComponentInfo{com.inspiringapps.lrpresets/com.inspiringapps.lrpresets.ui.activities.SplashActivity}" drawable="presets_lr" />

	<!-- SPlayer -->
	<item component="ComponentInfo{com.ttee.leeplayer/com.ttee.leeplayer.ui.splash.SplashActivity}" drawable="splayer" />

	<!-- Spotify -->
	<item component="ComponentInfo{com.spotify.musix/com.spotify.musix.MainActivity}" drawable="spotify" />

	<!-- Storypark -->
	<item component="ComponentInfo{com.storypark.families.android/com.storypark.families.android.activity.LaunchActivity}" drawable="storypark" />

	<!-- Studio -->
	<item component="ComponentInfo{com.sec.android.app.vepreload/com.sec.android.app.vepreload.common.activity.ProjectShortcutActivity}" drawable="studio" />

	<!-- TeamPixel -->
	<item component="ComponentInfo{com.lagguy.teampixelwallpapers/com.amaan.app.features.MainActivity}" drawable="teampixel" />

	<!-- The Warehouse -->
	<item component="ComponentInfo{nz.co.thewarehouse.wow/nz.co.thewarehouse.wow.boot.SplashScreenActivity}" drawable="the_warehouse" />

	<!-- TikTok Plugin -->
	<item component="ComponentInfo{com.rezvorck.tiktokplugin/com.rezvorck.tiktokplugin.MainActivity}" drawable="tiktok_plugin" />

	<!-- Wink -->
	<item component="ComponentInfo{com.meitu.wink/com.meitu.wink.startup.StartupActivity}" drawable="wink" />

	<!-- YouTube Pro -->
	<item component="ComponentInfo{com.gold.android.youtube/com.google.android.youtube.app.honeycomb.Shell$HomeActivity}" drawable="youtube_pro" />

	<!-- YT Kids -->
	<item component="ComponentInfo{com.google.android.apps.youtube.kids/com.google.android.apps.youtube.kids.splash.SplashScreenActivity}" drawable="yt_kids" />

	<!-- zFile -->
	<item component="ComponentInfo{com.htetznaing.zfile/com.htetznaing.zfile.ui.MainActivity}" drawable="zfile" />

</resources>