<appmap>

	<!-- AI Chat -->
	<item class="com.android.ntduc.chatgpt.ui.component.splash.SplashActivity" name="ai_chat"/>

	<!-- AppDrop -->
	<item class="com.bulk.uninstall.main.LauncherActivity" name="appdrop"/>

	<!-- ASB Mobile -->
	<item class="nz.co.asb.mobile.SplashActivity" name="asb_mobile"/>

	<!-- Aurora -->
	<item class="com.funkymuse.aurora.MainActivity" name="aurora"/>

	<!-- Bingsport -->
	<item class="com.bingsportapp.football.MainActivity" name="bingsport"/>

	<!-- Blurrr -->
	<item class="ai.blurrr.video.MainActivity" name="blurrr"/>

	<!-- BPMe -->
	<item class="com.bp.bpmenz.intro.GateKeeperActivity" name="bpme"/>

	<!-- Canvas Student -->
	<item class="com.instructure.student.activity.LoginActivity" name="canvas_student"/>

	<!-- Castbox -->
	<item class="fm.castbox.audio.radio.podcast.ui.main.MainActivity" name="castbox"/>

	<!-- DooFlix -->
	<item class="com.neonimageai.imageai.activities.SplashActivity" name="dooflix"/>

	<!-- Fcm -->
	<item class="com.fcmdb.app.mvp.agreement.AgreementActivity" name="fcm"/>

	<!-- Fine Lock -->
	<item class="yuh.yuh.finelock.T" name="fine_lock"/>

	<!-- Gaspy -->
	<item class="nz.hwem.gaspy.MainActivity" name="gaspy"/>

	<!-- Historical Calendar -->
	<item class="com.alexandrucene.dayhistory.activities.MainActivity" name="historical_calendar"/>

	<!-- Instander -->
	<item class="com.instagram.android.activity.MainTabActivity" name="instander"/>

	<!-- Instories -->
	<item class="io.instories.MainActivity" name="instories"/>

	<!-- iPear -->
	<item class="com.eatos.ipux.MainActivity" name="ipear"/>

	<!-- Kiwibank -->
	<item class="nz.co.kiwibank.mobile.ui.others.activities.SplashActivity" name="kiwibank"/>

	<!-- KLWP -->
	<item class="org.kustom.app.OnBoardingActivity" name="klwp"/>

	<!-- Koda for Kustom -->
	<item class="kodaforkustom.droidbeauty.pack.MainActivity" name="koda_for_kustom"/>

	<!-- LD -->
	<item class="com.lensdistortions.ld.ui.SplashActivity" name="ld"/>

	<!-- Lumii - Photo Editor -->
	<item class="com.camerasideas.instashot.activity.MainActivity" name="lumii_photo_editor"/>

	<!-- MediaOn -->
	<item class="com.mediaon.apt.MainActivity" name="mediaon"/>

	<!-- News -->
	<item class="com.google.apps.dots.android.app.activity.CurrentsStartActivity" name="news"/>

	<!-- Notification Dictionary -->
	<item class="com.xtreak.notificationdictionary.MainActivity" name="notification_dictionary"/>

	<!-- Palette -->
	<item class="com.ald.devs47.sam.beckman.palettesetups.activities.SplashActivity" name="palette"/>

	<!-- PaperSplash PRO -->
	<item class="com.jlindemannpro.papersplash.activity.SplashActivity" name="papersplash_pro"/>

	<!-- Pix Material You Light/Dark -->
	<item class="com.pashapuma.pix.material.you.dark.activities.SplashActivity" name="pix_material_you_light_dark"/>

	<!-- Presets LR -->
	<item class="com.inspiringapps.lrpresets.ui.activities.SplashActivity" name="presets_lr"/>

	<!-- SPlayer -->
	<item class="com.ttee.leeplayer.ui.splash.SplashActivity" name="splayer"/>

	<!-- Spotify -->
	<item class="com.spotify.musix.MainActivity" name="spotify"/>

	<!-- Storypark -->
	<item class="com.storypark.families.android.activity.LaunchActivity" name="storypark"/>

	<!-- Studio -->
	<item class="com.sec.android.app.vepreload.common.activity.ProjectShortcutActivity" name="studio"/>

	<!-- TeamPixel -->
	<item class="com.amaan.app.features.MainActivity" name="teampixel"/>

	<!-- The Warehouse -->
	<item class="nz.co.thewarehouse.wow.boot.SplashScreenActivity" name="the_warehouse"/>

	<!-- TikTok Plugin -->
	<item class="com.rezvorck.tiktokplugin.MainActivity" name="tiktok_plugin"/>

	<!-- Wink -->
	<item class="com.meitu.wink.startup.StartupActivity" name="wink"/>

	<!-- YouTube Pro -->
	<item class="com.google.android.youtube.app.honeycomb.Shell$HomeActivity" name="youtube_pro"/>

	<!-- YT Kids -->
	<item class="com.google.android.apps.youtube.kids.splash.SplashScreenActivity" name="yt_kids"/>

	<!-- zFile -->
	<item class="com.htetznaing.zfile.ui.MainActivity" name="zfile"/>

</appmap>