<Theme version="1">

	<!-- AI Chat -->
	<AppIcon name="com.chatgpt.aichat.gpt3.aichatbot/com.android.ntduc.chatgpt.ui.component.splash.SplashActivity" image="ai_chat"/>

	<!-- AppDrop -->
	<AppIcon name="com.bulk.uninstall/com.bulk.uninstall.main.LauncherActivity" image="appdrop"/>

	<!-- ASB Mobile -->
	<AppIcon name="nz.co.asb.asbmobile/nz.co.asb.mobile.SplashActivity" image="asb_mobile"/>

	<!-- Aurora -->
	<AppIcon name="com.funkymuse.aurora/com.funkymuse.aurora.MainActivity" image="aurora"/>

	<!-- Bingsport -->
	<AppIcon name="com.bingsportapp.football/com.bingsportapp.football.MainActivity" image="bingsport"/>

	<!-- Blurrr -->
	<AppIcon name="ai.blurrr.video/ai.blurrr.video.MainActivity" image="blurrr"/>

	<!-- BPMe -->
	<AppIcon name="com.bp.bpmenz/com.bp.bpmenz.intro.GateKeeperActivity" image="bpme"/>

	<!-- Canvas Student -->
	<AppIcon name="com.instructure.candroid/com.instructure.student.activity.LoginActivity" image="canvas_student"/>

	<!-- Castbox -->
	<AppIcon name="fm.castbox.audiobook.radio.podcast/fm.castbox.audio.radio.podcast.ui.main.MainActivity" image="castbox"/>

	<!-- DooFlix -->
	<AppIcon name="com.neonimageai.imageai/com.neonimageai.imageai.activities.SplashActivity" image="dooflix"/>

	<!-- Fcm -->
	<AppIcon name="com.fcm/com.fcmdb.app.mvp.agreement.AgreementActivity" image="fcm"/>

	<!-- Fine Lock -->
	<AppIcon name="yuh.yuh.finelock/yuh.yuh.finelock.T" image="fine_lock"/>

	<!-- Gaspy -->
	<AppIcon name="nz.hwem.gaspy/nz.hwem.gaspy.MainActivity" image="gaspy"/>

	<!-- Historical Calendar -->
	<AppIcon name="com.alexandrucene.dayhistory/com.alexandrucene.dayhistory.activities.MainActivity" image="historical_calendar"/>

	<!-- Instander -->
	<AppIcon name="com.instander.android/com.instagram.android.activity.MainTabActivity" image="instander"/>

	<!-- Instories -->
	<AppIcon name="io.instories/io.instories.MainActivity" image="instories"/>

	<!-- iPear -->
	<AppIcon name="com.eatos.ipux/com.eatos.ipux.MainActivity" image="ipear"/>

	<!-- Kiwibank -->
	<AppIcon name="nz.co.kiwibank.mobile/nz.co.kiwibank.mobile.ui.others.activities.SplashActivity" image="kiwibank"/>

	<!-- KLWP -->
	<AppIcon name="org.kustom.wallpaped/org.kustom.app.OnBoardingActivity" image="klwp"/>

	<!-- Koda for Kustom -->
	<AppIcon name="kodaforkustom.droidbeauty.pack/kodaforkustom.droidbeauty.pack.MainActivity" image="koda_for_kustom"/>

	<!-- LD -->
	<AppIcon name="com.lensdistortions.ld/com.lensdistortions.ld.ui.SplashActivity" image="ld"/>

	<!-- Lumii - Photo Editor -->
	<AppIcon name="photo.editor.photoeditor.filtersforpictures/com.camerasideas.instashot.activity.MainActivity" image="lumii_photo_editor"/>

	<!-- MediaOn -->
	<AppIcon name="com.mediaon.apt/com.mediaon.apt.MainActivity" image="mediaon"/>

	<!-- News -->
	<AppIcon name="com.google.android.apps.magazines/com.google.apps.dots.android.app.activity.CurrentsStartActivity" image="news"/>

	<!-- Notification Dictionary -->
	<AppIcon name="com.xtreak.notificationdictionary/com.xtreak.notificationdictionary.MainActivity" image="notification_dictionary"/>

	<!-- Palette -->
	<AppIcon name="com.ald.devs47.sam.beckman.palettesetups/com.ald.devs47.sam.beckman.palettesetups.activities.SplashActivity" image="palette"/>

	<!-- PaperSplash PRO -->
	<AppIcon name="com.jlindemannpro.papersplash/com.jlindemannpro.papersplash.activity.SplashActivity" image="papersplash_pro"/>

	<!-- Pix Material You Light/Dark -->
	<AppIcon name="com.pashapuma.pix.material.you.dark/com.pashapuma.pix.material.you.dark.activities.SplashActivity" image="pix_material_you_light_dark"/>

	<!-- Presets LR -->
	<AppIcon name="com.inspiringapps.lrpresets/com.inspiringapps.lrpresets.ui.activities.SplashActivity" image="presets_lr"/>

	<!-- SPlayer -->
	<AppIcon name="com.ttee.leeplayer/com.ttee.leeplayer.ui.splash.SplashActivity" image="splayer"/>

	<!-- Spotify -->
	<AppIcon name="com.spotify.musix/com.spotify.musix.MainActivity" image="spotify"/>

	<!-- Storypark -->
	<AppIcon name="com.storypark.families.android/com.storypark.families.android.activity.LaunchActivity" image="storypark"/>

	<!-- Studio -->
	<AppIcon name="com.sec.android.app.vepreload/com.sec.android.app.vepreload.common.activity.ProjectShortcutActivity" image="studio"/>

	<!-- TeamPixel -->
	<AppIcon name="com.lagguy.teampixelwallpapers/com.amaan.app.features.MainActivity" image="teampixel"/>

	<!-- The Warehouse -->
	<AppIcon name="nz.co.thewarehouse.wow/nz.co.thewarehouse.wow.boot.SplashScreenActivity" image="the_warehouse"/>

	<!-- TikTok Plugin -->
	<AppIcon name="com.rezvorck.tiktokplugin/com.rezvorck.tiktokplugin.MainActivity" image="tiktok_plugin"/>

	<!-- Wink -->
	<AppIcon name="com.meitu.wink/com.meitu.wink.startup.StartupActivity" image="wink"/>

	<!-- YouTube Pro -->
	<AppIcon name="com.gold.android.youtube/com.google.android.youtube.app.honeycomb.Shell$HomeActivity" image="youtube_pro"/>

	<!-- YT Kids -->
	<AppIcon name="com.google.android.apps.youtube.kids/com.google.android.apps.youtube.kids.splash.SplashScreenActivity" image="yt_kids"/>

	<!-- zFile -->
	<AppIcon name="com.htetznaing.zfile/com.htetznaing.zfile.ui.MainActivity" image="zfile"/>

</Theme>