<resources>

	<!-- bergfex/Wetter -->
	<item component="ComponentInfo{com.bergfex.mobile.weather/com.bergfex.mobile.activity.WelcomeActivityNew}" drawable="bergfex_wetter" />

	<!-- Chinahandys -->
	<item component="ComponentInfo{com.chinahandys.app/com.chinahandys.MainActivity}" drawable="chinahandys" />

	<!-- Geizhals -->
	<item component="ComponentInfo{at.geizhals.pv/at.geizhals.android.MainActivity}" drawable="geizhals" />

	<!-- Itinerary -->
	<item component="ComponentInfo{org.kde.itinerary/org.kde.itinerary.Activity}" drawable="itinerary" />

	<!-- KTrip -->
	<item component="ComponentInfo{org.kde.ktrip/org.kde.ktrip.Activity}" drawable="ktrip" />

	<!-- LibreTube -->
	<item component="ComponentInfo{com.github.libretube/com.github.libretube.Default}" drawable="libretube" />

	<!-- SaverTuner -->
	<item component="ComponentInfo{s1m.savertuner/com.draco.buoy.views.MainActivity}" drawable="savertuner" />

	<!-- SCEE -->
	<item component="ComponentInfo{de.westnordost.streetcomplete.expert/de.westnordost.streetcomplete.screens.MainActivity}" drawable="scee" />

	<!-- Skat -->
	<item component="ComponentInfo{com.isarinteractive.skat.android.ad/com.isarinteractive.GameActivity}" drawable="skat" />

	<!-- SmartRide -->
	<item component="ComponentInfo{de.hafas.android.vvt/de.hafas.main.HafasApp}" drawable="smartride" />

	<!-- VVT Tickets -->
	<item component="ComponentInfo{at.vtg.tickets/at.oebb.ts.SplashActivity}" drawable="vvt_tickets" />

	<!-- willhaben -->
	<item component="ComponentInfo{at.willhaben/at.willhaben.MainActivity}" drawable="willhaben" />

</resources>