<resources>

	<!-- Aday İşlemleri -->
	<item component="ComponentInfo{tr.gov.osym.ais.android/tr.gov.osym.ais.android.presentation.ui.activities.ActivitySplash}" drawable="aday_işlemleri" />

	<!-- Deprem Ağı -->
	<item component="ComponentInfo{com.finazzi.distquake/com.finazzi.distquake.MainActivity}" drawable="deprem_ağı" />

	<!-- Hepsiburada -->
	<item component="ComponentInfo{com.pozitron.hepsiburada/com.hepsiburada.ui.startup.SplashActivity}" drawable="hepsiburada" />

	<!-- Kentkart Mobile -->
	<item component="ComponentInfo{kentkart.mobile.cordova/kentkart.mobile.cordova.MainActivity}" drawable="kentkart_mobile" />

	<!-- Mailim -->
	<item component="ComponentInfo{com.turkcell.yaaniemail/com.turkcell.yaaniemail.ui.start.activities.StartActivity}" drawable="mailim" />

	<!-- MSÜ Puan Hesaplama -->
	<item component="ComponentInfo{com.hknsoft.msupuanhesaplama/com.hknsoft.msupuanhesaplama.views.HomeActivity}" drawable="msü_puan_hesaplama" />

	<!-- Namaz Vaktim -->
	<item component="ComponentInfo{tr.gov.diyanet.namazvaktim/tr.gov.diyanet.namazvaktim.futures.splash.ui.activities.SplashActivity}" drawable="namaz_vaktim" />

	<!-- Risale-i Nur Kütüphanesi -->
	<item component="ComponentInfo{org.feyyaz.risale_inur/org.feyyaz.risale_inur.ui.activity.splash.Splash}" drawable="risale_i_nur_kütüphanesi" />

	<!-- tabii -->
	<item component="ComponentInfo{com.trt.tabii.android/com.trt.tabii.android.mobile.feature.MainActivity}" drawable="tabii" />

	<!-- Trendyol -->
	<item component="ComponentInfo{trendyol.com/com.trendyol.common.splash.impl.ui.SplashActivity}" drawable="trendyol" />

	<!-- VakıfBank -->
	<item component="ComponentInfo{com.vakifbank.mobile/com.vakifbank.mobile.ui.SplashActivity}" drawable="vakıfbank" />

	<!-- Ziraat Mobil -->
	<item component="ComponentInfo{com.ziraat.ziraatmobil/com.ziraat.ziraatmobile.SplashActivity}" drawable="ziraat_mobil" />

</resources>