<Theme version="1">

	<!-- Aday İşlemleri -->
	<AppIcon name="tr.gov.osym.ais.android/tr.gov.osym.ais.android.presentation.ui.activities.ActivitySplash" image="aday_işlemleri"/>

	<!-- Deprem Ağı -->
	<AppIcon name="com.finazzi.distquake/com.finazzi.distquake.MainActivity" image="deprem_ağı"/>

	<!-- Hepsiburada -->
	<AppIcon name="com.pozitron.hepsiburada/com.hepsiburada.ui.startup.SplashActivity" image="hepsiburada"/>

	<!-- Kentkart Mobile -->
	<AppIcon name="kentkart.mobile.cordova/kentkart.mobile.cordova.MainActivity" image="kentkart_mobile"/>

	<!-- Mailim -->
	<AppIcon name="com.turkcell.yaaniemail/com.turkcell.yaaniemail.ui.start.activities.StartActivity" image="mailim"/>

	<!-- MSÜ Puan Hesaplama -->
	<AppIcon name="com.hknsoft.msupuanhesaplama/com.hknsoft.msupuanhesaplama.views.HomeActivity" image="msü_puan_hesaplama"/>

	<!-- Namaz Vaktim -->
	<AppIcon name="tr.gov.diyanet.namazvaktim/tr.gov.diyanet.namazvaktim.futures.splash.ui.activities.SplashActivity" image="namaz_vaktim"/>

	<!-- Risale-i Nur Kütüphanesi -->
	<AppIcon name="org.feyyaz.risale_inur/org.feyyaz.risale_inur.ui.activity.splash.Splash" image="risale_i_nur_kütüphanesi"/>

	<!-- tabii -->
	<AppIcon name="com.trt.tabii.android/com.trt.tabii.android.mobile.feature.MainActivity" image="tabii"/>

	<!-- Trendyol -->
	<AppIcon name="trendyol.com/com.trendyol.common.splash.impl.ui.SplashActivity" image="trendyol"/>

	<!-- VakıfBank -->
	<AppIcon name="com.vakifbank.mobile/com.vakifbank.mobile.ui.SplashActivity" image="vakıfbank"/>

	<!-- Ziraat Mobil -->
	<AppIcon name="com.ziraat.ziraatmobil/com.ziraat.ziraatmobile.SplashActivity" image="ziraat_mobil"/>

</Theme>