<resources>

	<!-- Algeo -->
	<item component="ComponentInfo{com.algeo.algeo/com.algeo.algeo.Calculator}" drawable="algeo" />

	<!-- Ameixa -->
	<item component="ComponentInfo{org.xphnx.ameixa/org.xphnx.ameixa.activities.MainActivity}" drawable="ameixa" />

	<!-- BASIT -->
	<item component="ComponentInfo{com.thomasdemirgil.basit.app/com.thomasdemirgil.basit.app.MainActivity}" drawable="basit" />

	<!-- Cadrex -->
	<item component="ComponentInfo{com.esethnet.cadrex/com.esethnet.cadrex.LicenseActivity}" drawable="cadrex" />

	<!-- Church’s -->
	<item component="ComponentInfo{com.globalbrands.churchs/com.globalbrands.rituals.activities.MainActivity}" drawable="church’s" />

	<!-- CloudEdge -->
	<item component="ComponentInfo{com.cloudedge.smarteye/com.ppstrong.weeye.SplashActivity}" drawable="cloudedge" />

	<!-- ColorSniffer -->
	<item component="ComponentInfo{ryey.colorsniffer/ryey.colorsniffer.MainActivity}" drawable="colorsniffer" />

	<!-- Diconfinement -->
	<item component="ComponentInfo{com.confinement.diconfinement/com.confinement.diconfinement.MainActivity}" drawable="diconfinement" />

	<!-- ECUTT -->
	<item component="ComponentInfo{com.homecu.easterncu/com.homecu.phoenix.SplashActivity}" drawable="ecutt" />

	<!-- Expedia -->
	<item component="ComponentInfo{com.expedia.bookings/com.expedia.bookings.activity.SearchActivity}" drawable="expedia" />

</resources>