<appmap>

	<!-- Algeo -->
	<item class="com.algeo.algeo.Calculator" name="algeo"/>

	<!-- Ameixa -->
	<item class="org.xphnx.ameixa.activities.MainActivity" name="ameixa"/>

	<!-- BASIT -->
	<item class="com.thomasdemirgil.basit.app.MainActivity" name="basit"/>

	<!-- Cadrex -->
	<item class="com.esethnet.cadrex.LicenseActivity" name="cadrex"/>

	<!-- Church’s -->
	<item class="com.globalbrands.rituals.activities.MainActivity" name="church’s"/>

	<!-- CloudEdge -->
	<item class="com.ppstrong.weeye.SplashActivity" name="cloudedge"/>

	<!-- ColorSniffer -->
	<item class="ryey.colorsniffer.MainActivity" name="colorsniffer"/>

	<!-- Diconfinement -->
	<item class="com.confinement.diconfinement.MainActivity" name="diconfinement"/>

	<!-- ECUTT -->
	<item class="com.homecu.phoenix.SplashActivity" name="ecutt"/>

	<!-- Expedia -->
	<item class="com.expedia.bookings.activity.SearchActivity" name="expedia"/>

</appmap>