<Theme version="1">

	<!-- Algeo -->
	<AppIcon name="com.algeo.algeo/com.algeo.algeo.Calculator" image="algeo"/>

	<!-- Ameixa -->
	<AppIcon name="org.xphnx.ameixa/org.xphnx.ameixa.activities.MainActivity" image="ameixa"/>

	<!-- BASIT -->
	<AppIcon name="com.thomasdemirgil.basit.app/com.thomasdemirgil.basit.app.MainActivity" image="basit"/>

	<!-- Cadrex -->
	<AppIcon name="com.esethnet.cadrex/com.esethnet.cadrex.LicenseActivity" image="cadrex"/>

	<!-- Church’s -->
	<AppIcon name="com.globalbrands.churchs/com.globalbrands.rituals.activities.MainActivity" image="church’s"/>

	<!-- CloudEdge -->
	<AppIcon name="com.cloudedge.smarteye/com.ppstrong.weeye.SplashActivity" image="cloudedge"/>

	<!-- ColorSniffer -->
	<AppIcon name="ryey.colorsniffer/ryey.colorsniffer.MainActivity" image="colorsniffer"/>

	<!-- Diconfinement -->
	<AppIcon name="com.confinement.diconfinement/com.confinement.diconfinement.MainActivity" image="diconfinement"/>

	<!-- ECUTT -->
	<AppIcon name="com.homecu.easterncu/com.homecu.phoenix.SplashActivity" image="ecutt"/>

	<!-- Expedia -->
	<AppIcon name="com.expedia.bookings/com.expedia.bookings.activity.SearchActivity" image="expedia"/>

</Theme>