<resources>

	<!-- Amex IT -->
	<item component="ComponentInfo{com.americanexpress.android.acctsvcs.it/com.americanexpress.android.intl.app.view.activity.SplashInitializationActivity}" drawable="amex_it" />

	<!-- appTaxi -->
	<item component="ComponentInfo{it.ud.microtek.AppTaxi/it.ud.microtek.AppTaxi.MainActivity}" drawable="apptaxi" />

	<!-- ATM Milano -->
	<item component="ComponentInfo{it.atm.appmobile/it.atm.appmobile.MainActivity}" drawable="atm_milano" />

	<!-- benefits -->
	<item component="ComponentInfo{it.convenzioniaziendali.app/de.corporatebenefits.app.SetupActivity}" drawable="benefits" />

	<!-- FREE NOW -->
	<item component="ComponentInfo{taxi.android.client/com.mytaxi.passenger.startup.impl.ui.RouterActivity}" drawable="free_now" />

	<!-- Meteo -->
	<item component="ComponentInfo{com.microsoft.amp.apps.bingweather/com.microsoft.sapphire.app.main.SplashActivity}" drawable="meteo" />

	<!-- MH Now -->
	<item component="ComponentInfo{com.nianticlabs.monsterhunter/com.nianticproject.magellan.MagellanUnityPlayerActivity}" drawable="mh_now" />

	<!-- Power Apps -->
	<item component="ComponentInfo{com.microsoft.msapps/com.microsoft.msapps.SplashActivity}" drawable="power_apps" />

	<!-- Proton Pass -->
	<item component="ComponentInfo{proton.android.pass/proton.android.pass.ui.MainActivity}" drawable="proton_pass" />

	<!-- StrongAuth Mobile -->
	<item component="ComponentInfo{com.ionicframework.saapp2499363/com.ionicframework.saapp2499363.MainActivity}" drawable="strongauth_mobile" />

	<!-- VeridiumID -->
	<item component="ComponentInfo{com.veridiumid.authenticator/com.veridiumid.authenticator.view.ui.screen.impl.SplashActivity}" drawable="veridiumid" />

	<!-- Violet -->
	<item component="ComponentInfo{com.accenture.onboardingitaly/com.accenture.onboarding.activity.SplashActivity}" drawable="violet" />

	<!-- Viva Engage -->
	<item component="ComponentInfo{com.yammer.v1/com.yammer.droid.ui.LauncherActivity}" drawable="viva_engage" />

</resources>