<Theme version="1">

	<!-- Amex IT -->
	<AppIcon name="com.americanexpress.android.acctsvcs.it/com.americanexpress.android.intl.app.view.activity.SplashInitializationActivity" image="amex_it"/>

	<!-- appTaxi -->
	<AppIcon name="it.ud.microtek.AppTaxi/it.ud.microtek.AppTaxi.MainActivity" image="apptaxi"/>

	<!-- ATM Milano -->
	<AppIcon name="it.atm.appmobile/it.atm.appmobile.MainActivity" image="atm_milano"/>

	<!-- benefits -->
	<AppIcon name="it.convenzioniaziendali.app/de.corporatebenefits.app.SetupActivity" image="benefits"/>

	<!-- FREE NOW -->
	<AppIcon name="taxi.android.client/com.mytaxi.passenger.startup.impl.ui.RouterActivity" image="free_now"/>

	<!-- Meteo -->
	<AppIcon name="com.microsoft.amp.apps.bingweather/com.microsoft.sapphire.app.main.SplashActivity" image="meteo"/>

	<!-- MH Now -->
	<AppIcon name="com.nianticlabs.monsterhunter/com.nianticproject.magellan.MagellanUnityPlayerActivity" image="mh_now"/>

	<!-- Power Apps -->
	<AppIcon name="com.microsoft.msapps/com.microsoft.msapps.SplashActivity" image="power_apps"/>

	<!-- Proton Pass -->
	<AppIcon name="proton.android.pass/proton.android.pass.ui.MainActivity" image="proton_pass"/>

	<!-- StrongAuth Mobile -->
	<AppIcon name="com.ionicframework.saapp2499363/com.ionicframework.saapp2499363.MainActivity" image="strongauth_mobile"/>

	<!-- VeridiumID -->
	<AppIcon name="com.veridiumid.authenticator/com.veridiumid.authenticator.view.ui.screen.impl.SplashActivity" image="veridiumid"/>

	<!-- Violet -->
	<AppIcon name="com.accenture.onboardingitaly/com.accenture.onboarding.activity.SplashActivity" image="violet"/>

	<!-- Viva Engage -->
	<AppIcon name="com.yammer.v1/com.yammer.droid.ui.LauncherActivity" image="viva_engage"/>

</Theme>