<resources>

	<!-- Blood Strike -->
	<item component="ComponentInfo{com.netease.newspike/com.netease.game.MessiahNativeActivity}" drawable="blood_strike" />

	<!-- Call of Duty -->
	<item component="ComponentInfo{com.activision.callofduty.shooter/com.tencent.tmgp.cod.CODMPrivatePermissionActivity}" drawable="call_of_duty" />

	<!-- Camera -->
	<item component="ComponentInfo{com.vinsmart.camera/com.bq.camera3.common.MainActivity}" drawable="camera" />

	<!-- COD Warzone -->
	<item component="ComponentInfo{com.activision.callofduty.warzone/com.activision.game.MainActivity}" drawable="cod_warzone" />

	<!-- Contacts -->
	<item component="ComponentInfo{com.vinsmart.contacts/com.android.contacts.activities.PeopleActivity}" drawable="contacts" />

	<!-- Free Fire -->
	<item component="ComponentInfo{com.dts.freefireth/com.dts.freefireth.FFMainActivity}" drawable="free_fire" />

	<!-- Gallery -->
	<item component="ComponentInfo{net.vsmart.vphotos/com.android.gallery3d.app.GalleryActivity}" drawable="gallery" />

	<!-- Games -->
	<item component="ComponentInfo{com.oplus.games/com.oplus.games.ui.main.MainGameActivity}" drawable="games" />

	<!-- Ludo King -->
	<item component="ComponentInfo{com.ludo.king/com.google.firebase.MessagingUnityPlayerActivity}" drawable="ludo_king" />

	<!-- Messages -->
	<item component="ComponentInfo{com.vinsmart.messaging/com.vinsmart.messaging.ui.conversationlist.ConversationListActivity}" drawable="messages" />

	<!-- Mini Militia -->
	<item component="ComponentInfo{com.appsomniacs.da2/com.appsomniacs.da2.DA2Activity}" drawable="mini_militia" />

	<!-- OXO -->
	<item component="ComponentInfo{com.elkroom.gamelauncher/com.elkroom.gamelauncher.ui.splash.SplashActivity}" drawable="oxo" />

	<!-- Phone -->
	<item component="ComponentInfo{com.vinsmart.android.dialer/com.android.vinsmart.ui.dialer.VSmartDialerActivity}" drawable="phone" />

	<!-- Prayer Time -->
	<item component="ComponentInfo{com.waltonbd.muslimcalender/com.waltonbd.muslimcalender.SplashScreenActivity}" drawable="prayer_time" />

	<!-- Race Max Pro -->
	<item component="ComponentInfo{game.revani.racemaxpro/com.unity3d.player.UnityPlayerActivity}" drawable="race_max_pro" />

	<!-- RisingBD -->
	<item component="ComponentInfo{com.skyroutemedialimited.risingbd/com.skyroutemedialtd.risingbd.activities.SplashActivity}" drawable="risingbd" />

	<!-- Sam Helper -->
	<item component="ComponentInfo{com.litebyte.samhelper/com.litebyte.samhelper.SamHelper}" drawable="sam_helper" />

	<!-- Satoshi -->
	<item component="ComponentInfo{com.sat21.global.pro/com.btcs.MainActivity}" drawable="satoshi" />

	<!-- SHAREit -->
	<item component="ComponentInfo{com.lenovo.anyshare.gps/com.lenovo.anyshare.ChangeLogoActivity1}" drawable="shareit" />

	<!-- Sound Recorder -->
	<item component="ComponentInfo{com.vsmart.soundrecorder/com.vinsmart.soundrecorder.activities.MainActivity}" drawable="sound_recorder" />

	<!-- TakoStats -->
	<item component="ComponentInfo{rikka.fpsmonitor/rikka.fpsmonitor.component.home.HomeActivity}" drawable="takostats" />

</resources>