<Theme version="1">

	<!-- Blood Strike -->
	<AppIcon name="com.netease.newspike/com.netease.game.MessiahNativeActivity" image="blood_strike"/>

	<!-- Call of Duty -->
	<AppIcon name="com.activision.callofduty.shooter/com.tencent.tmgp.cod.CODMPrivatePermissionActivity" image="call_of_duty"/>

	<!-- Camera -->
	<AppIcon name="com.vinsmart.camera/com.bq.camera3.common.MainActivity" image="camera"/>

	<!-- COD Warzone -->
	<AppIcon name="com.activision.callofduty.warzone/com.activision.game.MainActivity" image="cod_warzone"/>

	<!-- Contacts -->
	<AppIcon name="com.vinsmart.contacts/com.android.contacts.activities.PeopleActivity" image="contacts"/>

	<!-- Free Fire -->
	<AppIcon name="com.dts.freefireth/com.dts.freefireth.FFMainActivity" image="free_fire"/>

	<!-- Gallery -->
	<AppIcon name="net.vsmart.vphotos/com.android.gallery3d.app.GalleryActivity" image="gallery"/>

	<!-- Games -->
	<AppIcon name="com.oplus.games/com.oplus.games.ui.main.MainGameActivity" image="games"/>

	<!-- Ludo King -->
	<AppIcon name="com.ludo.king/com.google.firebase.MessagingUnityPlayerActivity" image="ludo_king"/>

	<!-- Messages -->
	<AppIcon name="com.vinsmart.messaging/com.vinsmart.messaging.ui.conversationlist.ConversationListActivity" image="messages"/>

	<!-- Mini Militia -->
	<AppIcon name="com.appsomniacs.da2/com.appsomniacs.da2.DA2Activity" image="mini_militia"/>

	<!-- OXO -->
	<AppIcon name="com.elkroom.gamelauncher/com.elkroom.gamelauncher.ui.splash.SplashActivity" image="oxo"/>

	<!-- Phone -->
	<AppIcon name="com.vinsmart.android.dialer/com.android.vinsmart.ui.dialer.VSmartDialerActivity" image="phone"/>

	<!-- Prayer Time -->
	<AppIcon name="com.waltonbd.muslimcalender/com.waltonbd.muslimcalender.SplashScreenActivity" image="prayer_time"/>

	<!-- Race Max Pro -->
	<AppIcon name="game.revani.racemaxpro/com.unity3d.player.UnityPlayerActivity" image="race_max_pro"/>

	<!-- RisingBD -->
	<AppIcon name="com.skyroutemedialimited.risingbd/com.skyroutemedialtd.risingbd.activities.SplashActivity" image="risingbd"/>

	<!-- Sam Helper -->
	<AppIcon name="com.litebyte.samhelper/com.litebyte.samhelper.SamHelper" image="sam_helper"/>

	<!-- Satoshi -->
	<AppIcon name="com.sat21.global.pro/com.btcs.MainActivity" image="satoshi"/>

	<!-- SHAREit -->
	<AppIcon name="com.lenovo.anyshare.gps/com.lenovo.anyshare.ChangeLogoActivity1" image="shareit"/>

	<!-- Sound Recorder -->
	<AppIcon name="com.vsmart.soundrecorder/com.vinsmart.soundrecorder.activities.MainActivity" image="sound_recorder"/>

	<!-- TakoStats -->
	<AppIcon name="rikka.fpsmonitor/rikka.fpsmonitor.component.home.HomeActivity" image="takostats"/>

</Theme>