<resources>

	<!-- 1DM Browser -->
	<item component="ComponentInfo{idm.internet.download.manager/acr.browser.lightning.activity.MainActivityLauncher}" drawable="_1dm_browser" />

	<!-- Hadith Pro -->
	<item component="ComponentInfo{com.islamicproapps.hadithpro/com.islamicproapps.hadithpro.MainActivity}" drawable="hadith_pro" />

	<!-- InputBridge -->
	<item component="ComponentInfo{com.catfixture.inputbridge/com.catfixture.inputbridge.ui.activity.main.MainActivity}" drawable="inputbridge" />

	<!-- Investing -->
	<item component="ComponentInfo{com.fusionmedia.investing/com.fusionmedia.investing.features.splash.activity.SplashSplitter}" drawable="investing" />

	<!-- MetaTrader 4 -->
	<item component="ComponentInfo{net.metaquotes.metatrader4/net.metaquotes.metatrader4.ui.MainActivity}" drawable="metatrader_4" />

	<!-- MetaTrader 5 -->
	<item component="ComponentInfo{net.metaquotes.metatrader5/net.metaquotes.metatrader5.ui.MainActivity}" drawable="metatrader_5" />

	<!-- MicroBreaker -->
	<item component="ComponentInfo{com.rasterage.micro.breaker/com.rasterage.micro.breaker.NativeGameActivity}" drawable="microbreaker" />

	<!-- Mindomo -->
	<item component="ComponentInfo{air.com.EXswap.Mindomo/air.com.EXswap.Mindomo.MainActivity}" drawable="mindomo" />

	<!-- Othello -->
	<item component="ComponentInfo{com.litegames.othello/com.google.firebase.MessagingUnityPlayerActivity}" drawable="othello" />

	<!-- Salatuk -->
	<item component="ComponentInfo{com.masarat.salati/com.masarat.salati.ui.activities.MainActivity}" drawable="salatuk" />

	<!-- Termux:X11 -->
	<item component="ComponentInfo{com.termux.x11/com.termux.x11.MainActivity}" drawable="termux_x11" />

</resources>