<Theme version="1">

	<!-- 1DM Browser -->
	<AppIcon name="idm.internet.download.manager/acr.browser.lightning.activity.MainActivityLauncher" image="_1dm_browser"/>

	<!-- Hadith Pro -->
	<AppIcon name="com.islamicproapps.hadithpro/com.islamicproapps.hadithpro.MainActivity" image="hadith_pro"/>

	<!-- InputBridge -->
	<AppIcon name="com.catfixture.inputbridge/com.catfixture.inputbridge.ui.activity.main.MainActivity" image="inputbridge"/>

	<!-- Investing -->
	<AppIcon name="com.fusionmedia.investing/com.fusionmedia.investing.features.splash.activity.SplashSplitter" image="investing"/>

	<!-- MetaTrader 4 -->
	<AppIcon name="net.metaquotes.metatrader4/net.metaquotes.metatrader4.ui.MainActivity" image="metatrader_4"/>

	<!-- MetaTrader 5 -->
	<AppIcon name="net.metaquotes.metatrader5/net.metaquotes.metatrader5.ui.MainActivity" image="metatrader_5"/>

	<!-- MicroBreaker -->
	<AppIcon name="com.rasterage.micro.breaker/com.rasterage.micro.breaker.NativeGameActivity" image="microbreaker"/>

	<!-- Mindomo -->
	<AppIcon name="air.com.EXswap.Mindomo/air.com.EXswap.Mindomo.MainActivity" image="mindomo"/>

	<!-- Othello -->
	<AppIcon name="com.litegames.othello/com.google.firebase.MessagingUnityPlayerActivity" image="othello"/>

	<!-- Salatuk -->
	<AppIcon name="com.masarat.salati/com.masarat.salati.ui.activities.MainActivity" image="salatuk"/>

	<!-- Termux:X11 -->
	<AppIcon name="com.termux.x11/com.termux.x11.MainActivity" image="termux_x11"/>

</Theme>