<resources>

	<!-- Android Keyboard (AOSP) -->
	<item component="ComponentInfo{com.android.inputmethod.latin/com.android.inputmethod.latin.setup.SetupActivity}" drawable="android_keyboard_aosp_" />

	<!-- Calculator -->
	<item component="ComponentInfo{com.tct.tablet.calculator/com.tct.tablet.calculator.Calculator}" drawable="calculator" />

	<!-- CloserTV -->
	<item component="ComponentInfo{com.tcl.onetouch.onetv/com.tcl.onetouch.onetv.activity.LoadingActivity}" drawable="closertv" />

	<!-- FastSave -->
	<item component="ComponentInfo{photo.video.instasaveapp/fast.browser.activity.MainActivity}" drawable="fastsave" />

	<!-- Files -->
	<item component="ComponentInfo{com.tct.tablet.filemanager/com.jrdcom.filemanager.activity.FileBrowserActivity}" drawable="files" />

	<!-- Gallery -->
	<item component="ComponentInfo{com.tct.tablet.gallery3d/com.tct.gallery3d.app.PermissionActivity}" drawable="gallery" />

	<!-- Hidden Settings -->
	<item component="ComponentInfo{com.jami.tool.hiddensetting/com.dialog}" drawable="hidden_settings" />

	<!-- LuX Free -->
	<item component="ComponentInfo{com.jndapp.lux.free.iconpack/com.jndapp.lux.free.iconpack.MainActivity}" drawable="lux_free" />

	<!-- Magisk Manager -->
	<item component="ComponentInfo{com.topjohnwu.magisk/a.c}" drawable="magisk_manager" />

	<!-- News & Weather -->
	<item component="ComponentInfo{com.google.android.apps.genie.geniewidget/com.google.android.apps.genie.geniewidget.activities.NewsActivity}" drawable="news_and_weather" />

	<!-- Notes -->
	<item component="ComponentInfo{com.example.android.notepad/com.example.android.notepad.NotesList}" drawable="notes" />

	<!-- Play Music -->
	<item component="ComponentInfo{com.google.android.music/com.android.music.activitymanagement.TopLevelActivity}" drawable="play_music" />

	<!-- Play Services Info -->
	<item component="ComponentInfo{com.weberdo.apps.serviceinfo/com.weberdo.apps.serviceinfo.MainActivity}" drawable="play_services_info" />

	<!-- Sound Recorder -->
	<item component="ComponentInfo{com.tct.tablet.soundrecorder/com.tct.soundrecorder.SoundRecorder}" drawable="sound_recorder" />

	<!-- Updates -->
	<item component="ComponentInfo{com.tct.tablet.ota/com.tcl.ota.SystemUpdatesActivity}" drawable="updates" />

	<!-- Weather -->
	<item component="ComponentInfo{com.tct.tablet.weather/com.tct.weather.MainActivity}" drawable="weather" />

</resources>