<Theme version="1">

	<!-- Android Keyboard (AOSP) -->
	<AppIcon name="com.android.inputmethod.latin/com.android.inputmethod.latin.setup.SetupActivity" image="android_keyboard_aosp_"/>

	<!-- Calculator -->
	<AppIcon name="com.tct.tablet.calculator/com.tct.tablet.calculator.Calculator" image="calculator"/>

	<!-- CloserTV -->
	<AppIcon name="com.tcl.onetouch.onetv/com.tcl.onetouch.onetv.activity.LoadingActivity" image="closertv"/>

	<!-- FastSave -->
	<AppIcon name="photo.video.instasaveapp/fast.browser.activity.MainActivity" image="fastsave"/>

	<!-- Files -->
	<AppIcon name="com.tct.tablet.filemanager/com.jrdcom.filemanager.activity.FileBrowserActivity" image="files"/>

	<!-- Gallery -->
	<AppIcon name="com.tct.tablet.gallery3d/com.tct.gallery3d.app.PermissionActivity" image="gallery"/>

	<!-- Hidden Settings -->
	<AppIcon name="com.jami.tool.hiddensetting/com.dialog" image="hidden_settings"/>

	<!-- LuX Free -->
	<AppIcon name="com.jndapp.lux.free.iconpack/com.jndapp.lux.free.iconpack.MainActivity" image="lux_free"/>

	<!-- Magisk Manager -->
	<AppIcon name="com.topjohnwu.magisk/a.c" image="magisk_manager"/>

	<!-- News & Weather -->
	<AppIcon name="com.google.android.apps.genie.geniewidget/com.google.android.apps.genie.geniewidget.activities.NewsActivity" image="news_and_weather"/>

	<!-- Notes -->
	<AppIcon name="com.example.android.notepad/com.example.android.notepad.NotesList" image="notes"/>

	<!-- Play Music -->
	<AppIcon name="com.google.android.music/com.android.music.activitymanagement.TopLevelActivity" image="play_music"/>

	<!-- Play Services Info -->
	<AppIcon name="com.weberdo.apps.serviceinfo/com.weberdo.apps.serviceinfo.MainActivity" image="play_services_info"/>

	<!-- Sound Recorder -->
	<AppIcon name="com.tct.tablet.soundrecorder/com.tct.soundrecorder.SoundRecorder" image="sound_recorder"/>

	<!-- Updates -->
	<AppIcon name="com.tct.tablet.ota/com.tcl.ota.SystemUpdatesActivity" image="updates"/>

	<!-- Weather -->
	<AppIcon name="com.tct.tablet.weather/com.tct.weather.MainActivity" image="weather"/>

</Theme>