<resources>

	<!-- COPE -->
	<item component="ComponentInfo{com.cope.radio/es.cope.group.presentationlayer.feature.splash.view.ui.SplashActivity}" drawable="cope" />

	<!-- Euronews -->
	<item component="ComponentInfo{com.euronews.express/com.africanews.android.application.splash.SplashScreenActivity}" drawable="euronews" />

	<!-- Europa FM -->
	<item component="ComponentInfo{com.antena3.europafmradio/com.antena3.europafmradio.ui.startup.splash.SplashActivity}" drawable="europa_fm" />

	<!-- Graphite Icon Pack -->
	<item component="ComponentInfo{com.stark.graphite/com.stark.graphite.MainActivity}" drawable="graphite_icon_pack" />

	<!-- iVoox -->
	<item component="ComponentInfo{com.ivoox.app/com.ivoox.app.ui.login.activity.LoginMainActivity}" drawable="ivoox" />

	<!-- Melodía FM -->
	<item component="ComponentInfo{com.i3television.melodiafm/com.i3television.melodiafm.ui.startup.splash.SplashActivity}" drawable="melodia_fm" />

	<!-- Navegador -->
	<item component="ComponentInfo{com.ume.browser.northamerica/com.ume.browser.MainActivity}" drawable="navegador" />

	<!-- Noticias de última hora -->
	<item component="ComponentInfo{ma.safe.bn/com.example.hmo.bns.SplashActivity}" drawable="noticias_de_ultima_hora" />

	<!-- Onda Cero -->
	<item component="ComponentInfo{com.antena3.ondaceroradio/com.antena3.ondaceroradio.ui.startup.splash.SplashActivity}" drawable="onda_cero" />

	<!-- PowerDirector -->
	<item component="ComponentInfo{com.cyberlink.powerdirector.DRA140225_01/com.cyberlink.powerdirector.splash.SplashActivity}" drawable="powerdirector" />

</resources>