<Theme version="1">

	<!-- COPE -->
	<AppIcon name="com.cope.radio/es.cope.group.presentationlayer.feature.splash.view.ui.SplashActivity" image="cope"/>

	<!-- Euronews -->
	<AppIcon name="com.euronews.express/com.africanews.android.application.splash.SplashScreenActivity" image="euronews"/>

	<!-- Europa FM -->
	<AppIcon name="com.antena3.europafmradio/com.antena3.europafmradio.ui.startup.splash.SplashActivity" image="europa_fm"/>

	<!-- Graphite Icon Pack -->
	<AppIcon name="com.stark.graphite/com.stark.graphite.MainActivity" image="graphite_icon_pack"/>

	<!-- iVoox -->
	<AppIcon name="com.ivoox.app/com.ivoox.app.ui.login.activity.LoginMainActivity" image="ivoox"/>

	<!-- Melodía FM -->
	<AppIcon name="com.i3television.melodiafm/com.i3television.melodiafm.ui.startup.splash.SplashActivity" image="melodia_fm"/>

	<!-- Navegador -->
	<AppIcon name="com.ume.browser.northamerica/com.ume.browser.MainActivity" image="navegador"/>

	<!-- Noticias de última hora -->
	<AppIcon name="ma.safe.bn/com.example.hmo.bns.SplashActivity" image="noticias_de_ultima_hora"/>

	<!-- Onda Cero -->
	<AppIcon name="com.antena3.ondaceroradio/com.antena3.ondaceroradio.ui.startup.splash.SplashActivity" image="onda_cero"/>

	<!-- PowerDirector -->
	<AppIcon name="com.cyberlink.powerdirector.DRA140225_01/com.cyberlink.powerdirector.splash.SplashActivity" image="powerdirector"/>

</Theme>