<Theme version="1">

	<!-- BHIM -->
	<AppIcon name="in.org.npci.upiapp/mpacjhvlt.n" image="bhim"/>

	<!-- BHIM IOB UPI -->
	<AppIcon name="com.euronet.iobupi/com.euronet.iobupi.MainActivity" image="bhim_iob_upi"/>

	<!-- Camera -->
	<AppIcon name="com.nothing.camera/com.nothing.camera.activity.CameraActivity" image="camera"/>

	<!-- Car Report -->
	<AppIcon name="me.kuehle.carreport/me.kuehle.carreport.gui.MainActivity" image="car_report"/>

	<!-- Casio G-Shock Smart Sync -->
	<AppIcon name="org.avmedia.gshockGoogleSync/org.avmedia.gShockPhoneSync.MainActivity" image="casio_g_shock_smart_sync"/>

	<!-- Clock -->
	<AppIcon name="com.best.deskclock/com.best.deskclock.DeskClock" image="clock"/>

	<!-- Download Navi -->
	<AppIcon name="com.tachibana.downloader/com.tachibana.downloader.ui.main.MainActivity" image="download_navi"/>

	<!-- Gallery -->
	<AppIcon name="org.fossify.gallery/org.fossify.gallery.activities.SplashActivity.Blue" image="gallery"/>

	<!-- IOB Mobile -->
	<AppIcon name="com.fss.iob6/com.fss.iob6.MainActivity" image="iob_mobile"/>

	<!-- Music Center -->
	<AppIcon name="com.sony.songpal/com.sony.songpal.app.view.overview.DeviceAndGroupActivity" image="music_center"/>

	<!-- MyGate -->
	<AppIcon name="com.mygate.user/com.mygate.user.modules.shared.SplashActivity" image="mygate"/>

	<!-- OpenBoard -->
	<AppIcon name="org.dslul.openboard.inputmethod.latin/org.dslul.openboard.inputmethod.latin.setup.SetupActivity" image="openboard"/>

	<!-- Phone -->
	<AppIcon name="org.fossify.phone/org.fossify.phone.activities.SplashActivity.Green" image="phone"/>

	<!-- Popcorn Time -->
	<AppIcon name="dp.ws.popcorntime/se.popcorn_time.mobile.ui.MainActivity" image="popcorn_time"/>

	<!-- Recorder -->
	<AppIcon name="com.nothing.soundrecorder/com.nothing.soundrecorder.ui.NewMainActivity" image="recorder"/>

	<!-- SatStat -->
	<AppIcon name="com.vonglasow.michael.satstat/com.vonglasow.michael.satstat.ui.MainActivity" image="satstat"/>

	<!-- SolitaireCG -->
	<AppIcon name="net.sourceforge.solitaire_cg/net.sourceforge.solitaire_cg.SolitaireCG" image="solitairecg"/>

	<!-- Weather -->
	<AppIcon name="com.nothing.weather/com.nothing.weather.ui.main.MainActivity" image="weather"/>

	<!-- Yono Lite SBI -->
	<AppIcon name="com.sbi.SBIFreedomPlus/com.sbi.SBIFreedomPlus.SBIYonoLite" image="yono_lite_sbi"/>

</Theme>