<resources>

	<!-- Камера -->
	<item component="ComponentInfo{com.transsion.camera/com.android.camera.CameraLauncher}" drawable="камера" />

	<!-- ОК -->
	<item component="ComponentInfo{ru.ok.android/ru.ok.android.ui.activity.main.OdklActivity}" drawable="ок" />

	<!-- Плеер Visha -->
	<item component="ComponentInfo{com.transsion.magicshow/com.transsion.magicmovie.activity.TRSplashActivity}" drawable="плеер_visha" />

	<!-- Погода -->
	<item component="ComponentInfo{com.rlk.weathers/com.rlk.weathers.ui.main.MainActivity}" drawable="погода" />

	<!-- Телефон -->
	<item component="ComponentInfo{com.sh.smart.caller/com.android.dialer.main.impl.MainActivity}" drawable="телефон" />

	<!-- Умное сканирование -->
	<item component="ComponentInfo{com.transsion.scanningrecharger/com.transsion.scanningrecharger.view.activity.SplashActivity}" drawable="умное_сканирование" />

	<!-- Часы -->
	<item component="ComponentInfo{com.transsion.deskclock/com.transsion.deskclock.DeskClock}" drawable="часы" />

	<!-- ЯндексGo -->
	<item component="ComponentInfo{ru.yandex.taxi/ru.yandex.taxi.activity.StartActivity}" drawable="яндексgo" />

	<!-- Carlcare -->
	<item component="ComponentInfo{com.transsion.carlcare/com.transsion.carlcare.MainActivity}" drawable="carlcare" />

	<!-- Farlight 84 -->
	<item component="ComponentInfo{com.miraclegames.farlight84/com.epicgames.ue4.SplashActivity}" drawable="farlight_84" />

	<!-- Free Fire -->
	<item component="ComponentInfo{com.dts.freefireth/com.dts.freefireth.FFMainActivity}" drawable="free_fire" />

	<!-- My Health -->
	<item component="ComponentInfo{com.transsion.healthlife/com.transsion.healthlife.view.WelcomeActivity}" drawable="my_health" />

	<!-- Race Max Pro -->
	<item component="ComponentInfo{game.revani.racemaxpro/com.unity3d.player.UnityPlayerActivity}" drawable="race_max_pro" />

	<!-- VK -->
	<item component="ComponentInfo{com.vkontakte.android/com.vk.android.launcher.icons.IconAlias.DefaultIcon}" drawable="vk" />

</resources>