<appmap>

	<!-- Камера -->
	<item class="com.android.camera.CameraLauncher" name="камера"/>

	<!-- ОК -->
	<item class="ru.ok.android.ui.activity.main.OdklActivity" name="ок"/>

	<!-- Плеер Visha -->
	<item class="com.transsion.magicmovie.activity.TRSplashActivity" name="плеер_visha"/>

	<!-- Погода -->
	<item class="com.rlk.weathers.ui.main.MainActivity" name="погода"/>

	<!-- Телефон -->
	<item class="com.android.dialer.main.impl.MainActivity" name="телефон"/>

	<!-- Умное сканирование -->
	<item class="com.transsion.scanningrecharger.view.activity.SplashActivity" name="умное_сканирование"/>

	<!-- Часы -->
	<item class="com.transsion.deskclock.DeskClock" name="часы"/>

	<!-- ЯндексGo -->
	<item class="ru.yandex.taxi.activity.StartActivity" name="яндексgo"/>

	<!-- Carlcare -->
	<item class="com.transsion.carlcare.MainActivity" name="carlcare"/>

	<!-- Farlight 84 -->
	<item class="com.epicgames.ue4.SplashActivity" name="farlight_84"/>

	<!-- Free Fire -->
	<item class="com.dts.freefireth.FFMainActivity" name="free_fire"/>

	<!-- My Health -->
	<item class="com.transsion.healthlife.view.WelcomeActivity" name="my_health"/>

	<!-- Race Max Pro -->
	<item class="com.unity3d.player.UnityPlayerActivity" name="race_max_pro"/>

	<!-- VK -->
	<item class="com.vk.android.launcher.icons.IconAlias.DefaultIcon" name="vk"/>

</appmap>