<Theme version="1">

	<!-- Камера -->
	<AppIcon name="com.transsion.camera/com.android.camera.CameraLauncher" image="камера"/>

	<!-- ОК -->
	<AppIcon name="ru.ok.android/ru.ok.android.ui.activity.main.OdklActivity" image="ок"/>

	<!-- Плеер Visha -->
	<AppIcon name="com.transsion.magicshow/com.transsion.magicmovie.activity.TRSplashActivity" image="плеер_visha"/>

	<!-- Погода -->
	<AppIcon name="com.rlk.weathers/com.rlk.weathers.ui.main.MainActivity" image="погода"/>

	<!-- Телефон -->
	<AppIcon name="com.sh.smart.caller/com.android.dialer.main.impl.MainActivity" image="телефон"/>

	<!-- Умное сканирование -->
	<AppIcon name="com.transsion.scanningrecharger/com.transsion.scanningrecharger.view.activity.SplashActivity" image="умное_сканирование"/>

	<!-- Часы -->
	<AppIcon name="com.transsion.deskclock/com.transsion.deskclock.DeskClock" image="часы"/>

	<!-- ЯндексGo -->
	<AppIcon name="ru.yandex.taxi/ru.yandex.taxi.activity.StartActivity" image="яндексgo"/>

	<!-- Carlcare -->
	<AppIcon name="com.transsion.carlcare/com.transsion.carlcare.MainActivity" image="carlcare"/>

	<!-- Farlight 84 -->
	<AppIcon name="com.miraclegames.farlight84/com.epicgames.ue4.SplashActivity" image="farlight_84"/>

	<!-- Free Fire -->
	<AppIcon name="com.dts.freefireth/com.dts.freefireth.FFMainActivity" image="free_fire"/>

	<!-- My Health -->
	<AppIcon name="com.transsion.healthlife/com.transsion.healthlife.view.WelcomeActivity" image="my_health"/>

	<!-- Race Max Pro -->
	<AppIcon name="game.revani.racemaxpro/com.unity3d.player.UnityPlayerActivity" image="race_max_pro"/>

	<!-- VK -->
	<AppIcon name="com.vkontakte.android/com.vk.android.launcher.icons.IconAlias.DefaultIcon" image="vk"/>

</Theme>