<Theme version="1">

	<!-- (F-Droid) kDI -->
	<AppIcon name="com.oF2pks.kalturadeviceinfos/com.oF2pks.kalturadeviceinfos.MainActivity" image="_f_droid_kdi"/>

	<!-- (F-Droid) kDI -->
	<AppIcon name="com.oF2pks.kalturadeviceinfos/com.oF2pks.applicationsinfo.MainActivity" image="_f_droid_kdi"/>

	<!-- 1&1 Mail -->
	<AppIcon name="de.eue.mobile.android.mail/com.unitedinternet.portal.ui.HostActivity" image="_1_and_1_mail"/>

	<!-- 1&1 TV -->
	<AppIcon name="com.einsundeinstv.player/com.zattoo.mobile.MobileActivity" image="_1_and_1_tv"/>

	<!-- 116117.app -->
	<AppIcon name="de.kvdigital.nfa/de.kvdigital.nfa.ui.splash.SplashActivity" image="_116117app"/>

	<!-- 2048 -->
	<AppIcon name="com.uberspot.a2048/com.uberspot.a2048.MainActivity" image="_2048"/>

	<!-- 3DMark -->
	<AppIcon name="com.futuremark.dmandroid.application/com.futuremark.flamenco.ui.splash.SplashPageActivity" image="_3dmark"/>

	<!-- 3sat-Mediathek -->
	<AppIcon name="com.mediathek_3sat.android/com.mediathek_3sat.android.MainActivity" image="_3sat_mediathek"/>

	<!-- AccumPDF -->
	<AppIcon name="com.org.jvp7.accumulator_pdfcreator/com.org.jvp7.accumulator_pdfcreator.Start_Activity" image="accumpdf"/>

	<!-- Achim -->
	<AppIcon name="com.denishepting.achimarbeit/com.denishepting.achimarbeit.MainActivity" image="achim"/>

	<!-- Action -->
	<AppIcon name="com.action.consumerapp/com.action.consumerapp.MainActivity" image="action"/>

	<!-- AdBlock für Samsung Internet -->
	<AppIcon name="com.betafish.adblocksbrowser/org.adblockplus.adblockplussbrowser.app.ui.LauncherActivity" image="adblock_fur_samsung_internet"/>

	<!-- AdCap! -->
	<AppIcon name="com.kongregate.mobile.adventurecapitalist.google/com.unity3d.player.UnityPlayerActivity" image="adcap_"/>

	<!-- AdClear Content Blocker -->
	<AppIcon name="com.seven.adclear.fsb/com.adclear.contentblocker.ui.splash.SplashActivity" image="adclear_content_blocker"/>

	<!-- Advanzia -->
	<AppIcon name="com.advanzia.mobile/com.advanzia.mobile.MainActivity" image="advanzia"/>

	<!-- AdVenture Ages -->
	<AppIcon name="ca.hyperhippo.adventureages/com.unity3d.player.UnityPlayerActivity" image="adventure_ages"/>

	<!-- AdVenture Communist -->
	<AppIcon name="com.kongregate.mobile.adventurecommunist.google/com.unity3d.player.UnityPlayerActivity" image="adventure_communist"/>

	<!-- AirGuard -->
	<AppIcon name="de.seemoo.at_tracking_detection.release/de.seemoo.at_tracking_detection.ui.MainActivity" image="airguard"/>

	<!-- ALDI SÜD -->
	<AppIcon name="de.apptiv.business.android.aldi_de/de.apptiv.business.android.aldi_at_ahead.presentation.screens.splash.SplashActivity" image="aldi_sud"/>

	<!-- Alibaba.com -->
	<AppIcon name="com.alibaba.intl.android.apps.poseidon/com.alibaba.intl.android.apps.poseidon.app.activity.ActivityMainMaterial" image="alibabacom"/>

	<!-- ALL.com -->
	<AppIcon name="com.accor.appli.hybrid/com.accor.app.splashscreen.view.SplashScreenActivitySilver" image="allcom"/>

	<!-- Alovoa -->
	<AppIcon name="com.alovoa.expo/com.alovoa.expo.MainActivity" image="alovoa"/>

	<!-- Amazon Kids+ -->
	<AppIcon name="com.amazon.tahoe.freetime/com.amazon.tahoe.react.LoadingActivity" image="amazon_kids_"/>

	<!-- Android Device Info -->
	<AppIcon name="com.infernus.androiddeviceinfo/com.infernus.androiddeviceinfo.activities.MainActivity" image="android_device_info"/>

	<!-- Android TV -->
	<AppIcon name="com.google.android.tv.remote/com.google.android.tv.remote.RemoteActivity" image="android_tv"/>

	<!-- AnkiApp -->
	<AppIcon name="com.ankiapp.client/com.ankiapp.client.MainActivity" image="ankiapp"/>

	<!-- AnkiDroid -->
	<AppIcon name="com.ichi2.anki/com.ichi2.anki.IntentHandler" image="ankidroid"/>

	<!-- AnkiPro -->
	<AppIcon name="com.vedasapps.flashcards/com.vedasapps.flashcards.MainActivity" image="ankipro"/>

	<!-- ANOTHERpass -->
	<AppIcon name="de.jepfa.yapm/de.jepfa.yapm.ui.credential.ListCredentialsActivity" image="anotherpass"/>

	<!-- anybill -->
	<AppIcon name="de.anybill.anybill_mobile_app/de.anybill.anybill_mobile_app.MainActivity" image="anybill"/>

	<!-- AnyDesk -->
	<AppIcon name="com.anydesk.anydeskandroid/com.anydesk.anydeskandroid.gui.activity.MainActivity" image="anydesk"/>

	<!-- APK Explorer & Editor -->
	<AppIcon name="com.apk.editor/com.apk.editor.activities.StartActivity" image="apk_explorer_and_editor"/>

	<!-- apotheke -->
	<AppIcon name="de.meineapotheke.app/de.meineapotheke.app.MainActivity" image="apotheke"/>

	<!-- App-Launcher -->
	<AppIcon name="com.simplemobiletools.applauncher/com.simplemobiletools.applauncher.activities.SplashActivity.Light_green" image="app_launcher"/>

	<!-- ARD Audiothek -->
	<AppIcon name="de.ard.audiothek/de.ard.audiothek.MainActivity" image="ard_audiothek"/>

	<!-- ARD Mediathek -->
	<AppIcon name="de.swr.avp.ard/de.ard.ardmediathek.ui.main.MainActivity" image="ard_mediathek"/>

	<!-- ARTE -->
	<AppIcon name="tv.arte.plus7/tv.arte.plus7.mobile.presentation.home.HomeActivityPortraitMobile" image="arte"/>

	<!-- Arts & Culture -->
	<AppIcon name="com.google.android.apps.cultural/com.google.android.apps.cultural.web.WebViewActivity" image="arts_and_culture"/>

	<!-- Ärzteblatt -->
	<AppIcon name="de.aerzteblatt.tablet/de.aerzteblatt.tablet.MainActivity" image="arzteblatt"/>

	<!-- Asphalt Xtreme -->
	<AppIcon name="com.netflix.NGP.AsphaltXtreme/com.netflix.NGP.AsphaltXtreme.MainActivity" image="asphalt_xtreme"/>

	<!-- Audials Play -->
	<AppIcon name="com.audials/com.audials.main.SplashScreenActivity" image="audials_play"/>

	<!-- Audiobooks -->
	<AppIcon name="com.deezer.audiobooks/com.deezer.audiobooks.mod_1_presentation.activity.splash.SplashActivity" image="audiobooks"/>

	<!-- Automate -->
	<AppIcon name="com.llamalab.automate/com.llamalab.automate.FlowListActivity" image="automate"/>

	<!-- Automatische Transkription -->
	<AppIcon name="com.google.audio.hearing.visualization.accessibility.scribe/com.google.audio.hearing.visualization.accessibility.scribe.LauncherActivity" image="automatische_transkription"/>

	<!-- Bahnhof live -->
	<AppIcon name="de.deutschebahn.bahnhoflive/de.deutschebahn.bahnhoflive.ui.hub.HubActivity" image="bahnhof_live"/>

	<!-- barq -->
	<AppIcon name="com.furryapp/com.furryapp.MainActivity" image="barq"/>

	<!-- BBC iPlayer -->
	<AppIcon name="bbc.iplayer.android/uk.co.bbc.iplayer.startup.StartupActivity" image="bbc_iplayer"/>

	<!-- Before Your Eyes -->
	<AppIcon name="com.netflix.NGP.BeforeYourEyes/com.bkom.NativeUtils.NativeUtilsMainActivity" image="before_your_eyes"/>

	<!-- benefits -->
	<AppIcon name="de.corporatebenefits.app/de.corporatebenefits.app.SetupActivity" image="benefits"/>

	<!-- Benefits.me -->
	<AppIcon name="de.ticketsprinter.mitarbeiteraktionen.production/de.ticketsprinter.mitarbeiteraktionen.presentation.ui.OnboardingActivity" image="benefitsme"/>

	<!-- BigBusTours -->
	<AppIcon name="com.bigbustours.bbt/com.bigbustours.bbt.splash.SplashActivity" image="bigbustours"/>

	<!-- Binance -->
	<AppIcon name="com.binance.dev/com.binance.launcher.activities.main.MainActivity" image="binance"/>

	<!-- Bitpanda -->
	<AppIcon name="com.bitpanda.bitpanda/com.bitpanda.feature.onboarding.authentication.impl.ui.RoutingActivity" image="bitpanda"/>

	<!-- BlaBlaCar -->
	<AppIcon name="com.comuto/com.comuto.proxy.ProxyActivity" image="blablacar"/>

	<!-- Blockchain Wallet -->
	<AppIcon name="com.samsung.android.scryptowallet/com.samsung.android.scryptowallet.views.SplashActivity" image="blockchain_wallet"/>

	<!-- blockpit -->
	<AppIcon name="io.blockpit.sentryv3/io.blockpit.sentryv3.MainActivity" image="blockpit"/>

	<!-- Bluesky -->
	<AppIcon name="xyz.blueskyweb.app/xyz.blueskyweb.app.MainActivity" image="bluesky"/>

	<!-- bofrost* -->
	<AppIcon name="com.bofrost/com.bofrost.MainActivity" image="bofrost_"/>

	<!-- BookBeat -->
	<AppIcon name="com.bookbeat.android/com.bookbeat.android.home.HomeTabBarActivity" image="bookbeat"/>

	<!-- Bookshelf -->
	<AppIcon name="com.vitalsource.bookshelf/com.vitalsource.bookshelf.Views.LoginActivity" image="bookshelf"/>

	<!-- Bowling Ballers -->
	<AppIcon name="com.netflix.NGP.BowlingBallers/com.unity3d.player.UnityPlayerActivity" image="bowling_ballers"/>

	<!-- Box -->
	<AppIcon name="com.box.android/com.box.android.activities.login.SplashScreenActivity" image="box"/>

	<!-- Boxcryptor -->
	<AppIcon name="com.boxcryptor2.android/boxcryptor.legacy.mvvm.presession.PreSessionActivity" image="boxcryptor"/>

	<!-- BRAINYOO Karteikarten -->
	<AppIcon name="com.brainyoo.brainyoo2/com.brainyoo.brainyoo2.BYActivity" image="brainyoo_karteikarten"/>

	<!-- Buienradar -->
	<AppIcon name="com.supportware.Buienradar/nl.rtl.buienradar.main.MainActivity" image="buienradar"/>

	<!-- bunq -->
	<AppIcon name="com.bunq.android/com.bunq.android.ui.activity.SplashScreenActivity" image="bunq"/>

	<!-- Burger King -->
	<AppIcon name="de.burgerking.kingfinder/rbi.android.app.MainActivity" image="burger_king"/>

	<!-- Busuu -->
	<AppIcon name="com.busuu.android.enc/com.busuu.android.bootstrap.presentation.BootStrapActivity" image="busuu"/>

	<!-- C24 Bank -->
	<AppIcon name="de.c24.bankapp/de.check24.c24.pages.startup.SplashScreenActivity" image="c24_bank"/>

	<!-- Calm -->
	<AppIcon name="com.calm.android/com.calm.android.ui.splash.SplashActivity" image="calm"/>

	<!-- CamCov -->
	<AppIcon name="ryey.camcov/ryey.camcov.SettingsActivity" image="camcov"/>

	<!-- Camera360 -->
	<AppIcon name="vStudio.Android.Camera360/vStudio.Android.Camera360.activity.CameraActivity" image="camera360"/>

	<!-- Canon Print Service -->
	<AppIcon name="jp.co.canon.android.printservice.plugin/jp.co.canon.android.printservice.plugin.WalkThroughActivity" image="canon_print_service"/>

	<!-- Capital.com -->
	<AppIcon name="com.capital.trading/com.capital.trading.MainActivity" image="capitalcom"/>

	<!-- CHECK24 -->
	<AppIcon name="de.check24.check24/de.check24.check24.activities.Check24Activity" image="check24"/>

	<!-- Checker -->
	<AppIcon name="eu.europa.publications.foodchecker/eu.europa.publications.foodchecker.MainActivity" image="checker"/>

	<!-- Chefkoch -->
	<AppIcon name="de.pixelhouse/de.pixelhouse.chefkoch.app.screen.MainActivity" image="chefkoch"/>

	<!-- Chimpy -->
	<AppIcon name="com.battereapp/host.exp.exponent.MainActivity" image="chimpy"/>

	<!-- Cloud -->
	<AppIcon name="com.unitedinternet.portal.android.onlinestorage.eue/com.unitedinternet.portal.android.onlinestorage.application.activity.NewSmartDriveActivity" image="cloud"/>

	<!-- Coinbase -->
	<AppIcon name="com.coinbase.android/com.coinbase.android.LaunchActivity" image="coinbase"/>

	<!-- CoinMarketCap -->
	<AppIcon name="com.coinmarketcap.android/com.coinmarketcap.android.LaunchActivity" image="coinmarketcap"/>

	<!-- Connect -->
	<AppIcon name="com.garmin.android.apps.connectmobile/com.garmin.android.apps.connectmobile.GCMActivityStartup" image="connect"/>

	<!-- Control-Center -->
	<AppIcon name="com.oneandone.controlcenter/com.oneandone.controlcenter.ControlCenter" image="control_center"/>

	<!-- Cookie Clicker -->
	<AppIcon name="org.dashnet.cookieclicker/org.dashnet.cookieclicker.MainActivity" image="cookie_clicker"/>

	<!-- Coolblue -->
	<AppIcon name="eu.coolblue.shop/eu.coolblue.shop.presentation.splash.SplashActivity" image="coolblue"/>

	<!-- Crowdsource -->
	<AppIcon name="com.google.android.apps.village.boond/com.google.android.apps.crowdsource.beetle.MainActivity" image="crowdsource"/>

	<!-- Cryptomator -->
	<AppIcon name="org.cryptomator/org.cryptomator.presentation.ui.activity.SplashActivity" image="cryptomator"/>

	<!-- Curawork -->
	<AppIcon name="webviewgold.curawork/webviewgold.curawork.MainActivity" image="curawork"/>

	<!-- Dankeschön -->
	<AppIcon name="com.simplemobiletools.thankyou/com.simplemobiletools.thankyou.activities.SplashActivity.Orange" image="dankeschon"/>

	<!-- DartCounter -->
	<AppIcon name="com.dartcounter.mobile/com.dartcounter.app.MainActivity" image="dartcounter"/>

	<!-- Das Örtliche -->
	<AppIcon name="de.dasoertliche.android/de.dasoertliche.android.activities.IntroActivity" image="das_ortliche"/>

	<!-- DB NRWay -->
	<AppIcon name="com.mentz.bvr_cibo_app/com.mentz.bvr_cibo_app.MainActivity" image="db_nrway"/>

	<!-- Deezer -->
	<AppIcon name="deezer.android.app/com.deezer.android.ui.activity.LauncherActivity" image="deezer"/>

	<!-- Desta -->
	<AppIcon name="com.netflix.NGP.ProjectDesta/com.unity3d.player.UnityPlayerActivity" image="desta"/>

	<!-- DeutschlandCard -->
	<AppIcon name="de.deutschlandcard.app/de.deutschlandcard.app.ui.LaunchActivity" image="deutschlandcard"/>

	<!-- Deutschlandticket -->
	<AppIcon name="de.mobilityinside.Deutschlandticket/com.moovel.mobility.screens.main.splash.SplashActivity" image="deutschlandticket"/>

	<!-- Digitale Hausapotheke -->
	<AppIcon name="de.digitale_hausapotheke.digitalehausapotheke/de.digitalehausapotheke.digitalehausapothekeflutter.MainActivity" image="digitale_hausapotheke"/>

	<!-- Digitales Wohlbef. -->
	<AppIcon name="com.samsung.android.forest/com.samsung.android.forest.launcher.LauncherActivity" image="digitales_wohlbef"/>

	<!-- DKV-TheGame -->
	<AppIcon name="com.Tunermaxx.DKVTheGame/com.unity3d.player.UnityPlayerActivity" image="dkv_thegame"/>

	<!-- Dlf Audiothek -->
	<AppIcon name="de.deutschlandfunk.dlfaudiothek/de.deutschlandradio.app.MainActivity" image="dlf_audiothek"/>

	<!-- Dominoes Cafe -->
	<AppIcon name="com.netflix.NGP.DominoesCafe/com.gazeus.dominoes.cafe.MainActivity" image="dominoes_cafe"/>

	<!-- Dragon Up -->
	<AppIcon name="com.netflix.NGP.DragonUp/com.unity3d.player.UnityPlayerActivity" image="dragon_up"/>

	<!-- Druckdienste-Plug-In von Samsung -->
	<AppIcon name="com.sec.app.samsungprintservice/com.sec.mobileprint.printservice.plugin.ui.launcher.view.LauncherActivity" image="druckdienste_plug_in_von_samsung"/>

	<!-- dTicket -->
	<AppIcon name="com.mobimeo.mi.bogestra.bochum/com.moovel.mobility.screens.main.splash.SplashActivity" image="dticket"/>

	<!-- Dungeon Dwarves -->
	<AppIcon name="com.netflix.NGP.DungeonDwarves/com.unity3d.player.UnityPlayerActivity" image="dungeon_dwarves"/>

	<!-- DW -->
	<AppIcon name="com.idmedia.android.newsportal/de.dw.mobile.shared.activities.SplashActivity" image="dw"/>

	<!-- E-POST -->
	<AppIcon name="de.epost.epostapp/de.epost.epostapp.shared.views.startup.StartActivity_" image="e_post"/>

	<!-- E-Rezept -->
	<AppIcon name="de.gematik.ti.erp.app/de.gematik.ti.erp.app.MainActivity" image="e_rezept"/>

	<!-- E-Rezept APP -->
	<AppIcon name="com.erezeptapp.app6845jj/com.erezeptapp.app6845jj.MainActivity" image="e_rezept_app"/>

	<!-- Earthquake Alert! -->
	<AppIcon name="com.joshclemm.android.quake/com.joshclemm.android.quake.EarthquakeAlert" image="earthquake_alert_"/>

	<!-- Edeka -->
	<AppIcon name="de.edeka.genuss/edeka.digital.app.edeka2020.ui.SplashActivity" image="edeka"/>

	<!-- EGYM Fitness -->
	<AppIcon name="com.netpulse.mobile.netpulsefitness/com.netpulse.mobile.Launcher.PhysioUndPravention" image="egym_fitness"/>

	<!-- Einkommen und Verbrauch -->
	<AppIcon name="de.nrw.it.einkommenverbrauch/de.nrw.it.einkommenverbrauch.MainActivity" image="einkommen_und_verbrauch"/>

	<!-- Eismann -->
	<AppIcon name="de.eismann/de.eismann.ui.intro.SplashScreen" image="eismann"/>

	<!-- Elektroverse -->
	<AppIcon name="energy.octopus.electricjuice.android/com.octopus.electricjuice.LauncherActivity" image="elektroverse"/>

	<!-- ElsterSecure -->
	<AppIcon name="de.elster.elstersecure.app/com.secunet.protect4use.app.JniActivity" image="elstersecure"/>

	<!-- EPRS -->
	<AppIcon name="eu.europa.publications.eprs/com.eprs.MainActivity" image="eprs"/>

	<!-- Erste Hilfe DRK -->
	<AppIcon name="de.bitsz.android.drkapp/de.bitsz.android.drkapp.MainMenuActivity" image="erste_hilfe_drk"/>

	<!-- eTicket.app -->
	<AppIcon name="app.eticket.pro/app.eticket.pro.SplashScreenActivity" image="eticketapp"/>

	<!-- eToro -->
	<AppIcon name="com.etoro.openbook/com.etoro.openbook.MainActivity" image="etoro"/>

	<!-- eToro Money -->
	<AppIcon name="com.etoro.wallet/com.etoro.wallet.MainActivity" image="etoro_money"/>

	<!-- EU Solidarity Corps -->
	<AppIcon name="eu.europa.publications.europeansolidaritycorps/eu.europa.publications.europeansolidaritycorps.MainActivity" image="eu_solidarity_corps"/>

	<!-- Eurostar -->
	<AppIcon name="com.eurostar.androidapp/com.eurostar.androidapp.MainActivity" image="eurostar"/>

	<!-- Expedia -->
	<AppIcon name="com.expedia.bookings/com.expedia.bookings.activity.SearchActivity" image="expedia"/>

	<!-- Exploding Kittens -->
	<AppIcon name="com.netflix.NGP.ExplodingKittens/com.unity3d.player.UnityPlayerActivity" image="exploding_kittens"/>

	<!-- F-Droid Basic -->
	<AppIcon name="org.fdroid.basic/org.fdroid.fdroid.views.main.MainActivity" image="f_droid_basic"/>

	<!-- F-Droid Build Status -->
	<AppIcon name="de.storchp.fdroidbuildstatus/de.storchp.fdroidbuildstatus.MainActivity" image="f_droid_build_status"/>

	<!-- Fake GPS -->
	<AppIcon name="com.lexa.fakegps/com.lexa.fakegps.ui.Main" image="fake_gps"/>

	<!-- Family Link -->
	<AppIcon name="com.google.android.apps.kids.familylink/com.google.android.apps.kids.familylink.flutter.standalone.HomeActivity" image="family link"/>

	<!-- FatSecret -->
	<AppIcon name="com.fatsecret.android/com.fatsecret.android.ui.activity.StartupActivity" image="fatsecret"/>

	<!-- FDM -->
	<AppIcon name="org.freedownloadmanager.fdm/org.freedownloadmanager.fdm.MyActivity" image="fdm"/>

	<!-- Feeder -->
	<AppIcon name="com.nononsenseapps.feeder/com.nononsenseapps.feeder.ui.MainActivity" image="feeder"/>

	<!-- Feeld -->
	<AppIcon name="co.feeld/co.feeld.Default" image="feeld"/>

	<!-- Filmora -->
	<AppIcon name="com.wondershare.filmorago/com.filmorago.phone.ui.SplashActivity" image="filmora"/>

	<!-- Fine Lock -->
	<AppIcon name="yuh.yuh.finelock/yuh.yuh.finelock.T" image="fine_lock"/>

	<!-- Fitbit -->
	<AppIcon name="com.fitbit.FitbitMobile/com.fitbit.FirstActivity" image="fitbit"/>

	<!-- FlightAware -->
	<AppIcon name="com.flightaware.android.liveFlightTracker/com.flightaware.android.liveFlightTracker.activities.MainActivity" image="flightaware"/>

	<!-- Flutter Butterflies -->
	<AppIcon name="com.netflix.NGP.FlutterButterflies/org.cocos2dx.lua.FlutterActivity" image="flutter_butterflies"/>

	<!-- Fon -->
	<AppIcon name="de.avm.android.fritzapp/de.avm.android.fritzapp.StartActivity" image="fon"/>

	<!-- ForgetMeNot -->
	<AppIcon name="com.odnovolov.forgetmenot/com.odnovolov.forgetmenot.presentation.common.mainactivity.MainActivity" image="forgetmenot"/>

	<!-- Foto-Paradies -->
	<AppIcon name="de.dm.fotoparadies/de.worldiety.cewe.cewefotowelt.ActivityCeweFotowelt" image="foto_paradies"/>

	<!-- Foxit PDF Editor -->
	<AppIcon name="com.foxit.mobile.pdf.lite/com.fx.app.ui.AppActivity" image="foxit_pdf_editor"/>

	<!-- FREE NOW -->
	<AppIcon name="taxi.android.client/taxi.android.client.feature.startup.ui.StartupActivity" image="free_now"/>

	<!-- FreeYourMusic -->
	<AppIcon name="com.freeyourmusic.stamp/com.freeyourmusic.stamp.MainActivity" image="freeyourmusic"/>

	<!-- FS 23 NETFLIX -->
	<AppIcon name="com.netflix.NGP.FarmingSimulator23/com.giantssoftware.MainActivity" image="fs_23_netflix"/>

	<!-- funk -->
	<AppIcon name="de.swr.juan/de.swr.juan.MobileMainActivity" image="funk"/>

	<!-- Galaxy Enhance-X -->
	<AppIcon name="com.samsung.android.imageenhancer/com.samsung.android.imageenhancer.MainActivity" image="galaxy_enhance_x"/>

	<!-- Gaming Hub -->
	<AppIcon name="com.samsung.android.game.gamehome/com.samsung.android.game.gamehome.app.MainActivity" image="gaming_hub"/>

	<!-- Gehirn-Training -->
	<AppIcon name="com.memory.brain.training.games/com.cube.memorygames.SplashActivity" image="gehirn_training"/>

	<!-- Gelbe Liste -->
	<AppIcon name="de.gelbe_liste.app/io.ionic.starter.MainActivity" image="gelbe_liste"/>

	<!-- GeoGuessr -->
	<AppIcon name="com.geoguessr.app/com.geoguessr.app.ui.StartActivity" image="geoguessr"/>

	<!-- Gerätewartung -->
	<AppIcon name="com.samsung.android.lool/com.samsung.android.sm.ui.DefaultActivity" image="geratewartung"/>

	<!-- gesund.de -->
	<AppIcon name="de.gesund.app/de.gesund.app.MainActivity" image="gesundde"/>

	<!-- Getsafe -->
	<AppIcon name="de.getsafe.nxt/de.getsafe.nxt.MainActivity" image="getsafe"/>

	<!-- GetYourGuide -->
	<AppIcon name="com.getyourguide.android/com.getyourguide.InitDumpActivity" image="getyourguide"/>

	<!-- GoAbout -->
	<AppIcon name="com.goabout.goaboutapp/com.goabout.goaboutapp.ui.activities.main.MainActivity" image="goabout"/>

	<!-- Google Shopping -->
	<AppIcon name="org.chromium.webapk.ae07e4936987bba18_v2/org.chromium.webapk.shell_apk.h2o.H2OOpaqueMainActivity" image="google_shopping"/>

	<!-- Google Umfrage-App -->
	<AppIcon name="com.google.android.apps.paidtasks/com.google.android.apps.paidtasks.activity.LaunchActivity" image="google_umfrage_app"/>

	<!-- GPX Viewer -->
	<AppIcon name="com.vecturagames.android.app.gpxviewer/com.vecturagames.android.app.gpxviewer.activity.MainActivity" image="gpx_viewer"/>

	<!-- Grasshopper -->
	<AppIcon name="com.area120.grasshopper/com.area120.grasshopper.MainActivity" image="grasshopper"/>

	<!-- Grundgesetz -->
	<AppIcon name="de.bpb.grundgesetz/com.example.lfranken.grundgesetzapp.MainActivity" image="grundgesetz"/>

	<!-- GuitarTuna -->
	<AppIcon name="com.ovelin.guitartuna/com.yousician.yousiciannative.GuitarTunaActivity" image="guitartuna"/>

	<!-- HandyTicket Deutschland -->
	<AppIcon name="de.hansecom.htd.android/de.hansecom.htd.android.MainActivity" image="handyticket_deutschland"/>

	<!-- Harmony Music -->
	<AppIcon name="com.anandnet.harmonymusic/com.ryanheise.audioservice.AudioServiceActivity" image="harmony_music"/>

	<!-- Heads Up! Netflix Edition -->
	<AppIcon name="com.netflix.NGP.HeadsUp2/com.unity3d.player.UnityPlayerActivity" image="heads_up_netflix_edition"/>

	<!-- Healico -->
	<AppIcon name="com.urgo.healico.prod/com.urgo.healico.core.root.RootActivity" image="healico"/>

	<!-- Health -->
	<AppIcon name="com.sec.android.app.shealth/com.samsung.android.app.shealth.home.HomeMainActivity" image="health"/>

	<!-- HELLO KITTY HAPPINESS PARADE -->
	<AppIcon name="com.netflix.NGP.HelloKittyHappinessParade/com.unity3d.player.UnityPlayerActivity" image="hello_kitty_happiness_parade"/>

	<!-- HelloFresh -->
	<AppIcon name="com.hellofresh.androidapp/com.hellofresh.androidapp.ui.flows.launch.LaunchActivity" image="hellofresh"/>

	<!-- Hermit -->
	<AppIcon name="com.chimbori.hermitcrab/com.chimbori.hermitcrab.AdminActivity" image="hermit"/>

	<!-- Hextech Mayhem -->
	<AppIcon name="com.netflix.NGP.HextechMayhem/com.unity3d.player.UnityPlayerActivity" image="hextech_mayhem"/>

	<!-- Hill Climb 2 -->
	<AppIcon name="com.fingersoft.hcr2/com.fingersoft.hcr2.AppActivity" image="hill_climb_2"/>

	<!-- Hörspiele -->
	<AppIcon name="de.sonymusic.hoerspielplayer/com.tunedglobal.presentation.initialisation.view.SplashActivity" image="horspiele"/>

	<!-- HRS Hotels -->
	<AppIcon name="com.hrs.b2c.android/com.hrs.android.home.SideMenuActivity" image="hrs_hotels"/>

	<!-- Hypatia -->
	<AppIcon name="us.spotco.malwarescanner/us.spotco.malwarescanner.MainActivity" image="hypatia"/>

	<!-- I care 2020 -->
	<AppIcon name="com.thieme.icare2/com.thieme.pflegepro.PlegeproSplashScreenActivity" image="i_care_2020"/>

	<!-- ICD Auskunft -->
	<AppIcon name="de.tk.apps.android.icd/de.tk.icdapp.SplashScreen" image="icd_auskunft"/>

	<!-- Icon Pack Studio -->
	<AppIcon name="ginlemon.iconpackstudio/ginlemon.iconpackstudio.editor.homeActivity.HomeActivity" image="icon_pack_studio"/>

	<!-- idealo Shopping -->
	<AppIcon name="de.idealo.android/de.idealo.android.MainActivity" image="idealo_shopping"/>

	<!-- Idle Ant Colony -->
	<AppIcon name="com.blingblinggames.antcolony/com.google.firebase.MessagingUnityPlayerActivity" image="idle_ant_colony"/>

	<!-- Idle Miner -->
	<AppIcon name="com.fluffyfairygames.idleminertycoon/com.appboy.unity.AppboyUnityPlayerActivity" image="idle_miner"/>

	<!-- Idle Shop Manager -->
	<AppIcon name="com.blingblinggames.idletycoonshopkeepers/com.google.firebase.MessagingUnityPlayerActivity" image="idle_shop_manager"/>

	<!-- Idle Tycoon: Space Company -->
	<AppIcon name="com.blingblinggames.idlespacecompany/com.google.firebase.MessagingUnityPlayerActivity" image="idle_tycoon_space_company"/>

	<!-- IHG -->
	<AppIcon name="com.ihg.apps.android/com.ihg.apps.android.activity.MainActivity" image="ihg"/>

	<!-- Ihre Apotheken -->
	<AppIcon name="ihre.apotheken/com.example.clickapo.MainActivity" image="ihre_apotheken"/>

	<!-- ImmoScout24 -->
	<AppIcon name="de.is24.android/de.is24.mobile.splash.SplashScreenActivity" image="immoscout24"/>

	<!-- immowelt -->
	<AppIcon name="de.immowelt.android.immobiliensuche/de.immowelt.mobile.android.iw.search.launch.LaunchActivity" image="immowelt"/>

	<!-- Into The Breach -->
	<AppIcon name="com.netflix.NGP.IntoTheBreach/com.netflix.NGP.IntoTheBreach.SplashActivity" image="into_the_breach"/>

	<!-- IntoTheDead2 -->
	<AppIcon name="com.netflix.NGP.IntoTheDead2Unleashed/com.pikpok.PikPokUnityActivity" image="intothedead2"/>

	<!-- Investmate -->
	<AppIcon name="com.capital.investmate/com.capital.investmate.MainActivity" image="investmate"/>

	<!-- Inware -->
	<AppIcon name="com.evo.inware/com.evo.inware.ui.activities.SweetHomeActivity" image="inware"/>

	<!-- IONOS -->
	<AppIcon name="com.oneandone.ciso.mobile.app.android/com.oneandone.ciso.mobile.app.android.authentication.ui.SplashScreenActivity" image="ionos"/>

	<!-- Json Genie FREE -->
	<AppIcon name="com.tuyware.jsongenie/com.tuyware.jsoneditor.Activities.MainActivity" image="json_genie_free"/>

	<!-- Json Viewer -->
	<AppIcon name="com.json.viewer.json.editor.file.opener/com.json.viewer.json.editor.file.opener.PrivacyActivity" image="json_viewer"/>

	<!-- Kahoot! -->
	<AppIcon name="no.mobitroll.kahoot.android/no.mobitroll.kahoot.android.application.SplashActivity" image="kahoot_"/>

	<!-- Karteikarten -->
	<AppIcon name="flashcards.words.words/flashcards.words.words.ui.base.SplashActivity" image="karteikarten"/>

	<!-- Karten -->
	<AppIcon name="io.walletpasses.android/io.walletpasses.android.presentation.view.activity.WalletActivity" image="karten"/>

	<!-- Kaufland -->
	<AppIcon name="com.kaufland.Kaufland/com.kaufland.kaufland.splash.SplashActivity" image="kaufland"/>

	<!-- KFC Germany -->
	<AppIcon name="com.kfc.de.mobileapp/com.kfc.de.mobileapp.SplashActivity" image="kfc_germany"/>

	<!-- Kindle -->
	<AppIcon name="com.amazon.kindle/com.amazon.kindle.UpgradePage" image="kindle"/>

	<!-- KLARTAX -->
	<AppIcon name="de.datev.timp/de.adorsys.android.timp.KtxLauncherActivity" image="klartax"/>

	<!-- KleveMobil -->
	<AppIcon name="kleve.rider/via.rider.features.splash.SplashActivityKt" image="klevemobil"/>

	<!-- Knittens -->
	<AppIcon name="com.netflix.NGP.Knittens/com.timecode.knittensinternal.KnittensMainActivity" image="knittens"/>

	<!-- KnowDrugs -->
	<AppIcon name="cc.phk.knowdrugs/cc.phk.knowdrugs.MainActivity" image="knowdrugs"/>

	<!-- Knowunity -->
	<AppIcon name="de.knowunity.app/de.knowunity.app.MainActivity" image="knowunity"/>

	<!-- Kochlöffel -->
	<AppIcon name="de.ncn.kochloeffel/de.ncn.kochloeffel.MainActivity" image="kochloffel"/>

	<!-- Kodi -->
	<AppIcon name="org.xbmc.kodi/org.xbmc.kodi.Splash" image="kodi"/>

	<!-- kollex -->
	<AppIcon name="de.kollex.app/de.kollex.app.MainActivity" image="kollex"/>

	<!-- Kraken -->
	<AppIcon name="com.kraken.invest.app/com.kraken.invest.app.MainActivity" image="kraken"/>

	<!-- KRZ -->
	<AppIcon name="com.netflix.NGP.KentuckyRouteZero/com.unity3d.player.UnityPlayerActivity" image="krz"/>

	<!-- Kurfurstengrill Kleve -->
	<AppIcon name="com.appsmart.delivery.kurfurstengrillkleve16497/de.appsmart.hermes.shell.MainActivity" image="kurfurstengrill_kleve"/>

	<!-- LANCH -->
	<AppIcon name="com.happy_slice.app/de.appmotion.crumz.happyslice.beta.MainActivity" image="lanch"/>

	<!-- LastPass -->
	<AppIcon name="com.lastpass.lpandroid/com.lastpass.lpandroid.activity.WebBrowserActivity" image="lastpass"/>

	<!-- Lehrmeister -->
	<AppIcon name="eu.lehrmeister/eu.lehrmeister.MainActivity" image="lehrmeister"/>

	<!-- Lexika -->
	<AppIcon name="de.bpb.lexika/com.example.lfranken.lexikaapp.MainActivity" image="lexika"/>

	<!-- Libre 3 -->
	<AppIcon name="com.freestylelibre3.app.de/com.adc.trident.app.startup.SplashActivity" image="libre_3"/>

	<!-- Lifesum -->
	<AppIcon name="com.sillens.shapeupclub/com.lifesum.android.main.MainActivity" image="lifesum"/>

	<!-- Link zu Windows -->
	<AppIcon name="com.samsung.android.mdx/com.samsung.android.mdx.windowslink.tileservice.LinkToWidowsLauncherActivityDummy" image="link_zu_windows"/>

	<!-- LiqCalc -->
	<AppIcon name="com.vapefactory.liqcalc.liqcalc/com.vapefactory.liqcalc.liqcalc.MainActivity" image="liqcalc"/>

	<!-- Little Alchemy -->
	<AppIcon name="com.sometimeswefly.littlealchemy/com.sometimeswefly.littlealchemy.LittleAlchemy" image="little_alchemy"/>

	<!-- LOTTO24 -->
	<AppIcon name="de.lotto24.app/de.lotto24.app.activities.MainActivity" image="lotto24"/>

	<!-- Lucky Luna -->
	<AppIcon name="com.netflix.NGP.LuckyLuna/com.unity3d.player.UnityPlayerActivity" image="lucky_luna"/>

	<!-- M64Plus FZ -->
	<AppIcon name="org.mupen64plusae.v3.fzurita/paulscode.android.mupen64plusae.SplashActivity" image="m64plus_fz"/>

	<!-- Magenta-Gaming -->
	<AppIcon name="de.telekom.magenta_gaming/app.qt.android.AndroidAppActivity" image="magenta_gaming"/>

	<!-- MagentaCLOUD -->
	<AppIcon name="com.t_systems.android.webdav/com.nmc.android.ui.LauncherActivity" image="magentacloud"/>

	<!-- MagentaTV -->
	<AppIcon name="de.telekom.entertaintv.smartphone/de.telekom.entertaintv.smartphone.activities.SplashActivity" image="magentatv"/>

	<!-- MapMyFitness -->
	<AppIcon name="com.mapmyfitness.android2/com.mapmyfitness.android.activity.core.LaunchActivity" image="mapmyfitness"/>

	<!-- MapMyRide -->
	<AppIcon name="com.mapmyride.android2/com.mapmyfitness.android.activity.core.LaunchActivity" image="mapmyride"/>

	<!-- MapMyRun -->
	<AppIcon name="com.mapmyrun.android2/com.mapmyfitness.android.activity.core.LaunchActivity" image="mapmyrun"/>

	<!-- MapMyWalk -->
	<AppIcon name="com.mapmywalk.android2/com.mapmyfitness.android.activity.core.LaunchActivity" image="mapmywalk"/>

	<!-- Measure -->
	<AppIcon name="com.google.tango.measure/com.google.vr.apps.ornament.measure.MeasureMainActivity" image="measure"/>

	<!-- MÁV -->
	<AppIcon name="hu.mavszk.vonatinfo/hu.mavszk.vonatinfo2.gui.activity.SplashActivity" image="mav"/>

	<!-- mBlock -->
	<AppIcon name="com.makeblock.mblock/com.makeblock.mblock.MainActivity" image="mblock"/>

	<!-- McDonald's -->
	<AppIcon name="de.mcdonalds.mcdonaldsinfoapp/com.mcdonalds.mcdcoreapp.common.activity.SplashActivity" image="mcdonalds"/>

	<!-- Media Rewards -->
	<AppIcon name="com.beatgridmedia.panelsync.mediarewards/com.beatgridmedia.panelsync.mediarewards.activity.OverviewActivity" image="media_rewards"/>

	<!-- Meeting -->
	<AppIcon name="com.teamviewer.blizz.market/com.teamviewer.blizz.market.activity.MainActivity" image="meeting"/>

	<!-- Mein dm -->
	<AppIcon name="de.dm.meindm.android/de.dm.meindm.android.StartActivity" image="mein_dm"/>

	<!-- meinALDI -->
	<AppIcon name="de.apptiv.business.android.aldi_de_ecom/de.apptiv.business.android.aldi_de_ecom.MainActivity" image="meinaldi"/>

	<!-- Meine Arztdokumente -->
	<AppIcon name="com.meine.arztdokumente/com.meine.arztdokumente.passcode.passcode.KanzleiAuthorizationActivity" image="meine_arztdokumente"/>

	<!-- MeinMagenta -->
	<AppIcon name="de.telekom.android.customercenter/com.telekom.oneapp.launcher.components.launcher.LauncherActivity" image="meinmagenta"/>

	<!-- Memorion -->
	<AppIcon name="com.MemorionSoft.MemorionV2/com.MemorionSoft.MemorionV2._ItemListPage" image="memorion"/>

	<!-- Microsoft Designer -->
	<AppIcon name="com.microsoft.designer/com.microsoft.designer.app.home.view.launch.DesignerLoginActivity" image="microsoft_designer"/>

	<!-- Miles & More -->
	<AppIcon name="com.plannet.milesandmoreapp/com.milesandmore.android.MainActivity" image="miles_and_more"/>

	<!-- Mini Metro -->
	<AppIcon name="nz.co.codepoint.minimetro/com.dinopoloclub.minimetro.nbo.LicensedActivity" image="mini_metro"/>

	<!-- MIX -->
	<AppIcon name="com.pinguo.edit.sdk/us.pinguo.mix.modules.splash.SplashActivity" image="mix"/>

	<!-- Mixin -->
	<AppIcon name="one.mixin.messenger/one.mixin.android.ui.home.MainActivity" image="mixin"/>

	<!-- mobil.nrw -->
	<AppIcon name="com.mentz.mobilnrw_cibo_app/com.mentz.mobilnrw_cibo_app.MainActivity" image="mobilnrw"/>

	<!-- Mobile Doc Scanner -->
	<AppIcon name="com.stoik.mdscan/com.stoik.mdscan.MainActivity" image="mobile_doc_scanner"/>

	<!-- Mobile Health -->
	<AppIcon name="de.ghs.gmh/com.generali.gmh.MainActivity" image="mobile_health"/>

	<!-- Monsieur Cuisine -->
	<AppIcon name="com.appfarms.monsieurcuisine/com.appfarms.monsieurcuisine.activities.SplashScreenActivity" image="monsieur_cuisine"/>

	<!-- Monyx wallet -->
	<AppIcon name="com.monyx.wallet/com.monyx.wallet.splashscreen.SplashActivity" image="monyx_wallet"/>

	<!-- MSDefender -->
	<AppIcon name="com.microsoft.scmx/com.microsoft.defender.ux.activity.MDMainActivity" image="msdefender"/>

	<!-- Muliser -->
	<AppIcon name="app.muliser.app.android.prod/app.muliser.app.MainActivity" image="muliser"/>

	<!-- MusicBrainz -->
	<AppIcon name="org.metabrainz.android/org.metabrainz.android.ui.screens.dashboard.DashboardActivity" image="musicbrainz"/>

	<!-- myBOB -->
	<AppIcon name="de.radiobob.radio/com.computerrock.radiolikemee.ui.intro.IntroActivity" image="mybob"/>

	<!-- mydealz -->
	<AppIcon name="com.tippingcanoe.mydealz/com.pepper.apps.android.presentation.MainActivityDarkIcon" image="mydealz"/>

	<!-- myDVG Bus & Bahn -->
	<AppIcon name="de.vrr.dvgmobileapp/de.vrr.dvgmobileapp.MainActivity" image="mydvg_bus_and_bahn"/>

	<!-- MyFRITZ! -->
	<AppIcon name="de.avm.android.myfritz2/de.avm.android.one.activities.StartActivity" image="myfritz_"/>

	<!-- Myprotein -->
	<AppIcon name="com.thehutgroup.ecommerce.myprotein/com.thehutgroup.ecommerce.MainActivity" image="myprotein"/>

	<!-- N26 -->
	<AppIcon name="de.number26.android/de.number26.machete.android.refactor.presentation.settings.customize_icon.launch_aliases.PrideActivityLauncher" image="n26"/>

	<!-- Nailed It! -->
	<AppIcon name="com.netflix.NGP.NailedIt/com.unity3d.player.UnityPlayerActivity" image="nailed_it_"/>

	<!-- Nect Wallet -->
	<AppIcon name="com.nect.app.prod/com.nect.dashboard.ui.MainActivity" image="nect_wallet"/>

	<!-- Netto-App -->
	<AppIcon name="com.valuephone.vpnetto/de.netto.b2c.activity.FragmentActivity" image="netto_app"/>

	<!-- News -->
	<AppIcon name="com.google.android.apps.magazines/com.google.apps.dots.android.app.activity.CurrentsStartActivity" image="news"/>

	<!-- News Media Scan -->
	<AppIcon name="com.dw.ooniprobe/org.openobservatory.ooniprobe.activity.MainActivity" image="news_media_scan"/>

	<!-- Nexa -->
	<AppIcon name="me.creasis.reader/me.creasis.reader.MainActivity" image="nexa"/>

	<!-- Nextory -->
	<AppIcon name="com.gtl.nextory/com.gtl.nextory.login.LoginActivity" image="nextory"/>

	<!-- NFS Most Wanted -->
	<AppIcon name="com.ea.games.nfs13_row/com.ea.ironmonkey.GameActivity" image="nfs_most_wanted"/>

	<!-- NIAG App -->
	<AppIcon name="de.vrr.niagmobileapp/de.vrr.niagmobileapp.MainActivity" image="niag_app"/>

	<!-- Nitter -->
	<AppIcon name="com.plexer0.nitter/com.plexer0.nitter.MainActivity" image="nitter"/>

	<!-- nora -->
	<AppIcon name="de.noranotruf/com.zoontek.rnbootsplash.RNBootSplashActivity" image="nora"/>

	<!-- NordVPN -->
	<AppIcon name="com.nordvpn.android/com.nordvpn.android.mobile.MainActivity" image="nordvpn"/>

	<!-- Norton 360 -->
	<AppIcon name="com.symantec.mobilesecurity/com.norton.n360.SplashActivity" image="norton_360"/>

	<!-- Norton Identity -->
	<AppIcon name="com.symantec.lifelock.memberapp/com.lifelock.memberapp.ui.main.MainActivity" image="norton_identity"/>

	<!-- Noteshelf -->
	<AppIcon name="com.fluidtouch.noteshelf2/com.fluidtouch.noteshelf.commons.ui.FTSplashScreenActivity" image="noteshelf"/>

	<!-- NotiStar -->
	<AppIcon name="com.samsung.systemui.notilus/com.samsung.systemui.notilus.NotiCenterPage" image="notistar"/>

	<!-- Notebook -->
	<AppIcon name="com.zoho.notebook/com.zoho.notebook.activities.NoteBookActivity" image="notebook"/>

	<!-- Nova Video Player -->
	<AppIcon name="org.courville.nova/org.courville.nova.browser.BrowserActivityVideo" image="nova_video_player"/>

	<!-- NS -->
	<AppIcon name="nl.ns.android.activity/nl.ns.android.activity.start.StartActivity" image="ns"/>

	<!-- NS International -->
	<AppIcon name="nl.nshispeed/de.hafas.main.HafasApp" image="ns_international"/>

	<!-- Nui -->
	<AppIcon name="care.nui/care.nui.MainActivity" image="nui"/>

	<!-- Nunti -->
	<AppIcon name="com.nunti/com.nunti.MainActivity" image="nunti"/>

	<!-- Nuri (ex Bitwala) -->
	<AppIcon name="com.bitwala.app/com.bitwala.app.MainActivity" image="nuri_ex_bitwala_"/>

	<!-- Octopus -->
	<AppIcon name="energy.octopus.octopusenergy.android/mobile.kraken.android.FlapjackMainActivity" image="octopus"/>

	<!-- Online-Arzt -->
	<AppIcon name="com.curalie.telearzt/com.curalie.telearzt.MainActivity" image="online_arzt"/>

	<!-- OnlyFans -->
	<AppIcon name="org.chromium.webapk.ad0a0ada11172c40e_v2/org.chromium.webapk.shell_apk.h2o.H2OOpaqueMainActivity" image="onlyfans"/>

	<!-- OONI Probe -->
	<AppIcon name="org.openobservatory.ooniprobe/org.openobservatory.ooniprobe.activity.MainActivity" image="ooni_probe"/>

	<!-- Open Mind -->
	<AppIcon name="de.app.innovators.open_mind/de.app.innovators.open_mind.MainActivity" image="open_mind"/>

	<!-- openHAB Beta -->
	<AppIcon name="org.openhab.habdroid.beta/org.openhab.habdroid.ui.MainActivity" image="openhab_beta"/>

	<!-- ORF TVthek -->
	<AppIcon name="com.nousguide.android.orftvthek/com.nousguide.android.orftvthek.MainActivity" image="orf_tvthek"/>

	<!-- OV-chipkaart -->
	<AppIcon name="nl.tls.ovchip/nl.tls.ovchip.ui.activities.MainActivity" image="ov_chipkaart"/>

	<!-- OverDrive -->
	<AppIcon name="com.overdrive.mobile.android.mediaconsole/com.overdrive.mobile.android.mediaconsole.Activity_Splash" image="overdrive"/>

	<!-- ovos play Demo -->
	<AppIcon name="at.demo.ovosplay/at.demo.ovosplay.MainActivity" image="ovos_play_demo"/>

	<!-- PApp -->
	<AppIcon name="com.rwthaachen.papp/com.rwthaachen.papp.SplashActivity" image="papp"/>

	<!-- Paramount+ -->
	<AppIcon name="com.cbs.ca/com.paramount.android.pplus.splash.mobile.integration.SplashActivity" image="paramount_"/>

	<!-- Parookaville -->
	<AppIcon name="de.parookaville/com.greencopper.app.MainActivity" image="parookaville"/>

	<!-- Passenger Rights -->
	<AppIcon name="eu.europa.publications.passengerrights/com.prma.MainActivity" image="passenger_rights"/>

	<!-- Pay with Rewards -->
	<AppIcon name="com.mastercard.paywithrewards/com.mastercard.paywithrewards.init.InitActivity" image="pay_with_rewards"/>

	<!-- PAYBACK -->
	<AppIcon name="de.payback.client.android/de.payback.app.ui.main.MainActivity" image="payback"/>

	<!-- paysafecard -->
	<AppIcon name="at.paysafecard.android/at.paysafecard.android.LauncherActivity" image="paysafecard"/>

	<!-- Perplexity -->
	<AppIcon name="ai.perplexity.app.android/ai.perplexity.app.android.ui.main.MainActivity" image="perplexity"/>

	<!-- Pflege -->
	<AppIcon name="de.elsevier.pflegeapp/com.mobelite.emee.ui.misc.SplashActivity" image="pflege"/>

	<!-- Pflege Trainer -->
	<AppIcon name="de.lecommsulting.pfmf/de.abiquiz.ui.ActivitySplash" image="pflege_trainer"/>

	<!-- Pflege-Examen -->
	<AppIcon name="com.pflege.examenstrainer/com.example.flutterskeleton.MainActivity" image="pflege_examen"/>

	<!-- Pflege-Examen -->
	<AppIcon name="de.kreawiverlag.pflegewissen/de.kreawiverlag.mobile.android.ikreawi.activities.InitActivity" image="pflege_examen"/>

	<!-- Pflegecampus -->
	<AppIcon name="de.pflegecampus.app/de.pflegecampus.app.presentation.MainActivity" image="pflegecampus"/>

	<!-- PhApp -->
	<AppIcon name="de.rwth_aachen.phapp/com.rwthaachen.papp.SplashActivity" image="phapp"/>

	<!-- Photoshop Express -->
	<AppIcon name="com.adobe.psmobile/com.adobe.psmobile.SplashScreen" image="photoshop_express"/>

	<!-- Picnic -->
	<AppIcon name="com.picnic.android/com.picnic.android.ui.activity.SplashActivity" image="picnic"/>

	<!-- Pixel Legends -->
	<AppIcon name="info.lukasschneider.pixellegends/com.unity3d.player.UnityPlayerActivity" image="pixel_legends"/>

	<!-- pizzaboy -->
	<AppIcon name="de.gastroblitz.pizzaboy/de.gastroblitz.pizzaboy.MainActivity" image="pizzaboy"/>

	<!-- PKP INTERCITY -->
	<AppIcon name="pkp.ic.eicmobile/pkp.ic.eicmobile.MainActivity" image="pkp_intercity"/>

	<!-- Play SRF -->
	<AppIcon name="ch.srf.mobile.srfplayer/ch.srg.srgplayer.view.MainActivity" image="play_srf"/>

	<!-- PlayPilot -->
	<AppIcon name="com.playpilot.apps/com.playpilot.apps.MainActivity" image="playpilot"/>

	<!-- Pluto TV -->
	<AppIcon name="tv.pluto.android/tv.pluto.android.EntryPoint" image="pluto_tv"/>

	<!-- Pocket City -->
	<AppIcon name="com.codebrewgames.pocketcitygame/com.codebrewgames.pocketcitygame.MainActivity" image="pocket_city"/>

	<!-- Podimo -->
	<AppIcon name="com.podimo/com.podimo.IntentForwardingActivity" image="podimo"/>

	<!-- Podverse -->
	<AppIcon name="com.podverse.fdroid/com.podverse.fdroid.MainActivity" image="podverse"/>

	<!-- POINPY -->
	<AppIcon name="com.netflix.NGP.Poinpy/com.netflix.NGP.Poinpy.RunnerActivity" image="poinpy"/>

	<!-- Polar Beat -->
	<AppIcon name="fi.polar.beat/fi.polar.beat.ui.SplashScreen" image="polar_beat"/>

	<!-- Polar Flow -->
	<AppIcon name="fi.polar.polarflow/fi.polar.polarflow.activity.login.SplashScreenActivity" image="polar_flow"/>

	<!-- Post & DHL -->
	<AppIcon name="de.dhl.paket/de.its_berlin.dhlpaket.base.main.MainActivity" image="post_and_dhl"/>

	<!-- PosterPrint -->
	<AppIcon name="la.hieta.posterprint/la.hieta.posterprint.MainActivity" image="posterprint"/>

	<!-- Postident -->
	<AppIcon name="de.deutschepost.postident/de.post.ident.ui.WelcomeActivity" image="postident"/>

	<!-- PostNL -->
	<AppIcon name="nl.tpp.mobile.android/nl.postnl.app.activity.SplashActivity" image="postnl"/>

	<!-- Power Automate -->
	<AppIcon name="com.microsoft.flow/com.microsoft.flow.MainActivity" image="power_automate"/>

	<!-- Prezi -->
	<AppIcon name="com.prezi.android/com.prezi.android.viewer.login.LoginActivity" image="prezi"/>

	<!-- PRINT -->
	<AppIcon name="jp.co.canon.bsd.ad.pixmaprint/jp.co.canon.bsd.ad.pixmaprint.EulaActivity" image="print"/>

	<!-- PrintHand Premium -->
	<AppIcon name="com.dynamixsoftware.printhand.premium/com.dynamixsoftware.printhand.ui.ActivityMain" image="printhand_premium"/>

	<!-- Project Terrarium -->
	<AppIcon name="com.snapbreak.terrarium/com.unity3d.player.UnityPlayerActivity" image="project_terrarium"/>

	<!-- Proton Drive -->
	<AppIcon name="me.proton.android.drive/me.proton.android.drive.ui.MainActivity" image="proton_drive"/>

	<!-- PuzzleGods -->
	<AppIcon name="com.netflix.NGP.PuzzleGods/ie.boon.puzzlegods.MainActivity" image="puzzlegods"/>

	<!-- QuickEdit+ -->
	<AppIcon name="com.rhmsoft.edit.pro/com.rhmsoft.edit.activity.MainActivity" image="quickedit_"/>

	<!-- QuizAcademy -->
	<AppIcon name="de.lecommsulting.proquiz/de.abiquiz.ui.ActivitySplash" image="quizacademy"/>

	<!-- QuizAcademy University Edition -->
	<AppIcon name="de.lecommsulting.uniquiz/de.abiquiz.ui.ActivitySplash" image="quizacademy_university_edition"/>

	<!-- radio.net -->
	<AppIcon name="de.radio.android/de.radio.android.ui.AppActivity" image="radionet"/>

	<!-- Radioplayer -->
	<AppIcon name="de.radioplayer.android/de.radioplayer.android.controller.activity.intro.DEIntroActivity" image="radioplayer"/>

	<!-- Rail Planner -->
	<AppIcon name="org.eurail.railplanner/nl.elastique.eurail.ui.startup.StartupActivity" image="rail_planner"/>

	<!-- Railways -->
	<AppIcon name="com.infinity.railways/com.unity3d.player.UnityPlayerActivity" image="railways"/>

	<!-- RAR & RIP -->
	<AppIcon name="com.mlk.rockamring/com.appmiral.splash.SplashActivity" image="rar_and_rip"/>

	<!-- RauchFrei -->
	<AppIcon name="de.tk.tkrauchfrei/de.tk.rauchstopp.LaunchComposeActivity" image="rauchfrei"/>

	<!-- RECUP -->
	<AppIcon name="de.recup/de.recup.MainActivity" image="recup"/>

	<!-- RegioJet -->
	<AppIcon name="cz.studio9.sa/cz.studio9.sa.MainActivity" image="regiojet"/>

	<!-- Reigns3K -->
	<AppIcon name="com.netflix.NGP.ReignsThreeKingdoms/com.unity3d.player.UnityPlayerActivity" image="reigns3k"/>

	<!-- Relic Hunters Rebels -->
	<AppIcon name="com.netflix.NGP.RelicHuntersRebels/com.unity3d.player.UnityPlayerActivity" image="relic_hunters_rebels"/>

	<!-- Remote Classic -->
	<AppIcon name="com.lightingsoft.Lightpad/com.lightingsoft.lightpad.SplashScreenActivity" image="remote_classic"/>

	<!-- Remote Pro -->
	<AppIcon name="com.lightinsoft.easyremotepro/com.lightinsoft.easyremotepro.ui.splashScreen.SplashScreenActivity" image="remote_pro"/>

	<!-- REWE -->
	<AppIcon name="com.rewedigital.shop/de.rewe.app.ChangeAppActivity" image="rewe"/>

	<!-- Rival Pirates -->
	<AppIcon name="com.netflix.NGP.PiratesSeveredSeas/com.unity3d.player.UnityPlayerActivity" image="rival_pirates"/>

	<!-- Riverty -->
	<AppIcon name="com.arvato.myafterpay/com.arvato.myafterpay.MainActivity" image="riverty"/>

	<!-- Roamler -->
	<AppIcon name="net.roamler/net.roamler.MainActivity" image="roamler"/>

	<!-- Roku -->
	<AppIcon name="com.roku.remote/com.roku.remote.ui.activities.splash.SplashActivity" image="roku"/>

	<!-- ROMEO UNCUT -->
	<AppIcon name="com.planetromeo.android.app/com.planetromeo.android.app.authentication.splash.SplashActivity" image="romeo_uncut"/>

	<!-- Rossmann -->
	<AppIcon name="de.rossmann.app.android/de.rossmann.app.android.splash.SplashScreen" image="rossmann"/>

	<!-- Rotation Control -->
	<AppIcon name="jp.snowlife01.android.rotationcontrol/jp.snowlife01.android.rotationcontrolpro.rotation2.MainActivityNew" image="rotation_control"/>

	<!-- RoteListeMobileApp -->
	<AppIcon name="de.roteliste.mobile.app/de.roteliste.mobile.app.MainActivity" image="rotelistemobileapp"/>

	<!-- RP -->
	<AppIcon name="com.rheinischepost.wrapper/com.rheinischepost.wrapper.ui.MainActivity" image="rp"/>

	<!-- RP ePaper -->
	<AppIcon name="de.rponline.smartphone/com.iapps.baseapp.MainActivity" image="rp_epaper"/>

	<!-- RTL+ -->
	<AppIcon name="de.rtli.tvnow/de.rtli.everest.activity.SplashActivity" image="rtl_"/>

	<!-- RTL+ Musik -->
	<AppIcon name="de.rtl.plus/de.rtl.plus.RtlPlusLauncherActivity" image="rtl_musik"/>

	<!-- Ruhrbahn -->
	<AppIcon name="de.ivanto.evag/de.geomobile.busguide.core.SplashActivity" image="ruhrbahn"/>

	<!-- SafeNow -->
	<AppIcon name="de.safenow.business/de.safenow.business.MainActivity" image="safenow"/>

	<!-- SafeNow -->
	<AppIcon name="de.safenow.user/de.safenow.user.MainActivity" image="safenow"/>

	<!-- Samsung Boost -->
	<AppIcon name="com.sruk.samsungboost/com.sruk.samsungboost.MainActivity" image="samsung_boost"/>

	<!-- Samsung Kids -->
	<AppIcon name="com.sec.android.app.kidshome/com.sec.android.app.kidshome.start.ui.LaunchActivity" image="samsung_kids"/>

	<!-- Samsung Shop -->
	<AppIcon name="com.samsung.ecomm.global.gbr/com.samsung.ecomm.global.shop_app.MainActivity" image="samsung_shop"/>

	<!-- Satisfyer -->
	<AppIcon name="com.satisfyer.connect/com.coreteka.satisfyer.view.screen.auth.LoginActivity" image="satisfyer"/>

	<!-- Sound Meter -->
	<AppIcon name="com.gamebasic.decibel/com.gamebasic.decibel.DecibelActi" image="sound_meter"/>

	<!-- Scriptic Crime Stories -->
	<AppIcon name="com.netflix.NGP.Scriptic/com.unity3d.player.UnityPlayerActivity" image="scriptic_crime_stories"/>

	<!-- Secure VPN -->
	<AppIcon name="com.symantec.securewifi/com.symantec.securewifi.ui.onboarding.SplashActivity" image="secure_vpn"/>

	<!-- Send App -->
	<AppIcon name="com.flutterwave.send.prod/com.flutterwave.send.MainActivity" image="send_app"/>

	<!-- sharemagazines -->
	<AppIcon name="de.sharemagazines.app/de.sharemagazines.app.activities.LoginActivity" image="sharemagazines"/>

	<!-- Shatter -->
	<AppIcon name="com.netflix.NGP.ShatterRemastered/com.pikpok.ShatterUnityActivity" image="shatter"/>

	<!-- Shooting Hoops -->
	<AppIcon name="com.netflix.NGP.ShootingHoops/com.unity3d.player.UnityPlayerActivity" image="shooting_hoops"/>

	<!-- Show -->
	<AppIcon name="com.zoho.show.app/com.zoho.zohoshow.anzs.ShowListingActivity" image="show"/>

	<!-- sign-me 2FA -->
	<AppIcon name="com.entersekt.authapp.dtrust/com.entersekt.authapp.MainActivity" image="sign_me_2fa"/>

	<!-- simpleclub -->
	<AppIcon name="com.simpleclub.android/com.simpleclub.android.Activity" image="simpleclub"/>

	<!-- Skies of Chaos -->
	<AppIcon name="com.netflix.NGP.SkiesOfChaos/com.netflix.NGP.SkiesOfChaos.RunnerActivity" image="skies_of_chaos"/>

	<!-- Skills4School -->
	<AppIcon name="de.skills4school.app/de.skills4school.app.MainActivity" image="skills4school"/>

	<!-- Skrill -->
	<AppIcon name="com.moneybookers.skrillpayments/com.moneybookers.skrillpayments.v2.ui.launcher.LauncherActivity" image="skrill"/>

	<!-- Sleep -->
	<AppIcon name="com.urbandroid.sleep/com.urbandroid.sleep.alarmclock.AlarmClock" image="sleep"/>

	<!-- Sleep Cycle -->
	<AppIcon name="com.northcube.sleepcycle/com.northcube.sleepcycle.LauncherActivity" image="sleep_cycle"/>

	<!-- Sleep Monitor -->
	<AppIcon name="com.sleepmonitor.aio/com.sleepmonitor.aio.activity.SplashActivity" image="sleep_monitor"/>

	<!-- Smart Home -->
	<AppIcon name="de.avm.android.smarthome/de.avm.android.smarthome.activities.StartActivity" image="smart_home"/>

	<!-- Smart Tutor -->
	<AppIcon name="com.rsupport.rs.activity.rsupport.aas2/com.rsupport.rs.activity.edit.IntroActivity" image="smart_tutor"/>

	<!-- SmartLogin -->
	<AppIcon name="de.datev.smartlogin/de.datev.smartlogin.MainActivity" image="smartlogin"/>

	<!-- Smartphone Hilfe -->
	<AppIcon name="de.telekom.android.smartphonehilfe/de.telekom.android.smartphonehilfe.gui.StartScreenActivity" image="smartphone_hilfe"/>

	<!-- Snapdrop -->
	<AppIcon name="com.fmsys.snapdrop/com.fmsys.snapdrop.MainActivity" image="snapdrop"/>

	<!-- Solitaire -->
	<AppIcon name="com.belkagames.solitaire/com.belkagames.solitaire.MainSolitaireActivity" image="solitaire"/>

	<!-- Solitaire -->
	<AppIcon name="com.netflix.NGP.Solitaire/com.mobilityware.sflnativeandroidutils.SFLLaunchActivity" image="solitaire"/>

	<!-- Songkick -->
	<AppIcon name="com.songkick/com.songkick.activity.Dashboard" image="songkick"/>

	<!-- SoundCloud -->
	<AppIcon name="com.soundcloud.android/com.soundcloud.android.launcher.LauncherActivity" image="soundcloud"/>

	<!-- Spaces by Wix -->
	<AppIcon name="com.wix.android/com.wix.MainActivity" image="spaces_by_wix"/>

	<!-- Spiritfarer -->
	<AppIcon name="com.netflix.NGP.Spiritfarer/com.unity3d.player.UnityPlayerActivity" image="spiritfarer"/>

	<!-- Sponge Bob: Get Cooking -->
	<AppIcon name="com.netflix.NGP.SpongeBobKrustyCookOff/com.unity3d.player.UnityPlayerActivity" image="sponge_bob_get_cooking"/>

	<!-- Spotube -->
	<AppIcon name="oss.krtirtho.spotube/com.ryanheise.audioservice.AudioServiceActivity" image="spotube"/>

	<!-- ST3TG -->
	<AppIcon name="com.netflix.NGP.StrangerThings3/com.unity3d.player.UnityPlayerActivity" image="st3tg"/>

	<!-- State.io -->
	<AppIcon name="io.state.fight/com.unity3d.player.UnityPlayerActivity" image="stateio"/>

	<!-- Stickers Valeria -->
	<AppIcon name="com.netflix.stickersvaleria/com.netflix.stickersvaleria.EntryActivity" image="stickers_valeria"/>

	<!-- Tuner -->
	<AppIcon name="org.billthefarmer.tuner/org.billthefarmer.tuner.Tuner" image="tuner"/>

	<!-- Stranger Things -->
	<AppIcon name="com.netflix.NGP.StrangerThingsPuzzleTales/com.unity3d.player.UnityPlayerActivity" image="stranger_things"/>

	<!-- Stranger Things: 1984 -->
	<AppIcon name="com.netflix.NGP.StrangerThings/com.unity3d.player.UnityPlayerActivity" image="stranger_things_1984"/>

	<!-- Strava -->
	<AppIcon name="com.strava/com.strava.SplashActivity" image="strava"/>

	<!-- StreamFab -->
	<AppIcon name="com.dvdfab.downloader/com.dvdfab.downloader.ui.activity.SplashActivity" image="streamfab"/>

	<!-- Stremio -->
	<AppIcon name="com.stremio.one/com.stremio.MainActivity" image="stremio"/>

	<!-- Studio -->
	<AppIcon name="com.sec.android.app.vepreload/com.sec.android.app.vepreload.common.activity.ProjectShortcutActivity" image="studio"/>

	<!-- Subway® -->
	<AppIcon name="com.subway.subway/com.subway.subway.SplashActivity" image="subway®"/>

	<!-- Supershift -->
	<AppIcon name="app.supershift/app.supershift.TabbarActivity" image="supershift"/>

	<!-- Suunto -->
	<AppIcon name="com.stt.android.suunto/com.stt.android.launcher.ProxyActivity" image="suunto"/>

	<!-- TagInfo -->
	<AppIcon name="com.nxp.taginfolite/com.nxp.taginfo.activities.MainView" image="taginfo"/>

	<!-- Taxi.de -->
	<AppIcon name="com.sic.taxibutton/de.talex.customer_apps.MainActivity" image="taxide"/>

	<!-- TC Slim -->
	<AppIcon name="net.kollnig.missioncontrol.play/eu.faircode.netguard.ActivityMain" image="tc_slim"/>

	<!-- Teeter -->
	<AppIcon name="com.netflix.NGP.TeeterUp/com.unity3d.player.UnityPlayerActivity" image="teeter"/>

	<!-- Telekom Mail -->
	<AppIcon name="de.telekom.mail/de.telekom.mail.MainActivity" image="telekom_mail"/>

	<!-- Tellonym -->
	<AppIcon name="de.tellonym.app/de.tellonym.app.MainActivity" image="tellonym"/>

	<!-- Thalia -->
	<AppIcon name="eu.thalia.app/eu.thalia.app.ui.appstart.BootActivity" image="thalia"/>

	<!-- Ticket NRW -->
	<AppIcon name="de.hafas.android.nrw/de.hafas.main.HafasApp" image="ticket_nrw"/>

	<!-- TIER -->
	<AppIcon name="com.tier.app/com.tier.legacy.ui.splash.SplashActivity" image="tier"/>

	<!-- TikTok Now -->
	<AppIcon name="com.ss.android.ugc.now/com.ss.android.ugc.now.homepage.SplashActivity" image="tiktok_now"/>

	<!-- TK -->
	<AppIcon name="de.tk.tkapp/de.tk.tkapp.start.StartActivity" image="tk"/>

	<!-- TK-Doc -->
	<AppIcon name="de.telearzt.tkchat/com.zoontek.rnbootsplash.RNBootSplashActivity" image="tk_doc"/>

	<!-- TK-Ident -->
	<AppIcon name="de.tk.apps.android.tkident/com.ibm.whitelabel.authenticator.auth.AuthenticatorAuthActivity" image="tk_ident"/>

	<!-- tolino -->
	<AppIcon name="com.mytolino.app/com.musketeer.host.MainActivity" image="tolino"/>

	<!-- Tomorrow -->
	<AppIcon name="one.tomorrow.app/one.tomorrow.app.commons.ui.MainActivity" image="tomorrow"/>

	<!-- Too Good To Go -->
	<AppIcon name="com.app.tgtg/com.app.tgtg.activities.login.SplashActivity" image="too_good_to_go"/>

	<!-- Too Hot to Handle -->
	<AppIcon name="com.netflix.NGP.TooHotToHandle/com.netflix.NGP.TooHotToHandle.TooHot" image="too_hot_to_handle"/>

	<!-- Total AdBlock for Samsung -->
	<AppIcon name="com.totaladblock.contentblock/com.av.adblocker.SplashActivity" image="total_adblock_for_samsung"/>

	<!-- Townsmen - A Kingdom Rebuilt -->
	<AppIcon name="com.netflix.NGP.TownsmenAKingdomRebuilt/com.hg.android.cocos2dx.Application" image="townsmen_a_kingdom_rebuilt"/>

	<!-- Trade Republic -->
	<AppIcon name="de.traderepublic.app/de.traderepublic.app.ui.splash.LaunchActivity" image="trade republic"/>

	<!-- Traffix -->
	<AppIcon name="com.infinity.traffix/com.unity3d.player.UnityPlayerActivity" image="traffix"/>

	<!-- TrainPal -->
	<AppIcon name="com.pal.train/com.pal.common.business.home.activity.LaunchActivity" image="trainpal"/>

	<!-- Trakt -->
	<AppIcon name="tv.trakt.trakt/tv.trakt.trakt.ui.main.MainActivity" image="trakt"/>

	<!-- Travel Pass -->
	<AppIcon name="de.bioscientia.docnet.app.travelpass/crc64c0d098df2cce96c1.MainActivity" image="travel_pass"/>

	<!-- Travel Town -->
	<AppIcon name="io.randomco.travel/com.unity3d.player.UnityPlayerActivity" image="travel_town"/>

	<!-- TravelDeals24 -->
	<AppIcon name="net.traveldeals24.main/net.traveldeals24.main.app.MainActivity" image="traveldeals24"/>

	<!-- True Story -->
	<AppIcon name="com.netflix.NGP.ThisIsATrueStory/com.unity3d.player.UnityPlayerActivity" image="true_story"/>

	<!-- Tumblr -->
	<AppIcon name="com.tumblr/com.tumblr.ui.activity.JumpoffActivity" image="tumblr"/>

	<!-- TuneIn Radio -->
	<AppIcon name="tunein.player/tunein.ui.activities.TuneInHomeActivity" image="tunein_radio"/>

	<!-- TV -->
	<AppIcon name="com.samsung.android.tvplus/com.samsung.android.tvplus.MainActivity" image="tv"/>

	<!-- Twelve Minutes -->
	<AppIcon name="com.netflix.NGP.TwelveMinutesMobile/com.unity3d.player.UnityPlayerActivity" image="twelve_minutes"/>

	<!-- Twitch -->
	<AppIcon name="tv.twitch.android.app/tv.twitch.android.app.core.LandingActivity" image="twitch"/>

	<!-- Postcards -->
	<AppIcon name="de.Postkarte/de.Postkarte.MainActivity" image="postcards"/>

	<!-- Vacation Tycoon -->
	<AppIcon name="ca.hyperhippo.adventureresort/com.unity3d.player.UnityPlayerActivity" image="vacation_tycoon"/>

	<!-- Verimi -->
	<AppIcon name="com.verimi/com.verimi.main.presentation.ui.MainActivity" image="verimi"/>

	<!-- Verschlüsselung -->
	<AppIcon name="de.eue.mobile.android.tresor/de.einsundeins.tresor.presentation.ui.activity.LaunchActivity" image="verschlusselung"/>

	<!-- via medici -->
	<AppIcon name="de.thieme.viamedici/com.ebcont.thieme.viamedici.ui.MainActivity" image="via_medici"/>

	<!-- Viber -->
	<AppIcon name="com.viber.voip/com.viber.voip.WelcomeActivity" image="viber"/>

	<!-- Vierdaagsefeesten -->
	<AppIcon name="nl.vierdaagsefeesten.nijmegen/nl.vierdaagsefeesten.MainActivity" image="vierdaagsefeesten"/>

	<!-- Virtual Android -->
	<AppIcon name="com.pspace.vandroid/com.excean.vphone.SplashActivity" image="virtual_android"/>

	<!-- Voi -->
	<AppIcon name="io.voiapp.voi/io.voiapp.voi.MainActivity" image="voi"/>

	<!-- VokabelBox -->
	<AppIcon name="de.mbreska.kleinevokabelbox/de.mbreska.vokabelbox.activities.MainActivity" image="vokabelbox"/>

	<!-- VRR App -->
	<AppIcon name="com.mdv.VRRCompanion/crc648cb0c2b02d61f6d1.StartupActivity" image="vrr_app"/>

	<!-- VRR Bus&Bahn -->
	<AppIcon name="mentz.com.vrr_cibo_app/mentz.com.vrr_cibo_app.MainActivity" image="vrr_bus_and_bahn"/>

	<!-- waipu.tv -->
	<AppIcon name="de.exaring.waipu/de.exaring.waipu.ui.start.StartUpActivity" image="waiputv"/>

	<!-- Wallet -->
	<AppIcon name="org.toshi/org.toshi.MainActivity" image="wallet"/>

	<!-- Waze -->
	<AppIcon name="com.waze/com.waze.FreeMapAppActivity" image="waze"/>

	<!-- WEB.DE Mail -->
	<AppIcon name="de.web.mobile.android.mail/com.unitedinternet.portal.ui.HostActivity" image="webde_mail"/>

	<!-- Wellpass -->
	<AppIcon name="com.qualitrain.fitness/com.netpulse.mobile.launch.LaunchActivity" image="wellpass"/>

	<!-- Raisin -->
	<AppIcon name="com.raisin.app/com.raisin.app.MainActivity" image="raisin"/>

	<!-- WerStreamt.es? -->
	<AppIcon name="de.wse.werstreamt.es/crc640c17457b81fa6cc4.SplashActivity" image="werstreamtes_"/>

	<!-- what3words -->
	<AppIcon name="com.what3words.android/com.what3words.android.ui.splash.SplashActivity" image="what3words"/>

	<!-- Wild Things -->
	<AppIcon name="com.netflix.NGP.WildThingsAnimalAdventures/com.unity3d.player.UnityPlayerActivity" image="wild_things"/>

	<!-- WISO Steuer -->
	<AppIcon name="de.buhl.steuerphone/de.buhl.steuerphone.feature.intent.IntentActivity" image="wiso_steuer"/>

	<!-- Wohin·Du·Willst -->
	<AppIcon name="de.dbregio.wohinduwillst/de.dbregio.wohinduwillst.feature.splashscreen.SplashscreenActivity" image="wohin·du·willst"/>

	<!-- Wonderland -->
	<AppIcon name="com.samsung.android.wonderland.wallpaper/com.samsung.android.wonderland.wallpaper.settings.StartupActivity" image="wonderland"/>

	<!-- Word to PDF Converter -->
	<AppIcon name="com.weenysoft.word2pdf/com.weenysoft.word2pdf.MainActivity" image="word_to_pdf_converter"/>

	<!-- WOW -->
	<AppIcon name="de.sky.online/com.nowtv.startup.StartupActivity" image="wow"/>

	<!-- Writer -->
	<AppIcon name="com.zoho.writer/com.zoho.writer.activity.LauncherActivity" image="writer"/>

	<!-- Xoom -->
	<AppIcon name="com.xoom.android.app/com.xoom.android.app.launch.view.LaunchActivity" image="xoom"/>

	<!-- Yababa -->
	<AppIcon name="com.yababa.yababapp/com.yababa.yababapp.activities.SplashActivity" image="yababa"/>

	<!-- YASAN Launcher -->
	<AppIcon name="yasan.space.mnml.ai.launcher/dev.yasan.launcher.legacy.ui.main.MainActivity" image="yasan_launcher"/>

	<!-- YT Kids -->
	<AppIcon name="com.google.android.apps.youtube.kids/com.google.android.apps.youtube.kids.splash.SplashScreenActivity" image="yt_kids"/>

	<!-- Z-Lib -->
	<AppIcon name="com.positron_it.zlib/com.positron_it.zlib.ui.splash.SplashActivity" image="z_lib"/>

	<!-- Counter -->
	<AppIcon name="me.tsukanov.counter/me.tsukanov.counter.activities.MainActivity" image="counter"/>

	<!-- ZDFheute -->
	<AppIcon name="de.heute.mobile/de.heute.mobile.ui.MainActivity" image="zdfheute"/>

	<!-- ZdfTivi -->
	<AppIcon name="de.zdf.mediathek.tivi/de.zdf.mediathek.tivi.MainActivity" image="zdftivi"/>

	<!-- Zoho Sheet -->
	<AppIcon name="com.zoho.sheet.android/com.zoho.sheet.android.doclisting.DocListingActivity" image="zoho_sheet"/>

	<!-- Zoomquilt -->
	<AppIcon name="org.zoomquilt.zoomapp/org.zoomquilt.zoomapp.IndexActivity" image="zoomquilt"/>

</Theme>