<resources>

	<!-- AFWall+ -->
	<item component="ComponentInfo{dev.ukanth.ufirewall/dev.ukanth.ufirewall.MainActivity}" drawable="afwall_" />

	<!-- Audio Spectrum Analyzer -->
	<item component="ComponentInfo{org.woheller69.audio_analyzer_for_android/org.woheller69.audio_analyzer_for_android.AnalyzerActivity}" drawable="audio_spectrum_analyzer" />

	<!-- Blitzortung Moniteur d'activité orageuse -->
	<item component="ComponentInfo{org.blitzortung.android.app/org.blitzortung.android.app.Main}" drawable="blitzortung_moniteur_dactivite_orageuse" />

	<!-- ConnectBot -->
	<item component="ComponentInfo{org.connectbot/org.connectbot.HostListActivity}" drawable="connectbot" />

	<!-- Etar -->
	<item component="ComponentInfo{ws.xsoh.etar/com.android.calendar.AllInOneActivity}" drawable="etar" />

	<!-- FreeOTP+ -->
	<item component="ComponentInfo{org.liberty.android.freeotpplus/org.fedorahosted.freeotp.ui.MainActivity}" drawable="freeotp_" />

	<!-- Mumla -->
	<item component="ComponentInfo{se.lublin.mumla/se.lublin.mumla.app.MumlaActivity}" drawable="mumla" />

	<!-- MuPDF mini -->
	<item component="ComponentInfo{com.artifex.mupdf.mini.app/com.artifex.mupdf.mini.app.LibraryActivity}" drawable="mupdf_mini" />

	<!-- MuPDF viewer -->
	<item component="ComponentInfo{com.artifex.mupdf.viewer.app/com.artifex.mupdf.viewer.app.LibraryActivity}" drawable="mupdf_viewer" />

	<!-- Terminal Emulator -->
	<item component="ComponentInfo{com.termoneplus/com.termoneplus.TermActivity}" drawable="terminal_emulator" />

	<!-- Track & Graph -->
	<item component="ComponentInfo{com.samco.trackandgraph/com.samco.trackandgraph.MainActivity}" drawable="track_and_graph" />

</resources>