<appmap>

	<!-- AFWall+ -->
	<item class="dev.ukanth.ufirewall.MainActivity" name="afwall_"/>

	<!-- Audio Spectrum Analyzer -->
	<item class="org.woheller69.audio_analyzer_for_android.AnalyzerActivity" name="audio_spectrum_analyzer"/>

	<!-- Blitzortung Moniteur d'activité orageuse -->
	<item class="org.blitzortung.android.app.Main" name="blitzortung_moniteur_dactivite_orageuse"/>

	<!-- ConnectBot -->
	<item class="org.connectbot.HostListActivity" name="connectbot"/>

	<!-- Etar -->
	<item class="com.android.calendar.AllInOneActivity" name="etar"/>

	<!-- FreeOTP+ -->
	<item class="org.fedorahosted.freeotp.ui.MainActivity" name="freeotp_"/>

	<!-- Mumla -->
	<item class="se.lublin.mumla.app.MumlaActivity" name="mumla"/>

	<!-- MuPDF mini -->
	<item class="com.artifex.mupdf.mini.app.LibraryActivity" name="mupdf_mini"/>

	<!-- MuPDF viewer -->
	<item class="com.artifex.mupdf.viewer.app.LibraryActivity" name="mupdf_viewer"/>

	<!-- Terminal Emulator -->
	<item class="com.termoneplus.TermActivity" name="terminal_emulator"/>

	<!-- Track & Graph -->
	<item class="com.samco.trackandgraph.MainActivity" name="track_and_graph"/>

</appmap>