<Theme version="1">

	<!-- AFWall+ -->
	<AppIcon name="dev.ukanth.ufirewall/dev.ukanth.ufirewall.MainActivity" image="afwall_"/>

	<!-- Audio Spectrum Analyzer -->
	<AppIcon name="org.woheller69.audio_analyzer_for_android/org.woheller69.audio_analyzer_for_android.AnalyzerActivity" image="audio_spectrum_analyzer"/>

	<!-- Blitzortung Moniteur d'activité orageuse -->
	<AppIcon name="org.blitzortung.android.app/org.blitzortung.android.app.Main" image="blitzortung_moniteur_dactivite_orageuse"/>

	<!-- ConnectBot -->
	<AppIcon name="org.connectbot/org.connectbot.HostListActivity" image="connectbot"/>

	<!-- Etar -->
	<AppIcon name="ws.xsoh.etar/com.android.calendar.AllInOneActivity" image="etar"/>

	<!-- FreeOTP+ -->
	<AppIcon name="org.liberty.android.freeotpplus/org.fedorahosted.freeotp.ui.MainActivity" image="freeotp_"/>

	<!-- Mumla -->
	<AppIcon name="se.lublin.mumla/se.lublin.mumla.app.MumlaActivity" image="mumla"/>

	<!-- MuPDF mini -->
	<AppIcon name="com.artifex.mupdf.mini.app/com.artifex.mupdf.mini.app.LibraryActivity" image="mupdf_mini"/>

	<!-- MuPDF viewer -->
	<AppIcon name="com.artifex.mupdf.viewer.app/com.artifex.mupdf.viewer.app.LibraryActivity" image="mupdf_viewer"/>

	<!-- Terminal Emulator -->
	<AppIcon name="com.termoneplus/com.termoneplus.TermActivity" image="terminal_emulator"/>

	<!-- Track & Graph -->
	<AppIcon name="com.samco.trackandgraph/com.samco.trackandgraph.MainActivity" image="track_and_graph"/>

</Theme>