<Theme version="1">

	<!-- AI Gallery -->
	<AppIcon name="com.gallery20/com.gallery20.HomeActivity" image="ai_gallery"/>

	<!-- Camera -->
	<AppIcon name="com.transsion.camera/com.android.camera.CameraLauncher" image="transsion_camera"/>

	<!-- Clock -->
	<AppIcon name="com.transsion.deskclock/com.transsion.deskclock.DeskClock" image="clock"/>

	<!-- File Manager -->
	<AppIcon name="com.transsion.filemanagerx/com.transsion.filemanagerx.ui.main.MainActivity" image="file_manager"/>

	<!-- Notepad -->
	<AppIcon name="com.transsion.notebook/com.transsion.notebook.NotesList" image="notepad"/>

	<!-- Phone -->
	<AppIcon name="com.sh.smart.caller/com.android.dialer.main.impl.MainActivity" image="phone"/>

	<!-- Reddit -->
	<AppIcon name="com.reddit.frontpage/launcher.wallstreet" image="reddit_wallstreet"/>

	<!-- TikTok -->
	<AppIcon name="com.ss.android.ugc.trill/com.ss.android.ugc.aweme.splash.SplashActivity" image="tiktok"/>

</Theme>