<resources>

	<!-- Animiru -->
	<item component="ComponentInfo{xyz.Quickdev.Animiru.mi/eu.kanade.tachiyomi.ui.main.MainActivity}" drawable="animiru" />

	<!-- Brevent -->
	<item component="ComponentInfo{me.piebridge.brevent/me.piebridge.brevent.ui.BreventActivity}" drawable="brevent" />

	<!-- Cytus II -->
	<item component="ComponentInfo{com.rayark.cytus2/com.google.firebase.MessagingUnityPlayerActivity}" drawable="cytus_ii" />

	<!-- Dead Cells -->
	<item component="ComponentInfo{com.playdigious.deadcells.mobile/com.playdigious.deadcells.mobile.DeadCellsLoading}" drawable="dead_cells" />

	<!-- Despotism 3k -->
	<item component="ComponentInfo{com.KonfaGames.Despotism3k/com.unity3d.player.UnityPlayerActivity}" drawable="despotism_3k" />

	<!-- Milthm -->
	<item component="ComponentInfo{com.morizero.milthm/com.unity3d.player.UnityPlayerActivity}" drawable="milthm" />

	<!-- ML: Adventure -->
	<item component="ComponentInfo{com.moonton.mobilehero/com.moonton.mobilehero.AppActivity}" drawable="ml_adventure" />

	<!-- Mobile Legends: Bang Bang -->
	<item component="ComponentInfo{com.mobile.legends/com.moba.unityplugin.MobaGameMainActivityWithExtractor}" drawable="mobile_legends_bang_bang" />

	<!-- NIKKE -->
	<item component="ComponentInfo{com.proximabeta.nikke/com.shiftup.nk.MainActivity}" drawable="nikke" />

	<!-- Rotaeno -->
	<item component="ComponentInfo{com.xd.rotaeno.googleplay/com.unity3d.player.UnityPlayerActivity}" drawable="rotaeno" />

	<!-- Soul Knight -->
	<item component="ComponentInfo{com.ChillyRoom.DungeonShooter/com.chillyroomsdk.sdkbridge.BasePlayerActivity}" drawable="soul_knight" />

	<!-- Soul Knight Prequel -->
	<item component="ComponentInfo{com.chillyroom.soulknightprequel/com.chillyroomsdk.sdkbridge.BasePlayerActivity}" drawable="soul_knight_prequel" />

	<!-- Tokopedia -->
	<item component="ComponentInfo{com.tokopedia.tkpd/com.tokopedia.tkpd.ConsumerSplashScreen}" drawable="tokopedia" />

</resources>