<resources>

	<!-- aBattery -->
	<item component="ComponentInfo{me.linshen.abattery/me.linshen.abattery.MainActivity}" drawable="abattery" />

	<!-- DataBackup alpha -->
	<item component="ComponentInfo{com.xayah.databackup.alpha/com.xayah.databackup.SplashActivity}" drawable="databackup_alpha" />

	<!-- Drop the Number -->
	<item component="ComponentInfo{com.superbox.aos.fire2048/com.unity3d.player.UnityPlayerActivity}" drawable="drop_the_number" />

	<!-- Eyecon -->
	<item component="ComponentInfo{com.eyecon.global/com.eyecon.global.MainScreen.MainActivity}" drawable="eyecon" />

	<!-- Hepsiburada -->
	<item component="ComponentInfo{com.pozitron.hepsiburada/com.hepsiburada.ui.startup.SplashActivity}" drawable="hepsiburada" />

	<!-- Humbug -->
	<item component="ComponentInfo{com.dunderbit.humbug/com.unity3d.player.UnityPlayerActivity}" drawable="humbug" />

	<!-- Image Toolbox (Resizer) -->
	<item component="ComponentInfo{ru.tech.imageresizershrinker/ru.tech.imageresizershrinker.presentation.AppActivity}" drawable="ımage_toolbox_resizer_" />

	<!-- Kvaesitso Nightly -->
	<item component="ComponentInfo{de.mm20.launcher2.nightly/de.mm20.launcher2.ui.launcher.LauncherActivity}" drawable="kvaesitso_nightly" />

	<!-- Swipefy -->
	<item component="ComponentInfo{app.swipefy.mobile/app.swipefy.mobile.MainActivity}" drawable="swipefy" />

	<!-- Zombotron -->
	<item component="ComponentInfo{ru.antkarlov.zombotron/com.unity3d.player.UnityPlayerActivity}" drawable="zombotron" />

</resources>