<Theme version="1">

	<!-- aBattery -->
	<AppIcon name="me.linshen.abattery/me.linshen.abattery.MainActivity" image="abattery"/>

	<!-- DataBackup alpha -->
	<AppIcon name="com.xayah.databackup.alpha/com.xayah.databackup.SplashActivity" image="databackup_alpha"/>

	<!-- Drop the Number -->
	<AppIcon name="com.superbox.aos.fire2048/com.unity3d.player.UnityPlayerActivity" image="drop_the_number"/>

	<!-- Eyecon -->
	<AppIcon name="com.eyecon.global/com.eyecon.global.MainScreen.MainActivity" image="eyecon"/>

	<!-- Hepsiburada -->
	<AppIcon name="com.pozitron.hepsiburada/com.hepsiburada.ui.startup.SplashActivity" image="hepsiburada"/>

	<!-- Humbug -->
	<AppIcon name="com.dunderbit.humbug/com.unity3d.player.UnityPlayerActivity" image="humbug"/>

	<!-- Image Toolbox (Resizer) -->
	<AppIcon name="ru.tech.imageresizershrinker/ru.tech.imageresizershrinker.presentation.AppActivity" image="ımage_toolbox_resizer_"/>

	<!-- Kvaesitso Nightly -->
	<AppIcon name="de.mm20.launcher2.nightly/de.mm20.launcher2.ui.launcher.LauncherActivity" image="kvaesitso_nightly"/>

	<!-- Swipefy -->
	<AppIcon name="app.swipefy.mobile/app.swipefy.mobile.MainActivity" image="swipefy"/>

	<!-- Zombotron -->
	<AppIcon name="ru.antkarlov.zombotron/com.unity3d.player.UnityPlayerActivity" image="zombotron"/>

</Theme>