<resources>

	<!-- 90 Day Challenge -->
	<item component="ComponentInfo{nl.browney.nintydayschallenge/nintydayschallenge.MainActivity}" drawable="_90_day_challenge" />

	<!-- AeroCamera -->
	<item component="ComponentInfo{jp.co.roland.aerocaster_remotecamera/jp.co.roland.aerocaster_remotecamera.MainActivity}" drawable="aerocamera" />

	<!-- AI Life -->
	<item component="ComponentInfo{com.huawei.smarthome/com.huawei.smarthome.login.LauncherActivity}" drawable="ai_life" />

	<!-- AIDA64 -->
	<item component="ComponentInfo{com.finalwire.aida64/com.finalwire.aida64.HHMainActivity}" drawable="aida64" />

	<!-- BurgerKingIT -->
	<item component="ComponentInfo{it.burgerking.android/it.burgerking.android.MainActivity}" drawable="burgerkingit" />

	<!-- ClasseViva Studenti -->
	<item component="ComponentInfo{eu.spaggiari.classevivastudente/eu.spaggiari.classeviva.classeviva.MainActivity}" drawable="classeviva_studenti" />

	<!-- coffee cApp -->
	<item component="ComponentInfo{com.yourvoice.ccApp/com.yourvoice.ccApp.MainActivity}" drawable="coffee_capp" />

	<!-- Disk Usage -->
	<item component="ComponentInfo{com.panaustik.memmap/com.panaustik.memmap.activity.MainActivity}" drawable="disk_usage" />

	<!-- DJI Mimo -->
	<item component="ComponentInfo{dji.mimo/dji.mimo.main.DJISplashActivity}" drawable="dji_mimo" />

	<!-- Flightradar24 -->
	<item component="ComponentInfo{com.flightradar24free/com.flightradar24free.feature.splash.view.SplashActivity}" drawable="flightradar24" />

	<!-- Fortnite -->
	<item component="ComponentInfo{com.epicgames.fortnite/com.epicgames.unreal.SplashActivity}" drawable="fortnite" />

	<!-- GC Auto Clicker -->
	<item component="ComponentInfo{com.speed.gc.autoclicker.automatictap/com.speed.gc.autoclicker.automatictap.SplashActivity}" drawable="gc_auto_clicker" />

	<!-- Goofy Ahh Soundboard -->
	<item component="ComponentInfo{com.rdsg.goofymemes/com.rdsg.goofymemes.CustomActivity}" drawable="goofy_ahh_soundboard" />

	<!-- iliad -->
	<item component="ComponentInfo{com.iliad.com/com.iliad.com.ui.SplashActivity}" drawable="iliad" />

	<!-- Innuos Sense -->
	<item component="ComponentInfo{com.innuos.sense/com.innuos.sense.MainActivity}" drawable="innuos_sense" />

	<!-- Malwarebytes -->
	<item component="ComponentInfo{org.malwarebytes.antimalware/org.malwarebytes.antimalware.ui.MainActivity}" drawable="malwarebytes" />

	<!-- McDonald's -->
	<item component="ComponentInfo{com.mcdonalds.mobileapp/com.mcdonalds.mobileapp.redesign.MainActivity}" drawable="mcdonalds" />

	<!-- Musify -->
	<item component="ComponentInfo{com.gokadzev.musify.fdroid/com.ryanheise.audioservice.AudioServiceActivity}" drawable="musify" />

	<!-- OnelapFit -->
	<item component="ComponentInfo{com.onelap.fitness/com.onelap.fitness.activity.riding_splash.splash.SplashActivity}" drawable="onelapfit" />

	<!-- Pandabuy -->
	<item component="ComponentInfo{com.panda.pandabuy/com.panda.pandabuy.MainActivity}" drawable="pandabuy" />

	<!-- phiola -->
	<item component="ComponentInfo{com.github.stsaz.phiola/com.github.stsaz.phiola.MainActivity}" drawable="phiola" />

	<!-- Photomath -->
	<item component="ComponentInfo{com.microblink.photomath/com.microblink.photomath.main.activity.LauncherActivity}" drawable="photomath" />

	<!-- pkge -->
	<item component="ComponentInfo{net.pkge.pkge/net.posylka.posylka.ui.screens.initial.SplashActivity}" drawable="pkge" />

	<!-- Pokémon GO -->
	<item component="ComponentInfo{com.nianticlabs.pokemongo/com.nianticproject.holoholo.libholoholo.unity.UnityMainActivity}" drawable="pokemon_go" />

	<!-- PosteID -->
	<item component="ComponentInfo{posteitaliane.posteapp.appposteid/posteitaliane.posteapp.appposteid.welcome.WelcomeAct}" drawable="posteid" />

	<!-- Postparty -->
	<item component="ComponentInfo{com.lifeonair.postparty/com.lifeonair.postparty.root.MainActivity}" drawable="postparty" />

	<!-- Prezzi Benzina -->
	<item component="ComponentInfo{org.vernazza.androidfuel/it.prezzibenzina.pb3.activities.MainActivity}" drawable="prezzi_benzina" />

	<!-- Profilo del mento -->
	<item component="ComponentInfo{jawline.exercises.slim.face.yoga/jawline.exercises.slim.face.yoga.activity.SplashActivity}" drawable="profilo_del_mento" />

	<!-- PS Remote Play -->
	<item component="ComponentInfo{com.playstation.remoteplay/com.playstation.remoteplay.RpActivityMain}" drawable="ps_remote_play" />

	<!-- Qobuz -->
	<item component="ComponentInfo{com.qobuz.music/com.qobuz.android.mobile.app.refont.screen.launch.LauncherActivity}" drawable="qobuz" />

	<!-- Remote Desktop -->
	<item component="ComponentInfo{com.google.chromeremotedesktop/com.google.remoting.androidwrapper.MainActivity}" drawable="remote_desktop" />

	<!-- SegnaleRivelatore -->
	<item component="ComponentInfo{com.lefan.signal/com.lefan.signal.activity.SplashActivity}" drawable="segnalerivelatore" />

	<!-- SHIELD TV -->
	<item component="ComponentInfo{com.nvidia.shield.remote/com.nvidia.shield.remote.MainActivity}" drawable="shield_tv" />

	<!-- Simple QR -->
	<item component="ComponentInfo{com.tomfong.simpleqr/com.tomfong.simpleqr.MainActivity}" drawable="simple_qr" />

	<!-- Spaceflight Simulator -->
	<item component="ComponentInfo{com.StefMorojna.SpaceflightSimulator/com.unity3d.player.UnityPlayerActivity}" drawable="spaceflight_simulator" />

	<!-- Speedometer -->
	<item component="ComponentInfo{apps.r.speedometer/apps.r.speedometer.StartTheme.Charcoal}" drawable="speedometer" />

	<!-- stats.fm -->
	<item component="ComponentInfo{dev.netlob.spotistats/dev.netlob.spotistats.MainActivity}" drawable="statsfm" />

	<!-- Sticker.ly -->
	<item component="ComponentInfo{com.snowcorp.stickerly.android/com.snowcorp.stickerly.android.LauncherEntryActivity}" drawable="stickerly" />

	<!-- Strava -->
	<item component="ComponentInfo{com.strava/com.strava.SplashActivity}" drawable="strava" />

	<!-- Strumenti elettronici -->
	<item component="ComponentInfo{calculation.world.electronics_calculator/calculation.world.electronics_calculator.Splash}" drawable="strumenti_elettronici" />

	<!-- Suear -->
	<item component="ComponentInfo{com.i4season.bkCamera/com.i4season.bkCamera.uirelated.functionpage.initpage.InitPageActivity}" drawable="suear" />

	<!-- TunnelBear -->
	<item component="ComponentInfo{com.tunnelbear.android/com.tunnelbear.android.mvvmReDesign.NavGraphActivity}" drawable="tunnelbear" />

	<!-- Unica Istruzione -->
	<item component="ComponentInfo{it.istruzione.unica/it.istruzione.unica.MainActivity}" drawable="unica_istruzione" />

	<!-- UniFi Protect -->
	<item component="ComponentInfo{com.ubnt.unifi.protect/com.ubnt.sections.splash.AuthenticationActivity}" drawable="unifi_protect" />

	<!-- Veicolo -->
	<item component="ComponentInfo{it.talimac.veicolo/it.talimac.veicolo.MainActivity}" drawable="veicolo" />

	<!-- Volume Booster GOODEV -->
	<item component="ComponentInfo{com.goodev.volume.booster/com.goodev.volume.booster.SpeakerBoost}" drawable="volume_booster_goodev" />

	<!-- WINDTRE -->
	<item component="ComponentInfo{it.wind.myWind/it.wind.windtre.SplashActivity}" drawable="windtre" />

</resources>