<Theme version="1">

	<!-- 90 Day Challenge -->
	<AppIcon name="nl.browney.nintydayschallenge/nintydayschallenge.MainActivity" image="_90_day_challenge"/>

	<!-- AeroCamera -->
	<AppIcon name="jp.co.roland.aerocaster_remotecamera/jp.co.roland.aerocaster_remotecamera.MainActivity" image="aerocamera"/>

	<!-- AI Life -->
	<AppIcon name="com.huawei.smarthome/com.huawei.smarthome.login.LauncherActivity" image="ai_life"/>

	<!-- AIDA64 -->
	<AppIcon name="com.finalwire.aida64/com.finalwire.aida64.HHMainActivity" image="aida64"/>

	<!-- BurgerKingIT -->
	<AppIcon name="it.burgerking.android/it.burgerking.android.MainActivity" image="burgerkingit"/>

	<!-- ClasseViva Studenti -->
	<AppIcon name="eu.spaggiari.classevivastudente/eu.spaggiari.classeviva.classeviva.MainActivity" image="classeviva_studenti"/>

	<!-- coffee cApp -->
	<AppIcon name="com.yourvoice.ccApp/com.yourvoice.ccApp.MainActivity" image="coffee_capp"/>

	<!-- Disk Usage -->
	<AppIcon name="com.panaustik.memmap/com.panaustik.memmap.activity.MainActivity" image="disk_usage"/>

	<!-- DJI Mimo -->
	<AppIcon name="dji.mimo/dji.mimo.main.DJISplashActivity" image="dji_mimo"/>

	<!-- Flightradar24 -->
	<AppIcon name="com.flightradar24free/com.flightradar24free.feature.splash.view.SplashActivity" image="flightradar24"/>

	<!-- Fortnite -->
	<AppIcon name="com.epicgames.fortnite/com.epicgames.unreal.SplashActivity" image="fortnite"/>

	<!-- GC Auto Clicker -->
	<AppIcon name="com.speed.gc.autoclicker.automatictap/com.speed.gc.autoclicker.automatictap.SplashActivity" image="gc_auto_clicker"/>

	<!-- Goofy Ahh Soundboard -->
	<AppIcon name="com.rdsg.goofymemes/com.rdsg.goofymemes.CustomActivity" image="goofy_ahh_soundboard"/>

	<!-- iliad -->
	<AppIcon name="com.iliad.com/com.iliad.com.ui.SplashActivity" image="iliad"/>

	<!-- Innuos Sense -->
	<AppIcon name="com.innuos.sense/com.innuos.sense.MainActivity" image="innuos_sense"/>

	<!-- Malwarebytes -->
	<AppIcon name="org.malwarebytes.antimalware/org.malwarebytes.antimalware.ui.MainActivity" image="malwarebytes"/>

	<!-- McDonald's -->
	<AppIcon name="com.mcdonalds.mobileapp/com.mcdonalds.mobileapp.redesign.MainActivity" image="mcdonalds"/>

	<!-- Musify -->
	<AppIcon name="com.gokadzev.musify.fdroid/com.ryanheise.audioservice.AudioServiceActivity" image="musify"/>

	<!-- OnelapFit -->
	<AppIcon name="com.onelap.fitness/com.onelap.fitness.activity.riding_splash.splash.SplashActivity" image="onelapfit"/>

	<!-- Pandabuy -->
	<AppIcon name="com.panda.pandabuy/com.panda.pandabuy.MainActivity" image="pandabuy"/>

	<!-- phiola -->
	<AppIcon name="com.github.stsaz.phiola/com.github.stsaz.phiola.MainActivity" image="phiola"/>

	<!-- Photomath -->
	<AppIcon name="com.microblink.photomath/com.microblink.photomath.main.activity.LauncherActivity" image="photomath"/>

	<!-- pkge -->
	<AppIcon name="net.pkge.pkge/net.posylka.posylka.ui.screens.initial.SplashActivity" image="pkge"/>

	<!-- Pokémon GO -->
	<AppIcon name="com.nianticlabs.pokemongo/com.nianticproject.holoholo.libholoholo.unity.UnityMainActivity" image="pokemon_go"/>

	<!-- PosteID -->
	<AppIcon name="posteitaliane.posteapp.appposteid/posteitaliane.posteapp.appposteid.welcome.WelcomeAct" image="posteid"/>

	<!-- Postparty -->
	<AppIcon name="com.lifeonair.postparty/com.lifeonair.postparty.root.MainActivity" image="postparty"/>

	<!-- Prezzi Benzina -->
	<AppIcon name="org.vernazza.androidfuel/it.prezzibenzina.pb3.activities.MainActivity" image="prezzi_benzina"/>

	<!-- Profilo del mento -->
	<AppIcon name="jawline.exercises.slim.face.yoga/jawline.exercises.slim.face.yoga.activity.SplashActivity" image="profilo_del_mento"/>

	<!-- PS Remote Play -->
	<AppIcon name="com.playstation.remoteplay/com.playstation.remoteplay.RpActivityMain" image="ps_remote_play"/>

	<!-- Qobuz -->
	<AppIcon name="com.qobuz.music/com.qobuz.android.mobile.app.refont.screen.launch.LauncherActivity" image="qobuz"/>

	<!-- Remote Desktop -->
	<AppIcon name="com.google.chromeremotedesktop/com.google.remoting.androidwrapper.MainActivity" image="remote_desktop"/>

	<!-- SegnaleRivelatore -->
	<AppIcon name="com.lefan.signal/com.lefan.signal.activity.SplashActivity" image="segnalerivelatore"/>

	<!-- SHIELD TV -->
	<AppIcon name="com.nvidia.shield.remote/com.nvidia.shield.remote.MainActivity" image="shield_tv"/>

	<!-- Simple QR -->
	<AppIcon name="com.tomfong.simpleqr/com.tomfong.simpleqr.MainActivity" image="simple_qr"/>

	<!-- Spaceflight Simulator -->
	<AppIcon name="com.StefMorojna.SpaceflightSimulator/com.unity3d.player.UnityPlayerActivity" image="spaceflight_simulator"/>

	<!-- Speedometer -->
	<AppIcon name="apps.r.speedometer/apps.r.speedometer.StartTheme.Charcoal" image="speedometer"/>

	<!-- stats.fm -->
	<AppIcon name="dev.netlob.spotistats/dev.netlob.spotistats.MainActivity" image="statsfm"/>

	<!-- Sticker.ly -->
	<AppIcon name="com.snowcorp.stickerly.android/com.snowcorp.stickerly.android.LauncherEntryActivity" image="stickerly"/>

	<!-- Strava -->
	<AppIcon name="com.strava/com.strava.SplashActivity" image="strava"/>

	<!-- Strumenti elettronici -->
	<AppIcon name="calculation.world.electronics_calculator/calculation.world.electronics_calculator.Splash" image="strumenti_elettronici"/>

	<!-- Suear -->
	<AppIcon name="com.i4season.bkCamera/com.i4season.bkCamera.uirelated.functionpage.initpage.InitPageActivity" image="suear"/>

	<!-- TunnelBear -->
	<AppIcon name="com.tunnelbear.android/com.tunnelbear.android.mvvmReDesign.NavGraphActivity" image="tunnelbear"/>

	<!-- Unica Istruzione -->
	<AppIcon name="it.istruzione.unica/it.istruzione.unica.MainActivity" image="unica_istruzione"/>

	<!-- UniFi Protect -->
	<AppIcon name="com.ubnt.unifi.protect/com.ubnt.sections.splash.AuthenticationActivity" image="unifi_protect"/>

	<!-- Veicolo -->
	<AppIcon name="it.talimac.veicolo/it.talimac.veicolo.MainActivity" image="veicolo"/>

	<!-- Volume Booster GOODEV -->
	<AppIcon name="com.goodev.volume.booster/com.goodev.volume.booster.SpeakerBoost" image="volume_booster_goodev"/>

	<!-- WINDTRE -->
	<AppIcon name="it.wind.myWind/it.wind.windtre.SplashActivity" image="windtre"/>

</Theme>