<resources>

	<!-- 7Z -->
	<item component="ComponentInfo{com.sociosoft.unzip/com.sociosoft.unzip.MainActivity}" drawable="_7z" />

	<!-- Airplay TV -->
	<item component="ComponentInfo{com.screen.mirroring.airplay.streamtotv/com.screen.mirroring.airplay.streamtotv.SplashActivity}" drawable="airplay_tv" />

	<!-- Ampere -->
	<item component="ComponentInfo{com.gombosdev.ampere/com.gombosdev.ampere.MainActivity}" drawable="ampere" />

	<!-- Arlo Secure -->
	<item component="ComponentInfo{com.arlo.app/com.arlo.app.main.MainActivity}" drawable="arlo_secure" />

	<!-- Bass Boost -->
	<item component="ComponentInfo{audio.sound.effect.bass.virtrualizer.equalizer.pay/net.coocent.eq.bassbooster.LauncherActivity}" drawable="bass_boost" />

	<!-- BLEDIM -->
	<item component="ComponentInfo{com.forwell.bledim/com.forwell.bledim.Activity2}" drawable="bledim" />

	<!-- Blink -->
	<item component="ComponentInfo{com.blinkhealth.blinkandroid/com.blinkhealth.blinkandroid.StartActivity}" drawable="blink" />

	<!-- Blood Strike -->
	<item component="ComponentInfo{com.netease.newspike/com.netease.game.MessiahNativeActivity}" drawable="blood_strike" />

	<!-- Booster+ -->
	<item component="ComponentInfo{com.g19mobile.gameboosterplus/com.g19mobile.gameboosterplus.SplashActivity}" drawable="booster_" />

	<!-- Call of Duty -->
	<item component="ComponentInfo{com.activision.callofduty.shooter/com.tencent.tmgp.cod.CODMPrivatePermissionActivity}" drawable="call_of_duty" />

	<!-- Camera -->
	<item component="ComponentInfo{com.wingos.wingcamera/com.wingos.wingcamera.Camera}" drawable="camera" />

	<!-- Camera -->
	<item component="ComponentInfo{beauty.hd.camera/beauty.hd.camera.MainActivity}" drawable="camera" />

	<!-- Castify -->
	<item component="ComponentInfo{com.castify/com.linkcaster.activities.MainActivity}" drawable="castify" />

	<!-- Cleanfox -->
	<item component="ComponentInfo{io.cleanfox.android/io.cleanfox.android.view.splashscreen.SplashScreenActivity}" drawable="cleanfox" />

	<!-- craigslist -->
	<item component="ComponentInfo{org.craigslist.CraigslistMobile/org.craigslist.CraigslistMobile.MainActivity}" drawable="craigslist" />

	<!-- Credit Sesame -->
	<item component="ComponentInfo{com.creditsesame/com.creditsesame.ui.activities.StartActivity}" drawable="credit_sesame" />

	<!-- Cync -->
	<item component="ComponentInfo{com.ge.cbyge/com.savantsystems.oneapp.MainActivity}" drawable="cync" />

	<!-- Cyrus -->
	<item component="ComponentInfo{com.cyrussecurity.cyrus/com.cyrus.cyrusmobileapp.MainActivity}" drawable="cyrus" />

	<!-- Dolby On -->
	<item component="ComponentInfo{com.dolby.dolby234/com.dolby.sessions.Launcher}" drawable="dolby_on" />

	<!-- Easy Voice Recorder Pro -->
	<item component="ComponentInfo{com.digipom.easyvoicerecorder.pro/com.digipom.easyvoicerecorder.ui.activity.EasyVoiceRecorderActivity}" drawable="easy_voice_recorder_pro" />

	<!-- ExtremeGolf -->
	<item component="ComponentInfo{com.haegin.extremegolf/com.google.firebase.MessagingUnityPlayerActivity}" drawable="extremegolf" />

	<!-- Fetch -->
	<item component="ComponentInfo{com.fetchrewards.fetchrewards.hop/com.fetchrewards.fetchrewards.splash.activities.SplashActivity}" drawable="fetch" />

	<!-- Gallery -->
	<item component="ComponentInfo{com.eagle.gallery.photos.videos.album.hd.gallery.editor/com.eagle.gallery.pro.activities.MainActivity}" drawable="gallery" />

	<!-- Game Pass -->
	<item component="ComponentInfo{com.gamepass/com.gamepass.MainActivity}" drawable="game_pass" />

	<!-- geeni -->
	<item component="ComponentInfo{com.merkuryinnovations.geeni/com.smart.ThingSplashActivity}" drawable="geeni" />

	<!-- Golf Clash -->
	<item component="ComponentInfo{com.playdemic.golf.android/com.playdemic.golf.android.Golf}" drawable="golf_clash" />

	<!-- Golf Impact -->
	<item component="ComponentInfo{com.neowiz.game.golflegends/com.unity3d.player.UnityPlayerActivity}" drawable="golf_impact" />

	<!-- Golf Master -->
	<item component="ComponentInfo{com.sm.golfmaster/com.sm.golfmaster.MainActivity}" drawable="golf_master" />

	<!-- Golf Open Cup -->
	<item component="ComponentInfo{sk.inlogic.golfOpenCup/com.google.firebase.MessagingUnityPlayerActivity}" drawable="golf_open_cup" />

	<!-- Golf Titans -->
	<item component="ComponentInfo{com.playshore.template/com.unity3d.player.UnityPlayerActivity}" drawable="golf_titans" />

	<!-- Hearing Assist -->
	<item component="ComponentInfo{com.chkin.hearing/com.chkin.hearing.ui.splash.SplashActivity}" drawable="hearing_assist" />

	<!-- Hifi-Apps Subwoofer Optimizer -->
	<item component="ComponentInfo{com.hifi_apps.lt_delay/com.hifi_apps.hifiapps.MainActivity}" drawable="hifi_apps_subwoofer_optimizer" />

	<!-- Installer Helper -->
	<item component="ComponentInfo{salem.apkfree.applicationssalem/salem.apkfree.applicationssalem.SplashActivity}" drawable="installer_helper" />

	<!-- McAfee Security -->
	<item component="ComponentInfo{com.wsandroid.suite.metropcs/com.android.mcafee.ui.framework.BaseActivity}" drawable="mcafee_security" />

	<!-- Merkury Smart -->
	<item component="ComponentInfo{com.merkury.geeni/com.google.android.archive.ReactivateActivity}" drawable="merkury_smart" />

	<!-- MetroPlay -->
	<item component="ComponentInfo{com.metro.minus1/com.metro.minus1.ui.main.MainActivity}" drawable="metroplay" />

	<!-- metroZone -->
	<item component="ComponentInfo{com.metropcs.metrozone/com.ironsource.aura.news.presentation.splash_activity.SplashActivity}" drawable="metrozone" />

	<!-- Microphone -->
	<item component="ComponentInfo{com.grace.microphone/com.grace.microphone.activities.MicActivity}" drawable="microphone" />

	<!-- Microphone Amplifier -->
	<item component="ComponentInfo{microphoneamplifier.reducebackgroundnoise.microphonebooster/microphoneamplifier.reducebackgroundnoise.microphonebooster.ui.activity.MAAppStartActivity}" drawable="microphone_amplifier" />

	<!-- Miracle Golf -->
	<item component="ComponentInfo{com.malang.store.miraclegolf/com.unity3d.player.UnityPlayerActivity}" drawable="miracle_golf" />

	<!-- Mirror for Hisense TV -->
	<item component="ComponentInfo{com.airbeamtv.hisense/com.airbeamtv.app.ui.splash.SplashScreen}" drawable="mirror_for_hisense_tv" />

	<!-- MoneyCard -->
	<item component="ComponentInfo{com.greendot.walmart.prepaid/com.greendotcorp.core.activity.AntiSpoofingActivity}" drawable="moneycard" />

	<!-- My Equalizer -->
	<item component="ComponentInfo{io.githab.kushiheim.myequalizer/io.githab.kushiheim.myequalizer.RoutingActivity}" drawable="my_equalizer" />

	<!-- MyRecorder -->
	<item component="ComponentInfo{myrecorder.voicerecorder.voicememos.audiorecorder.recordingapp/com.myviocerecorder.voicerecorder.ui.activities.SplashActivity}" drawable="myrecorder" />

	<!-- Pandora -->
	<item component="ComponentInfo{com.pandora.android/com.pandora.android.LauncherActivity}" drawable="pandora" />

	<!-- PGA TOUR -->
	<item component="ComponentInfo{com.concretesoftware.golf/com.concretesoftware.unityjavabridge.UnityPlayerNativeActivity}" drawable="pga_tour" />

	<!-- PowerSchool -->
	<item component="ComponentInfo{com.powerschool.portal/com.pearson.powerschool.android.portal.PortalActivity}" drawable="powerschool" />

	<!-- Rar Extractor - Zip Extractor -->
	<item component="ComponentInfo{vn.cgl.rar.zip.rarextractor.zipextractor.zipfile/co.tttech.zip.presentation.ui.splash.SplashActivity}" drawable="rar_extractor_zip_extractor" />

	<!-- Roku Cast : All cast -->
	<item component="ComponentInfo{com.novaglobal.cast.webvideo/com.movies.adsforcast.movix.NovaSplashActivity}" drawable="roku_cast_all_cast" />

	<!-- Roku Screen Mirroring + Cast -->
	<item component="ComponentInfo{com.airbeamtv.roku/com.airbeamtv.app.ui.splash.SplashScreen}" drawable="roku_screen_mirroring_cast" />

	<!-- SchoolStatus Connect -->
	<item component="ComponentInfo{com.classtag/crc643958bb6ca77be019.SplashActivity}" drawable="schoolstatus_connect" />

	<!-- Screen Mirroring -->
	<item component="ComponentInfo{screen.mirroring.smart.tv/com.tvcast.screenmirroring.MainActivity}" drawable="screen_mirroring" />

	<!-- Send Files To TV -->
	<item component="ComponentInfo{com.yablio.sendfilestotv/com.yablio.sendfilestotv.ui.MainActivity}" drawable="send_files_to_tv" />

	<!-- Sound Amplifier -->
	<item component="ComponentInfo{com.google.android.accessibility.soundamplifier/com.google.android.accessibility.soundamplifier.ui.SoundAmplifierSettingActivity}" drawable="sound_amplifier" />

	<!-- SpinUp -->
	<item component="ComponentInfo{com.frack.soundenhancer/com.frack.SoundEnhancer.SplashActivity}" drawable="spinup" />

	<!-- SportsEngine -->
	<item component="ComponentInfo{com.sportngin.android/com.sportngin.android.app.launch.WelcomeActivity}" drawable="sportsengine" />

	<!-- SpotEQ31 -->
	<item component="ComponentInfo{com.leanderoid.spoteq_15equalizerbands/com.leanderoid.spoteq_15equalizerbands.SetupEqActivity}" drawable="spoteq31" />

	<!-- SYLVANIA Smart Home -->
	<item component="ComponentInfo{com.ledvance.smartplus/com.ledvance.smartplus.presentation.refactor_view.onboarding.OnBoardingActivity}" drawable="sylvania_smart_home" />

	<!-- Visual Voicemail -->
	<item component="ComponentInfo{com.metropcs.service.vvm/com.tmobile.vvm.application.activity.setup.WelcomeActivity}" drawable="visual_voicemail" />

	<!-- WoT Blitz -->
	<item component="ComponentInfo{net.wargaming.wot.blitz/com.dava.engine.DavaActivity}" drawable="wot_blitz" />

	<!-- Wrist Camera -->
	<item component="ComponentInfo{com.kemasdimas.wristcamera/com.kemasdimas.samsungaccesories.ui.MainActivity}" drawable="wrist_camera" />

	<!-- XAPK Installer -->
	<item component="ComponentInfo{com.wuliang.xapkinstaller/com.wuliang.xapkinstaller.SplashActivity}" drawable="xapk_installer" />

	<!-- Xfinity -->
	<item component="ComponentInfo{com.xfinity.digitalhome/com.xfinity.digitalhome.features.launch.splash.SplashActivity}" drawable="xfinity" />

	<!-- YT TV -->
	<item component="ComponentInfo{com.google.android.apps.youtube.unplugged/com.google.android.apps.youtube.unplugged.startup.activity.SplashActivity}" drawable="yt_tv" />

</resources>