<Theme version="1">

	<!-- 7Z -->
	<AppIcon name="com.sociosoft.unzip/com.sociosoft.unzip.MainActivity" image="_7z"/>

	<!-- Airplay TV -->
	<AppIcon name="com.screen.mirroring.airplay.streamtotv/com.screen.mirroring.airplay.streamtotv.SplashActivity" image="airplay_tv"/>

	<!-- Ampere -->
	<AppIcon name="com.gombosdev.ampere/com.gombosdev.ampere.MainActivity" image="ampere"/>

	<!-- Arlo Secure -->
	<AppIcon name="com.arlo.app/com.arlo.app.main.MainActivity" image="arlo_secure"/>

	<!-- Bass Boost -->
	<AppIcon name="audio.sound.effect.bass.virtrualizer.equalizer.pay/net.coocent.eq.bassbooster.LauncherActivity" image="bass_boost"/>

	<!-- BLEDIM -->
	<AppIcon name="com.forwell.bledim/com.forwell.bledim.Activity2" image="bledim"/>

	<!-- Blink -->
	<AppIcon name="com.blinkhealth.blinkandroid/com.blinkhealth.blinkandroid.StartActivity" image="blink"/>

	<!-- Blood Strike -->
	<AppIcon name="com.netease.newspike/com.netease.game.MessiahNativeActivity" image="blood_strike"/>

	<!-- Booster+ -->
	<AppIcon name="com.g19mobile.gameboosterplus/com.g19mobile.gameboosterplus.SplashActivity" image="booster_"/>

	<!-- Call of Duty -->
	<AppIcon name="com.activision.callofduty.shooter/com.tencent.tmgp.cod.CODMPrivatePermissionActivity" image="call_of_duty"/>

	<!-- Camera -->
	<AppIcon name="com.wingos.wingcamera/com.wingos.wingcamera.Camera" image="camera"/>

	<!-- Camera -->
	<AppIcon name="beauty.hd.camera/beauty.hd.camera.MainActivity" image="camera"/>

	<!-- Castify -->
	<AppIcon name="com.castify/com.linkcaster.activities.MainActivity" image="castify"/>

	<!-- Cleanfox -->
	<AppIcon name="io.cleanfox.android/io.cleanfox.android.view.splashscreen.SplashScreenActivity" image="cleanfox"/>

	<!-- craigslist -->
	<AppIcon name="org.craigslist.CraigslistMobile/org.craigslist.CraigslistMobile.MainActivity" image="craigslist"/>

	<!-- Credit Sesame -->
	<AppIcon name="com.creditsesame/com.creditsesame.ui.activities.StartActivity" image="credit_sesame"/>

	<!-- Cync -->
	<AppIcon name="com.ge.cbyge/com.savantsystems.oneapp.MainActivity" image="cync"/>

	<!-- Cyrus -->
	<AppIcon name="com.cyrussecurity.cyrus/com.cyrus.cyrusmobileapp.MainActivity" image="cyrus"/>

	<!-- Dolby On -->
	<AppIcon name="com.dolby.dolby234/com.dolby.sessions.Launcher" image="dolby_on"/>

	<!-- Easy Voice Recorder Pro -->
	<AppIcon name="com.digipom.easyvoicerecorder.pro/com.digipom.easyvoicerecorder.ui.activity.EasyVoiceRecorderActivity" image="easy_voice_recorder_pro"/>

	<!-- ExtremeGolf -->
	<AppIcon name="com.haegin.extremegolf/com.google.firebase.MessagingUnityPlayerActivity" image="extremegolf"/>

	<!-- Fetch -->
	<AppIcon name="com.fetchrewards.fetchrewards.hop/com.fetchrewards.fetchrewards.splash.activities.SplashActivity" image="fetch"/>

	<!-- Gallery -->
	<AppIcon name="com.eagle.gallery.photos.videos.album.hd.gallery.editor/com.eagle.gallery.pro.activities.MainActivity" image="gallery"/>

	<!-- Game Pass -->
	<AppIcon name="com.gamepass/com.gamepass.MainActivity" image="game_pass"/>

	<!-- geeni -->
	<AppIcon name="com.merkuryinnovations.geeni/com.smart.ThingSplashActivity" image="geeni"/>

	<!-- Golf Clash -->
	<AppIcon name="com.playdemic.golf.android/com.playdemic.golf.android.Golf" image="golf_clash"/>

	<!-- Golf Impact -->
	<AppIcon name="com.neowiz.game.golflegends/com.unity3d.player.UnityPlayerActivity" image="golf_impact"/>

	<!-- Golf Master -->
	<AppIcon name="com.sm.golfmaster/com.sm.golfmaster.MainActivity" image="golf_master"/>

	<!-- Golf Open Cup -->
	<AppIcon name="sk.inlogic.golfOpenCup/com.google.firebase.MessagingUnityPlayerActivity" image="golf_open_cup"/>

	<!-- Golf Titans -->
	<AppIcon name="com.playshore.template/com.unity3d.player.UnityPlayerActivity" image="golf_titans"/>

	<!-- Hearing Assist -->
	<AppIcon name="com.chkin.hearing/com.chkin.hearing.ui.splash.SplashActivity" image="hearing_assist"/>

	<!-- Hifi-Apps Subwoofer Optimizer -->
	<AppIcon name="com.hifi_apps.lt_delay/com.hifi_apps.hifiapps.MainActivity" image="hifi_apps_subwoofer_optimizer"/>

	<!-- Installer Helper -->
	<AppIcon name="salem.apkfree.applicationssalem/salem.apkfree.applicationssalem.SplashActivity" image="installer_helper"/>

	<!-- McAfee Security -->
	<AppIcon name="com.wsandroid.suite.metropcs/com.android.mcafee.ui.framework.BaseActivity" image="mcafee_security"/>

	<!-- Merkury Smart -->
	<AppIcon name="com.merkury.geeni/com.google.android.archive.ReactivateActivity" image="merkury_smart"/>

	<!-- MetroPlay -->
	<AppIcon name="com.metro.minus1/com.metro.minus1.ui.main.MainActivity" image="metroplay"/>

	<!-- metroZone -->
	<AppIcon name="com.metropcs.metrozone/com.ironsource.aura.news.presentation.splash_activity.SplashActivity" image="metrozone"/>

	<!-- Microphone -->
	<AppIcon name="com.grace.microphone/com.grace.microphone.activities.MicActivity" image="microphone"/>

	<!-- Microphone Amplifier -->
	<AppIcon name="microphoneamplifier.reducebackgroundnoise.microphonebooster/microphoneamplifier.reducebackgroundnoise.microphonebooster.ui.activity.MAAppStartActivity" image="microphone_amplifier"/>

	<!-- Miracle Golf -->
	<AppIcon name="com.malang.store.miraclegolf/com.unity3d.player.UnityPlayerActivity" image="miracle_golf"/>

	<!-- Mirror for Hisense TV -->
	<AppIcon name="com.airbeamtv.hisense/com.airbeamtv.app.ui.splash.SplashScreen" image="mirror_for_hisense_tv"/>

	<!-- MoneyCard -->
	<AppIcon name="com.greendot.walmart.prepaid/com.greendotcorp.core.activity.AntiSpoofingActivity" image="moneycard"/>

	<!-- My Equalizer -->
	<AppIcon name="io.githab.kushiheim.myequalizer/io.githab.kushiheim.myequalizer.RoutingActivity" image="my_equalizer"/>

	<!-- MyRecorder -->
	<AppIcon name="myrecorder.voicerecorder.voicememos.audiorecorder.recordingapp/com.myviocerecorder.voicerecorder.ui.activities.SplashActivity" image="myrecorder"/>

	<!-- Pandora -->
	<AppIcon name="com.pandora.android/com.pandora.android.LauncherActivity" image="pandora"/>

	<!-- PGA TOUR -->
	<AppIcon name="com.concretesoftware.golf/com.concretesoftware.unityjavabridge.UnityPlayerNativeActivity" image="pga_tour"/>

	<!-- PowerSchool -->
	<AppIcon name="com.powerschool.portal/com.pearson.powerschool.android.portal.PortalActivity" image="powerschool"/>

	<!-- Rar Extractor - Zip Extractor -->
	<AppIcon name="vn.cgl.rar.zip.rarextractor.zipextractor.zipfile/co.tttech.zip.presentation.ui.splash.SplashActivity" image="rar_extractor_zip_extractor"/>

	<!-- Roku Cast : All cast -->
	<AppIcon name="com.novaglobal.cast.webvideo/com.movies.adsforcast.movix.NovaSplashActivity" image="roku_cast_all_cast"/>

	<!-- Roku Screen Mirroring + Cast -->
	<AppIcon name="com.airbeamtv.roku/com.airbeamtv.app.ui.splash.SplashScreen" image="roku_screen_mirroring_cast"/>

	<!-- SchoolStatus Connect -->
	<AppIcon name="com.classtag/crc643958bb6ca77be019.SplashActivity" image="schoolstatus_connect"/>

	<!-- Screen Mirroring -->
	<AppIcon name="screen.mirroring.smart.tv/com.tvcast.screenmirroring.MainActivity" image="screen_mirroring"/>

	<!-- Send Files To TV -->
	<AppIcon name="com.yablio.sendfilestotv/com.yablio.sendfilestotv.ui.MainActivity" image="send_files_to_tv"/>

	<!-- Sound Amplifier -->
	<AppIcon name="com.google.android.accessibility.soundamplifier/com.google.android.accessibility.soundamplifier.ui.SoundAmplifierSettingActivity" image="sound_amplifier"/>

	<!-- SpinUp -->
	<AppIcon name="com.frack.soundenhancer/com.frack.SoundEnhancer.SplashActivity" image="spinup"/>

	<!-- SportsEngine -->
	<AppIcon name="com.sportngin.android/com.sportngin.android.app.launch.WelcomeActivity" image="sportsengine"/>

	<!-- SpotEQ31 -->
	<AppIcon name="com.leanderoid.spoteq_15equalizerbands/com.leanderoid.spoteq_15equalizerbands.SetupEqActivity" image="spoteq31"/>

	<!-- SYLVANIA Smart Home -->
	<AppIcon name="com.ledvance.smartplus/com.ledvance.smartplus.presentation.refactor_view.onboarding.OnBoardingActivity" image="sylvania_smart_home"/>

	<!-- Visual Voicemail -->
	<AppIcon name="com.metropcs.service.vvm/com.tmobile.vvm.application.activity.setup.WelcomeActivity" image="visual_voicemail"/>

	<!-- WoT Blitz -->
	<AppIcon name="net.wargaming.wot.blitz/com.dava.engine.DavaActivity" image="wot_blitz"/>

	<!-- Wrist Camera -->
	<AppIcon name="com.kemasdimas.wristcamera/com.kemasdimas.samsungaccesories.ui.MainActivity" image="wrist_camera"/>

	<!-- XAPK Installer -->
	<AppIcon name="com.wuliang.xapkinstaller/com.wuliang.xapkinstaller.SplashActivity" image="xapk_installer"/>

	<!-- Xfinity -->
	<AppIcon name="com.xfinity.digitalhome/com.xfinity.digitalhome.features.launch.splash.SplashActivity" image="xfinity"/>

	<!-- YT TV -->
	<AppIcon name="com.google.android.apps.youtube.unplugged/com.google.android.apps.youtube.unplugged.startup.activity.SplashActivity" image="yt_tv"/>

</Theme>