<resources>

	<!-- AZFCU -->
	<item component="ComponentInfo{com.ifs.banking.fiid3337/com.banking.bankinglibrary.activities.SplashActivity}" drawable="azfcu" />

	<!-- Cozi -->
	<item component="ComponentInfo{com.cozi.androidfree/com.cozi.android.activity.DispatcherActivity}" drawable="cozi" />

	<!-- File Manager -->
	<item component="ComponentInfo{org.fossify.filemanager/org.fossify.filemanager.activities.SplashActivity.Green}" drawable="file_manager" />

	<!-- FreeOTP -->
	<item component="ComponentInfo{org.fedorahosted.freeotp/org.fedorahosted.freeotp.PasswordActivity}" drawable="freeotp" />

	<!-- Molly -->
	<item component="ComponentInfo{im.molly.app.unifiedpush/org.thoughtcrime.securesms.RoutingActivity}" drawable="molly" />

	<!-- Mullvad VPN -->
	<item component="ComponentInfo{net.mullvad.mullvadvpn/net.mullvad.mullvadvpn.ui.MainActivity}" drawable="mullvad_vpn" />

	<!-- ntfy -->
	<item component="ComponentInfo{io.heckel.ntfy/io.heckel.ntfy.ui.MainActivity}" drawable="ntfy" />

	<!-- PipePipe -->
	<item component="ComponentInfo{InfinityLoop1309.NewPipeEnhanced/org.schabi.newpipe.MainActivity}" drawable="pipepipe" />

	<!-- Trello -->
	<item component="ComponentInfo{com.trello/com.trello.home.HomeActivity}" drawable="trello" />

	<!-- Veggly -->
	<item component="ComponentInfo{com.veggly/com.veggly.MainActivity}" drawable="veggly" />

</resources>