<appmap>

	<!-- AZFCU -->
	<item class="com.banking.bankinglibrary.activities.SplashActivity" name="azfcu"/>

	<!-- Cozi -->
	<item class="com.cozi.android.activity.DispatcherActivity" name="cozi"/>

	<!-- File Manager -->
	<item class="org.fossify.filemanager.activities.SplashActivity.Green" name="file_manager"/>

	<!-- FreeOTP -->
	<item class="org.fedorahosted.freeotp.PasswordActivity" name="freeotp"/>

	<!-- Molly -->
	<item class="org.thoughtcrime.securesms.RoutingActivity" name="molly"/>

	<!-- Mullvad VPN -->
	<item class="net.mullvad.mullvadvpn.ui.MainActivity" name="mullvad_vpn"/>

	<!-- ntfy -->
	<item class="io.heckel.ntfy.ui.MainActivity" name="ntfy"/>

	<!-- PipePipe -->
	<item class="org.schabi.newpipe.MainActivity" name="pipepipe"/>

	<!-- Trello -->
	<item class="com.trello.home.HomeActivity" name="trello"/>

	<!-- Veggly -->
	<item class="com.veggly.MainActivity" name="veggly"/>

</appmap>