<Theme version="1">

	<!-- AZFCU -->
	<AppIcon name="com.ifs.banking.fiid3337/com.banking.bankinglibrary.activities.SplashActivity" image="azfcu"/>

	<!-- Cozi -->
	<AppIcon name="com.cozi.androidfree/com.cozi.android.activity.DispatcherActivity" image="cozi"/>

	<!-- File Manager -->
	<AppIcon name="org.fossify.filemanager/org.fossify.filemanager.activities.SplashActivity.Green" image="file_manager"/>

	<!-- FreeOTP -->
	<AppIcon name="org.fedorahosted.freeotp/org.fedorahosted.freeotp.PasswordActivity" image="freeotp"/>

	<!-- Molly -->
	<AppIcon name="im.molly.app.unifiedpush/org.thoughtcrime.securesms.RoutingActivity" image="molly"/>

	<!-- Mullvad VPN -->
	<AppIcon name="net.mullvad.mullvadvpn/net.mullvad.mullvadvpn.ui.MainActivity" image="mullvad_vpn"/>

	<!-- ntfy -->
	<AppIcon name="io.heckel.ntfy/io.heckel.ntfy.ui.MainActivity" image="ntfy"/>

	<!-- PipePipe -->
	<AppIcon name="InfinityLoop1309.NewPipeEnhanced/org.schabi.newpipe.MainActivity" image="pipepipe"/>

	<!-- Trello -->
	<AppIcon name="com.trello/com.trello.home.HomeActivity" image="trello"/>

	<!-- Veggly -->
	<AppIcon name="com.veggly/com.veggly.MainActivity" image="veggly"/>

</Theme>