<resources>

	<!-- 3D Modeling App -->
	<item component="ComponentInfo{com.inforcegames.app3dmodelling/com.unity3d.player.UnityPlayerActivity}" drawable="_3d_modeling_app" />

	<!-- Галерея -->
	<item component="ComponentInfo{com.miui.gallery/com.miui.gallery.activity.HomePageActivity}" drawable="галерея" />

	<!-- Лента виджетов -->
	<item component="ComponentInfo{com.mi.globalminusscreen/com.mi.globalminusscreen.MainActivity}" drawable="лента_виджетов" />

	<!-- Простой калькулятор -->
	<item component="ComponentInfo{com.bng.calculator/com.bng.calc.MainActivity}" drawable="простои_калькулятор" />

	<!-- Службы и обратная связь -->
	<item component="ComponentInfo{com.miui.miservice/com.miui.miservice.main.MainActivity}" drawable="службы_и_обратная_связь" />

	<!-- Сообщения -->
	<item component="ComponentInfo{com.android.mms/com.android.mms.ui.MmsTabActivity}" drawable="сообщения" />

	<!-- Телефон -->
	<item component="ComponentInfo{com.android.contacts/com.android.contacts.activities.TwelveKeyDialer}" drawable="телефон" />

	<!-- Темы -->
	<item component="ComponentInfo{com.android.thememanager/com.android.thememanager.ThemeResourceTabActivity}" drawable="темы" />

	<!-- Тинькофф -->
	<item component="ComponentInfo{com.idamob.tinkoff.android/ru.tinkoff.mb.feature.splash.bank.ui.presentation.BankSplashActivity}" drawable="тинькофф" />

	<!-- Цифровое благополучие -->
	<item component="ComponentInfo{com.google.android.apps.wellbeing/com.google.android.apps.wellbeing.settings.LauncherActivity}" drawable="цифровое_благополучие" />

	<!-- Часы -->
	<item component="ComponentInfo{com.android.deskclock/com.android.deskclock.DeskClockTabActivity}" drawable="часы" />

	<!-- AI Morph -->
	<item component="ComponentInfo{photoeditor.aiart.animefilter.snapai/snap.ai.aiart.activity.SplashActivity}" drawable="ai_morph" />

	<!-- Anti Spy -->
	<item component="ComponentInfo{com.protectstar.antispy.android/com.protectstar.antispy.activity.ActivityFirstlaunch}" drawable="anti_spy" />

	<!-- Cake Wallet -->
	<item component="ComponentInfo{com.cakewallet.cake_wallet/com.cakewallet.cake_wallet.MainActivity}" drawable="cake_wallet" />

	<!-- Cymera -->
	<item component="ComponentInfo{com.cyworld.camera/com.cyworld.cymera.CameraMain}" drawable="cymera" />

	<!-- Datawipe -->
	<item component="ComponentInfo{com.safetyjabber.datawipe/com.safetyjabber.datawipe.activities.MainActivity}" drawable="datawipe" />

	<!-- FM-радио -->
	<item component="ComponentInfo{com.miui.fm/com.miui.fmradio.FmRadioActivity}" drawable="fm_радио" />

	<!-- KryptEY -->
	<item component="ComponentInfo{com.amnesica.kryptey/com.amnesica.kryptey.inputmethod.latin.settings.SettingsActivity}" drawable="kryptey" />

	<!-- Leto Fonts -->
	<item component="ComponentInfo{com.alexyndrik.leto/com.alexyndrik.leto.ui.WelcomeScreenActivity}" drawable="leto_fonts" />

	<!-- Mirror Lab -->
	<item component="ComponentInfo{com.ilixa.mirror/com.ilixa.mirror.MirrorActivity}" drawable="mirror_lab" />

	<!-- OONI Probe -->
	<item component="ComponentInfo{org.openobservatory.ooniprobe/org.openobservatory.ooniprobe.activity.MainActivity}" drawable="ooni_probe" />

	<!-- Outline -->
	<item component="ComponentInfo{org.outline.android.client/org.outline.android.client.MainActivity}" drawable="outline" />

	<!-- Phonto -->
	<item component="ComponentInfo{com.youthhr.phonto/com.youthhr.phonto.PhontoActivity}" drawable="phonto" />

	<!-- Photo On Photo -->
	<item component="ComponentInfo{com.doionline.photoonphoto/com.doionline.photoonphoto.MainActivity}" drawable="photo_on_photo" />

	<!-- Planner 5D -->
	<item component="ComponentInfo{com.planner5d.planner5d/com.planner5d.library.activity.Main}" drawable="planner_5d" />

	<!-- RuStore -->
	<item component="ComponentInfo{ru.vk.store/ru.vk.store.app.MainActivity}" drawable="rustore" />

	<!-- Solo Launcher -->
	<item component="ComponentInfo{home.solo.launcher.free/home.solo.launcher.free.SplashActivity}" drawable="solo_launcher" />

	<!-- SpotLens -->
	<item component="ComponentInfo{com.gps.survey.cam/com.gps.survey.cam.ui.activity.MainActivity}" drawable="spotlens" />

	<!-- Trust Wallet -->
	<item component="ComponentInfo{com.wallet.crypto.trustapp/com.wallet.crypto.trustapp.ui.app.AppActivity}" drawable="trust_wallet" />

	<!-- Win-X Launcher (без рекламы) -->
	<item component="ComponentInfo{com.InternityLabs.Launcher.WinX/crc64b49898e1315006a0.MainActivity}" drawable="win_x_launcher_без_рекламы_" />

</resources>