<appmap>

	<!-- 3D Modeling App -->
	<item class="com.unity3d.player.UnityPlayerActivity" name="_3d_modeling_app"/>

	<!-- Галерея -->
	<item class="com.miui.gallery.activity.HomePageActivity" name="галерея"/>

	<!-- Лента виджетов -->
	<item class="com.mi.globalminusscreen.MainActivity" name="лента_виджетов"/>

	<!-- Простой калькулятор -->
	<item class="com.bng.calc.MainActivity" name="простои_калькулятор"/>

	<!-- Службы и обратная связь -->
	<item class="com.miui.miservice.main.MainActivity" name="службы_и_обратная_связь"/>

	<!-- Сообщения -->
	<item class="com.android.mms.ui.MmsTabActivity" name="сообщения"/>

	<!-- Телефон -->
	<item class="com.android.contacts.activities.TwelveKeyDialer" name="телефон"/>

	<!-- Темы -->
	<item class="com.android.thememanager.ThemeResourceTabActivity" name="темы"/>

	<!-- Тинькофф -->
	<item class="ru.tinkoff.mb.feature.splash.bank.ui.presentation.BankSplashActivity" name="тинькофф"/>

	<!-- Цифровое благополучие -->
	<item class="com.google.android.apps.wellbeing.settings.LauncherActivity" name="цифровое_благополучие"/>

	<!-- Часы -->
	<item class="com.android.deskclock.DeskClockTabActivity" name="часы"/>

	<!-- AI Morph -->
	<item class="snap.ai.aiart.activity.SplashActivity" name="ai_morph"/>

	<!-- Anti Spy -->
	<item class="com.protectstar.antispy.activity.ActivityFirstlaunch" name="anti_spy"/>

	<!-- Cake Wallet -->
	<item class="com.cakewallet.cake_wallet.MainActivity" name="cake_wallet"/>

	<!-- Cymera -->
	<item class="com.cyworld.cymera.CameraMain" name="cymera"/>

	<!-- Datawipe -->
	<item class="com.safetyjabber.datawipe.activities.MainActivity" name="datawipe"/>

	<!-- FM-радио -->
	<item class="com.miui.fmradio.FmRadioActivity" name="fm_радио"/>

	<!-- KryptEY -->
	<item class="com.amnesica.kryptey.inputmethod.latin.settings.SettingsActivity" name="kryptey"/>

	<!-- Leto Fonts -->
	<item class="com.alexyndrik.leto.ui.WelcomeScreenActivity" name="leto_fonts"/>

	<!-- Mirror Lab -->
	<item class="com.ilixa.mirror.MirrorActivity" name="mirror_lab"/>

	<!-- OONI Probe -->
	<item class="org.openobservatory.ooniprobe.activity.MainActivity" name="ooni_probe"/>

	<!-- Outline -->
	<item class="org.outline.android.client.MainActivity" name="outline"/>

	<!-- Phonto -->
	<item class="com.youthhr.phonto.PhontoActivity" name="phonto"/>

	<!-- Photo On Photo -->
	<item class="com.doionline.photoonphoto.MainActivity" name="photo_on_photo"/>

	<!-- Planner 5D -->
	<item class="com.planner5d.library.activity.Main" name="planner_5d"/>

	<!-- RuStore -->
	<item class="ru.vk.store.app.MainActivity" name="rustore"/>

	<!-- Solo Launcher -->
	<item class="home.solo.launcher.free.SplashActivity" name="solo_launcher"/>

	<!-- SpotLens -->
	<item class="com.gps.survey.cam.ui.activity.MainActivity" name="spotlens"/>

	<!-- Trust Wallet -->
	<item class="com.wallet.crypto.trustapp.ui.app.AppActivity" name="trust_wallet"/>

	<!-- Win-X Launcher (без рекламы) -->
	<item class="crc64b49898e1315006a0.MainActivity" name="win_x_launcher_без_рекламы_"/>

</appmap>