<Theme version="1">

	<!-- 3D Modeling App -->
	<AppIcon name="com.inforcegames.app3dmodelling/com.unity3d.player.UnityPlayerActivity" image="_3d_modeling_app"/>

	<!-- Галерея -->
	<AppIcon name="com.miui.gallery/com.miui.gallery.activity.HomePageActivity" image="галерея"/>

	<!-- Лента виджетов -->
	<AppIcon name="com.mi.globalminusscreen/com.mi.globalminusscreen.MainActivity" image="лента_виджетов"/>

	<!-- Простой калькулятор -->
	<AppIcon name="com.bng.calculator/com.bng.calc.MainActivity" image="простои_калькулятор"/>

	<!-- Службы и обратная связь -->
	<AppIcon name="com.miui.miservice/com.miui.miservice.main.MainActivity" image="службы_и_обратная_связь"/>

	<!-- Сообщения -->
	<AppIcon name="com.android.mms/com.android.mms.ui.MmsTabActivity" image="сообщения"/>

	<!-- Телефон -->
	<AppIcon name="com.android.contacts/com.android.contacts.activities.TwelveKeyDialer" image="телефон"/>

	<!-- Темы -->
	<AppIcon name="com.android.thememanager/com.android.thememanager.ThemeResourceTabActivity" image="темы"/>

	<!-- Тинькофф -->
	<AppIcon name="com.idamob.tinkoff.android/ru.tinkoff.mb.feature.splash.bank.ui.presentation.BankSplashActivity" image="тинькофф"/>

	<!-- Цифровое благополучие -->
	<AppIcon name="com.google.android.apps.wellbeing/com.google.android.apps.wellbeing.settings.LauncherActivity" image="цифровое_благополучие"/>

	<!-- Часы -->
	<AppIcon name="com.android.deskclock/com.android.deskclock.DeskClockTabActivity" image="часы"/>

	<!-- AI Morph -->
	<AppIcon name="photoeditor.aiart.animefilter.snapai/snap.ai.aiart.activity.SplashActivity" image="ai_morph"/>

	<!-- Anti Spy -->
	<AppIcon name="com.protectstar.antispy.android/com.protectstar.antispy.activity.ActivityFirstlaunch" image="anti_spy"/>

	<!-- Cake Wallet -->
	<AppIcon name="com.cakewallet.cake_wallet/com.cakewallet.cake_wallet.MainActivity" image="cake_wallet"/>

	<!-- Cymera -->
	<AppIcon name="com.cyworld.camera/com.cyworld.cymera.CameraMain" image="cymera"/>

	<!-- Datawipe -->
	<AppIcon name="com.safetyjabber.datawipe/com.safetyjabber.datawipe.activities.MainActivity" image="datawipe"/>

	<!-- FM-радио -->
	<AppIcon name="com.miui.fm/com.miui.fmradio.FmRadioActivity" image="fm_радио"/>

	<!-- KryptEY -->
	<AppIcon name="com.amnesica.kryptey/com.amnesica.kryptey.inputmethod.latin.settings.SettingsActivity" image="kryptey"/>

	<!-- Leto Fonts -->
	<AppIcon name="com.alexyndrik.leto/com.alexyndrik.leto.ui.WelcomeScreenActivity" image="leto_fonts"/>

	<!-- Mirror Lab -->
	<AppIcon name="com.ilixa.mirror/com.ilixa.mirror.MirrorActivity" image="mirror_lab"/>

	<!-- OONI Probe -->
	<AppIcon name="org.openobservatory.ooniprobe/org.openobservatory.ooniprobe.activity.MainActivity" image="ooni_probe"/>

	<!-- Outline -->
	<AppIcon name="org.outline.android.client/org.outline.android.client.MainActivity" image="outline"/>

	<!-- Phonto -->
	<AppIcon name="com.youthhr.phonto/com.youthhr.phonto.PhontoActivity" image="phonto"/>

	<!-- Photo On Photo -->
	<AppIcon name="com.doionline.photoonphoto/com.doionline.photoonphoto.MainActivity" image="photo_on_photo"/>

	<!-- Planner 5D -->
	<AppIcon name="com.planner5d.planner5d/com.planner5d.library.activity.Main" image="planner_5d"/>

	<!-- RuStore -->
	<AppIcon name="ru.vk.store/ru.vk.store.app.MainActivity" image="rustore"/>

	<!-- Solo Launcher -->
	<AppIcon name="home.solo.launcher.free/home.solo.launcher.free.SplashActivity" image="solo_launcher"/>

	<!-- SpotLens -->
	<AppIcon name="com.gps.survey.cam/com.gps.survey.cam.ui.activity.MainActivity" image="spotlens"/>

	<!-- Trust Wallet -->
	<AppIcon name="com.wallet.crypto.trustapp/com.wallet.crypto.trustapp.ui.app.AppActivity" image="trust_wallet"/>

	<!-- Win-X Launcher (без рекламы) -->
	<AppIcon name="com.InternityLabs.Launcher.WinX/crc64b49898e1315006a0.MainActivity" image="win_x_launcher_без_рекламы_"/>

</Theme>