<Theme version="1">

	<!-- 1DM -->
	<AppIcon name="idm.internet.download.manager/idm.internet.download.manager.MainActivity" image="_1dm"/>

	<!-- Amazon -->
	<AppIcon name="in.amazon.mShop.android.shopping/com.amazon.mShop.home.HomeActivity" image="amazon"/>

	<!-- BSNL Selfcare -->
	<AppIcon name="com.digital.bsnl.selfcare/com.selfcare.mybsnl.activities.SplashActivity" image="bsnl_selfcare"/>

	<!-- Canara e-Passbook -->
	<AppIcon name="com.mobile.canaraepassbook/com.mobile.canaraepassbook.EbookSplashActivity" image="canara_e_passbook"/>

	<!-- Cent m-Passbook -->
	<AppIcon name="com.mobile.cbiepassbook/com.mobile.cbiepassbook.EbookSplashActivity" image="cent_m_passbook"/>

	<!-- IndianOil ONE -->
	<AppIcon name="cx.indianoil.in/cx.indianoil.in.lpg.view.login.WelcomeActivity" image="indianoil_one"/>

	<!-- JioPOS Lite -->
	<AppIcon name="com.jio.poslite/com.jio.poslite.activities.SplashScreenActivity" image="jiopos_lite"/>

	<!-- Kotak Bank -->
	<AppIcon name="com.msf.kbank.mobile/com.msf.kbank.mobile.launcher_d5e15a74df3d33e17b26d16a879646bfef34a86881463b2b8442d76af1f6f1f4" image="kotak_bank"/>

	<!-- NTES -->
	<AppIcon name="cris.icms.ntes/cris.icms.ntes.LaunchApp" image="ntes"/>

	<!-- Paytm for Business -->
	<AppIcon name="com.paytm.business/com.paytm.business.splash.SplashActivity" image="paytm_for_business"/>

	<!-- PayZapp -->
	<AppIcon name="com.hdfcbank.payzapp/com.apollorncontainer.activities.SplashActivity" image="payzapp"/>

	<!-- Pix-Pie Icon Pack -->
	<AppIcon name="com.pashapuma.pixp.iconpack/com.pashapuma.pixp.iconpack.activities.SplashActivity" image="pix_pie_icon_pack"/>

	<!-- Pulsar -->
	<AppIcon name="com.rhmsoft.pulsar/com.rhmsoft.play.MainActivity" image="pulsar"/>

	<!-- Simple Keyboard -->
	<AppIcon name="rkr.simplekeyboard.inputmethod/rkr.simplekeyboard.inputmethod.latin.settings.SettingsActivity" image="simple_keyboard"/>

	<!-- Transparent Widget -->
	<AppIcon name="com.easwareapps.transparentwidget/com.easwareapps.transparentwidget.MainActivity" image="transparent_widget"/>

</Theme>