<resources>

	<!-- Action Launcher -->
	<item component="ComponentInfo{com.actionlauncher.playstore/com.actionlauncher.ActionLauncherActivity}" drawable="action_launcher" />

	<!-- ADM -->
	<item component="ComponentInfo{com.dv.adm/com.dv.get.Main}" drawable="adm" />

	<!-- Agate -->
	<item component="ComponentInfo{com.reacstor.agate/com.reacstor.agate.activities.SplashActivity}" drawable="agate" />

	<!-- Alarmy -->
	<item component="ComponentInfo{droom.sleepIfUCan/droom.sleepIfUCan.activity.MainActivity}" drawable="alarmy" />

	<!-- Alien Shooter -->
	<item component="ComponentInfo{com.alien.shooter.galaxy.attack.premium/com.google.firebase.MessagingUnityPlayerActivity}" drawable="alien_shooter" />

	<!-- Ango icons -->
	<item component="ComponentInfo{com.maxpatchs.ango/com.maxpatchs.ango.activities.SplashActivity}" drawable="ango_icons" />

	<!-- Anime Witcher -->
	<item component="ComponentInfo{com.anime.witcher/com.example.animewitcher.HomeActivity}" drawable="anime_witcher" />

	<!-- AppBar -->
	<item component="ComponentInfo{rk.android.app.appbar/rk.android.app.appbar.activities.launch.LaunchActivity}" drawable="appbar" />

	<!-- AppBlock -->
	<item component="ComponentInfo{cz.mobilesoft.appblock/cz.mobilesoft.appblock.MainActivity}" drawable="appblock" />

	<!-- AppDrop -->
	<item component="ComponentInfo{com.bulk.uninstall/com.bulk.uninstall.main.LauncherActivity}" drawable="appdrop" />

	<!-- Ascent -->
	<item component="ComponentInfo{com.ascent/com.sobol.oneSec.presentation.main.MainActivity}" drawable="ascent" />

	<!-- Battery Meter Overlay -->
	<item component="ComponentInfo{jp.gr.java_conf.soboku.batterymeter/jp.gr.java_conf.soboku.batterymeter.ui.SettingsActivity}" drawable="battery_meter_overlay" />

	<!-- Battery Pods -->
	<item component="ComponentInfo{com.sumyapplications.bluetooth.earphone/com.sumyapplications.bluetoothearphone.MainActivity}" drawable="battery_pods" />

	<!-- Battery Sound Notification -->
	<item component="ComponentInfo{com.argonremote.batterynotifier/com.argonremote.batterynotifier.MainActivity}" drawable="battery_sound_notification" />

	<!-- Battery Widget -->
	<item component="ComponentInfo{com.lstapps.batterywidget/com.lstapps.batterywidget.MainActivity}" drawable="battery_widget" />

	<!-- Black Army Omni -->
	<item component="ComponentInfo{com.osheden.blackarmy.omni/com.osheden.blackarmy.omni.activities.SplashActivity}" drawable="black_army_omni" />

	<!-- Black Screen -->
	<item component="ComponentInfo{io.japp.blackscreen/io.japp.blackscreen.ui.MainActivity}" drawable="black_screen" />

	<!-- BlockerHero -->
	<item component="ComponentInfo{com.blockerhero/com.blockerhero.ui.launcher.LauncherActivity}" drawable="blockerhero" />

	<!-- BM Wallet -->
	<item component="ComponentInfo{com.emeint.android.mwallet.bm/com.emeint.android.mwallet2.view.StartupActivity}" drawable="bm_wallet" />

	<!-- Buckwheat -->
	<item component="ComponentInfo{com.danilkinkin.buckwheat/com.danilkinkin.buckwheat.MainActivity}" drawable="buckwheat" />

	<!-- CircleDient Icon Pack -->
	<item component="ComponentInfo{com.gmg.iconpack.circle.gradient/com.gmg.iconpack.circle.gradient.activities.SplashActivity}" drawable="circledient_icon_pack" />

	<!-- Clipboard -->
	<item component="ComponentInfo{com.blackstar.apps.clipboard/com.blackstar.apps.clipboard.ui.splash.SplashActivity}" drawable="clipboard" />

	<!-- Daily Quotes Widget -->
	<item component="ComponentInfo{com.lstapps.dailymotivationalquotewidget/com.lstapps.dailymotivationalquotewidget.MainActivity}" drawable="daily_quotes_widget" />

	<!-- Daylio -->
	<item component="ComponentInfo{net.daylio/net.daylio.activities.OverviewActivity}" drawable="daylio" />

	<!-- Device care -->
	<item component="ComponentInfo{com.samsung.android.lool/com.samsung.android.sm.ui.DefaultActivity}" drawable="device_care" />

	<!-- Digital Wellbeing -->
	<item component="ComponentInfo{com.samsung.android.forest/com.samsung.android.forest.launcher.LauncherActivity}" drawable="digital_wellbeing" />

	<!-- Distraction Free -->
	<item component="ComponentInfo{com.osheden.distraction.free.icon.pack/com.osheden.distraction.free.icon.pack.activities.SplashActivity}" drawable="distraction_free" />

	<!-- Dockalizer -->
	<item component="ComponentInfo{color.dev.com.beige/color.dev.com.beige.Splash}" drawable="dockalizer" />

	<!-- Download Progress++ -->
	<item component="ComponentInfo{com.ceco.sbdp.pro/com.ceco.sbdp.pro.Settings}" drawable="download_progress_" />

	<!-- DualWallpaper -->
	<item component="ComponentInfo{de.dlyt.yanndroid.dualwallpaper/de.dlyt.yanndroid.dualwallpaper.ui.activity.MainActivity}" drawable="dualwallpaper" />

	<!-- dynamic bird -->
	<item component="ComponentInfo{com.hfhuaizhi.bird/com.hfhuaizhi.bird.activity.MainActivity}" drawable="dynamic_bird" />

	<!-- Dynamic Wallpaper -->
	<item component="ComponentInfo{rk.android.app.dynamic.wallpaper/rk.android.app.dynamic.wallpaper.activities.home.HomeActivity}" drawable="dynamic_wallpaper" />

	<!-- dynamic​Spot -->
	<item component="ComponentInfo{com.jamworks.dynamicspot/com.jamworks.dynamicspot.SettingsHome}" drawable="dynamic​spot" />

	<!-- Edge Card Launcher -->
	<item component="ComponentInfo{com.reactivstudios.android.edge4/com.reactivstudios.android.edge4.ActivityEdge}" drawable="edge_card_launcher" />

	<!-- Energy Bar -->
	<item component="ComponentInfo{you.in.spark.energy/you.in.spark.energy.WelcomeScreen}" drawable="energy_bar" />

	<!-- SIM toolkit -->
	<item component="ComponentInfo{com.android.stk/com.android.stk.StkLauncherActivity_DualSim}" drawable="sim_toolkit" />

	<!-- Fitness Coach -->
	<item component="ComponentInfo{fitnesscoach.workoutplanner.weightloss/fitnesscoach.workoutplanner.weightloss.feature.main.SplashActivity}" drawable="fitness_coach" />

	<!-- Flex Scroll -->
	<item component="ComponentInfo{com.phonephreak.pagescroll/com.phonephreak.smartscroll.MainActivity}" drawable="flex_scroll" />

	<!-- Folder Widget -->
	<item component="ComponentInfo{pub.hanks.appfolderwidget/com.android.app.ap.h.MainActivity}" drawable="folder_widget" />

	<!-- gesturePlus -->
	<item component="ComponentInfo{com.jamworks.bestgesturenavigation/com.jamworks.bestgesturenavigation.SettingsHome}" drawable="gestureplus" />

	<!-- Get Current Wallpaper -->
	<item component="ComponentInfo{dk.appdictive.getcurrentwallpaper/dk.appdictive.getcurrentwallpaper.MainActivity}" drawable="get_current_wallpaper" />

	<!-- I am programmer -->
	<item component="ComponentInfo{com.putcodes.iamaprogrammer/com.putcodes.iamaprogrammer.Splasch_screen}" drawable="i_am_programmer" />

	<!-- JUGO -->
	<item component="ComponentInfo{bubustudio.jugo.pack/bubustudio.jugo.pack.activities.SplashActivity}" drawable="jugo" />

	<!-- Keeplink -->
	<item component="ComponentInfo{org.erikjaen.tidylinksv2/org.erikjaen.tidylinksv2.ui.main.MainActivity}" drawable="keeplink" />

	<!-- Key Mapper -->
	<item component="ComponentInfo{io.github.sds100.keymapper/io.github.sds100.keymapper.SplashActivity}" drawable="key_mapper" />

	<!-- Kingdom War Premium -->
	<item component="ComponentInfo{perfectplan.warring.kingdom.btd.epic.tower.defense.premium/com.google.firebase.MessagingUnityPlayerActivity}" drawable="kingdom_war_premium" />

	<!-- Lawnchair (Debug) -->
	<item component="ComponentInfo{app.lawnchair.debug/app.lawnchair.LawnchairLauncher}" drawable="lawnchair_debug_" />

	<!-- Lena -->
	<item component="ComponentInfo{one4studio.iconpack.lena/com.candybar.dev.activities.SplashActivity}" drawable="lena" />

	<!-- LinkSheet -->
	<item component="ComponentInfo{fe.linksheet/fe.linksheet.activity.MainActivity}" drawable="linksheet" />

	<!-- Lock screen -->
	<item component="ComponentInfo{rk.android.app.lockscreen/rk.android.app.lockscreen.activity.HomeActivity}" drawable="lock_screen" />

	<!-- Lockscreen Widgets -->
	<item component="ComponentInfo{tk.zwander.lockscreenwidgets/tk.zwander.lockscreenwidgets.MainActivity}" drawable="lockscreen_widgets" />

	<!-- Meeye -->
	<item component="ComponentInfo{com.yeyebbc.play.meeye.iconpack/com.yeyebbc.play.meeye.iconpack.activities.SplashActivity}" drawable="meeye" />

	<!-- MetroLand -->
	<item component="ComponentInfo{com.kiloo.metroland/com.kiloo.unityutilities.UnityPluginActivity}" drawable="metroland" />

	<!-- Midnight Dark - Icon Pack -->
	<item component="ComponentInfo{com.italiano.midnightdark/com.italiano.midnightdark.activities.MainActivity}" drawable="midnight_dark_icon_pack" />

	<!-- Mihon -->
	<item component="ComponentInfo{app.mihon/eu.kanade.tachiyomi.ui.main.MainActivity}" drawable="mihon" />

	<!-- Mimo -->
	<item component="ComponentInfo{com.getmimo/com.getmimo.ui.SplashActivity_default}" drawable="mimo" />

	<!-- Movie Witcher -->
	<item component="ComponentInfo{com.witcher.moviewitcher/com.example.moviewitcher.activites.HomeActivity}" drawable="movie_witcher" />

	<!-- Muviz Edge -->
	<item component="ComponentInfo{com.sparkine.muvizedge/com.sparkine.muvizedge.activity.HomeActivity}" drawable="muviz_edge" />

	<!-- My Etisalat -->
	<item component="ComponentInfo{com.etisalat/com.etisalat.view.splash.SplashActivity}" drawable="my_etisalat" />

	<!-- Namida -->
	<item component="ComponentInfo{com.msob7y.namida/com.msob7y.namida.NamidaMainActivity}" drawable="namida" />

	<!-- News -->
	<item component="ComponentInfo{com.google.android.apps.magazines/com.google.apps.dots.android.app.activity.CurrentsStartActivity}" drawable="news" />

	<!-- Noterly -->
	<item component="ComponentInfo{uk.co.tdsstudios.noterly/uk.co.tdsstudios.noterly.MainActivity}" drawable="noterly" />

	<!-- Nothing 2.0 KWGT (Adaptive) -->
	<item component="ComponentInfo{com.nothingadaptive.kwgt/com.nothingadaptive.kwgt.MainActivity}" drawable="nothing_20_kwgt_adaptive_" />

	<!-- Nothing Plus KWGT -->
	<item component="ComponentInfo{com.nothingpluskwgt.pack/com.nothingpluskwgt.pack.MainActivity}" drawable="nothing_plus_kwgt" />

	<!-- Notification Shortcuts -->
	<item component="ComponentInfo{rk.android.app.notificationshortcuts/rk.android.app.notificationshortcuts.activities.launch.LaunchActivity}" drawable="notification_shortcuts" />

	<!-- NotiGuy -->
	<item component="ComponentInfo{com.dynamic.notifications/com.dynamic.notifications.ui.SaCat}" drawable="notiguy" />

	<!-- Notisave -->
	<item component="ComponentInfo{com.tenqube.notisave/com.tenqube.notisave.presentation.splash.SplashActivity}" drawable="notisave" />

	<!-- Noto -->
	<item component="ComponentInfo{com.noto/com.noto.app.DarkRain}" drawable="noto" />

	<!-- Nuts Vol Booster -->
	<item component="ComponentInfo{volume.booster.soundamplifier/com.coocent.theme.volumebooster.activity.SplashActivity}" drawable="nuts_vol_booster" />

	<!-- OSS Document Scanner -->
	<item component="ComponentInfo{com.akylas.documentscanner/com.akylas.documentscanner.MainActivity}" drawable="oss_document_scanner" />

	<!-- Panels -->
	<item component="ComponentInfo{com.fossor.panels/com.fossor.panels.MainActivity}" drawable="panels" />

	<!-- Pocket Casts -->
	<item component="ComponentInfo{au.com.shiftyjelly.pocketcasts/au.com.shiftyjelly.pocketcasts.ui.MainActivity}" drawable="pocket_casts" />

	<!-- PowerLine -->
	<item component="ComponentInfo{com.urbandroid.inline/com.urbandroid.inline.MainActivity}" drawable="powerline" />

	<!-- Prayer Times -->
	<item component="ComponentInfo{com.zeedev.islamprayertime/com.zeedev.islamprayertime.activity.MainActivity}" drawable="prayer_times" />

	<!-- QR and Barcode Scanner PRO -->
	<item component="ComponentInfo{com.qrcode.barcode.scanner.reader.generator.pro/com.qrcode.barcode.scanner.reader.generator.pro.activity.MainActivity}" drawable="qr_and_barcode_scanner_pro" />

	<!-- Quick Settings -->
	<item component="ComponentInfo{it.simonesestito.ntiles/it.simonesestito.ntiles.MainSplash}" drawable="quick_settings" />

	<!-- Quranly -->
	<item component="ComponentInfo{com.quranly.app/com.quranly.app.MainActivity}" drawable="quranly" />

	<!-- ReZ Launcher -->
	<item component="ComponentInfo{com.perryoncrack.rez/com.perryoncrack.rez.MainActivity}" drawable="rez_launcher" />

	<!-- Router Chef -->
	<item component="ComponentInfo{com.raouf.routerchef/com.raouf.routerchef.SplashScreen}" drawable="router_chef" />

	<!-- Ruppu -->
	<item component="ComponentInfo{it.ruppu/it.ruppu.ui.intro.LaunchActivity}" drawable="ruppu" />

	<!-- Samsung Cloud -->
	<item component="ComponentInfo{com.samsung.android.scloud/com.samsung.android.scloud.app.ui.splash.launcher}" drawable="samsung_cloud" />

	<!-- Screen Dimmer -->
	<item component="ComponentInfo{com.github.ericytsang.screenfilter.app.android/com.github.ericytsang.screenfilter.app.android.activity.MainActivity}" drawable="screen dimmer" />

	<!-- ScreenshotGo -->
	<item component="ComponentInfo{org.mozilla.screenshot.go/org.mozilla.scryer.MainActivity}" drawable="screenshotgo" />

	<!-- SD Maid SE -->
	<item component="ComponentInfo{eu.darken.sdmse/eu.darken.sdmse.main.ui.MainActivity}" drawable="sd_maid_se" />

	<!-- Shadow Hero -->
	<item component="ComponentInfo{com.shadow.hero.defense.td.archer.ninja.game/com.google.firebase.MessagingUnityPlayerActivity}" drawable="shadow_hero" />

	<!-- Simplified -->
	<item component="ComponentInfo{com.simplified.reborn/com.simplified.reborn.activities.SplashActivity}" drawable="simplified" />

	<!-- Simplilearn -->
	<item component="ComponentInfo{com.mobile.simplilearn/com.mobile.newArch.module.splash.SplashScreenActivity}" drawable="simplilearn" />

	<!-- Skillshare -->
	<item component="ComponentInfo{com.skillshare.Skillshare/com.skillshare.Skillshare.client.onboarding.onboarding.view.SplashActivity}" drawable="skillshare" />

	<!-- Smartspacer -->
	<item component="ComponentInfo{com.kieronquinn.app.smartspacer/com.kieronquinn.app.smartspacer.ui.activities.MainActivity}" drawable="smartspacer" />

	<!-- Smashy Duo -->
	<item component="ComponentInfo{com.bigfrostgames.smashyduo/com.unity3d.player.UnityPlayerActivity}" drawable="smashy_duo" />

	<!-- SongSync -->
	<item component="ComponentInfo{pl.lambada.songsync/pl.lambada.songsync.MainActivity}" drawable="songsync" />

	<!-- Super Status Bar -->
	<item component="ComponentInfo{com.tombayley.statusbar/com.tombayley.statusbar.app.ui.home.MainActivity}" drawable="super_status_bar" />

	<!-- Tachiyomi -->
	<item component="ComponentInfo{eu.kanade.tachiyomi/eu.kanade.tachiyomi.ui.main.MainActivity}" drawable="tachiyomi" />

	<!-- Tech Quiz Master -->
	<item component="ComponentInfo{com.eggies.techquizmaster/com.eggies.techquizmaster.MainActivity}" drawable="tech_quiz_master" />

	<!-- TickTick -->
	<item component="ComponentInfo{com.ticktick.task/com.ticktick.task.HomeAlia_tick}" drawable="ticktick" />

	<!-- Transparency - Icon Pack -->
	<item component="ComponentInfo{com.italiano.transparency/com.italiano.transparency.activities.MainActivity}" drawable="transparency_icon_pack" />

	<!-- True Amps -->
	<item component="ComponentInfo{com.newgen.trueamps/com.newgen.trueamps.activities.PreferencesActivity}" drawable="true_amps" />

	<!-- UC Browser -->
	<item component="ComponentInfo{com.UCMobile.intl/com.UCMobile.main.UCMobile}" drawable="uc_browser" />

	<!-- Ultra Volume -->
	<item component="ComponentInfo{com.treydev.volume/com.zipoapps.premiumhelper.ui.splash.PHSplashActivity}" drawable="ultra_volume" />

	<!-- Vinty -->
	<item component="ComponentInfo{com.esethnet.vinty/com.esethnet.vinty.LicenseActivity}" drawable="vinty" />

	<!-- Viorange -->
	<item component="ComponentInfo{com.panotogomo.lbviorange/com.panotogomo.lbviorange.activities.SplashActivity}" drawable="viorange" />

	<!-- Vocabulary -->
	<item component="ComponentInfo{com.hrd.vocabulary/com.hrd.view.onboarding.SplashScreenActivity_appicon0}" drawable="vocabulary" />

	<!-- Voice notes -->
	<item component="ComponentInfo{com.gawk.voicenotes/com.gawk.voicenotes.view.main.MainActivity}" drawable="voice_notes" />

	<!-- WABox -->
	<item component="ComponentInfo{com.wabox/com.wabox.start.Welcome}" drawable="wabox" />

	<!-- Weather -->
	<item component="ComponentInfo{com.motorola.timeweatherwidget/com.motorola.commandcenter.MainActivity}" drawable="weather" />

	<!-- آية مختارة -->
	<item component="ComponentInfo{com.devyahia.randomayah/com.devyahia.randomayah.MainActivity}" drawable="آية_مختارة" />

	<!-- أذكاري -->
	<item component="ComponentInfo{com.mbh.azkari/com.mbh.azkari.activities.landing.SplashActivity}" drawable="أذكاري" />

	<!-- الشفيع -->
	<item component="ComponentInfo{salah.rasoulallah.com/salah.rasoulallah.com.MainActivity}" drawable="الشفيع" />

	<!-- نختم -->
	<item component="ComponentInfo{com.karim.khatma/com.karim.khatma.run}" drawable="نختم" />

	<!-- واعي -->
	<item component="ComponentInfo{com.m_s_helala.wa3y/com.m_s_helala.wa3y.MainActivity}" drawable="واعي" />

</resources>