<resources>

	<!-- Camera -->
	<item component="ComponentInfo{com.android.MGC_9_1_098/com.android.camera.CameraLauncher}" drawable="camera" />

	<!-- Cromite -->
	<item component="ComponentInfo{org.cromite.cromite/com.google.android.apps.chrome.Main}" drawable="cromite" />

	<!-- Fleksy -->
	<item component="ComponentInfo{com.syntellia.fleksy.keyboard/com.syntellia.fleksy.settings.activities.SplashActivity}" drawable="fleksy" />

	<!-- Mercado Libre -->
	<item component="ComponentInfo{com.mercadolibre/com.mercadolibre.splash.SplashActivity}" drawable="mercado_libre" />

	<!-- Molly -->
	<item component="ComponentInfo{im.molly.app/org.thoughtcrime.securesms.RoutingActivity}" drawable="molly" />

	<!-- Musicolet -->
	<item component="ComponentInfo{in.krosbits.musicolet/in.krosbits.musicolet.MusicActivity}" drawable="musicolet" />

	<!-- Orgzly Revived -->
	<item component="ComponentInfo{com.orgzlyrevived/com.orgzly.android.ui.LauncherActivity}" drawable="orgzly_revived" />

	<!-- Password Store -->
	<item component="ComponentInfo{app.passwordstore/app.passwordstore.ui.main.LaunchActivity}" drawable="password_store" />

	<!-- Perfect Viewer -->
	<item component="ComponentInfo{com.rookiestudio.perfectviewer/com.rookiestudio.perfectviewer.TStartup}" drawable="perfect_viewer" />

	<!-- Syncthing-Fork -->
	<item component="ComponentInfo{com.github.catfriend1.syncthingandroid/com.nutomic.syncthingandroid.activities.FirstStartActivity}" drawable="syncthing_fork" />

</resources>