<resources>

	<!-- Aldiko Classic -->
	<item component="ComponentInfo{com.aldiko.classic/com.aldiko.android.ui.AliasHomeScreen}" drawable="aldiko_classic" />

	<!-- AnyDesk -->
	<item component="ComponentInfo{com.anydesk.anydeskandroid/com.anydesk.anydeskandroid.gui.activity.MainActivity}" drawable="anydesk" />

	<!-- Around -->
	<item component="ComponentInfo{co.around/co.around.MainActivity}" drawable="around" />

	<!-- Audio Share -->
	<item component="ComponentInfo{io.github.mkckr0.audio_share_app/io.github.mkckr0.audio_share_app.MainActivity}" drawable="audio_share" />

	<!-- Barcode Scanner -->
	<item component="ComponentInfo{com.google.zxing.client.android/com.google.zxing.client.android.CaptureActivity}" drawable="barcode_scanner" />

	<!-- Bible -->
	<item component="ComponentInfo{com.sirma.mobile.bible.android/youversion.bible.app.MainActivity}" drawable="bible" />

	<!-- Bolt -->
	<item component="ComponentInfo{ee.mtakso.client/ee.mtakso.client.activity.SplashHomeActivity}" drawable="bolt" />

	<!-- Book Keeper -->
	<item component="ComponentInfo{com.bookkeeper/com.bookkeeper.SplashScreen}" drawable="book_keeper" />

	<!-- CapCut -->
	<item component="ComponentInfo{com.lemon.lvoverseas/com.google.android.archive.ReactivateActivity}" drawable="capcut" />

	<!-- CJdropshipping -->
	<item component="ComponentInfo{com.cj.dropshipping/com.cj.dropshipping.general.activity.splash.SplashActivity}" drawable="cjdropshipping" />

	<!-- Clock -->
	<item component="ComponentInfo{com.android.deskclock/com.android.deskclock.DeskClockTabActivity}" drawable="clock" />

	<!-- CloudStream Beta -->
	<item component="ComponentInfo{com.lagradost.cloudstream3.prerelease/com.lagradost.cloudstream3.ui.account.AccountSelectActivity}" drawable="cloudstream_beta" />

	<!-- Docs To Go -->
	<item component="ComponentInfo{com.dataviz.docstogo/com.dataviz.dxtg.common.launcher.android.LauncherActivity}" drawable="docs_to_go" />

	<!-- Easy Watermark -->
	<item component="ComponentInfo{me.rosuh.easywatermark/me.rosuh.easywatermark.ui.MainActivity}" drawable="easy_watermark" />

	<!-- Espees Wallet -->
	<item component="ComponentInfo{online.espees.espeeswallet/online.espees.espeeswallet.MainActivity}" drawable="espees_wallet" />

	<!-- EzDebt Book -->
	<item component="ComponentInfo{com.ezpuppies.ezdebt_book/com.ezpuppies.ezdebt_book.MainActivity}" drawable="ezdebt_book" />

	<!-- F-Droid Basic -->
	<item component="ComponentInfo{org.fdroid.basic/org.fdroid.fdroid.views.main.MainActivity}" drawable="f_droid_basic" />

	<!-- Flynx -->
	<item component="ComponentInfo{com.flynx/com.flynx.MainActivity}" drawable="flynx" />

	<!-- FM Radio -->
	<item component="ComponentInfo{com.miui.fm/com.miui.fmradio.FmRadioActivity}" drawable="fm_radio" />

	<!-- Gallery -->
	<item component="ComponentInfo{com.miui.gallery/com.miui.gallery.activity.HomePageActivity}" drawable="gallery" />

	<!-- Glovo -->
	<item component="ComponentInfo{com.glovo/com.glovoapp.onboarding.splash.SplashActivity}" drawable="glovo" />

	<!-- GoalTracker -->
	<item component="ComponentInfo{com.galaxy.app.goaltracker/com.galaxy.app.goaltracker.activity.NavigationDrawerActivity}" drawable="goaltracker" />

	<!-- Hypatia -->
	<item component="ComponentInfo{us.spotco.malwarescanner/us.spotco.malwarescanner.MainActivity}" drawable="hypatia" />

	<!-- InviZible Pro -->
	<item component="ComponentInfo{pan.alexander.tordnscrypt.stable/pan.alexander.tordnscrypt.MainActivity}" drawable="invizible_pro" />

	<!-- jetAudio+ -->
	<item component="ComponentInfo{com.jetappfactory.jetaudioplus/com.jetappfactory.jetaudio.MusicBrowserActivity}" drawable="jetaudio_" />

	<!-- KingsChat -->
	<item component="ComponentInfo{com.joinkingschat.android/com.kingschat.main.view.splashScreen.SplashActivity}" drawable="kingschat" />

	<!-- KRA PAYE Calculator Kenya -->
	<item component="ComponentInfo{net.simonmuthusi.payecalculatorkenya/net.simonmuthusi.payecalculatorkenya.StartActivity}" drawable="kra_paye_calculator_kenya" />

	<!-- LibreSudoku -->
	<item component="ComponentInfo{com.kaajjo.libresudoku/com.kaajjo.libresudoku.MainActivity}" drawable="libresudoku" />

	<!-- M-PESA -->
	<item component="ComponentInfo{com.safaricom.mpesa.lifestyle/com.mpesa.splash.SplashActivity}" drawable="m_pesa" />

	<!-- MiX -->
	<item component="ComponentInfo{com.mixplorer/com.mixplorer.activities.BrowseActivity}" drawable="mix" />

	<!-- Moon Reader -->
	<item component="ComponentInfo{com.flyersoft.moonreaderp/com.flyersoft.moonreaderp.ActivityMain}" drawable="moon_reader" />

	<!-- MX Player Pro -->
	<item component="ComponentInfo{com.mxtech.videoplayer.pro/com.mxtech.videoplayer.pro.ActivityMediaList}" drawable="mx_player_pro" />

	<!-- MySafaricom -->
	<item component="ComponentInfo{com.safaricom.mysafaricom/com.safaricom.mysafaricom.ui.main.MainActivity}" drawable="mysafaricom" />

	<!-- MySword for Android -->
	<item component="ComponentInfo{com.riversoft.android.mysword/com.riversoft.android.mysword.MySword}" drawable="mysword_for_android" />

	<!-- OpenKeychain -->
	<item component="ComponentInfo{org.sufficientlysecure.keychain/org.sufficientlysecure.keychain.ui.MainActivity}" drawable="openkeychain" />

	<!-- PariPesa -->
	<item component="ComponentInfo{org.paripesa.client/org.xbet.client1.features.appactivity.ApplicationActivity}" drawable="paripesa" />

	<!-- Pastor Chris Digital Library -->
	<item component="ComponentInfo{org.lwnm.digitallib/org.lwnm.digitallib.ui.activities.WelcomeActivity}" drawable="pastor_chris_digital_library" />

	<!-- PesaPap -->
	<item component="ComponentInfo{com.mode.familykenya.ui/com.mode.familykenya.ui.SplashScreen}" drawable="pesapap" />

	<!-- Progress -->
	<item component="ComponentInfo{jp.moo.myworks.progressofproject/jp.moo.myworks.progressv2.views.project.MainActivity}" drawable="progress" />

	<!-- remove.bg -->
	<item component="ComponentInfo{bg.remove.android/bg.remove.android.ui.main.MainActivity}" drawable="removebg" />

	<!-- Replit -->
	<item component="ComponentInfo{com.replit.app/com.replit.app.MainActivity}" drawable="replit" />

	<!-- Ruler -->
	<item component="ComponentInfo{org.nixgame.ruler/org.nixgame.ruler.ActivityRuler}" drawable="ruler" />

	<!-- SavePal -->
	<item component="ComponentInfo{com.saving/com.saving.ui.onboarding.launch.LauncherActivity}" drawable="savepal" />

	<!-- Screen Recorder -->
	<item component="ComponentInfo{com.miui.screenrecorder/com.miui.screenrecorder.activity.ScreenRecorderHomeActivity}" drawable="screen_recorder" />

	<!-- SD Maid -->
	<item component="ComponentInfo{eu.thedarken.sdm/eu.thedarken.sdm.main.ui.SDMMainActivity}" drawable="sd_maid" />

	<!-- Services & feedback -->
	<item component="ComponentInfo{com.miui.miservice/com.miui.miservice.main.MainActivity}" drawable="services_and_feedback" />

	<!-- Simple Call Forwarding -->
	<item component="ComponentInfo{com.guywmustang.callforward/com.guywmustang.callforward.ConfigurationActivity}" drawable="simple_call_forwarding" />

	<!-- SmartCookieWeb -->
	<item component="ComponentInfo{com.cookiegames.smartcookie/com.cookiegames.smartcookie.MainActivity}" drawable="smartcookieweb" />

	<!-- SMS Backup & Restore Pro -->
	<item component="ComponentInfo{com.riteshsahu.SMSBackupRestorePro/com.riteshsahu.SMSBackupRestore.activities.IntroActivity}" drawable="sms_backup_and_restore_pro" />

	<!-- Soul Tracker -->
	<item component="ComponentInfo{org.christembassysoultracker.soul/org.christembassysoultracker.soul.MainActivity}" drawable="soul_tracker" />

	<!-- Stuff -->
	<item component="ComponentInfo{com.stuff.todo/com.stuff.todo.activities.OrganizeActivity}" drawable="stuff" />

	<!-- Themes -->
	<item component="ComponentInfo{com.android.thememanager/com.android.thememanager.ThemeResourceTabActivity}" drawable="themes" />

	<!-- Timezone Converter -->
	<item component="ComponentInfo{nz.co.impressioncreative.timezone_viewer/nz.co.impressioncreative.timezone_viewer.MainActivity}" drawable="timezone_converter" />

	<!-- Todoist -->
	<item component="ComponentInfo{com.todoist/com.todoist.alias.HomeActivityDark}" drawable="todoist" />

	<!-- TubeMate -->
	<item component="ComponentInfo{devian.tubemate.v3/devian.tubemate.v3.Main}" drawable="tubemate" />

	<!-- Unexpected Keyboard -->
	<item component="ComponentInfo{juloo.keyboard2/juloo.keyboard2.LauncherActivity}" drawable="unexpected_keyboard" />

	<!-- Unified Remote Full -->
	<item component="ComponentInfo{com.Relmtech.RemotePaid/com.unified.v3.frontend.views.MainActivity}" drawable="unified_remote_full" />

	<!-- Video MP3 Converter -->
	<item component="ComponentInfo{com.fundevs.app.mediaconverter/com.fundevs.app.mediaconverter.SplashActivity}" drawable="video_mp3_converter" />

	<!-- Video Splitter -->
	<item component="ComponentInfo{com.technicles.videosplitter/com.technicles.videosplitter.HomePageActivity}" drawable="video_splitter" />

	<!-- Wise -->
	<item component="ComponentInfo{com.transferwise.android/com.transferwise.android.activity.SplashActivity}" drawable="wise" />

</resources>