<appmap>

	<!-- Aldiko Classic -->
	<item class="com.aldiko.android.ui.AliasHomeScreen" name="aldiko_classic"/>

	<!-- AnyDesk -->
	<item class="com.anydesk.anydeskandroid.gui.activity.MainActivity" name="anydesk"/>

	<!-- Around -->
	<item class="co.around.MainActivity" name="around"/>

	<!-- Audio Share -->
	<item class="io.github.mkckr0.audio_share_app.MainActivity" name="audio_share"/>

	<!-- Barcode Scanner -->
	<item class="com.google.zxing.client.android.CaptureActivity" name="barcode_scanner"/>

	<!-- Bible -->
	<item class="youversion.bible.app.MainActivity" name="bible"/>

	<!-- Bolt -->
	<item class="ee.mtakso.client.activity.SplashHomeActivity" name="bolt"/>

	<!-- Book Keeper -->
	<item class="com.bookkeeper.SplashScreen" name="book_keeper"/>

	<!-- CapCut -->
	<item class="com.google.android.archive.ReactivateActivity" name="capcut"/>

	<!-- CJdropshipping -->
	<item class="com.cj.dropshipping.general.activity.splash.SplashActivity" name="cjdropshipping"/>

	<!-- Clock -->
	<item class="com.android.deskclock.DeskClockTabActivity" name="clock"/>

	<!-- CloudStream Beta -->
	<item class="com.lagradost.cloudstream3.ui.account.AccountSelectActivity" name="cloudstream_beta"/>

	<!-- Docs To Go -->
	<item class="com.dataviz.dxtg.common.launcher.android.LauncherActivity" name="docs_to_go"/>

	<!-- Easy Watermark -->
	<item class="me.rosuh.easywatermark.ui.MainActivity" name="easy_watermark"/>

	<!-- Espees Wallet -->
	<item class="online.espees.espeeswallet.MainActivity" name="espees_wallet"/>

	<!-- EzDebt Book -->
	<item class="com.ezpuppies.ezdebt_book.MainActivity" name="ezdebt_book"/>

	<!-- F-Droid Basic -->
	<item class="org.fdroid.fdroid.views.main.MainActivity" name="f_droid_basic"/>

	<!-- Flynx -->
	<item class="com.flynx.MainActivity" name="flynx"/>

	<!-- FM Radio -->
	<item class="com.miui.fmradio.FmRadioActivity" name="fm_radio"/>

	<!-- Gallery -->
	<item class="com.miui.gallery.activity.HomePageActivity" name="gallery"/>

	<!-- Glovo -->
	<item class="com.glovoapp.onboarding.splash.SplashActivity" name="glovo"/>

	<!-- GoalTracker -->
	<item class="com.galaxy.app.goaltracker.activity.NavigationDrawerActivity" name="goaltracker"/>

	<!-- Hypatia -->
	<item class="us.spotco.malwarescanner.MainActivity" name="hypatia"/>

	<!-- InviZible Pro -->
	<item class="pan.alexander.tordnscrypt.MainActivity" name="invizible_pro"/>

	<!-- jetAudio+ -->
	<item class="com.jetappfactory.jetaudio.MusicBrowserActivity" name="jetaudio_"/>

	<!-- KingsChat -->
	<item class="com.kingschat.main.view.splashScreen.SplashActivity" name="kingschat"/>

	<!-- KRA PAYE Calculator Kenya -->
	<item class="net.simonmuthusi.payecalculatorkenya.StartActivity" name="kra_paye_calculator_kenya"/>

	<!-- LibreSudoku -->
	<item class="com.kaajjo.libresudoku.MainActivity" name="libresudoku"/>

	<!-- M-PESA -->
	<item class="com.mpesa.splash.SplashActivity" name="m_pesa"/>

	<!-- MiX -->
	<item class="com.mixplorer.activities.BrowseActivity" name="mix"/>

	<!-- Moon Reader -->
	<item class="com.flyersoft.moonreaderp.ActivityMain" name="moon_reader"/>

	<!-- MX Player Pro -->
	<item class="com.mxtech.videoplayer.pro.ActivityMediaList" name="mx_player_pro"/>

	<!-- MySafaricom -->
	<item class="com.safaricom.mysafaricom.ui.main.MainActivity" name="mysafaricom"/>

	<!-- MySword for Android -->
	<item class="com.riversoft.android.mysword.MySword" name="mysword_for_android"/>

	<!-- OpenKeychain -->
	<item class="org.sufficientlysecure.keychain.ui.MainActivity" name="openkeychain"/>

	<!-- PariPesa -->
	<item class="org.xbet.client1.features.appactivity.ApplicationActivity" name="paripesa"/>

	<!-- Pastor Chris Digital Library -->
	<item class="org.lwnm.digitallib.ui.activities.WelcomeActivity" name="pastor_chris_digital_library"/>

	<!-- PesaPap -->
	<item class="com.mode.familykenya.ui.SplashScreen" name="pesapap"/>

	<!-- Progress -->
	<item class="jp.moo.myworks.progressv2.views.project.MainActivity" name="progress"/>

	<!-- remove.bg -->
	<item class="bg.remove.android.ui.main.MainActivity" name="removebg"/>

	<!-- Replit -->
	<item class="com.replit.app.MainActivity" name="replit"/>

	<!-- Ruler -->
	<item class="org.nixgame.ruler.ActivityRuler" name="ruler"/>

	<!-- SavePal -->
	<item class="com.saving.ui.onboarding.launch.LauncherActivity" name="savepal"/>

	<!-- Screen Recorder -->
	<item class="com.miui.screenrecorder.activity.ScreenRecorderHomeActivity" name="screen_recorder"/>

	<!-- SD Maid -->
	<item class="eu.thedarken.sdm.main.ui.SDMMainActivity" name="sd_maid"/>

	<!-- Services & feedback -->
	<item class="com.miui.miservice.main.MainActivity" name="services_and_feedback"/>

	<!-- Simple Call Forwarding -->
	<item class="com.guywmustang.callforward.ConfigurationActivity" name="simple_call_forwarding"/>

	<!-- SmartCookieWeb -->
	<item class="com.cookiegames.smartcookie.MainActivity" name="smartcookieweb"/>

	<!-- SMS Backup & Restore Pro -->
	<item class="com.riteshsahu.SMSBackupRestore.activities.IntroActivity" name="sms_backup_and_restore_pro"/>

	<!-- Soul Tracker -->
	<item class="org.christembassysoultracker.soul.MainActivity" name="soul_tracker"/>

	<!-- Stuff -->
	<item class="com.stuff.todo.activities.OrganizeActivity" name="stuff"/>

	<!-- Themes -->
	<item class="com.android.thememanager.ThemeResourceTabActivity" name="themes"/>

	<!-- Timezone Converter -->
	<item class="nz.co.impressioncreative.timezone_viewer.MainActivity" name="timezone_converter"/>

	<!-- Todoist -->
	<item class="com.todoist.alias.HomeActivityDark" name="todoist"/>

	<!-- TubeMate -->
	<item class="devian.tubemate.v3.Main" name="tubemate"/>

	<!-- Unexpected Keyboard -->
	<item class="juloo.keyboard2.LauncherActivity" name="unexpected_keyboard"/>

	<!-- Unified Remote Full -->
	<item class="com.unified.v3.frontend.views.MainActivity" name="unified_remote_full"/>

	<!-- Video MP3 Converter -->
	<item class="com.fundevs.app.mediaconverter.SplashActivity" name="video_mp3_converter"/>

	<!-- Video Splitter -->
	<item class="com.technicles.videosplitter.HomePageActivity" name="video_splitter"/>

	<!-- Wise -->
	<item class="com.transferwise.android.activity.SplashActivity" name="wise"/>

</appmap>