<Theme version="1">

	<!-- Aldiko Classic -->
	<AppIcon name="com.aldiko.classic/com.aldiko.android.ui.AliasHomeScreen" image="aldiko_classic"/>

	<!-- AnyDesk -->
	<AppIcon name="com.anydesk.anydeskandroid/com.anydesk.anydeskandroid.gui.activity.MainActivity" image="anydesk"/>

	<!-- Around -->
	<AppIcon name="co.around/co.around.MainActivity" image="around"/>

	<!-- Audio Share -->
	<AppIcon name="io.github.mkckr0.audio_share_app/io.github.mkckr0.audio_share_app.MainActivity" image="audio_share"/>

	<!-- Barcode Scanner -->
	<AppIcon name="com.google.zxing.client.android/com.google.zxing.client.android.CaptureActivity" image="barcode_scanner"/>

	<!-- Bible -->
	<AppIcon name="com.sirma.mobile.bible.android/youversion.bible.app.MainActivity" image="bible"/>

	<!-- Bolt -->
	<AppIcon name="ee.mtakso.client/ee.mtakso.client.activity.SplashHomeActivity" image="bolt"/>

	<!-- Book Keeper -->
	<AppIcon name="com.bookkeeper/com.bookkeeper.SplashScreen" image="book_keeper"/>

	<!-- CapCut -->
	<AppIcon name="com.lemon.lvoverseas/com.google.android.archive.ReactivateActivity" image="capcut"/>

	<!-- CJdropshipping -->
	<AppIcon name="com.cj.dropshipping/com.cj.dropshipping.general.activity.splash.SplashActivity" image="cjdropshipping"/>

	<!-- Clock -->
	<AppIcon name="com.android.deskclock/com.android.deskclock.DeskClockTabActivity" image="clock"/>

	<!-- CloudStream Beta -->
	<AppIcon name="com.lagradost.cloudstream3.prerelease/com.lagradost.cloudstream3.ui.account.AccountSelectActivity" image="cloudstream_beta"/>

	<!-- Docs To Go -->
	<AppIcon name="com.dataviz.docstogo/com.dataviz.dxtg.common.launcher.android.LauncherActivity" image="docs_to_go"/>

	<!-- Easy Watermark -->
	<AppIcon name="me.rosuh.easywatermark/me.rosuh.easywatermark.ui.MainActivity" image="easy_watermark"/>

	<!-- Espees Wallet -->
	<AppIcon name="online.espees.espeeswallet/online.espees.espeeswallet.MainActivity" image="espees_wallet"/>

	<!-- EzDebt Book -->
	<AppIcon name="com.ezpuppies.ezdebt_book/com.ezpuppies.ezdebt_book.MainActivity" image="ezdebt_book"/>

	<!-- F-Droid Basic -->
	<AppIcon name="org.fdroid.basic/org.fdroid.fdroid.views.main.MainActivity" image="f_droid_basic"/>

	<!-- Flynx -->
	<AppIcon name="com.flynx/com.flynx.MainActivity" image="flynx"/>

	<!-- FM Radio -->
	<AppIcon name="com.miui.fm/com.miui.fmradio.FmRadioActivity" image="fm_radio"/>

	<!-- Gallery -->
	<AppIcon name="com.miui.gallery/com.miui.gallery.activity.HomePageActivity" image="gallery"/>

	<!-- Glovo -->
	<AppIcon name="com.glovo/com.glovoapp.onboarding.splash.SplashActivity" image="glovo"/>

	<!-- GoalTracker -->
	<AppIcon name="com.galaxy.app.goaltracker/com.galaxy.app.goaltracker.activity.NavigationDrawerActivity" image="goaltracker"/>

	<!-- Hypatia -->
	<AppIcon name="us.spotco.malwarescanner/us.spotco.malwarescanner.MainActivity" image="hypatia"/>

	<!-- InviZible Pro -->
	<AppIcon name="pan.alexander.tordnscrypt.stable/pan.alexander.tordnscrypt.MainActivity" image="invizible_pro"/>

	<!-- jetAudio+ -->
	<AppIcon name="com.jetappfactory.jetaudioplus/com.jetappfactory.jetaudio.MusicBrowserActivity" image="jetaudio_"/>

	<!-- KingsChat -->
	<AppIcon name="com.joinkingschat.android/com.kingschat.main.view.splashScreen.SplashActivity" image="kingschat"/>

	<!-- KRA PAYE Calculator Kenya -->
	<AppIcon name="net.simonmuthusi.payecalculatorkenya/net.simonmuthusi.payecalculatorkenya.StartActivity" image="kra_paye_calculator_kenya"/>

	<!-- LibreSudoku -->
	<AppIcon name="com.kaajjo.libresudoku/com.kaajjo.libresudoku.MainActivity" image="libresudoku"/>

	<!-- M-PESA -->
	<AppIcon name="com.safaricom.mpesa.lifestyle/com.mpesa.splash.SplashActivity" image="m_pesa"/>

	<!-- MiX -->
	<AppIcon name="com.mixplorer/com.mixplorer.activities.BrowseActivity" image="mix"/>

	<!-- Moon Reader -->
	<AppIcon name="com.flyersoft.moonreaderp/com.flyersoft.moonreaderp.ActivityMain" image="moon_reader"/>

	<!-- MX Player Pro -->
	<AppIcon name="com.mxtech.videoplayer.pro/com.mxtech.videoplayer.pro.ActivityMediaList" image="mx_player_pro"/>

	<!-- MySafaricom -->
	<AppIcon name="com.safaricom.mysafaricom/com.safaricom.mysafaricom.ui.main.MainActivity" image="mysafaricom"/>

	<!-- MySword for Android -->
	<AppIcon name="com.riversoft.android.mysword/com.riversoft.android.mysword.MySword" image="mysword_for_android"/>

	<!-- OpenKeychain -->
	<AppIcon name="org.sufficientlysecure.keychain/org.sufficientlysecure.keychain.ui.MainActivity" image="openkeychain"/>

	<!-- PariPesa -->
	<AppIcon name="org.paripesa.client/org.xbet.client1.features.appactivity.ApplicationActivity" image="paripesa"/>

	<!-- Pastor Chris Digital Library -->
	<AppIcon name="org.lwnm.digitallib/org.lwnm.digitallib.ui.activities.WelcomeActivity" image="pastor_chris_digital_library"/>

	<!-- PesaPap -->
	<AppIcon name="com.mode.familykenya.ui/com.mode.familykenya.ui.SplashScreen" image="pesapap"/>

	<!-- Progress -->
	<AppIcon name="jp.moo.myworks.progressofproject/jp.moo.myworks.progressv2.views.project.MainActivity" image="progress"/>

	<!-- remove.bg -->
	<AppIcon name="bg.remove.android/bg.remove.android.ui.main.MainActivity" image="removebg"/>

	<!-- Replit -->
	<AppIcon name="com.replit.app/com.replit.app.MainActivity" image="replit"/>

	<!-- Ruler -->
	<AppIcon name="org.nixgame.ruler/org.nixgame.ruler.ActivityRuler" image="ruler"/>

	<!-- SavePal -->
	<AppIcon name="com.saving/com.saving.ui.onboarding.launch.LauncherActivity" image="savepal"/>

	<!-- Screen Recorder -->
	<AppIcon name="com.miui.screenrecorder/com.miui.screenrecorder.activity.ScreenRecorderHomeActivity" image="screen_recorder"/>

	<!-- SD Maid -->
	<AppIcon name="eu.thedarken.sdm/eu.thedarken.sdm.main.ui.SDMMainActivity" image="sd_maid"/>

	<!-- Services & feedback -->
	<AppIcon name="com.miui.miservice/com.miui.miservice.main.MainActivity" image="services_and_feedback"/>

	<!-- Simple Call Forwarding -->
	<AppIcon name="com.guywmustang.callforward/com.guywmustang.callforward.ConfigurationActivity" image="simple_call_forwarding"/>

	<!-- SmartCookieWeb -->
	<AppIcon name="com.cookiegames.smartcookie/com.cookiegames.smartcookie.MainActivity" image="smartcookieweb"/>

	<!-- SMS Backup & Restore Pro -->
	<AppIcon name="com.riteshsahu.SMSBackupRestorePro/com.riteshsahu.SMSBackupRestore.activities.IntroActivity" image="sms_backup_and_restore_pro"/>

	<!-- Soul Tracker -->
	<AppIcon name="org.christembassysoultracker.soul/org.christembassysoultracker.soul.MainActivity" image="soul_tracker"/>

	<!-- Stuff -->
	<AppIcon name="com.stuff.todo/com.stuff.todo.activities.OrganizeActivity" image="stuff"/>

	<!-- Themes -->
	<AppIcon name="com.android.thememanager/com.android.thememanager.ThemeResourceTabActivity" image="themes"/>

	<!-- Timezone Converter -->
	<AppIcon name="nz.co.impressioncreative.timezone_viewer/nz.co.impressioncreative.timezone_viewer.MainActivity" image="timezone_converter"/>

	<!-- Todoist -->
	<AppIcon name="com.todoist/com.todoist.alias.HomeActivityDark" image="todoist"/>

	<!-- TubeMate -->
	<AppIcon name="devian.tubemate.v3/devian.tubemate.v3.Main" image="tubemate"/>

	<!-- Unexpected Keyboard -->
	<AppIcon name="juloo.keyboard2/juloo.keyboard2.LauncherActivity" image="unexpected_keyboard"/>

	<!-- Unified Remote Full -->
	<AppIcon name="com.Relmtech.RemotePaid/com.unified.v3.frontend.views.MainActivity" image="unified_remote_full"/>

	<!-- Video MP3 Converter -->
	<AppIcon name="com.fundevs.app.mediaconverter/com.fundevs.app.mediaconverter.SplashActivity" image="video_mp3_converter"/>

	<!-- Video Splitter -->
	<AppIcon name="com.technicles.videosplitter/com.technicles.videosplitter.HomePageActivity" image="video_splitter"/>

	<!-- Wise -->
	<AppIcon name="com.transferwise.android/com.transferwise.android.activity.SplashActivity" image="wise"/>

</Theme>