<resources>

	<!-- Air Navigation -->
	<item component="ComponentInfo{com.xample.airnavigation/com.xample.airnavigation.anp8.AirNavigationActivity}" drawable="air_navigation" />

	<!-- Aviones en Vivo -->
	<item component="ComponentInfo{com.apalon.flight.tracker/com.apalon.flight.tracker.ui.activities.main.MainActivity}" drawable="aviones_en_vivo" />

	<!-- Fast Pair Validator -->
	<item component="ComponentInfo{com.google.location.nearby.apps.fastpair.validator/com.google.location.nearby.apps.fastpair.validator.WelcomeActivity}" drawable="fast_pair_validator" />

	<!-- Flightradar24 -->
	<item component="ComponentInfo{com.flightradar24free/com.flightradar24free.feature.splash.view.SplashActivity}" drawable="flightradar24" />

	<!-- Looker Studio -->
	<item component="ComponentInfo{com.google.android.apps.cloud.cloudbi/com.google.android.apps.cloud.cloudbi.MainActivity}" drawable="looker_studio" />

	<!-- Modo Lectura -->
	<item component="ComponentInfo{com.google.android.accessibility.reader/com.google.android.accessibility.reader.settings.ReaderActivity}" drawable="modo_lectura" />

	<!-- Plane Finder -->
	<item component="ComponentInfo{com.pinkfroot.planefinderfree/com.pinkfroot.planefinder.ui.MainActivity}" drawable="plane_finder" />

	<!-- Rain Alert -->
	<item component="ComponentInfo{com.gonext.rainalert/com.gonext.rainalert.activities.SplashActivity}" drawable="rain_alert" />

	<!-- SimpleWeather -->
	<item component="ComponentInfo{com.thewizrd.simpleweather/com.thewizrd.simpleweather.LaunchActivity}" drawable="simpleweather" />

	<!-- Weather Sky -->
	<item component="ComponentInfo{com.lifeoverflow.app.weather/com.lifeoverflow.app.weather.MainActivity}" drawable="weather_sky" />

</resources>