<Theme version="1">

	<!-- Air Navigation -->
	<AppIcon name="com.xample.airnavigation/com.xample.airnavigation.anp8.AirNavigationActivity" image="air_navigation"/>

	<!-- Aviones en Vivo -->
	<AppIcon name="com.apalon.flight.tracker/com.apalon.flight.tracker.ui.activities.main.MainActivity" image="aviones_en_vivo"/>

	<!-- Fast Pair Validator -->
	<AppIcon name="com.google.location.nearby.apps.fastpair.validator/com.google.location.nearby.apps.fastpair.validator.WelcomeActivity" image="fast_pair_validator"/>

	<!-- Flightradar24 -->
	<AppIcon name="com.flightradar24free/com.flightradar24free.feature.splash.view.SplashActivity" image="flightradar24"/>

	<!-- Looker Studio -->
	<AppIcon name="com.google.android.apps.cloud.cloudbi/com.google.android.apps.cloud.cloudbi.MainActivity" image="looker_studio"/>

	<!-- Modo Lectura -->
	<AppIcon name="com.google.android.accessibility.reader/com.google.android.accessibility.reader.settings.ReaderActivity" image="modo_lectura"/>

	<!-- Plane Finder -->
	<AppIcon name="com.pinkfroot.planefinderfree/com.pinkfroot.planefinder.ui.MainActivity" image="plane_finder"/>

	<!-- Rain Alert -->
	<AppIcon name="com.gonext.rainalert/com.gonext.rainalert.activities.SplashActivity" image="rain_alert"/>

	<!-- SimpleWeather -->
	<AppIcon name="com.thewizrd.simpleweather/com.thewizrd.simpleweather.LaunchActivity" image="simpleweather"/>

	<!-- Weather Sky -->
	<AppIcon name="com.lifeoverflow.app.weather/com.lifeoverflow.app.weather.MainActivity" image="weather_sky"/>

</Theme>