<appmap>

	<!-- Amazon -->
	<item class="com.amazon.mShop.home.HomeActivity" name="amazon"/>

	<!-- Camera -->
	<item class="com.nothing.camera.activity.CameraActivity" name="camera"/>

	<!-- Camera -->
	<item class="com.android.camera.CameraLauncher" name="camera"/>

	<!-- Digital Wellbeing -->
	<item class="com.google.android.apps.wellbeing.settings.LauncherActivity" name="digital_wellbeing"/>

	<!-- Eternity -->
	<item class="eu.toldi.infinityforlemmy.DefaultIcon" name="eternity"/>

	<!-- Gallery -->
	<item class="org.fossify.gallery.activities.SplashActivity.Grey_black" name="gallery"/>

	<!-- lichess -->
	<item class="org.lichess.mobileapp.MainActivity" name="lichess"/>

	<!-- Metro -->
	<item class="code.name.monkey.retromusic.activities.MainActivity" name="metro"/>

	<!-- Moshidon -->
	<item class="org.joinmastodon.android.MainActivity" name="moshidon"/>

	<!-- myExcitel -->
	<item class="com.scaleforce.mobile.myexcitel.MainActivity" name="myexcitel"/>

	<!-- NewPipe SponsorBlock -->
	<item class="org.schabi.newpipe.MainActivity" name="newpipe_sponsorblock"/>

	<!-- Paytm -->
	<item class="net.one97.paytm.landingpage.activity.AJRMainActivity" name="paytm"/>

	<!-- Pixelfed -->
	<item class="com.pixelfed.MainActivity" name="pixelfed"/>

	<!-- Plus -->
	<item class="org.telegram.messenger.TurboIcon" name="plus"/>

	<!-- Recorder -->
	<item class="com.nothing.soundrecorder.ui.NewMainActivity" name="recorder"/>

	<!-- Showly OSS -->
	<item class="com.michaldrabik.showly_oss.ui.main.MainActivity" name="showly_oss"/>

	<!-- Slack -->
	<item class="slack.features.home.HomeActivity" name="slack"/>

	<!-- SMS Messenger -->
	<item class="com.simplemobiletools.smsmessenger.activities.SplashActivity.Orange" name="sms_messenger"/>

	<!-- Weather -->
	<item class="com.nothing.weather.ui.main.MainActivity" name="weather"/>

	<!-- X -->
	<item class="com.twitter.android.StartActivity" name="x"/>

	<!-- Zomato -->
	<item class="com.application.zomato.activities.Splash" name="zomato"/>

</appmap>