<Theme version="1">

	<!-- Amazon -->
	<AppIcon name="in.amazon.mShop.android.shopping/com.amazon.mShop.home.HomeActivity" image="amazon"/>

	<!-- Camera -->
	<AppIcon name="com.nothing.camera/com.nothing.camera.activity.CameraActivity" image="camera"/>

	<!-- Camera -->
	<AppIcon name="org.codeaurora.snapcam/com.android.camera.CameraLauncher" image="camera"/>

	<!-- Digital Wellbeing -->
	<AppIcon name="com.google.android.apps.wellbeing/com.google.android.apps.wellbeing.settings.LauncherActivity" image="digital_wellbeing"/>

	<!-- Eternity -->
	<AppIcon name="eu.toldi.infinityforlemmy/eu.toldi.infinityforlemmy.DefaultIcon" image="eternity"/>

	<!-- Gallery -->
	<AppIcon name="org.fossify.gallery/org.fossify.gallery.activities.SplashActivity.Grey_black" image="gallery"/>

	<!-- lichess -->
	<AppIcon name="org.lichess.mobileapp.free/org.lichess.mobileapp.MainActivity" image="lichess"/>

	<!-- Metro -->
	<AppIcon name="io.github.muntashirakon.Music/code.name.monkey.retromusic.activities.MainActivity" image="metro"/>

	<!-- Moshidon -->
	<AppIcon name="org.joinmastodon.android.moshinda/org.joinmastodon.android.MainActivity" image="moshidon"/>

	<!-- myExcitel -->
	<AppIcon name="com.scaleforce.mobile.myexcitel/com.scaleforce.mobile.myexcitel.MainActivity" image="myexcitel"/>

	<!-- NewPipe SponsorBlock -->
	<AppIcon name="com.javulticat.newpipe/org.schabi.newpipe.MainActivity" image="newpipe_sponsorblock"/>

	<!-- Paytm -->
	<AppIcon name="net.one97.paytm/net.one97.paytm.landingpage.activity.AJRMainActivity" image="paytm"/>

	<!-- Pixelfed -->
	<AppIcon name="com.pixelfed/com.pixelfed.MainActivity" image="pixelfed"/>

	<!-- Plus -->
	<AppIcon name="org.telegram.plus/org.telegram.messenger.TurboIcon" image="plus"/>

	<!-- Recorder -->
	<AppIcon name="com.nothing.soundrecorder/com.nothing.soundrecorder.ui.NewMainActivity" image="recorder"/>

	<!-- Showly OSS -->
	<AppIcon name="com.michaldrabik.showly_oss/com.michaldrabik.showly_oss.ui.main.MainActivity" image="showly_oss"/>

	<!-- Slack -->
	<AppIcon name="com.Slack/slack.features.home.HomeActivity" image="slack"/>

	<!-- SMS Messenger -->
	<AppIcon name="com.simplemobiletools.smsmessenger/com.simplemobiletools.smsmessenger.activities.SplashActivity.Orange" image="sms_messenger"/>

	<!-- Weather -->
	<AppIcon name="com.nothing.weather/com.nothing.weather.ui.main.MainActivity" image="weather"/>

	<!-- X -->
	<AppIcon name="com.twitter.android/com.twitter.android.StartActivity" image="x"/>

	<!-- Zomato -->
	<AppIcon name="com.application.zomato/com.application.zomato.activities.Splash" image="zomato"/>

</Theme>