<resources>

	<!-- Alfagift -->
	<item component="ComponentInfo{com.alfamart.alfagift/com.alfamart.alfagift.screen.splash.SplashActivity}" drawable="alfagift" />

	<!-- Allofresh -->
	<item component="ComponentInfo{id.allofresh.ecommerce/id.allofresh.ecommerce.allofresh_flutter.host.MainActivity}" drawable="allofresh" />

	<!-- by.U -->
	<item component="ComponentInfo{com.byu.id/com.byu.id.MainActivity}" drawable="byu" />

	<!-- Getcontact -->
	<item component="ComponentInfo{app.source.getcontact/app.source.getcontact.ui.starter.StarterActivity}" drawable="getcontact" />

	<!-- Gojek -->
	<item component="ComponentInfo{com.gojek.app/com.gojek.home.splash.GojekSplashActivity}" drawable="gojek" />

	<!-- Jam -->
	<item component="ComponentInfo{com.android.deskclock/com.android.deskclock.DeskClockTabActivity}" drawable="jam" />

	<!-- Klik Indomaret -->
	<item component="ComponentInfo{com.indomaret.klikindomaret/com.indomaret.klikindomaret.MainActivity}" drawable="klik_indomaret" />

	<!-- Layanan & masukan -->
	<item component="ComponentInfo{com.miui.miservice/com.miui.miservice.main.MainActivity}" drawable="layanan_and_masukan" />

	<!-- Radio Indah Siar -->
	<item component="ComponentInfo{com.uwaiscode.uc_radio_indahsiar/com.uwaiscode.uc_radio_indahsiar.MainActivity}" drawable="radio_indah_siar" />

	<!-- Radio Islam Indonesia -->
	<item component="ComponentInfo{dev.oasemedia.radioislamindonesia/dev.oasemedia.radioislamindonesia.MainActivity}" drawable="radio_islam_indonesia" />

	<!-- Shopee Lite -->
	<item component="ComponentInfo{com.shopee.lite.id/com.shopee.app.ui.home.HomeActivity_}" drawable="shopee_lite" />

	<!-- TikTok -->
	<item component="ComponentInfo{com.ss.android.ugc.trill/com.ss.android.ugc.aweme.splash.SplashActivity}" drawable="tiktok" />

	<!-- Toko Mas Hidup -->
	<item component="ComponentInfo{com.tokomashidup/com.tokomashidup.MainActivity}" drawable="toko_mas_hidup" />

	<!-- Tokopedia -->
	<item component="ComponentInfo{com.tokopedia.tkpd/com.tokopedia.tkpd.ConsumerSplashScreen}" drawable="tokopedia" />

</resources>