<appmap>

	<!-- Alfagift -->
	<item class="com.alfamart.alfagift.screen.splash.SplashActivity" name="alfagift"/>

	<!-- Allofresh -->
	<item class="id.allofresh.ecommerce.allofresh_flutter.host.MainActivity" name="allofresh"/>

	<!-- by.U -->
	<item class="com.byu.id.MainActivity" name="byu"/>

	<!-- Getcontact -->
	<item class="app.source.getcontact.ui.starter.StarterActivity" name="getcontact"/>

	<!-- Gojek -->
	<item class="com.gojek.home.splash.GojekSplashActivity" name="gojek"/>

	<!-- Jam -->
	<item class="com.android.deskclock.DeskClockTabActivity" name="jam"/>

	<!-- Klik Indomaret -->
	<item class="com.indomaret.klikindomaret.MainActivity" name="klik_indomaret"/>

	<!-- Layanan & masukan -->
	<item class="com.miui.miservice.main.MainActivity" name="layanan_and_masukan"/>

	<!-- Radio Indah Siar -->
	<item class="com.uwaiscode.uc_radio_indahsiar.MainActivity" name="radio_indah_siar"/>

	<!-- Radio Islam Indonesia -->
	<item class="dev.oasemedia.radioislamindonesia.MainActivity" name="radio_islam_indonesia"/>

	<!-- Shopee Lite -->
	<item class="com.shopee.app.ui.home.HomeActivity_" name="shopee_lite"/>

	<!-- TikTok -->
	<item class="com.ss.android.ugc.aweme.splash.SplashActivity" name="tiktok"/>

	<!-- Toko Mas Hidup -->
	<item class="com.tokomashidup.MainActivity" name="toko_mas_hidup"/>

	<!-- Tokopedia -->
	<item class="com.tokopedia.tkpd.ConsumerSplashScreen" name="tokopedia"/>

</appmap>