<Theme version="1">

	<!-- Alfagift -->
	<AppIcon name="com.alfamart.alfagift/com.alfamart.alfagift.screen.splash.SplashActivity" image="alfagift"/>

	<!-- Allofresh -->
	<AppIcon name="id.allofresh.ecommerce/id.allofresh.ecommerce.allofresh_flutter.host.MainActivity" image="allofresh"/>

	<!-- by.U -->
	<AppIcon name="com.byu.id/com.byu.id.MainActivity" image="byu"/>

	<!-- Getcontact -->
	<AppIcon name="app.source.getcontact/app.source.getcontact.ui.starter.StarterActivity" image="getcontact"/>

	<!-- Gojek -->
	<AppIcon name="com.gojek.app/com.gojek.home.splash.GojekSplashActivity" image="gojek"/>

	<!-- Jam -->
	<AppIcon name="com.android.deskclock/com.android.deskclock.DeskClockTabActivity" image="jam"/>

	<!-- Klik Indomaret -->
	<AppIcon name="com.indomaret.klikindomaret/com.indomaret.klikindomaret.MainActivity" image="klik_indomaret"/>

	<!-- Layanan & masukan -->
	<AppIcon name="com.miui.miservice/com.miui.miservice.main.MainActivity" image="layanan_and_masukan"/>

	<!-- Radio Indah Siar -->
	<AppIcon name="com.uwaiscode.uc_radio_indahsiar/com.uwaiscode.uc_radio_indahsiar.MainActivity" image="radio_indah_siar"/>

	<!-- Radio Islam Indonesia -->
	<AppIcon name="dev.oasemedia.radioislamindonesia/dev.oasemedia.radioislamindonesia.MainActivity" image="radio_islam_indonesia"/>

	<!-- Shopee Lite -->
	<AppIcon name="com.shopee.lite.id/com.shopee.app.ui.home.HomeActivity_" image="shopee_lite"/>

	<!-- TikTok -->
	<AppIcon name="com.ss.android.ugc.trill/com.ss.android.ugc.aweme.splash.SplashActivity" image="tiktok"/>

	<!-- Toko Mas Hidup -->
	<AppIcon name="com.tokomashidup/com.tokomashidup.MainActivity" image="toko_mas_hidup"/>

	<!-- Tokopedia -->
	<AppIcon name="com.tokopedia.tkpd/com.tokopedia.tkpd.ConsumerSplashScreen" image="tokopedia"/>

</Theme>