<resources>

	<!-- ASR -->
	<item component="ComponentInfo{com.nll.asr/com.nll.asr.ui.MainActivity}" drawable="asr" />

	<!-- Gestor de archivos -->
	<item component="ComponentInfo{com.ekia.files.manager/com.ekia.filecontrolmanager.module.activity.FMFirstActivity}" drawable="gestor_de_archivos" />

	<!-- Grabador de audio -->
	<item component="ComponentInfo{com.rimidalv.dictaphone/com.rimidalv.dictaphone.feature.main.MainActivity}" drawable="grabador_de_audio" />

	<!-- Gu Recorder -->
	<item component="ComponentInfo{com.mobi.screenrecorder.durecorder/com.xvideostudio.videoeditor.activity.RecorderSplashActivity}" drawable="gu_recorder" />

	<!-- Screen Recorder -->
	<item component="ComponentInfo{com.linuxauthority.screenrecorder/com.linuxauthority.screenrecorder.ui.main.MainActivity}" drawable="screen_recorder" />

	<!-- Screen Recorder -->
	<item component="ComponentInfo{com.video.editor.effect.recorder/com.nicevideo.screen.recorder.LaunchActivity}" drawable="screen_recorder" />

	<!-- Screen Recorder with Facecam -->
	<item component="ComponentInfo{com.mjtechnologies.mjscreenrecorder.recorder.videorecorder.videorecordingeditor.mjscreenrecorder/com.mjtechnologies.mjscreenrecorder.recorder.videorecorder.videorecordingeditor.mjscreenrecorder.MainActivity}" drawable="screen_recorder_with_facecam" />

	<!-- SRecorder -->
	<item component="ComponentInfo{screenrecorder.videorecorder.rec.video.screen.recorder/com.tianxingjian.screenshot.ui.activity.SplashActivity}" drawable="srecorder" />

</resources>