<Theme version="1">

	<!-- ASR -->
	<AppIcon name="com.nll.asr/com.nll.asr.ui.MainActivity" image="asr"/>

	<!-- Gestor de archivos -->
	<AppIcon name="com.ekia.files.manager/com.ekia.filecontrolmanager.module.activity.FMFirstActivity" image="gestor_de_archivos"/>

	<!-- Grabador de audio -->
	<AppIcon name="com.rimidalv.dictaphone/com.rimidalv.dictaphone.feature.main.MainActivity" image="grabador_de_audio"/>

	<!-- Gu Recorder -->
	<AppIcon name="com.mobi.screenrecorder.durecorder/com.xvideostudio.videoeditor.activity.RecorderSplashActivity" image="gu_recorder"/>

	<!-- Screen Recorder -->
	<AppIcon name="com.linuxauthority.screenrecorder/com.linuxauthority.screenrecorder.ui.main.MainActivity" image="screen_recorder"/>

	<!-- Screen Recorder -->
	<AppIcon name="com.video.editor.effect.recorder/com.nicevideo.screen.recorder.LaunchActivity" image="screen_recorder"/>

	<!-- Screen Recorder with Facecam -->
	<AppIcon name="com.mjtechnologies.mjscreenrecorder.recorder.videorecorder.videorecordingeditor.mjscreenrecorder/com.mjtechnologies.mjscreenrecorder.recorder.videorecorder.videorecordingeditor.mjscreenrecorder.MainActivity" image="screen_recorder_with_facecam"/>

	<!-- SRecorder -->
	<AppIcon name="screenrecorder.videorecorder.rec.video.screen.recorder/com.tianxingjian.screenshot.ui.activity.SplashActivity" image="srecorder"/>

</Theme>