<appmap>

	<!-- 1DM+ -->
	<item class="idm.internet.download.manager.MainActivity" name="_1dm_"/>

	<!-- Aniyomi -->
	<item class="eu.kanade.tachiyomi.ui.main.MainActivity" name="aniyomi"/>

	<!-- Anytype -->
	<item class="com.anytypeio.anytype.ui.main.MainActivity" name="anytype"/>

	<!-- Apple Music -->
	<item class="com.apple.android.music.onboarding.activities.SplashActivity" name="apple_music"/>

	<!-- Camera -->
	<item class="com.nothing.camera.activity.CameraActivity" name="camera"/>

	<!-- Camera -->
	<item class="app.grapheneos.camera.ui.activities.MainActivity" name="camera"/>

	<!-- Classical -->
	<item class="com.apple.android.music.classical.app.features.launcherscreen.ui.LauncherActivity" name="classical"/>

	<!-- Composer -->
	<item class="com.nothing.glyph.composer.ui.MainActivity" name="composer"/>

	<!-- Digilocker -->
	<item class="in.gov.digilocker.views.mainactivity.SplashScreenActivity" name="digilocker"/>

	<!-- Discord -->
	<item class="com.discord.main.MainDefault" name="discord"/>

	<!-- Droid-ify -->
	<item class="com.looker.droidify.MainActivity" name="droid_ify"/>

	<!-- exteraGram -->
	<item class="com.exteragram.messenger.DefaultIcon" name="exteragram"/>

	<!-- FairEmail -->
	<item class="eu.faircode.email.ActivityMain" name="fairemail"/>

	<!-- Firefox Beta -->
	<item class="org.mozilla.firefox_beta.App" name="firefox_beta"/>

	<!-- Free TV -->
	<item class="com.phstudio.freetv.MainActivity" name="free_tv"/>

	<!-- Funkong -->
	<item class="com.sikebo.amoled.icons.activities.SplashActivity" name="funkong"/>

	<!-- Hypatia -->
	<item class="us.spotco.malwarescanner.MainActivity" name="hypatia"/>

	<!-- iBroadcast -->
	<item class="com.ibroadcast.activities.LoginActivity" name="ibroadcast"/>

	<!-- India Drug Index -->
	<item class="com.medengage.drugindex.ui.activity.NewSplashActivity" name="india_drug_index"/>

	<!-- KeePassDX -->
	<item class="com.kunzisoft.keepass.activities.FileDatabaseSelectActivity" name="keepassdx"/>

	<!-- KLWP -->
	<item class="org.kustom.app.OnBoardingActivity" name="klwp"/>

	<!-- Kvaesitso Nightly -->
	<item class="de.mm20.launcher2.ui.launcher.LauncherActivity" name="kvaesitso_nightly"/>

	<!-- LessPass -->
	<item class="com.lesspass.android.MainActivity" name="lesspass"/>

	<!-- mAadhaar -->
	<item class="in.gov.uidai.mAadhaarPlus.MainActivity" name="maadhaar"/>

	<!-- MiX -->
	<item class="com.mixplorer.activities.BrowseActivity" name="mix"/>

	<!-- Network Speed -->
	<item class="com.evozi.network.view.MainActivity" name="network_speed"/>

	<!-- NextGen mParivahan -->
	<item class="com.nic.mparivahan.Welcome.SplashScreen" name="nextgen_mparivahan"/>

	<!-- Nothing X -->
	<item class="com.nothing.home.activity.WelcomeActivity" name="nothing_x"/>

	<!-- Nova Video Player -->
	<item class="org.courville.nova.browser.BrowserActivityVideo" name="nova_video_player"/>

	<!-- Ola -->
	<item class="com.olacabs.customer.ui.SplashActivity" name="ola"/>

	<!-- OSS Document Scanner -->
	<item class="com.akylas.documentscanner.MainActivity" name="oss_document_scanner"/>

	<!-- PDF Viewer -->
	<item class="app.grapheneos.pdfviewer.PdfViewer" name="pdf_viewer"/>

	<!-- Pixel Buds -->
	<item class="com.google.android.apps.wearables.maestro.companion.ui.ShortCutActivity" name="pixel_buds"/>

	<!-- Recorder -->
	<item class="com.nothing.soundrecorder.ui.NewMainActivity" name="recorder"/>

	<!-- RedReader -->
	<item class="org.quantumbadger.redreader.activities.MainActivity" name="redreader"/>

	<!-- Rethink -->
	<item class="com.celzero.bravedns.ui.HomeScreenActivity" name="rethink"/>

	<!-- Rewards -->
	<item class="com.google.android.apps.paidtasks.activity.LaunchActivity" name="rewards"/>

	<!-- Round Sync -->
	<item class="ca.pkay.rcloneexplorer.Activities.MainActivity" name="round_sync"/>

	<!-- Royal Enfield -->
	<item class="com.royalenfield.reprime.ui.splash.activity.MainSplashScreenActivity" name="royal_enfield"/>

	<!-- Safety -->
	<item class="com.google.android.apps.safetyhub.LauncherActivity" name="safety"/>

	<!-- SaverTuner -->
	<item class="com.draco.buoy.views.MainActivity" name="savertuner"/>

	<!-- Seal -->
	<item class="com.junkfood.seal.MainActivity" name="seal"/>

	<!-- Session -->
	<item class="network.loki.messenger.RoutingActivity" name="session"/>

	<!-- SimpleX -->
	<item class="chat.simplex.app.MainActivity_dark_blue" name="simplex"/>

	<!-- Tasker -->
	<item class="net.dinglisch.android.taskerm.Tasker" name="tasker"/>

	<!-- Tor Browser Alpha -->
	<item class="org.torproject.torbrowser_alpha.App" name="tor_browser_alpha"/>

	<!-- Uber -->
	<item class="com.ubercab.presidio.app.core.root.RootActivity" name="uber"/>

	<!-- UTS -->
	<item class="com.cris.ima.utsonmobile.mainmenuitems.SplashActivity" name="uts"/>

	<!-- WallFlow Plus -->
	<item class="com.ammar.wallflow.activities.main.MainActivity" name="wallflow_plus"/>

	<!-- WallMan -->
	<item class="com.colorata.wallman.shared.MainActivity" name="wallman"/>

	<!-- Weather -->
	<item class="com.nothing.weather.ui.main.MainActivity" name="weather"/>

	<!-- YONO SBI -->
	<item class="com.sbi.lotusintouch.MainActivity" name="yono_sbi"/>

</appmap>