<resources>

	<!-- 1Tap Cleaner -->
	<item component="ComponentInfo{com.a0soft.gphone.acc.free/com.a0soft.gphone.acc.free.MainWnd}" drawable="_1tap_cleaner" />

	<!-- ChatGPT -->
	<item component="ComponentInfo{com.openai.chatgpt/com.openai.chatgpt.MainActivity}" drawable="chatgpt" />

	<!-- Device care -->
	<item component="ComponentInfo{com.samsung.android.lool/com.samsung.android.sm.ui.DefaultActivity}" drawable="device_care" />

	<!-- Device Info -->
	<item component="ComponentInfo{com.ytheekshana.deviceinfo/com.ytheekshana.deviceinfo.SplashActivity}" drawable="device_info" />

	<!-- Geometry Dash -->
	<item component="ComponentInfo{com.robtopx.geometryjump/com.robtopx.geometryjump.GeometryJump}" drawable="geometry_dash" />

	<!-- Live Transcribe -->
	<item component="ComponentInfo{com.google.audio.hearing.visualization.accessibility.scribe/com.google.audio.hearing.visualization.accessibility.scribe.LauncherActivity}" drawable="live_transcribe" />

	<!-- Muslim Pro -->
	<item component="ComponentInfo{com.bitsmedia.android.muslimpro/com.bitsmedia.android.muslimpro.core.activities.SplashActivity}" drawable="muslim_pro" />

	<!-- Nerd AI -->
	<item component="ComponentInfo{com.codeway.homework/com.codeway.homework.MainActivity}" drawable="nerd_ai" />

	<!-- Parental controls -->
	<item component="ComponentInfo{com.google.android.apps.kids.familylinkhelper/com.google.android.apps.kids.familylinkhelper.trampoline.TrampolineActivity}" drawable="parental_controls" />

	<!-- Pokémon GO -->
	<item component="ComponentInfo{com.nianticlabs.pokemongo/com.nianticproject.holoholo.libholoholo.unity.UnityMainActivity}" drawable="pokemon_go" />

	<!-- Runmefit -->
	<item component="ComponentInfo{com.starmax.runmefit/com.starmax.runmefit.MainActivity}" drawable="runmefit" />

	<!-- Shizuku -->
	<item component="ComponentInfo{moe.shizuku.privileged.api/moe.shizuku.manager.MainActivity}" drawable="shizuku" />

	<!-- Sound notifications -->
	<item component="ComponentInfo{com.google.audio.hearing.visualization.accessibility.scribe/com.google.audio.hearing.visualization.accessibility.dolphin.DolphinLauncherActivity}" drawable="sound_notifications" />

	<!-- Space Intern -->
	<item component="ComponentInfo{com.OakyGames.SpaceIntern/com.unity3d.player.UnityPlayerActivity}" drawable="space_intern" />

</resources>