<resources>

	<!-- AgileTV -->
	<item component="ComponentInfo{com.agilecontent.agiletv.mobile/com.agilecontent.agiletv.presentation.ui.splash.SplashActivity}" drawable="agiletv" />

	<!-- Ciber Protección -->
	<item component="ComponentInfo{com.orange.sp.cybersecurity/com.cyan.osp.MainActivity}" drawable="ciber_proteccion" />

	<!-- MiTele -->
	<item component="ComponentInfo{com.mitelelite/es.mediaset.mitelelite.ui.splash.SplashActivity}" drawable="mitele" />

	<!-- Movistar Cloud -->
	<item component="ComponentInfo{es.movistar.cloud/com.funambol.android.activities.AndroidHomeScreen}" drawable="movistar_cloud" />

	<!-- Orange TV -->
	<item component="ComponentInfo{com.orange.es.orangetv/com.orange.es.orangetv.presentation.view.feature.splash.activity.SplashActivity}" drawable="orange_tv" />

	<!-- Pepeescudo -->
	<item component="ComponentInfo{com.spanishcoders.pepeescudo/com.spanishcoders.pepeescudo.MainActivity}" drawable="pepeescudo" />

	<!-- PPTx Opener -->
	<item component="ComponentInfo{com.pptx.file.opener/com.pptx.file.opener.activities.Splash}" drawable="pptx_opener" />

	<!-- Quien esta en mi wifi -->
	<item component="ComponentInfo{com.magdalm.wifinetworkscanner/com.magdalm.wifinetworkscanner.SplashActivity}" drawable="quien_esta_en_mi_wifi" />

	<!-- Vodafone TV -->
	<item component="ComponentInfo{es.vodafone.tvonline/com.witsoftware.vodafonetv.launch.LaunchActivity}" drawable="vodafone_tv" />

	<!-- Wattpad -->
	<item component="ComponentInfo{wp.wattpad/wp.wattpad.ui.activities.LoginActivity}" drawable="wattpad" />

</resources>