<Theme version="1">

	<!-- AgileTV -->
	<AppIcon name="com.agilecontent.agiletv.mobile/com.agilecontent.agiletv.presentation.ui.splash.SplashActivity" image="agiletv"/>

	<!-- Ciber Protección -->
	<AppIcon name="com.orange.sp.cybersecurity/com.cyan.osp.MainActivity" image="ciber_proteccion"/>

	<!-- MiTele -->
	<AppIcon name="com.mitelelite/es.mediaset.mitelelite.ui.splash.SplashActivity" image="mitele"/>

	<!-- Movistar Cloud -->
	<AppIcon name="es.movistar.cloud/com.funambol.android.activities.AndroidHomeScreen" image="movistar_cloud"/>

	<!-- Orange TV -->
	<AppIcon name="com.orange.es.orangetv/com.orange.es.orangetv.presentation.view.feature.splash.activity.SplashActivity" image="orange_tv"/>

	<!-- Pepeescudo -->
	<AppIcon name="com.spanishcoders.pepeescudo/com.spanishcoders.pepeescudo.MainActivity" image="pepeescudo"/>

	<!-- PPTx Opener -->
	<AppIcon name="com.pptx.file.opener/com.pptx.file.opener.activities.Splash" image="pptx_opener"/>

	<!-- Quien esta en mi wifi -->
	<AppIcon name="com.magdalm.wifinetworkscanner/com.magdalm.wifinetworkscanner.SplashActivity" image="quien_esta_en_mi_wifi"/>

	<!-- Vodafone TV -->
	<AppIcon name="es.vodafone.tvonline/com.witsoftware.vodafonetv.launch.LaunchActivity" image="vodafone_tv"/>

	<!-- Wattpad -->
	<AppIcon name="wp.wattpad/wp.wattpad.ui.activities.LoginActivity" image="wattpad"/>

</Theme>