<resources>

	<!-- Dead Cells : Netflix Edition -->
	<item component="ComponentInfo{com.netflix.NGP.DeadCellsReturnToCastlevania/com.playdigious.deadcells.mobile.DeadCellsLoading}" drawable="dead_cells_netflix_edition" />

	<!-- Floor Plan Creator -->
	<item component="ComponentInfo{pl.planmieszkania.android/com.ml.planik.android.activity.list.ListActivity}" drawable="floor_plan_creator" />

	<!-- GCash -->
	<item component="ComponentInfo{com.globe.gcash.android/com.globe.gcash.android.Default}" drawable="gcash" />

	<!-- GoFiber -->
	<item component="ComponentInfo{com.convergeict.gofiber/com.convergeict.gofiber.MainActivity}" drawable="gofiber" />

	<!-- GPS Map Camera -->
	<item component="ComponentInfo{com.gpsmapcamera.geotagginglocationonphoto/com.gpsmapcamera.geotagginglocationonphoto.activity.Splash_Screen}" drawable="gps_map_camera" />

	<!-- Loklok -->
	<item component="ComponentInfo{com.artem.scotepio/com.loklok.flash.android.MainActivity}" drawable="loklok" />

	<!-- Maki Plus -->
	<item component="ComponentInfo{com.sunshine.maki/com.sunshine.maki.launch.Launcher}" drawable="maki_plus" />

	<!-- Manga Reader -->
	<item component="ComponentInfo{com.comikin.reader2/com.bnn.imanga.EntranceAC}" drawable="manga_reader" />

	<!-- Picsart -->
	<item component="ComponentInfo{com.picsart.studio/com.socialin.android.photo.picsinphoto.MainPagerActivity}" drawable="picsart" />

	<!-- Shopee -->
	<item component="ComponentInfo{com.shopee.ph/com.shopee.app.ui.home.HomeActivity_}" drawable="shopee" />

	<!-- Smart -->
	<item component="ComponentInfo{com.smart.consumer.app/com.smart.consumer.app.view.splash.SplashActivity}" drawable="smart" />

	<!-- Soul Knight -->
	<item component="ComponentInfo{com.ChillyRoom.DungeonShooter/com.chillyroomsdk.sdkbridge.BasePlayerActivity}" drawable="soul_knight" />

	<!-- V380 Pro -->
	<item component="ComponentInfo{com.macrovideo.v380pro/com.macrovideo.v380pro.activities.LaunchActivityTopOnAD}" drawable="v380_pro" />

	<!-- Volume Booster GOODEV -->
	<item component="ComponentInfo{com.goodev.volume.booster/com.goodev.volume.booster.SpeakerBoost}" drawable="volume_booster_goodev" />

	<!-- Zello -->
	<item component="ComponentInfo{com.loudtalks/com.zello.ui.MainActivity}" drawable="zello" />

</resources>