<appmap>

	<!-- Dead Cells : Netflix Edition -->
	<item class="com.playdigious.deadcells.mobile.DeadCellsLoading" name="dead_cells_netflix_edition"/>

	<!-- Floor Plan Creator -->
	<item class="com.ml.planik.android.activity.list.ListActivity" name="floor_plan_creator"/>

	<!-- GCash -->
	<item class="com.globe.gcash.android.Default" name="gcash"/>

	<!-- GoFiber -->
	<item class="com.convergeict.gofiber.MainActivity" name="gofiber"/>

	<!-- GPS Map Camera -->
	<item class="com.gpsmapcamera.geotagginglocationonphoto.activity.Splash_Screen" name="gps_map_camera"/>

	<!-- Loklok -->
	<item class="com.loklok.flash.android.MainActivity" name="loklok"/>

	<!-- Maki Plus -->
	<item class="com.sunshine.maki.launch.Launcher" name="maki_plus"/>

	<!-- Manga Reader -->
	<item class="com.bnn.imanga.EntranceAC" name="manga_reader"/>

	<!-- Picsart -->
	<item class="com.socialin.android.photo.picsinphoto.MainPagerActivity" name="picsart"/>

	<!-- Shopee -->
	<item class="com.shopee.app.ui.home.HomeActivity_" name="shopee"/>

	<!-- Smart -->
	<item class="com.smart.consumer.app.view.splash.SplashActivity" name="smart"/>

	<!-- Soul Knight -->
	<item class="com.chillyroomsdk.sdkbridge.BasePlayerActivity" name="soul_knight"/>

	<!-- V380 Pro -->
	<item class="com.macrovideo.v380pro.activities.LaunchActivityTopOnAD" name="v380_pro"/>

	<!-- Volume Booster GOODEV -->
	<item class="com.goodev.volume.booster.SpeakerBoost" name="volume_booster_goodev"/>

	<!-- Zello -->
	<item class="com.zello.ui.MainActivity" name="zello"/>

</appmap>