<Theme version="1">

	<!-- Dead Cells : Netflix Edition -->
	<AppIcon name="com.netflix.NGP.DeadCellsReturnToCastlevania/com.playdigious.deadcells.mobile.DeadCellsLoading" image="dead_cells_netflix_edition"/>

	<!-- Floor Plan Creator -->
	<AppIcon name="pl.planmieszkania.android/com.ml.planik.android.activity.list.ListActivity" image="floor_plan_creator"/>

	<!-- GCash -->
	<AppIcon name="com.globe.gcash.android/com.globe.gcash.android.Default" image="gcash"/>

	<!-- GoFiber -->
	<AppIcon name="com.convergeict.gofiber/com.convergeict.gofiber.MainActivity" image="gofiber"/>

	<!-- GPS Map Camera -->
	<AppIcon name="com.gpsmapcamera.geotagginglocationonphoto/com.gpsmapcamera.geotagginglocationonphoto.activity.Splash_Screen" image="gps_map_camera"/>

	<!-- Loklok -->
	<AppIcon name="com.artem.scotepio/com.loklok.flash.android.MainActivity" image="loklok"/>

	<!-- Maki Plus -->
	<AppIcon name="com.sunshine.maki/com.sunshine.maki.launch.Launcher" image="maki_plus"/>

	<!-- Manga Reader -->
	<AppIcon name="com.comikin.reader2/com.bnn.imanga.EntranceAC" image="manga_reader"/>

	<!-- Picsart -->
	<AppIcon name="com.picsart.studio/com.socialin.android.photo.picsinphoto.MainPagerActivity" image="picsart"/>

	<!-- Shopee -->
	<AppIcon name="com.shopee.ph/com.shopee.app.ui.home.HomeActivity_" image="shopee"/>

	<!-- Smart -->
	<AppIcon name="com.smart.consumer.app/com.smart.consumer.app.view.splash.SplashActivity" image="smart"/>

	<!-- Soul Knight -->
	<AppIcon name="com.ChillyRoom.DungeonShooter/com.chillyroomsdk.sdkbridge.BasePlayerActivity" image="soul_knight"/>

	<!-- V380 Pro -->
	<AppIcon name="com.macrovideo.v380pro/com.macrovideo.v380pro.activities.LaunchActivityTopOnAD" image="v380_pro"/>

	<!-- Volume Booster GOODEV -->
	<AppIcon name="com.goodev.volume.booster/com.goodev.volume.booster.SpeakerBoost" image="volume_booster_goodev"/>

	<!-- Zello -->
	<AppIcon name="com.loudtalks/com.zello.ui.MainActivity" image="zello"/>

</Theme>