<resources>

	<!-- Gaming Hub -->
	<item component="ComponentInfo{com.samsung.android.game.gamehome/com.samsung.android.game.gamehome.app.MainActivity}" drawable="gaming_hub" />

	<!-- Health -->
	<item component="ComponentInfo{com.sec.android.app.shealth/com.samsung.android.app.shealth.home.HomeMainActivity}" drawable="health" />

	<!-- Huawei Health -->
	<item component="ComponentInfo{com.huawei.health/com.huawei.health.MainActivity}" drawable="huawei_health" />

	<!-- Huawei Wear -->
	<item component="ComponentInfo{com.huawei.bone/com.huawei.bone.root.SplashActivity}" drawable="huawei_wear" />

	<!-- BlackBerry Hub+ Services -->
	<item component="ComponentInfo{com.blackberry.infrastructure/com.blackberry.infrastructure.ui.InfrastructureUiActivity}" drawable="blackberry_hub_services" />

	<!-- Identity -->
	<item component="ComponentInfo{com.entrust.identityGuard.mobile/com.entrust.identityGuard.mobile.MainActivity}" drawable="identity" />

	<!-- KakaoTalk -->
	<item component="ComponentInfo{com.kakao.talk/com.kakao.talk.activity.SplashActivity}" drawable="kakaotalk" />

	<!-- Kinoko -->
	<item component="ComponentInfo{com.ero.kinoko/com.ero.kinoko.MainActivity}" drawable="kinoko" />

	<!-- Letterboxd -->
	<item component="ComponentInfo{com.letterboxd.letterboxd/com.letterboxd.letterboxd.ui.activities.LaunchActivity}" drawable="letterboxd" />

	<!-- Linksys -->
	<item component="ComponentInfo{com.cisco.connect.cloud/com.cisco.connect.cloud.MainActivity}" drawable="linksys" />

</resources>