<appmap>

	<!-- Gaming Hub -->
	<item class="com.samsung.android.game.gamehome.app.MainActivity" name="gaming_hub"/>

	<!-- Health -->
	<item class="com.samsung.android.app.shealth.home.HomeMainActivity" name="health"/>

	<!-- Huawei Health -->
	<item class="com.huawei.health.MainActivity" name="huawei_health"/>

	<!-- Huawei Wear -->
	<item class="com.huawei.bone.root.SplashActivity" name="huawei_wear"/>

	<!-- BlackBerry Hub+ Services -->
	<item class="com.blackberry.infrastructure.ui.InfrastructureUiActivity" name="blackberry_hub_services"/>

	<!-- Identity -->
	<item class="com.entrust.identityGuard.mobile.MainActivity" name="identity"/>

	<!-- KakaoTalk -->
	<item class="com.kakao.talk.activity.SplashActivity" name="kakaotalk"/>

	<!-- Kinoko -->
	<item class="com.ero.kinoko.MainActivity" name="kinoko"/>

	<!-- Letterboxd -->
	<item class="com.letterboxd.letterboxd.ui.activities.LaunchActivity" name="letterboxd"/>

	<!-- Linksys -->
	<item class="com.cisco.connect.cloud.MainActivity" name="linksys"/>

</appmap>