<Theme version="1">

	<!-- Gaming Hub -->
	<AppIcon name="com.samsung.android.game.gamehome/com.samsung.android.game.gamehome.app.MainActivity" image="gaming_hub"/>

	<!-- Health -->
	<AppIcon name="com.sec.android.app.shealth/com.samsung.android.app.shealth.home.HomeMainActivity" image="health"/>

	<!-- Huawei Health -->
	<AppIcon name="com.huawei.health/com.huawei.health.MainActivity" image="huawei_health"/>

	<!-- Huawei Wear -->
	<AppIcon name="com.huawei.bone/com.huawei.bone.root.SplashActivity" image="huawei_wear"/>

	<!-- BlackBerry Hub+ Services -->
	<AppIcon name="com.blackberry.infrastructure/com.blackberry.infrastructure.ui.InfrastructureUiActivity" image="blackberry_hub_services"/>

	<!-- Identity -->
	<AppIcon name="com.entrust.identityGuard.mobile/com.entrust.identityGuard.mobile.MainActivity" image="identity"/>

	<!-- KakaoTalk -->
	<AppIcon name="com.kakao.talk/com.kakao.talk.activity.SplashActivity" image="kakaotalk"/>

	<!-- Kinoko -->
	<AppIcon name="com.ero.kinoko/com.ero.kinoko.MainActivity" image="kinoko"/>

	<!-- Letterboxd -->
	<AppIcon name="com.letterboxd.letterboxd/com.letterboxd.letterboxd.ui.activities.LaunchActivity" image="letterboxd"/>

	<!-- Linksys -->
	<AppIcon name="com.cisco.connect.cloud/com.cisco.connect.cloud.MainActivity" image="linksys"/>

</Theme>