<resources>

	<!-- Adeslas Salud y Bienestar -->
	<item component="ComponentInfo{com.qaracter.asybapp/com.qaracter.asybapp.MainActivity}" drawable="adeslas_salud_y_bienestar" />

	<!-- Aena -->
	<item component="ComponentInfo{es.aena.mobile/es.aena.mobile.ui.homeActivity.HomeActivity}" drawable="aena" />

	<!-- AirEuropa -->
	<item component="ComponentInfo{com.aireuropa.mobile/com.aireuropa.mobile.feature.main.presentation.AEMainActivity}" drawable="aireuropa" />

	<!-- APP Familias -->
	<item component="ComponentInfo{org.gobiernodecanarias.ceu.appfamilias/org.gobiernodecanarias.ceu.appfamilias.MainActivity}" drawable="app_familias" />

	<!-- Arts & Culture -->
	<item component="ComponentInfo{com.google.android.apps.cultural/com.google.android.apps.cultural.flutter.HomeFlutterActivity}" drawable="arts_and_culture" />

	<!-- Asteroids Pack -->
	<item component="ComponentInfo{com.maxelus.asteroidspacklivewallpaper/com.maxelus.asteroidspacklivewallpaper.OpenApp}" drawable="asteroids_pack" />

	<!-- Bang & Olufsen -->
	<item component="ComponentInfo{com.bang_olufsen.OneApp/crc64ca4b5f30746aea4d.SplashScreenView}" drawable="bang_and_olufsen" />

	<!-- Binter -->
	<item component="ComponentInfo{com.bintercanarias.binterApp/com.bintercanarias.binterApp.MainActivity}" drawable="binter" />

	<!-- Blogger -->
	<item component="ComponentInfo{com.google.android.apps.blogger/com.google.android.apps.blogger.ApplicationActivity}" drawable="blogger" />

	<!-- Bóveda de aplicaciones -->
	<item component="ComponentInfo{com.mi.globalminusscreen/com.mi.globalminusscreen.MainActivity}" drawable="boveda_de_aplicaciones" />

	<!-- CaixaBank Sign -->
	<item component="ComponentInfo{es.caixabank.caixabanksign/zs.эถ}" drawable="caixabank_sign" />

	<!-- Camera Block Free -->
	<item component="ComponentInfo{com.bettertomorrowapps.camerablockfree/com.bettertomorrowapps.camerablockfree.MainActivity}" drawable="camera_block_free" />

	<!-- CamSam PLUS -->
	<item component="ComponentInfo{com.camsam.plus/de.blitzer.activity.SplashScreen}" drawable="camsam_plus" />

	<!-- Carrefour Pass -->
	<item component="ComponentInfo{com.carrefour.carrefourPass/com.accenture.carrefourPass.splash.view.SplashActivity}" drawable="carrefour_pass" />

	<!-- Clipt -->
	<item component="ComponentInfo{studio.onelab.clipboard/studio.onelab.clipboard.ui.main.MainActivity}" drawable="clipt" />

	<!-- Club Alcampo -->
	<item component="ComponentInfo{com.auchan.smi/com.auchan.smi.onboarding.OnboardingActivity}" drawable="club_alcampo" />

	<!-- Collect -->
	<item component="ComponentInfo{com.wetransfer.app.live/com.wetransfer.app.live.ui.launcher.LauncherActivity}" drawable="collect" />

	<!-- DeviantArt -->
	<item component="ComponentInfo{com.deviantart.android.damobile/com.deviantart.android.damobile.activity.HomeActivity}" drawable="deviantart" />

	<!-- Energía XXI -->
	<item component="ComponentInfo{es.awg.movilidadEOL.mr/es.awg.movilidadEOL.activities.StartActivity}" drawable="energia_xxi" />

	<!-- Evernote -->
	<item component="ComponentInfo{com.evernote/com.evernote.SplashActivity}" drawable="evernote" />

	<!-- Feedly -->
	<item component="ComponentInfo{com.devhd.feedly/com.devhd.feedly.MainActivity}" drawable="feedly" />

	<!-- Files To SD Card -->
	<item component="ComponentInfo{cz.bukacek.filestosdcard/cz.bukacek.filestosdcard.filestosdcard}" drawable="files_to_sd_card" />

	<!-- FrostWire -->
	<item component="ComponentInfo{com.frostwire.android/com.frostwire.android.gui.activities.MainActivity}" drawable="frostwire" />

	<!-- Galaxy Control -->
	<item component="ComponentInfo{gl.fx.galaxycontrol/com.unity3d.player.UnityPlayerActivity}" drawable="galaxy_control" />

	<!-- Gallery -->
	<item component="ComponentInfo{com.miui.gallery/com.miui.gallery.activity.HomePageActivity}" drawable="gallery" />

	<!-- GMX Mail -->
	<item component="ComponentInfo{de.gmx.mobile.android.mail/com.unitedinternet.portal.ui.HostActivity}" drawable="gmx_mail" />

	<!-- Google Ads -->
	<item component="ComponentInfo{com.google.android.apps.adwords/com.google.android.apps.adwords.InitialLoadingActivity}" drawable="google ads" />

	<!-- Google Developers -->
	<item component="ComponentInfo{org.chromium.webapk.af650914f52b461b2_v2/org.chromium.webapk.shell_apk.h2o.H2OOpaqueMainActivity}" drawable="google_developers" />

	<!-- Google Settings Launcher -->
	<item component="ComponentInfo{com.pentasa.gamemn02.googlesettingsshortcut/com.pentasa.gamemn02.googlesettingsshortcut.MainActivity}" drawable="google_settings_launcher" />

	<!-- Hik-Connect -->
	<item component="ComponentInfo{com.connect.enduser/com.hikvision.hikconnect.login.LoadingActivity}" drawable="hik_connect" />

	<!-- Hik-Partner Pro -->
	<item component="ComponentInfo{com.hikvision.convergence/hik.business.os.convergence.app.splash.SplashActivity}" drawable="hik_partner_pro" />

	<!-- HikCentral Pro -->
	<item component="ComponentInfo{com.hikvision.HikCentralMobile/hik.business.hi.portal.loading.LoadingEmptyActivity}" drawable="hikcentral_pro" />

	<!-- imaginTeens -->
	<item component="ComponentInfo{com.imaginbank.teens/com.caixabank.adam.teeima.view.activity.SplashActivity}" drawable="imaginteens" />

	<!-- INKredible PRO -->
	<item component="ComponentInfo{com.viettran.INKrediblePro/com.viettran.INKredible.ui.PPageMainActivity}" drawable="inkredible_pro" />

	<!-- iVoox -->
	<item component="ComponentInfo{com.ivoox.app/com.ivoox.app.ui.login.activity.LoginMainActivity}" drawable="ivoox" />

	<!-- Kodi Benancia -->
	<item component="ComponentInfo{org.betisf.betisg/net.kodinerds.maven.kodi20.firetv.Splash}" drawable="kodi_benancia" />

	<!-- Konvoko -->
	<item component="ComponentInfo{com.konvoko.konvoko/com.konvoko.konvoko.activities.SplashScreenActivity}" drawable="konvoko" />

	<!-- Leroy Merlin -->
	<item component="ComponentInfo{com.adeo.android.app/com.lmfr.applm.onboarding.activities.onboarding.OnBoardingActivity}" drawable="leroy_merlin" />

	<!-- Life360 -->
	<item component="ComponentInfo{com.life360.android.safetymapd/com.life360.koko.root.RootActivity}" drawable="life360" />

	<!-- Limbo ARM -->
	<item component="ComponentInfo{com.limbo.emu.main.arm/com.limbo.emu.main.arm.LimboEmuActivity}" drawable="limbo_arm" />

	<!-- Loop -->
	<item component="ComponentInfo{com.microsoft.loop/com.microsoft.loop.ui.activities.MainActivity}" drawable="loop" />

	<!-- Loterias y Apuestas del Estado -->
	<item component="ComponentInfo{com.selae.misLoterias.movil/com.selae.misLoterias.movil.MainActivity}" drawable="loterias_y_apuestas_del_estado" />

	<!-- LoteriasPRO -->
	<item component="ComponentInfo{com.selae.eLoterias.presencial/com.selae.eLoterias.presencial.MainActivity}" drawable="loteriaspro" />

	<!-- LPA Park -->
	<item component="ComponentInfo{com.inventiaplus.lpapark/com.inventiaplus.lpapark.MainActivity}" drawable="lpa_park" />

	<!-- Luna & Jardín -->
	<item component="ComponentInfo{com.cs.biodyapp/com.cs.biodyapp.usl.activity.GlobalActivity}" drawable="luna_and_jardin" />

	<!-- makro -->
	<item component="ComponentInfo{de.metro.alex.customer.digitalcard.makro/com.metronom.app.companion.ui.main.MainActivity}" drawable="makro" />

	<!-- MAPFRE -->
	<item component="ComponentInfo{com.mapfre.mapfreapp/com.mapfre.mapfreapp.MainActivity}" drawable="mapfre" />

	<!-- McDonald's -->
	<item component="ComponentInfo{com.mcdonalds.mobileapp/mcdonalds.core.SplashActivity}" drawable="mcdonalds" />

	<!-- MediaFire -->
	<item component="ComponentInfo{com.mediafire.android/com.mediafire.android.MainActivity}" drawable="mediafire" />

	<!-- Mi Carrefour 3.0 -->
	<item component="ComponentInfo{com.munrodev.crfmobile/com.munrodev.crfmobile.feature.launch.LaunchActivity}" drawable="mi_carrefour_30" />

	<!-- Mi Energía DISA -->
	<item component="ComponentInfo{com.grupodisa.energy/com.grupodisa.energy.MainActivity}" drawable="mi_energia_disa" />

	<!-- Mi Picks -->
	<item component="ComponentInfo{com.xiaomi.mipicks/com.xiaomi.mipicks.MiPicksAlias}" drawable="mi_picks" />

	<!-- Microsoft Designer -->
	<item component="ComponentInfo{com.microsoft.designer/com.microsoft.designer.app.home.view.launch.DesignerLoginActivity}" drawable="microsoft_designer" />

	<!-- miDGT -->
	<item component="ComponentInfo{com.dgt.midgt/com.dgt.midgt.MainActivity}" drawable="midgt" />

	<!-- Milanuncios -->
	<item component="ComponentInfo{com.muba.anuncios/com.milanuncios.splash.ui.SplashActivity}" drawable="milanuncios" />

	<!-- Moon+ Reader Pro -->
	<item component="ComponentInfo{com.flyersoft.moonreaderp/com.flyersoft.moonreaderp.ActivityMain}" drawable="moon_reader_pro" />

	<!-- Mutua -->
	<item component="ComponentInfo{com.mutua.mutua/com.mutua.mutua.ui.activities.SplashActivity}" drawable="mutua" />

	<!-- News -->
	<item component="ComponentInfo{com.google.android.apps.magazines/com.google.apps.dots.android.app.activity.CurrentsStartActivity}" drawable="news" />

	<!-- Notifica App -->
	<item component="ComponentInfo{es.gob.dehu/es.gob.dehu.MainActivity}" drawable="notifica_app" />

	<!-- Openbank -->
	<item component="ComponentInfo{es.openbank.mobile/com.accountmanager.myapplication.views.activities.LoginActivity}" drawable="openbank" />

	<!-- Orbot -->
	<item component="ComponentInfo{org.torproject.android/org.torproject.android.OrbotActivity}" drawable="orbot" />

	<!-- Parchís -->
	<item component="ComponentInfo{com.superking.parchisi.star/org.cocos2dx.cpp.AppActivity}" drawable="parchis" />

	<!-- Play Services Info -->
	<item component="ComponentInfo{com.weberdo.apps.serviceinfo/com.weberdo.apps.serviceinfo.MainActivity}" drawable="play_services_info" />

	<!-- Premium Camera -->
	<item component="ComponentInfo{com.starfish.camera.premium/com.starfish.camera.premium.MainActivity}" drawable="premium_camera" />

	<!-- Proton Calendar -->
	<item component="ComponentInfo{me.proton.android.calendar/me.proton.android.calendar.presentation.main.MainActivity}" drawable="proton_calendar" />

	<!-- Proton Drive -->
	<item component="ComponentInfo{me.proton.android.drive/me.proton.android.drive.ui.MainActivity}" drawable="proton_drive" />

	<!-- Proton Mail -->
	<item component="ComponentInfo{ch.protonmail.android/ch.protonmail.android.MainActivity}" drawable="proton_mail" />

	<!-- Radares fijos y moviles -->
	<item component="ComponentInfo{com.bigdream.radar.speedcam/com.bigdream.radar.speedcam.SplashActivity.SplashActivity}" drawable="radares_fijos_y_moviles" />

	<!-- Radio FM -->
	<item component="ComponentInfo{com.miui.fm/com.miui.fmradio.FmRadioActivity}" drawable="radio_fm" />

	<!-- Reloj -->
	<item component="ComponentInfo{com.android.deskclock/com.android.deskclock.DeskClockTabActivity}" drawable="reloj" />

	<!-- Rentalcars -->
	<item component="ComponentInfo{com.rentalcars.handset/com.rentalcars.handset.ui.activities.login.SplashActivity}" drawable="rentalcars" />

	<!-- Rewards -->
	<item component="ComponentInfo{com.google.android.apps.paidtasks/com.google.android.apps.paidtasks.activity.LaunchActivity}" drawable="rewards" />

	<!-- Rocketbook -->
	<item component="ComponentInfo{com.rb.rocketbook/com.rb.rocketbook.ui.StartupActivity}" drawable="rocketbook" />

	<!-- Servicios y comentarios -->
	<item component="ComponentInfo{com.miui.miservice/com.miui.miservice.main.MainActivity}" drawable="servicios_y_comentarios" />

	<!-- SIAR -->
	<item component="ComponentInfo{com.tragsatec.mobile.siar/com.tragsatec.mobile.siar.SplashScreen}" drawable="siar" />

	<!-- SocialDrive -->
	<item component="ComponentInfo{rge.tech.usuarios/com.socialdrive.usescase.splash.SplashActivity}" drawable="socialdrive" />

	<!-- Solitaire -->
	<item component="ComponentInfo{com.microsoft.microsoftsolitairecollection/com.smokingguninc.engine.framework.SgiLauncherActivity}" drawable="solitaire" />

	<!-- Start -->
	<item component="ComponentInfo{com.microsoft.amp.apps.bingnews/com.microsoft.sapphire.app.main.SapphireMainActivity}" drawable="start" />

	<!-- Temas -->
	<item component="ComponentInfo{com.android.thememanager/com.android.thememanager.ThemeResourceTabActivity}" drawable="temas" />

	<!-- TeraBox -->
	<item component="ComponentInfo{com.dubox.drive/com.dubox.drive.ui.LogoNewLauncherActivity}" drawable="terabox" />

	<!-- Tether -->
	<item component="ComponentInfo{com.tplink.tether/com.tplink.tether.WelcomeActivity}" drawable="tether" />

	<!-- TuneIn Radio Pro -->
	<item component="ComponentInfo{radiotime.player/tunein.ui.activities.TuneInHomeActivity}" drawable="tunein_radio_pro" />

	<!-- Vip District -->
	<item component="ComponentInfo{com.colectivosvip.clubahorrovip/com.colectivosvip.clubahorrovip.ui.activity.PrincipalActivity}" drawable="vip_district" />

	<!-- Vivino -->
	<item component="ComponentInfo{vivino.web.app/com.sphinx_solution.Launcher}" drawable="vivino" />

	<!-- WebView DevTools -->
	<item component="ComponentInfo{com.google.android.webview.beta/org.chromium.android_webview.devui.LauncherActivity}" drawable="webview_devtools" />

	<!-- WeTransfer -->
	<item component="ComponentInfo{com.wetransfer.transfer/com.wetransfer.transfer.MainActivity}" drawable="wetransfer" />

	<!-- WiFi Analyzer -->
	<item component="ComponentInfo{abdelrahman.wifianalyzerpremium/abdelrahman.wifianalyzerpremium.MainActivity}" drawable="wifi_analyzer" />

	<!-- Xiaomi Home -->
	<item component="ComponentInfo{com.xiaomi.smarthome/com.xiaomi.smarthome.SmartHomeMainActivity}" drawable="xiaomi_home" />

	<!-- β-Maniac -->
	<item component="ComponentInfo{it.mirko.beta/it.mirko.beta.login.LoadingActivity}" drawable="β_maniac" />

	<!-- µTorrent -->
	<item component="ComponentInfo{com.utorrent.client/com.bittorrent.app.Main}" drawable="µtorrent" />

</resources>