<appmap>

	<!-- Adeslas Salud y Bienestar -->
	<item class="com.qaracter.asybapp.MainActivity" name="adeslas_salud_y_bienestar"/>

	<!-- Aena -->
	<item class="es.aena.mobile.ui.homeActivity.HomeActivity" name="aena"/>

	<!-- AirEuropa -->
	<item class="com.aireuropa.mobile.feature.main.presentation.AEMainActivity" name="aireuropa"/>

	<!-- APP Familias -->
	<item class="org.gobiernodecanarias.ceu.appfamilias.MainActivity" name="app_familias"/>

	<!-- Arts & Culture -->
	<item class="com.google.android.apps.cultural.flutter.HomeFlutterActivity" name="arts_and_culture"/>

	<!-- Asteroids Pack -->
	<item class="com.maxelus.asteroidspacklivewallpaper.OpenApp" name="asteroids_pack"/>

	<!-- Bang & Olufsen -->
	<item class="crc64ca4b5f30746aea4d.SplashScreenView" name="bang_and_olufsen"/>

	<!-- Binter -->
	<item class="com.bintercanarias.binterApp.MainActivity" name="binter"/>

	<!-- Blogger -->
	<item class="com.google.android.apps.blogger.ApplicationActivity" name="blogger"/>

	<!-- Bóveda de aplicaciones -->
	<item class="com.mi.globalminusscreen.MainActivity" name="boveda_de_aplicaciones"/>

	<!-- CaixaBank Sign -->
	<item class="zs.эถ" name="caixabank_sign"/>

	<!-- Camera Block Free -->
	<item class="com.bettertomorrowapps.camerablockfree.MainActivity" name="camera_block_free"/>

	<!-- CamSam PLUS -->
	<item class="de.blitzer.activity.SplashScreen" name="camsam_plus"/>

	<!-- Carrefour Pass -->
	<item class="com.accenture.carrefourPass.splash.view.SplashActivity" name="carrefour_pass"/>

	<!-- Clipt -->
	<item class="studio.onelab.clipboard.ui.main.MainActivity" name="clipt"/>

	<!-- Club Alcampo -->
	<item class="com.auchan.smi.onboarding.OnboardingActivity" name="club_alcampo"/>

	<!-- Collect -->
	<item class="com.wetransfer.app.live.ui.launcher.LauncherActivity" name="collect"/>

	<!-- DeviantArt -->
	<item class="com.deviantart.android.damobile.activity.HomeActivity" name="deviantart"/>

	<!-- Energía XXI -->
	<item class="es.awg.movilidadEOL.activities.StartActivity" name="energia_xxi"/>

	<!-- Evernote -->
	<item class="com.evernote.SplashActivity" name="evernote"/>

	<!-- Feedly -->
	<item class="com.devhd.feedly.MainActivity" name="feedly"/>

	<!-- Files To SD Card -->
	<item class="cz.bukacek.filestosdcard.filestosdcard" name="files_to_sd_card"/>

	<!-- FrostWire -->
	<item class="com.frostwire.android.gui.activities.MainActivity" name="frostwire"/>

	<!-- Galaxy Control -->
	<item class="com.unity3d.player.UnityPlayerActivity" name="galaxy_control"/>

	<!-- Gallery -->
	<item class="com.miui.gallery.activity.HomePageActivity" name="gallery"/>

	<!-- GMX Mail -->
	<item class="com.unitedinternet.portal.ui.HostActivity" name="gmx_mail"/>

	<!-- Google Ads -->
	<item class="com.google.android.apps.adwords.InitialLoadingActivity" name="google ads"/>

	<!-- Google Developers -->
	<item class="org.chromium.webapk.shell_apk.h2o.H2OOpaqueMainActivity" name="google_developers"/>

	<!-- Google Settings Launcher -->
	<item class="com.pentasa.gamemn02.googlesettingsshortcut.MainActivity" name="google_settings_launcher"/>

	<!-- Hik-Connect -->
	<item class="com.hikvision.hikconnect.login.LoadingActivity" name="hik_connect"/>

	<!-- Hik-Partner Pro -->
	<item class="hik.business.os.convergence.app.splash.SplashActivity" name="hik_partner_pro"/>

	<!-- HikCentral Pro -->
	<item class="hik.business.hi.portal.loading.LoadingEmptyActivity" name="hikcentral_pro"/>

	<!-- imaginTeens -->
	<item class="com.caixabank.adam.teeima.view.activity.SplashActivity" name="imaginteens"/>

	<!-- INKredible PRO -->
	<item class="com.viettran.INKredible.ui.PPageMainActivity" name="inkredible_pro"/>

	<!-- iVoox -->
	<item class="com.ivoox.app.ui.login.activity.LoginMainActivity" name="ivoox"/>

	<!-- Kodi Benancia -->
	<item class="net.kodinerds.maven.kodi20.firetv.Splash" name="kodi_benancia"/>

	<!-- Konvoko -->
	<item class="com.konvoko.konvoko.activities.SplashScreenActivity" name="konvoko"/>

	<!-- Leroy Merlin -->
	<item class="com.lmfr.applm.onboarding.activities.onboarding.OnBoardingActivity" name="leroy_merlin"/>

	<!-- Life360 -->
	<item class="com.life360.koko.root.RootActivity" name="life360"/>

	<!-- Limbo ARM -->
	<item class="com.limbo.emu.main.arm.LimboEmuActivity" name="limbo_arm"/>

	<!-- Loop -->
	<item class="com.microsoft.loop.ui.activities.MainActivity" name="loop"/>

	<!-- Loterias y Apuestas del Estado -->
	<item class="com.selae.misLoterias.movil.MainActivity" name="loterias_y_apuestas_del_estado"/>

	<!-- LoteriasPRO -->
	<item class="com.selae.eLoterias.presencial.MainActivity" name="loteriaspro"/>

	<!-- LPA Park -->
	<item class="com.inventiaplus.lpapark.MainActivity" name="lpa_park"/>

	<!-- Luna & Jardín -->
	<item class="com.cs.biodyapp.usl.activity.GlobalActivity" name="luna_and_jardin"/>

	<!-- makro -->
	<item class="com.metronom.app.companion.ui.main.MainActivity" name="makro"/>

	<!-- MAPFRE -->
	<item class="com.mapfre.mapfreapp.MainActivity" name="mapfre"/>

	<!-- McDonald's -->
	<item class="mcdonalds.core.SplashActivity" name="mcdonalds"/>

	<!-- MediaFire -->
	<item class="com.mediafire.android.MainActivity" name="mediafire"/>

	<!-- Mi Carrefour 3.0 -->
	<item class="com.munrodev.crfmobile.feature.launch.LaunchActivity" name="mi_carrefour_30"/>

	<!-- Mi Energía DISA -->
	<item class="com.grupodisa.energy.MainActivity" name="mi_energia_disa"/>

	<!-- Mi Picks -->
	<item class="com.xiaomi.mipicks.MiPicksAlias" name="mi_picks"/>

	<!-- Microsoft Designer -->
	<item class="com.microsoft.designer.app.home.view.launch.DesignerLoginActivity" name="microsoft_designer"/>

	<!-- miDGT -->
	<item class="com.dgt.midgt.MainActivity" name="midgt"/>

	<!-- Milanuncios -->
	<item class="com.milanuncios.splash.ui.SplashActivity" name="milanuncios"/>

	<!-- Moon+ Reader Pro -->
	<item class="com.flyersoft.moonreaderp.ActivityMain" name="moon_reader_pro"/>

	<!-- Mutua -->
	<item class="com.mutua.mutua.ui.activities.SplashActivity" name="mutua"/>

	<!-- News -->
	<item class="com.google.apps.dots.android.app.activity.CurrentsStartActivity" name="news"/>

	<!-- Notifica App -->
	<item class="es.gob.dehu.MainActivity" name="notifica_app"/>

	<!-- Openbank -->
	<item class="com.accountmanager.myapplication.views.activities.LoginActivity" name="openbank"/>

	<!-- Orbot -->
	<item class="org.torproject.android.OrbotActivity" name="orbot"/>

	<!-- Parchís -->
	<item class="org.cocos2dx.cpp.AppActivity" name="parchis"/>

	<!-- Play Services Info -->
	<item class="com.weberdo.apps.serviceinfo.MainActivity" name="play_services_info"/>

	<!-- Premium Camera -->
	<item class="com.starfish.camera.premium.MainActivity" name="premium_camera"/>

	<!-- Proton Calendar -->
	<item class="me.proton.android.calendar.presentation.main.MainActivity" name="proton_calendar"/>

	<!-- Proton Drive -->
	<item class="me.proton.android.drive.ui.MainActivity" name="proton_drive"/>

	<!-- Proton Mail -->
	<item class="ch.protonmail.android.MainActivity" name="proton_mail"/>

	<!-- Radares fijos y moviles -->
	<item class="com.bigdream.radar.speedcam.SplashActivity.SplashActivity" name="radares_fijos_y_moviles"/>

	<!-- Radio FM -->
	<item class="com.miui.fmradio.FmRadioActivity" name="radio_fm"/>

	<!-- Reloj -->
	<item class="com.android.deskclock.DeskClockTabActivity" name="reloj"/>

	<!-- Rentalcars -->
	<item class="com.rentalcars.handset.ui.activities.login.SplashActivity" name="rentalcars"/>

	<!-- Rewards -->
	<item class="com.google.android.apps.paidtasks.activity.LaunchActivity" name="rewards"/>

	<!-- Rocketbook -->
	<item class="com.rb.rocketbook.ui.StartupActivity" name="rocketbook"/>

	<!-- Servicios y comentarios -->
	<item class="com.miui.miservice.main.MainActivity" name="servicios_y_comentarios"/>

	<!-- SIAR -->
	<item class="com.tragsatec.mobile.siar.SplashScreen" name="siar"/>

	<!-- SocialDrive -->
	<item class="com.socialdrive.usescase.splash.SplashActivity" name="socialdrive"/>

	<!-- Solitaire -->
	<item class="com.smokingguninc.engine.framework.SgiLauncherActivity" name="solitaire"/>

	<!-- Start -->
	<item class="com.microsoft.sapphire.app.main.SapphireMainActivity" name="start"/>

	<!-- Temas -->
	<item class="com.android.thememanager.ThemeResourceTabActivity" name="temas"/>

	<!-- TeraBox -->
	<item class="com.dubox.drive.ui.LogoNewLauncherActivity" name="terabox"/>

	<!-- Tether -->
	<item class="com.tplink.tether.WelcomeActivity" name="tether"/>

	<!-- TuneIn Radio Pro -->
	<item class="tunein.ui.activities.TuneInHomeActivity" name="tunein_radio_pro"/>

	<!-- Vip District -->
	<item class="com.colectivosvip.clubahorrovip.ui.activity.PrincipalActivity" name="vip_district"/>

	<!-- Vivino -->
	<item class="com.sphinx_solution.Launcher" name="vivino"/>

	<!-- WebView DevTools -->
	<item class="org.chromium.android_webview.devui.LauncherActivity" name="webview_devtools"/>

	<!-- WeTransfer -->
	<item class="com.wetransfer.transfer.MainActivity" name="wetransfer"/>

	<!-- WiFi Analyzer -->
	<item class="abdelrahman.wifianalyzerpremium.MainActivity" name="wifi_analyzer"/>

	<!-- Xiaomi Home -->
	<item class="com.xiaomi.smarthome.SmartHomeMainActivity" name="xiaomi_home"/>

	<!-- β-Maniac -->
	<item class="it.mirko.beta.login.LoadingActivity" name="β_maniac"/>

	<!-- µTorrent -->
	<item class="com.bittorrent.app.Main" name="µtorrent"/>

</appmap>