<Theme version="1">

	<!-- Adeslas Salud y Bienestar -->
	<AppIcon name="com.qaracter.asybapp/com.qaracter.asybapp.MainActivity" image="adeslas_salud_y_bienestar"/>

	<!-- Aena -->
	<AppIcon name="es.aena.mobile/es.aena.mobile.ui.homeActivity.HomeActivity" image="aena"/>

	<!-- AirEuropa -->
	<AppIcon name="com.aireuropa.mobile/com.aireuropa.mobile.feature.main.presentation.AEMainActivity" image="aireuropa"/>

	<!-- APP Familias -->
	<AppIcon name="org.gobiernodecanarias.ceu.appfamilias/org.gobiernodecanarias.ceu.appfamilias.MainActivity" image="app_familias"/>

	<!-- Arts & Culture -->
	<AppIcon name="com.google.android.apps.cultural/com.google.android.apps.cultural.flutter.HomeFlutterActivity" image="arts_and_culture"/>

	<!-- Asteroids Pack -->
	<AppIcon name="com.maxelus.asteroidspacklivewallpaper/com.maxelus.asteroidspacklivewallpaper.OpenApp" image="asteroids_pack"/>

	<!-- Bang & Olufsen -->
	<AppIcon name="com.bang_olufsen.OneApp/crc64ca4b5f30746aea4d.SplashScreenView" image="bang_and_olufsen"/>

	<!-- Binter -->
	<AppIcon name="com.bintercanarias.binterApp/com.bintercanarias.binterApp.MainActivity" image="binter"/>

	<!-- Blogger -->
	<AppIcon name="com.google.android.apps.blogger/com.google.android.apps.blogger.ApplicationActivity" image="blogger"/>

	<!-- Bóveda de aplicaciones -->
	<AppIcon name="com.mi.globalminusscreen/com.mi.globalminusscreen.MainActivity" image="boveda_de_aplicaciones"/>

	<!-- CaixaBank Sign -->
	<AppIcon name="es.caixabank.caixabanksign/zs.эถ" image="caixabank_sign"/>

	<!-- Camera Block Free -->
	<AppIcon name="com.bettertomorrowapps.camerablockfree/com.bettertomorrowapps.camerablockfree.MainActivity" image="camera_block_free"/>

	<!-- CamSam PLUS -->
	<AppIcon name="com.camsam.plus/de.blitzer.activity.SplashScreen" image="camsam_plus"/>

	<!-- Carrefour Pass -->
	<AppIcon name="com.carrefour.carrefourPass/com.accenture.carrefourPass.splash.view.SplashActivity" image="carrefour_pass"/>

	<!-- Clipt -->
	<AppIcon name="studio.onelab.clipboard/studio.onelab.clipboard.ui.main.MainActivity" image="clipt"/>

	<!-- Club Alcampo -->
	<AppIcon name="com.auchan.smi/com.auchan.smi.onboarding.OnboardingActivity" image="club_alcampo"/>

	<!-- Collect -->
	<AppIcon name="com.wetransfer.app.live/com.wetransfer.app.live.ui.launcher.LauncherActivity" image="collect"/>

	<!-- DeviantArt -->
	<AppIcon name="com.deviantart.android.damobile/com.deviantart.android.damobile.activity.HomeActivity" image="deviantart"/>

	<!-- Energía XXI -->
	<AppIcon name="es.awg.movilidadEOL.mr/es.awg.movilidadEOL.activities.StartActivity" image="energia_xxi"/>

	<!-- Evernote -->
	<AppIcon name="com.evernote/com.evernote.SplashActivity" image="evernote"/>

	<!-- Feedly -->
	<AppIcon name="com.devhd.feedly/com.devhd.feedly.MainActivity" image="feedly"/>

	<!-- Files To SD Card -->
	<AppIcon name="cz.bukacek.filestosdcard/cz.bukacek.filestosdcard.filestosdcard" image="files_to_sd_card"/>

	<!-- FrostWire -->
	<AppIcon name="com.frostwire.android/com.frostwire.android.gui.activities.MainActivity" image="frostwire"/>

	<!-- Galaxy Control -->
	<AppIcon name="gl.fx.galaxycontrol/com.unity3d.player.UnityPlayerActivity" image="galaxy_control"/>

	<!-- Gallery -->
	<AppIcon name="com.miui.gallery/com.miui.gallery.activity.HomePageActivity" image="gallery"/>

	<!-- GMX Mail -->
	<AppIcon name="de.gmx.mobile.android.mail/com.unitedinternet.portal.ui.HostActivity" image="gmx_mail"/>

	<!-- Google Ads -->
	<AppIcon name="com.google.android.apps.adwords/com.google.android.apps.adwords.InitialLoadingActivity" image="google ads"/>

	<!-- Google Developers -->
	<AppIcon name="org.chromium.webapk.af650914f52b461b2_v2/org.chromium.webapk.shell_apk.h2o.H2OOpaqueMainActivity" image="google_developers"/>

	<!-- Google Settings Launcher -->
	<AppIcon name="com.pentasa.gamemn02.googlesettingsshortcut/com.pentasa.gamemn02.googlesettingsshortcut.MainActivity" image="google_settings_launcher"/>

	<!-- Hik-Connect -->
	<AppIcon name="com.connect.enduser/com.hikvision.hikconnect.login.LoadingActivity" image="hik_connect"/>

	<!-- Hik-Partner Pro -->
	<AppIcon name="com.hikvision.convergence/hik.business.os.convergence.app.splash.SplashActivity" image="hik_partner_pro"/>

	<!-- HikCentral Pro -->
	<AppIcon name="com.hikvision.HikCentralMobile/hik.business.hi.portal.loading.LoadingEmptyActivity" image="hikcentral_pro"/>

	<!-- imaginTeens -->
	<AppIcon name="com.imaginbank.teens/com.caixabank.adam.teeima.view.activity.SplashActivity" image="imaginteens"/>

	<!-- INKredible PRO -->
	<AppIcon name="com.viettran.INKrediblePro/com.viettran.INKredible.ui.PPageMainActivity" image="inkredible_pro"/>

	<!-- iVoox -->
	<AppIcon name="com.ivoox.app/com.ivoox.app.ui.login.activity.LoginMainActivity" image="ivoox"/>

	<!-- Kodi Benancia -->
	<AppIcon name="org.betisf.betisg/net.kodinerds.maven.kodi20.firetv.Splash" image="kodi_benancia"/>

	<!-- Konvoko -->
	<AppIcon name="com.konvoko.konvoko/com.konvoko.konvoko.activities.SplashScreenActivity" image="konvoko"/>

	<!-- Leroy Merlin -->
	<AppIcon name="com.adeo.android.app/com.lmfr.applm.onboarding.activities.onboarding.OnBoardingActivity" image="leroy_merlin"/>

	<!-- Life360 -->
	<AppIcon name="com.life360.android.safetymapd/com.life360.koko.root.RootActivity" image="life360"/>

	<!-- Limbo ARM -->
	<AppIcon name="com.limbo.emu.main.arm/com.limbo.emu.main.arm.LimboEmuActivity" image="limbo_arm"/>

	<!-- Loop -->
	<AppIcon name="com.microsoft.loop/com.microsoft.loop.ui.activities.MainActivity" image="loop"/>

	<!-- Loterias y Apuestas del Estado -->
	<AppIcon name="com.selae.misLoterias.movil/com.selae.misLoterias.movil.MainActivity" image="loterias_y_apuestas_del_estado"/>

	<!-- LoteriasPRO -->
	<AppIcon name="com.selae.eLoterias.presencial/com.selae.eLoterias.presencial.MainActivity" image="loteriaspro"/>

	<!-- LPA Park -->
	<AppIcon name="com.inventiaplus.lpapark/com.inventiaplus.lpapark.MainActivity" image="lpa_park"/>

	<!-- Luna & Jardín -->
	<AppIcon name="com.cs.biodyapp/com.cs.biodyapp.usl.activity.GlobalActivity" image="luna_and_jardin"/>

	<!-- makro -->
	<AppIcon name="de.metro.alex.customer.digitalcard.makro/com.metronom.app.companion.ui.main.MainActivity" image="makro"/>

	<!-- MAPFRE -->
	<AppIcon name="com.mapfre.mapfreapp/com.mapfre.mapfreapp.MainActivity" image="mapfre"/>

	<!-- McDonald's -->
	<AppIcon name="com.mcdonalds.mobileapp/mcdonalds.core.SplashActivity" image="mcdonalds"/>

	<!-- MediaFire -->
	<AppIcon name="com.mediafire.android/com.mediafire.android.MainActivity" image="mediafire"/>

	<!-- Mi Carrefour 3.0 -->
	<AppIcon name="com.munrodev.crfmobile/com.munrodev.crfmobile.feature.launch.LaunchActivity" image="mi_carrefour_30"/>

	<!-- Mi Energía DISA -->
	<AppIcon name="com.grupodisa.energy/com.grupodisa.energy.MainActivity" image="mi_energia_disa"/>

	<!-- Mi Picks -->
	<AppIcon name="com.xiaomi.mipicks/com.xiaomi.mipicks.MiPicksAlias" image="mi_picks"/>

	<!-- Microsoft Designer -->
	<AppIcon name="com.microsoft.designer/com.microsoft.designer.app.home.view.launch.DesignerLoginActivity" image="microsoft_designer"/>

	<!-- miDGT -->
	<AppIcon name="com.dgt.midgt/com.dgt.midgt.MainActivity" image="midgt"/>

	<!-- Milanuncios -->
	<AppIcon name="com.muba.anuncios/com.milanuncios.splash.ui.SplashActivity" image="milanuncios"/>

	<!-- Moon+ Reader Pro -->
	<AppIcon name="com.flyersoft.moonreaderp/com.flyersoft.moonreaderp.ActivityMain" image="moon_reader_pro"/>

	<!-- Mutua -->
	<AppIcon name="com.mutua.mutua/com.mutua.mutua.ui.activities.SplashActivity" image="mutua"/>

	<!-- News -->
	<AppIcon name="com.google.android.apps.magazines/com.google.apps.dots.android.app.activity.CurrentsStartActivity" image="news"/>

	<!-- Notifica App -->
	<AppIcon name="es.gob.dehu/es.gob.dehu.MainActivity" image="notifica_app"/>

	<!-- Openbank -->
	<AppIcon name="es.openbank.mobile/com.accountmanager.myapplication.views.activities.LoginActivity" image="openbank"/>

	<!-- Orbot -->
	<AppIcon name="org.torproject.android/org.torproject.android.OrbotActivity" image="orbot"/>

	<!-- Parchís -->
	<AppIcon name="com.superking.parchisi.star/org.cocos2dx.cpp.AppActivity" image="parchis"/>

	<!-- Play Services Info -->
	<AppIcon name="com.weberdo.apps.serviceinfo/com.weberdo.apps.serviceinfo.MainActivity" image="play_services_info"/>

	<!-- Premium Camera -->
	<AppIcon name="com.starfish.camera.premium/com.starfish.camera.premium.MainActivity" image="premium_camera"/>

	<!-- Proton Calendar -->
	<AppIcon name="me.proton.android.calendar/me.proton.android.calendar.presentation.main.MainActivity" image="proton_calendar"/>

	<!-- Proton Drive -->
	<AppIcon name="me.proton.android.drive/me.proton.android.drive.ui.MainActivity" image="proton_drive"/>

	<!-- Proton Mail -->
	<AppIcon name="ch.protonmail.android/ch.protonmail.android.MainActivity" image="proton_mail"/>

	<!-- Radares fijos y moviles -->
	<AppIcon name="com.bigdream.radar.speedcam/com.bigdream.radar.speedcam.SplashActivity.SplashActivity" image="radares_fijos_y_moviles"/>

	<!-- Radio FM -->
	<AppIcon name="com.miui.fm/com.miui.fmradio.FmRadioActivity" image="radio_fm"/>

	<!-- Reloj -->
	<AppIcon name="com.android.deskclock/com.android.deskclock.DeskClockTabActivity" image="reloj"/>

	<!-- Rentalcars -->
	<AppIcon name="com.rentalcars.handset/com.rentalcars.handset.ui.activities.login.SplashActivity" image="rentalcars"/>

	<!-- Rewards -->
	<AppIcon name="com.google.android.apps.paidtasks/com.google.android.apps.paidtasks.activity.LaunchActivity" image="rewards"/>

	<!-- Rocketbook -->
	<AppIcon name="com.rb.rocketbook/com.rb.rocketbook.ui.StartupActivity" image="rocketbook"/>

	<!-- Servicios y comentarios -->
	<AppIcon name="com.miui.miservice/com.miui.miservice.main.MainActivity" image="servicios_y_comentarios"/>

	<!-- SIAR -->
	<AppIcon name="com.tragsatec.mobile.siar/com.tragsatec.mobile.siar.SplashScreen" image="siar"/>

	<!-- SocialDrive -->
	<AppIcon name="rge.tech.usuarios/com.socialdrive.usescase.splash.SplashActivity" image="socialdrive"/>

	<!-- Solitaire -->
	<AppIcon name="com.microsoft.microsoftsolitairecollection/com.smokingguninc.engine.framework.SgiLauncherActivity" image="solitaire"/>

	<!-- Start -->
	<AppIcon name="com.microsoft.amp.apps.bingnews/com.microsoft.sapphire.app.main.SapphireMainActivity" image="start"/>

	<!-- Temas -->
	<AppIcon name="com.android.thememanager/com.android.thememanager.ThemeResourceTabActivity" image="temas"/>

	<!-- TeraBox -->
	<AppIcon name="com.dubox.drive/com.dubox.drive.ui.LogoNewLauncherActivity" image="terabox"/>

	<!-- Tether -->
	<AppIcon name="com.tplink.tether/com.tplink.tether.WelcomeActivity" image="tether"/>

	<!-- TuneIn Radio Pro -->
	<AppIcon name="radiotime.player/tunein.ui.activities.TuneInHomeActivity" image="tunein_radio_pro"/>

	<!-- Vip District -->
	<AppIcon name="com.colectivosvip.clubahorrovip/com.colectivosvip.clubahorrovip.ui.activity.PrincipalActivity" image="vip_district"/>

	<!-- Vivino -->
	<AppIcon name="vivino.web.app/com.sphinx_solution.Launcher" image="vivino"/>

	<!-- WebView DevTools -->
	<AppIcon name="com.google.android.webview.beta/org.chromium.android_webview.devui.LauncherActivity" image="webview_devtools"/>

	<!-- WeTransfer -->
	<AppIcon name="com.wetransfer.transfer/com.wetransfer.transfer.MainActivity" image="wetransfer"/>

	<!-- WiFi Analyzer -->
	<AppIcon name="abdelrahman.wifianalyzerpremium/abdelrahman.wifianalyzerpremium.MainActivity" image="wifi_analyzer"/>

	<!-- Xiaomi Home -->
	<AppIcon name="com.xiaomi.smarthome/com.xiaomi.smarthome.SmartHomeMainActivity" image="xiaomi_home"/>

	<!-- β-Maniac -->
	<AppIcon name="it.mirko.beta/it.mirko.beta.login.LoadingActivity" image="β_maniac"/>

	<!-- µTorrent -->
	<AppIcon name="com.utorrent.client/com.bittorrent.app.Main" image="µtorrent"/>

</Theme>