<resources>

	<!-- AlignBooks -->
	<item component="ComponentInfo{com.aligninfo.alignbooks/com.aligninfo.alignbooks.MainActivity}" drawable="alignbooks" />

	<!-- Calculator -->
	<item component="ComponentInfo{all.in.one.calculator/app.calculator.ui.activities.feed.FeedActivity}" drawable="calculator" />

	<!-- CamScanner -->
	<item component="ComponentInfo{com.intsig.camscanner/com.intsig.camscanner.mainmenu.mainactivity.MainActivity}" drawable="camscanner" />

	<!-- Candy Crush Saga -->
	<item component="ComponentInfo{com.king.candycrushsaga/com.king.candycrushsaga.CandyCrushSagaActivity}" drawable="candy_crush_saga" />

	<!-- CRICFy TV -->
	<item component="ComponentInfo{com.cricfy.tv/com.android.vending.tv.Splash}" drawable="cricfy_tv" />

	<!-- DishHome -->
	<item component="ComponentInfo{com.shirantech.dishhome/com.shirantech.dishhome.activities.SplashActivity}" drawable="dishhome" />

	<!-- DishHome GO -->
	<item component="ComponentInfo{com.conax.golive.dishnepal/com.conax.golive.dishnepal.MainActivity}" drawable="dishhome_go" />

	<!-- DooFlix -->
	<item component="ComponentInfo{com.chatbot.robochatai/com.chatbot.robochatai.SplashScreenActivity}" drawable="dooflix" />

	<!-- Fonepay App -->
	<item component="ComponentInfo{com.fonepay/com.fonepay.MainActivity}" drawable="fonepay_app" />

	<!-- Fonepay Business -->
	<item component="ComponentInfo{com.f1soft.fonepay.merchant/com.f1soft.fonepay.merchant.MainActivity}" drawable="fonepay_business" />

	<!-- Galaxy Enhance-X -->
	<item component="ComponentInfo{com.samsung.android.imageenhancer/com.samsung.android.imageenhancer.MainActivity}" drawable="galaxy_enhance_x" />

	<!-- Hamro bazar -->
	<item component="ComponentInfo{com.hamrobazar.android/com.kantipur.hb.ui.features.auth.AuthActivity}" drawable="hamro_bazar" />

	<!-- Hamro Patro -->
	<item component="ComponentInfo{com.hamropatro/com.hamropatro.activities.SplashActivity}" drawable="hamro_patro" />

	<!-- Karobar -->
	<item component="ComponentInfo{com.bytecaretech.merokarobar/com.bytecaretech.merokarobar.MainActivity}" drawable="karobar" />

	<!-- Link to Windows -->
	<item component="ComponentInfo{com.samsung.android.mdx/com.samsung.android.mdx.windowslink.tileservice.LinkToWidowsLauncherActivityDummy}" drawable="link_to_windows" />

	<!-- Mahalaxmi BankXP -->
	<item component="ComponentInfo{com.f1soft.mallikamobilebanking/com.f1soft.bankxp.android.login.splash.SplashActivity}" drawable="mahalaxmi_bankxp" />

	<!-- Mero Share -->
	<item component="ComponentInfo{com.meroshare.app/com.meroshare.app.components.login.LoginContainerActivity}" drawable="mero_share" />

	<!-- microG Settings -->
	<item component="ComponentInfo{com.mgoogle.android.gms/org.microg.gms.ui.SettingsActivity}" drawable="microg_settings" />

	<!-- MoneyMitra -->
	<item component="ComponentInfo{com.ideapreneurnepal.moneymitra/com.ideapreneurnepal.moneymitra.MainActivity}" drawable="moneymitra" />

	<!-- Ncell App -->
	<item component="ComponentInfo{com.mventus.ncell.activity/com.mventus.ncell.activity.SplashActivity}" drawable="ncell_app" />

	<!-- NEA -->
	<item component="ComponentInfo{com.nepalelectricityauthority.nea/com.nepalelectricityauthority.nea.MainActivity}" drawable="nea" />

	<!-- NetTV -->
	<item component="ComponentInfo{np.com.nettv/np.com.nettv.MainActivity}" drawable="nettv" />

	<!-- NotiStar -->
	<item component="ComponentInfo{com.samsung.systemui.notilus/com.samsung.systemui.notilus.NotiCenterPage}" drawable="notistar" />

	<!-- Pikashow -->
	<item component="ComponentInfo{com.offshore.pikachu/com.offshore.pikachu.view.Splash}" drawable="pikashow" />

	<!-- Studio -->
	<item component="ComponentInfo{com.sec.android.app.vepreload/com.sec.android.app.vepreload.common.activity.ProjectShortcutActivity}" drawable="studio" />

	<!-- Wonderland -->
	<item component="ComponentInfo{com.samsung.android.wonderland.wallpaper/com.samsung.android.wonderland.wallpaper.settings.StartupActivity}" drawable="wonderland" />

</resources>