<Theme version="1">

	<!-- AlignBooks -->
	<AppIcon name="com.aligninfo.alignbooks/com.aligninfo.alignbooks.MainActivity" image="alignbooks"/>

	<!-- Calculator -->
	<AppIcon name="all.in.one.calculator/app.calculator.ui.activities.feed.FeedActivity" image="calculator"/>

	<!-- CamScanner -->
	<AppIcon name="com.intsig.camscanner/com.intsig.camscanner.mainmenu.mainactivity.MainActivity" image="camscanner"/>

	<!-- Candy Crush Saga -->
	<AppIcon name="com.king.candycrushsaga/com.king.candycrushsaga.CandyCrushSagaActivity" image="candy_crush_saga"/>

	<!-- CRICFy TV -->
	<AppIcon name="com.cricfy.tv/com.android.vending.tv.Splash" image="cricfy_tv"/>

	<!-- DishHome -->
	<AppIcon name="com.shirantech.dishhome/com.shirantech.dishhome.activities.SplashActivity" image="dishhome"/>

	<!-- DishHome GO -->
	<AppIcon name="com.conax.golive.dishnepal/com.conax.golive.dishnepal.MainActivity" image="dishhome_go"/>

	<!-- DooFlix -->
	<AppIcon name="com.chatbot.robochatai/com.chatbot.robochatai.SplashScreenActivity" image="dooflix"/>

	<!-- Fonepay App -->
	<AppIcon name="com.fonepay/com.fonepay.MainActivity" image="fonepay_app"/>

	<!-- Fonepay Business -->
	<AppIcon name="com.f1soft.fonepay.merchant/com.f1soft.fonepay.merchant.MainActivity" image="fonepay_business"/>

	<!-- Galaxy Enhance-X -->
	<AppIcon name="com.samsung.android.imageenhancer/com.samsung.android.imageenhancer.MainActivity" image="galaxy_enhance_x"/>

	<!-- Hamro bazar -->
	<AppIcon name="com.hamrobazar.android/com.kantipur.hb.ui.features.auth.AuthActivity" image="hamro_bazar"/>

	<!-- Hamro Patro -->
	<AppIcon name="com.hamropatro/com.hamropatro.activities.SplashActivity" image="hamro_patro"/>

	<!-- Karobar -->
	<AppIcon name="com.bytecaretech.merokarobar/com.bytecaretech.merokarobar.MainActivity" image="karobar"/>

	<!-- Link to Windows -->
	<AppIcon name="com.samsung.android.mdx/com.samsung.android.mdx.windowslink.tileservice.LinkToWidowsLauncherActivityDummy" image="link_to_windows"/>

	<!-- Mahalaxmi BankXP -->
	<AppIcon name="com.f1soft.mallikamobilebanking/com.f1soft.bankxp.android.login.splash.SplashActivity" image="mahalaxmi_bankxp"/>

	<!-- Mero Share -->
	<AppIcon name="com.meroshare.app/com.meroshare.app.components.login.LoginContainerActivity" image="mero_share"/>

	<!-- microG Settings -->
	<AppIcon name="com.mgoogle.android.gms/org.microg.gms.ui.SettingsActivity" image="microg_settings"/>

	<!-- MoneyMitra -->
	<AppIcon name="com.ideapreneurnepal.moneymitra/com.ideapreneurnepal.moneymitra.MainActivity" image="moneymitra"/>

	<!-- Ncell App -->
	<AppIcon name="com.mventus.ncell.activity/com.mventus.ncell.activity.SplashActivity" image="ncell_app"/>

	<!-- NEA -->
	<AppIcon name="com.nepalelectricityauthority.nea/com.nepalelectricityauthority.nea.MainActivity" image="nea"/>

	<!-- NetTV -->
	<AppIcon name="np.com.nettv/np.com.nettv.MainActivity" image="nettv"/>

	<!-- NotiStar -->
	<AppIcon name="com.samsung.systemui.notilus/com.samsung.systemui.notilus.NotiCenterPage" image="notistar"/>

	<!-- Pikashow -->
	<AppIcon name="com.offshore.pikachu/com.offshore.pikachu.view.Splash" image="pikashow"/>

	<!-- Studio -->
	<AppIcon name="com.sec.android.app.vepreload/com.sec.android.app.vepreload.common.activity.ProjectShortcutActivity" image="studio"/>

	<!-- Wonderland -->
	<AppIcon name="com.samsung.android.wonderland.wallpaper/com.samsung.android.wonderland.wallpaper.settings.StartupActivity" image="wonderland"/>

</Theme>