<resources>

	<!-- 2ndLine -->
	<item component="ComponentInfo{com.enflick.android.tn2ndLine/authorization.ui.AuthorizationActivity}" drawable="_2ndline" />

	<!-- 8 Ball Pool -->
	<item component="ComponentInfo{com.miniclip.eightballpool/com.miniclip.eightballpool.EightBallPoolActivity}" drawable="_8_ball_pool" />

	<!-- 9GAG -->
	<item component="ComponentInfo{com.ninegag.android.app/com.ninegag.android.app.ui.home.HomeActivity}" drawable="_9gag" />

	<!-- Account Book -->
	<item component="ComponentInfo{com.bizce.accountbook/com.bizce.accountbook.ACSplash}" drawable="account_book" />

	<!-- Adobe Fill & Sign -->
	<item component="ComponentInfo{com.adobe.fas/com.adobe.fas.Home.FillAndSign}" drawable="adobe_fill_and_sign" />

	<!-- Ai Edu App -->
	<item component="ComponentInfo{com.bleeddatascience.aiedututapp/com.bleeddatascience.aiedututapp.SplashActivity}" drawable="ai_edu_app" />

	<!-- Apk Extractor -->
	<item component="ComponentInfo{com.ext.ui/com.ext.ui.MainActivity}" drawable="apk_extractor" />

	<!-- Apprendre -->
	<item component="ComponentInfo{com.tv5monde.apprendre/com.tapptic.tv5.alf.onboarding.splash.SplashActivity}" drawable="apprendre" />

	<!-- Arabic OCR -->
	<item component="ComponentInfo{com.abanoubhanna.ocr.arabic/com.abanoubhanna.ocr.arabic.MainActivity}" drawable="arabic_ocr" />

	<!-- Arduino Bluetooth Control -->
	<item component="ComponentInfo{com.giristudio.hc05.bluetooth.arduino.control/com.giristudio.hc05.bluetooth.arduino.control.MainActivity}" drawable="arduino_bluetooth_control" />

	<!-- Avatarify -->
	<item component="ComponentInfo{com.avatarify.android/com.avatarify.android.MainActivity}" drawable="avatarify" />

	<!-- Awfarli -->
	<item component="ComponentInfo{com.htech.awfarli/com.example.awfarlak.MainActivity}" drawable="awfarli" />

	<!-- BB Racing -->
	<item component="ComponentInfo{com.vectorunit.purple.googleplay/com.vectorunit.purple.googleplay.MainActivity}" drawable="bb_racing" />

	<!-- BeeTV -->
	<item component="ComponentInfo{com.bweather.forecast/com.bweather.forecast.SplashActivity}" drawable="beetv" />

	<!-- BigData Interview Guide -->
	<item component="ComponentInfo{com.software.navnath.bigdatainterviewquestionbank/com.software.navnath.bigdatainterviewquestionbank.MainActivity}" drawable="bigdata_interview_guide" />

	<!-- Blossom -->
	<item component="ComponentInfo{com.conceptivapps.blossom/com.apalon.blossom.screens.main.MainActivity}" drawable="blossom" />

	<!-- BlueMail -->
	<item component="ComponentInfo{me.bluemail.mail/com.trtf.blue.activity.Accounts}" drawable="bluemail" />

	<!-- BlueWallet -->
	<item component="ComponentInfo{io.bluewallet.bluewallet/io.bluewallet.bluewallet.MainActivity}" drawable="bluewallet" />

	<!-- BOB Finance -->
	<item component="ComponentInfo{com.bob.click2pay/com.veriah.juno.MainActivity}" drawable="bob_finance" />

	<!-- Calendly -->
	<item component="ComponentInfo{com.calendly.app/com.calendly.app.splash.SplashActivity}" drawable="calendly" />

	<!-- Call of Duty -->
	<item component="ComponentInfo{com.activision.callofduty.shooter/com.tencent.tmgp.cod.CODMPrivatePermissionActivity}" drawable="call_of_duty" />

	<!-- CAPTAIN TSUBASA: ACE -->
	<item component="ComponentInfo{com.dgames.g65002005.google/com.dgame.tsubasa.TsubasaActivity}" drawable="captain_tsubasa_ace" />

	<!-- Car Football League -->
	<item component="ComponentInfo{com.rborousscarballygames/com.unity3d.player.UnityPlayerNativeActivity}" drawable="car_football_league" />

	<!-- Checkers -->
	<item component="ComponentInfo{com.fooview.android.game.checkers/com.fooview.android.game.checkers.CheckerActivity}" drawable="checkers" />

	<!-- Chegg Study -->
	<item component="ComponentInfo{com.chegg/com.chegg.home.HomeActivity}" drawable="chegg_study" />

	<!-- ClassPad -->
	<item component="ComponentInfo{jp.co.casio.fx.ClassPad2/com.casio.SubscriptionActivity}" drawable="classpad" />

	<!-- Cleanfox -->
	<item component="ComponentInfo{io.cleanfox.android/io.cleanfox.android.view.splashscreen.SplashScreenActivity}" drawable="cleanfox" />

	<!-- Countdate -->
	<item component="ComponentInfo{cyou.sk5s.app.countdate/cyou.sk5s.app.countdate.MainActivity}" drawable="countdate" />

	<!-- Currency -->
	<item component="ComponentInfo{net.xelnaga.exchanger/net.xelnaga.exchanger.activity.MainActivity}" drawable="currency" />

	<!-- Daisho -->
	<item component="ComponentInfo{com.colossi.survival.samurai/com.unity3d.player.UnityPlayerActivity}" drawable="daisho" />

	<!-- DataScienceHub -->
	<item component="ComponentInfo{com.youredufriends.datasciencehub/com.youredufriends.datasciencehub.MainActivity}" drawable="datasciencehub" />

	<!-- Dawnlands -->
	<item component="ComponentInfo{com.xishanju.codess.intl/com.xgsdk.client.api.splash.XGSplashActivity}" drawable="dawnlands" />

	<!-- Dcoder -->
	<item component="ComponentInfo{com.paprbit.dcoder/com.paprbit.dcoder.splash.Splash}" drawable="dcoder" />

	<!-- DNS66 -->
	<item component="ComponentInfo{org.jak_linux.dns66/org.jak_linux.dns66.MainActivity}" drawable="dns66" />

	<!-- DOOM II -->
	<item component="ComponentInfo{com.bethsoft.DOOMII/com.unity3d.player.UnityPlayerActivity}" drawable="doom_ii" />

	<!-- Dragon Nest 2: Evolution -->
	<item component="ComponentInfo{com.proximabeta.dn2.global/com.proximabeta.dn2.MainActivity}" drawable="dragon_nest_2_evolution" />

	<!-- Drama Live -->
	<item component="ComponentInfo{com.sneig.livedrama/com.sneig.livedrama.activities.StartActivity}" drawable="drama_live" />

	<!-- Drugs.com -->
	<item component="ComponentInfo{com.drugscom.app/com.drugscom.app.SplashActivity}" drawable="drugscom" />

	<!-- dubizzle OLX Lebanon -->
	<item component="ComponentInfo{com.empg.olxlb/com.empg.olxlb.MainActivity}" drawable="dubizzle_olx_lebanon" />

	<!-- Duplicate Cleaner -->
	<item component="ComponentInfo{com.mchehraz.singuler/com.mchehraz.singuler.app.view.views.MainView}" drawable="duplicate_cleaner" />

	<!-- EnglishScore -->
	<item component="ComponentInfo{com.englishscore/com.englishscore.MainActivity}" drawable="englishscore" />

	<!-- Fake GPS -->
	<item component="ComponentInfo{com.lexa.fakegps/com.lexa.fakegps.ui.Main}" drawable="fake_gps" />

	<!-- FastVid -->
	<item component="ComponentInfo{fb.video.downloader/com.fastvid.fbvideodownloader.activities.SplashScreenActivity}" drawable="fastvid" />

	<!-- Fattal Online -->
	<item component="ComponentInfo{com.weevi.fattalonline/infix.imrankst1221.codecanyon.MainActivity}" drawable="fattal_online" />

	<!-- FC Mobile -->
	<item component="ComponentInfo{com.ea.gp.fifamobile/com.ea.gp.fifamobile.FifaMainActivity}" drawable="fc_mobile" />

	<!-- FDM -->
	<item component="ComponentInfo{org.freedownloadmanager.fdm/org.freedownloadmanager.fdm.MyActivity}" drawable="fdm" />

	<!-- Filmora -->
	<item component="ComponentInfo{com.wondershare.filmorago/com.filmorago.phone.ui.SplashActivity}" drawable="filmora" />

	<!-- Fireball Wizard -->
	<item component="ComponentInfo{com.pid.fireballwizard/com.unity3d.player.UnityPlayerActivity}" drawable="fireball_wizard" />

	<!-- Flyperlink -->
	<item component="ComponentInfo{com.flyperinc.flyperlink/com.flyperinc.flyperlink.activity.Loading}" drawable="flyperlink" />

	<!-- Followers+ -->
	<item component="ComponentInfo{com.innovatty.followersplus/com.innovatty.followersplus.MainActivity}" drawable="followers_" />

	<!-- Freeblade -->
	<item component="ComponentInfo{com.pixeltoys.freeblade/com.unity3d.player.UnityPlayerActivity}" drawable="freeblade" />

	<!-- Freelancer -->
	<item component="ComponentInfo{com.freelancer.android.messenger/com.freelancer.main.MainActivity}" drawable="freelancer" />

	<!-- FV File Explorer -->
	<item component="ComponentInfo{com.fooview.android.fooview.fvfile/com.fooview.android.fooview.FVFileActivity}" drawable="fv_file_explorer" />

	<!-- Genshin Impact -->
	<item component="ComponentInfo{com.miHoYo.GenshinImpact/com.miHoYo.GetMobileInfo.MainActivity}" drawable="genshin_impact" />

	<!-- Ghost Survivors -->
	<item component="ComponentInfo{com.superbox.aos.ghosthunter/com.unity3d.player.UnityPlayerActivity}" drawable="ghost_survivors" />

	<!-- Git Quick Reference -->
	<item component="ComponentInfo{io.github.easyintent.quickref/io.github.easyintent.quickref.MainActivityEx}" drawable="git_quick_reference" />

	<!-- GoodSync -->
	<item component="ComponentInfo{com.siber.gsserver/com.siber.gsserver.app.startup.StartupActivity}" drawable="goodsync" />

	<!-- Great Courses Plus -->
	<item component="ComponentInfo{com.tgc.greatcoursesplus/com.teachco.tgcplus.teachcoplus.activities.LoginActivity}" drawable="great_courses_plus" />

	<!-- green -->
	<item component="ComponentInfo{air.com.bartbonte.green/air.com.bartbonte.green.AIRAppEntry}" drawable="green" />

	<!-- Guns At Dawn -->
	<item component="ComponentInfo{com.generagames.gunsatdawn.shooter/com.unity3d.player.UnityPlayerActivity}" drawable="guns_at_dawn" />

	<!-- Hangouts -->
	<item component="ComponentInfo{com.google.android.talk/com.google.android.talk.SigningInActivity}" drawable="hangouts" />

	<!-- Haqibat Elmomen -->
	<item component="ComponentInfo{net.alkafeel.mcb/net.alkafeel.mcb.Splashscreen}" drawable="haqibat_elmomen" />

	<!-- Headway -->
	<item component="ComponentInfo{com.headway.books/com.genesis.books.presentation.controllers.splash.SplashActivity}" drawable="headway" />

	<!-- IFTTT -->
	<item component="ComponentInfo{com.ifttt.ifttt/com.ifttt.ifttt.home.HomeActivity}" drawable="ifttt" />

	<!-- Insane -->
	<item component="ComponentInfo{com.insane.android/com.insane.android.activity.SplashActivity}" drawable="insane" />

	<!-- Instagram -->
	<item component="ComponentInfo{com.aeroinsta.android/com.instagram.android.activity.MainTabActivity}" drawable="instagram" />

	<!-- Instapaper -->
	<item component="ComponentInfo{com.instapaper.android/com.instapaper.android.MainActivity}" drawable="instapaper" />

	<!-- IPTV -->
	<item component="ComponentInfo{ru.iptvremote.android.iptv/ru.iptvremote.android.iptv.ChannelsActivity}" drawable="iptv" />

	<!-- ishtari -->
	<item component="ComponentInfo{com.smartdevision.app.ishtari/com.smartdevision.app.ishtari.MainActivity}" drawable="ishtari" />

	<!-- Jawaker -->
	<item component="ComponentInfo{com.boundless.jawaker/com.google.firebase.MessagingUnityPlayerActivity}" drawable="jawaker" />

	<!-- Jungle Adventures 3 -->
	<item component="ComponentInfo{com.renderedideas.jungleadventures3/com.renderedideas.newgameproject.android.AndroidLauncher}" drawable="jungle_adventures_3" />

	<!-- Karout Online -->
	<item component="ComponentInfo{com.app.karoutonline/com.inspireui.fluxstore.MainActivity}" drawable="karout_online" />

	<!-- Kazderni -->
	<item component="ComponentInfo{com.kazderni.app/com.goodbarber.v2.core.common.activities.SplashscreenActivity}" drawable="kazderni" />

	<!-- Keyboard for Excel -->
	<item component="ComponentInfo{com.microsoft.keyboardforexcel/com.microsoft.keyboardforexcel.fre.FREMainActivity}" drawable="keyboard_for_excel" />

	<!-- Khod -->
	<item component="ComponentInfo{com.hidevmobile.khod/com.example.khod.MainActivity}" drawable="khod" />

	<!-- Kusacalibur -->
	<item component="ComponentInfo{arrow.Spiral.Kusa/com.unity3d.player.UnityPlayerActivity}" drawable="kusacalibur" />

	<!-- Last Ultima -->
	<item component="ComponentInfo{com.emagroups.b3/com.unity3d.player.UnityPlayerGameActivity}" drawable="last_ultima" />

	<!-- Learning -->
	<item component="ComponentInfo{com.linkedin.android.learning/com.linkedin.android.learning.launchscreen.LaunchScreenActivity}" drawable="learning" />

	<!-- Leb Gold -->
	<item component="ComponentInfo{io.kodular.appobil24.lebgold/io.kodular.appobil24.lebgold.Screen1}" drawable="leb_gold" />

	<!-- Link to Windows -->
	<item component="ComponentInfo{com.samsung.android.mdx/com.samsung.android.mdx.windowslink.tileservice.LinkToWidowsLauncherActivityDummy}" drawable="link_to_windows" />

	<!-- Loopsie -->
	<item component="ComponentInfo{com.loopsie.android/com.loopsie.android.MainActivity}" drawable="loopsie" />

	<!-- Manual Camera DSLR Pro -->
	<item component="ComponentInfo{com.lensesdev.manual.camera.pro/com.antafunny.burstcamera.MainActivity}" drawable="manual_camera_dslr_pro" />

	<!-- Media365 Reader -->
	<item component="ComponentInfo{com.mobisystems.ubreader_west/com.mobisystems.ubreader.launcher.activity.welcome.EulaActivity}" drawable="media365_reader" />

	<!-- MediaMonkey -->
	<item component="ComponentInfo{com.ventismedia.android.mediamonkey/com.ventismedia.android.mediamonkey.StartActivity}" drawable="mediamonkey" />

	<!-- Medium -->
	<item component="ComponentInfo{com.medium.reader/com.medium.android.donkey.start.SplashActivity}" drawable="medium" />

	<!-- Merge Brain : 2248 -->
	<item component="ComponentInfo{com.superbox.aos.linkdrop/com.unity3d.player.UnityPlayerActivity}" drawable="merge_brain_2248" />

	<!-- Modern Combat 5 -->
	<item component="ComponentInfo{com.gameloft.android.ANMP.GloftM5HM/com.gameloft.android.ANMP.GloftM5HM.MainActivity}" drawable="modern_combat_5" />

	<!-- Mortal Kombat -->
	<item component="ComponentInfo{com.wb.goog.mkx/com.epicgames.ue4.SplashActivity}" drawable="mortal_kombat" />

	<!-- MosaLingua German -->
	<item component="ComponentInfo{com.mosalingua.deu/com.mosalingua.deu.MainActivity}" drawable="mosalingua_german" />

	<!-- MyMonty -->
	<item component="ComponentInfo{com.mymontydigital.wallet/com.mymontydigital.wallet.ui.onboarding.OnBoardingActivity}" drawable="mymonty" />

	<!-- Netis Router Manager -->
	<item component="ComponentInfo{com.ahmadeyamin.netis/com.ahmadeyamin.netis.MainActivity}" drawable="netis_router_manager" />

	<!-- NFS No Limits -->
	<item component="ComponentInfo{com.ea.game.nfs14_row/com.ea.game.nfs14_row.NFSActivity}" drawable="nfs_no_limits" />

	<!-- Ninja's Creed -->
	<item component="ComponentInfo{ninja.creed.sniper.real3d.action.free.android/ninja.creed.sniper.real3d.action.free.android.MainActivity}" drawable="ninjas_creed" />

	<!-- Nostalgia.NES Pro -->
	<item component="ComponentInfo{com.nostalgiaemulators.nesfull/com.nostalgiaemulators.nes.NesGalleryActivity}" drawable="nostalgianes_pro" />

	<!-- NotiStar -->
	<item component="ComponentInfo{com.samsung.systemui.notilus/com.samsung.systemui.notilus.NotiCenterPage}" drawable="notistar" />

	<!-- Numerology -->
	<item component="ComponentInfo{com.mirofox.numerologija/com.mirofox.numerologija.activities.MainActivity}" drawable="numerology" />

	<!-- NV Player -->
	<item component="ComponentInfo{com.acb.nvplayer/com.acb.nvplayer.ui.SplashActivity}" drawable="nv_player" />

	<!-- Offerat -->
	<item component="ComponentInfo{com.offerat/com.offerat.activity.SplashActivity}" drawable="offerat" />

	<!-- OMT Pay -->
	<item component="ComponentInfo{com.tedmob.omt/com.tedmob.omt.features.launch.RootActivity}" drawable="omt_pay" />

	<!-- Onslaught -->
	<item component="ComponentInfo{com.wb.goog.mk.rpg2021/com.epicgames.unreal.SplashActivity}" drawable="onslaught" />

	<!-- Opensignal -->
	<item component="ComponentInfo{com.staircase3.opensignal/com.staircase3.opensignal.goldstar.loadingconfig.LoadConfigActivity}" drawable="opensignal" />

	<!-- OpenSooq - السوق المفتوح -->
	<item component="ComponentInfo{com.opensooq.OpenSooq/com.opensooq.OpenSooq.ui.splash.SplashActivity}" drawable="opensooq_السوق_المفتوح" />

	<!-- Opus Manager -->
	<item component="ComponentInfo{com.lastwoods.audio/com.lastwoods.audio.MainActivity}" drawable="opus_manager" />

	<!-- Packt -->
	<item component="ComponentInfo{com.packtpub.reader/com.packtpub.reader.MainActivity}" drawable="packt" />

	<!-- Password Generator -->
	<item component="ComponentInfo{com.vecturagames.android.app.passwordgenerator/com.vecturagames.android.app.passwordgenerator.activity.MainActivity}" drawable="password_generator" />

	<!-- Payoneer -->
	<item component="ComponentInfo{com.payoneer.android/com.payoneer.SplashActivity}" drawable="payoneer" />

	<!-- Picsart -->
	<item component="ComponentInfo{com.picsart.studio/com.socialin.android.photo.picsinphoto.MainPagerActivity}" drawable="picsart" />

	<!-- PictPicks -->
	<item component="ComponentInfo{jp.mydns.usagigoya.imagesearchviewer/jp.mydns.usagigoya.imagesearchviewer.view.activity.MainActivity}" drawable="pictpicks" />

	<!-- Pinster Advanced Downloader -->
	<item component="ComponentInfo{pinsterdownload.advanceddownloader.com/com.code.app.view.main.MainActivity}" drawable="pinster_advanced_downloader" />

	<!-- Pixel Gun 3D -->
	<item component="ComponentInfo{com.pixel.gun3d/com.pixelgun.MessagingAndPrime31UnityPlayerActivity}" drawable="pixel_gun_3d" />

	<!-- Plants Research Pro -->
	<item component="ComponentInfo{yukod.science.plantsresearch/yukod.science.plantsresearch.MainActivity}" drawable="plants_research_pro" />

	<!-- Pluma -->
	<item component="ComponentInfo{qijaz221.android.rss.reader/qijaz221.android.rss.reader.SplashActivity}" drawable="pluma" />

	<!-- Plus -->
	<item component="ComponentInfo{org.telegram.plus/org.telegram.messenger.DefaultIcon}" drawable="plus" />

	<!-- Precise Level -->
	<item component="ComponentInfo{com.jonyups.poziomicagen/com.unity3d.player.UnityPlayerActivity}" drawable="precise_level" />

	<!-- Progressbar95 -->
	<item component="ComponentInfo{com.spookyhousestudios.progressbar95/com.ansca.corona.CoronaActivity}" drawable="progressbar95" />

	<!-- ProShot -->
	<item component="ComponentInfo{com.riseupgames.proshot2/com.riseupgames.proshot2.PermissionsActivity}" drawable="proshot" />

	<!-- Purpl -->
	<item component="ComponentInfo{com.purplme.purplapp/com.purplme.purplapp.MainActivity}" drawable="purpl" />

	<!-- Quora -->
	<item component="ComponentInfo{com.quora.android/com.quora.android.components.activities.LauncherActivity}" drawable="quora" />

	<!-- Rento Fortune 3D -->
	<item component="ComponentInfo{air.bg.lan.Monopoli/com.playrento.deeplink.RentoUnityPlayerActivity}" drawable="rento_fortune_3d" />

	<!-- Resume Builder -->
	<item component="ComponentInfo{com.hightech.professionalresumes/com.hightech.professionalresumes.activities.SplashActivity}" drawable="resume_builder" />

	<!-- Resume Pro -->
	<item component="ComponentInfo{com.resumespro/com.resumespro.activities.LaunchActivity}" drawable="resume_pro" />

	<!-- Riptide GP: Renegade -->
	<item component="ComponentInfo{com.vectorunit.silver.googleplay/com.vectorunit.silver.googleplay.Silver}" drawable="riptide_gp_renegade" />

	<!-- Road Fighter -->
	<item component="ComponentInfo{com.minigame.carracing/com.unity3d.player.UnityPlayerActivity}" drawable="road_fighter" />

	<!-- Room and a Half -->
	<item component="ComponentInfo{com.partypoopers.roomandahalfarabic/com.partypoopers.roomandahalfarabic.RunnerActivity}" drawable="room_and_a_half" />

	<!-- Room Master -->
	<item component="ComponentInfo{com.partypoopers.roachmaster/com.partypoopers.roachmaster.RunnerActivity}" drawable="room_master" />

	<!-- Roto Force -->
	<item component="ComponentInfo{com.pid.rotoforce/com.pid.rotoforce.AndroidLauncher}" drawable="roto_force" />

	<!-- Router Setup Page -->
	<item component="ComponentInfo{com.selairus.international.wifipasswordchange.routerpassword.routersettings/com.selairus.international.wifipasswordchange.routerpassword.routersettings.MainMenu}" drawable="router_setup_page" />

	<!-- RSS Reader -->
	<item component="ComponentInfo{com.jahertor.rssreader/com.jahertor.rssreader.views.main.MainActivity}" drawable="rss_reader" />

	<!-- Rytmos -->
	<item component="ComponentInfo{com.floppyclub.Rytmos/com.unity3d.player.UnityPlayerActivity}" drawable="rytmos" />

	<!-- SD Maid -->
	<item component="ComponentInfo{eu.thedarken.sdm/eu.thedarken.sdm.main.ui.SDMMainActivity}" drawable="sd_maid" />

	<!-- SD Maid Pro -->
	<item component="ComponentInfo{eu.thedarken.sdm.unlocker/eu.thedarken.sdm.unlocker.MainActivity}" drawable="sd_maid_pro" />

	<!-- SD Maid SE -->
	<item component="ComponentInfo{eu.darken.sdmse/eu.darken.sdmse.main.ui.MainActivity}" drawable="sd_maid_se" />

	<!-- SendMe -->
	<item component="ComponentInfo{today.sendme/today.sendme.MainActivity}" drawable="sendme" />

	<!-- SharePoint -->
	<item component="ComponentInfo{com.microsoft.sharepoint/com.microsoft.sharepoint.MainActivity}" drawable="sharepoint" />

	<!-- Sky Islands -->
	<item component="ComponentInfo{com.neutronized.skyislands/com.neutronized.skyislands.AIRAppEntry}" drawable="sky_islands" />

	<!-- Slidey -->
	<item component="ComponentInfo{com.mavis.slidey/com.unity3d.player.UnityPlayerActivity}" drawable="slidey" />

	<!-- slither.io -->
	<item component="ComponentInfo{air.com.hypah.io.slither/air.com.hypah.io.slither.AIRAppEntry}" drawable="slitherio" />

	<!-- Smart Tutor -->
	<item component="ComponentInfo{com.rsupport.rs.activity.rsupport.aas2/com.rsupport.rs.activity.edit.IntroActivity}" drawable="smart_tutor" />

	<!-- SNOW BROTHERS classic   -->
	<item component="ComponentInfo{com.mobirix.jp.snowbrothers/org.cocos2dx.cpp.AppActivity}" drawable="snow_brothers_classic_" />

	<!-- Snowbreak -->
	<item component="ComponentInfo{com.seasun.snowbreak.google/com.xgsdk.client.api.splash.XGSplashActivity}" drawable="snowbreak" />

	<!-- Solitaire -->
	<item component="ComponentInfo{com.microsoft.microsoftsolitairecollection/com.smokingguninc.engine.framework.SgiLauncherActivity}" drawable="solitaire" />

	<!-- Sonic Time Twisted -->
	<item component="ComponentInfo{com.overboundstudio.SonicTimeTwisted/com.overboundstudio.SonicTimeTwisted.RunnerActivity}" drawable="sonic_time_twisted" />

	<!-- SPSS Output Interpretations -->
	<item component="ComponentInfo{com.DataScience.SpssOutputInterpretations/com.DataScience.SpssOutputInterpretations.MainActivity}" drawable="spss_output_interpretations" />

	<!-- Stack Exchange -->
	<item component="ComponentInfo{com.stackexchange.marvin/com.stackexchange.marvin.ui.LaunchActivity}" drawable="stack_exchange" />

	<!-- Statinfer -->
	<item component="ComponentInfo{com.learn.statinfer1/com.learn.statinfer1.activity.MainActivity}" drawable="statinfer" />

	<!-- Statistics -->
	<item component="ComponentInfo{com.wolfram.android.statistics/com.wolfram.android.courseappslib.activity.MainMenuActivity}" drawable="statistics" />

	<!-- statmagic -->
	<item component="ComponentInfo{info.statmagic.statmagic_practice_2/info.statmagic.statmagic_practice_2.MainActivity}" drawable="statmagic" />

	<!-- Studio -->
	<item component="ComponentInfo{com.sec.android.app.vepreload/com.sec.android.app.vepreload.common.activity.ProjectShortcutActivity}" drawable="studio" />

	<!-- Supercook -->
	<item component="ComponentInfo{com.supercook.app/com.supercook.app.MainActivity}" drawable="supercook" />

	<!-- Sweatcoin -->
	<item component="ComponentInfo{in.sweatco.app/com.app.sweatcoin.ui.activities.RootActivity}" drawable="sweatcoin" />

	<!-- TDS : RISE -->
	<item component="ComponentInfo{com.cookapps.newdemonslayer/com.unity3d.player.UnityPlayerActivity}" drawable="tds_rise" />

	<!-- Termius -->
	<item component="ComponentInfo{com.server.auditor.ssh.client/com.server.auditor.ssh.client.navigation.SshNavigationDrawerActivity}" drawable="termius" />

	<!-- Text Fairy -->
	<item component="ComponentInfo{com.renard.ocr/com.renard.ocr.MainActivity}" drawable="text_fairy" />

	<!-- The Baby In Yellow -->
	<item component="ComponentInfo{com.TeamTerrible.BabyInYellow/com.epicgames.ue4.SplashActivity}" drawable="the_baby_in_yellow" />

	<!-- Titan Player -->
	<item component="ComponentInfo{com.titanx.videoplayerz/com.titanx.videoplayerz.activity.SplashActivity}" drawable="titan_player" />

	<!-- Touch -->
	<item component="ComponentInfo{mobi.foo.touch/mobi.foo.touch.SplashActivity}" drawable="touch" />

	<!-- Truelancer -->
	<item component="ComponentInfo{com.truelancer.app/com.truelancer.app.activities.SplashActivity}" drawable="truelancer" />

	<!-- Undawn -->
	<item component="ComponentInfo{com.tencent.cosna/com.tencent.cosna.SplashActivity}" drawable="undawn" />

	<!-- UPS Battery Backup Time Calculator -->
	<item component="ComponentInfo{appinventor.ai_widemobi.upstimings/appinventor.ai_widemobi.upstimings.Screen1}" drawable="ups_battery_backup_time_calculator" />

	<!-- UserLAnd -->
	<item component="ComponentInfo{tech.ula/tech.ula.library.MainActivity}" drawable="userland" />

	<!-- Vertical Adventure -->
	<item component="ComponentInfo{com.rikudogames.verticaladventure/com.unity3d.player.UnityPlayerActivity}" drawable="vertical_adventure" />

	<!-- VideoShow -->
	<item component="ComponentInfo{com.xvideostudio.videoeditor/com.xvideostudio.videoeditor.activity.SplashRCActivity}" drawable="videoshow" />

	<!-- Waffershop -->
	<item component="ComponentInfo{com.waffershop.android/com.velsof.genericapp.MainActivity}" drawable="waffershop" />

	<!-- Wallpapers -->
	<item component="ComponentInfo{com.microsoft.bing.wallpapers/com.microsoft.bing.wallpapers.MainActivity}" drawable="wallpapers" />

	<!-- WesternUnion -->
	<item component="ComponentInfo{com.westernunion.android.mtapp/com.westernunion.moneytransferr3app.MainActivity}" drawable="westernunion" />

	<!-- WhatsTool: Toolkit for WhatsApp -->
	<item component="ComponentInfo{com.whatstools.statussaver.directchat.trendingstatus.searchprofile/com.allin1tools.ui.activity.SplashActivty}" drawable="whatstool_toolkit_for_whatsapp" />

	<!-- whish -->
	<item component="ComponentInfo{money.whish.android/activity.SplashActivity}" drawable="whish" />

	<!-- Wolfram Alpha -->
	<item component="ComponentInfo{com.wolfram.android.alpha/com.wolfram.android.alpha.activity.SplashScreenActivity}" drawable="wolfram_alpha" />

	<!-- Wonderland -->
	<item component="ComponentInfo{com.samsung.android.wonderland.wallpaper/com.samsung.android.wonderland.wallpaper.settings.StartupActivity}" drawable="wonderland" />

	<!-- World War 2 -->
	<item component="ComponentInfo{com.edkongames.ww2/com.edkongames.main.CustomMainUnityActivity}" drawable="world_war_2" />

	<!-- Worms 4 -->
	<item component="ComponentInfo{com.worms4.app/com.worms4.app.Main}" drawable="worms_4" />

	<!-- XAPK Installer -->
	<item component="ComponentInfo{com.wuliang.xapkinstaller/com.wuliang.xapkinstaller.SplashActivity}" drawable="xapk_installer" />

	<!-- XDA Developers -->
	<item component="ComponentInfo{com.xda.labs.play/host.exp.exponent.MainActivity}" drawable="xda_developers" />

	<!-- XServer XSDL -->
	<item component="ComponentInfo{x.org.server/x.org.server.MainActivity}" drawable="xserver_xsdl" />

	<!-- Zapya -->
	<item component="ComponentInfo{com.dewmobile.kuaiya.play/com.dewmobile.kuaiya.act.DmStartupActivity}" drawable="zapya" />

	<!-- Zood (ZoodPay & ZoodMall) -->
	<item component="ComponentInfo{com.zoodel.kz/com.zoodel.kz.activities.ActivitySplash}" drawable="zood_zoodpay_and_zoodmall_" />

	<!-- إحتجاب أمير المؤمنين -->
	<item component="ComponentInfo{io.kodular.lazydev2015.ihtijab/io.kodular.lazydev2015.ihtijab.Screen1}" drawable="إحتجاب_أمير_المؤمنين" />

	<!-- المعاني عربي عربي -->
	<item component="ComponentInfo{com.almaany.arar/com.almaany.arar.activity.SplashScreen}" drawable="المعاني_عربي_عربي" />

	<!-- خيرة الامام الصادق (ع) -->
	<item component="ComponentInfo{khirat.emama.sadiq/khirat.emama.sadiq.ActivitySplash}" drawable="خيرة_الامام_الصادق_ع_" />

	<!-- صوت الشيعة -->
	<item component="ComponentInfo{com.smus.shiavoice/com.smus.shiavoice.SplashScreen}" drawable="صوت_الشيعة" />

	<!-- لسان العرب -->
	<item component="ComponentInfo{org.marqoom.lesanAlarab/org.marqoom.lesanAlarab.MainActivity}" drawable="لسان_العرب" />

	<!-- موضوع -->
	<item component="ComponentInfo{mawdoo3.com/mawdoo3.com.activity.SplashActivity}" drawable="موضوع" />

</resources>