<Theme version="1">

	<!-- 2ndLine -->
	<AppIcon name="com.enflick.android.tn2ndLine/authorization.ui.AuthorizationActivity" image="_2ndline"/>

	<!-- 8 Ball Pool -->
	<AppIcon name="com.miniclip.eightballpool/com.miniclip.eightballpool.EightBallPoolActivity" image="_8_ball_pool"/>

	<!-- 9GAG -->
	<AppIcon name="com.ninegag.android.app/com.ninegag.android.app.ui.home.HomeActivity" image="_9gag"/>

	<!-- Account Book -->
	<AppIcon name="com.bizce.accountbook/com.bizce.accountbook.ACSplash" image="account_book"/>

	<!-- Adobe Fill & Sign -->
	<AppIcon name="com.adobe.fas/com.adobe.fas.Home.FillAndSign" image="adobe_fill_and_sign"/>

	<!-- Ai Edu App -->
	<AppIcon name="com.bleeddatascience.aiedututapp/com.bleeddatascience.aiedututapp.SplashActivity" image="ai_edu_app"/>

	<!-- Apk Extractor -->
	<AppIcon name="com.ext.ui/com.ext.ui.MainActivity" image="apk_extractor"/>

	<!-- Apprendre -->
	<AppIcon name="com.tv5monde.apprendre/com.tapptic.tv5.alf.onboarding.splash.SplashActivity" image="apprendre"/>

	<!-- Arabic OCR -->
	<AppIcon name="com.abanoubhanna.ocr.arabic/com.abanoubhanna.ocr.arabic.MainActivity" image="arabic_ocr"/>

	<!-- Arduino Bluetooth Control -->
	<AppIcon name="com.giristudio.hc05.bluetooth.arduino.control/com.giristudio.hc05.bluetooth.arduino.control.MainActivity" image="arduino_bluetooth_control"/>

	<!-- Avatarify -->
	<AppIcon name="com.avatarify.android/com.avatarify.android.MainActivity" image="avatarify"/>

	<!-- Awfarli -->
	<AppIcon name="com.htech.awfarli/com.example.awfarlak.MainActivity" image="awfarli"/>

	<!-- BB Racing -->
	<AppIcon name="com.vectorunit.purple.googleplay/com.vectorunit.purple.googleplay.MainActivity" image="bb_racing"/>

	<!-- BeeTV -->
	<AppIcon name="com.bweather.forecast/com.bweather.forecast.SplashActivity" image="beetv"/>

	<!-- BigData Interview Guide -->
	<AppIcon name="com.software.navnath.bigdatainterviewquestionbank/com.software.navnath.bigdatainterviewquestionbank.MainActivity" image="bigdata_interview_guide"/>

	<!-- Blossom -->
	<AppIcon name="com.conceptivapps.blossom/com.apalon.blossom.screens.main.MainActivity" image="blossom"/>

	<!-- BlueMail -->
	<AppIcon name="me.bluemail.mail/com.trtf.blue.activity.Accounts" image="bluemail"/>

	<!-- BlueWallet -->
	<AppIcon name="io.bluewallet.bluewallet/io.bluewallet.bluewallet.MainActivity" image="bluewallet"/>

	<!-- BOB Finance -->
	<AppIcon name="com.bob.click2pay/com.veriah.juno.MainActivity" image="bob_finance"/>

	<!-- Calendly -->
	<AppIcon name="com.calendly.app/com.calendly.app.splash.SplashActivity" image="calendly"/>

	<!-- Call of Duty -->
	<AppIcon name="com.activision.callofduty.shooter/com.tencent.tmgp.cod.CODMPrivatePermissionActivity" image="call_of_duty"/>

	<!-- CAPTAIN TSUBASA: ACE -->
	<AppIcon name="com.dgames.g65002005.google/com.dgame.tsubasa.TsubasaActivity" image="captain_tsubasa_ace"/>

	<!-- Car Football League -->
	<AppIcon name="com.rborousscarballygames/com.unity3d.player.UnityPlayerNativeActivity" image="car_football_league"/>

	<!-- Checkers -->
	<AppIcon name="com.fooview.android.game.checkers/com.fooview.android.game.checkers.CheckerActivity" image="checkers"/>

	<!-- Chegg Study -->
	<AppIcon name="com.chegg/com.chegg.home.HomeActivity" image="chegg_study"/>

	<!-- ClassPad -->
	<AppIcon name="jp.co.casio.fx.ClassPad2/com.casio.SubscriptionActivity" image="classpad"/>

	<!-- Cleanfox -->
	<AppIcon name="io.cleanfox.android/io.cleanfox.android.view.splashscreen.SplashScreenActivity" image="cleanfox"/>

	<!-- Countdate -->
	<AppIcon name="cyou.sk5s.app.countdate/cyou.sk5s.app.countdate.MainActivity" image="countdate"/>

	<!-- Currency -->
	<AppIcon name="net.xelnaga.exchanger/net.xelnaga.exchanger.activity.MainActivity" image="currency"/>

	<!-- Daisho -->
	<AppIcon name="com.colossi.survival.samurai/com.unity3d.player.UnityPlayerActivity" image="daisho"/>

	<!-- DataScienceHub -->
	<AppIcon name="com.youredufriends.datasciencehub/com.youredufriends.datasciencehub.MainActivity" image="datasciencehub"/>

	<!-- Dawnlands -->
	<AppIcon name="com.xishanju.codess.intl/com.xgsdk.client.api.splash.XGSplashActivity" image="dawnlands"/>

	<!-- Dcoder -->
	<AppIcon name="com.paprbit.dcoder/com.paprbit.dcoder.splash.Splash" image="dcoder"/>

	<!-- DNS66 -->
	<AppIcon name="org.jak_linux.dns66/org.jak_linux.dns66.MainActivity" image="dns66"/>

	<!-- DOOM II -->
	<AppIcon name="com.bethsoft.DOOMII/com.unity3d.player.UnityPlayerActivity" image="doom_ii"/>

	<!-- Dragon Nest 2: Evolution -->
	<AppIcon name="com.proximabeta.dn2.global/com.proximabeta.dn2.MainActivity" image="dragon_nest_2_evolution"/>

	<!-- Drama Live -->
	<AppIcon name="com.sneig.livedrama/com.sneig.livedrama.activities.StartActivity" image="drama_live"/>

	<!-- Drugs.com -->
	<AppIcon name="com.drugscom.app/com.drugscom.app.SplashActivity" image="drugscom"/>

	<!-- dubizzle OLX Lebanon -->
	<AppIcon name="com.empg.olxlb/com.empg.olxlb.MainActivity" image="dubizzle_olx_lebanon"/>

	<!-- Duplicate Cleaner -->
	<AppIcon name="com.mchehraz.singuler/com.mchehraz.singuler.app.view.views.MainView" image="duplicate_cleaner"/>

	<!-- EnglishScore -->
	<AppIcon name="com.englishscore/com.englishscore.MainActivity" image="englishscore"/>

	<!-- Fake GPS -->
	<AppIcon name="com.lexa.fakegps/com.lexa.fakegps.ui.Main" image="fake_gps"/>

	<!-- FastVid -->
	<AppIcon name="fb.video.downloader/com.fastvid.fbvideodownloader.activities.SplashScreenActivity" image="fastvid"/>

	<!-- Fattal Online -->
	<AppIcon name="com.weevi.fattalonline/infix.imrankst1221.codecanyon.MainActivity" image="fattal_online"/>

	<!-- FC Mobile -->
	<AppIcon name="com.ea.gp.fifamobile/com.ea.gp.fifamobile.FifaMainActivity" image="fc_mobile"/>

	<!-- FDM -->
	<AppIcon name="org.freedownloadmanager.fdm/org.freedownloadmanager.fdm.MyActivity" image="fdm"/>

	<!-- Filmora -->
	<AppIcon name="com.wondershare.filmorago/com.filmorago.phone.ui.SplashActivity" image="filmora"/>

	<!-- Fireball Wizard -->
	<AppIcon name="com.pid.fireballwizard/com.unity3d.player.UnityPlayerActivity" image="fireball_wizard"/>

	<!-- Flyperlink -->
	<AppIcon name="com.flyperinc.flyperlink/com.flyperinc.flyperlink.activity.Loading" image="flyperlink"/>

	<!-- Followers+ -->
	<AppIcon name="com.innovatty.followersplus/com.innovatty.followersplus.MainActivity" image="followers_"/>

	<!-- Freeblade -->
	<AppIcon name="com.pixeltoys.freeblade/com.unity3d.player.UnityPlayerActivity" image="freeblade"/>

	<!-- Freelancer -->
	<AppIcon name="com.freelancer.android.messenger/com.freelancer.main.MainActivity" image="freelancer"/>

	<!-- FV File Explorer -->
	<AppIcon name="com.fooview.android.fooview.fvfile/com.fooview.android.fooview.FVFileActivity" image="fv_file_explorer"/>

	<!-- Genshin Impact -->
	<AppIcon name="com.miHoYo.GenshinImpact/com.miHoYo.GetMobileInfo.MainActivity" image="genshin_impact"/>

	<!-- Ghost Survivors -->
	<AppIcon name="com.superbox.aos.ghosthunter/com.unity3d.player.UnityPlayerActivity" image="ghost_survivors"/>

	<!-- Git Quick Reference -->
	<AppIcon name="io.github.easyintent.quickref/io.github.easyintent.quickref.MainActivityEx" image="git_quick_reference"/>

	<!-- GoodSync -->
	<AppIcon name="com.siber.gsserver/com.siber.gsserver.app.startup.StartupActivity" image="goodsync"/>

	<!-- Great Courses Plus -->
	<AppIcon name="com.tgc.greatcoursesplus/com.teachco.tgcplus.teachcoplus.activities.LoginActivity" image="great_courses_plus"/>

	<!-- green -->
	<AppIcon name="air.com.bartbonte.green/air.com.bartbonte.green.AIRAppEntry" image="green"/>

	<!-- Guns At Dawn -->
	<AppIcon name="com.generagames.gunsatdawn.shooter/com.unity3d.player.UnityPlayerActivity" image="guns_at_dawn"/>

	<!-- Hangouts -->
	<AppIcon name="com.google.android.talk/com.google.android.talk.SigningInActivity" image="hangouts"/>

	<!-- Haqibat Elmomen -->
	<AppIcon name="net.alkafeel.mcb/net.alkafeel.mcb.Splashscreen" image="haqibat_elmomen"/>

	<!-- Headway -->
	<AppIcon name="com.headway.books/com.genesis.books.presentation.controllers.splash.SplashActivity" image="headway"/>

	<!-- IFTTT -->
	<AppIcon name="com.ifttt.ifttt/com.ifttt.ifttt.home.HomeActivity" image="ifttt"/>

	<!-- Insane -->
	<AppIcon name="com.insane.android/com.insane.android.activity.SplashActivity" image="insane"/>

	<!-- Instagram -->
	<AppIcon name="com.aeroinsta.android/com.instagram.android.activity.MainTabActivity" image="instagram"/>

	<!-- Instapaper -->
	<AppIcon name="com.instapaper.android/com.instapaper.android.MainActivity" image="instapaper"/>

	<!-- IPTV -->
	<AppIcon name="ru.iptvremote.android.iptv/ru.iptvremote.android.iptv.ChannelsActivity" image="iptv"/>

	<!-- ishtari -->
	<AppIcon name="com.smartdevision.app.ishtari/com.smartdevision.app.ishtari.MainActivity" image="ishtari"/>

	<!-- Jawaker -->
	<AppIcon name="com.boundless.jawaker/com.google.firebase.MessagingUnityPlayerActivity" image="jawaker"/>

	<!-- Jungle Adventures 3 -->
	<AppIcon name="com.renderedideas.jungleadventures3/com.renderedideas.newgameproject.android.AndroidLauncher" image="jungle_adventures_3"/>

	<!-- Karout Online -->
	<AppIcon name="com.app.karoutonline/com.inspireui.fluxstore.MainActivity" image="karout_online"/>

	<!-- Kazderni -->
	<AppIcon name="com.kazderni.app/com.goodbarber.v2.core.common.activities.SplashscreenActivity" image="kazderni"/>

	<!-- Keyboard for Excel -->
	<AppIcon name="com.microsoft.keyboardforexcel/com.microsoft.keyboardforexcel.fre.FREMainActivity" image="keyboard_for_excel"/>

	<!-- Khod -->
	<AppIcon name="com.hidevmobile.khod/com.example.khod.MainActivity" image="khod"/>

	<!-- Kusacalibur -->
	<AppIcon name="arrow.Spiral.Kusa/com.unity3d.player.UnityPlayerActivity" image="kusacalibur"/>

	<!-- Last Ultima -->
	<AppIcon name="com.emagroups.b3/com.unity3d.player.UnityPlayerGameActivity" image="last_ultima"/>

	<!-- Learning -->
	<AppIcon name="com.linkedin.android.learning/com.linkedin.android.learning.launchscreen.LaunchScreenActivity" image="learning"/>

	<!-- Leb Gold -->
	<AppIcon name="io.kodular.appobil24.lebgold/io.kodular.appobil24.lebgold.Screen1" image="leb_gold"/>

	<!-- Link to Windows -->
	<AppIcon name="com.samsung.android.mdx/com.samsung.android.mdx.windowslink.tileservice.LinkToWidowsLauncherActivityDummy" image="link_to_windows"/>

	<!-- Loopsie -->
	<AppIcon name="com.loopsie.android/com.loopsie.android.MainActivity" image="loopsie"/>

	<!-- Manual Camera DSLR Pro -->
	<AppIcon name="com.lensesdev.manual.camera.pro/com.antafunny.burstcamera.MainActivity" image="manual_camera_dslr_pro"/>

	<!-- Media365 Reader -->
	<AppIcon name="com.mobisystems.ubreader_west/com.mobisystems.ubreader.launcher.activity.welcome.EulaActivity" image="media365_reader"/>

	<!-- MediaMonkey -->
	<AppIcon name="com.ventismedia.android.mediamonkey/com.ventismedia.android.mediamonkey.StartActivity" image="mediamonkey"/>

	<!-- Medium -->
	<AppIcon name="com.medium.reader/com.medium.android.donkey.start.SplashActivity" image="medium"/>

	<!-- Merge Brain : 2248 -->
	<AppIcon name="com.superbox.aos.linkdrop/com.unity3d.player.UnityPlayerActivity" image="merge_brain_2248"/>

	<!-- Modern Combat 5 -->
	<AppIcon name="com.gameloft.android.ANMP.GloftM5HM/com.gameloft.android.ANMP.GloftM5HM.MainActivity" image="modern_combat_5"/>

	<!-- Mortal Kombat -->
	<AppIcon name="com.wb.goog.mkx/com.epicgames.ue4.SplashActivity" image="mortal_kombat"/>

	<!-- MosaLingua German -->
	<AppIcon name="com.mosalingua.deu/com.mosalingua.deu.MainActivity" image="mosalingua_german"/>

	<!-- MyMonty -->
	<AppIcon name="com.mymontydigital.wallet/com.mymontydigital.wallet.ui.onboarding.OnBoardingActivity" image="mymonty"/>

	<!-- Netis Router Manager -->
	<AppIcon name="com.ahmadeyamin.netis/com.ahmadeyamin.netis.MainActivity" image="netis_router_manager"/>

	<!-- NFS No Limits -->
	<AppIcon name="com.ea.game.nfs14_row/com.ea.game.nfs14_row.NFSActivity" image="nfs_no_limits"/>

	<!-- Ninja's Creed -->
	<AppIcon name="ninja.creed.sniper.real3d.action.free.android/ninja.creed.sniper.real3d.action.free.android.MainActivity" image="ninjas_creed"/>

	<!-- Nostalgia.NES Pro -->
	<AppIcon name="com.nostalgiaemulators.nesfull/com.nostalgiaemulators.nes.NesGalleryActivity" image="nostalgianes_pro"/>

	<!-- NotiStar -->
	<AppIcon name="com.samsung.systemui.notilus/com.samsung.systemui.notilus.NotiCenterPage" image="notistar"/>

	<!-- Numerology -->
	<AppIcon name="com.mirofox.numerologija/com.mirofox.numerologija.activities.MainActivity" image="numerology"/>

	<!-- NV Player -->
	<AppIcon name="com.acb.nvplayer/com.acb.nvplayer.ui.SplashActivity" image="nv_player"/>

	<!-- Offerat -->
	<AppIcon name="com.offerat/com.offerat.activity.SplashActivity" image="offerat"/>

	<!-- OMT Pay -->
	<AppIcon name="com.tedmob.omt/com.tedmob.omt.features.launch.RootActivity" image="omt_pay"/>

	<!-- Onslaught -->
	<AppIcon name="com.wb.goog.mk.rpg2021/com.epicgames.unreal.SplashActivity" image="onslaught"/>

	<!-- Opensignal -->
	<AppIcon name="com.staircase3.opensignal/com.staircase3.opensignal.goldstar.loadingconfig.LoadConfigActivity" image="opensignal"/>

	<!-- OpenSooq - السوق المفتوح -->
	<AppIcon name="com.opensooq.OpenSooq/com.opensooq.OpenSooq.ui.splash.SplashActivity" image="opensooq_السوق_المفتوح"/>

	<!-- Opus Manager -->
	<AppIcon name="com.lastwoods.audio/com.lastwoods.audio.MainActivity" image="opus_manager"/>

	<!-- Packt -->
	<AppIcon name="com.packtpub.reader/com.packtpub.reader.MainActivity" image="packt"/>

	<!-- Password Generator -->
	<AppIcon name="com.vecturagames.android.app.passwordgenerator/com.vecturagames.android.app.passwordgenerator.activity.MainActivity" image="password_generator"/>

	<!-- Payoneer -->
	<AppIcon name="com.payoneer.android/com.payoneer.SplashActivity" image="payoneer"/>

	<!-- Picsart -->
	<AppIcon name="com.picsart.studio/com.socialin.android.photo.picsinphoto.MainPagerActivity" image="picsart"/>

	<!-- PictPicks -->
	<AppIcon name="jp.mydns.usagigoya.imagesearchviewer/jp.mydns.usagigoya.imagesearchviewer.view.activity.MainActivity" image="pictpicks"/>

	<!-- Pinster Advanced Downloader -->
	<AppIcon name="pinsterdownload.advanceddownloader.com/com.code.app.view.main.MainActivity" image="pinster_advanced_downloader"/>

	<!-- Pixel Gun 3D -->
	<AppIcon name="com.pixel.gun3d/com.pixelgun.MessagingAndPrime31UnityPlayerActivity" image="pixel_gun_3d"/>

	<!-- Plants Research Pro -->
	<AppIcon name="yukod.science.plantsresearch/yukod.science.plantsresearch.MainActivity" image="plants_research_pro"/>

	<!-- Pluma -->
	<AppIcon name="qijaz221.android.rss.reader/qijaz221.android.rss.reader.SplashActivity" image="pluma"/>

	<!-- Plus -->
	<AppIcon name="org.telegram.plus/org.telegram.messenger.DefaultIcon" image="plus"/>

	<!-- Precise Level -->
	<AppIcon name="com.jonyups.poziomicagen/com.unity3d.player.UnityPlayerActivity" image="precise_level"/>

	<!-- Progressbar95 -->
	<AppIcon name="com.spookyhousestudios.progressbar95/com.ansca.corona.CoronaActivity" image="progressbar95"/>

	<!-- ProShot -->
	<AppIcon name="com.riseupgames.proshot2/com.riseupgames.proshot2.PermissionsActivity" image="proshot"/>

	<!-- Purpl -->
	<AppIcon name="com.purplme.purplapp/com.purplme.purplapp.MainActivity" image="purpl"/>

	<!-- Quora -->
	<AppIcon name="com.quora.android/com.quora.android.components.activities.LauncherActivity" image="quora"/>

	<!-- Rento Fortune 3D -->
	<AppIcon name="air.bg.lan.Monopoli/com.playrento.deeplink.RentoUnityPlayerActivity" image="rento_fortune_3d"/>

	<!-- Resume Builder -->
	<AppIcon name="com.hightech.professionalresumes/com.hightech.professionalresumes.activities.SplashActivity" image="resume_builder"/>

	<!-- Resume Pro -->
	<AppIcon name="com.resumespro/com.resumespro.activities.LaunchActivity" image="resume_pro"/>

	<!-- Riptide GP: Renegade -->
	<AppIcon name="com.vectorunit.silver.googleplay/com.vectorunit.silver.googleplay.Silver" image="riptide_gp_renegade"/>

	<!-- Road Fighter -->
	<AppIcon name="com.minigame.carracing/com.unity3d.player.UnityPlayerActivity" image="road_fighter"/>

	<!-- Room and a Half -->
	<AppIcon name="com.partypoopers.roomandahalfarabic/com.partypoopers.roomandahalfarabic.RunnerActivity" image="room_and_a_half"/>

	<!-- Room Master -->
	<AppIcon name="com.partypoopers.roachmaster/com.partypoopers.roachmaster.RunnerActivity" image="room_master"/>

	<!-- Roto Force -->
	<AppIcon name="com.pid.rotoforce/com.pid.rotoforce.AndroidLauncher" image="roto_force"/>

	<!-- Router Setup Page -->
	<AppIcon name="com.selairus.international.wifipasswordchange.routerpassword.routersettings/com.selairus.international.wifipasswordchange.routerpassword.routersettings.MainMenu" image="router_setup_page"/>

	<!-- RSS Reader -->
	<AppIcon name="com.jahertor.rssreader/com.jahertor.rssreader.views.main.MainActivity" image="rss_reader"/>

	<!-- Rytmos -->
	<AppIcon name="com.floppyclub.Rytmos/com.unity3d.player.UnityPlayerActivity" image="rytmos"/>

	<!-- SD Maid -->
	<AppIcon name="eu.thedarken.sdm/eu.thedarken.sdm.main.ui.SDMMainActivity" image="sd_maid"/>

	<!-- SD Maid Pro -->
	<AppIcon name="eu.thedarken.sdm.unlocker/eu.thedarken.sdm.unlocker.MainActivity" image="sd_maid_pro"/>

	<!-- SD Maid SE -->
	<AppIcon name="eu.darken.sdmse/eu.darken.sdmse.main.ui.MainActivity" image="sd_maid_se"/>

	<!-- SendMe -->
	<AppIcon name="today.sendme/today.sendme.MainActivity" image="sendme"/>

	<!-- SharePoint -->
	<AppIcon name="com.microsoft.sharepoint/com.microsoft.sharepoint.MainActivity" image="sharepoint"/>

	<!-- Sky Islands -->
	<AppIcon name="com.neutronized.skyislands/com.neutronized.skyislands.AIRAppEntry" image="sky_islands"/>

	<!-- Slidey -->
	<AppIcon name="com.mavis.slidey/com.unity3d.player.UnityPlayerActivity" image="slidey"/>

	<!-- slither.io -->
	<AppIcon name="air.com.hypah.io.slither/air.com.hypah.io.slither.AIRAppEntry" image="slitherio"/>

	<!-- Smart Tutor -->
	<AppIcon name="com.rsupport.rs.activity.rsupport.aas2/com.rsupport.rs.activity.edit.IntroActivity" image="smart_tutor"/>

	<!-- SNOW BROTHERS classic   -->
	<AppIcon name="com.mobirix.jp.snowbrothers/org.cocos2dx.cpp.AppActivity" image="snow_brothers_classic_"/>

	<!-- Snowbreak -->
	<AppIcon name="com.seasun.snowbreak.google/com.xgsdk.client.api.splash.XGSplashActivity" image="snowbreak"/>

	<!-- Solitaire -->
	<AppIcon name="com.microsoft.microsoftsolitairecollection/com.smokingguninc.engine.framework.SgiLauncherActivity" image="solitaire"/>

	<!-- Sonic Time Twisted -->
	<AppIcon name="com.overboundstudio.SonicTimeTwisted/com.overboundstudio.SonicTimeTwisted.RunnerActivity" image="sonic_time_twisted"/>

	<!-- SPSS Output Interpretations -->
	<AppIcon name="com.DataScience.SpssOutputInterpretations/com.DataScience.SpssOutputInterpretations.MainActivity" image="spss_output_interpretations"/>

	<!-- Stack Exchange -->
	<AppIcon name="com.stackexchange.marvin/com.stackexchange.marvin.ui.LaunchActivity" image="stack_exchange"/>

	<!-- Statinfer -->
	<AppIcon name="com.learn.statinfer1/com.learn.statinfer1.activity.MainActivity" image="statinfer"/>

	<!-- Statistics -->
	<AppIcon name="com.wolfram.android.statistics/com.wolfram.android.courseappslib.activity.MainMenuActivity" image="statistics"/>

	<!-- statmagic -->
	<AppIcon name="info.statmagic.statmagic_practice_2/info.statmagic.statmagic_practice_2.MainActivity" image="statmagic"/>

	<!-- Studio -->
	<AppIcon name="com.sec.android.app.vepreload/com.sec.android.app.vepreload.common.activity.ProjectShortcutActivity" image="studio"/>

	<!-- Supercook -->
	<AppIcon name="com.supercook.app/com.supercook.app.MainActivity" image="supercook"/>

	<!-- Sweatcoin -->
	<AppIcon name="in.sweatco.app/com.app.sweatcoin.ui.activities.RootActivity" image="sweatcoin"/>

	<!-- TDS : RISE -->
	<AppIcon name="com.cookapps.newdemonslayer/com.unity3d.player.UnityPlayerActivity" image="tds_rise"/>

	<!-- Termius -->
	<AppIcon name="com.server.auditor.ssh.client/com.server.auditor.ssh.client.navigation.SshNavigationDrawerActivity" image="termius"/>

	<!-- Text Fairy -->
	<AppIcon name="com.renard.ocr/com.renard.ocr.MainActivity" image="text_fairy"/>

	<!-- The Baby In Yellow -->
	<AppIcon name="com.TeamTerrible.BabyInYellow/com.epicgames.ue4.SplashActivity" image="the_baby_in_yellow"/>

	<!-- Titan Player -->
	<AppIcon name="com.titanx.videoplayerz/com.titanx.videoplayerz.activity.SplashActivity" image="titan_player"/>

	<!-- Touch -->
	<AppIcon name="mobi.foo.touch/mobi.foo.touch.SplashActivity" image="touch"/>

	<!-- Truelancer -->
	<AppIcon name="com.truelancer.app/com.truelancer.app.activities.SplashActivity" image="truelancer"/>

	<!-- Undawn -->
	<AppIcon name="com.tencent.cosna/com.tencent.cosna.SplashActivity" image="undawn"/>

	<!-- UPS Battery Backup Time Calculator -->
	<AppIcon name="appinventor.ai_widemobi.upstimings/appinventor.ai_widemobi.upstimings.Screen1" image="ups_battery_backup_time_calculator"/>

	<!-- UserLAnd -->
	<AppIcon name="tech.ula/tech.ula.library.MainActivity" image="userland"/>

	<!-- Vertical Adventure -->
	<AppIcon name="com.rikudogames.verticaladventure/com.unity3d.player.UnityPlayerActivity" image="vertical_adventure"/>

	<!-- VideoShow -->
	<AppIcon name="com.xvideostudio.videoeditor/com.xvideostudio.videoeditor.activity.SplashRCActivity" image="videoshow"/>

	<!-- Waffershop -->
	<AppIcon name="com.waffershop.android/com.velsof.genericapp.MainActivity" image="waffershop"/>

	<!-- Wallpapers -->
	<AppIcon name="com.microsoft.bing.wallpapers/com.microsoft.bing.wallpapers.MainActivity" image="wallpapers"/>

	<!-- WesternUnion -->
	<AppIcon name="com.westernunion.android.mtapp/com.westernunion.moneytransferr3app.MainActivity" image="westernunion"/>

	<!-- WhatsTool: Toolkit for WhatsApp -->
	<AppIcon name="com.whatstools.statussaver.directchat.trendingstatus.searchprofile/com.allin1tools.ui.activity.SplashActivty" image="whatstool_toolkit_for_whatsapp"/>

	<!-- whish -->
	<AppIcon name="money.whish.android/activity.SplashActivity" image="whish"/>

	<!-- Wolfram Alpha -->
	<AppIcon name="com.wolfram.android.alpha/com.wolfram.android.alpha.activity.SplashScreenActivity" image="wolfram_alpha"/>

	<!-- Wonderland -->
	<AppIcon name="com.samsung.android.wonderland.wallpaper/com.samsung.android.wonderland.wallpaper.settings.StartupActivity" image="wonderland"/>

	<!-- World War 2 -->
	<AppIcon name="com.edkongames.ww2/com.edkongames.main.CustomMainUnityActivity" image="world_war_2"/>

	<!-- Worms 4 -->
	<AppIcon name="com.worms4.app/com.worms4.app.Main" image="worms_4"/>

	<!-- XAPK Installer -->
	<AppIcon name="com.wuliang.xapkinstaller/com.wuliang.xapkinstaller.SplashActivity" image="xapk_installer"/>

	<!-- XDA Developers -->
	<AppIcon name="com.xda.labs.play/host.exp.exponent.MainActivity" image="xda_developers"/>

	<!-- XServer XSDL -->
	<AppIcon name="x.org.server/x.org.server.MainActivity" image="xserver_xsdl"/>

	<!-- Zapya -->
	<AppIcon name="com.dewmobile.kuaiya.play/com.dewmobile.kuaiya.act.DmStartupActivity" image="zapya"/>

	<!-- Zood (ZoodPay & ZoodMall) -->
	<AppIcon name="com.zoodel.kz/com.zoodel.kz.activities.ActivitySplash" image="zood_zoodpay_and_zoodmall_"/>

	<!-- إحتجاب أمير المؤمنين -->
	<AppIcon name="io.kodular.lazydev2015.ihtijab/io.kodular.lazydev2015.ihtijab.Screen1" image="إحتجاب_أمير_المؤمنين"/>

	<!-- المعاني عربي عربي -->
	<AppIcon name="com.almaany.arar/com.almaany.arar.activity.SplashScreen" image="المعاني_عربي_عربي"/>

	<!-- خيرة الامام الصادق (ع) -->
	<AppIcon name="khirat.emama.sadiq/khirat.emama.sadiq.ActivitySplash" image="خيرة_الامام_الصادق_ع_"/>

	<!-- صوت الشيعة -->
	<AppIcon name="com.smus.shiavoice/com.smus.shiavoice.SplashScreen" image="صوت_الشيعة"/>

	<!-- لسان العرب -->
	<AppIcon name="org.marqoom.lesanAlarab/org.marqoom.lesanAlarab.MainActivity" image="لسان_العرب"/>

	<!-- موضوع -->
	<AppIcon name="mawdoo3.com/mawdoo3.com.activity.SplashActivity" image="موضوع"/>

</Theme>