<resources>

	<!-- Avsar -->
	<item component="ComponentInfo{com.avsar.app/com.avsar.app.MainActivity}" drawable="avsar" />

	<!-- Calculator -->
	<item component="ComponentInfo{com.oneplus.calculator/com.oneplus.calculator.Calculator}" drawable="calculator" />

	<!-- Camera -->
	<item component="ComponentInfo{com.oneplus.camera/com.oneplus.camera.OPCameraActivity}" drawable="camera" />

	<!-- Clock -->
	<item component="ComponentInfo{com.oneplus.deskclock/com.oneplus.deskclock.DeskClock}" drawable="clock" />

	<!-- Contacts -->
	<item component="ComponentInfo{com.oneplus.contacts/com.oneplus.contacts.activities.OPPeopleActivity}" drawable="contacts" />

	<!-- DIKSHA -->
	<item component="ComponentInfo{in.gov.diksha.app/org.sunbird.app.MainActivity}" drawable="diksha" />

	<!-- DMSS -->
	<item component="ComponentInfo{com.mm.android.DMSS/com.mm.android.base.devicemain.SplashActivity}" drawable="dmss" />

	<!-- File manager -->
	<item component="ComponentInfo{com.oneplus.filemanager/com.oneplus.filemanager.HomePageActivity}" drawable="file_manager" />

	<!-- Files -->
	<item component="ComponentInfo{com.google.android.documentsui/com.android.documentsui.LauncherActivity}" drawable="files" />

	<!-- Gallery -->
	<item component="ComponentInfo{com.oneplus.gallery/com.oneplus.gallery.OPGalleryActivity}" drawable="gallery" />

	<!-- IDFC FIRST Bank -->
	<item component="ComponentInfo{com.idfcfirstbank.optimus/com.idfcfirstbank.optimus.MainActivity}" drawable="idfc_first_bank" />

	<!-- KDE Connect -->
	<item component="ComponentInfo{org.kde.kdeconnect_tp/org.kde.kdeconnect.UserInterface.MainActivity}" drawable="kde_connect" />

	<!-- Kutumb -->
	<item component="ComponentInfo{com.kutumb.android/com.kutumb.android.ui.splash.RouteActivity}" drawable="kutumb" />

	<!-- MDM -->
	<item component="ComponentInfo{nic.hp.mdm/nic.hp.mdm.SplashActivity}" drawable="mdm" />

	<!-- Meet (original) -->
	<item component="ComponentInfo{com.google.android.apps.meetings/com.google.android.apps.meetings.splash.SplashActivity}" drawable="meet_original_" />

	<!-- Messaging -->
	<item component="ComponentInfo{com.oneplus.mms/com.android.mms.ui.ConversationList}" drawable="messaging" />

	<!-- Music -->
	<item component="ComponentInfo{com.android.music/com.android.music.MusicBrowserActivity}" drawable="music" />

	<!-- NISHTHA -->
	<item component="ComponentInfo{ncert.ciet.nishtha/ncert.ciet.nishtha.ui.SplashActivity}" drawable="nishtha" />

	<!-- Order Me -->
	<item component="ComponentInfo{com.bharuwa.orderme/com.intellicus.ecomm.ui.splash_screen.views.SplashActivity}" drawable="order_me" />

	<!-- Phone -->
	<item component="ComponentInfo{com.android.dialer/com.oneplus.contacts.activities.OPDialtactsActivity}" drawable="phone" />

	<!-- Recorder -->
	<item component="ComponentInfo{com.oneplus.soundrecorder/com.oneplus.soundrecorder.SoundRecorder}" drawable="recorder" />

	<!-- Saksham Samiksha -->
	<item component="ComponentInfo{com.samagra.sakshamSamiksha/com.samagra.parent.ui.splash.SplashActivity}" drawable="saksham_samiksha" />

	<!-- SBI Quick -->
	<item component="ComponentInfo{com.sbi.sbiquick/com.sbi.sbiquick.MainActivity}" drawable="sbi_quick" />

	<!-- Sony LIV -->
	<item component="ComponentInfo{com.sonyliv/com.sonyliv.ui.splash.SplashActivity}" drawable="sony_liv" />

	<!-- ULLAS -->
	<item component="ComponentInfo{com.np.nilp/com.np.nilp.MainActivity}" drawable="ullas" />

	<!-- YONO SBI -->
	<item component="ComponentInfo{com.sbi.lotusintouch/com.sbi.lotusintouch.MainActivity}" drawable="yono_sbi" />

</resources>