<appmap>

	<!-- Avsar -->
	<item class="com.avsar.app.MainActivity" name="avsar"/>

	<!-- Calculator -->
	<item class="com.oneplus.calculator.Calculator" name="calculator"/>

	<!-- Camera -->
	<item class="com.oneplus.camera.OPCameraActivity" name="camera"/>

	<!-- Clock -->
	<item class="com.oneplus.deskclock.DeskClock" name="clock"/>

	<!-- Contacts -->
	<item class="com.oneplus.contacts.activities.OPPeopleActivity" name="contacts"/>

	<!-- DIKSHA -->
	<item class="org.sunbird.app.MainActivity" name="diksha"/>

	<!-- DMSS -->
	<item class="com.mm.android.base.devicemain.SplashActivity" name="dmss"/>

	<!-- File manager -->
	<item class="com.oneplus.filemanager.HomePageActivity" name="file_manager"/>

	<!-- Files -->
	<item class="com.android.documentsui.LauncherActivity" name="files"/>

	<!-- Gallery -->
	<item class="com.oneplus.gallery.OPGalleryActivity" name="gallery"/>

	<!-- IDFC FIRST Bank -->
	<item class="com.idfcfirstbank.optimus.MainActivity" name="idfc_first_bank"/>

	<!-- KDE Connect -->
	<item class="org.kde.kdeconnect.UserInterface.MainActivity" name="kde_connect"/>

	<!-- Kutumb -->
	<item class="com.kutumb.android.ui.splash.RouteActivity" name="kutumb"/>

	<!-- MDM -->
	<item class="nic.hp.mdm.SplashActivity" name="mdm"/>

	<!-- Meet (original) -->
	<item class="com.google.android.apps.meetings.splash.SplashActivity" name="meet_original_"/>

	<!-- Messaging -->
	<item class="com.android.mms.ui.ConversationList" name="messaging"/>

	<!-- Music -->
	<item class="com.android.music.MusicBrowserActivity" name="music"/>

	<!-- NISHTHA -->
	<item class="ncert.ciet.nishtha.ui.SplashActivity" name="nishtha"/>

	<!-- Order Me -->
	<item class="com.intellicus.ecomm.ui.splash_screen.views.SplashActivity" name="order_me"/>

	<!-- Phone -->
	<item class="com.oneplus.contacts.activities.OPDialtactsActivity" name="phone"/>

	<!-- Recorder -->
	<item class="com.oneplus.soundrecorder.SoundRecorder" name="recorder"/>

	<!-- Saksham Samiksha -->
	<item class="com.samagra.parent.ui.splash.SplashActivity" name="saksham_samiksha"/>

	<!-- SBI Quick -->
	<item class="com.sbi.sbiquick.MainActivity" name="sbi_quick"/>

	<!-- Sony LIV -->
	<item class="com.sonyliv.ui.splash.SplashActivity" name="sony_liv"/>

	<!-- ULLAS -->
	<item class="com.np.nilp.MainActivity" name="ullas"/>

	<!-- YONO SBI -->
	<item class="com.sbi.lotusintouch.MainActivity" name="yono_sbi"/>

</appmap>