<Theme version="1">

	<!-- Avsar -->
	<AppIcon name="com.avsar.app/com.avsar.app.MainActivity" image="avsar"/>

	<!-- Calculator -->
	<AppIcon name="com.oneplus.calculator/com.oneplus.calculator.Calculator" image="calculator"/>

	<!-- Camera -->
	<AppIcon name="com.oneplus.camera/com.oneplus.camera.OPCameraActivity" image="camera"/>

	<!-- Clock -->
	<AppIcon name="com.oneplus.deskclock/com.oneplus.deskclock.DeskClock" image="clock"/>

	<!-- Contacts -->
	<AppIcon name="com.oneplus.contacts/com.oneplus.contacts.activities.OPPeopleActivity" image="contacts"/>

	<!-- DIKSHA -->
	<AppIcon name="in.gov.diksha.app/org.sunbird.app.MainActivity" image="diksha"/>

	<!-- DMSS -->
	<AppIcon name="com.mm.android.DMSS/com.mm.android.base.devicemain.SplashActivity" image="dmss"/>

	<!-- File manager -->
	<AppIcon name="com.oneplus.filemanager/com.oneplus.filemanager.HomePageActivity" image="file_manager"/>

	<!-- Files -->
	<AppIcon name="com.google.android.documentsui/com.android.documentsui.LauncherActivity" image="files"/>

	<!-- Gallery -->
	<AppIcon name="com.oneplus.gallery/com.oneplus.gallery.OPGalleryActivity" image="gallery"/>

	<!-- IDFC FIRST Bank -->
	<AppIcon name="com.idfcfirstbank.optimus/com.idfcfirstbank.optimus.MainActivity" image="idfc_first_bank"/>

	<!-- KDE Connect -->
	<AppIcon name="org.kde.kdeconnect_tp/org.kde.kdeconnect.UserInterface.MainActivity" image="kde_connect"/>

	<!-- Kutumb -->
	<AppIcon name="com.kutumb.android/com.kutumb.android.ui.splash.RouteActivity" image="kutumb"/>

	<!-- MDM -->
	<AppIcon name="nic.hp.mdm/nic.hp.mdm.SplashActivity" image="mdm"/>

	<!-- Meet (original) -->
	<AppIcon name="com.google.android.apps.meetings/com.google.android.apps.meetings.splash.SplashActivity" image="meet_original_"/>

	<!-- Messaging -->
	<AppIcon name="com.oneplus.mms/com.android.mms.ui.ConversationList" image="messaging"/>

	<!-- Music -->
	<AppIcon name="com.android.music/com.android.music.MusicBrowserActivity" image="music"/>

	<!-- NISHTHA -->
	<AppIcon name="ncert.ciet.nishtha/ncert.ciet.nishtha.ui.SplashActivity" image="nishtha"/>

	<!-- Order Me -->
	<AppIcon name="com.bharuwa.orderme/com.intellicus.ecomm.ui.splash_screen.views.SplashActivity" image="order_me"/>

	<!-- Phone -->
	<AppIcon name="com.android.dialer/com.oneplus.contacts.activities.OPDialtactsActivity" image="phone"/>

	<!-- Recorder -->
	<AppIcon name="com.oneplus.soundrecorder/com.oneplus.soundrecorder.SoundRecorder" image="recorder"/>

	<!-- Saksham Samiksha -->
	<AppIcon name="com.samagra.sakshamSamiksha/com.samagra.parent.ui.splash.SplashActivity" image="saksham_samiksha"/>

	<!-- SBI Quick -->
	<AppIcon name="com.sbi.sbiquick/com.sbi.sbiquick.MainActivity" image="sbi_quick"/>

	<!-- Sony LIV -->
	<AppIcon name="com.sonyliv/com.sonyliv.ui.splash.SplashActivity" image="sony_liv"/>

	<!-- ULLAS -->
	<AppIcon name="com.np.nilp/com.np.nilp.MainActivity" image="ullas"/>

	<!-- YONO SBI -->
	<AppIcon name="com.sbi.lotusintouch/com.sbi.lotusintouch.MainActivity" image="yono_sbi"/>

</Theme>