<resources>

	<!-- Arcticons Day & Night -->
	<item component="ComponentInfo{com.donnnno.arcticons.daynight/com.donnnno.arcticons.activities.SplashActivity}" drawable="arcticons_day_and_night" />

	<!-- Blinkit -->
	<item component="ComponentInfo{com.grofers.customerapp/com.grofers.customerapp.VALENTINES}" drawable="blinkit" />

	<!-- Download Navi -->
	<item component="ComponentInfo{com.tachibana.downloader/com.tachibana.downloader.ui.main.MainActivity}" drawable="download_navi" />

	<!-- Elevate -->
	<item component="ComponentInfo{com.wonder/com.pegasus.feature.main.MainActivity}" drawable="elevate" />

	<!-- Jar -->
	<item component="ComponentInfo{com.jar.app/com.jar.app.feature.home.ui.activity.HomeActivity}" drawable="jar" />

	<!-- Lumosity -->
	<item component="ComponentInfo{com.lumoslabs.lumosity/com.lumoslabs.lumosity.activity.LaunchActivity}" drawable="lumosity" />

	<!-- NFS Most Wanted -->
	<item component="ComponentInfo{com.ea.games.nfs13_row/com.ea.ironmonkey.GameActivity}" drawable="nfs_most_wanted" />

	<!-- QRAlarm -->
	<item component="ComponentInfo{com.sweak.qralarm/com.sweak.qralarm.MainActivity}" drawable="qralarm" />

	<!-- Ruler -->
	<item component="ComponentInfo{org.secuso.privacyfriendlyrulerapp/org.secuso.privacyfriendlyrulerapp.activities.SplashActivity}" drawable="ruler" />

	<!-- Simplified -->
	<item component="ComponentInfo{com.simplified.reborn/com.simplified.reborn.activities.SplashActivity}" drawable="simplified" />

	<!-- SpotIt -->
	<item component="ComponentInfo{com.rohit2810.spotit/com.rohit2810.spotit.SplashActivity}" drawable="spotit" />

	<!-- Swiggy Delivery -->
	<item component="ComponentInfo{in.swiggy.deliveryapp/in.swiggy.deliveryapp.activity.MainActivity}" drawable="swiggy_delivery" />

	<!-- Tape Measure -->
	<item component="ComponentInfo{org.secuso.privacyfriendlytapemeasure/org.secuso.privacyfriendlycameraruler.SplashActivity}" drawable="tape_measure" />

	<!-- Water? -->
	<item component="ComponentInfo{com.disney.WMW/com.disney.WMW.WMWActivity}" drawable="water_" />

	<!-- Zorin Connect -->
	<item component="ComponentInfo{com.zorinos.zorin_connect/org.kde.kdeconnect.UserInterface.MainActivity}" drawable="zorin_connect" />

</resources>