<appmap>

	<!-- Arcticons Day & Night -->
	<item class="com.donnnno.arcticons.activities.SplashActivity" name="arcticons_day_and_night"/>

	<!-- Blinkit -->
	<item class="com.grofers.customerapp.VALENTINES" name="blinkit"/>

	<!-- Download Navi -->
	<item class="com.tachibana.downloader.ui.main.MainActivity" name="download_navi"/>

	<!-- Elevate -->
	<item class="com.pegasus.feature.main.MainActivity" name="elevate"/>

	<!-- Jar -->
	<item class="com.jar.app.feature.home.ui.activity.HomeActivity" name="jar"/>

	<!-- Lumosity -->
	<item class="com.lumoslabs.lumosity.activity.LaunchActivity" name="lumosity"/>

	<!-- NFS Most Wanted -->
	<item class="com.ea.ironmonkey.GameActivity" name="nfs_most_wanted"/>

	<!-- QRAlarm -->
	<item class="com.sweak.qralarm.MainActivity" name="qralarm"/>

	<!-- Ruler -->
	<item class="org.secuso.privacyfriendlyrulerapp.activities.SplashActivity" name="ruler"/>

	<!-- Simplified -->
	<item class="com.simplified.reborn.activities.SplashActivity" name="simplified"/>

	<!-- SpotIt -->
	<item class="com.rohit2810.spotit.SplashActivity" name="spotit"/>

	<!-- Swiggy Delivery -->
	<item class="in.swiggy.deliveryapp.activity.MainActivity" name="swiggy_delivery"/>

	<!-- Tape Measure -->
	<item class="org.secuso.privacyfriendlycameraruler.SplashActivity" name="tape_measure"/>

	<!-- Water? -->
	<item class="com.disney.WMW.WMWActivity" name="water_"/>

	<!-- Zorin Connect -->
	<item class="org.kde.kdeconnect.UserInterface.MainActivity" name="zorin_connect"/>

</appmap>