<Theme version="1">

	<!-- Arcticons Day & Night -->
	<AppIcon name="com.donnnno.arcticons.daynight/com.donnnno.arcticons.activities.SplashActivity" image="arcticons_day_and_night"/>

	<!-- Blinkit -->
	<AppIcon name="com.grofers.customerapp/com.grofers.customerapp.VALENTINES" image="blinkit"/>

	<!-- Download Navi -->
	<AppIcon name="com.tachibana.downloader/com.tachibana.downloader.ui.main.MainActivity" image="download_navi"/>

	<!-- Elevate -->
	<AppIcon name="com.wonder/com.pegasus.feature.main.MainActivity" image="elevate"/>

	<!-- Jar -->
	<AppIcon name="com.jar.app/com.jar.app.feature.home.ui.activity.HomeActivity" image="jar"/>

	<!-- Lumosity -->
	<AppIcon name="com.lumoslabs.lumosity/com.lumoslabs.lumosity.activity.LaunchActivity" image="lumosity"/>

	<!-- NFS Most Wanted -->
	<AppIcon name="com.ea.games.nfs13_row/com.ea.ironmonkey.GameActivity" image="nfs_most_wanted"/>

	<!-- QRAlarm -->
	<AppIcon name="com.sweak.qralarm/com.sweak.qralarm.MainActivity" image="qralarm"/>

	<!-- Ruler -->
	<AppIcon name="org.secuso.privacyfriendlyrulerapp/org.secuso.privacyfriendlyrulerapp.activities.SplashActivity" image="ruler"/>

	<!-- Simplified -->
	<AppIcon name="com.simplified.reborn/com.simplified.reborn.activities.SplashActivity" image="simplified"/>

	<!-- SpotIt -->
	<AppIcon name="com.rohit2810.spotit/com.rohit2810.spotit.SplashActivity" image="spotit"/>

	<!-- Swiggy Delivery -->
	<AppIcon name="in.swiggy.deliveryapp/in.swiggy.deliveryapp.activity.MainActivity" image="swiggy_delivery"/>

	<!-- Tape Measure -->
	<AppIcon name="org.secuso.privacyfriendlytapemeasure/org.secuso.privacyfriendlycameraruler.SplashActivity" image="tape_measure"/>

	<!-- Water? -->
	<AppIcon name="com.disney.WMW/com.disney.WMW.WMWActivity" image="water_"/>

	<!-- Zorin Connect -->
	<AppIcon name="com.zorinos.zorin_connect/org.kde.kdeconnect.UserInterface.MainActivity" image="zorin_connect"/>

</Theme>