<resources>

	<!-- Anikin -->
	<item component="ComponentInfo{com.oneb.anikin/crc64ac0a0221adcacc0d.MainActivity}" drawable="anikin" />

	<!-- Animite -->
	<item component="ComponentInfo{com.imashnake.animite/com.imashnake.animite.features.MainActivity}" drawable="animite" />

	<!-- App vault -->
	<item component="ComponentInfo{com.mi.globalminusscreen/com.mi.globalminusscreen.MainActivity}" drawable="app_vault" />

	<!-- Arcticons Material You -->
	<item component="ComponentInfo{com.donnnno.arcticons.you/com.donnnno.arcticons.activities.MainActivity}" drawable="arcticons_material_you" />

	<!-- Call of Duty -->
	<item component="ComponentInfo{com.garena.game.codm/com.tencent.tmgp.cod.CODMPrivatePermissionActivity}" drawable="call_of_duty" />

	<!-- Camera -->
	<item component="ComponentInfo{com.android.MGC_8_9_097/com.android.camera.CameraLauncher}" drawable="camera" />

	<!-- CarX Street -->
	<item component="ComponentInfo{com.carxtech.sr/com.unity3d.player.UnityPlayerActivity}" drawable="carx_street" />

	<!-- Clock -->
	<item component="ComponentInfo{com.android.deskclock/com.android.deskclock.DeskClockTabActivity}" drawable="clock" />

	<!-- CreativeApp -->
	<item component="ComponentInfo{com.kubix.creative/com.kubix.creative.activity.IntroActivity}" drawable="creativeapp" />

	<!-- Downloads -->
	<item component="ComponentInfo{com.android.providers.downloads.ui/com.android.providers.downloads.ui.activity.DownloadListEntry}" drawable="downloads" />

	<!-- Fildo -->
	<item component="ComponentInfo{searcher.lyrics.com/crc6408ad57c5246dbb85.SplashScreen}" drawable="fildo" />

	<!-- FM Radio -->
	<item component="ComponentInfo{com.miui.fm/com.miui.fmradio.activity.LauncherActivity}" drawable="fm_radio" />

	<!-- Gallery -->
	<item component="ComponentInfo{com.miui.gallery/com.miui.gallery.activity.HomePageActivity}" drawable="gallery" />

	<!-- GetApps -->
	<item component="ComponentInfo{com.xiaomi.mipicks/com.xiaomi.mipicks.DefaultAlias}" drawable="getapps" />

	<!-- Harmony Music -->
	<item component="ComponentInfo{com.anandnet.harmonymusic/com.ryanheise.audioservice.AudioServiceActivity}" drawable="harmony_music" />

	<!-- LMC8.4 -->
	<item component="ComponentInfo{com.google.android.GoogleCameraLMCR17/com.android.camera.CameraLauncher}" drawable="lmc84" />

	<!-- Mi Home -->
	<item component="ComponentInfo{com.xiaomi.smarthome/com.xiaomi.smarthome.SmartHomeMainActivity}" drawable="mi_home" />

	<!-- Mi Remote -->
	<item component="ComponentInfo{com.duokan.phone.remotecontroller/com.xiaomi.mitv.phone.remotecontroller.HoriWidgetMainActivityV2}" drawable="mi_remote" />

	<!-- MiX -->
	<item component="ComponentInfo{com.mixplorer/com.mixplorer.activities.BrowseActivity}" drawable="mix" />

	<!-- Namida -->
	<item component="ComponentInfo{com.msob7y.namida/com.msob7y.namida.NamidaMainActivity}" drawable="namida" />

	<!-- Nekogram -->
	<item component="ComponentInfo{tw.nekomimi.nekogram/org.telegram.messenger.DefaultIcon}" drawable="nekogram" />

	<!-- Picsart -->
	<item component="ComponentInfo{com.picsart.studio/com.socialin.android.photo.picsinphoto.MainPagerActivity}" drawable="picsart" />

	<!-- Poweramp -->
	<item component="ComponentInfo{com.maxmpz.audioplayer/com.maxmpz.audioplayer.black_round}" drawable="poweramp" />

	<!-- Services & feedback -->
	<item component="ComponentInfo{com.miui.miservice/com.miui.miservice.main.MainActivity}" drawable="services_and_feedback" />

	<!-- Shopee -->
	<item component="ComponentInfo{com.shopee.ph/com.shopee.app.ui.home.HomeActivity_}" drawable="shopee" />

	<!-- SmartTube -->
	<item component="ComponentInfo{com.teamsmart.videomanager.tv/com.liskovsoft.smartyoutubetv2.tv.ui.main.SplashActivity}" drawable="smarttube" />

	<!-- SpotiFlyer -->
	<item component="ComponentInfo{com.shabinder.spotiflyer/com.shabinder.spotiflyer.ui.SplashScreenActivity}" drawable="spotiflyer" />

	<!-- Symphony -->
	<item component="ComponentInfo{io.github.zyrouge.symphony/io.github.zyrouge.symphony.MainActivity}" drawable="symphony" />

	<!-- Thermal Monitor -->
	<item component="ComponentInfo{com.rollerbush.thermal/com.rollerbush.thermal.ConfigActivity}" drawable="thermal_monitor" />

	<!-- TIDAL -->
	<item component="ComponentInfo{com.aspiro.tidal/com.aspiro.wamp.LoginFragmentActivity}" drawable="tidal" />

	<!-- TikTok -->
	<item component="ComponentInfo{com.ss.android.ugc.trill/com.ss.android.ugc.aweme.splash.SplashActivity}" drawable="tiktok" />

	<!-- Tunerly -->
	<item component="ComponentInfo{com.tunerly/com.tunerly.MainActivity}" drawable="tunerly" />

	<!-- Xiaomi Community -->
	<item component="ComponentInfo{com.mi.global.bbs/com.mi.global.bbslib.headlines.ui.SplashActivity}" drawable="xiaomi_community" />

	<!-- YT Music -->
	<item component="ComponentInfo{app.revanced.android.apps.youtube.music/com.google.android.apps.youtube.music.activities.MusicActivity}" drawable="yt_music" />

</resources>