<appmap>

	<!-- Anikin -->
	<item class="crc64ac0a0221adcacc0d.MainActivity" name="anikin"/>

	<!-- Animite -->
	<item class="com.imashnake.animite.features.MainActivity" name="animite"/>

	<!-- App vault -->
	<item class="com.mi.globalminusscreen.MainActivity" name="app_vault"/>

	<!-- Arcticons Material You -->
	<item class="com.donnnno.arcticons.activities.MainActivity" name="arcticons_material_you"/>

	<!-- Call of Duty -->
	<item class="com.tencent.tmgp.cod.CODMPrivatePermissionActivity" name="call_of_duty"/>

	<!-- Camera -->
	<item class="com.android.camera.CameraLauncher" name="camera"/>

	<!-- CarX Street -->
	<item class="com.unity3d.player.UnityPlayerActivity" name="carx_street"/>

	<!-- Clock -->
	<item class="com.android.deskclock.DeskClockTabActivity" name="clock"/>

	<!-- CreativeApp -->
	<item class="com.kubix.creative.activity.IntroActivity" name="creativeapp"/>

	<!-- Downloads -->
	<item class="com.android.providers.downloads.ui.activity.DownloadListEntry" name="downloads"/>

	<!-- Fildo -->
	<item class="crc6408ad57c5246dbb85.SplashScreen" name="fildo"/>

	<!-- FM Radio -->
	<item class="com.miui.fmradio.activity.LauncherActivity" name="fm_radio"/>

	<!-- Gallery -->
	<item class="com.miui.gallery.activity.HomePageActivity" name="gallery"/>

	<!-- GetApps -->
	<item class="com.xiaomi.mipicks.DefaultAlias" name="getapps"/>

	<!-- Harmony Music -->
	<item class="com.ryanheise.audioservice.AudioServiceActivity" name="harmony_music"/>

	<!-- LMC8.4 -->
	<item class="com.android.camera.CameraLauncher" name="lmc84"/>

	<!-- Mi Home -->
	<item class="com.xiaomi.smarthome.SmartHomeMainActivity" name="mi_home"/>

	<!-- Mi Remote -->
	<item class="com.xiaomi.mitv.phone.remotecontroller.HoriWidgetMainActivityV2" name="mi_remote"/>

	<!-- MiX -->
	<item class="com.mixplorer.activities.BrowseActivity" name="mix"/>

	<!-- Namida -->
	<item class="com.msob7y.namida.NamidaMainActivity" name="namida"/>

	<!-- Nekogram -->
	<item class="org.telegram.messenger.DefaultIcon" name="nekogram"/>

	<!-- Picsart -->
	<item class="com.socialin.android.photo.picsinphoto.MainPagerActivity" name="picsart"/>

	<!-- Poweramp -->
	<item class="com.maxmpz.audioplayer.black_round" name="poweramp"/>

	<!-- Services & feedback -->
	<item class="com.miui.miservice.main.MainActivity" name="services_and_feedback"/>

	<!-- Shopee -->
	<item class="com.shopee.app.ui.home.HomeActivity_" name="shopee"/>

	<!-- SmartTube -->
	<item class="com.liskovsoft.smartyoutubetv2.tv.ui.main.SplashActivity" name="smarttube"/>

	<!-- SpotiFlyer -->
	<item class="com.shabinder.spotiflyer.ui.SplashScreenActivity" name="spotiflyer"/>

	<!-- Symphony -->
	<item class="io.github.zyrouge.symphony.MainActivity" name="symphony"/>

	<!-- Thermal Monitor -->
	<item class="com.rollerbush.thermal.ConfigActivity" name="thermal_monitor"/>

	<!-- TIDAL -->
	<item class="com.aspiro.wamp.LoginFragmentActivity" name="tidal"/>

	<!-- TikTok -->
	<item class="com.ss.android.ugc.aweme.splash.SplashActivity" name="tiktok"/>

	<!-- Tunerly -->
	<item class="com.tunerly.MainActivity" name="tunerly"/>

	<!-- Xiaomi Community -->
	<item class="com.mi.global.bbslib.headlines.ui.SplashActivity" name="xiaomi_community"/>

	<!-- YT Music -->
	<item class="com.google.android.apps.youtube.music.activities.MusicActivity" name="yt_music"/>

</appmap>