<Theme version="1">

	<!-- Anikin -->
	<AppIcon name="com.oneb.anikin/crc64ac0a0221adcacc0d.MainActivity" image="anikin"/>

	<!-- Animite -->
	<AppIcon name="com.imashnake.animite/com.imashnake.animite.features.MainActivity" image="animite"/>

	<!-- App vault -->
	<AppIcon name="com.mi.globalminusscreen/com.mi.globalminusscreen.MainActivity" image="app_vault"/>

	<!-- Arcticons Material You -->
	<AppIcon name="com.donnnno.arcticons.you/com.donnnno.arcticons.activities.MainActivity" image="arcticons_material_you"/>

	<!-- Call of Duty -->
	<AppIcon name="com.garena.game.codm/com.tencent.tmgp.cod.CODMPrivatePermissionActivity" image="call_of_duty"/>

	<!-- Camera -->
	<AppIcon name="com.android.MGC_8_9_097/com.android.camera.CameraLauncher" image="camera"/>

	<!-- CarX Street -->
	<AppIcon name="com.carxtech.sr/com.unity3d.player.UnityPlayerActivity" image="carx_street"/>

	<!-- Clock -->
	<AppIcon name="com.android.deskclock/com.android.deskclock.DeskClockTabActivity" image="clock"/>

	<!-- CreativeApp -->
	<AppIcon name="com.kubix.creative/com.kubix.creative.activity.IntroActivity" image="creativeapp"/>

	<!-- Downloads -->
	<AppIcon name="com.android.providers.downloads.ui/com.android.providers.downloads.ui.activity.DownloadListEntry" image="downloads"/>

	<!-- Fildo -->
	<AppIcon name="searcher.lyrics.com/crc6408ad57c5246dbb85.SplashScreen" image="fildo"/>

	<!-- FM Radio -->
	<AppIcon name="com.miui.fm/com.miui.fmradio.activity.LauncherActivity" image="fm_radio"/>

	<!-- Gallery -->
	<AppIcon name="com.miui.gallery/com.miui.gallery.activity.HomePageActivity" image="gallery"/>

	<!-- GetApps -->
	<AppIcon name="com.xiaomi.mipicks/com.xiaomi.mipicks.DefaultAlias" image="getapps"/>

	<!-- Harmony Music -->
	<AppIcon name="com.anandnet.harmonymusic/com.ryanheise.audioservice.AudioServiceActivity" image="harmony_music"/>

	<!-- LMC8.4 -->
	<AppIcon name="com.google.android.GoogleCameraLMCR17/com.android.camera.CameraLauncher" image="lmc84"/>

	<!-- Mi Home -->
	<AppIcon name="com.xiaomi.smarthome/com.xiaomi.smarthome.SmartHomeMainActivity" image="mi_home"/>

	<!-- Mi Remote -->
	<AppIcon name="com.duokan.phone.remotecontroller/com.xiaomi.mitv.phone.remotecontroller.HoriWidgetMainActivityV2" image="mi_remote"/>

	<!-- MiX -->
	<AppIcon name="com.mixplorer/com.mixplorer.activities.BrowseActivity" image="mix"/>

	<!-- Namida -->
	<AppIcon name="com.msob7y.namida/com.msob7y.namida.NamidaMainActivity" image="namida"/>

	<!-- Nekogram -->
	<AppIcon name="tw.nekomimi.nekogram/org.telegram.messenger.DefaultIcon" image="nekogram"/>

	<!-- Picsart -->
	<AppIcon name="com.picsart.studio/com.socialin.android.photo.picsinphoto.MainPagerActivity" image="picsart"/>

	<!-- Poweramp -->
	<AppIcon name="com.maxmpz.audioplayer/com.maxmpz.audioplayer.black_round" image="poweramp"/>

	<!-- Services & feedback -->
	<AppIcon name="com.miui.miservice/com.miui.miservice.main.MainActivity" image="services_and_feedback"/>

	<!-- Shopee -->
	<AppIcon name="com.shopee.ph/com.shopee.app.ui.home.HomeActivity_" image="shopee"/>

	<!-- SmartTube -->
	<AppIcon name="com.teamsmart.videomanager.tv/com.liskovsoft.smartyoutubetv2.tv.ui.main.SplashActivity" image="smarttube"/>

	<!-- SpotiFlyer -->
	<AppIcon name="com.shabinder.spotiflyer/com.shabinder.spotiflyer.ui.SplashScreenActivity" image="spotiflyer"/>

	<!-- Symphony -->
	<AppIcon name="io.github.zyrouge.symphony/io.github.zyrouge.symphony.MainActivity" image="symphony"/>

	<!-- Thermal Monitor -->
	<AppIcon name="com.rollerbush.thermal/com.rollerbush.thermal.ConfigActivity" image="thermal_monitor"/>

	<!-- TIDAL -->
	<AppIcon name="com.aspiro.tidal/com.aspiro.wamp.LoginFragmentActivity" image="tidal"/>

	<!-- TikTok -->
	<AppIcon name="com.ss.android.ugc.trill/com.ss.android.ugc.aweme.splash.SplashActivity" image="tiktok"/>

	<!-- Tunerly -->
	<AppIcon name="com.tunerly/com.tunerly.MainActivity" image="tunerly"/>

	<!-- Xiaomi Community -->
	<AppIcon name="com.mi.global.bbs/com.mi.global.bbslib.headlines.ui.SplashActivity" image="xiaomi_community"/>

	<!-- YT Music -->
	<AppIcon name="app.revanced.android.apps.youtube.music/com.google.android.apps.youtube.music.activities.MusicActivity" image="yt_music"/>

</Theme>