<resources>

	<!-- ADM -->
	<item component="ComponentInfo{com.dv.adm/com.dv.get.Main}" drawable="adm" />

	<!-- Amazon -->
	<item component="ComponentInfo{in.amazon.mShop.android.shopping/com.amazon.mShop.home.HomeActivity}" drawable="amazon" />

	<!-- Apple Music -->
	<item component="ComponentInfo{com.apple.android.music/com.apple.android.music.onboarding.activities.SplashActivity}" drawable="apple_music" />

	<!-- Audile -->
	<item component="ComponentInfo{com.mrsep.musicrecognizer/com.mrsep.musicrecognizer.presentation.MainActivity}" drawable="audile" />

	<!-- Battlegrounds India -->
	<item component="ComponentInfo{com.pubg.imobile/com.epicgames.ue4.SplashActivity}" drawable="battlegrounds_india" />

	<!-- BCR -->
	<item component="ComponentInfo{com.chiller3.bcr/com.chiller3.bcr.settings.SettingsActivity}" drawable="bcr" />

	<!-- Calendar -->
	<item component="ComponentInfo{org.fossify.calendar/org.fossify.calendar.activities.SplashActivity.Green}" drawable="calendar" />

	<!-- Cent Mobile -->
	<item component="ComponentInfo{com.infrasofttech.CentralBank/com.infrasofttech.centralbank.SplashActivity}" drawable="cent_mobile" />

	<!-- Cherrygram -->
	<item component="ComponentInfo{uz.unnarsx.cherrygram/uz.unnarsx.cherrygram.CG_Icon_Cherry_NY}" drawable="cherrygram" />

	<!-- Coffee Golf -->
	<item component="ComponentInfo{com.shallotgames.coffeegolf/com.unity3d.player.UnityPlayerActivity}" drawable="coffee_golf" />

	<!-- Dead Cells -->
	<item component="ComponentInfo{com.playdigious.deadcells.mobile/com.playdigious.deadcells.mobile.DeadCellsLoading}" drawable="dead_cells" />

	<!-- ExtremeVPN -->
	<item component="ComponentInfo{com.extremevpn.vpnclient.android/com.extreme.extremevpn.app.SplashActivity}" drawable="extremevpn" />

	<!-- GTA: SA -->
	<item component="ComponentInfo{com.netflix.NGP.GTASanAndreasDefinitiveEdition/com.epicgames.ue4.GameActivity}" drawable="gta_sa" />

	<!-- Iceraven -->
	<item component="ComponentInfo{io.github.forkmaintainers.iceraven/io.github.forkmaintainers.iceraven.App}" drawable="iceraven" />

	<!-- iMobile Pay -->
	<item component="ComponentInfo{com.csam.icici.bank.imobile/com.csam.icici.bank.imobile.launcher_be5fee416d17a4d4bdcf67199a9cbb9893a784e44dbdba19087c3db5e1e61f81}" drawable="imobile_pay" />

	<!-- inshorts -->
	<item component="ComponentInfo{com.nis.app/com.nis.app.ui.activities.HomeActivity}" drawable="inshorts" />

	<!-- KernelSU -->
	<item component="ComponentInfo{me.weishu.kernelsu/me.weishu.kernelsu.ui.MainActivity}" drawable="kernelsu" />

	<!-- LMC8.4 -->
	<item component="ComponentInfo{com.google.android.GoogleCameraEngR18F1/com.android.camera.CameraLauncher}" drawable="lmc84" />

	<!-- Ludo King -->
	<item component="ComponentInfo{com.ludo.king/com.google.firebase.MessagingUnityPlayerActivity}" drawable="ludo_king" />

	<!-- Mozilla VPN -->
	<item component="ComponentInfo{org.mozilla.firefox.vpn/org.mozilla.firefox.vpn.qt.VPNActivity}" drawable="mozilla_vpn" />

	<!-- myExcitel -->
	<item component="ComponentInfo{com.scaleforce.mobile.myexcitel/com.scaleforce.mobile.myexcitel.MainActivity}" drawable="myexcitel" />

	<!-- Myntra -->
	<item component="ComponentInfo{com.myntra.android/com.myntra.android.activities.react.ReactActivity}" drawable="myntra" />

	<!-- Naukri.com -->
	<item component="ComponentInfo{naukriApp.appModules.login/com.naukri.splash.SplashActivity}" drawable="naukricom" />

	<!-- Nexus Revamped -->
	<item component="ComponentInfo{com.stealthcopter.nexusrevamped/com.stealthcopter.nexusrevamped.SetWallpaperActivity}" drawable="nexus_revamped" />

	<!-- Nova Dark -->
	<item component="ComponentInfo{cs14.pixelperfect.iconpack.novadark/com.candybar.dev.activities.SplashActivity}" drawable="nova_dark" />

	<!-- Nova Video Player -->
	<item component="ComponentInfo{org.courville.nova/org.courville.nova.browser.BrowserActivityVideo}" drawable="nova_video_player" />

	<!-- Ola -->
	<item component="ComponentInfo{com.olacabs.customer/com.olacabs.customer.ui.SplashActivity}" drawable="ola" />

	<!-- OLX India -->
	<item component="ComponentInfo{com.olx.southasia/com.olxgroup.panamera.app.users.onboarding.activities.SplashActivity}" drawable="olx_india" />

	<!-- Origins -->
	<item component="ComponentInfo{brownmonster.app.game.rushrallyremastered/brownmonster.app.game.rushrallyremastered.RushRallyRemasteredActivity}" drawable="origins" />

	<!-- Pix Material You Light/Dark -->
	<item component="ComponentInfo{com.pashapuma.pix.material.you.dark/com.pashapuma.pix.material.you.dark.activities.SplashActivity}" drawable="pix_material_you_light_dark" />

	<!-- Poweramp -->
	<item component="ComponentInfo{com.maxmpz.audioplayer/com.maxmpz.audioplayer.standard_adaptive}" drawable="poweramp" />

	<!-- QKSMS -->
	<item component="ComponentInfo{com.moez.QKSMS/com.moez.QKSMS.feature.main.MainActivity}" drawable="qksms" />

	<!-- Rewards -->
	<item component="ComponentInfo{com.google.android.apps.paidtasks/com.google.android.apps.paidtasks.activity.LaunchActivity}" drawable="rewards" />

	<!-- RL Sideswipe -->
	<item component="ComponentInfo{com.Psyonix.RL2D/com.epicgames.ue4.SplashActivity}" drawable="rl_sideswipe" />

	<!-- Sky -->
	<item component="ComponentInfo{com.tgc.sky.android/com.tgc.sky.TGCBootActivity}" drawable="sky" />

	<!-- Swift Backup -->
	<item component="ComponentInfo{org.swiftapps.swiftbackup/org.swiftapps.swiftbackup.intro.IntroActivity}" drawable="swift_backup" />

	<!-- Swiggy -->
	<item component="ComponentInfo{in.swiggy.android/in.swiggy.android.activities.HomeActivity}" drawable="swiggy" />

	<!-- TIDAL -->
	<item component="ComponentInfo{com.aspiro.tidal/com.aspiro.wamp.LoginFragmentActivity}" drawable="tidal" />

	<!-- Weather -->
	<item component="ComponentInfo{org.breezyweather/org.breezyweather.main.MainActivity}" drawable="weather" />

	<!-- Zomato -->
	<item component="ComponentInfo{com.application.zomato/com.application.zomato.activities.Splash}" drawable="zomato" />

</resources>