<appmap>

	<!-- AI Gallery -->
	<item class="com.gallery20.HomeActivity" name="ai_gallery"/>

	<!-- Camera -->
	<item class="com.android.camera.CameraLauncher" name="camera"/>

	<!-- Clock -->
	<item class="com.transsion.deskclock.DeskClock" name="clock"/>

	<!-- File Manager -->
	<item class="com.transsion.filemanagerx.ui.main.MainActivity" name="file_manager"/>

	<!-- Notepad -->
	<item class="com.transsion.notebook.NotesList" name="notepad"/>

	<!-- Phone -->
	<item class="com.android.dialer.main.impl.MainActivity" name="phone"/>

	<!-- Reddit -->
	<item class="launcher.wallstreet" name="reddit"/>

	<!-- TikTok -->
	<item class="com.ss.android.ugc.aweme.splash.SplashActivity" name="tiktok"/>

</appmap>