<resources>

	<!-- ABOUT YOU -->
	<item component="ComponentInfo{de.aboutyou.mobile.app/de.aboutyou.mobile.app.MainActivity}" drawable="about_you" />

	<!-- Aumio -->
	<item component="ComponentInfo{com.aumio.app/com.aumio.app.MainActivity}" drawable="aumio" />

	<!-- Deezer -->
	<item component="ComponentInfo{deezer.android.app/com.deezer.android.ui.activity.LauncherActivity}" drawable="deezer" />

	<!-- DEGIRO -->
	<item component="ComponentInfo{nl.degiro.trader/nl.degiro.trader.MainActivity}" drawable="degiro" />

	<!-- Discord -->
	<item component="ComponentInfo{com.discord/com.discord.main.MainDefault}" drawable="discord" />

	<!-- DKB -->
	<item component="ComponentInfo{com.dkbcodefactory.banking/com.dkbcodefactory.banking.splash.SplashActivity}" drawable="dkb" />

	<!-- Firewall -->
	<item component="ComponentInfo{org.calyxos.datura/org.calyxos.datura.main.MainActivity}" drawable="firewall" />

	<!-- FreeTube -->
	<item component="ComponentInfo{io.freetubeapp.freetube/io.freetubeapp.freetube.MainActivity}" drawable="freetube" />

	<!-- Gadgetbridge -->
	<item component="ComponentInfo{nodomain.freeyourgadget.gadgetbridge/nodomain.freeyourgadget.gadgetbridge.activities.ControlCenterv2}" drawable="gadgetbridge" />

	<!-- hagebau -->
	<item component="ComponentInfo{de.hagebau.shop/de.hagebau.shop.components.countryselection.ui.view.CountrySelectionActivity}" drawable="hagebau" />

	<!-- idealo Shopping -->
	<item component="ComponentInfo{de.idealo.android/de.idealo.android.MainActivity}" drawable="idealo_shopping" />

	<!-- Inoreader -->
	<item component="ComponentInfo{com.innologica.inoreader/com.innologica.inoreader.activities.BootstrapActivity}" drawable="inoreader" />

	<!-- KATWARN -->
	<item component="ComponentInfo{de.combirisk.katwarn/de.combirisk.katwarn.MainActivity}" drawable="katwarn" />

	<!-- LocationPrivacy -->
	<item component="ComponentInfo{info.guardianproject.locationprivacy/info.guardianproject.locationprivacy.MainActivity}" drawable="locationprivacy" />

	<!-- MeinVodafone -->
	<item component="ComponentInfo{com.appseleration.android.selfcare/com.vis.meinvodafone.view.activity.load.VfLoadPhoneActivity}" drawable="meinvodafone" />

	<!-- Music Player -->
	<item component="ComponentInfo{com.simplemobiletools.musicplayer/com.simplemobiletools.musicplayer.activities.SplashActivity.Orange}" drawable="music_player" />

	<!-- mytonies -->
	<item component="ComponentInfo{com.tonies.app/com.tonies.app.MainActivity}" drawable="mytonies" />

	<!-- Neato -->
	<item component="ComponentInfo{com.neatorobotics.android/com.neatorobotics.android.app.splashscreen.SplashScreenActivity}" drawable="neato" />

	<!-- OpenLauncher -->
	<item component="ComponentInfo{com.benny.openlauncher/com.benny.openlauncher.activity.OnBoardActivity}" drawable="openlauncher" />

	<!-- PAYBACK -->
	<item component="ComponentInfo{de.payback.client.android/de.payback.app.ui.main.MainActivity}" drawable="payback" />

	<!-- Personio -->
	<item component="ComponentInfo{com.personio/com.personio.MainActivity}" drawable="personio" />

	<!-- Pocket -->
	<item component="ComponentInfo{com.ideashower.readitlater.pro/com.ideashower.readitlater.activity.AppCacheCheckActivity}" drawable="pocket" />

	<!-- Post & DHL -->
	<item component="ComponentInfo{de.dhl.paket/de.its_berlin.dhlpaket.base.main.MainActivity}" drawable="post_and_dhl" />

	<!-- Proton Calendar -->
	<item component="ComponentInfo{me.proton.android.calendar/me.proton.android.calendar.presentation.main.MainActivity}" drawable="proton_calendar" />

	<!-- Proton Drive -->
	<item component="ComponentInfo{me.proton.android.drive/me.proton.android.drive.ui.MainActivity}" drawable="proton_drive" />

	<!-- Rossmann -->
	<item component="ComponentInfo{de.rossmann.app.android/de.rossmann.app.android.splash.SplashScreen}" drawable="rossmann" />

	<!-- Skiff Mail -->
	<item component="ComponentInfo{com.skemailmobileapp/com.skemailmobileapp.MainActivity}" drawable="skiff_mail" />

	<!-- Slack -->
	<item component="ComponentInfo{com.Slack/slack.features.home.HomeActivity}" drawable="slack" />

	<!-- soundcore -->
	<item component="ComponentInfo{com.oceanwing.soundcore/com.oceanwing.soundcore.activity.WelcomeActivity}" drawable="soundcore" />

	<!-- TAN2go -->
	<item component="ComponentInfo{com.starfinanz.mobile.android.dkbpushtan/com.starfinanz.mobile.android.dkbpushtan.DKBPushTan}" drawable="tan2go" />

	<!-- Tapo -->
	<item component="ComponentInfo{com.tplink.iot/com.tplink.iot.view.welcome.StartupActivity}" drawable="tapo" />

	<!-- TK -->
	<item component="ComponentInfo{de.tk.tkapp/de.tk.tkapp.start.StartActivity}" drawable="tk" />

	<!-- Todoist -->
	<item component="ComponentInfo{com.todoist/com.todoist.alias.HomeActivityDefault}" drawable="todoist" />

	<!-- Trello -->
	<item component="ComponentInfo{com.trello/com.trello.home.HomeActivity}" drawable="trello" />

	<!-- use - Mobility App -->
	<item component="ComponentInfo{com.usegroup.usegroup/com.azowo.azowo.ui.activities.splashscreen.SplashScreen}" drawable="use_mobility_app" />

	<!-- YouTrack -->
	<item component="ComponentInfo{com.jetbrains.youtrack.mobile.app/com.jetbrains.youtrack.mobile.app.MainActivity}" drawable="youtrack" />

</resources>