<Theme version="1">

	<!--  AI Answer Master  -->
	<AppIcon name="com.world.chatgpt.ai/com.world.chatgpt.ai.ui.splash.SplashActivity" image=" ai_answer_master "/>

	<!-- 👁 IAT 👁 -->
	<AppIcon name="tk.silviomarano.imageanalysistoolset/tk.silviomarano.imageanalysistoolset.HomeActivity" image="👁_iat_👁"/>

	<!-- 24me -->
	<AppIcon name="me.twentyfour.www/a24me.groupcal.mvvm.view.activities.SplashActivity" image="_24me"/>

	<!-- 500px -->
	<AppIcon name="com.fivehundredpx.viewer/com.fivehundredpx.viewer.RootActivity" image="_500px"/>

	<!-- 6000 thoughts -->
	<AppIcon name="com.slftok.sixthousandthoughts/io.flutter.embedding.android.FlutterFragmentActivity" image="_6000_thoughts"/>

	<!-- 7Fon -->
	<AppIcon name="amoled.wall7Fon/ru.wall7Fon.ui.activities.SplashActivty" image="_7fon"/>

	<!-- A13 Theme for KLWP -->
	<AppIcon name="a13themeforklwp.kustom.pack/org.kustom.api.dashboard.DashboardActivity" image="a13_theme_for_klwp"/>

	<!-- Ace Translator -->
	<AppIcon name="translate.photo.translator.all.language.voice.translation.free.app/translate.photo.translator.all.language.voice.translation.free.app.page.home.SplashActivity" image="ace_translator"/>

	<!-- Ada -->
	<AppIcon name="com.ada.app/com.ada.MainActivity" image="ada"/>

	<!-- AdamFriend -->
	<AppIcon name="com.app.adamfriend/com.adamfriend.MainActivity" image="adamfriend"/>

	<!-- AdClear Content Blocker -->
	<AppIcon name="com.seven.adclear.fsb/com.adclear.contentblocker.ui.splash.SplashActivity" image="adclear_content_blocker"/>

	<!-- Adobe Capture -->
	<AppIcon name="com.adobe.creativeapps.gather/com.adobe.creativeapps.gather.activity.GatherSplashScreenActivity" image="adobe_capture"/>

	<!-- Adventure Game -->
	<AppIcon name="com.gw.game/com.gw.game.MainActivity" image="adventure_game"/>

	<!-- Agapé -->
	<AppIcon name="com.getdailyagape/com.example.agape_app.MainActivity" image="agape"/>

	<!-- AI Audio Pen -->
	<AppIcon name="com.idphotoapp.aiaudiopen/com.idphotoapp.aiaudiopen.MainActivity" image="ai_audio_pen"/>

	<!-- AI Chat -->
	<AppIcon name="com.ai.chat.bot.aichat/com.ai.chat.bot.aichat.start.StartActivity" image="ai_chat"/>

	<!-- AI Chat -->
	<AppIcon name="com.facebook.videodownload.videodownloaderforfacebook/com.energysh.aichat.mvvm.ui.activity.SplashActivity" image="ai_chat"/>

	<!-- Ai Chat -->
	<AppIcon name="com.smplea.chatgpt/com.smplea.chatgpt.MainActivity" image="ai_chat"/>

	<!-- AI Chatbot -->
	<AppIcon name="com.chatbot.aichat.ai/com.chatbot.aichat.ai.MainActivity" image="ai_chatbot"/>

	<!-- AI Coach -->
	<AppIcon name="ai.rocky.app/ai.rocky.app.MainActivity" image="ai_coach"/>

	<!-- AI Enlarger -->
	<AppIcon name="com.app.aiimglarger/com.app.aiimglarger.MainActivity" image="ai_enlarger"/>

	<!-- AI painter -->
	<AppIcon name="wkygame.ai.all.in.one/com.unity3d.player.UnityPlayerActivity" image="ai_painter"/>

	<!-- Ai Photos Organizer -->
	<AppIcon name="com.dotsquares.imagelabeler/com.dotsquares.SplashScreen" image="ai_photos_organizer"/>

	<!-- AI Walls -->
	<AppIcon name="ai.walls.app/ai.walls.app.MainActivity" image="ai_walls"/>

	<!-- Aime -->
	<AppIcon name="com.cyberlimbic.aime/com.cyberlimbic.aime.MainActivity" image="aime"/>

	<!-- AirTask -->
	<AppIcon name="com.balda.airtask/com.balda.airtask.ui.MainActivity" image="airtask"/>

	<!-- AlbLingo -->
	<AppIcon name="com.lingo.alblingo/mgks.os.swv.SplashScreen" image="alblingo"/>

	<!-- ALTER EGO -->
	<AppIcon name="com.caracolu.alterego/com.unity3d.player.UnityPlayerActivity" image="alter_ego"/>

	<!-- Amazon Shopper Panel -->
	<AppIcon name="com.amazon.shopperpanel.android.mobile.app/com.amazon.shopperpanel.android.mobile.app.MainActivity" image="amazon_shopper_panel"/>

	<!-- Amplenote -->
	<AppIcon name="com.amplenote/com.amplenote.MainActivity" image="amplenote"/>

	<!-- AnkiDroid -->
	<AppIcon name="com.ichi2.anki/com.ichi2.anki.IntentHandler" image="ankidroid"/>

	<!-- Answer.AI -->
	<AppIcon name="com.cyberdavinci.gptkeyboard/com.cyberdavinci.gptkeyboard.SplashActivity" image="answerai"/>

	<!-- Antar -->
	<AppIcon name="com.satya.antar/com.satya.antar.ui.onboarding.SplashActivity" image="antar"/>

	<!-- Any.do -->
	<AppIcon name="com.anydo/com.anydo.activity.SplashActivity" image="anydo"/>

	<!-- AnyPopup -->
	<AppIcon name="app.oins.anypopup/app.oins.anypopup.ui.launcher.LauncherActivity" image="anypopup"/>

	<!-- Apk Analyzer -->
	<AppIcon name="sk.styk.martin.apkanalyzer/sk.styk.martin.apkanalyzer.ui.main.MainActivity" image="apk_analyzer"/>

	<!-- App Manager -->
	<AppIcon name="com.lahsuak.apps.appmanager/com.lahsuak.apps.appmanager.ui.MainActivity" image="app_manager"/>

	<!-- AppDash -->
	<AppIcon name="flar2.appdashboard/flar2.appdashboard.MainActivity" image="appdash"/>

	<!-- Appstorm -->
	<AppIcon name="org.chromium.webapk.a68e35bcf54366206_v2/org.chromium.webapk.shell_apk.h2o.H2OOpaqueMainActivity" image="appstorm"/>

	<!-- ArtFlow -->
	<AppIcon name="com.bytestorm.artflow/com.bytestorm.artflow.Editor" image="artflow"/>

	<!-- Artifact -->
	<AppIcon name="ai.nokto.wire/ai.nokto.wire.MainActivity" image="artifact"/>

	<!-- ArtStation -->
	<AppIcon name="com.ballistiq.artstation/com.ballistiq.artstation.EntryPointActivity" image="artstation"/>

	<!-- Ask AI Plus -->
	<AppIcon name="com.askaiplus.clientapp/com.askaiplus.clientapp.MainActivity" image="ask_ai_plus"/>

	<!-- AskThis -->
	<AppIcon name="com.askthis.aichatbot/com.glority.android.picturexx.splash.SplashActivity" image="askthis"/>

	<!-- AskWay -->
	<AppIcon name="ai.askway.com/ai.askway.com.SplashActivity" image="askway"/>

	<!-- Associations -->
	<AppIcon name="com.hitapps.associations/com.unity3d.player.UnityPlayerActivity" image="associations"/>

	<!-- Atom -->
	<AppIcon name="com.foresko.gptclient/com.foresko.gptclient.MainActivity" image="atom"/>

	<!-- Audio Extractor -->
	<AppIcon name="com.psma.audioextractor/com.psma.audioextractor.MainActivity" image="audio_extractor"/>

	<!-- AudioLab -->
	<AppIcon name="com.hitrolab.audioeditor/com.hitrolab.audioeditor.MainActivity" image="audiolab"/>

	<!-- Auto OCR -->
	<AppIcon name="com.smart.ocr.text.scanner/com.eagle.scanner.activities.MainActivity" image="auto_ocr"/>

	<!-- AutoAlarm -->
	<AppIcon name="com.joaomgcd.autoalarm/com.joaomgcd.autoapps.ActivityLaunchApp" image="autoalarm"/>

	<!-- AutoApps -->
	<AppIcon name="com.joaomgcd.autoappshub/com.joaomgcd.autoappshub.activity.ActivityMain" image="autoapps"/>

	<!-- AutoBarcodeLite -->
	<AppIcon name="com.joaomgcd.barcode.lite/com.joaomgcd.autoapps.ActivityLaunchApp" image="autobarcodelite"/>

	<!-- AutoContacts -->
	<AppIcon name="com.joaomgcd.autocontacts/com.joaomgcd.autoapps.ActivityLaunchApp" image="autocontacts"/>

	<!-- AutoInput -->
	<AppIcon name="com.joaomgcd.autoinput/com.joaomgcd.autoapps.ActivityLaunchApp" image="autoinput"/>

	<!-- AutoLaunch -->
	<AppIcon name="com.joaomgcd.autoapps/com.joaomgcd.autoapps.ActivityLaunchApp" image="autolaunch"/>

	<!-- AutoLocation -->
	<AppIcon name="com.joaomgcd.autolocation/com.joaomgcd.autoapps.ActivityLaunchApp" image="autolocation"/>

	<!-- AutoMail -->
	<AppIcon name="com.joaomgcd.autogmail/com.joaomgcd.autoapps.ActivityLaunchApp" image="automail"/>

	<!-- AutoNotification -->
	<AppIcon name="com.joaomgcd.autonotification/com.joaomgcd.autoapps.ActivityLaunchApp" image="autonotification"/>

	<!-- AutoPhoto -->
	<AppIcon name="com.joaomgcd.autophoto/com.joaomgcd.autoapps.ActivityLaunchApp" image="autophoto"/>

	<!-- AutoShare -->
	<AppIcon name="com.joaomgcd.autoshare/com.joaomgcd.autoapps.ActivityLaunchApp" image="autoshare"/>

	<!-- AutoSheets -->
	<AppIcon name="com.joaomgcd.autosheets/com.joaomgcd.autoapps.ActivityLaunchApp" image="autosheets"/>

	<!-- AutoShortcut -->
	<AppIcon name="com.joaomgcd.autoshortcut/com.joaomgcd.autoapps.ActivityLaunchApp" image="autoshortcut"/>

	<!-- AutoSpotify -->
	<AppIcon name="com.joaomgcd.autospotify/com.joaomgcd.autoapps.ActivityLaunchApp" image="autospotify"/>

	<!-- AutoTools -->
	<AppIcon name="com.joaomgcd.autotools/com.joaomgcd.autoapps.ActivityLaunchApp" image="autotools"/>

	<!-- AutoVoice -->
	<AppIcon name="com.joaomgcd.autovoice/com.joaomgcd.autoapps.ActivityLaunchApp" image="autovoice"/>

	<!-- AutoWear -->
	<AppIcon name="com.joaomgcd.autowear/com.joaomgcd.autoapps.ActivityLaunchApp" image="autowear"/>

	<!-- AutoWeb -->
	<AppIcon name="com.joaomgcd.autoweb/com.joaomgcd.autoapps.ActivityLaunchApp" image="autoweb"/>

	<!-- AutoWebVideo -->
	<AppIcon name="com.joaomgcd.autoyoutube/com.joaomgcd.autoapps.ActivityLaunchApp" image="autowebvideo"/>

	<!-- Aware -->
	<AppIcon name="org.twentyninek.app.cupcake/org.twentyninek.app.cupcake.MainActivity" image="aware"/>

	<!-- Aya AI -->
	<AppIcon name="ai.stork.aya/ai.stork.aya.MainActivity" image="aya_ai"/>

	<!-- Balance -->
	<AppIcon name="org.chromium.webapk.a79d728d4aad661bd_v2/org.chromium.webapk.shell_apk.h2o.H2OOpaqueMainActivity" image="balance"/>

	<!-- Baseline -->
	<AppIcon name="com.google.android.apps.baselinestudy/com.google.googlex.apollo.android.home.InitActivity" image="baseline"/>

	<!-- Bearable -->
	<AppIcon name="com.bearable/com.bearable.MainActivity" image="bearable"/>

	<!-- BetterMe -->
	<AppIcon name="com.gen.workoutme/com.gen.betterme.base.sections.home.HomeActivity" image="betterme"/>

	<!-- BetterPhoto -->
	<AppIcon name="com.findmymobi.betterphoto/com.findmymobi.betterphoto.SplashActivity" image="betterphoto"/>

	<!-- Betwixt -->
	<AppIcon name="betwixt.web.app/betwixt.web.app.MainActivity" image="betwixt"/>

	<!-- BFF -->
	<AppIcon name="com.bumblebff.app/com.bumble.app.ui.launcher.BumbleLauncherActivity" image="bff"/>

	<!-- BHS -->
	<AppIcon name="com.ncskier.BuildHabitsSlowly/com.ncskier.BuildHabitsSlowly.MainActivity" image="bhs"/>

	<!-- Big Icons -->
	<AppIcon name="rk.android.app.bigicons/rk.android.app.bigicons.activities.HomeActivity" image="big_icons"/>

	<!-- Blackr -->
	<AppIcon name="com.neximolabs.blackr/com.neximolabs.blackr.MainActivity" image="blackr"/>

	<!-- Bluebird Albanian -->
	<AppIcon name="com.pronunciatorllc.bluebird.albanian/com.pronunciatorllc.bluebird.MainActivity" image="bluebird_albanian"/>

	<!-- BofA -->
	<AppIcon name="com.infonow.bofa/com.bofa.ecom.marvel.application.Flagscape" image="bofa"/>

	<!-- BondBeyond -->
	<AppIcon name="com.birthdayai.prod/com.birthdayai.MainActivity" image="bondbeyond"/>

	<!-- Boosted -->
	<AppIcon name="com.boostedproductivity.app/com.boostedproductivity.app.activities.LauncherActivity" image="boosted"/>

	<!-- Bot Designer For Discord -->
	<AppIcon name="com.jakubtomana.discordbotdesinger/io.flutter.embedding.android.FlutterActivity" image="bot_designer_for_discord"/>

	<!-- BrainStorm -->
	<AppIcon name="com.brainstorm.ai/com.team.ai.meeting.MainActivity" image="brainstorm"/>

	<!-- Break.Down.Timer -->
	<AppIcon name="de.jepfa.bdt.adfree/de.jepfa.bdt.adfree.MainActivity" image="breakdowntimer"/>

	<!-- BulletJournal -->
	<AppIcon name="com.dottedcircle.bulletjournal/com.dottedcircle.bulletjournal.activities.SplashActivity" image="bulletjournal"/>

	<!-- Bundled Notes -->
	<AppIcon name="com.xaviertobin.noted/com.xaviertobin.noted.activities.ActivitySignIn" image="bundled_notes"/>

	<!-- Burger King -->
	<AppIcon name="com.emn8.mobilem8.nativeapp.bk/com.emn8.mobilem8.nativeapp.bk.MainActivity" image="burger_king"/>

	<!-- Calculator -->
	<AppIcon name="apps.r.calculator/apps.r.calculator.Theme.LightGreen" image="calculator"/>

	<!-- Calistree -->
	<AppIcon name="com.calistree.calistree/com.calistree.calistree.MainActivity" image="calistree"/>

	<!-- Camel -->
	<AppIcon name="org.chromium.webapk.af8e2eeabb0848c7c_v2/org.chromium.webapk.shell_apk.h2o.H2OOpaqueMainActivity" image="camel"/>

	<!-- Camera GCam -->
	<AppIcon name="com.sgmediapp.gcam/com.sgmediapp.gcam.SplashActivity" image="camera_gcam"/>

	<!-- CameraFi Live -->
	<AppIcon name="com.vaultmicro.camerafi.live/com.vaultmicro.camerafi.live.ServerSelectActivity" image="camerafi_live"/>

	<!-- Campfire Cafe -->
	<AppIcon name="com.skybornegames.travellerscafe/com.unity3d.player.UnityPlayerActivity" image="campfire_cafe"/>

	<!-- Career Karma -->
	<AppIcon name="com.careerkarma.chat/com.careerkarma.chat.SplashActivity" image="career_karma"/>

	<!-- Carpenter -->
	<AppIcon name="com.gocalsd.carpenter/com.gocalsd.carpenter.activities.StartupActivity" image="carpenter"/>

	<!-- CC Launcher -->
	<AppIcon name="com.mi.launcher.cool/com.mi.launcher.Launcher" image="cc_launcher"/>

	<!-- Chai -->
	<AppIcon name="com.Beauchamp.Messenger.external/com.Beauchamp.Messenger.external.MainActivity" image="chai"/>

	<!-- Chaos Control -->
	<AppIcon name="com.tarasovmobile.cc2/com.tarasovmobile.cc2.ui.MainActivity.Modern" image="chaos_control"/>

	<!-- Character.AI -->
	<AppIcon name="ai.character.app/ai.character.app.MainActivity" image="characterai"/>

	<!-- ChatBoost -->
	<AppIcon name="studio.muggle.chatboost/studio.muggle.chatboost.MainActivity" image="chatboost"/>

	<!-- Chatbot -->
	<AppIcon name="com.intelli.app/com.intelli.app.MainActivity" image="chatbot"/>

	<!-- ChatBot -->
	<AppIcon name="com.xphotokit.chatgptassist/com.xphotokit.chatgptassist.ui.SplashActivity" image="chatbot"/>

	<!-- ChatGen -->
	<AppIcon name="chatgpt.writer.chatbot.assistant.open.chat.ai.gpt.bot/chatgpt.writer.chatbot.assistant.open.chat.ai.gpt.bot.ui.MainActivity" image="chatgen"/>

	<!-- ChatJoy -->
	<AppIcon name="com.xvideostudio.videoeditorprofree/com.energysh.aichat.mvvm.ui.activity.SplashActivity" image="chatjoy"/>

	<!-- ChatOn AI -->
	<AppIcon name="ai.chat.gpt.bot/com.aiby.chat.MainActivity" image="chaton_ai"/>

	<!-- ChatterVerse -->
	<AppIcon name="gpt5.chatter.verse/gpt5.chatter.verse.MainActivity" image="chatterverse"/>

	<!-- Chick-fil-A -->
	<AppIcon name="com.chickfila.cfaflagship/com.chickfila.cfaflagship.activities.InitialLoadActivity" image="chick_fil_a"/>

	<!-- ChildPsych -->
	<AppIcon name="com.mightybell.instituteofchildpsychology/com.mightybell.android.contexts.MainActivity" image="childpsych"/>

	<!-- Chili's -->
	<AppIcon name="com.brinker.chilis/com.brinker.chilis.features.LaunchActivity" image="chilis"/>

	<!-- Chipotle -->
	<AppIcon name="com.chipotle.ordering/com.chipotle.ordering.ui.activity.intro.IntroActivity" image="chipotle"/>

	<!-- Cíngulo -->
	<AppIcon name="com.cingulo.app/com.cingulo.app.MainActivity" image="cingulo"/>

	<!-- Circo -->
	<AppIcon name="com.mookie.circo/com.mookie.circo.MainActivity" image="circo"/>

	<!-- CitizenMe -->
	<AppIcon name="com.citizenme/com.citizenme.features.onboarding.SplashActivity" image="citizenme"/>

	<!-- Civitai -->
	<AppIcon name="org.chromium.webapk.a40096aad4e6fd9a6_v2/org.chromium.webapk.shell_apk.h2o.H2OOpaqueMainActivity" image="civitai"/>

	<!-- Claude -->
	<AppIcon name="org.chromium.webapk.ac02082bb782797b5_v2/org.chromium.webapk.shell_apk.h2o.H2OOpaqueMainActivity" image="claude"/>

	<!-- Cloud -->
	<AppIcon name="com.samsung.android.scloud/com.samsung.android.scloud.app.ui.splash.launcher" image="cloud"/>

	<!-- Cloud AI -->
	<AppIcon name="com.devsig.cloudai/com.devsig.cloudai.MainActivity" image="cloud_ai"/>

	<!-- Codebay -->
	<AppIcon name="com.mojohi.chatcoding/com.mojohi.chatcoding.ChatCodingLauncherActivity" image="codebay"/>

	<!-- Codelita -->
	<AppIcon name="com.codelita.app/com.codelita.app.MainActivity" image="codelita"/>

	<!-- Color Gear Lite -->
	<AppIcon name="design.vek.color_gear.lite/design.vek.color_gear.MainActivity" image="color_gear_lite"/>

	<!-- Color Harmony -->
	<AppIcon name="pl.powsty.colorharmony/pl.powsty.colorharmony.SplashScreenActivity" image="color_harmony"/>

	<!-- Color Picker -->
	<AppIcon name="com.roetteri.colorx.single/com.roetteri.colorx.MainActivity" image="color_picker"/>

	<!-- Color Picker -->
	<AppIcon name="gmikhail.colorpicker/gmikhail.colorpicker.activities.MainActivity" image="color_picker"/>

	<!-- Color picker -->
	<AppIcon name="ua.com.compose.colorpicker.camera.image/ua.com.compose.MainActivity" image="color_picker"/>

	<!-- Color Picker AR -->
	<AppIcon name="com.appsvek.color_picker.rgb_color_detector.eyedropper/com.example.color_picker.MainActivity" image="color_picker_ar"/>

	<!-- Colors AI -->
	<AppIcon name="is.tsin.colors_ai.colors_ai/is.tsin.colors_ai.colors_ai.MainActivity" image="colors_ai"/>

	<!-- Committed -->
	<AppIcon name="com.kaushik.committed/com.kaushik.committed.MainActivity" image="committed"/>

	<!-- Complications Suite -->
	<AppIcon name="com.weartools.weekdayutccomp/com.weartools.weekdayutccomp.MainActivity" image="complications_suite"/>

	<!-- conversly -->
	<AppIcon name="ai.conversly/ai.conversly.MainActivity" image="conversly"/>

	<!-- Couple App -->
	<AppIcon name="xyz.lovecode_partner/xyz.lovecode_partner.MainActivity" image="couple_app"/>

	<!-- Crayon -->
	<AppIcon name="com.jndapp.cartoon.crayon.iconpack/com.jndapp.cartoon.crayon.iconpack.MainActivity" image="crayon"/>

	<!-- Cuto -->
	<AppIcon name="com.sspai.cuto.android/net.dchdc.cuto.ui.main.SplashActivity" image="cuto"/>

	<!-- Daily -->
	<AppIcon name="doge.doonlygoodeveryday.foriday/doge.doonlygoodeveryday.foriday.MainActivity" image="daily"/>

	<!-- Dalle Gallery -->
	<AppIcon name="com.queryable.gallery.pro/com.queryable.gallery.pro.activities.SplashActivity" image="dalle_gallery"/>

	<!-- DarkFusion Launcher -->
	<AppIcon name="com.ultimate.darkfusionlauncher/com.ultimate.darkfusionlauncher.Launcher" image="darkfusion_launcher"/>

	<!-- Dave -->
	<AppIcon name="com.dave/com.dave.MainActivity" image="dave"/>

	<!-- DaVinci -->
	<AppIcon name="com.hubx.imagination/com.hubx.imagination.MainActivity" image="davinci"/>

	<!-- Daybook -->
	<AppIcon name="com.bigheadtechies.diary/com.bigheadtechies.diary.Lastest.Activity.MainActivity.MainActivityMigration1" image="daybook"/>

	<!-- Deep Sleep Sounds -->
	<AppIcon name="com.kitefaster.whitenoise/com.kitefaster.whitenoise.MainActivity" image="deep_sleep_sounds"/>

	<!-- Deepen -->
	<AppIcon name="app.thedeepen/app.thedeepen.MainActivity" image="deepen"/>

	<!-- DeepSearch -->
	<AppIcon name="com.mycelebs.deepsearch/com.mycelebs.deepsearch.ui.main.MainActivity" image="deepsearch"/>

	<!-- Delta -->
	<AppIcon name="website.leifs.delta.foss/website.leifs.delta.activities.MainActivity" image="delta"/>

	<!-- Disciplined -->
	<AppIcon name="app.disciplined.productive.structured.habit.tracker/app.disciplined.productive.structured.habit.tracker.MainActivity" image="disciplined"/>

	<!-- Discord -->
	<AppIcon name="com.discord/com.discord.main.MainCherryBlossom" image="discord"/>

	<!-- Discord 👻 -->
	<AppIcon name="dev.beefers.vendetta/com.discord.main.MainGalaxy" image="discord_👻"/>

	<!-- Discord Tools -->
	<AppIcon name="com.awgstudios.discordtools/crc641526ba6564b08f07.SplashActivity" image="discord_tools"/>

	<!-- Discord Webhook Remote -->
	<AppIcon name="com.awgstudios.discordwebhookremoteapp/crc6490bee2440872efc7.SplashActivity" image="discord_webhook_remote"/>

	<!-- DNA Launcher -->
	<AppIcon name="com.atlantis.launcher/com.atlantis.launcher.home.HomeActivity" image="dna_launcher"/>

	<!-- Do It Now -->
	<AppIcon name="com.levor.liferpgtasks/com.levor.liferpgtasks.view.activities.SplashActivity" image="do_it_now"/>

	<!-- Dollar General -->
	<AppIcon name="com.dollargeneral.android/dgapp2.dollargeneral.com.dgapp2_android.SplashActivity" image="dollar_general"/>

	<!-- DomiNations -->
	<AppIcon name="com.nexonm.dominations.adk/com.nexon.dominations.DomNonXignCodeLauncher" image="dominations"/>

	<!-- Dominus -->
	<AppIcon name="com.dc1ab.Dominus/com.unity3d.player.UnityPlayerActivity" image="dominus"/>

	<!-- DontKillMyApp -->
	<AppIcon name="com.urbandroid.dontkillmyapp/com.urbandroid.dontkillmyapp.MainActivity" image="dontkillmyapp"/>

	<!-- Doodle8 -->
	<AppIcon name="com.github.kolacbb.doodle/com.github.kolacbb.doodle.pages.activity.HomeActivity" image="doodle8"/>

	<!-- dotetimer -->
	<AppIcon name="com.smartdongschool.dotetimer/com.smartdongschool.dotetimer.MainActivity" image="dotetimer"/>

	<!-- Draw With Friends -->
	<AppIcon name="com.fiddlerswork.drawwithfriends/com.unity3d.player.UnityPlayerActivity" image="draw_with_friends"/>

	<!-- DrawNote -->
	<AppIcon name="com.dragonnest.drawnote/com.dragonnest.app.EmptyLauncherActivity" image="drawnote"/>

	<!-- Dream Snap -->
	<AppIcon name="com.astrasurge.dreams/com.astrasurge.dreams.MainActivity" image="dream_snap"/>

	<!-- DreamApp -->
	<AppIcon name="com.dreamapp.app/io.dreamapp.MainActivity" image="dreamapp"/>

	<!-- Dreamfora -->
	<AppIcon name="com.dreamfora.dreamfora/com.dreamfora.dreamfora.SplashActivity" image="dreamfora"/>

	<!-- Dunkin' -->
	<AppIcon name="com.dunkinbrands.otgo/com.cardfree.android.dunkindonuts.activities.LauncherActivity" image="dunkin"/>

	<!-- eAccounts -->
	<AppIcon name="com.blackboard.transact.android.v2/com.blackboard.transact.android.v2.Launcher" image="eaccounts"/>

	<!-- Easy Homescreen -->
	<AppIcon name="easy.launcher/easy.launcher.AppStartActivity" image="easy_homescreen"/>

	<!-- Easy Keyboard -->
	<AppIcon name="easy.launcher/easy.launcher.ime.promo.ImePromoActivity" image="easy_keyboard"/>

	<!-- Easy Transcription -->
	<AppIcon name="com.digipom.easytranscription/com.digipom.easytranscription.MainActivity" image="easy_transcription"/>

	<!-- Ecliso: Diary -->
	<AppIcon name="com.andrushka.ecliso/com.andrushka.ecliso.MainActivity" image="ecliso_diary"/>

	<!-- Elona -->
	<AppIcon name="com.ltgames.elona/com.ltgames.android.javascript.PermissionActivity" image="elona"/>

	<!-- ELSA Speak -->
	<AppIcon name="us.nobarriers.elsa/us.nobarriers.elsa.screens.launcher.LauncherActivity" image="elsa_speak"/>

	<!-- Embrace -->
	<AppIcon name="com.theembraceapp/com.theembraceapp.MainActivity" image="embrace"/>

	<!-- EMDR -->
	<AppIcon name="com.garfmedya.EMDR/com.unity3d.player.UnityPlayerActivity" image="emdr"/>

	<!-- Emoji.gg -->
	<AppIcon name="org.chromium.webapk.a568f1950739edf08_v2/org.chromium.webapk.shell_apk.h2o.H2OOpaqueMainActivity" image="emojigg"/>

	<!-- Enki -->
	<AppIcon name="com.enki.insights/com.enki.insights.MainActivity" image="enki"/>

	<!-- Era of Conquest -->
	<AppIcon name="com.eoc.an.ssjjglobal/com.zero.activity.MainActivity" image="era_of_conquest"/>

	<!-- Everyday Tasks -->
	<AppIcon name="de.jepfa.personaltasklogger/de.jepfa.personaltasklogger.MainActivity" image="everyday_tasks"/>

	<!-- Evoke -->
	<AppIcon name="ai.photo.enhancer.ig.tiktok.editor.remini.pixelup.hd.free/ai.photo.enhancer.ig.tiktok.editor.remini.pixelup.hd.free.MainActivity" image="evoke"/>

	<!-- Exif Viewer -->
	<AppIcon name="com.srjuen.exifviewer/com.srjuen.exifviewer.MainActivity" image="exif_viewer"/>

	<!-- EXIF Viewer -->
	<AppIcon name="org.chromium.webapk.a90211fe0fcf836fc_v2/org.chromium.webapk.shell_apk.h2o.H2OOpaqueMainActivity" image="exif_viewer"/>

	<!-- Exported Icon Pack -->
	<AppIcon name="ginlemon.iconpackstudio.exported/ginlemon.iconpackstudio.exported.MainActivity" image="exported_icon_pack"/>

	<!-- Fabric -->
	<AppIcon name="so.fabric.mobile/so.fabric.mobile.MainActivity" image="fabric"/>

	<!-- Facemoji Keyboard -->
	<AppIcon name="com.simejikeyboard/com.baidu.simeji.settings.guide.SplashActivity" image="facemoji_keyboard"/>

	<!-- Facer -->
	<AppIcon name="com.jeremysteckling.facerrel/com.jeremysteckling.facerrel.Launcher" image="facer"/>

	<!-- Facetune -->
	<AppIcon name="com.lightricks.facetune.free/com.lightricks.facetune.splash.SplashActivity" image="facetune"/>

	<!-- Family Dollar -->
	<AppIcon name="com.familydollar/com.familydollar.consumer.MainActivity" image="family_dollar"/>

	<!-- Family Link -->
	<AppIcon name="com.google.android.apps.kids.familylink/com.google.android.apps.kids.familylink.flutter.standalone.HomeActivity" image="family_link"/>

	<!-- Farm RPG -->
	<AppIcon name="com.firestream.farmrpg/com.firestream.farmrpg.MainActivity" image="farm_rpg"/>

	<!-- Filmora -->
	<AppIcon name="com.wondershare.filmorago/com.filmorago.phone.ui.SplashActivity" image="filmora"/>

	<!-- FilterBox -->
	<AppIcon name="com.catchingnow.np/com.catchingnow.np.E$W" image="filterbox"/>

	<!-- Findr -->
	<AppIcon name="org.chromium.webapk.a85321a5ca672a992_v2/org.chromium.webapk.shell_apk.h2o.H2OOpaqueMainActivity" image="findr"/>

	<!-- Fine Lock -->
	<AppIcon name="yuh.yuh.finelock/yuh.yuh.finelock.T" image="fine_lock"/>

	<!-- Firefox Nightly -->
	<AppIcon name="org.mozilla.fenix/org.mozilla.fenix.App" image="firefox_nightly"/>

	<!-- Fitloop -->
	<AppIcon name="com.fitloop/com.fitloop.MainActivity" image="fitloop"/>

	<!-- FIVE GUYS -->
	<AppIcon name="com.fiveguys.olo.android/com.wearehathway.apps.stock.views.resolver.ScreenResolutionActivity" image="five_guys"/>

	<!-- Fixela -->
	<AppIcon name="com.chenchonin.image.enhancer/com.imageenhancermobile.MainActivity" image="fixela"/>

	<!-- Fleeting Notes -->
	<AppIcon name="com.fleetingnotes/com.fleetingnotes.MainActivity" image="fleeting_notes"/>

	<!-- Flipp -->
	<AppIcon name="com.wishabi.flipp/com.wishabi.flipp.ui.launcher.DefaultLauncherActivity" image="flipp"/>

	<!-- FloatingAI -->
	<AppIcon name="me.hufozhu.floatai/me.hufozhu.floatai.MainActivity" image="floatingai"/>

	<!-- Focus Launcher -->
	<AppIcon name="dev.mslalith.focuslauncher/dev.mslalith.focuslauncher.LauncherActivity" image="focus_launcher"/>

	<!-- Focus To-Do -->
	<AppIcon name="com.superelement.pomodoro/com.superelement.project.LauncherActivity" image="focus_to_do"/>

	<!-- Focusmeter -->
	<AppIcon name="co.zeitic.focusmeter/co.zeitic.focusmeter.MainActivity" image="focusmeter"/>

	<!-- Font Picker -->
	<AppIcon name="com.khoben.fontpicker/com.khoben.fontpicker.ui.screen.MainActivity" image="font_picker"/>

	<!-- Food -->
	<AppIcon name="com.foodient.whisk/com.foodient.whisk.entry.AppActivity" image="food"/>

	<!-- fooView -->
	<AppIcon name="com.fooview.android.fooview/com.fooview.android.fooview.MainActivity" image="fooview"/>

	<!-- Forest -->
	<AppIcon name="cc.forestapp/cc.forestapp.applications.SplashActivity" image="forest"/>

	<!-- Forest Golf Planner -->
	<AppIcon name="net.kairosoft.android.golf/main.Main" image="forest_golf_planner"/>

	<!-- Four -->
	<AppIcon name="com.paywithfour/com.paywithfour.MainActivity" image="four"/>

	<!-- FreeCBT -->
	<AppIcon name="org.erosson.freecbt/org.erosson.freecbt.MainActivity" image="freecbt"/>

	<!-- freeCodeCamp -->
	<AppIcon name="org.freecodecamp/com.ryanheise.audioservice.AudioServiceActivity" image="freecodecamp"/>

	<!-- Fuel Rewards -->
	<AppIcon name="com.excentus.frn.android/com.excentus.ccmd.ui.SplashActivity" image="fuel_rewards"/>

	<!-- Funimate -->
	<AppIcon name="com.avcrbt.funimate/com.avcrbt.funimate.feature.social.auth.StartActivity" image="funimate"/>

	<!-- FV File Explorer -->
	<AppIcon name="com.fooview.android.fooview.fvfile/com.fooview.android.fooview.FVFileActivity" image="fv_file_explorer"/>

	<!-- FV Theme Black Golden -->
	<AppIcon name="com.fooview.android.fooview.theme.blackgolden/com.fooview.android.fooview.theme.MainActivity" image="fv_theme_black_golden"/>

	<!-- FV Theme ES Classics -->
	<AppIcon name="com.fooview.android.fooview.theme.es/com.fooview.android.fooview.theme.MainActivity" image="fv_theme_es_classics"/>

	<!-- FV Theme Mysterious Blue -->
	<AppIcon name="com.fooview.android.fooview.theme.blue/com.fooview.android.fooview.theme.MainActivity" image="fv_theme_mysterious_blue"/>

	<!-- FV Theme Plasticine -->
	<AppIcon name="com.fooview.android.fooview.theme.plasticine/com.fooview.android.fooview.theme.MainActivity" image="fv_theme_plasticine"/>

	<!-- FV Video Player -->
	<AppIcon name="com.fooview.android.fooview.fvvideoplayer/com.fooview.android.fooview.FVVideoPlayerActivity" image="fv_video_player"/>

	<!-- Galaxy Enhance-X -->
	<AppIcon name="com.samsung.android.imageenhancer/com.samsung.android.imageenhancer.MainActivity" image="galaxy_enhance_x"/>

	<!-- GameMaster -->
	<AppIcon name="com.aisuccess.ai_game_master/com.aisuccess.ai_game_master.MainActivity" image="gamemaster"/>

	<!-- Gemini -->
	<AppIcon name="com.google.android.apps.bard/com.google.android.apps.bard.shellapp.BardEntryPointActivity" image="gemini"/>

	<!-- Gemini -->
	<AppIcon name="com.google.android.apps.googleassistant/com.google.android.apps.googleassistant.AssistantActivityV2" image="gemini"/>

	<!-- Gemini AI -->
	<AppIcon name="com.ekmen.gaiapp/com.ekmen.gaiapp.MainActivity" image="gemini_ai"/>

	<!-- Glamai -->
	<AppIcon name="com.mycelebs.glamai/com.mycelebs.glamai.ui.main.MainActivity" image="glamai"/>

	<!-- Glitch FX -->
	<AppIcon name="com.vfxeditor.android/com.quvideo.vivacut.app.splash.SplashActivity" image="glitch_fx"/>

	<!-- GnssLogger -->
	<AppIcon name="com.google.android.apps.location.gps.gnsslogger/com.google.android.apps.location.gps.gnsslogger.MainActivity" image="gnsslogger"/>

	<!-- GoatChat -->
	<AppIcon name="plus.adaptive.goatchat/plus.adaptive.goatchat.ui.splash.SplashActivity" image="goatchat"/>

	<!-- Goblin Tools -->
	<AppIcon name="com.goblintools/com.goblintools.MainActivity" image="goblin_tools"/>

	<!-- Google Cloud -->
	<AppIcon name="com.google.android.apps.cloudconsole/com.google.android.apps.cloudconsole.common.MainContainerActivity" image="google_cloud"/>

	<!-- Google Developers -->
	<AppIcon name="org.chromium.webapk.a340b2f86a8da626d_v2/org.chromium.webapk.shell_apk.h2o.H2OOpaqueMainActivity" image="google_developers"/>

	<!-- Gopuff -->
	<AppIcon name="com.main.gopuff/com.main.gopuff.presentation.login.OnboardingActivity" image="gopuff"/>

	<!-- GPT App -->
	<AppIcon name="space.ai3.writer/space.ai3.aiwriter.app.pages.splash.SplashActivity" image="gpt_app"/>

	<!-- Grit -->
	<AppIcon name="com.woozcorp.grit/com.woozcorp.grit.MainActivity" image="grit"/>

	<!-- Groovifi -->
	<AppIcon name="com.parshendata.groovifi/com.parshendata.groovifi.MainActivity" image="groovifi"/>

	<!-- Habit Ally -->
	<AppIcon name="com.habitally.app/com.habitally.app.MainActivity" image="habit_ally"/>

	<!-- HabitBull -->
	<AppIcon name="com.oristats.habitbull/com.oristats.habitbull.activities.LoginActivity" image="habitbull"/>

	<!-- Habitomic -->
	<AppIcon name="com.habitomic.android/com.android.habitomic.MainActivity" image="habitomic"/>

	<!-- Habits Garden -->
	<AppIcon name="com.habitsgarden2.app/com.habitsgarden2.app.MainActivity" image="habits_garden"/>

	<!-- Happy Couple -->
	<AppIcon name="com.hip.happycouple/com.hip.happycouple.MainActivity" image="happy_couple"/>

	<!-- Harvest Town -->
	<AppIcon name="com.harvest.android.gr/org.cocos2dx.lua.AppActivity" image="harvest_town"/>

	<!-- Health -->
	<AppIcon name="com.sec.android.app.shealth/com.samsung.android.app.shealth.home.HomeMainActivity" image="health"/>

	<!-- Health Studies -->
	<AppIcon name="com.google.android.apps.health.research.studies/com.google.android.apps.cerebra.dunlin.app.StartActivity" image="health_studies"/>

	<!-- Healthy Minds -->
	<AppIcon name="com.healthyminds/com.healthyminds.MainActivity" image="healthy_minds"/>

	<!-- Hello History -->
	<AppIcon name="com.hello.history/com.hello.history.MainActivity" image="hello_history"/>

	<!-- HeroFit -->
	<AppIcon name="com.theherofit.app/com.theherofit.app.MainActivity" image="herofit"/>

	<!-- HeyLife -->
	<AppIcon name="com.heylife.mobile.prod/com.heylife.mobilepoc.heylife_poc.MainActivity" image="heylife"/>

	<!-- HiNative -->
	<AppIcon name="com.lang8.hinative/com.lang8.hinative.ui.MainActivity" image="hinative"/>

	<!-- HiPaint -->
	<AppIcon name="com.aige.hipaint/com.aige.hipaint.inkpaint.activity.WelcomeActivity" image="hipaint"/>

	<!-- Home options -->
	<AppIcon name="com.ss.squarehome2/com.ss.squarehome2.MyPreferencesActivity" image="home_options"/>

	<!-- Honey Dew Donuts -->
	<AppIcon name="com.honeydewdonuts.app/com.cardfree.android.whitelabel.activities.SplashActivity" image="honey_dew_donuts"/>

	<!-- Hook.Notifier -->
	<AppIcon name="com.illuday.HN/com.illuday.HN.MainActivity" image="hooknotifier"/>

	<!-- HotPads -->
	<AppIcon name="com.hotpads.mobile/com.hotpads.mobile.activity.SplashActivity" image="hotpads"/>

	<!-- HTTP Shortcuts -->
	<AppIcon name="ch.rmy.android.http_shortcuts/ch.rmy.android.http_shortcuts.activities.main.MainActivity" image="http_shortcuts"/>

	<!-- Hue -->
	<AppIcon name="com.philips.lighting.hue2/com.philips.lighting.hue2.ContentActivity" image="hue"/>

	<!-- HuggingChat -->
	<AppIcon name="org.chromium.webapk.a76ad22923235d2f2_v2/org.chromium.webapk.shell_apk.h2o.H2OOpaqueMainActivity" image="huggingchat"/>

	<!-- Human Design Offline -->
	<AppIcon name="de.HDSS.HumanDesignOffline/de.HDSS.HumanDesignOffline.OptionScreen" image="human_design_offline"/>

	<!-- Humdes -->
	<AppIcon name="com.humdesapp/com.humdesapp.MainActivity" image="humdes"/>

	<!-- Hydra Bot -->
	<AppIcon name="org.chromium.webapk.af0631f30c348defa_v2/org.chromium.webapk.shell_apk.h2o.H2OOpaqueMainActivity" image="hydra_bot"/>

	<!-- Iconify -->
	<AppIcon name="com.drdisagree.iconify/com.drdisagree.iconify.SplashActivity" image="iconify"/>

	<!-- Ideaflow -->
	<AppIcon name="org.chromium.webapk.a00ab2c52718a935f_v2/org.chromium.webapk.shell_apk.h2o.H2OOpaqueMainActivity" image="ideaflow"/>

	<!-- IFTTT -->
	<AppIcon name="com.ifttt.ifttt/com.ifttt.ifttt.home.ProPlusHomeActivity" image="ifttt"/>

	<!-- Image Toolbox (Resizer) -->
	<AppIcon name="ru.tech.imageresizershrinker/ru.tech.imageresizershrinker.presentation.MainActivity" image="image_toolbox_resizer_"/>

	<!-- imageX -->
	<AppIcon name="com.ai.imagex/com.imagex.imagex.ui.LauncherActivity" image="imagex"/>

	<!-- imagine -->
	<AppIcon name="com.ai.imagineApp/com.ai.imagineApp.activity.MainActivity" image="imagine"/>

	<!-- IMI Prompt -->
	<AppIcon name="com.dodoindex.imiprompt/com.dodoindex.imiprompt.MainActivity" image="imi_prompt"/>

	<!-- Imprint -->
	<AppIcon name="com.polywise.lucid/com.polywise.lucid.ui.screens.onboarding.OnboardingActivity" image="imprint"/>

	<!-- indistractable -->
	<AppIcon name="com.indistractablelauncher.android/com.indistractablelauncher.android.MainActivity" image="indistractable"/>

	<!-- Infinite Painter -->
	<AppIcon name="com.brakefield.painter/com.brakefield.painter.activities.ActivityStartup" image="infinite_painter"/>

	<!-- Insight Journal -->
	<AppIcon name="journal.ai.com/journal.ai.com.MainActivity" image="insight_journal"/>

	<!-- IPS Exporter -->
	<AppIcon name="ginlemon.iconpackstudio.exporter/ginlemon.iconpackstudio.exporter.MainActivity" image="ips_exporter"/>

	<!-- italki -->
	<AppIcon name="com.italki.app/com.italki.app.SplashActivity" image="italki"/>

	<!-- iVoca -->
	<AppIcon name="io.ivoca.ivocaapp/io.ivoca.ivocaapp.MainActivity" image="ivoca"/>

	<!-- Jarvis -->
	<AppIcon name="com.ffp.jarvis_chat_gpt/com.example.ait_chat_gpt.MainActivity" image="jarvis"/>

	<!-- Jersey Mike's -->
	<AppIcon name="com.seattleapplab.jerseymikes/com.jerseymikes.welcome.WelcomeActivity" image="jersey_mikes"/>

	<!-- Join -->
	<AppIcon name="com.joaomgcd.join/com.joaomgcd.join.activity.ActivityMain" image="join"/>

	<!-- Kabbalah -->
	<AppIcon name="com.joseenrique.kabbalah/com.joseenrique.kabbalah.otros.Splash" image="kabbalah"/>

	<!-- Kai -->
	<AppIcon name="ai.kai.app/ai.kai.app.MainActivity" image="kai"/>

	<!-- kajiwoto -->
	<AppIcon name="com.cho.kajiwoto/com.cho.kajiwoto.MainActivity" image="kajiwoto"/>

	<!-- Kakele -->
	<AppIcon name="mmorpg.main/mmorpg.main.PlayStoreLauncher" image="kakele"/>

	<!-- Kamoto.AI -->
	<AppIcon name="ai.kamoto.app/ai.kamoto.app.MainActivity" image="kamotoai"/>

	<!-- Kids360 for parents -->
	<AppIcon name="app.kids360.parent/app.kids360.parent.MainActivity" image="kids360_for_parents"/>

	<!-- Kidslox -->
	<AppIcon name="com.kidslox.app/com.kidslox.app.activities.SplashActivity" image="kidslox"/>

	<!-- Kindroid -->
	<AppIcon name="com.kindroid.app/com.kindroid.app.MainActivity" image="kindroid"/>

	<!-- King's Empire -->
	<AppIcon name="com.tap4fun.kings_empire/com.tap4fun.spartanwar.CustomGameActivity" image="kings_empire"/>

	<!-- Kingdom Maker -->
	<AppIcon name="com.gww.km/com.scopely.unity.ScopelyUnityActivity" image="kingdom_maker"/>

	<!-- KLWP -->
	<AppIcon name="org.kustom.wallpaper/org.kustom.app.OnBoardingActivity" image="klwp"/>

	<!-- KoboCollect -->
	<AppIcon name="org.koboc.collect.android/org.odk.collect.android.mainmenu.MainMenuActivity" image="kobocollect"/>

	<!-- Koda for Kustom -->
	<AppIcon name="kodaforkustom.droidbeauty.pack/kodaforkustom.droidbeauty.pack.MainActivity" image="koda_for_kustom"/>

	<!-- Krazy Coupon Lady -->
	<AppIcon name="com.thekrazycouponlady.kcl/com.thekrazycouponlady.kcl.SplashActivity" image="krazy_coupon_lady"/>

	<!-- kuizu -->
	<AppIcon name="kuizu.kuizu/kuizu.kuizu.MainActivity" image="kuizu"/>

	<!-- KWCH -->
	<AppIcon name="org.kustom.watchface/org.kustom.app.OnBoardingActivity" image="kwch"/>

	<!-- Launcher Ops -->
	<AppIcon name="com.flea.gsd.flea/com.flea.gsd.activities.MainActivity" image="launcher_ops"/>

	<!-- Lifesum for Samsung -->
	<AppIcon name="com.lifesum.madeforsamsung/com.lifesum.android.main.MainActivity" image="lifesum_for_samsung"/>

	<!-- LifeTracker -->
	<AppIcon name="com.elialotti.lifetracker/com.elialotti.lifetracker.MainActivity" image="lifetracker"/>

	<!-- Lime -->
	<AppIcon name="app.pinya.lime/app.pinya.lime.ui.view.activity.MainActivity" image="lime"/>

	<!-- Ling -->
	<AppIcon name="com.simyasolutions.ling.sq/com.simyasolutions.ling.SplashActivity" image="ling"/>

	<!-- Lingo -->
	<AppIcon name="com.lingo.play.albanian/ru.ipartner.lingo.splash.SplashScreenActivity" image="lingo"/>

	<!-- LingoClip -->
	<AppIcon name="com.elasthink.lyricstraining/com.elasthink.lyricstraining.MainActivity" image="lingoclip"/>

	<!-- Link to Windows -->
	<AppIcon name="com.samsung.android.mdx/com.samsung.android.mdx.windowslink.tileservice.LinkToWidowsLauncherActivityDummy" image="link_to_windows"/>

	<!-- ListenUp Spanish -->
	<AppIcon name="com.listenup.spanish.listening.practice/com.listenup.MainActivity" image="listenup_spanish"/>

	<!-- Little Caesars -->
	<AppIcon name="com.littlecaesars/com.littlecaesars.startup.StartUpActivity" image="little_caesars"/>

	<!-- Loom -->
	<AppIcon name="com.loom.android/com.loom.app.ui.MainActivity" image="loom"/>

	<!-- LuzIA -->
	<AppIcon name="app.luzia.chat/app.luzia.chat.MainActivity" image="luzia"/>

	<!-- MacroFactor -->
	<AppIcon name="com.sbs.diet/com.sbs.diet.MainActivity" image="macrofactor"/>

	<!-- MagicalDraw -->
	<AppIcon name="air.kukulive.magicaldraw/air.kukulive.magicaldraw.MainActivity" image="magicaldraw"/>

	<!-- Markdown Editor -->
	<AppIcon name="com.adeeteya.markdown_editor/com.adeeteya.markdown_editor.MainActivity" image="markdown_editor"/>

	<!-- Markor -->
	<AppIcon name="net.gsantner.markor/net.gsantner.markor.activity.MainActivity" image="markor"/>

	<!-- MaterialOS -->
	<AppIcon name="org.materialos.icons/com.afollestad.polar.ui.SplashScreen" image="materialos"/>

	<!-- MBE Style -->
	<AppIcon name="me.iacn.mbestyle/me.iacn.mbestyle.ui.activity.MainActivity" image="mbe_style"/>

	<!-- MeisterTask -->
	<AppIcon name="com.meisterlabs.meistertask.native/com.meisterlabs.meistertask.features.dashboard.ui.DashboardActivity" image="meistertask"/>

	<!-- Memento Database -->
	<AppIcon name="com.luckydroid.droidbase/com.luckydroid.droidbase.DroidBaseActivity2" image="memento_database"/>

	<!-- Memorize By Heart -->
	<AppIcon name="com.memorize_by_heart/com.memorize_by_heart.MainActivity" image="memorize_by_heart"/>

	<!-- Mentor.AI -->
	<AppIcon name="app.mentor.ai/app.mentor.ai.MainActivity" image="mentorai"/>

	<!-- Messa Watch Companion -->
	<AppIcon name="com.messa.ls29/com.messa.ls29.MainMobileActivity" image="messa_watch_companion"/>

	<!-- Meteored Pro -->
	<AppIcon name="aplicacionpago.tiempo/aplicacion.InicialActivity" image="meteored_pro"/>

	<!-- Mi & Ju -->
	<AppIcon name="app.miandju.couples/app.miandju.couples.MainActivity" image="mi_and_ju"/>

	<!-- Micro Habits -->
	<AppIcon name="com.infielight.microhabits/com.infielight.microhabits.MainActivity" image="micro_habits"/>

	<!-- Microsoft Designer -->
	<AppIcon name="com.microsoft.designer/com.microsoft.designer.app.home.view.launch.DesignerLoginActivity" image="microsoft_designer"/>

	<!-- Microsoft SwiftKey Beta Keyboard -->
	<AppIcon name="com.touchtype.swiftkey.beta/com.touchtype.LauncherActivityIcon" image="microsoft_swiftkey_beta_keyboard"/>

	<!-- Mimo -->
	<AppIcon name="com.getmimo/com.getmimo.ui.SplashActivity_default" image="mimo"/>

	<!-- Mind Notes -->
	<AppIcon name="mindnotes.note.notepad.notebook.memo.stickynotes/notes.notebook.android.mynotes.ui.activities.SplashActivity" image="mind_notes"/>

	<!-- mindlib -->
	<AppIcon name="de.mindlib/de.mindlib.MainActivity" image="mindlib"/>

	<!-- Minimal Wallpaper -->
	<AppIcon name="com.minimal.minimalistwallpapers.wallpapers.hd.backgrounds/com.app.FirstActivity" image="minimal_wallpaper"/>

	<!-- Mintpay -->
	<AppIcon name="lk.mintpay.app/lk.mintpay.app.MainActivity" image="mintpay"/>

	<!-- Mirror -->
	<AppIcon name="com.polar.mirror/com.polar.mirror.MainActivity" image="mirror"/>

	<!-- Momento -->
	<AppIcon name="com.momentonft.momento/com.momentonft.momento.MainActivity" image="momento"/>

	<!-- monAI - Art Generator -->
	<AppIcon name="com.tesseractmobile.aiart/com.tesseractmobile.aiart.MainActivity" image="monai_art_generator"/>

	<!-- Monica -->
	<AppIcon name="im.monica.app.monica/im.monica.app.monica.MainActivity" image="monica"/>

	<!-- Mood Insights -->
	<AppIcon name="com.djooryabi.moodinsights/com.djooryabi.moodinsights.MainActivity" image="mood_insights"/>

	<!-- Mood Patterns -->
	<AppIcon name="info.moodpatterns.moodpatterns/info.moodpatterns.moodpatterns.start.MainActivity" image="mood_patterns"/>

	<!-- Moodee -->
	<AppIcon name="com.bluesignum.little_lighthouse/com.bluesignum.little_lighthouse.MainActivity" image="moodee"/>

	<!-- Moodistory -->
	<AppIcon name="com.matoph.moodistory/com.matoph.moodistory.ui.splash.SplashActivityTwo" image="moodistory"/>

	<!-- Moon+ Reader Pro -->
	<AppIcon name="com.flyersoft.moonreaderp/com.flyersoft.moonreaderp.ActivityMain" image="moon_reader_pro"/>

	<!-- Morrow -->
	<AppIcon name="org.chromium.webapk.a0197381562ca745e_v2/org.chromium.webapk.shell_apk.h2o.H2OOpaqueMainActivity" image="morrow"/>

	<!-- Motionleap -->
	<AppIcon name="com.lightricks.pixaloop/com.lightricks.pixaloop.SplashActivity" image="motionleap"/>

	<!-- Motivated -->
	<AppIcon name="com.motivated.app/com.motivated.app.MainActivity" image="motivated"/>

	<!-- MP3 Cutter & Ringtone Maker -->
	<AppIcon name="ringtone.maker.mp3.cutter.audio/com.inshot.videotomp3.SplashActivity" image="mp3_cutter_and_ringtone_maker"/>

	<!-- MP3 Video Converter -->
	<AppIcon name="com.springwalk.mediaconverter/com.springwalk.mediaconverter.MainActivity" image="mp3_video_converter"/>

	<!-- MSDefender -->
	<AppIcon name="com.microsoft.scmx/com.microsoft.defender.ux.activity.MDMainActivity" image="msdefender"/>

	<!-- MT Styles for Kustom KLWP -->
	<AppIcon name="mtstylesforklwp.kustom.pack/mtstylesforklwp.kustom.pack.MainActivity" image="mt_styles_for_kustom_klwp"/>

	<!-- MultiTimer -->
	<AppIcon name="com.persapps.multitimer/com.persapps.multitimer.use.ui.scene.main.MainActivity" image="multitimer"/>

	<!-- MuscleBooster -->
	<AppIcon name="musclebooster.workout.home.gym.abs.loseweight/com.musclebooster.ui.splash.SplashActivity" image="musclebooster"/>

	<!-- Muviz Edge -->
	<AppIcon name="com.sparkine.muvizedge/com.sparkine.muvizedge.activity.HomeActivity" image="muviz_edge"/>

	<!-- Muviz Watch Faces -->
	<AppIcon name="com.sparkine.watchfaces/com.sparkine.watchfaces.activity.OnboardActivity" image="muviz_watch_faces"/>

	<!-- My Drawer -->
	<AppIcon name="com.ofirmiron.appdrawer/com.ofirmiron.appdrawer.activities.MainActivity.Black" image="my_drawer"/>

	<!-- My Fios -->
	<AppIcon name="com.verizon.myfios/com.verizon.myfios.MainActivity" image="my_fios"/>

	<!-- My Memo -->
	<AppIcon name="com.yeeseong.memo/com.yeeseong.memo.SplashA" image="my_memo"/>

	<!-- MyCore -->
	<AppIcon name="com.mycore.mycore/io.flutter.embedding.android.FlutterActivity" image="mycore"/>

	<!-- MyIRVING -->
	<AppIcon name="com.irvingoil.myirving/com.p97.irvingoil.MainActivity" image="myirving"/>

	<!-- mymind -->
	<AppIcon name="com.mymind.access/com.mymind.access.activities.SplashActivity" image="mymind"/>

	<!-- MyMuseum -->
	<AppIcon name="jp.oridio.museum/jp.oridio.museum.AdsActivity" image="mymuseum"/>

	<!-- myReach -->
	<AppIcon name="ch.rea.app/ch.rea.app.MainActivity" image="myreach"/>

	<!-- NaturalReader -->
	<AppIcon name="com.naturalsoft.personalweb/com.naturalsoft.personalweb.MainActivity" image="naturalreader"/>

	<!-- neurolist -->
	<AppIcon name="neurolist.app.neurolist/neurolist.app.neurolist.MainActivity" image="neurolist"/>

	<!-- Neury -->
	<AppIcon name="com.neurocog/com.neurocog.SplashActivity" image="neury"/>

	<!-- News -->
	<AppIcon name="com.google.android.apps.magazines/com.google.apps.dots.android.app.activity.CurrentsStartActivity" image="news"/>

	<!-- NewsBreak -->
	<AppIcon name="com.particlenews.newsbreak/com.particlemedia.ui.guide.UserGuideActivity" image="newsbreak"/>

	<!-- Nexa -->
	<AppIcon name="com.jndapp.square.nexa.iconpack/com.jndapp.square.nexa.iconpack.MainActivity" image="nexa"/>

	<!-- NightCafe -->
	<AppIcon name="org.chromium.webapk.a21fedfc512d01c8a_v2/org.chromium.webapk.shell_apk.h2o.H2OOpaqueMainActivity" image="nightcafe"/>

	<!-- niji・journey -->
	<AppIcon name="com.spellbrush.nijijourney/com.spellbrush.nijijourney.MainActivity" image="niji・journey"/>

	<!-- Nomi.ai -->
	<AppIcon name="ai.nomi.twa/ai.nomi.twa.MainActivity" image="nomiai"/>

	<!-- NOOZ.AI -->
	<AppIcon name="com.heimdall.ntnooz/com.heimdall.ntnooz.MainActivity" image="noozai"/>

	<!-- Notehot.ai -->
	<AppIcon name="com.notehotai.notehotai/com.notehotai.notehotai.ui.main.LauncherActivity" image="notehotai"/>

	<!-- Notein -->
	<AppIcon name="notes.notepad.checklist.calendar.todolist.notebook/notes.notepad.checklist.calendar.todolist.notebook.page.WelcomeActivity" image="notein"/>

	<!-- Noti Sender -->
	<AppIcon name="com.noti.main/com.noti.main.updater.UpdaterActivity" image="noti_sender"/>

	<!-- Notion -->
	<AppIcon name="notion.id/notion.local.id.MainActivity" image="notion"/>

	<!-- NotiStar -->
	<AppIcon name="com.samsung.systemui.notilus/com.samsung.systemui.notilus.NotiCenterPage" image="notistar"/>

	<!-- Nova -->
	<AppIcon name="com.scaleup.chatai/com.scaleup.chatai.SplashActivity" image="nova"/>

	<!-- Oasis Launcher -->
	<AppIcon name="com.crimson.oasislauncher/com.crimson.oasislauncher.MainActivity" image="oasis_launcher"/>

	<!-- Obedience -->
	<AppIcon name="com.obedience/com.obedience.DefaultAlias" image="obedience"/>

	<!-- obimy -->
	<AppIcon name="com.empat.wory/com.empat.wory.MainActivity" image="obimy"/>

	<!-- Observa -->
	<AppIcon name="com.observa.observa/com.observa.observa.MainActivity" image="observa"/>

	<!-- Olauncher -->
	<AppIcon name="app.olauncher/app.olauncher.MainActivity" image="olauncher"/>

	<!-- One4KLWP Ultimate -->
	<AppIcon name="cs14.pixelperfect.kwgtwidget.one4klwpultimate/cs14.pixelperfect.kwgtwidget.one4klwpultimate.MainActivity" image="one4klwp_ultimate"/>

	<!-- OneMeasure Perks -->
	<AppIcon name="com.gws.omp/com.gws.omp.view.ui.LandingActivity" image="onemeasure_perks"/>

	<!-- Open Stable Diffusion -->
	<AppIcon name="com.openstablediffusion/com.openstablediffusion.MainActivity" image="open_stable_diffusion"/>

	<!-- OpenChat -->
	<AppIcon name="open.chat.gpt.aichat.bot.free.app/open.chat.gpt.aichat.bot.free.app.splash.SplashActivity" image="openchat"/>

	<!-- Otter -->
	<AppIcon name="com.aisense.otter/com.aisense.otter.ui.activity.SplashActivity" image="otter"/>

	<!-- Overmorrow -->
	<AppIcon name="com.marotidev.Overmorrow/com.example.hihi_haha.MainActivity" image="overmorrow"/>

	<!-- Papa Gino's -->
	<AppIcon name="com.papaginos.android.app/com.lunchbox.android.ui.splash.SplashActivity" image="papa_ginos"/>

	<!-- Papa Johns -->
	<AppIcon name="com.papajohns.android/com.papajohns.android.welcome.WelcomeActivity" image="papa_johns"/>

	<!-- Parazute -->
	<AppIcon name="com.parazute.app/com.parazute.app.MainActivity" image="parazute"/>

	<!-- Parental Control -->
	<AppIcon name="com.sand.airdroidkidp/com.sand.airdroidkidp.ui.activity.ParentSplashActivity" image="parental_control"/>

	<!-- Photo Analyzer -->
	<AppIcon name="com.connections.mobile_development.photo_analyzer/com.connections.mobile_development.photo_analyzer.MainActivity" image="photo_analyzer"/>

	<!-- Photo Editor Pro - Polish -->
	<AppIcon name="photo.editor.photoeditor.photoeditorpro/com.camerasideas.collagemaker.activity.DummyActivity" image="photo_editor_pro_polish"/>

	<!-- Photo Enlarger -->
	<AppIcon name="com.smart.photo.enlarge.upscale.enhancer/com.eagle.enlarger.activities.MainActivity2" image="photo_enlarger"/>

	<!-- PhotoAI -->
	<AppIcon name="com.app.phoAI/com.app.phoAI.MainActivity" image="photoai"/>

	<!-- PhotoApp -->
	<AppIcon name="com.scaleup.photofx/com.scaleup.photofx.SplashActivity" image="photoapp"/>

	<!-- Photoleap -->
	<AppIcon name="com.lightricks.photoleap/com.lightricks.photoleap.MainActivity" image="photoleap"/>

	<!-- Pi -->
	<AppIcon name="ai.inflection.pi/ai.inflection.pi.MainActivity" image="pi"/>

	<!-- PICNIC -->
	<AppIcon name="com.estsoft.picnic/com.estsoft.picnic.ui.front.FrontActivity" image="picnic"/>

	<!-- Picsart -->
	<AppIcon name="com.picsart.studio/com.socialin.android.photo.picsinphoto.MainPagerActivity" image="picsart"/>

	<!-- Ping -->
	<AppIcon name="tm.ping/io.ionic.starter.MainActivity" image="ping"/>

	<!-- Pirate Ships -->
	<AppIcon name="com.herocraft.game.piratearena/com.lexan.unitysplashscreen.GameActivity" image="pirate_ships"/>

	<!-- PixAI.Art -->
	<AppIcon name="art.pixai.pixai/art.pixai.pixai.ui.splash.SplashActivity" image="pixaiart"/>

	<!-- Pixel Icon Packs -->
	<AppIcon name="com.pixelpack.appicon.iconpacks/com.example.iconpacks.view.activity.FlashActivity" image="pixel_icon_packs"/>

	<!-- Pixel Search -->
	<AppIcon name="rk.android.app.pixelsearch/rk.android.app.pixelsearch.activities.HomeActivity" image="pixel_search"/>

	<!-- Pixelcut -->
	<AppIcon name="com.circular.pixels/com.circular.pixels.MainActivity" image="pixelcut"/>

	<!-- Pixelup -->
	<AppIcon name="com.codeway.pixelup/com.codeway.pixelup.MainActivity" image="pixelup"/>

	<!-- Planndu -->
	<AppIcon name="com.leadstepp.alldone/com.leadstepp.alldone.MainActivity" image="planndu"/>

	<!-- Plato -->
	<AppIcon name="com.plato.android/com.playchat.ui.activity.SplashActivity" image="plato"/>

	<!-- Poet Assistant -->
	<AppIcon name="ca.rmen.android.poetassistant/ca.rmen.android.poetassistant.main.MainActivity" image="poet_assistant"/>

	<!-- Pogo -->
	<AppIcon name="com.pogotech.pogocash/com.pogotech.pogocash.MainActivity" image="pogo"/>

	<!-- Poly.AI -->
	<AppIcon name="ai.socialapps.speakmaster/com.snapquiz.app.InitActivity" image="polyai"/>

	<!-- Polygloss -->
	<AppIcon name="app.polygloss.polygloss_app/app.polygloss.polygloss_app.MainActivity" image="polygloss"/>

	<!-- Popeyes -->
	<AppIcon name="com.emn8.mobilem8.nativeapp.popeyes/com.emn8.mobilem8.nativeapp.popeyes.MainActivity" image="popeyes"/>

	<!-- popup​Control -->
	<AppIcon name="com.jamworks.disablenotificationpopups/com.jamworks.disablenotificationpopups.SettingsHome" image="popup​control"/>

	<!-- Postknight -->
	<AppIcon name="com.kurechii.postknight/com.unity3d.player.UnityPlayerActivity" image="postknight"/>

	<!-- Postknight 2 -->
	<AppIcon name="com.kurechii.postknight2/com.unity3d.player.UnityPlayerActivity" image="postknight_2"/>

	<!-- Prism Style for KLWP -->
	<AppIcon name="prismstyleforklwp.kustom.pack/prismstyleforklwp.kustom.pack.MainActivity" image="prism_style_for_klwp"/>

	<!-- Pro Launcher -->
	<AppIcon name="app.prolauncher/app.prolauncher.MainActivity" image="pro_launcher"/>

	<!-- Proddy -->
	<AppIcon name="co.thomasmenzel.proddy/co.thomasmenzel.proddy.MainActivity" image="proddy"/>

	<!-- Product Hunt -->
	<AppIcon name="com.producthuntmobile/com.producthuntmobile.ui.MainActivity" image="product_hunt"/>

	<!-- Prosper -->
	<AppIcon name="com.prosper.routines.todo.productive.fabulous.habits.selfcare/com.prosper.routines.todo.productive.fabulous.habits.selfcare.MainActivity" image="prosper"/>

	<!-- push note -->
	<AppIcon name="com.penguenlabs.pushnote/com.penguenlabs.pushnote.features.MainActivity" image="push_note"/>

	<!-- Pushbullet -->
	<AppIcon name="com.pushbullet.android/com.pushbullet.android.ui.LaunchActivity" image="pushbullet"/>

	<!-- Pushover -->
	<AppIcon name="net.superblock.pushover/net.superblock.pushover.ui.MessageHistoryActivity" image="pushover"/>

	<!-- Python X -->
	<AppIcon name="python.learnpython.learn.pythonx.coding.programming.python3.tutorials.codingx/com.projectx.python_x.MainActivity" image="python_x"/>

	<!-- Pzizz -->
	<AppIcon name="com.pzizz.android/com.pzizz.android.activity.SplashActivity" image="pzizz"/>

	<!-- Question.AI -->
	<AppIcon name="com.qianfan.aihomework/com.qianfan.aihomework.ui.MainActivity" image="questionai"/>

	<!-- QuickEdit+ -->
	<AppIcon name="com.rhmsoft.edit.pro/com.rhmsoft.edit.activity.MainActivity" image="quickedit_"/>

	<!-- Raindrop -->
	<AppIcon name="io.raindrop.raindropio/io.raindrop.raindropio.MainActivity" image="raindrop"/>

	<!-- Raising Cane's -->
	<AppIcon name="com.raisingcanes.ordering/com.raisingcanes.ordering.MainActivity" image="raising_canes"/>

	<!-- Recap -->
	<AppIcon name="ai.transcription.recorder.voice.summarize/ai.transcription.recorder.voice.summarize.global.LaunchActivity" image="recap"/>

	<!-- RECREATIVE 30 -->
	<AppIcon name="com.recreative.recreative30/com.recreative.recreative30.MainActivity" image="recreative_30"/>

	<!-- Reflectr -->
	<AppIcon name="net.dailylabs.daily_app/com.example.daily_app.MainActivity" image="reflectr"/>

	<!-- Rejoy -->
	<AppIcon name="app.rejoy/app.rejoy.MainActivity" image="rejoy"/>

	<!-- Remember The Milk -->
	<AppIcon name="com.rememberthemilk.MobileRTM/com.rememberthemilk.MobileRTM.Activities.RTMLauncher" image="remember_the_milk"/>

	<!-- Remini -->
	<AppIcon name="com.bigwinepot.nwdn.international/com.bendingspoons.remini.MainActivity" image="remini"/>

	<!-- Resplash -->
	<AppIcon name="com.b_lam.resplash/com.b_lam.resplash.ui.main.MainActivity" image="resplash"/>

	<!-- Reverso Rephraser & Synonyms -->
	<AppIcon name="com.softissimo.reverso.synonyms/com.softissimo.reverso.synonyms.activities.SplashActivity" image="reverso_rephraser_and_synonyms"/>

	<!-- Ringtone Maker -->
	<AppIcon name="ringtonemaker.musiccutter.customringtones.freeringtonemaker/app.better.ringtone.activity.SplashActivity" image="ringtone_maker"/>

	<!-- Roop -->
	<AppIcon name="com.app.roopai/com.app.roopai.MainActivity" image="roop"/>

	<!-- RoutineFlow -->
	<AppIcon name="app.routineflow.routineflow/app.routineflow.routineflow.MainActivity" image="routineflow"/>

	<!-- Routinery -->
	<AppIcon name="com.alt.goodmorning/com.alt.goodmorning.MainActivity" image="routinery"/>

	<!-- Sage AI -->
	<AppIcon name="io.mondayhero.sageai/com.example.mondayhero_flutter_template_app.MainActivity" image="sage_ai"/>

	<!-- Samsung Health Monitor -->
	<AppIcon name="com.samsung.android.shealthmonitor/com.samsung.android.shealthmonitor.ui.activity.MainActivity" image="samsung_health_monitor"/>

	<!-- SaveMyNoti -->
	<AppIcon name="com.rishabhk.notificationhistorylog.savemynoti/com.rishabhk.notificationhistorylog.savemynoti.MainActivity" image="savemynoti"/>

	<!-- Scenario -->
	<AppIcon name="com.scenario.apps.mockingjay/com.scenario.apps.mockingjay.LegacySplashScreenActivity" image="scenario"/>

	<!-- Scrambled Exif -->
	<AppIcon name="com.jarsilio.android.scrambledeggsif/com.jarsilio.android.scrambledeggsif.MainActivity" image="scrambled_exif"/>

	<!-- Screen Recorder Unlimited -->
	<AppIcon name="screen.recorder.ul/com.recorder.core.MainActivity" image="screen_recorder_unlimited"/>

	<!-- Screenshot Assistant -->
	<AppIcon name="com.ss.assistant.screenshot_assistant/com.ss.assistant.screenshot_assistant.MainActivity" image="screenshot_assistant"/>

	<!-- Scribot -->
	<AppIcon name="com.scribot.app/com.scribot.app.MainActivity" image="scribot"/>

	<!-- SeaArt -->
	<AppIcon name="ai.seaart.app.global/ai.seaart.app.global.MainActivity" image="seaart"/>

	<!-- Secret Cat Forest -->
	<AppIcon name="air.net.ideasam.games.cat/air.net.ideasam.games.cat.AIRAppEntry" image="secret_cat_forest"/>

	<!-- Secrétaire AI -->
	<AppIcon name="com.jimdou.secretaire/com.jimdou.secretaire.MainActivity" image="secretaire_ai"/>

	<!-- Seekai.tools -->
	<AppIcon name="org.chromium.webapk.a0298a7b712c2595f_v2/org.chromium.webapk.shell_apk.h2o.H2OOpaqueMainActivity" image="seekaitools"/>

	<!-- Seren -->
	<AppIcon name="com.goseren.seren/com.goseren.seren.MainActivity" image="seren"/>

	<!-- Seven Stars -->
	<AppIcon name="com.como.prod842220190923/com.como.prod842220190923.MainActivity" image="seven_stars"/>

	<!-- SHAPES -->
	<AppIcon name="shapes.icon.pack.ddt/shapes.icon.pack.ddt.MainActivity" image="shapes"/>

	<!-- Shaw's -->
	<AppIcon name="com.safeway.client.android.shaws/com.safeway.mcommerce.android.SplashScreen" image="shaws"/>

	<!-- Shell -->
	<AppIcon name="com.shell.sitibv.motorist.america/com.mobgen.fireblade.presentation.splash.SplashActivity" image="shell"/>

	<!-- Shooglebox -->
	<AppIcon name="com.impmedia.shooglebox/com.impmedia.shooglebox.MainActivity" image="shooglebox"/>

	<!-- Shortwave -->
	<AppIcon name="com.shortwave.android/shortwave.android.ui.MainActivity" image="shortwave"/>

	<!-- SimpleMMO -->
	<AppIcon name="dawsn.simplemmo/dawsn.simplemmo.ui.main.MainActivity" image="simplemmo"/>

	<!-- Simsimi -->
	<AppIcon name="com.ismaker.android.simsimi/com.ismaker.android.simsimi.MainActivity" image="simsimi"/>

	<!-- Sketchar -->
	<AppIcon name="ktech.sketchar/ktech.sketchar.ZeroActivity" image="sketchar"/>

	<!-- Skullcandy -->
	<AppIcon name="app.skullcandy/com.skullcandy_app.MainActivity" image="skullcandy"/>

	<!-- Sky -->
	<AppIcon name="com.tgc.sky.android/com.tgc.sky.TGCBootActivity" image="sky"/>

	<!-- Sleep Tracker -->
	<AppIcon name="sleeptrakcer.sleeprecorder.sleepapp.sleep/sleeptrakcer.sleeprecorder.sleepapp.sleep.guide.SplashActivity" image="sleep_tracker"/>

	<!-- SleepTimer -->
	<AppIcon name="ch.pboos.android.SleepTimer/ch.pboos.android.SleepTimer.ActivityMain" image="sleeptimer"/>

	<!-- Small Living World -->
	<AppIcon name="smalllivingworld.com.Unlocked/android.app.NativeActivity" image="small_living_world"/>

	<!-- Snagajob -->
	<AppIcon name="com.snagajob.jobseeker/com.snagajob.jobseeker.LauncherActivity" image="snagajob"/>

	<!-- SnoreGym -->
	<AppIcon name="com.snorelab.snoregym/com.snorelab.snoregym.MainActivity" image="snoregym"/>

	<!-- SNOW -->
	<AppIcon name="com.campmobile.snow/com.linecorp.b612.android.activity.ActivityCamera" image="snow"/>

	<!-- SODA -->
	<AppIcon name="com.snowcorp.soda.android/com.linecorp.sodacam.android.camera.CameraActivity" image="soda"/>

	<!-- Sonic -->
	<AppIcon name="com.sonic.sonicdrivein/com.inspirebrandsapp.MainActivity" image="sonic"/>

	<!-- SoundType AI -->
	<AppIcon name="com.innosq.soundtypeai/com.innosq.soundtypeai.soundtypeai.MainActivity" image="soundtype_ai"/>

	<!-- Speak -->
	<AppIcon name="com.selabs.speak/com.selabs.speak.SpeakActivity" image="speak"/>

	<!-- Sponge -->
	<AppIcon name="com.prismtree.sponge/com.prismtree.sponge.MainActivity" image="sponge"/>

	<!-- Square Home -->
	<AppIcon name="com.ss.squarehome2/com.ss.squarehome2.MainActivity" image="square_home"/>

	<!-- Star Walk 2 -->
	<AppIcon name="com.vitotechnology.StarWalk2/com.unity3d.player.UnityPlayerActivity" image="star_walk_2"/>

	<!-- Starbucks -->
	<AppIcon name="com.starbucks.mobilecard/com.starbucks.mobilecard.main.activity.LandingPageActivity" image="starbucks"/>

	<!-- starryai -->
	<AppIcon name="com.starryai/com.starryai.MainActivity" image="starryai"/>

	<!-- stats.fm -->
	<AppIcon name="dev.netlob.spotistats/dev.netlob.spotistats.MainActivity" image="statsfm"/>

	<!-- StayFree -->
	<AppIcon name="com.burockgames.timeclocker/com.burockgames.timeclocker.main.MainActivity" image="stayfree"/>

	<!-- Stepik -->
	<AppIcon name="org.stepic.droid/org.stepic.droid.view.activities.SplashActivity" image="stepik"/>

	<!-- Sticky Notes -->
	<AppIcon name="com.jahertor.stickynotes/com.jahertor.stickynotes.activities.MainActivity" image="sticky_notes"/>

	<!-- Stimuler -->
	<AppIcon name="com.stimuler/com.stimuler.MainActivity" image="stimuler"/>

	<!-- Story Plotter -->
	<AppIcon name="com.hhatamanga.storyplotter/com.hhatamanga.storyplotter.MainActivity" image="story_plotter"/>

	<!-- StoryZ -->
	<AppIcon name="com.lightx.storyz/com.lightx.activities.StoryzActivity" image="storyz"/>

	<!-- Structured -->
	<AppIcon name="io.unorderly.structured/com.structured.MainActivity" image="structured"/>

	<!-- Student Beans -->
	<AppIcon name="com.studentbeans.studentbeans/com.studentbeans.studentbeans.LoadingActivity" image="student_beans"/>

	<!-- Style DNA -->
	<AppIcon name="style.dna.app/style.dna.app.MainActivity" image="style_dna"/>

	<!-- SumOne -->
	<AppIcon name="com.sumone/com.sumone.MainActivity" image="sumone"/>

	<!-- sup -->
	<AppIcon name="org.chromium.webapk.a301392f719b8998f_v2/org.chromium.webapk.shell_apk.h2o.H2OOpaqueMainActivity" image="sup"/>

	<!-- Super Recorder -->
	<AppIcon name="com.tianxingjian.superrecorder/com.tianxingjian.superrecorder.MainActivity" image="super_recorder"/>

	<!-- Super Sound -->
	<AppIcon name="com.tianxingjian.supersound/com.tianxingjian.supersound.MainActivity" image="super_sound"/>

	<!-- SuperBetter -->
	<AppIcon name="com.superbetter.paid/com.superbetter.paid.ui.activities.SplashActivity" image="superbetter"/>

	<!-- SuperImage -->
	<AppIcon name="com.zhenxiang.superimage.pro/com.zhenxiang.superimage.MainActivity" image="superimage"/>

	<!-- SUSI.AI -->
	<AppIcon name="ai.susi/org.fossasia.susi.ai.login.WelcomeActivity" image="susiai"/>

	<!-- Swipefy -->
	<AppIcon name="app.swipefy.mobile/app.swipefy.mobile.MainActivity" image="swipefy"/>

	<!-- Sync for iCloud -->
	<AppIcon name="mt.io.syncforicloud/mt.io.syncforicloud.activities.InitialChecksActivity" image="sync_for_icloud"/>

	<!-- Syncthing-Fork -->
	<AppIcon name="com.github.catfriend1.syncthingandroid/com.nutomic.syncthingandroid.activities.FirstStartActivity" image="syncthing_fork"/>

	<!-- T Life -->
	<AppIcon name="com.tmobile.tuesdays/com.telekom.tworld.launcher.main.LauncherActivity" image="t_life"/>

	<!-- T-Mobile -->
	<AppIcon name="com.tmobile.pr.mytmobile/com.tmobile.pr.mytmobile.MyTMobileActivity" image="t_mobile"/>

	<!-- TAAFT -->
	<AppIcon name="org.chromium.webapk.a1a0da3df7d2d493d_v2/org.chromium.webapk.shell_apk.h2o.H2OOpaqueMainActivity" image="taaft"/>

	<!-- Taco Bell -->
	<AppIcon name="com.tacobell.ordering/com.tacobell.splash.SplashActivity" image="taco_bell"/>

	<!-- TagSpaces -->
	<AppIcon name="org.tagspaces.mobileapp/org.tagspaces.mobileapp.MainActivity" image="tagspaces"/>

	<!-- TalkAI -->
	<AppIcon name="studio.muggle.talkai/studio.muggle.talkai.MainActivity" image="talkai"/>

	<!-- Tangibl -->
	<AppIcon name="live.tangibl/live.tangibl.MainActivity" image="tangibl"/>

	<!-- Taped -->
	<AppIcon name="org.chromium.webapk.a534344ed6ccfc544_v2/org.chromium.webapk.shell_apk.h2o.H2OOpaqueMainActivity" image="taped"/>

	<!-- Tapping Solution -->
	<AppIcon name="com.datechnologies.tappingsolution/com.datechnologies.tappingsolution.screens.LaunchActivity" image="tapping_solution"/>

	<!-- Taskade -->
	<AppIcon name="com.taskade.mobile/com.taskade.mobile.MainActivity" image="taskade"/>

	<!-- Tasker -->
	<AppIcon name="net.dinglisch.android.taskerm/net.dinglisch.android.taskerm.Tasker" image="tasker"/>

	<!-- Tasker Secondary -->
	<AppIcon name="net.dinglisch.android.taskerm/com.joaomgcd.taskerm.util.ActivitySecondaryApp" image="tasker_secondary"/>

	<!-- Tasks -->
	<AppIcon name="com.lahsuak.apps.tasks/com.lahsuak.apps.tasks.ui.MainActivity" image="tasks"/>

	<!-- Textify -->
	<AppIcon name="org.chromium.webapk.adf3ecb78c0d0ab50_v2/org.chromium.webapk.shell_apk.h2o.H2OOpaqueMainActivity" image="textify"/>

	<!-- Textra -->
	<AppIcon name="com.textra/com.mplus.lib.Main_ff7986cb" image="textra"/>

	<!-- The Hopeful -->
	<AppIcon name="it.twloha/it.twloha.MainActivity" image="the_hopeful"/>

	<!-- Themepack -->
	<AppIcon name="com.iconchanger.widget.theme.shortcut/com.iconchanger.shortcut.app.splash.activity.SplashActivity" image="themepack"/>

	<!-- Themicon -->
	<AppIcon name="com.dtp.themicon/com.dtp.themicon.SplashActivity" image="themicon"/>

	<!-- TickTick -->
	<AppIcon name="com.ticktick.task/com.ticktick.task.HomeAlia_tick" image="ticktick"/>

	<!-- TickTick -->
	<AppIcon name="org.chromium.webapk.a8dd7c7099fae61d7_v2/org.chromium.webapk.shell_apk.h2o.H2OOpaqueMainActivity" image="ticktick"/>

	<!-- TIMEFLIK -->
	<AppIcon name="com.apposter.watchmaker/com.apposter.watchmaker.renewal.feature.splash.SplashActivity" image="timeflik"/>

	<!-- Tint -->
	<AppIcon name="com.yaapps.mygradientwallpaperapp/com.yaapps.mygradientwallpaperapp.SplashScreenActivity" image="tint"/>

	<!-- Tooly -->
	<AppIcon name="com.yousx.thetoolsapp/com.yousx.thetoolsapp.SplashScreenActivity" image="tooly"/>

	<!-- TopHeroes -->
	<AppIcon name="com.greenmushroom.boomblitz.gp/com.rivergame.gp.AppActivity" image="topheroes"/>

	<!-- Total Battle -->
	<AppIcon name="com.totalbattle/org.cocos2dx.cpp.AppActivity" image="total_battle"/>

	<!-- trace.moe -->
	<AppIcon name="org.chromium.webapk.a8d9b7382a9f7f512_v2/org.chromium.webapk.shell_apk.h2o.H2OOpaqueMainActivity" image="tracemoe"/>

	<!-- Transcribot -->
	<AppIcon name="com.discreteapps.transcribot/com.discreteapps.transcribot.MainActivity" image="transcribot"/>

	<!-- Tree of Memories -->
	<AppIcon name="com.music.couple.diary/com.music.couple.diary.MainActivity" image="tree_of_memories"/>

	<!-- Tropical Smoothie Cafe -->
	<AppIcon name="com.tropicalsmoothie.tropicalsmoothiecafe.android.app/com.tropicalsmoothie.tropicalsmoothiecafe.android.app.MainActivity" image="tropical_smoothie_cafe"/>

	<!-- Tune -->
	<AppIcon name="com.logitech.logue/com.logitech.logue.ui.activity.SplashActivity" image="tune"/>

	<!-- Tusk -->
	<AppIcon name="com.ulsoft.tusk/com.ulsoft.tusk.MainActivity" image="tusk"/>

	<!-- Tutor Lily -->
	<AppIcon name="com.tutorlily.app/com.base.app.Core.JasonViewActivity" image="tutor_lily"/>

	<!-- Twos -->
	<AppIcon name="com.twosnativev3/com.twosnativev3.MainActivity" image="twos"/>

	<!-- Uber Driver -->
	<AppIcon name="com.ubercab.driver/com.ubercab.carbon.core.CarbonActivity" image="uber_driver"/>

	<!-- Umi -->
	<AppIcon name="app.immersely.immersely/app.immersely.immersely.MainActivity" image="umi"/>

	<!-- Univerbal -->
	<AppIcon name="com.chatexpo/com.chatexpo.MainActivity" image="univerbal"/>

	<!-- Univi -->
	<AppIcon name="app.univi.prod/app.univi.MainActivity" image="univi"/>

	<!-- UnrollMe -->
	<AppIcon name="com.unrollme/com.unrollme.MainActivity" image="unrollme"/>

	<!-- UpscaleAI -->
	<AppIcon name="com.sparklingapps.upscaleai/com.sparklingapps.app.ui.splash.SplashScreen" image="upscaleai"/>

	<!-- Upside -->
	<AppIcon name="com.upside.consumer.android/com.upside.consumer.android.activities.MainActivity" image="upside"/>

	<!-- Verticons Icon pack -->
	<AppIcon name="com.spaceman.verticonspro/com.spaceman.verticonspro.MainActivity" image="verticons_icon_pack"/>

	<!-- VIC -->
	<AppIcon name="com.looper.vic/com.looper.vic.activity.MainActivity" image="vic"/>

	<!-- Video Compressor and Converter -->
	<AppIcon name="com.stcodesapp.video_compressor_video_converter/com.stcodesapp.videoCompressorConverter.ui.splash.SplashActivity" image="video_compressor_and_converter"/>

	<!-- Videoleap -->
	<AppIcon name="com.lightricks.videoleap/com.lightricks.videoleap.app.SplashActivity" image="videoleap"/>

	<!-- VIMAGE -->
	<AppIcon name="com.vimage.android/com.vimage.vimageapp.SplashActivity" image="vimage"/>

	<!-- Visual Attn -->
	<AppIcon name="com.tactustherapy.vat.lite/com.tactustherapy.vat.ui.splash.SplashActivity" image="visual_attn"/>

	<!-- VN -->
	<AppIcon name="com.frontrow.vlog/com.frontrow.vlog.ui.splash.SplashActivity" image="vn"/>

	<!-- Voice Recorder -->
	<AppIcon name="com.microsingle.voicerecorder/com.microsingle.vrd.ui.main.activity.SplashActivity" image="voice_recorder"/>

	<!-- VoiceGPT -->
	<AppIcon name="gpt.voice.chatgpt/gpt.voice.chatgpt.MainActivity" image="voicegpt"/>

	<!-- Voidpet Garden -->
	<AppIcon name="com.voidpet/com.voidpet.MainActivity" image="voidpet_garden"/>

	<!-- Voovo -->
	<AppIcon name="com.voovo.app/com.voovo.app.MainActivity" image="voovo"/>

	<!-- Waifu2x ncnn -->
	<AppIcon name="pro.archiemeng.waifu2x/pro.archiemeng.waifu2x.views.MainActivity" image="waifu2x_ncnn"/>

	<!-- Walking -->
	<AppIcon name="walking.kustom.pack/org.kustom.api.dashboard.DashboardActivity" image="walking"/>

	<!-- Watch face crc080 installation guide. -->
	<AppIcon name="com.creationscue.crc080watchface/com.creationcue.crc080watchface.MainActivity" image="watch_face_crc080_installation_guide"/>

	<!-- Wave Ai -->
	<AppIcon name="wave.ai.browser/wave.ai.browser.ui.splash.SplashScreenActivity" image="wave_ai"/>

	<!-- Waze -->
	<AppIcon name="com.waze/com.waze.FreeMapAppActivity" image="waze"/>

	<!-- Wear Flashlight -->
	<AppIcon name="com.codverter.wearflashlight/com.codverter.wearflashlight.MainActivity" image="wear_flashlight"/>

	<!-- WeatherMind -->
	<AppIcon name="com.nettlebit.weathermind/com.nettlebit.weathermind.MainActivity" image="weathermind"/>

	<!-- WebView DevTools -->
	<AppIcon name="com.google.android.webview.beta/org.chromium.android_webview.devui.LauncherActivity" image="webview_devtools"/>

	<!-- Wendy's -->
	<AppIcon name="com.wendys.nutritiontool/com.wendys.mobile.presentation.activity.SplashActivity" image="wendys"/>

	<!-- Widgetify -->
	<AppIcon name="com.binarysmith.webclipwidget.ad/com.binarysmith.webclipwidget.MainActivity" image="widgetify"/>

	<!-- Wingstop -->
	<AppIcon name="com.mobilaurus.wingstopandroid/com.wearehathway.apps.nomnomstock.views.splash.StartActivity" image="wingstop"/>

	<!-- Wonderland -->
	<AppIcon name="com.samsung.android.wonderland.wallpaper/com.samsung.android.wonderland.wallpaper.settings.StartupActivity" image="wonderland"/>

	<!-- Workout Trainer -->
	<AppIcon name="com.skimble.workouts/com.skimble.workouts.activity.WorkoutApplicationLaunchActivity" image="workout_trainer"/>

	<!-- WPGen -->
	<AppIcon name="net.glsk.wpgen/net.glsk.wpgen.ColorsActivity" image="wpgen"/>

	<!-- Xbox -->
	<AppIcon name="com.microsoft.xboxone.smartglass/com.microsoft.xbox.MainActivity" image="xbox"/>

	<!-- Xeropan -->
	<AppIcon name="com.application.xeropan/com.application.xeropan.SplashActivity_" image="xeropan"/>

	<!-- YASAN Launcher -->
	<AppIcon name="yasan.space.mnml.ai.launcher/dev.yasan.launcher.legacy.ui.main.MainActivity" image="yasan_launcher"/>

	<!-- Youper -->
	<AppIcon name="br.com.youper/br.com.youper.LauncherActivity" image="youper"/>

	<!-- Zedge -->
	<AppIcon name="net.zedge.android/net.zedge.android.MainValentines" image="zedge"/>

	<!-- Zettel Notes -->
	<AppIcon name="org.eu.thedoc.zettelnotes/org.eu.thedoc.zettelnotes.screens.common.main.MainActivity" image="zettel_notes"/>

	<!-- zFile -->
	<AppIcon name="com.htetznaing.zfile/com.htetznaing.zfile.ui.MainActivity" image="zfile"/>

	<!-- Zillow Rentals -->
	<AppIcon name="com.zillow.android.rentals/com.zillow.android.re.ui.SplashScreenActivity" image="zillow_rentals"/>

	<!-- ZMO -->
	<AppIcon name="com.zmo.imgcreator/com.zmo.imgcreator.MainActivity" image="zmo"/>

	<!-- Zone Launcher -->
	<AppIcon name="com.bialy.zonelauncher/com.bialy.zonelauncher.activities.StarterActivity" image="zone_launcher"/>

</Theme>