<resources>

	<!-- Apollo 247 -->
	<item component="ComponentInfo{com.apollo.patientapp/com.apollopatient.MainActivity}" drawable="apollo_247" />

	<!-- B612 -->
	<item component="ComponentInfo{com.linecorp.b612.android/com.linecorp.b612.android.activity.ActivityCamera}" drawable="b612" />

	<!-- Blinkit -->
	<item component="ComponentInfo{com.grofers.customerapp/com.grofers.customerapp.DEFAULT}" drawable="blinkit" />

	<!-- Bubble Breaker -->
	<item component="ComponentInfo{com.fastsoft.bubblebreaker/com.fastsoft.bubblebreaker.BubbleBreaker}" drawable="bubble_breaker" />

	<!-- Business Suite -->
	<item component="ComponentInfo{com.facebook.pages.app/com.facebook.pages.app.auth.PagesManagerLoginActivity}" drawable="business_suite" />

	<!-- CamScanner -->
	<item component="ComponentInfo{com.intsig.camscanner/com.intsig.camscanner.mainmenu.mainactivity.MainActivity}" drawable="camscanner" />

	<!-- Degoo -->
	<item component="ComponentInfo{com.degoo.android/com.degoo.android.features.splash.view.SplashActivity}" drawable="degoo" />

	<!-- discovery+ -->
	<item component="ComponentInfo{com.discoveryplus.mobile.android/com.discoveryplus.android.mobile.DPlusMainActivity}" drawable="discovery_" />

	<!-- Facebook -->
	<item component="ComponentInfo{com.facebook.katanb/com.facebook.katanb.LoginActivity}" drawable="facebook" />

	<!-- Fincept -->
	<item component="ComponentInfo{com.tilak.fincept/com.tilak.fincept.MainActivity}" drawable="fincept" />

	<!-- GetInsta -->
	<item component="ComponentInfo{com.insfollow.getinsta/com.insfollow.getinsta.login.ui.WelcomeActivity}" drawable="getinsta" />

	<!-- Global City -->
	<item component="ComponentInfo{com.rbx.city.android/com.rbx.city.Activity}" drawable="global_city" />

	<!-- Happy Harvester -->
	<item component="ComponentInfo{com.happy.harvester.game/com.unity3d.player.UnityPlayerActivity}" drawable="happy_harvester" />

	<!-- Hay Day -->
	<item component="ComponentInfo{com.supercell.hayday/com.supercell.hayday.GameApp}" drawable="hay_day" />

	<!-- Hotstar -->
	<item component="ComponentInfo{in.startv.hotstar/com.hotstar.MainActivity}" drawable="hotstar" />

	<!-- imo -->
	<item component="ComponentInfo{com.imo.android.imoim/com.imo.android.imoim.home.Home}" drawable="imo" />

	<!-- Insta ⚡ -->
	<item component="ComponentInfo{com.instathunder.android/com.instagram.android.activity.MainTabActivity}" drawable="insta_⚡" />

	<!-- instaplus -->
	<item component="ComponentInfo{com.instaplus.android/com.instagram.android.activity.MainTabActivity}" drawable="instaplus" />

	<!-- Jaumo -->
	<item component="ComponentInfo{com.jaumo/com.jaumo.Main}" drawable="jaumo" />

	<!-- Kingdom Guard -->
	<item component="ComponentInfo{com.tap4fun.odin.kingdomguard/com.tap4fun.framework.activity.MainPlayerActivity}" drawable="kingdom_guard" />

	<!-- Lucky+Pаtchеr   -->
	<item component="ComponentInfo{ru.sxbuIDfx.pFSOyagrF/ru.sxbuIDfx.pFSOyagrF.MainActivity1}" drawable="lucky_pаtchеr_" />

	<!-- Manual Camera DSLR Lite -->
	<item component="ComponentInfo{com.lensesdev.manual.camera.professional/com.antafunny.burstcamera.MainActivity}" drawable="manual_camera_dslr_lite" />

	<!-- Mappls MapmyIndia -->
	<item component="ComponentInfo{com.mmi.maps/com.mmi.maps.ui.activities.HomeScreenActivity}" drawable="mappls_mapmyindia" />

	<!-- Mob Control -->
	<item component="ComponentInfo{com.vincentb.MobControl/com.unity3d.player.UnityPlayerActivity}" drawable="mob_control" />

	<!-- ModCombo -->
	<item component="ComponentInfo{com.modcombo.app/com.modcombo.app.MainActivity}" drawable="modcombo" />

	<!-- Moon+ Reader -->
	<item component="ComponentInfo{com.flyersoft.moonreader/com.flyersoft.moonreader.ActivityMain}" drawable="moon_reader" />

	<!-- My Galaxy -->
	<item component="ComponentInfo{com.mygalaxy/com.mygalaxy.SplashScreenActivity}" drawable="my_galaxy" />

	<!-- OkCredit -->
	<item component="ComponentInfo{in.okcredit.merchant/in.okcredit.onboarding.launcher.LauncherActivity}" drawable="okcredit" />

	<!-- PixeLeap -->
	<item component="ComponentInfo{com.photoscan.enhancer.remini.photomyne.colorize.scanner/com.magic.retouch.ui.activity.SplashActivity}" drawable="pixeleap" />

	<!-- Quora -->
	<item component="ComponentInfo{com.quora.android/com.quora.android.components.activities.LauncherActivity}" drawable="quora" />

	<!-- R Club -->
	<item component="ComponentInfo{therclub.com/therclub.co.in.Splash}" drawable="r_club" />

	<!-- Rajnigandha -->
	<item component="ComponentInfo{com.rcub.rclub/com.rcub.rclub.activity.Splash}" drawable="rajnigandha" />

	<!-- Refresh Rate Control -->
	<item component="ComponentInfo{sszb.s20.refresh/sszb.s20.refresh.MainActivity}" drawable="refresh_rate_control" />

	<!-- Rovercraft 2 -->
	<item component="ComponentInfo{com.mobirate.rcr2.gplay/com.unity3d.player.UnityPlayerActivity}" drawable="rovercraft_2" />

	<!-- sendit -->
	<item component="ComponentInfo{com.fullsenders.sendit/io.flutter.embedding.android.FlutterActivity}" drawable="sendit" />

	<!-- ShareChat -->
	<item component="ComponentInfo{in.mohalla.sharechat/in.mohalla.sharechat.EvaActivityDefault}" drawable="sharechat" />

	<!-- SimCity -->
	<item component="ComponentInfo{com.ea.game.simcitymobile_row/com.ea.common.LaunchActivity}" drawable="simcity" />

	<!-- SKOUT -->
	<item component="ComponentInfo{com.skout.android/com.skout.android.activities.Skout}" drawable="skout" />

	<!-- slither.io -->
	<item component="ComponentInfo{air.com.hypah.io.slither/air.com.hypah.io.slither.AIRAppEntry}" drawable="slitherio" />

	<!-- Smart Tutor -->
	<item component="ComponentInfo{com.rsupport.rs.activity.rsupport.aas2/com.rsupport.rs.activity.edit.IntroActivity}" drawable="smart_tutor" />

	<!-- Stone Grass -->
	<item component="ComponentInfo{com.frph.stonegrass/com.unity3d.player.UnityPlayerActivity}" drawable="stone_grass" />

	<!-- SuperBlack -->
	<item component="ComponentInfo{one.black.icons.ddt/one.black.icons.ddt.activities.SplashActivity}" drawable="superblack" />

	<!-- Swachhata -->
	<item component="ComponentInfo{com.ichangemycity.swachhbharat/com.ichangemycity.swachhbharat.activity.onboarding.Splashscreen}" drawable="swachhata" />

</resources>