<Theme version="1">

	<!-- Apollo 247 -->
	<AppIcon name="com.apollo.patientapp/com.apollopatient.MainActivity" image="apollo_247"/>

	<!-- B612 -->
	<AppIcon name="com.linecorp.b612.android/com.linecorp.b612.android.activity.ActivityCamera" image="b612"/>

	<!-- Blinkit -->
	<AppIcon name="com.grofers.customerapp/com.grofers.customerapp.DEFAULT" image="blinkit"/>

	<!-- Bubble Breaker -->
	<AppIcon name="com.fastsoft.bubblebreaker/com.fastsoft.bubblebreaker.BubbleBreaker" image="bubble_breaker"/>

	<!-- Business Suite -->
	<AppIcon name="com.facebook.pages.app/com.facebook.pages.app.auth.PagesManagerLoginActivity" image="business_suite"/>

	<!-- CamScanner -->
	<AppIcon name="com.intsig.camscanner/com.intsig.camscanner.mainmenu.mainactivity.MainActivity" image="camscanner"/>

	<!-- Degoo -->
	<AppIcon name="com.degoo.android/com.degoo.android.features.splash.view.SplashActivity" image="degoo"/>

	<!-- discovery+ -->
	<AppIcon name="com.discoveryplus.mobile.android/com.discoveryplus.android.mobile.DPlusMainActivity" image="discovery_"/>

	<!-- Facebook -->
	<AppIcon name="com.facebook.katanb/com.facebook.katanb.LoginActivity" image="facebook"/>

	<!-- Fincept -->
	<AppIcon name="com.tilak.fincept/com.tilak.fincept.MainActivity" image="fincept"/>

	<!-- GetInsta -->
	<AppIcon name="com.insfollow.getinsta/com.insfollow.getinsta.login.ui.WelcomeActivity" image="getinsta"/>

	<!-- Global City -->
	<AppIcon name="com.rbx.city.android/com.rbx.city.Activity" image="global_city"/>

	<!-- Happy Harvester -->
	<AppIcon name="com.happy.harvester.game/com.unity3d.player.UnityPlayerActivity" image="happy_harvester"/>

	<!-- Hay Day -->
	<AppIcon name="com.supercell.hayday/com.supercell.hayday.GameApp" image="hay_day"/>

	<!-- Hotstar -->
	<AppIcon name="in.startv.hotstar/com.hotstar.MainActivity" image="hotstar"/>

	<!-- imo -->
	<AppIcon name="com.imo.android.imoim/com.imo.android.imoim.home.Home" image="imo"/>

	<!-- Insta ⚡ -->
	<AppIcon name="com.instathunder.android/com.instagram.android.activity.MainTabActivity" image="insta_⚡"/>

	<!-- instaplus -->
	<AppIcon name="com.instaplus.android/com.instagram.android.activity.MainTabActivity" image="instaplus"/>

	<!-- Jaumo -->
	<AppIcon name="com.jaumo/com.jaumo.Main" image="jaumo"/>

	<!-- Kingdom Guard -->
	<AppIcon name="com.tap4fun.odin.kingdomguard/com.tap4fun.framework.activity.MainPlayerActivity" image="kingdom_guard"/>

	<!-- Lucky+Pаtchеr   -->
	<AppIcon name="ru.sxbuIDfx.pFSOyagrF/ru.sxbuIDfx.pFSOyagrF.MainActivity1" image="lucky_pаtchеr_"/>

	<!-- Manual Camera DSLR Lite -->
	<AppIcon name="com.lensesdev.manual.camera.professional/com.antafunny.burstcamera.MainActivity" image="manual_camera_dslr_lite"/>

	<!-- Mappls MapmyIndia -->
	<AppIcon name="com.mmi.maps/com.mmi.maps.ui.activities.HomeScreenActivity" image="mappls_mapmyindia"/>

	<!-- Mob Control -->
	<AppIcon name="com.vincentb.MobControl/com.unity3d.player.UnityPlayerActivity" image="mob_control"/>

	<!-- ModCombo -->
	<AppIcon name="com.modcombo.app/com.modcombo.app.MainActivity" image="modcombo"/>

	<!-- Moon+ Reader -->
	<AppIcon name="com.flyersoft.moonreader/com.flyersoft.moonreader.ActivityMain" image="moon_reader"/>

	<!-- My Galaxy -->
	<AppIcon name="com.mygalaxy/com.mygalaxy.SplashScreenActivity" image="my_galaxy"/>

	<!-- OkCredit -->
	<AppIcon name="in.okcredit.merchant/in.okcredit.onboarding.launcher.LauncherActivity" image="okcredit"/>

	<!-- PixeLeap -->
	<AppIcon name="com.photoscan.enhancer.remini.photomyne.colorize.scanner/com.magic.retouch.ui.activity.SplashActivity" image="pixeleap"/>

	<!-- Quora -->
	<AppIcon name="com.quora.android/com.quora.android.components.activities.LauncherActivity" image="quora"/>

	<!-- R Club -->
	<AppIcon name="therclub.com/therclub.co.in.Splash" image="r_club"/>

	<!-- Rajnigandha -->
	<AppIcon name="com.rcub.rclub/com.rcub.rclub.activity.Splash" image="rajnigandha"/>

	<!-- Refresh Rate Control -->
	<AppIcon name="sszb.s20.refresh/sszb.s20.refresh.MainActivity" image="refresh_rate_control"/>

	<!-- Rovercraft 2 -->
	<AppIcon name="com.mobirate.rcr2.gplay/com.unity3d.player.UnityPlayerActivity" image="rovercraft_2"/>

	<!-- sendit -->
	<AppIcon name="com.fullsenders.sendit/io.flutter.embedding.android.FlutterActivity" image="sendit"/>

	<!-- ShareChat -->
	<AppIcon name="in.mohalla.sharechat/in.mohalla.sharechat.EvaActivityDefault" image="sharechat"/>

	<!-- SimCity -->
	<AppIcon name="com.ea.game.simcitymobile_row/com.ea.common.LaunchActivity" image="simcity"/>

	<!-- SKOUT -->
	<AppIcon name="com.skout.android/com.skout.android.activities.Skout" image="skout"/>

	<!-- slither.io -->
	<AppIcon name="air.com.hypah.io.slither/air.com.hypah.io.slither.AIRAppEntry" image="slitherio"/>

	<!-- Smart Tutor -->
	<AppIcon name="com.rsupport.rs.activity.rsupport.aas2/com.rsupport.rs.activity.edit.IntroActivity" image="smart_tutor"/>

	<!-- Stone Grass -->
	<AppIcon name="com.frph.stonegrass/com.unity3d.player.UnityPlayerActivity" image="stone_grass"/>

	<!-- SuperBlack -->
	<AppIcon name="one.black.icons.ddt/one.black.icons.ddt.activities.SplashActivity" image="superblack"/>

	<!-- Swachhata -->
	<AppIcon name="com.ichangemycity.swachhbharat/com.ichangemycity.swachhbharat.activity.onboarding.Splashscreen" image="swachhata"/>

</Theme>