<resources>

	<!-- 365Scores -->
	<item component="ComponentInfo{com.scores365/com.scores365.ui.Splash}" drawable="_365scores" />

	<!-- Ana Vodafone -->
	<item component="ComponentInfo{com.emeint.android.myservices/vodafone.vis.engezly.ui.screens.splash.SplashRevampActivity}" drawable="ana_vodafone" />

	<!-- Anghami -->
	<item component="ComponentInfo{com.anghami/com.anghami.activities.SplashActivity_}" drawable="anghami" />

	<!-- Applaydu -->
	<item component="ComponentInfo{com.ferrero.applayduGP/com.unity3d.player.UnityPlayerActivity}" drawable="applaydu" />

	<!-- aShell -->
	<item component="ComponentInfo{in.sunilpaulmathew.ashell/in.sunilpaulmathew.ashell.activities.StartActivity}" drawable="ashell" />

	<!-- Auto Clicker -->
	<item component="ComponentInfo{com.truedevelopersstudio.automatictap.autoclicker/com.truedevelopersstudio.autoclicker.activities.SplashActivity}" drawable="auto_clicker" />

	<!-- Bowmasters -->
	<item component="ComponentInfo{com.miniclip.bowmasters/com.miniclip.bowmasters.BowmastersActivity}" drawable="bowmasters" />

	<!-- Calculator -->
	<item component="ComponentInfo{com.miui.calculator/com.miui.calculator.cal.CalculatorActivity}" drawable="calculator" />

	<!-- Calendar -->
	<item component="ComponentInfo{com.xiaomi.calendar/com.android.calendar.homepage.AllInOneActivity}" drawable="calendar" />

	<!-- Call of Duty -->
	<item component="ComponentInfo{com.activision.callofduty.shooter/com.tencent.tmgp.cod.CODMPrivatePermissionActivity}" drawable="call_of_duty" />

	<!-- Canta -->
	<item component="ComponentInfo{org.samo_lego.canta/org.samo_lego.canta.MainActivity}" drawable="canta" />

	<!-- CarX Street -->
	<item component="ComponentInfo{com.carxtech.sr/com.unity3d.player.UnityPlayerActivity}" drawable="carx_street" />

	<!-- Chat Smith -->
	<item component="ComponentInfo{com.smartwidgetlabs.chatgpt/com.smartwidgetlabs.chatgpt.ui.splash_screen.SplashActivity}" drawable="chat_smith" />

	<!-- ChatGPT -->
	<item component="ComponentInfo{com.openai.chatgpt/com.openai.chatgpt.MainActivity}" drawable="chatgpt" />

	<!-- Chess -->
	<item component="ComponentInfo{com.chess/com.chess.splash.SplashActivity}" drawable="chess" />

	<!-- Clock -->
	<item component="ComponentInfo{com.android.deskclock/com.android.deskclock.DeskClockTabActivity}" drawable="clock" />

	<!-- Compass -->
	<item component="ComponentInfo{com.miui.compass/com.miui.compass.CompassActivity}" drawable="compass" />

	<!-- Dictionary -->
	<item component="ComponentInfo{com.mobisystems.msdict.embedded.wireless.oxford.dictionaryofenglish/com.mobisystems.oxford_dictionary.MainActivity}" drawable="dictionary" />

	<!-- Discord -->
	<item component="ComponentInfo{com.discord/com.discord.main.MainDefault}" drawable="discord" />

	<!-- Downloads -->
	<item component="ComponentInfo{com.android.providers.downloads.ui/com.android.providers.downloads.ui.DownloadList}" drawable="downloads" />

	<!-- Duel Links -->
	<item component="ComponentInfo{jp.konami.duellinks/jp.konami.duellinks.plugins.YgomMainActivity}" drawable="duel_links" />

	<!-- Duo Mobile -->
	<item component="ComponentInfo{com.duosecurity.duomobile/com.duosecurity.duomobile.account_list.AccountListActivity}" drawable="duo_mobile" />

	<!-- Fancy Text Symbols -->
	<item component="ComponentInfo{com.hoangnguyen.textsmileypro/com.hoangnguyen.textsmileypro.ui.Main.SplashFragment}" drawable="fancy_text_symbols" />

	<!-- Files -->
	<item component="ComponentInfo{com.google.android.documentsui/com.android.documentsui.LauncherActivity}" drawable="files" />

	<!-- Free Fire -->
	<item component="ComponentInfo{com.dts.freefireth/com.dts.freefireth.FFMainActivity}" drawable="free_fire" />

	<!-- Gallery -->
	<item component="ComponentInfo{com.miui.gallery/com.miui.gallery.activity.HomePageActivity}" drawable="gallery" />

	<!-- GetApps -->
	<item component="ComponentInfo{com.xiaomi.mipicks/com.xiaomi.mipicks.DefaultAlias}" drawable="getapps" />

	<!-- Geto -->
	<item component="ComponentInfo{com.android.geto/com.android.geto.MainActivity}" drawable="geto" />

	<!-- HDO Box -->
	<item component="ComponentInfo{com.hdobox/com.hdobox.MainActivity}" drawable="hdo_box" />

	<!-- Hungry Shark -->
	<item component="ComponentInfo{com.fgol.HungrySharkEvolution/com.unity3d.player.UnityPlayerActivity}" drawable="hungry_shark" />

	<!-- Hungry Shark -->
	<item component="ComponentInfo{com.ubisoft.hungrysharkworld/com.unity3d.player.UnityPlayerActivity}" drawable="hungry_shark" />

	<!-- Incredibox -->
	<item component="ComponentInfo{com.sofarsogood.incredibox/com.sofarsogood.incredibox.MainActivity}" drawable="incredibox" />

	<!-- Johnny Trigger -->
	<item component="ComponentInfo{com.time.trigger/by.saygames.SayKitActivity}" drawable="johnny_trigger" />

	<!-- Lark Player -->
	<item component="ComponentInfo{com.dywx.larkplayer/com.dywx.larkplayer.main.MainActivity}" drawable="lark_player" />

	<!-- LIMBO -->
	<item component="ComponentInfo{com.playdead.limbo.full/com.playdead.limbo.LimboActivity}" drawable="limbo" />

	<!-- MediaOn -->
	<item component="ComponentInfo{com.mediaon.apt/com.mediaon.apt.MainActivity}" drawable="mediaon" />

	<!-- Mi Band 6 Watch Faces -->
	<item component="ComponentInfo{asn.ark.miband6/asn.ark.miband6.activites.SplashScreen}" drawable="mi_band_6_watch_faces" />

	<!-- Mi Fitness -->
	<item component="ComponentInfo{com.xiaomi.wearable/com.xiaomi.fitness.login.SplashActivity}" drawable="mi_fitness" />

	<!-- Mi Remote -->
	<item component="ComponentInfo{com.duokan.phone.remotecontroller/com.xiaomi.mitv.phone.remotecontroller.HoriWidgetMainActivityV2}" drawable="mi_remote" />

	<!-- Mi Video -->
	<item component="ComponentInfo{com.miui.videoplayer/com.miui.video.global.app.LauncherActivity}" drawable="mi_video" />

	<!-- MiBand6 -->
	<item component="ComponentInfo{dev.rokitskiy.miband6_watchface/dev.rokitskiy.miband6_watchface.MainActivity}" drawable="miband6" />

	<!-- My Orange -->
	<item component="ComponentInfo{com.orange.mobinilandme/com.linkdev.mobinilandme.ui.SplashScreen}" drawable="my_orange" />

	<!-- My WE -->
	<item component="ComponentInfo{com.ucare.we/com.ucare.we.SplashActivity}" drawable="my_we" />

	<!-- Nicegram -->
	<item component="ComponentInfo{app.nicegram/org.telegram.messenger.DefaultIcon}" drawable="nicegram" />

	<!-- noon -->
	<item component="ComponentInfo{com.noon.buyerapp/com.noon.buyerapp.MainActivity}" drawable="noon" />

	<!-- Notes -->
	<item component="ComponentInfo{com.miui.notes/com.miui.notes.ui.NotesListActivity}" drawable="notes" />

	<!-- Null’s Brawl -->
	<item component="ComponentInfo{daniillnull.nulls.brawlstars/com.supercell.brawlstars.GameApp}" drawable="null’s_brawl" />

	<!-- PandaVPN -->
	<item component="ComponentInfo{com.pandavpn.androidproxy/com.pandavpn.androidproxy.ui.main.MainActivity}" drawable="pandavpn" />

	<!-- PandaVPN -->
	<item component="ComponentInfo{com.pandavpnfree.androidproxy/com.pandavpn.androidproxy.ui.splash.activity.SplashActivity}" drawable="pandavpn" />

	<!-- Picsart -->
	<item component="ComponentInfo{com.picsart.studio/com.socialin.android.photo.picsinphoto.MainPagerActivity}" drawable="picsart" />

	<!-- Poco Community -->
	<item component="ComponentInfo{com.mi.global.pocobbs/com.mi.global.pocobbs.ui.SplashActivity}" drawable="poco_community" />

	<!-- PUBG MOBILE -->
	<item component="ComponentInfo{com.pubg.krmobile/com.epicgames.ue4.SplashActivity}" drawable="pubg_mobile" />

	<!-- Radio Garden -->
	<item component="ComponentInfo{com.jonathanpuckey.radiogarden/com.jonathanpuckey.radiogarden.MainActivity}" drawable="radio_garden" />

	<!-- Recorder -->
	<item component="ComponentInfo{com.android.soundrecorder/com.android.soundrecorder.StartActivity}" drawable="recorder" />

	<!-- Reverso Context -->
	<item component="ComponentInfo{com.softissimo.reverso.context/com.softissimo.reverso.context.activity.SplashActivity}" drawable="reverso_context" />

	<!-- Rewards -->
	<item component="ComponentInfo{com.google.android.apps.paidtasks/com.google.android.apps.paidtasks.activity.LaunchActivity}" drawable="rewards" />

	<!-- Ring Sizer -->
	<item component="ComponentInfo{ru.cherrydesign.ringsizer/ru.cherrydesign.ringsizer.SplashActivity}" drawable="ring_sizer" />

	<!-- Roblox -->
	<item component="ComponentInfo{com.roblox.client/com.roblox.client.startup.ActivitySplash}" drawable="roblox" />

	<!-- Router Chef -->
	<item component="ComponentInfo{com.raouf.routerchef/com.raouf.routerchef.SplashScreen}" drawable="router_chef" />

	<!-- Safety -->
	<item component="ComponentInfo{com.google.android.apps.safetyhub/com.google.android.apps.safetyhub.LauncherActivity}" drawable="safety" />

	<!-- Scanner -->
	<item component="ComponentInfo{com.xiaomi.scanner/com.xiaomi.scanner.app.ScanActivity}" drawable="scanner" />

	<!-- SD Maid -->
	<item component="ComponentInfo{eu.thedarken.sdm/eu.thedarken.sdm.main.ui.SDMMainActivity}" drawable="sd_maid" />

	<!-- SD Maid Pro -->
	<item component="ComponentInfo{eu.thedarken.sdm.unlocker/eu.thedarken.sdm.unlocker.MainActivity}" drawable="sd_maid_pro" />

	<!-- Security -->
	<item component="ComponentInfo{com.miui.securitycenter/com.miui.securityscan.MainActivity}" drawable="security" />

	<!-- Settings -->
	<item component="ComponentInfo{com.android.settings/com.android.settings.MainSettings}" drawable="settings" />

	<!-- Shahid -->
	<item component="ComponentInfo{net.mbc.shahid/net.mbc.shahid.activities.SplashActivity}" drawable="shahid" />

	<!-- ShareMe -->
	<item component="ComponentInfo{com.xiaomi.midrop/com.xiaomi.midrop.SplashScreen}" drawable="shareme" />

	<!-- Shizuku -->
	<item component="ComponentInfo{moe.shizuku.privileged.api/moe.shizuku.manager.MainActivity}" drawable="shizuku" />

	<!-- Sling Drift -->
	<item component="ComponentInfo{com.rubygames.slingdrift/com.rubygames.slingdrift.UnityPlayerActivity}" drawable="sling_drift" />

	<!-- slither.io -->
	<item component="ComponentInfo{air.com.hypah.io.slither.TopXNewWorm/air.com.hypah.io.slither.AppEntry}" drawable="slitherio" />

	<!-- Subway Surf -->
	<item component="ComponentInfo{com.kiloo.subwaysurf/com.sybogames.chili.multidex.ChiliMultidexSupportActivity}" drawable="subway_surf" />

	<!-- talabat -->
	<item component="ComponentInfo{com.talabat/com.talabat.LandingScreen}" drawable="talabat" />

	<!-- Telda -->
	<item component="ComponentInfo{io.telda.app/io.telda.app.ui.SplashActivity}" drawable="telda" />

	<!-- TeraBox -->
	<item component="ComponentInfo{com.dubox.drive/com.dubox.drive.ui.Logo0LauncherActivity}" drawable="terabox" />

	<!-- Themes -->
	<item component="ComponentInfo{com.android.thememanager/com.android.thememanager.ThemeResourceTabActivity}" drawable="themes" />

	<!-- TkMate -->
	<item component="ComponentInfo{tiktok.downloader.tiktokvideodownloader.nowatermark.savetiktokvideo/com.tiktokdownloader.TkSplashActivity}" drawable="tkmate" />

	<!-- Twitch -->
	<item component="ComponentInfo{tv.twitch.android.app/tv.twitch.android.app.core.LandingActivity}" drawable="twitch" />

	<!-- URL Video Player -->
	<item component="ComponentInfo{info.t4w.vp/info.t4w.vp.view.MainActivity}" drawable="url_video_player" />

	<!-- VK -->
	<item component="ComponentInfo{com.vkontakte.android/com.vk.android.launcher.icons.IconAlias.DefaultIcon}" drawable="vk" />

	<!-- VPN Super -->
	<item component="ComponentInfo{com.free.vpn.super.hotspot.open/com.superunlimited.feature.splash.presentation.activity.SplashActivity}" drawable="vpn_super" />

	<!-- Wallcraft -->
	<item component="ComponentInfo{com.wallpaperscraft.wallpaper/com.wallpaperscraft.wallpaper.feature.main.MainActivity}" drawable="wallcraft" />

	<!-- Weather -->
	<item component="ComponentInfo{com.miui.weather2/com.miui.weather2.ActivityWeatherMain}" drawable="weather" />

	<!-- X -->
	<item component="ComponentInfo{com.twitter.android/com.twitter.android.StartActivity}" drawable="x" />

	<!-- ZArchiver Pro -->
	<item component="ComponentInfo{ru.zdevs.zarchiver.pro/ru.zdevs.zarchiver.pro.ZArchiver}" drawable="zarchiver_pro" />

	<!-- الأسطورة TV -->
	<item component="ComponentInfo{com.t4w.ostora516/com.t4w.ostora516.start_act}" drawable="الأسطورة_tv" />

	<!-- مصحف الحرمين -->
	<item component="ComponentInfo{com.arabia_it.moshaf/com.arabia_it.moshaf.ui.splash.SplashActivity}" drawable="مصحف_الحرمين" />

</resources>