<appmap>

	<!-- 365Scores -->
	<item class="com.scores365.ui.Splash" name="_365scores"/>

	<!-- Ana Vodafone -->
	<item class="vodafone.vis.engezly.ui.screens.splash.SplashRevampActivity" name="ana_vodafone"/>

	<!-- Anghami -->
	<item class="com.anghami.activities.SplashActivity_" name="anghami"/>

	<!-- Applaydu -->
	<item class="com.unity3d.player.UnityPlayerActivity" name="applaydu"/>

	<!-- aShell -->
	<item class="in.sunilpaulmathew.ashell.activities.StartActivity" name="ashell"/>

	<!-- Auto Clicker -->
	<item class="com.truedevelopersstudio.autoclicker.activities.SplashActivity" name="auto_clicker"/>

	<!-- Bowmasters -->
	<item class="com.miniclip.bowmasters.BowmastersActivity" name="bowmasters"/>

	<!-- Calculator -->
	<item class="com.miui.calculator.cal.CalculatorActivity" name="calculator"/>

	<!-- Calendar -->
	<item class="com.android.calendar.homepage.AllInOneActivity" name="calendar"/>

	<!-- Call of Duty -->
	<item class="com.tencent.tmgp.cod.CODMPrivatePermissionActivity" name="call_of_duty"/>

	<!-- Canta -->
	<item class="org.samo_lego.canta.MainActivity" name="canta"/>

	<!-- CarX Street -->
	<item class="com.unity3d.player.UnityPlayerActivity" name="carx_street"/>

	<!-- Chat Smith -->
	<item class="com.smartwidgetlabs.chatgpt.ui.splash_screen.SplashActivity" name="chat_smith"/>

	<!-- ChatGPT -->
	<item class="com.openai.chatgpt.MainActivity" name="chatgpt"/>

	<!-- Chess -->
	<item class="com.chess.splash.SplashActivity" name="chess"/>

	<!-- Clock -->
	<item class="com.android.deskclock.DeskClockTabActivity" name="clock"/>

	<!-- Compass -->
	<item class="com.miui.compass.CompassActivity" name="compass"/>

	<!-- Dictionary -->
	<item class="com.mobisystems.oxford_dictionary.MainActivity" name="dictionary"/>

	<!-- Discord -->
	<item class="com.discord.main.MainDefault" name="discord"/>

	<!-- Downloads -->
	<item class="com.android.providers.downloads.ui.DownloadList" name="downloads"/>

	<!-- Duel Links -->
	<item class="jp.konami.duellinks.plugins.YgomMainActivity" name="duel_links"/>

	<!-- Duo Mobile -->
	<item class="com.duosecurity.duomobile.account_list.AccountListActivity" name="duo_mobile"/>

	<!-- Fancy Text Symbols -->
	<item class="com.hoangnguyen.textsmileypro.ui.Main.SplashFragment" name="fancy_text_symbols"/>

	<!-- Files -->
	<item class="com.android.documentsui.LauncherActivity" name="files"/>

	<!-- Free Fire -->
	<item class="com.dts.freefireth.FFMainActivity" name="free_fire"/>

	<!-- Gallery -->
	<item class="com.miui.gallery.activity.HomePageActivity" name="gallery"/>

	<!-- GetApps -->
	<item class="com.xiaomi.mipicks.DefaultAlias" name="getapps"/>

	<!-- Geto -->
	<item class="com.android.geto.MainActivity" name="geto"/>

	<!-- HDO Box -->
	<item class="com.hdobox.MainActivity" name="hdo_box"/>

	<!-- Hungry Shark -->
	<item class="com.unity3d.player.UnityPlayerActivity" name="hungry_shark"/>

	<!-- Hungry Shark -->
	<item class="com.unity3d.player.UnityPlayerActivity" name="hungry_shark"/>

	<!-- Incredibox -->
	<item class="com.sofarsogood.incredibox.MainActivity" name="incredibox"/>

	<!-- Johnny Trigger -->
	<item class="by.saygames.SayKitActivity" name="johnny_trigger"/>

	<!-- Lark Player -->
	<item class="com.dywx.larkplayer.main.MainActivity" name="lark_player"/>

	<!-- LIMBO -->
	<item class="com.playdead.limbo.LimboActivity" name="limbo"/>

	<!-- MediaOn -->
	<item class="com.mediaon.apt.MainActivity" name="mediaon"/>

	<!-- Mi Band 6 Watch Faces -->
	<item class="asn.ark.miband6.activites.SplashScreen" name="mi_band_6_watch_faces"/>

	<!-- Mi Fitness -->
	<item class="com.xiaomi.fitness.login.SplashActivity" name="mi_fitness"/>

	<!-- Mi Remote -->
	<item class="com.xiaomi.mitv.phone.remotecontroller.HoriWidgetMainActivityV2" name="mi_remote"/>

	<!-- Mi Video -->
	<item class="com.miui.video.global.app.LauncherActivity" name="mi_video"/>

	<!-- MiBand6 -->
	<item class="dev.rokitskiy.miband6_watchface.MainActivity" name="miband6"/>

	<!-- My Orange -->
	<item class="com.linkdev.mobinilandme.ui.SplashScreen" name="my_orange"/>

	<!-- My WE -->
	<item class="com.ucare.we.SplashActivity" name="my_we"/>

	<!-- Nicegram -->
	<item class="org.telegram.messenger.DefaultIcon" name="nicegram"/>

	<!-- noon -->
	<item class="com.noon.buyerapp.MainActivity" name="noon"/>

	<!-- Notes -->
	<item class="com.miui.notes.ui.NotesListActivity" name="notes"/>

	<!-- Null’s Brawl -->
	<item class="com.supercell.brawlstars.GameApp" name="null’s_brawl"/>

	<!-- PandaVPN -->
	<item class="com.pandavpn.androidproxy.ui.main.MainActivity" name="pandavpn"/>

	<!-- PandaVPN -->
	<item class="com.pandavpn.androidproxy.ui.splash.activity.SplashActivity" name="pandavpn"/>

	<!-- Picsart -->
	<item class="com.socialin.android.photo.picsinphoto.MainPagerActivity" name="picsart"/>

	<!-- Poco Community -->
	<item class="com.mi.global.pocobbs.ui.SplashActivity" name="poco_community"/>

	<!-- PUBG MOBILE -->
	<item class="com.epicgames.ue4.SplashActivity" name="pubg_mobile"/>

	<!-- Radio Garden -->
	<item class="com.jonathanpuckey.radiogarden.MainActivity" name="radio_garden"/>

	<!-- Recorder -->
	<item class="com.android.soundrecorder.StartActivity" name="recorder"/>

	<!-- Reverso Context -->
	<item class="com.softissimo.reverso.context.activity.SplashActivity" name="reverso_context"/>

	<!-- Rewards -->
	<item class="com.google.android.apps.paidtasks.activity.LaunchActivity" name="rewards"/>

	<!-- Ring Sizer -->
	<item class="ru.cherrydesign.ringsizer.SplashActivity" name="ring_sizer"/>

	<!-- Roblox -->
	<item class="com.roblox.client.startup.ActivitySplash" name="roblox"/>

	<!-- Router Chef -->
	<item class="com.raouf.routerchef.SplashScreen" name="router_chef"/>

	<!-- Safety -->
	<item class="com.google.android.apps.safetyhub.LauncherActivity" name="safety"/>

	<!-- Scanner -->
	<item class="com.xiaomi.scanner.app.ScanActivity" name="scanner"/>

	<!-- SD Maid -->
	<item class="eu.thedarken.sdm.main.ui.SDMMainActivity" name="sd_maid"/>

	<!-- SD Maid Pro -->
	<item class="eu.thedarken.sdm.unlocker.MainActivity" name="sd_maid_pro"/>

	<!-- Security -->
	<item class="com.miui.securityscan.MainActivity" name="security"/>

	<!-- Settings -->
	<item class="com.android.settings.MainSettings" name="settings"/>

	<!-- Shahid -->
	<item class="net.mbc.shahid.activities.SplashActivity" name="shahid"/>

	<!-- ShareMe -->
	<item class="com.xiaomi.midrop.SplashScreen" name="shareme"/>

	<!-- Shizuku -->
	<item class="moe.shizuku.manager.MainActivity" name="shizuku"/>

	<!-- Sling Drift -->
	<item class="com.rubygames.slingdrift.UnityPlayerActivity" name="sling_drift"/>

	<!-- slither.io -->
	<item class="air.com.hypah.io.slither.AppEntry" name="slitherio"/>

	<!-- Subway Surf -->
	<item class="com.sybogames.chili.multidex.ChiliMultidexSupportActivity" name="subway_surf"/>

	<!-- talabat -->
	<item class="com.talabat.LandingScreen" name="talabat"/>

	<!-- Telda -->
	<item class="io.telda.app.ui.SplashActivity" name="telda"/>

	<!-- TeraBox -->
	<item class="com.dubox.drive.ui.Logo0LauncherActivity" name="terabox"/>

	<!-- Themes -->
	<item class="com.android.thememanager.ThemeResourceTabActivity" name="themes"/>

	<!-- TkMate -->
	<item class="com.tiktokdownloader.TkSplashActivity" name="tkmate"/>

	<!-- Twitch -->
	<item class="tv.twitch.android.app.core.LandingActivity" name="twitch"/>

	<!-- URL Video Player -->
	<item class="info.t4w.vp.view.MainActivity" name="url_video_player"/>

	<!-- VK -->
	<item class="com.vk.android.launcher.icons.IconAlias.DefaultIcon" name="vk"/>

	<!-- VPN Super -->
	<item class="com.superunlimited.feature.splash.presentation.activity.SplashActivity" name="vpn_super"/>

	<!-- Wallcraft -->
	<item class="com.wallpaperscraft.wallpaper.feature.main.MainActivity" name="wallcraft"/>

	<!-- Weather -->
	<item class="com.miui.weather2.ActivityWeatherMain" name="weather"/>

	<!-- X -->
	<item class="com.twitter.android.StartActivity" name="x"/>

	<!-- ZArchiver Pro -->
	<item class="ru.zdevs.zarchiver.pro.ZArchiver" name="zarchiver_pro"/>

	<!-- الأسطورة TV -->
	<item class="com.t4w.ostora516.start_act" name="الأسطورة_tv"/>

	<!-- مصحف الحرمين -->
	<item class="com.arabia_it.moshaf.ui.splash.SplashActivity" name="مصحف_الحرمين"/>

</appmap>