<Theme version="1">

	<!-- 365Scores -->
	<AppIcon name="com.scores365/com.scores365.ui.Splash" image="_365scores"/>

	<!-- Ana Vodafone -->
	<AppIcon name="com.emeint.android.myservices/vodafone.vis.engezly.ui.screens.splash.SplashRevampActivity" image="ana_vodafone"/>

	<!-- Anghami -->
	<AppIcon name="com.anghami/com.anghami.activities.SplashActivity_" image="anghami"/>

	<!-- Applaydu -->
	<AppIcon name="com.ferrero.applayduGP/com.unity3d.player.UnityPlayerActivity" image="applaydu"/>

	<!-- aShell -->
	<AppIcon name="in.sunilpaulmathew.ashell/in.sunilpaulmathew.ashell.activities.StartActivity" image="ashell"/>

	<!-- Auto Clicker -->
	<AppIcon name="com.truedevelopersstudio.automatictap.autoclicker/com.truedevelopersstudio.autoclicker.activities.SplashActivity" image="auto_clicker"/>

	<!-- Bowmasters -->
	<AppIcon name="com.miniclip.bowmasters/com.miniclip.bowmasters.BowmastersActivity" image="bowmasters"/>

	<!-- Calculator -->
	<AppIcon name="com.miui.calculator/com.miui.calculator.cal.CalculatorActivity" image="calculator"/>

	<!-- Calendar -->
	<AppIcon name="com.xiaomi.calendar/com.android.calendar.homepage.AllInOneActivity" image="calendar"/>

	<!-- Call of Duty -->
	<AppIcon name="com.activision.callofduty.shooter/com.tencent.tmgp.cod.CODMPrivatePermissionActivity" image="call_of_duty"/>

	<!-- Canta -->
	<AppIcon name="org.samo_lego.canta/org.samo_lego.canta.MainActivity" image="canta"/>

	<!-- CarX Street -->
	<AppIcon name="com.carxtech.sr/com.unity3d.player.UnityPlayerActivity" image="carx_street"/>

	<!-- Chat Smith -->
	<AppIcon name="com.smartwidgetlabs.chatgpt/com.smartwidgetlabs.chatgpt.ui.splash_screen.SplashActivity" image="chat_smith"/>

	<!-- ChatGPT -->
	<AppIcon name="com.openai.chatgpt/com.openai.chatgpt.MainActivity" image="chatgpt"/>

	<!-- Chess -->
	<AppIcon name="com.chess/com.chess.splash.SplashActivity" image="chess"/>

	<!-- Clock -->
	<AppIcon name="com.android.deskclock/com.android.deskclock.DeskClockTabActivity" image="clock"/>

	<!-- Compass -->
	<AppIcon name="com.miui.compass/com.miui.compass.CompassActivity" image="compass"/>

	<!-- Dictionary -->
	<AppIcon name="com.mobisystems.msdict.embedded.wireless.oxford.dictionaryofenglish/com.mobisystems.oxford_dictionary.MainActivity" image="dictionary"/>

	<!-- Discord -->
	<AppIcon name="com.discord/com.discord.main.MainDefault" image="discord"/>

	<!-- Downloads -->
	<AppIcon name="com.android.providers.downloads.ui/com.android.providers.downloads.ui.DownloadList" image="downloads"/>

	<!-- Duel Links -->
	<AppIcon name="jp.konami.duellinks/jp.konami.duellinks.plugins.YgomMainActivity" image="duel_links"/>

	<!-- Duo Mobile -->
	<AppIcon name="com.duosecurity.duomobile/com.duosecurity.duomobile.account_list.AccountListActivity" image="duo_mobile"/>

	<!-- Fancy Text Symbols -->
	<AppIcon name="com.hoangnguyen.textsmileypro/com.hoangnguyen.textsmileypro.ui.Main.SplashFragment" image="fancy_text_symbols"/>

	<!-- Files -->
	<AppIcon name="com.google.android.documentsui/com.android.documentsui.LauncherActivity" image="files"/>

	<!-- Free Fire -->
	<AppIcon name="com.dts.freefireth/com.dts.freefireth.FFMainActivity" image="free_fire"/>

	<!-- Gallery -->
	<AppIcon name="com.miui.gallery/com.miui.gallery.activity.HomePageActivity" image="gallery"/>

	<!-- GetApps -->
	<AppIcon name="com.xiaomi.mipicks/com.xiaomi.mipicks.DefaultAlias" image="getapps"/>

	<!-- Geto -->
	<AppIcon name="com.android.geto/com.android.geto.MainActivity" image="geto"/>

	<!-- HDO Box -->
	<AppIcon name="com.hdobox/com.hdobox.MainActivity" image="hdo_box"/>

	<!-- Hungry Shark -->
	<AppIcon name="com.fgol.HungrySharkEvolution/com.unity3d.player.UnityPlayerActivity" image="hungry_shark"/>

	<!-- Hungry Shark -->
	<AppIcon name="com.ubisoft.hungrysharkworld/com.unity3d.player.UnityPlayerActivity" image="hungry_shark"/>

	<!-- Incredibox -->
	<AppIcon name="com.sofarsogood.incredibox/com.sofarsogood.incredibox.MainActivity" image="incredibox"/>

	<!-- Johnny Trigger -->
	<AppIcon name="com.time.trigger/by.saygames.SayKitActivity" image="johnny_trigger"/>

	<!-- Lark Player -->
	<AppIcon name="com.dywx.larkplayer/com.dywx.larkplayer.main.MainActivity" image="lark_player"/>

	<!-- LIMBO -->
	<AppIcon name="com.playdead.limbo.full/com.playdead.limbo.LimboActivity" image="limbo"/>

	<!-- MediaOn -->
	<AppIcon name="com.mediaon.apt/com.mediaon.apt.MainActivity" image="mediaon"/>

	<!-- Mi Band 6 Watch Faces -->
	<AppIcon name="asn.ark.miband6/asn.ark.miband6.activites.SplashScreen" image="mi_band_6_watch_faces"/>

	<!-- Mi Fitness -->
	<AppIcon name="com.xiaomi.wearable/com.xiaomi.fitness.login.SplashActivity" image="mi_fitness"/>

	<!-- Mi Remote -->
	<AppIcon name="com.duokan.phone.remotecontroller/com.xiaomi.mitv.phone.remotecontroller.HoriWidgetMainActivityV2" image="mi_remote"/>

	<!-- Mi Video -->
	<AppIcon name="com.miui.videoplayer/com.miui.video.global.app.LauncherActivity" image="mi_video"/>

	<!-- MiBand6 -->
	<AppIcon name="dev.rokitskiy.miband6_watchface/dev.rokitskiy.miband6_watchface.MainActivity" image="miband6"/>

	<!-- My Orange -->
	<AppIcon name="com.orange.mobinilandme/com.linkdev.mobinilandme.ui.SplashScreen" image="my_orange"/>

	<!-- My WE -->
	<AppIcon name="com.ucare.we/com.ucare.we.SplashActivity" image="my_we"/>

	<!-- Nicegram -->
	<AppIcon name="app.nicegram/org.telegram.messenger.DefaultIcon" image="nicegram"/>

	<!-- noon -->
	<AppIcon name="com.noon.buyerapp/com.noon.buyerapp.MainActivity" image="noon"/>

	<!-- Notes -->
	<AppIcon name="com.miui.notes/com.miui.notes.ui.NotesListActivity" image="notes"/>

	<!-- Null’s Brawl -->
	<AppIcon name="daniillnull.nulls.brawlstars/com.supercell.brawlstars.GameApp" image="null’s_brawl"/>

	<!-- PandaVPN -->
	<AppIcon name="com.pandavpn.androidproxy/com.pandavpn.androidproxy.ui.main.MainActivity" image="pandavpn"/>

	<!-- PandaVPN -->
	<AppIcon name="com.pandavpnfree.androidproxy/com.pandavpn.androidproxy.ui.splash.activity.SplashActivity" image="pandavpn"/>

	<!-- Picsart -->
	<AppIcon name="com.picsart.studio/com.socialin.android.photo.picsinphoto.MainPagerActivity" image="picsart"/>

	<!-- Poco Community -->
	<AppIcon name="com.mi.global.pocobbs/com.mi.global.pocobbs.ui.SplashActivity" image="poco_community"/>

	<!-- PUBG MOBILE -->
	<AppIcon name="com.pubg.krmobile/com.epicgames.ue4.SplashActivity" image="pubg_mobile"/>

	<!-- Radio Garden -->
	<AppIcon name="com.jonathanpuckey.radiogarden/com.jonathanpuckey.radiogarden.MainActivity" image="radio_garden"/>

	<!-- Recorder -->
	<AppIcon name="com.android.soundrecorder/com.android.soundrecorder.StartActivity" image="recorder"/>

	<!-- Reverso Context -->
	<AppIcon name="com.softissimo.reverso.context/com.softissimo.reverso.context.activity.SplashActivity" image="reverso_context"/>

	<!-- Rewards -->
	<AppIcon name="com.google.android.apps.paidtasks/com.google.android.apps.paidtasks.activity.LaunchActivity" image="rewards"/>

	<!-- Ring Sizer -->
	<AppIcon name="ru.cherrydesign.ringsizer/ru.cherrydesign.ringsizer.SplashActivity" image="ring_sizer"/>

	<!-- Roblox -->
	<AppIcon name="com.roblox.client/com.roblox.client.startup.ActivitySplash" image="roblox"/>

	<!-- Router Chef -->
	<AppIcon name="com.raouf.routerchef/com.raouf.routerchef.SplashScreen" image="router_chef"/>

	<!-- Safety -->
	<AppIcon name="com.google.android.apps.safetyhub/com.google.android.apps.safetyhub.LauncherActivity" image="safety"/>

	<!-- Scanner -->
	<AppIcon name="com.xiaomi.scanner/com.xiaomi.scanner.app.ScanActivity" image="scanner"/>

	<!-- SD Maid -->
	<AppIcon name="eu.thedarken.sdm/eu.thedarken.sdm.main.ui.SDMMainActivity" image="sd_maid"/>

	<!-- SD Maid Pro -->
	<AppIcon name="eu.thedarken.sdm.unlocker/eu.thedarken.sdm.unlocker.MainActivity" image="sd_maid_pro"/>

	<!-- Security -->
	<AppIcon name="com.miui.securitycenter/com.miui.securityscan.MainActivity" image="security"/>

	<!-- Settings -->
	<AppIcon name="com.android.settings/com.android.settings.MainSettings" image="settings"/>

	<!-- Shahid -->
	<AppIcon name="net.mbc.shahid/net.mbc.shahid.activities.SplashActivity" image="shahid"/>

	<!-- ShareMe -->
	<AppIcon name="com.xiaomi.midrop/com.xiaomi.midrop.SplashScreen" image="shareme"/>

	<!-- Shizuku -->
	<AppIcon name="moe.shizuku.privileged.api/moe.shizuku.manager.MainActivity" image="shizuku"/>

	<!-- Sling Drift -->
	<AppIcon name="com.rubygames.slingdrift/com.rubygames.slingdrift.UnityPlayerActivity" image="sling_drift"/>

	<!-- slither.io -->
	<AppIcon name="air.com.hypah.io.slither.TopXNewWorm/air.com.hypah.io.slither.AppEntry" image="slitherio"/>

	<!-- Subway Surf -->
	<AppIcon name="com.kiloo.subwaysurf/com.sybogames.chili.multidex.ChiliMultidexSupportActivity" image="subway_surf"/>

	<!-- talabat -->
	<AppIcon name="com.talabat/com.talabat.LandingScreen" image="talabat"/>

	<!-- Telda -->
	<AppIcon name="io.telda.app/io.telda.app.ui.SplashActivity" image="telda"/>

	<!-- TeraBox -->
	<AppIcon name="com.dubox.drive/com.dubox.drive.ui.Logo0LauncherActivity" image="terabox"/>

	<!-- Themes -->
	<AppIcon name="com.android.thememanager/com.android.thememanager.ThemeResourceTabActivity" image="themes"/>

	<!-- TkMate -->
	<AppIcon name="tiktok.downloader.tiktokvideodownloader.nowatermark.savetiktokvideo/com.tiktokdownloader.TkSplashActivity" image="tkmate"/>

	<!-- Twitch -->
	<AppIcon name="tv.twitch.android.app/tv.twitch.android.app.core.LandingActivity" image="twitch"/>

	<!-- URL Video Player -->
	<AppIcon name="info.t4w.vp/info.t4w.vp.view.MainActivity" image="url_video_player"/>

	<!-- VK -->
	<AppIcon name="com.vkontakte.android/com.vk.android.launcher.icons.IconAlias.DefaultIcon" image="vk"/>

	<!-- VPN Super -->
	<AppIcon name="com.free.vpn.super.hotspot.open/com.superunlimited.feature.splash.presentation.activity.SplashActivity" image="vpn_super"/>

	<!-- Wallcraft -->
	<AppIcon name="com.wallpaperscraft.wallpaper/com.wallpaperscraft.wallpaper.feature.main.MainActivity" image="wallcraft"/>

	<!-- Weather -->
	<AppIcon name="com.miui.weather2/com.miui.weather2.ActivityWeatherMain" image="weather"/>

	<!-- X -->
	<AppIcon name="com.twitter.android/com.twitter.android.StartActivity" image="x"/>

	<!-- ZArchiver Pro -->
	<AppIcon name="ru.zdevs.zarchiver.pro/ru.zdevs.zarchiver.pro.ZArchiver" image="zarchiver_pro"/>

	<!-- الأسطورة TV -->
	<AppIcon name="com.t4w.ostora516/com.t4w.ostora516.start_act" image="الأسطورة_tv"/>

	<!-- مصحف الحرمين -->
	<AppIcon name="com.arabia_it.moshaf/com.arabia_it.moshaf.ui.splash.SplashActivity" image="مصحف_الحرمين"/>

</Theme>