<resources>

	<!-- Apps -->
	<item component="ComponentInfo{app.grapheneos.apps/app.grapheneos.apps.ui.MainActivity}" drawable="apps" />

	<!-- Auditor -->
	<item component="ComponentInfo{app.attestation.auditor/app.attestation.auditor.AttestationActivity}" drawable="auditor" />

	<!-- Book Reader -->
	<item component="ComponentInfo{com.github.axet.bookreader/com.github.axet.bookreader.activities.MainActivity}" drawable="book_reader" />

	<!-- Eat Poop You Cat -->
	<item component="ComponentInfo{dev.develsinthedetails.eatpoopyoucat/dev.develsinthedetails.eatpoopyoucat.MainActivity}" drawable="eat_poop_you_cat" />

	<!-- Frame by Frame -->
	<item component="ComponentInfo{com.framebyframe/com.framebyframe.SplashActivity}" drawable="frame_by_frame" />

	<!-- Irregular Expressions -->
	<item component="ComponentInfo{mf.asciitext.lite/mf.irregex.SplashScreen}" drawable="irregular_expressions" />

	<!-- Keep Screen On -->
	<item component="ComponentInfo{com.elasticrock.keepscreenon/com.elasticrock.keepscreenon.MainActivity}" drawable="keep_screen_on" />

	<!-- Keyboard -->
	<item component="ComponentInfo{com.android.inputmethod.latin/com.android.inputmethod.latin.setup.SetupActivity}" drawable="keyboard" />

	<!-- Open Link With -->
	<item component="ComponentInfo{com.tasomaniac.openwith.floss/com.tasomaniac.openwith.settings.SettingsActivity}" drawable="open_link_with" />

	<!-- Palette Cycling LWP -->
	<item component="ComponentInfo{rak.pixellwp/rak.pixellwp.SetWallpaperActivity}" drawable="palette_cycling_lwp" />

	<!-- Sayboard -->
	<item component="ComponentInfo{com.elishaazaria.sayboard/com.elishaazaria.sayboard.SettingsActivity}" drawable="sayboard" />

	<!-- Shroomify Mushroom ID -->
	<item component="ComponentInfo{com.mushroom.shroomify/com.mushroom.shroomify.MainActivity}" drawable="shroomify_mushroom_id" />

	<!-- Sky Map -->
	<item component="ComponentInfo{com.google.android.stardroid/com.google.android.stardroid.activities.SplashScreenActivity}" drawable="sky_map" />

</resources>