<appmap>

	<!-- Apps -->
	<item class="app.grapheneos.apps.ui.MainActivity" name="apps"/>

	<!-- Auditor -->
	<item class="app.attestation.auditor.AttestationActivity" name="auditor"/>

	<!-- Book Reader -->
	<item class="com.github.axet.bookreader.activities.MainActivity" name="book_reader"/>

	<!-- Eat Poop You Cat -->
	<item class="dev.develsinthedetails.eatpoopyoucat.MainActivity" name="eat_poop_you_cat"/>

	<!-- Frame by Frame -->
	<item class="com.framebyframe.SplashActivity" name="frame_by_frame"/>

	<!-- Irregular Expressions -->
	<item class="mf.irregex.SplashScreen" name="irregular_expressions"/>

	<!-- Keep Screen On -->
	<item class="com.elasticrock.keepscreenon.MainActivity" name="keep_screen_on"/>

	<!-- Keyboard -->
	<item class="com.android.inputmethod.latin.setup.SetupActivity" name="keyboard"/>

	<!-- Open Link With -->
	<item class="com.tasomaniac.openwith.settings.SettingsActivity" name="open_link_with"/>

	<!-- Palette Cycling LWP -->
	<item class="rak.pixellwp.SetWallpaperActivity" name="palette_cycling_lwp"/>

	<!-- Sayboard -->
	<item class="com.elishaazaria.sayboard.SettingsActivity" name="sayboard"/>

	<!-- Shroomify Mushroom ID -->
	<item class="com.mushroom.shroomify.MainActivity" name="shroomify_mushroom_id"/>

	<!-- Sky Map -->
	<item class="com.google.android.stardroid.activities.SplashScreenActivity" name="sky_map"/>

</appmap>