<Theme version="1">

	<!-- Apps -->
	<AppIcon name="app.grapheneos.apps/app.grapheneos.apps.ui.MainActivity" image="apps"/>

	<!-- Auditor -->
	<AppIcon name="app.attestation.auditor/app.attestation.auditor.AttestationActivity" image="auditor"/>

	<!-- Book Reader -->
	<AppIcon name="com.github.axet.bookreader/com.github.axet.bookreader.activities.MainActivity" image="book_reader"/>

	<!-- Eat Poop You Cat -->
	<AppIcon name="dev.develsinthedetails.eatpoopyoucat/dev.develsinthedetails.eatpoopyoucat.MainActivity" image="eat_poop_you_cat"/>

	<!-- Frame by Frame -->
	<AppIcon name="com.framebyframe/com.framebyframe.SplashActivity" image="frame_by_frame"/>

	<!-- Irregular Expressions -->
	<AppIcon name="mf.asciitext.lite/mf.irregex.SplashScreen" image="irregular_expressions"/>

	<!-- Keep Screen On -->
	<AppIcon name="com.elasticrock.keepscreenon/com.elasticrock.keepscreenon.MainActivity" image="keep_screen_on"/>

	<!-- Keyboard -->
	<AppIcon name="com.android.inputmethod.latin/com.android.inputmethod.latin.setup.SetupActivity" image="keyboard"/>

	<!-- Open Link With -->
	<AppIcon name="com.tasomaniac.openwith.floss/com.tasomaniac.openwith.settings.SettingsActivity" image="open_link_with"/>

	<!-- Palette Cycling LWP -->
	<AppIcon name="rak.pixellwp/rak.pixellwp.SetWallpaperActivity" image="palette_cycling_lwp"/>

	<!-- Sayboard -->
	<AppIcon name="com.elishaazaria.sayboard/com.elishaazaria.sayboard.SettingsActivity" image="sayboard"/>

	<!-- Shroomify Mushroom ID -->
	<AppIcon name="com.mushroom.shroomify/com.mushroom.shroomify.MainActivity" image="shroomify_mushroom_id"/>

	<!-- Sky Map -->
	<AppIcon name="com.google.android.stardroid/com.google.android.stardroid.activities.SplashScreenActivity" image="sky_map"/>

</Theme>