<resources>

	<!-- ∞ Loop -->
	<item component="ComponentInfo{com.balysv.loop/com.balysv.loop.SplashScreenActivity}" drawable="∞_loop" />

	<!-- Albums -->
	<item component="ComponentInfo{com.vivo.gallery/com.android.gallery3d.vivo.GalleryTabActivity}" drawable="albums" />

	<!-- Amazon miniTV -->
	<item component="ComponentInfo{com.amazon.minitv.android.app/com.amazon.minitv.android.app.activities.MiniTVMainActivity}" drawable="amazon_minitv" />

	<!-- Artifact -->
	<item component="ComponentInfo{ai.nokto.wire/ai.nokto.wire.MainActivity}" drawable="artifact" />

	<!-- BitTorrent -->
	<item component="ComponentInfo{com.bittorrent.client/com.bittorrent.app.Main}" drawable="bittorrent" />

	<!-- boAt Hearables -->
	<item component="ComponentInfo{com.boAt.hearables/com.boAt.hearables.ui.main.SplashActivity}" drawable="boat_hearables" />

	<!-- Browser -->
	<item component="ComponentInfo{com.vivo.browser/com.vivo.browser.BrowserActivity}" drawable="browser" />

	<!-- Calculator -->
	<item component="ComponentInfo{com.vivo.calculator/com.vivo.calculator.Calculator}" drawable="calculator" />

	<!-- Camera -->
	<item component="ComponentInfo{com.android.camera/com.android.camera.CameraActivity}" drawable="camera" />

	<!-- Candle -->
	<item component="ComponentInfo{com.elasticrock.candle/com.elasticrock.candle.MainActivity}" drawable="candle" />

	<!-- Compass -->
	<item component="ComponentInfo{com.vivo.compass/com.vivo.compass.CalibrationActivity}" drawable="compass" />

	<!-- Dodge -->
	<item component="ComponentInfo{com.dozingcatsoftware.dodge/com.dozingcatsoftware.dodge.DodgeMain}" drawable="dodge" />

	<!-- EasyShare -->
	<item component="ComponentInfo{com.vivo.easyshare/com.vivo.easyshare.activity.SplashScreenActivity}" drawable="easyshare" />

	<!-- Feedback -->
	<item component="ComponentInfo{com.vivo.feedback/com.vivo.feedback.feedback.complain.ComplainActivity}" drawable="feedback" />

	<!-- Figgerits -->
	<item component="ComponentInfo{com.hitapps.figgerits/com.unity3d.player.UnityPlayerActivity}" drawable="figgerits" />

	<!-- Game Space -->
	<item component="ComponentInfo{com.vivo.game/com.vivo.game.gamespace.ui.GameSpaceSplashActivity}" drawable="game_space" />

	<!-- Geddit -->
	<item component="ComponentInfo{geddit.buzl.uk/geddit.buzl.uk.MainActivity}" drawable="geddit" />

	<!-- Hotstar -->
	<item component="ComponentInfo{in.startv.hotstar/com.hotstar.MainActivity}" drawable="hotstar" />

	<!-- iManager -->
	<item component="ComponentInfo{com.vivo.imanager/com.iqoo.secure.MainGuideActivity}" drawable="imanager" />

	<!-- iQOO.com -->
	<item component="ComponentInfo{com.iqoo.website/com.vivo.website.activity.SplashActivity}" drawable="iqoocom" />

	<!-- iQOOCloud -->
	<item component="ComponentInfo{com.bbk.cloud/com.bbk.cloud.ui.BBKCloudHomeScreen}" drawable="iqoocloud" />

	<!-- Kindle -->
	<item component="ComponentInfo{com.amazon.kindle/com.amazon.kindle.UpgradePage}" drawable="kindle" />

	<!-- KUKU FM -->
	<item component="ComponentInfo{com.vlv.aravali/com.vlv.aravali.views.activities.SplashActivity}" drawable="kuku_fm" />

	<!-- Lock -->
	<item component="ComponentInfo{com.android.bbk.lockscreen3/com.android.bbk.lockscreen3.LockScreenActivity}" drawable="lock" />

	<!-- Medium -->
	<item component="ComponentInfo{com.medium.reader/com.medium.android.donkey.start.SplashActivity}" drawable="medium" />

	<!-- Messages -->
	<item component="ComponentInfo{org.fossify.messages/org.fossify.messages.activities.SplashActivity.Green}" drawable="messages" />

	<!-- Notes -->
	<item component="ComponentInfo{com.vivo.notes/com.vivo.notes.Notes}" drawable="notes" />

	<!-- Notesnook -->
	<item component="ComponentInfo{com.streetwriters.notesnook/com.streetwriters.notesnook.MainActivity}" drawable="notesnook" />

	<!-- OTTplay -->
	<item component="ComponentInfo{com.ht.ottplay/com.ht.ottplay.MainActivity}" drawable="ottplay" />

	<!-- Phone -->
	<item component="ComponentInfo{org.fossify.phone/org.fossify.phone.activities.SplashActivity.Green}" drawable="phone" />

	<!-- Pro Launcher -->
	<item component="ComponentInfo{app.prolauncher/app.prolauncher.MainActivity}" drawable="pro_launcher" />

	<!-- Recorder -->
	<item component="ComponentInfo{com.vivo.soundrecorder/com.vivo.activity.ReclistActivity}" drawable="recorder" />

	<!-- RTA m-Wallet -->
	<item component="ComponentInfo{tsgovt.com.mywalet/com.example.mwallet.MainActivity}" drawable="rta_m_wallet" />

	<!-- Screen Alive -->
	<item component="ComponentInfo{in.snapcore.screen_alive/in.snapcore.screen_alive.view.FreeActivity}" drawable="screen_alive" />

	<!-- ScreenshotGo -->
	<item component="ComponentInfo{org.mozilla.screenshot.go/org.mozilla.scryer.MainActivity}" drawable="screenshotgo" />

	<!-- Signal -->
	<item component="ComponentInfo{org.thoughtcrime.securesms/org.thoughtcrime.securesms.RoutingActivityAltChat}" drawable="signal" />

	<!-- SIM Toolkit1 -->
	<item component="ComponentInfo{com.android.stk/com.android.stk.StkLauncherActivityOther1}" drawable="sim_toolkit1" />

	<!-- Simple View -->
	<item component="ComponentInfo{com.vivo.simplelauncher/com.vivo.simplelauncher.SimpleLauncher}" drawable="simple_view" />

	<!-- Smart Remote -->
	<item component="ComponentInfo{com.vivo.vhome/com.vivo.vhome.ir.ui.IRDeviceManageActivity}" drawable="smart_remote" />

	<!-- SmartQ -->
	<item component="ComponentInfo{com.thesmartq.smartq/com.thesmartq.smartq.activities.SplashScreenActivity}" drawable="smartq" />

	<!-- Telegram -->
	<item component="ComponentInfo{org.telegram.messenger/org.telegram.messenger.VintageIcon}" drawable="telegram" />

	<!-- Themes -->
	<item component="ComponentInfo{com.bbk.theme/com.bbk.theme.Theme}" drawable="themes" />

	<!-- Tips -->
	<item component="ComponentInfo{com.vivo.Tips/com.vivo.Tips.MainActivity}" drawable="tips" />

	<!-- TSavaari -->
	<item component="ComponentInfo{com.minfy.tsavaari/com.minfy.tsavaari.activities.SplashActivity}" drawable="tsavaari" />

	<!-- URL Cleaner -->
	<item component="ComponentInfo{com.svenjacobs.app.leon/com.svenjacobs.app.leon.MainActivity}" drawable="url_cleaner" />

	<!-- Video -->
	<item component="ComponentInfo{com.android.VideoPlayer/com.android.VideoPlayer.VideoPlayer}" drawable="video" />

	<!-- Xstream Play -->
	<item component="ComponentInfo{tv.accedo.airtel.wynk/tv.accedo.airtel.wynk.presentation.view.activity.SplashActivity}" drawable="xstream_play" />

</resources>