<Theme version="1">

	<!-- ∞ Loop -->
	<AppIcon name="com.balysv.loop/com.balysv.loop.SplashScreenActivity" image="∞_loop"/>

	<!-- Albums -->
	<AppIcon name="com.vivo.gallery/com.android.gallery3d.vivo.GalleryTabActivity" image="albums"/>

	<!-- Amazon miniTV -->
	<AppIcon name="com.amazon.minitv.android.app/com.amazon.minitv.android.app.activities.MiniTVMainActivity" image="amazon_minitv"/>

	<!-- Artifact -->
	<AppIcon name="ai.nokto.wire/ai.nokto.wire.MainActivity" image="artifact"/>

	<!-- BitTorrent -->
	<AppIcon name="com.bittorrent.client/com.bittorrent.app.Main" image="bittorrent"/>

	<!-- boAt Hearables -->
	<AppIcon name="com.boAt.hearables/com.boAt.hearables.ui.main.SplashActivity" image="boat_hearables"/>

	<!-- Browser -->
	<AppIcon name="com.vivo.browser/com.vivo.browser.BrowserActivity" image="browser"/>

	<!-- Calculator -->
	<AppIcon name="com.vivo.calculator/com.vivo.calculator.Calculator" image="calculator"/>

	<!-- Camera -->
	<AppIcon name="com.android.camera/com.android.camera.CameraActivity" image="camera"/>

	<!-- Candle -->
	<AppIcon name="com.elasticrock.candle/com.elasticrock.candle.MainActivity" image="candle"/>

	<!-- Compass -->
	<AppIcon name="com.vivo.compass/com.vivo.compass.CalibrationActivity" image="compass"/>

	<!-- Dodge -->
	<AppIcon name="com.dozingcatsoftware.dodge/com.dozingcatsoftware.dodge.DodgeMain" image="dodge"/>

	<!-- EasyShare -->
	<AppIcon name="com.vivo.easyshare/com.vivo.easyshare.activity.SplashScreenActivity" image="easyshare"/>

	<!-- Feedback -->
	<AppIcon name="com.vivo.feedback/com.vivo.feedback.feedback.complain.ComplainActivity" image="feedback"/>

	<!-- Figgerits -->
	<AppIcon name="com.hitapps.figgerits/com.unity3d.player.UnityPlayerActivity" image="figgerits"/>

	<!-- Game Space -->
	<AppIcon name="com.vivo.game/com.vivo.game.gamespace.ui.GameSpaceSplashActivity" image="game_space"/>

	<!-- Geddit -->
	<AppIcon name="geddit.buzl.uk/geddit.buzl.uk.MainActivity" image="geddit"/>

	<!-- Hotstar -->
	<AppIcon name="in.startv.hotstar/com.hotstar.MainActivity" image="hotstar"/>

	<!-- iManager -->
	<AppIcon name="com.vivo.imanager/com.iqoo.secure.MainGuideActivity" image="imanager"/>

	<!-- iQOO.com -->
	<AppIcon name="com.iqoo.website/com.vivo.website.activity.SplashActivity" image="iqoocom"/>

	<!-- iQOOCloud -->
	<AppIcon name="com.bbk.cloud/com.bbk.cloud.ui.BBKCloudHomeScreen" image="iqoocloud"/>

	<!-- Kindle -->
	<AppIcon name="com.amazon.kindle/com.amazon.kindle.UpgradePage" image="kindle"/>

	<!-- KUKU FM -->
	<AppIcon name="com.vlv.aravali/com.vlv.aravali.views.activities.SplashActivity" image="kuku_fm"/>

	<!-- Lock -->
	<AppIcon name="com.android.bbk.lockscreen3/com.android.bbk.lockscreen3.LockScreenActivity" image="lock"/>

	<!-- Medium -->
	<AppIcon name="com.medium.reader/com.medium.android.donkey.start.SplashActivity" image="medium"/>

	<!-- Messages -->
	<AppIcon name="org.fossify.messages/org.fossify.messages.activities.SplashActivity.Green" image="messages"/>

	<!-- Notes -->
	<AppIcon name="com.vivo.notes/com.vivo.notes.Notes" image="notes"/>

	<!-- Notesnook -->
	<AppIcon name="com.streetwriters.notesnook/com.streetwriters.notesnook.MainActivity" image="notesnook"/>

	<!-- OTTplay -->
	<AppIcon name="com.ht.ottplay/com.ht.ottplay.MainActivity" image="ottplay"/>

	<!-- Phone -->
	<AppIcon name="org.fossify.phone/org.fossify.phone.activities.SplashActivity.Green" image="phone"/>

	<!-- Pro Launcher -->
	<AppIcon name="app.prolauncher/app.prolauncher.MainActivity" image="pro_launcher"/>

	<!-- Recorder -->
	<AppIcon name="com.vivo.soundrecorder/com.vivo.activity.ReclistActivity" image="recorder"/>

	<!-- RTA m-Wallet -->
	<AppIcon name="tsgovt.com.mywalet/com.example.mwallet.MainActivity" image="rta_m_wallet"/>

	<!-- Screen Alive -->
	<AppIcon name="in.snapcore.screen_alive/in.snapcore.screen_alive.view.FreeActivity" image="screen_alive"/>

	<!-- ScreenshotGo -->
	<AppIcon name="org.mozilla.screenshot.go/org.mozilla.scryer.MainActivity" image="screenshotgo"/>

	<!-- Signal -->
	<AppIcon name="org.thoughtcrime.securesms/org.thoughtcrime.securesms.RoutingActivityAltChat" image="signal"/>

	<!-- SIM Toolkit1 -->
	<AppIcon name="com.android.stk/com.android.stk.StkLauncherActivityOther1" image="sim_toolkit1"/>

	<!-- Simple View -->
	<AppIcon name="com.vivo.simplelauncher/com.vivo.simplelauncher.SimpleLauncher" image="simple_view"/>

	<!-- Smart Remote -->
	<AppIcon name="com.vivo.vhome/com.vivo.vhome.ir.ui.IRDeviceManageActivity" image="smart_remote"/>

	<!-- SmartQ -->
	<AppIcon name="com.thesmartq.smartq/com.thesmartq.smartq.activities.SplashScreenActivity" image="smartq"/>

	<!-- Telegram -->
	<AppIcon name="org.telegram.messenger/org.telegram.messenger.VintageIcon" image="telegram"/>

	<!-- Themes -->
	<AppIcon name="com.bbk.theme/com.bbk.theme.Theme" image="themes"/>

	<!-- Tips -->
	<AppIcon name="com.vivo.Tips/com.vivo.Tips.MainActivity" image="tips"/>

	<!-- TSavaari -->
	<AppIcon name="com.minfy.tsavaari/com.minfy.tsavaari.activities.SplashActivity" image="tsavaari"/>

	<!-- URL Cleaner -->
	<AppIcon name="com.svenjacobs.app.leon/com.svenjacobs.app.leon.MainActivity" image="url_cleaner"/>

	<!-- Video -->
	<AppIcon name="com.android.VideoPlayer/com.android.VideoPlayer.VideoPlayer" image="video"/>

	<!-- Xstream Play -->
	<AppIcon name="tv.accedo.airtel.wynk/tv.accedo.airtel.wynk.presentation.view.activity.SplashActivity" image="xstream_play"/>

</Theme>