<resources>

	<!-- Amazon -->
	<item component="ComponentInfo{in.amazon.mShop.android.shopping/com.amazon.mShop.home.HomeActivity}" drawable="amazon" />

	<!-- Calendar -->
	<item component="ComponentInfo{org.fossify.calendar/org.fossify.calendar.activities.SplashActivity.Pink}" drawable="calendar" />

	<!-- Camera -->
	<item component="ComponentInfo{org.derpfest.flash/org.derpfest.flash.CameraLauncher}" drawable="camera" />

	<!-- ColorBlendr -->
	<item component="ComponentInfo{com.drdisagree.colorblendr/com.drdisagree.colorblendr.ui.activities.SplashActivity}" drawable="colorblendr" />

	<!-- FM Radio -->
	<item component="ComponentInfo{com.caf.fmradio/com.caf.fmradio.FMRadio}" drawable="fm_radio" />

	<!-- Gallery -->
	<item component="ComponentInfo{org.fossify.gallery/org.fossify.gallery.activities.SplashActivity.Pink}" drawable="gallery" />

	<!-- Gramophone -->
	<item component="ComponentInfo{org.akanework.gramophone/org.akanework.gramophone.ui.MainActivity}" drawable="gramophone" />

	<!-- Nautide -->
	<item component="ComponentInfo{com.nautide.app/com.nautide.app.MainActivity}" drawable="nautide" />

</resources>