<appmap>

	<!-- Amazon -->
	<item class="com.amazon.mShop.home.HomeActivity" name="amazon"/>

	<!-- Calendar -->
	<item class="org.fossify.calendar.activities.SplashActivity.Pink" name="calendar"/>

	<!-- Camera -->
	<item class="org.derpfest.flash.CameraLauncher" name="camera"/>

	<!-- ColorBlendr -->
	<item class="com.drdisagree.colorblendr.ui.activities.SplashActivity" name="colorblendr"/>

	<!-- FM Radio -->
	<item class="com.caf.fmradio.FMRadio" name="fm_radio"/>

	<!-- Gallery -->
	<item class="org.fossify.gallery.activities.SplashActivity.Pink" name="gallery"/>

	<!-- Gramophone -->
	<item class="org.akanework.gramophone.ui.MainActivity" name="gramophone"/>

	<!-- Nautide -->
	<item class="com.nautide.app.MainActivity" name="nautide"/>

</appmap>