<Theme version="1">

	<!-- Amazon -->
	<AppIcon name="in.amazon.mShop.android.shopping/com.amazon.mShop.home.HomeActivity" image="amazon"/>

	<!-- Calendar -->
	<AppIcon name="org.fossify.calendar/org.fossify.calendar.activities.SplashActivity.Pink" image="calendar"/>

	<!-- Camera -->
	<AppIcon name="org.derpfest.flash/org.derpfest.flash.CameraLauncher" image="camera"/>

	<!-- ColorBlendr -->
	<AppIcon name="com.drdisagree.colorblendr/com.drdisagree.colorblendr.ui.activities.SplashActivity" image="colorblendr"/>

	<!-- FM Radio -->
	<AppIcon name="com.caf.fmradio/com.caf.fmradio.FMRadio" image="fm_radio"/>

	<!-- Gallery -->
	<AppIcon name="org.fossify.gallery/org.fossify.gallery.activities.SplashActivity.Pink" image="gallery"/>

	<!-- Gramophone -->
	<AppIcon name="org.akanework.gramophone/org.akanework.gramophone.ui.MainActivity" image="gramophone"/>

	<!-- Nautide -->
	<AppIcon name="com.nautide.app/com.nautide.app.MainActivity" image="nautide"/>

</Theme>