<resources>

	<!-- 2048 -->
	<item component="ComponentInfo{org.secuso.privacyfriendly2048/org.secuso.privacyfriendly2048.activities.SplashActivity}" drawable="_2048" />

	<!-- ABN AMRO -->
	<item component="ComponentInfo{com.abnamro.nl.mobile.payments/com.abnamro.nl.mobile.payments.ui.RoutingActivity}" drawable="abn_amro" />

	<!-- AirGuard -->
	<item component="ComponentInfo{de.seemoo.at_tracking_detection/de.seemoo.at_tracking_detection.ui.MainActivity}" drawable="airguard" />

	<!-- AM2R -->
	<item component="ComponentInfo{com.companyname.AM2RWrapper/com.companyname.AM2RWrapper.RunnerActivity}" drawable="am2r" />

	<!-- AndTTT -->
	<item component="ComponentInfo{com.github.dawidd6.andttt/com.github.dawidd6.andttt.activities.MainActivity}" drawable="andttt" />

	<!-- Antimine -->
	<item component="ComponentInfo{dev.lucanlm.antimine/dev.lucasnlm.antimine.main.MainActivity}" drawable="antimine" />

	<!-- Arcticons -->
	<item component="ComponentInfo{com.donnnno.arcticons/com.donnnno.arcticons.activities.MainActivity}" drawable="arcticons" />

	<!-- Arcticons Black -->
	<item component="ComponentInfo{com.donnnno.arcticons.light/com.donnnno.arcticons.activities.MainActivity}" drawable="arcticons_black" />

	<!-- AudioFX -->
	<item component="ComponentInfo{org.lineageos.audiofx/org.lineageos.audiofx.activity.ActivityMusic}" drawable="audiofx" />

	<!-- Blackjack -->
	<item component="ComponentInfo{crypto.o0o0o0o0o.games.blackjack/crypto.o0o0o0o0o.games.blackjack.MainActivity}" drawable="blackjack" />

	<!-- Blockinger -->
	<item component="ComponentInfo{org.blockinger.game/org.blockinger.game.activities.MainActivity}" drawable="blockinger" />

	<!-- Bubble -->
	<item component="ComponentInfo{org.woheller69.level/org.woheller69.level.Level}" drawable="bubble" />

	<!-- Checkers -->
	<item component="ComponentInfo{org.secuso.privacyfriendlydame/org.secuso.privacyfriendlydame.ui.SplashActivity}" drawable="checkers" />

	<!-- Chess Clock -->
	<item component="ComponentInfo{com.chess.clock/com.chess.clock.activities.ClockTimersActivity}" drawable="chess_clock" />

	<!-- Clipeus -->
	<item component="ComponentInfo{me.lucky.clipeus/me.lucky.clipeus.MainActivity}" drawable="clipeus" />

	<!-- DigiD -->
	<item component="ComponentInfo{nl.rijksoverheid.digid.pub/crc64bbb4e1ca9d69cb46.MainActivity}" drawable="digid" />

	<!-- Dodge -->
	<item component="ComponentInfo{com.dozingcatsoftware.dodge/com.dozingcatsoftware.dodge.DodgeMain}" drawable="dodge" />

	<!-- Dolphin Emulator -->
	<item component="ComponentInfo{org.dolphinemu.dolphinemu/org.dolphinemu.dolphinemu.ui.main.MainActivity}" drawable="dolphin_emulator" />

	<!-- EDOPro -->
	<item component="ComponentInfo{io.github.edo9300.edopro/io.github.edo9300.edopro.MainActivity}" drawable="edopro" />

	<!-- Eternity -->
	<item component="ComponentInfo{eu.toldi.infinityforlemmy/eu.toldi.infinityforlemmy.DefaultIcon}" drawable="eternity" />

	<!-- Feudal Tactics -->
	<item component="ComponentInfo{de.sesu8642.feudaltactics/de.sesu8642.feudaltactics.AndroidLauncher}" drawable="feudal_tactics" />

	<!-- Freedoom -->
	<item component="ComponentInfo{net.nullsum.freedoom/net.nullsum.freedoom.EntryActivity}" drawable="freedoom" />

	<!-- Frost -->
	<item component="ComponentInfo{com.dkanada.icecons/com.dkanada.icecons.activities.MainActivity}" drawable="frost" />

	<!-- Gallery -->
	<item component="ComponentInfo{org.fossify.gallery/org.fossify.gallery.activities.SplashActivity.Light_green}" drawable="gallery" />

	<!-- GL TRON -->
	<item component="ComponentInfo{com.glTron/com.glTron.glTron}" drawable="gl_tron" />

	<!-- Gobandroid -->
	<item component="ComponentInfo{org.ligi.gobandroid_hd/org.ligi.gobandroid_hd.ui.game_setup.GoSetupActivity}" drawable="gobandroid" />

	<!-- Gobandroid TV -->
	<item component="ComponentInfo{org.ligi.gobandroid_hd/org.ligi.gobandroid_hd.ui.GobanDroidTVActivity}" drawable="gobandroid_tv" />

	<!-- Headphones -->
	<item component="ComponentInfo{com.sony.songpal.mdr/com.sony.songpal.mdr.vim.activity.MdrMainActivity}" drawable="headphones" />

	<!-- Kotatsu -->
	<item component="ComponentInfo{org.koitharu.kotatsu/org.koitharu.kotatsu.main.ui.MainActivity}" drawable="kotatsu" />

	<!-- MHGUDB -->
	<item component="ComponentInfo{com.ghstudios.android.mhgendatabase/com.ghstudios.android.features.monsters.list.MonsterListPagerActivity}" drawable="mhgudb" />

	<!-- MijnSimpel -->
	<item component="ComponentInfo{nl.simpel.mijnsimpel/nl.simpel.mijnsimpel.MainActivity}" drawable="mijnsimpel" />

	<!-- Mindustry -->
	<item component="ComponentInfo{io.anuke.mindustry/mindustry.android.AndroidLauncher}" drawable="mindustry" />

	<!-- MTG Familiar -->
	<item component="ComponentInfo{com.gelakinetic.mtgfam/com.gelakinetic.mtgfam.FamiliarActivity}" drawable="mtg_familiar" />

	<!-- Mullvad VPN -->
	<item component="ComponentInfo{net.mullvad.mullvadvpn/net.mullvad.mullvadvpn.ui.MainActivity}" drawable="mullvad_vpn" />

	<!-- Neo Feed -->
	<item component="ComponentInfo{com.saulhdev.neofeed/com.saulhdev.feeder.MainActivity}" drawable="neo_feed" />

	<!-- Network Tools -->
	<item component="ComponentInfo{net.he.networktools/net.he.networktools.MainActivity}" drawable="network_tools" />

	<!-- Open Sudoku -->
	<item component="ComponentInfo{org.moire.opensudoku/org.moire.opensudoku.gui.TitleScreenActivity}" drawable="open_sudoku" />

	<!-- OSS Document Scanner -->
	<item component="ComponentInfo{com.akylas.documentscanner/com.akylas.documentscanner.MainActivity}" drawable="oss_document_scanner" />

	<!-- ParticleSim -->
	<item component="ComponentInfo{com.tss.android/com.tss.android.NBodyActivity}" drawable="particlesim" />

	<!-- Prognoza -->
	<item component="ComponentInfo{hr.dtakac.prognoza/hr.dtakac.prognoza.ui.MainActivity}" drawable="prognoza" />

	<!-- QRAlarm -->
	<item component="ComponentInfo{com.sweak.qralarm/com.sweak.qralarm.MainActivity}" drawable="qralarm" />

	<!-- Randomix -->
	<item component="ComponentInfo{com.minar.randomix/com.minar.randomix.activities.MainActivity}" drawable="randomix" />

	<!-- Seeneva -->
	<item component="ComponentInfo{app.seeneva.reader/app.seeneva.reader.screen.MainActivity}" drawable="seeneva" />

	<!-- Shattered Pixel Dungeon -->
	<item component="ComponentInfo{com.shatteredpixel.shatteredpixeldungeon/com.shatteredpixel.shatteredpixeldungeon.android.AndroidLauncher}" drawable="shattered_pixel_dungeon" />

	<!-- Simple Solitaire Collection -->
	<item component="ComponentInfo{de.tobiasbielefeld.solitaire/de.tobiasbielefeld.solitaire.ui.GameSelector}" drawable="simple_solitaire_collection" />

	<!-- Snow -->
	<item component="ComponentInfo{org.baitmooth.snow/org.baitmooth.snow.activities.SplashActivity}" drawable="snow" />

	<!-- Steam Chat -->
	<item component="ComponentInfo{com.valvesoftware.android.steam.friendsui/com.valvesoftware.android.steam.friendsui.MainActivity}" drawable="steam_chat" />

	<!-- Tikkie -->
	<item component="ComponentInfo{com.abnamro.nl.tikkie/com.abnamro.nl.mobile.applaunch.ui.launch.LaunchActivity}" drawable="tikkie" />

	<!-- Tonality -->
	<item component="ComponentInfo{net.currit.tonality/net.currit.tonality.TonalityMainActivity}" drawable="tonality" />

	<!-- Ultimate Software -->
	<item component="ComponentInfo{com.abitdo.advance/com.abitdo.advance.activity.SearchActivity}" drawable="ultimate_software" />

	<!-- Wave Lines Wallpaper -->
	<item component="ComponentInfo{de.markusfisch.android.wavelines/de.markusfisch.android.wavelines.activity.SplashActivity}" drawable="wave_lines_wallpaper" />

	<!-- ZipXtract -->
	<item component="ComponentInfo{com.wirelessalien.zipxtract/com.wirelessalien.zipxtract.FragmentActivity}" drawable="zipxtract" />

</resources>