<appmap>

	<!-- 2048 -->
	<item class="org.secuso.privacyfriendly2048.activities.SplashActivity" name="_2048"/>

	<!-- ABN AMRO -->
	<item class="com.abnamro.nl.mobile.payments.ui.RoutingActivity" name="abn_amro"/>

	<!-- AirGuard -->
	<item class="de.seemoo.at_tracking_detection.ui.MainActivity" name="airguard"/>

	<!-- AM2R -->
	<item class="com.companyname.AM2RWrapper.RunnerActivity" name="am2r"/>

	<!-- AndTTT -->
	<item class="com.github.dawidd6.andttt.activities.MainActivity" name="andttt"/>

	<!-- Antimine -->
	<item class="dev.lucasnlm.antimine.main.MainActivity" name="antimine"/>

	<!-- Arcticons -->
	<item class="com.donnnno.arcticons.activities.MainActivity" name="arcticons"/>

	<!-- Arcticons Black -->
	<item class="com.donnnno.arcticons.activities.MainActivity" name="arcticons_black"/>

	<!-- AudioFX -->
	<item class="org.lineageos.audiofx.activity.ActivityMusic" name="audiofx"/>

	<!-- Blackjack -->
	<item class="crypto.o0o0o0o0o.games.blackjack.MainActivity" name="blackjack"/>

	<!-- Blockinger -->
	<item class="org.blockinger.game.activities.MainActivity" name="blockinger"/>

	<!-- Bubble -->
	<item class="org.woheller69.level.Level" name="bubble"/>

	<!-- Checkers -->
	<item class="org.secuso.privacyfriendlydame.ui.SplashActivity" name="checkers"/>

	<!-- Chess Clock -->
	<item class="com.chess.clock.activities.ClockTimersActivity" name="chess_clock"/>

	<!-- Clipeus -->
	<item class="me.lucky.clipeus.MainActivity" name="clipeus"/>

	<!-- DigiD -->
	<item class="crc64bbb4e1ca9d69cb46.MainActivity" name="digid"/>

	<!-- Dodge -->
	<item class="com.dozingcatsoftware.dodge.DodgeMain" name="dodge"/>

	<!-- Dolphin Emulator -->
	<item class="org.dolphinemu.dolphinemu.ui.main.MainActivity" name="dolphin_emulator"/>

	<!-- EDOPro -->
	<item class="io.github.edo9300.edopro.MainActivity" name="edopro"/>

	<!-- Eternity -->
	<item class="eu.toldi.infinityforlemmy.DefaultIcon" name="eternity"/>

	<!-- Feudal Tactics -->
	<item class="de.sesu8642.feudaltactics.AndroidLauncher" name="feudal_tactics"/>

	<!-- Freedoom -->
	<item class="net.nullsum.freedoom.EntryActivity" name="freedoom"/>

	<!-- Frost -->
	<item class="com.dkanada.icecons.activities.MainActivity" name="frost"/>

	<!-- Gallery -->
	<item class="org.fossify.gallery.activities.SplashActivity.Light_green" name="gallery"/>

	<!-- GL TRON -->
	<item class="com.glTron.glTron" name="gl_tron"/>

	<!-- Gobandroid -->
	<item class="org.ligi.gobandroid_hd.ui.game_setup.GoSetupActivity" name="gobandroid"/>

	<!-- Gobandroid TV -->
	<item class="org.ligi.gobandroid_hd.ui.GobanDroidTVActivity" name="gobandroid_tv"/>

	<!-- Headphones -->
	<item class="com.sony.songpal.mdr.vim.activity.MdrMainActivity" name="headphones"/>

	<!-- Kotatsu -->
	<item class="org.koitharu.kotatsu.main.ui.MainActivity" name="kotatsu"/>

	<!-- MHGUDB -->
	<item class="com.ghstudios.android.features.monsters.list.MonsterListPagerActivity" name="mhgudb"/>

	<!-- MijnSimpel -->
	<item class="nl.simpel.mijnsimpel.MainActivity" name="mijnsimpel"/>

	<!-- Mindustry -->
	<item class="mindustry.android.AndroidLauncher" name="mindustry"/>

	<!-- MTG Familiar -->
	<item class="com.gelakinetic.mtgfam.FamiliarActivity" name="mtg_familiar"/>

	<!-- Mullvad VPN -->
	<item class="net.mullvad.mullvadvpn.ui.MainActivity" name="mullvad_vpn"/>

	<!-- Neo Feed -->
	<item class="com.saulhdev.feeder.MainActivity" name="neo_feed"/>

	<!-- Network Tools -->
	<item class="net.he.networktools.MainActivity" name="network_tools"/>

	<!-- Open Sudoku -->
	<item class="org.moire.opensudoku.gui.TitleScreenActivity" name="open_sudoku"/>

	<!-- OSS Document Scanner -->
	<item class="com.akylas.documentscanner.MainActivity" name="oss_document_scanner"/>

	<!-- ParticleSim -->
	<item class="com.tss.android.NBodyActivity" name="particlesim"/>

	<!-- Prognoza -->
	<item class="hr.dtakac.prognoza.ui.MainActivity" name="prognoza"/>

	<!-- QRAlarm -->
	<item class="com.sweak.qralarm.MainActivity" name="qralarm"/>

	<!-- Randomix -->
	<item class="com.minar.randomix.activities.MainActivity" name="randomix"/>

	<!-- Seeneva -->
	<item class="app.seeneva.reader.screen.MainActivity" name="seeneva"/>

	<!-- Shattered Pixel Dungeon -->
	<item class="com.shatteredpixel.shatteredpixeldungeon.android.AndroidLauncher" name="shattered_pixel_dungeon"/>

	<!-- Simple Solitaire Collection -->
	<item class="de.tobiasbielefeld.solitaire.ui.GameSelector" name="simple_solitaire_collection"/>

	<!-- Snow -->
	<item class="org.baitmooth.snow.activities.SplashActivity" name="snow"/>

	<!-- Steam Chat -->
	<item class="com.valvesoftware.android.steam.friendsui.MainActivity" name="steam_chat"/>

	<!-- Tikkie -->
	<item class="com.abnamro.nl.mobile.applaunch.ui.launch.LaunchActivity" name="tikkie"/>

	<!-- Tonality -->
	<item class="net.currit.tonality.TonalityMainActivity" name="tonality"/>

	<!-- Ultimate Software -->
	<item class="com.abitdo.advance.activity.SearchActivity" name="ultimate_software"/>

	<!-- Wave Lines Wallpaper -->
	<item class="de.markusfisch.android.wavelines.activity.SplashActivity" name="wave_lines_wallpaper"/>

	<!-- ZipXtract -->
	<item class="com.wirelessalien.zipxtract.FragmentActivity" name="zipxtract"/>

</appmap>