<Theme version="1">

	<!-- 2048 -->
	<AppIcon name="org.secuso.privacyfriendly2048/org.secuso.privacyfriendly2048.activities.SplashActivity" image="_2048"/>

	<!-- ABN AMRO -->
	<AppIcon name="com.abnamro.nl.mobile.payments/com.abnamro.nl.mobile.payments.ui.RoutingActivity" image="abn_amro"/>

	<!-- AirGuard -->
	<AppIcon name="de.seemoo.at_tracking_detection/de.seemoo.at_tracking_detection.ui.MainActivity" image="airguard"/>

	<!-- AM2R -->
	<AppIcon name="com.companyname.AM2RWrapper/com.companyname.AM2RWrapper.RunnerActivity" image="am2r"/>

	<!-- AndTTT -->
	<AppIcon name="com.github.dawidd6.andttt/com.github.dawidd6.andttt.activities.MainActivity" image="andttt"/>

	<!-- Antimine -->
	<AppIcon name="dev.lucanlm.antimine/dev.lucasnlm.antimine.main.MainActivity" image="antimine"/>

	<!-- Arcticons -->
	<AppIcon name="com.donnnno.arcticons/com.donnnno.arcticons.activities.MainActivity" image="arcticons"/>

	<!-- Arcticons Black -->
	<AppIcon name="com.donnnno.arcticons.light/com.donnnno.arcticons.activities.MainActivity" image="arcticons_black"/>

	<!-- AudioFX -->
	<AppIcon name="org.lineageos.audiofx/org.lineageos.audiofx.activity.ActivityMusic" image="audiofx"/>

	<!-- Blackjack -->
	<AppIcon name="crypto.o0o0o0o0o.games.blackjack/crypto.o0o0o0o0o.games.blackjack.MainActivity" image="blackjack"/>

	<!-- Blockinger -->
	<AppIcon name="org.blockinger.game/org.blockinger.game.activities.MainActivity" image="blockinger"/>

	<!-- Bubble -->
	<AppIcon name="org.woheller69.level/org.woheller69.level.Level" image="bubble"/>

	<!-- Checkers -->
	<AppIcon name="org.secuso.privacyfriendlydame/org.secuso.privacyfriendlydame.ui.SplashActivity" image="checkers"/>

	<!-- Chess Clock -->
	<AppIcon name="com.chess.clock/com.chess.clock.activities.ClockTimersActivity" image="chess_clock"/>

	<!-- Clipeus -->
	<AppIcon name="me.lucky.clipeus/me.lucky.clipeus.MainActivity" image="clipeus"/>

	<!-- DigiD -->
	<AppIcon name="nl.rijksoverheid.digid.pub/crc64bbb4e1ca9d69cb46.MainActivity" image="digid"/>

	<!-- Dodge -->
	<AppIcon name="com.dozingcatsoftware.dodge/com.dozingcatsoftware.dodge.DodgeMain" image="dodge"/>

	<!-- Dolphin Emulator -->
	<AppIcon name="org.dolphinemu.dolphinemu/org.dolphinemu.dolphinemu.ui.main.MainActivity" image="dolphin_emulator"/>

	<!-- EDOPro -->
	<AppIcon name="io.github.edo9300.edopro/io.github.edo9300.edopro.MainActivity" image="edopro"/>

	<!-- Eternity -->
	<AppIcon name="eu.toldi.infinityforlemmy/eu.toldi.infinityforlemmy.DefaultIcon" image="eternity"/>

	<!-- Feudal Tactics -->
	<AppIcon name="de.sesu8642.feudaltactics/de.sesu8642.feudaltactics.AndroidLauncher" image="feudal_tactics"/>

	<!-- Freedoom -->
	<AppIcon name="net.nullsum.freedoom/net.nullsum.freedoom.EntryActivity" image="freedoom"/>

	<!-- Frost -->
	<AppIcon name="com.dkanada.icecons/com.dkanada.icecons.activities.MainActivity" image="frost"/>

	<!-- Gallery -->
	<AppIcon name="org.fossify.gallery/org.fossify.gallery.activities.SplashActivity.Light_green" image="gallery"/>

	<!-- GL TRON -->
	<AppIcon name="com.glTron/com.glTron.glTron" image="gl_tron"/>

	<!-- Gobandroid -->
	<AppIcon name="org.ligi.gobandroid_hd/org.ligi.gobandroid_hd.ui.game_setup.GoSetupActivity" image="gobandroid"/>

	<!-- Gobandroid TV -->
	<AppIcon name="org.ligi.gobandroid_hd/org.ligi.gobandroid_hd.ui.GobanDroidTVActivity" image="gobandroid_tv"/>

	<!-- Headphones -->
	<AppIcon name="com.sony.songpal.mdr/com.sony.songpal.mdr.vim.activity.MdrMainActivity" image="headphones"/>

	<!-- Kotatsu -->
	<AppIcon name="org.koitharu.kotatsu/org.koitharu.kotatsu.main.ui.MainActivity" image="kotatsu"/>

	<!-- MHGUDB -->
	<AppIcon name="com.ghstudios.android.mhgendatabase/com.ghstudios.android.features.monsters.list.MonsterListPagerActivity" image="mhgudb"/>

	<!-- MijnSimpel -->
	<AppIcon name="nl.simpel.mijnsimpel/nl.simpel.mijnsimpel.MainActivity" image="mijnsimpel"/>

	<!-- Mindustry -->
	<AppIcon name="io.anuke.mindustry/mindustry.android.AndroidLauncher" image="mindustry"/>

	<!-- MTG Familiar -->
	<AppIcon name="com.gelakinetic.mtgfam/com.gelakinetic.mtgfam.FamiliarActivity" image="mtg_familiar"/>

	<!-- Mullvad VPN -->
	<AppIcon name="net.mullvad.mullvadvpn/net.mullvad.mullvadvpn.ui.MainActivity" image="mullvad_vpn"/>

	<!-- Neo Feed -->
	<AppIcon name="com.saulhdev.neofeed/com.saulhdev.feeder.MainActivity" image="neo_feed"/>

	<!-- Network Tools -->
	<AppIcon name="net.he.networktools/net.he.networktools.MainActivity" image="network_tools"/>

	<!-- Open Sudoku -->
	<AppIcon name="org.moire.opensudoku/org.moire.opensudoku.gui.TitleScreenActivity" image="open_sudoku"/>

	<!-- OSS Document Scanner -->
	<AppIcon name="com.akylas.documentscanner/com.akylas.documentscanner.MainActivity" image="oss_document_scanner"/>

	<!-- ParticleSim -->
	<AppIcon name="com.tss.android/com.tss.android.NBodyActivity" image="particlesim"/>

	<!-- Prognoza -->
	<AppIcon name="hr.dtakac.prognoza/hr.dtakac.prognoza.ui.MainActivity" image="prognoza"/>

	<!-- QRAlarm -->
	<AppIcon name="com.sweak.qralarm/com.sweak.qralarm.MainActivity" image="qralarm"/>

	<!-- Randomix -->
	<AppIcon name="com.minar.randomix/com.minar.randomix.activities.MainActivity" image="randomix"/>

	<!-- Seeneva -->
	<AppIcon name="app.seeneva.reader/app.seeneva.reader.screen.MainActivity" image="seeneva"/>

	<!-- Shattered Pixel Dungeon -->
	<AppIcon name="com.shatteredpixel.shatteredpixeldungeon/com.shatteredpixel.shatteredpixeldungeon.android.AndroidLauncher" image="shattered_pixel_dungeon"/>

	<!-- Simple Solitaire Collection -->
	<AppIcon name="de.tobiasbielefeld.solitaire/de.tobiasbielefeld.solitaire.ui.GameSelector" image="simple_solitaire_collection"/>

	<!-- Snow -->
	<AppIcon name="org.baitmooth.snow/org.baitmooth.snow.activities.SplashActivity" image="snow"/>

	<!-- Steam Chat -->
	<AppIcon name="com.valvesoftware.android.steam.friendsui/com.valvesoftware.android.steam.friendsui.MainActivity" image="steam_chat"/>

	<!-- Tikkie -->
	<AppIcon name="com.abnamro.nl.tikkie/com.abnamro.nl.mobile.applaunch.ui.launch.LaunchActivity" image="tikkie"/>

	<!-- Tonality -->
	<AppIcon name="net.currit.tonality/net.currit.tonality.TonalityMainActivity" image="tonality"/>

	<!-- Ultimate Software -->
	<AppIcon name="com.abitdo.advance/com.abitdo.advance.activity.SearchActivity" image="ultimate_software"/>

	<!-- Wave Lines Wallpaper -->
	<AppIcon name="de.markusfisch.android.wavelines/de.markusfisch.android.wavelines.activity.SplashActivity" image="wave_lines_wallpaper"/>

	<!-- ZipXtract -->
	<AppIcon name="com.wirelessalien.zipxtract/com.wirelessalien.zipxtract.FragmentActivity" image="zipxtract"/>

</Theme>