<resources>

	<!-- Adobe Fill & Sign -->
	<item component="ComponentInfo{com.adobe.fas/com.adobe.fas.Home.FillAndSign}" drawable="adobe_fill_and_sign" />

	<!-- Air Fryer Recipes -->
	<item component="ComponentInfo{com.alphazstudio.airfryerrecipes/com.alphazstudio.airfryerrecipes.MainActivity}" drawable="air_fryer_recipes" />

	<!-- App Lock -->
	<item component="ComponentInfo{applock.lockapps.fingerprint.password.lockit/applock.lockapps.fingerprint.password.lockit.activity.SplashActivity}" drawable="app_lock" />

	<!-- AppLock -->
	<item component="ComponentInfo{com.gamemalt.applocker/com.gamemalt.applocker.LauncherActivity_Main}" drawable="applock" />

	<!-- Asda -->
	<item component="ComponentInfo{com.asda.android/com.asda.android.app.main.view.SplashActivity}" drawable="asda" />

	<!-- Audio Switch -->
	<item component="ComponentInfo{com.ravitechno.audioswitch.disableheadphone.musicoutputchanger/com.ravitechno.audioswitch.disableheadphone.musicoutputchanger.Activity.SplashActivity}" drawable="audio_switch" />

	<!-- Auto Parts & Engines -->
	<item component="ComponentInfo{com.dictionary.auto.partsauto.eng.free/com.medicalgroupsoft.medical.app.ui.splashscreen.FirstPrepare}" drawable="auto_parts_and_engines" />

	<!-- Auto Signal Refresh -->
	<item component="ComponentInfo{com.tritech.network.refresher/com.tritech.network.refresher.Activity.SplashActivity_NativeAd_New}" drawable="auto_signal_refresh" />

	<!-- Automobile Engineering Textbook -->
	<item component="ComponentInfo{com.monolit.carstructure/com.monolit.htmlbook.MainActivity}" drawable="automobile_engineering_textbook" />

	<!-- B&M Stores -->
	<item component="ComponentInfo{com.bmretail.bmstores/com.padoq.android.ui.splash.SplashActivity}" drawable="b_and_m_stores" />

	<!-- BlockP -->
	<item component="ComponentInfo{com.blocking.sites/com.blockingsites.blocker.presenter.activity.LauncherActivity}" drawable="blockp" />

	<!-- Boots -->
	<item component="ComponentInfo{com.boots.flagship.android/com.boots.flagship.android.app.ui.AppStart}" drawable="boots" />

	<!-- Call Recorder -->
	<item component="ComponentInfo{com.appstar.callrecorder/com.appstar.callrecorder.MainActivity}" drawable="call_recorder" />

	<!-- Car Engine Repair -->
	<item component="ComponentInfo{com.somostudio.carenginerepair/com.somostudio.carenginerepair.MainActivity}" drawable="car_engine_repair" />

	<!-- Car Guru -->
	<item component="ComponentInfo{com.ultimatecarquiz.quiz/com.ultimatecarquiz.quiz.MainActivity}" drawable="car_guru" />

	<!-- carVertical -->
	<item component="ComponentInfo{com.cvmobileapp/com.cvmobileapp.MainActivity}" drawable="carvertical" />

	<!-- CeX -->
	<item component="ComponentInfo{com.cex.android/com.cex.android.view.activities.SplashActivity}" drawable="cex" />

	<!-- Confused.com -->
	<item component="ComponentInfo{com.confused.quickquote.test/crc64e910e5d8e445ef87.MainActivity}" drawable="confusedcom" />

	<!-- Crocs -->
	<item component="ComponentInfo{com.crocs.app/com.crocs.MainActivity}" drawable="crocs" />

	<!-- Curso de Mecánica Automotriz -->
	<item component="ComponentInfo{com.innovapps.mecanicaautomotriz/com.innovapps.mecanicaautomotriz.MainActivity}" drawable="curso_de_mecanica_automotriz" />

	<!-- Curso de Mecánica Avanzada -->
	<item component="ComponentInfo{com.mobile21.mecanicaautomotriz/com.mobile21.mecanicaautomotriz.MainActivity}" drawable="curso_de_mecanica_avanzada" />

	<!-- Curso de Mecánica Motos -->
	<item component="ComponentInfo{com.mobile21.mecanicademotos/com.mobile21.mecanicademotos.MainActivity}" drawable="curso_de_mecanica_motos" />

	<!-- Darkinator -->
	<item component="ComponentInfo{com.tfuerholzer.darkmodewallpaper/com.tfuerholzer.darkmodewallpaper.activities.MainActivity}" drawable="darkinator" />

	<!-- Data Transfer File Sharing -->
	<item component="ComponentInfo{com.app.smartswitchmobile.copymydata.transfermydata/com.datatransfer.smartswitch.startups.SplashActivity}" drawable="data_transfer_file_sharing" />

	<!-- DPD -->
	<item component="ComponentInfo{com.dpd.yourdpd/com.dpd.yourdpd.MainActivity}" drawable="dpd" />

	<!-- Electroverse -->
	<item component="ComponentInfo{energy.octopus.electricjuice.android/com.octopus.electricjuice.LauncherActivity}" drawable="electroverse" />

	<!-- Elevate -->
	<item component="ComponentInfo{com.wonder/com.pegasus.feature.main.MainActivity}" drawable="elevate" />

	<!-- Family Link -->
	<item component="ComponentInfo{com.google.android.apps.kids.familylink/com.google.android.apps.kids.familylink.flutter.standalone.HomeActivity}" drawable="family_link" />

	<!-- First aid -->
	<item component="ComponentInfo{com.cube.rca/com.cube.rca.activity.BootActivity}" drawable="first_aid" />

	<!-- Go Jauntly -->
	<item component="ComponentInfo{com.gojauntly.app/com.gojauntly.app.MainActivity}" drawable="go_jauntly" />

	<!-- Guinea Pig Lovers -->
	<item component="ComponentInfo{com.jazzdev.guineapiglovers/com.jazzdev.guineapiglovers.MainActivity}" drawable="guinea_pig_lovers" />

	<!-- Job Today -->
	<item component="ComponentInfo{com.jobtoday.app/com.jobtoday.app.MainActivity}" drawable="job_today" />

	<!-- John Lewis & Partners -->
	<item component="ComponentInfo{com.johnlewis.android/com.johnlewis.android.splash.DefaultSplashActivityAlias}" drawable="john_lewis_and_partners" />

	<!-- Kindle -->
	<item component="ComponentInfo{com.amazon.kindle/com.amazon.kindle.UpgradePage}" drawable="kindle" />

	<!-- Kitchen timer -->
	<item component="ComponentInfo{com.maxxt.kitchentimer/com.maxxt.kitchentimer.ui.activities.MainActivity}" drawable="kitchen_timer" />

	<!-- Krispy Kreme -->
	<item component="ComponentInfo{com.loyalty3.krispykreme/com.loyalty3.krispykreme.MainActivity}" drawable="krispy_kreme" />

	<!-- Learn Automobile Engineering -->
	<item component="ComponentInfo{com.alphazstudio.automobileengineering/com.alphazstudio.automobileengineering.MainActivity}" drawable="learn_automobile_engineering" />

	<!-- Learn Linux with examples -->
	<item component="ComponentInfo{com.learn_linux_with_examples/com.learn_linux_with_examples.SplashScreen}" drawable="learn_linux_with_examples" />

	<!-- Life Hacks -->
	<item component="ComponentInfo{com.alphazstudio.lifehacks/com.alphazstudio.lifehacks.MainActivity}" drawable="life_hacks" />

	<!-- Linux Command Library -->
	<item component="ComponentInfo{com.inspiredandroid.linuxcommandbibliotheca/com.inspiredandroid.linuxcommandbibliotheca.MainActivity}" drawable="linux_command_library" />

	<!-- Listonic -->
	<item component="ComponentInfo{com.l/com.l.ui.activity.MainActivity}" drawable="listonic" />

	<!-- Lock My Phone -->
	<item component="ComponentInfo{tomka.lockmyphone/tomka.lockmyphone.activities.TermsAndConditionActivity}" drawable="lock_my_phone" />

	<!-- Meerkat -->
	<item component="ComponentInfo{com.ctm.cinema/com.ctm.core.ui.feature.startup.StartupActivity}" drawable="meerkat" />

	<!-- MiPermit -->
	<item component="ComponentInfo{com.mipermit.android/com.mipermit.android.activity.HomeActivity}" drawable="mipermit" />

	<!-- MobileTrans -->
	<item component="ComponentInfo{com.wondershare.mobiletrans/com.wondershare.mobiletrans.ui.SplashActivity}" drawable="mobiletrans" />

	<!-- MoneySuperMarket -->
	<item component="ComponentInfo{com.moneysupermarket.phoenix/com.moneysupermarket.phoenix.SplashActivity}" drawable="moneysupermarket" />

	<!-- Morrisons More -->
	<item component="ComponentInfo{com.morrisons.matchandmore.app/com.morrisons.my.MainActivity}" drawable="morrisons_more" />

	<!-- NCP -->
	<item component="ComponentInfo{uk.co.ncp.flexipass/uk.co.ncp.flexipass.MainActivity}" drawable="ncp" />

	<!-- Olio -->
	<item component="ComponentInfo{com.olioex.android/com.olioex.android.MainActivity}" drawable="olio" />

	<!-- PetrolPrices -->
	<item component="ComponentInfo{apposing.petrolprices/com.petrolprices.MainActivity}" drawable="petrolprices" />

	<!-- Photo Lab -->
	<item component="ComponentInfo{vsin.t16_funny_photo/com.vicman.photolab.activities.MainActivity}" drawable="photo_lab" />

	<!-- PlantApp -->
	<item component="ComponentInfo{com.scaleup.plantid/com.scaleup.plantid.MainActivity}" drawable="plantapp" />

	<!-- Porn Block App -->
	<item component="ComponentInfo{com.dice.blocksite.siteblocker.pornblocker/com.dice.blocksite.siteblocker.pornblocker.ActivityUserConsent_dice}" drawable="porn_block_app" />

	<!-- Poundland Perks -->
	<item component="ComponentInfo{uk.co.poundland.mypoundland/com.example.poundland.MainActivity}" drawable="poundland_perks" />

	<!-- Quora -->
	<item component="ComponentInfo{com.quora.android/com.quora.android.components.activities.LauncherActivity}" drawable="quora" />

	<!-- Rice Recipes -->
	<item component="ComponentInfo{com.alphazstudio.ricerecipes/com.alphazstudio.ricerecipes.MainActivity}" drawable="rice_recipes" />

	<!-- RingGo -->
	<item component="ComponentInfo{co.uk.ringgo.android/co.uk.ringgo.android.SplashScreenActivity}" drawable="ringgo" />

	<!-- Ringtone Maker -->
	<item component="ComponentInfo{com.herman.ringtone/com.herman.ringtone.MusicPicker}" drawable="ringtone_maker" />

	<!-- Savers -->
	<item component="ComponentInfo{uk.co.savers/superdrug.com.restyle.ui.activity.SplashScreenActivity}" drawable="savers" />

	<!-- Sports Direct -->
	<item component="ComponentInfo{com.sportsdirect.sdapp/com.app.MainActivity}" drawable="sports_direct" />

	<!-- Tesco -->
	<item component="ComponentInfo{com.tesco.grocery.view/com.tesco.mobile.titan.splash.view.SplashActivity}" drawable="tesco" />

	<!-- TopCashback -->
	<item component="ComponentInfo{uk.co.topcashback.topcashback/uk.co.topcashback.topcashback.core.splash.RoutingActivity}" drawable="topcashback" />

	<!-- Tracker -->
	<item component="ComponentInfo{com.circuit.tracker/com.circuit.recipient.ui.MainActivity}" drawable="tracker" />

	<!-- TrainPal -->
	<item component="ComponentInfo{com.pal.train/com.pal.common.business.home.activity.MainActivity}" drawable="trainpal" />

	<!-- UPS -->
	<item component="ComponentInfo{com.ups.mobile.android/com.ups.mobile.android.beta.MainActivity}" drawable="ups" />

	<!-- Video to MP3 Convert -->
	<item component="ComponentInfo{com.audio.mp3cutter.videotoaudio/com.audio.videotomp3.ui.activity.SplashActivity}" drawable="video_to_mp3_convert" />

	<!-- Visualizer -->
	<item component="ComponentInfo{com.akzonobel.uk.dulux/com.akzonobel.views.activities.MainActivity}" drawable="visualizer" />

	<!-- Widgetify -->
	<item component="ComponentInfo{com.binarysmith.webclipwidget.ad/com.binarysmith.webclipwidget.MainActivity}" drawable="widgetify" />

	<!-- WiFi Map -->
	<item component="ComponentInfo{io.wifimap.wifimap/io.wifimap.wifimap.main.view.SplashActivity}" drawable="wifi_map" />

	<!-- William Hill -->
	<item component="ComponentInfo{com.williamhill.sports.android/com.williamhill.sports.android.activities.SplashActivity}" drawable="william_hill" />

	<!-- Yodel -->
	<item component="ComponentInfo{uk.co.yodel.app/uk.co.yodel.app.MainActivity}" drawable="yodel" />

	<!-- Yoti ID -->
	<item component="ComponentInfo{com.yoti.mobile.android.live/com.yoti.mobile.android.LauncherActivity}" drawable="yoti_id" />

	<!-- YouCam Perfect -->
	<item component="ComponentInfo{com.cyberlink.youperfect/com.cyberlink.youperfect.activity.SplashActivity}" drawable="youcam_perfect" />

</resources>