<appmap>

	<!-- Adobe Fill & Sign -->
	<item class="com.adobe.fas.Home.FillAndSign" name="adobe_fill_and_sign"/>

	<!-- Air Fryer Recipes -->
	<item class="com.alphazstudio.airfryerrecipes.MainActivity" name="air_fryer_recipes"/>

	<!-- App Lock -->
	<item class="applock.lockapps.fingerprint.password.lockit.activity.SplashActivity" name="app_lock"/>

	<!-- AppLock -->
	<item class="com.gamemalt.applocker.LauncherActivity_Main" name="applock"/>

	<!-- Asda -->
	<item class="com.asda.android.app.main.view.SplashActivity" name="asda"/>

	<!-- Audio Switch -->
	<item class="com.ravitechno.audioswitch.disableheadphone.musicoutputchanger.Activity.SplashActivity" name="audio_switch"/>

	<!-- Auto Parts & Engines -->
	<item class="com.medicalgroupsoft.medical.app.ui.splashscreen.FirstPrepare" name="auto_parts_and_engines"/>

	<!-- Auto Signal Refresh -->
	<item class="com.tritech.network.refresher.Activity.SplashActivity_NativeAd_New" name="auto_signal_refresh"/>

	<!-- Automobile Engineering Textbook -->
	<item class="com.monolit.htmlbook.MainActivity" name="automobile_engineering_textbook"/>

	<!-- B&M Stores -->
	<item class="com.padoq.android.ui.splash.SplashActivity" name="b_and_m_stores"/>

	<!-- BlockP -->
	<item class="com.blockingsites.blocker.presenter.activity.LauncherActivity" name="blockp"/>

	<!-- Boots -->
	<item class="com.boots.flagship.android.app.ui.AppStart" name="boots"/>

	<!-- Call Recorder -->
	<item class="com.appstar.callrecorder.MainActivity" name="call_recorder"/>

	<!-- Car Engine Repair -->
	<item class="com.somostudio.carenginerepair.MainActivity" name="car_engine_repair"/>

	<!-- Car Guru -->
	<item class="com.ultimatecarquiz.quiz.MainActivity" name="car_guru"/>

	<!-- carVertical -->
	<item class="com.cvmobileapp.MainActivity" name="carvertical"/>

	<!-- CeX -->
	<item class="com.cex.android.view.activities.SplashActivity" name="cex"/>

	<!-- Confused.com -->
	<item class="crc64e910e5d8e445ef87.MainActivity" name="confusedcom"/>

	<!-- Crocs -->
	<item class="com.crocs.MainActivity" name="crocs"/>

	<!-- Curso de Mecánica Automotriz -->
	<item class="com.innovapps.mecanicaautomotriz.MainActivity" name="curso_de_mecanica_automotriz"/>

	<!-- Curso de Mecánica Avanzada -->
	<item class="com.mobile21.mecanicaautomotriz.MainActivity" name="curso_de_mecanica_avanzada"/>

	<!-- Curso de Mecánica Motos -->
	<item class="com.mobile21.mecanicademotos.MainActivity" name="curso_de_mecanica_motos"/>

	<!-- Darkinator -->
	<item class="com.tfuerholzer.darkmodewallpaper.activities.MainActivity" name="darkinator"/>

	<!-- Data Transfer File Sharing -->
	<item class="com.datatransfer.smartswitch.startups.SplashActivity" name="data_transfer_file_sharing"/>

	<!-- DPD -->
	<item class="com.dpd.yourdpd.MainActivity" name="dpd"/>

	<!-- Electroverse -->
	<item class="com.octopus.electricjuice.LauncherActivity" name="electroverse"/>

	<!-- Elevate -->
	<item class="com.pegasus.feature.main.MainActivity" name="elevate"/>

	<!-- Family Link -->
	<item class="com.google.android.apps.kids.familylink.flutter.standalone.HomeActivity" name="family_link"/>

	<!-- First aid -->
	<item class="com.cube.rca.activity.BootActivity" name="first_aid"/>

	<!-- Go Jauntly -->
	<item class="com.gojauntly.app.MainActivity" name="go_jauntly"/>

	<!-- Guinea Pig Lovers -->
	<item class="com.jazzdev.guineapiglovers.MainActivity" name="guinea_pig_lovers"/>

	<!-- Job Today -->
	<item class="com.jobtoday.app.MainActivity" name="job_today"/>

	<!-- John Lewis & Partners -->
	<item class="com.johnlewis.android.splash.DefaultSplashActivityAlias" name="john_lewis_and_partners"/>

	<!-- Kindle -->
	<item class="com.amazon.kindle.UpgradePage" name="kindle"/>

	<!-- Kitchen timer -->
	<item class="com.maxxt.kitchentimer.ui.activities.MainActivity" name="kitchen_timer"/>

	<!-- Krispy Kreme -->
	<item class="com.loyalty3.krispykreme.MainActivity" name="krispy_kreme"/>

	<!-- Learn Automobile Engineering -->
	<item class="com.alphazstudio.automobileengineering.MainActivity" name="learn_automobile_engineering"/>

	<!-- Learn Linux with examples -->
	<item class="com.learn_linux_with_examples.SplashScreen" name="learn_linux_with_examples"/>

	<!-- Life Hacks -->
	<item class="com.alphazstudio.lifehacks.MainActivity" name="life_hacks"/>

	<!-- Linux Command Library -->
	<item class="com.inspiredandroid.linuxcommandbibliotheca.MainActivity" name="linux_command_library"/>

	<!-- Listonic -->
	<item class="com.l.ui.activity.MainActivity" name="listonic"/>

	<!-- Lock My Phone -->
	<item class="tomka.lockmyphone.activities.TermsAndConditionActivity" name="lock_my_phone"/>

	<!-- Meerkat -->
	<item class="com.ctm.core.ui.feature.startup.StartupActivity" name="meerkat"/>

	<!-- MiPermit -->
	<item class="com.mipermit.android.activity.HomeActivity" name="mipermit"/>

	<!-- MobileTrans -->
	<item class="com.wondershare.mobiletrans.ui.SplashActivity" name="mobiletrans"/>

	<!-- MoneySuperMarket -->
	<item class="com.moneysupermarket.phoenix.SplashActivity" name="moneysupermarket"/>

	<!-- Morrisons More -->
	<item class="com.morrisons.my.MainActivity" name="morrisons_more"/>

	<!-- NCP -->
	<item class="uk.co.ncp.flexipass.MainActivity" name="ncp"/>

	<!-- Olio -->
	<item class="com.olioex.android.MainActivity" name="olio"/>

	<!-- PetrolPrices -->
	<item class="com.petrolprices.MainActivity" name="petrolprices"/>

	<!-- Photo Lab -->
	<item class="com.vicman.photolab.activities.MainActivity" name="photo_lab"/>

	<!-- PlantApp -->
	<item class="com.scaleup.plantid.MainActivity" name="plantapp"/>

	<!-- Porn Block App -->
	<item class="com.dice.blocksite.siteblocker.pornblocker.ActivityUserConsent_dice" name="porn_block_app"/>

	<!-- Poundland Perks -->
	<item class="com.example.poundland.MainActivity" name="poundland_perks"/>

	<!-- Quora -->
	<item class="com.quora.android.components.activities.LauncherActivity" name="quora"/>

	<!-- Rice Recipes -->
	<item class="com.alphazstudio.ricerecipes.MainActivity" name="rice_recipes"/>

	<!-- RingGo -->
	<item class="co.uk.ringgo.android.SplashScreenActivity" name="ringgo"/>

	<!-- Ringtone Maker -->
	<item class="com.herman.ringtone.MusicPicker" name="ringtone_maker"/>

	<!-- Savers -->
	<item class="superdrug.com.restyle.ui.activity.SplashScreenActivity" name="savers"/>

	<!-- Sports Direct -->
	<item class="com.app.MainActivity" name="sports_direct"/>

	<!-- Tesco -->
	<item class="com.tesco.mobile.titan.splash.view.SplashActivity" name="tesco"/>

	<!-- TopCashback -->
	<item class="uk.co.topcashback.topcashback.core.splash.RoutingActivity" name="topcashback"/>

	<!-- Tracker -->
	<item class="com.circuit.recipient.ui.MainActivity" name="tracker"/>

	<!-- TrainPal -->
	<item class="com.pal.common.business.home.activity.MainActivity" name="trainpal"/>

	<!-- UPS -->
	<item class="com.ups.mobile.android.beta.MainActivity" name="ups"/>

	<!-- Video to MP3 Convert -->
	<item class="com.audio.videotomp3.ui.activity.SplashActivity" name="video_to_mp3_convert"/>

	<!-- Visualizer -->
	<item class="com.akzonobel.views.activities.MainActivity" name="visualizer"/>

	<!-- Widgetify -->
	<item class="com.binarysmith.webclipwidget.MainActivity" name="widgetify"/>

	<!-- WiFi Map -->
	<item class="io.wifimap.wifimap.main.view.SplashActivity" name="wifi_map"/>

	<!-- William Hill -->
	<item class="com.williamhill.sports.android.activities.SplashActivity" name="william_hill"/>

	<!-- Yodel -->
	<item class="uk.co.yodel.app.MainActivity" name="yodel"/>

	<!-- Yoti ID -->
	<item class="com.yoti.mobile.android.LauncherActivity" name="yoti_id"/>

	<!-- YouCam Perfect -->
	<item class="com.cyberlink.youperfect.activity.SplashActivity" name="youcam_perfect"/>

</appmap>