<Theme version="1">

	<!-- Adobe Fill & Sign -->
	<AppIcon name="com.adobe.fas/com.adobe.fas.Home.FillAndSign" image="adobe_fill_and_sign"/>

	<!-- Air Fryer Recipes -->
	<AppIcon name="com.alphazstudio.airfryerrecipes/com.alphazstudio.airfryerrecipes.MainActivity" image="air_fryer_recipes"/>

	<!-- App Lock -->
	<AppIcon name="applock.lockapps.fingerprint.password.lockit/applock.lockapps.fingerprint.password.lockit.activity.SplashActivity" image="app_lock"/>

	<!-- AppLock -->
	<AppIcon name="com.gamemalt.applocker/com.gamemalt.applocker.LauncherActivity_Main" image="applock"/>

	<!-- Asda -->
	<AppIcon name="com.asda.android/com.asda.android.app.main.view.SplashActivity" image="asda"/>

	<!-- Audio Switch -->
	<AppIcon name="com.ravitechno.audioswitch.disableheadphone.musicoutputchanger/com.ravitechno.audioswitch.disableheadphone.musicoutputchanger.Activity.SplashActivity" image="audio_switch"/>

	<!-- Auto Parts & Engines -->
	<AppIcon name="com.dictionary.auto.partsauto.eng.free/com.medicalgroupsoft.medical.app.ui.splashscreen.FirstPrepare" image="auto_parts_and_engines"/>

	<!-- Auto Signal Refresh -->
	<AppIcon name="com.tritech.network.refresher/com.tritech.network.refresher.Activity.SplashActivity_NativeAd_New" image="auto_signal_refresh"/>

	<!-- Automobile Engineering Textbook -->
	<AppIcon name="com.monolit.carstructure/com.monolit.htmlbook.MainActivity" image="automobile_engineering_textbook"/>

	<!-- B&M Stores -->
	<AppIcon name="com.bmretail.bmstores/com.padoq.android.ui.splash.SplashActivity" image="b_and_m_stores"/>

	<!-- BlockP -->
	<AppIcon name="com.blocking.sites/com.blockingsites.blocker.presenter.activity.LauncherActivity" image="blockp"/>

	<!-- Boots -->
	<AppIcon name="com.boots.flagship.android/com.boots.flagship.android.app.ui.AppStart" image="boots"/>

	<!-- Call Recorder -->
	<AppIcon name="com.appstar.callrecorder/com.appstar.callrecorder.MainActivity" image="call_recorder"/>

	<!-- Car Engine Repair -->
	<AppIcon name="com.somostudio.carenginerepair/com.somostudio.carenginerepair.MainActivity" image="car_engine_repair"/>

	<!-- Car Guru -->
	<AppIcon name="com.ultimatecarquiz.quiz/com.ultimatecarquiz.quiz.MainActivity" image="car_guru"/>

	<!-- carVertical -->
	<AppIcon name="com.cvmobileapp/com.cvmobileapp.MainActivity" image="carvertical"/>

	<!-- CeX -->
	<AppIcon name="com.cex.android/com.cex.android.view.activities.SplashActivity" image="cex"/>

	<!-- Confused.com -->
	<AppIcon name="com.confused.quickquote.test/crc64e910e5d8e445ef87.MainActivity" image="confusedcom"/>

	<!-- Crocs -->
	<AppIcon name="com.crocs.app/com.crocs.MainActivity" image="crocs"/>

	<!-- Curso de Mecánica Automotriz -->
	<AppIcon name="com.innovapps.mecanicaautomotriz/com.innovapps.mecanicaautomotriz.MainActivity" image="curso_de_mecanica_automotriz"/>

	<!-- Curso de Mecánica Avanzada -->
	<AppIcon name="com.mobile21.mecanicaautomotriz/com.mobile21.mecanicaautomotriz.MainActivity" image="curso_de_mecanica_avanzada"/>

	<!-- Curso de Mecánica Motos -->
	<AppIcon name="com.mobile21.mecanicademotos/com.mobile21.mecanicademotos.MainActivity" image="curso_de_mecanica_motos"/>

	<!-- Darkinator -->
	<AppIcon name="com.tfuerholzer.darkmodewallpaper/com.tfuerholzer.darkmodewallpaper.activities.MainActivity" image="darkinator"/>

	<!-- Data Transfer File Sharing -->
	<AppIcon name="com.app.smartswitchmobile.copymydata.transfermydata/com.datatransfer.smartswitch.startups.SplashActivity" image="data_transfer_file_sharing"/>

	<!-- DPD -->
	<AppIcon name="com.dpd.yourdpd/com.dpd.yourdpd.MainActivity" image="dpd"/>

	<!-- Electroverse -->
	<AppIcon name="energy.octopus.electricjuice.android/com.octopus.electricjuice.LauncherActivity" image="electroverse"/>

	<!-- Elevate -->
	<AppIcon name="com.wonder/com.pegasus.feature.main.MainActivity" image="elevate"/>

	<!-- Family Link -->
	<AppIcon name="com.google.android.apps.kids.familylink/com.google.android.apps.kids.familylink.flutter.standalone.HomeActivity" image="family_link"/>

	<!-- First aid -->
	<AppIcon name="com.cube.rca/com.cube.rca.activity.BootActivity" image="first_aid"/>

	<!-- Go Jauntly -->
	<AppIcon name="com.gojauntly.app/com.gojauntly.app.MainActivity" image="go_jauntly"/>

	<!-- Guinea Pig Lovers -->
	<AppIcon name="com.jazzdev.guineapiglovers/com.jazzdev.guineapiglovers.MainActivity" image="guinea_pig_lovers"/>

	<!-- Job Today -->
	<AppIcon name="com.jobtoday.app/com.jobtoday.app.MainActivity" image="job_today"/>

	<!-- John Lewis & Partners -->
	<AppIcon name="com.johnlewis.android/com.johnlewis.android.splash.DefaultSplashActivityAlias" image="john_lewis_and_partners"/>

	<!-- Kindle -->
	<AppIcon name="com.amazon.kindle/com.amazon.kindle.UpgradePage" image="kindle"/>

	<!-- Kitchen timer -->
	<AppIcon name="com.maxxt.kitchentimer/com.maxxt.kitchentimer.ui.activities.MainActivity" image="kitchen_timer"/>

	<!-- Krispy Kreme -->
	<AppIcon name="com.loyalty3.krispykreme/com.loyalty3.krispykreme.MainActivity" image="krispy_kreme"/>

	<!-- Learn Automobile Engineering -->
	<AppIcon name="com.alphazstudio.automobileengineering/com.alphazstudio.automobileengineering.MainActivity" image="learn_automobile_engineering"/>

	<!-- Learn Linux with examples -->
	<AppIcon name="com.learn_linux_with_examples/com.learn_linux_with_examples.SplashScreen" image="learn_linux_with_examples"/>

	<!-- Life Hacks -->
	<AppIcon name="com.alphazstudio.lifehacks/com.alphazstudio.lifehacks.MainActivity" image="life_hacks"/>

	<!-- Linux Command Library -->
	<AppIcon name="com.inspiredandroid.linuxcommandbibliotheca/com.inspiredandroid.linuxcommandbibliotheca.MainActivity" image="linux_command_library"/>

	<!-- Listonic -->
	<AppIcon name="com.l/com.l.ui.activity.MainActivity" image="listonic"/>

	<!-- Lock My Phone -->
	<AppIcon name="tomka.lockmyphone/tomka.lockmyphone.activities.TermsAndConditionActivity" image="lock_my_phone"/>

	<!-- Meerkat -->
	<AppIcon name="com.ctm.cinema/com.ctm.core.ui.feature.startup.StartupActivity" image="meerkat"/>

	<!-- MiPermit -->
	<AppIcon name="com.mipermit.android/com.mipermit.android.activity.HomeActivity" image="mipermit"/>

	<!-- MobileTrans -->
	<AppIcon name="com.wondershare.mobiletrans/com.wondershare.mobiletrans.ui.SplashActivity" image="mobiletrans"/>

	<!-- MoneySuperMarket -->
	<AppIcon name="com.moneysupermarket.phoenix/com.moneysupermarket.phoenix.SplashActivity" image="moneysupermarket"/>

	<!-- Morrisons More -->
	<AppIcon name="com.morrisons.matchandmore.app/com.morrisons.my.MainActivity" image="morrisons_more"/>

	<!-- NCP -->
	<AppIcon name="uk.co.ncp.flexipass/uk.co.ncp.flexipass.MainActivity" image="ncp"/>

	<!-- Olio -->
	<AppIcon name="com.olioex.android/com.olioex.android.MainActivity" image="olio"/>

	<!-- PetrolPrices -->
	<AppIcon name="apposing.petrolprices/com.petrolprices.MainActivity" image="petrolprices"/>

	<!-- Photo Lab -->
	<AppIcon name="vsin.t16_funny_photo/com.vicman.photolab.activities.MainActivity" image="photo_lab"/>

	<!-- PlantApp -->
	<AppIcon name="com.scaleup.plantid/com.scaleup.plantid.MainActivity" image="plantapp"/>

	<!-- Porn Block App -->
	<AppIcon name="com.dice.blocksite.siteblocker.pornblocker/com.dice.blocksite.siteblocker.pornblocker.ActivityUserConsent_dice" image="porn_block_app"/>

	<!-- Poundland Perks -->
	<AppIcon name="uk.co.poundland.mypoundland/com.example.poundland.MainActivity" image="poundland_perks"/>

	<!-- Quora -->
	<AppIcon name="com.quora.android/com.quora.android.components.activities.LauncherActivity" image="quora"/>

	<!-- Rice Recipes -->
	<AppIcon name="com.alphazstudio.ricerecipes/com.alphazstudio.ricerecipes.MainActivity" image="rice_recipes"/>

	<!-- RingGo -->
	<AppIcon name="co.uk.ringgo.android/co.uk.ringgo.android.SplashScreenActivity" image="ringgo"/>

	<!-- Ringtone Maker -->
	<AppIcon name="com.herman.ringtone/com.herman.ringtone.MusicPicker" image="ringtone_maker"/>

	<!-- Savers -->
	<AppIcon name="uk.co.savers/superdrug.com.restyle.ui.activity.SplashScreenActivity" image="savers"/>

	<!-- Sports Direct -->
	<AppIcon name="com.sportsdirect.sdapp/com.app.MainActivity" image="sports_direct"/>

	<!-- Tesco -->
	<AppIcon name="com.tesco.grocery.view/com.tesco.mobile.titan.splash.view.SplashActivity" image="tesco"/>

	<!-- TopCashback -->
	<AppIcon name="uk.co.topcashback.topcashback/uk.co.topcashback.topcashback.core.splash.RoutingActivity" image="topcashback"/>

	<!-- Tracker -->
	<AppIcon name="com.circuit.tracker/com.circuit.recipient.ui.MainActivity" image="tracker"/>

	<!-- TrainPal -->
	<AppIcon name="com.pal.train/com.pal.common.business.home.activity.MainActivity" image="trainpal"/>

	<!-- UPS -->
	<AppIcon name="com.ups.mobile.android/com.ups.mobile.android.beta.MainActivity" image="ups"/>

	<!-- Video to MP3 Convert -->
	<AppIcon name="com.audio.mp3cutter.videotoaudio/com.audio.videotomp3.ui.activity.SplashActivity" image="video_to_mp3_convert"/>

	<!-- Visualizer -->
	<AppIcon name="com.akzonobel.uk.dulux/com.akzonobel.views.activities.MainActivity" image="visualizer"/>

	<!-- Widgetify -->
	<AppIcon name="com.binarysmith.webclipwidget.ad/com.binarysmith.webclipwidget.MainActivity" image="widgetify"/>

	<!-- WiFi Map -->
	<AppIcon name="io.wifimap.wifimap/io.wifimap.wifimap.main.view.SplashActivity" image="wifi_map"/>

	<!-- William Hill -->
	<AppIcon name="com.williamhill.sports.android/com.williamhill.sports.android.activities.SplashActivity" image="william_hill"/>

	<!-- Yodel -->
	<AppIcon name="uk.co.yodel.app/uk.co.yodel.app.MainActivity" image="yodel"/>

	<!-- Yoti ID -->
	<AppIcon name="com.yoti.mobile.android.live/com.yoti.mobile.android.LauncherActivity" image="yoti_id"/>

	<!-- YouCam Perfect -->
	<AppIcon name="com.cyberlink.youperfect/com.cyberlink.youperfect.activity.SplashActivity" image="youcam_perfect"/>

</Theme>