<resources>

	<!-- AGC ML -->
	<item component="ComponentInfo{org.codeaurora.snapcam/com.android.camera.CameraLauncher}" drawable="agc_ml" />

	<!-- AGC ToolKit -->
	<item component="ComponentInfo{com.agc.gcam_tools/com.agc.gcam_tools.MainActivity}" drawable="agc_toolkit" />

	<!-- Amazon -->
	<item component="ComponentInfo{in.amazon.mShop.android.shopping/com.amazon.mShop.home.HomeActivity}" drawable="amazon" />

	<!-- BHIM -->
	<item component="ComponentInfo{in.org.npci.upiapp/mpacjhvlt.n}" drawable="bhim" />

	<!-- blind -->
	<item component="ComponentInfo{com.teamblind.blind/com.teamblind.blind.common.v2.activity.LaunchActivity}" drawable="blind" />

	<!-- Brave - Beta -->
	<item component="ComponentInfo{com.brave.browser_beta/com.google.android.apps.chrome.Main}" drawable="brave_beta" />

	<!-- CarInfo -->
	<item component="ComponentInfo{com.cuvora.carinfo/com.cuvora.carinfo.splash.SplashScreenActivity}" drawable="carinfo" />

	<!-- CIBIL -->
	<item component="ComponentInfo{com.tuci.cibilindia/com.tuci.cibilindia.MainActivity}" drawable="cibil" />

	<!-- DataBackup -->
	<item component="ComponentInfo{com.xayah.databackup.premium/com.xayah.databackup.SplashActivity}" drawable="databackup" />

	<!-- dscout -->
	<item component="ComponentInfo{com.vokal.dscout/com.vokal.dscout.activities.SplashActivity}" drawable="dscout" />

	<!-- Edge Canary -->
	<item component="ComponentInfo{com.microsoft.emmx.canary/com.microsoft.ruby.Main}" drawable="edge_canary" />

	<!-- File Manager -->
	<item component="ComponentInfo{com.asus.filemanager/com.asus.filemanager.activity.FileManagerActivity}" drawable="file_manager" />

	<!-- Finch -->
	<item component="ComponentInfo{com.finch.finch/com.finch.finch.MainActivity}" drawable="finch" />

	<!-- FKM -->
	<item component="ComponentInfo{com.franco.kernel/com.franco.kernel.activities.SplashActivity}" drawable="fkm" />

	<!-- Flash -->
	<item component="ComponentInfo{com.flashmonk.flash/com.flashmonk.flash.MainActivity}" drawable="flash" />

	<!-- Gallery -->
	<item component="ComponentInfo{com.asus.gallery/com.asus.gallery.app.EPhotoActivity}" drawable="gallery" />

	<!-- Gallery -->
	<item component="ComponentInfo{com.alensw.PicFolder/com.alensw.PicFolder.GalleryActivity}" drawable="gallery" />

	<!-- Gallery -->
	<item component="ComponentInfo{org.fossify.gallery/org.fossify.gallery.activities.SplashActivity.Pink}" drawable="gallery" />

	<!-- Geekbench 6 -->
	<item component="ComponentInfo{com.primatelabs.geekbench6/com.primatelabs.geekbench.HomeActivity}" drawable="geekbench_6" />

	<!-- Hotstar -->
	<item component="ComponentInfo{in.startv.hotstar/com.hotstar.MainActivity}" drawable="hotstar" />

	<!-- Huawei Health -->
	<item component="ComponentInfo{com.huawei.health/com.huawei.health.MainActivity}" drawable="huawei_health" />

	<!-- Hunch -->
	<item component="ComponentInfo{social.hunch.app/social.hunch.app.MainActivity}" drawable="hunch" />

	<!-- Iceraven -->
	<item component="ComponentInfo{io.github.forkmaintainers.iceraven/io.github.forkmaintainers.iceraven.App}" drawable="iceraven" />

	<!-- Instagram -->
	<item component="ComponentInfo{com.aeroinsta.android/com.instagram.android.activity.MainTabActivity}" drawable="instagram" />

	<!-- Lenskart -->
	<item component="ComponentInfo{com.lenskart.app/com.lenskart.app.main.ui.SplashActivity}" drawable="lenskart" />

	<!-- Lithium -->
	<item component="ComponentInfo{com.faultexception.reader/com.faultexception.reader.MainActivity}" drawable="lithium" />

	<!-- Lumosity -->
	<item component="ComponentInfo{com.lumoslabs.lumosity/com.lumoslabs.lumosity.activity.LaunchActivity}" drawable="lumosity" />

	<!-- Mematic -->
	<item component="ComponentInfo{net.trilliarden.mematic/net.trilliarden.mematic.mainmenu.MainMenuActivity}" drawable="mematic" />

	<!-- Memrise -->
	<item component="ComponentInfo{com.memrise.android.memrisecompanion/com.memrise.android.memrisecompanion.ui.activity.LauncherActivity}" drawable="memrise" />

	<!-- Mock Locations -->
	<item component="ComponentInfo{ru.gavrikov.mocklocations/ru.gavrikov.mocklocations.MainActivity}" drawable="mock_locations" />

	<!-- Moneycontrol PRO -->
	<item component="ComponentInfo{com.divum.MoneyControl/com.moneycontrol.handheld.SplashActivity.PRO}" drawable="moneycontrol_pro" />

	<!-- MX Player -->
	<item component="ComponentInfo{com.mxtech.videoplayer.ad/com.mxtech.videoplayer.ad.ActivityWelcomeMX}" drawable="mx_player" />

	<!-- Myntra -->
	<item component="ComponentInfo{com.myntra.android/com.myntra.android.activities.react.ReactActivity}" drawable="myntra" />

	<!-- Network Stream (Video) Player -->
	<item component="ComponentInfo{com.genuine.leone/a.c}" drawable="network_stream_video_player" />

	<!-- OneForma -->
	<item component="ComponentInfo{com.pacteraedge.oneforma/com.oneforma.pactera.MainActivity}" drawable="oneforma" />

	<!-- OneScore -->
	<item component="ComponentInfo{tech.fplabs.score/tech.fplabs.score.MainActivity}" drawable="onescore" />

	<!-- Paytm Money -->
	<item component="ComponentInfo{com.paytmmoney/com.paytmmoney.ui.splash.BaseSplashActivity}" drawable="paytm_money" />

	<!-- PNB ONE -->
	<item component="ComponentInfo{com.Version1/com.Version1.Version1}" drawable="pnb_one" />

	<!-- Price History -->
	<item component="ComponentInfo{in.pricehistory.app/in.pricehistory.app.MainActivity}" drawable="price_history" />

	<!-- RBL MyCard -->
	<item component="ComponentInfo{com.rbl.rblmycard/com.rblbank.mycard.LauncherActivity}" drawable="rbl_mycard" />

	<!-- Reddit -->
	<item component="ComponentInfo{com.reddit.frontpage/launcher.neon}" drawable="reddit" />

	<!-- Schmooze -->
	<item component="ComponentInfo{com.schmoozeapps.schmooze/com.schmoozeapps.schmooze.MainActivity}" drawable="schmooze" />

	<!-- SD Maid SE -->
	<item component="ComponentInfo{eu.darken.sdmse/eu.darken.sdmse.main.ui.MainActivity}" drawable="sd_maid_se" />

	<!-- Simpl -->
	<item component="ComponentInfo{com.simpl.android/com.simpl.android.MainActivity}" drawable="simpl" />

	<!-- slice -->
	<item component="ComponentInfo{indwin.c3.shareapp/com.slice.android.main.SingleActivity}" drawable="slice" />

	<!-- SMS Organizer -->
	<item component="ComponentInfo{com.microsoft.android.smsorganizer/com.microsoft.android.smsorganizer.StartupActivity}" drawable="sms_organizer" />

	<!-- StepSetGo -->
	<item component="ComponentInfo{com.pepkit.ssg/com.pepkit.ssg.MainActivitydefault_icon}" drawable="stepsetgo" />

	<!-- StockGro -->
	<item component="ComponentInfo{com.assetgro.stockgro.prod/com.assetgro.stockgro.ui.splash.SplashActivity}" drawable="stockgro" />

	<!-- Survival Manual -->
	<item component="ComponentInfo{org.ligi.survivalmanual/org.ligi.survivalmanual.ui.MainActivity}" drawable="survival_manual" />

	<!-- Tata Neu -->
	<item component="ComponentInfo{com.tatadigital.tcp/com.tatadigital.tcp.MainActivity}" drawable="tata_neu" />

	<!-- TB Checker -->
	<item component="ComponentInfo{krypton.tbsafetychecker/krypton.tbsafetychecker.main.MainActivity}" drawable="tb_checker" />

	<!-- Telegram Beta -->
	<item component="ComponentInfo{org.telegram.messenger.beta/org.telegram.messenger.AquaIcon}" drawable="telegram_beta" />

	<!-- The Pattern -->
	<item component="ComponentInfo{com.thepattern.app/com.thepattern.app.auth.AuthActivity}" drawable="the_pattern" />

	<!-- Trendy Wall Plus -->
	<item component="ComponentInfo{trendyplus.at4u.walls/trendyplus.at4u.walls.ui.MainActivity}" drawable="trendy_wall_plus" />

	<!-- Twitch -->
	<item component="ComponentInfo{tv.twitch.android.app/tv.twitch.android.app.core.LandingActivity}" drawable="twitch" />

	<!-- UNiDAYS -->
	<item component="ComponentInfo{com.myunidays/com.myunidays.home.MainActivity}" drawable="unidays" />

	<!-- VPN Unlimited -->
	<item component="ComponentInfo{com.simplexsolutionsinc.vpn_unlimited/com.simplexsolutionsinc.vpn_unlimited.ui.screens.splash.SplashScreenActivity}" drawable="vpn_unlimited" />

	<!-- Wavelet -->
	<item component="ComponentInfo{com.pittvandewitt.wavelet/com.pittvandewitt.wavelet.MainActivity}" drawable="wavelet" />

	<!-- YT Music -->
	<item component="ComponentInfo{app.revanced.android.apps.youtube.music/com.google.android.apps.youtube.music.activities.MusicActivity}" drawable="yt_music" />

	<!-- Z-Lib -->
	<item component="ComponentInfo{com.positron_it.zlib/com.positron_it.zlib.ui.splash.SplashActivity}" drawable="z_lib" />

</resources>