<appmap>

	<!-- AGC ML -->
	<item class="com.android.camera.CameraLauncher" name="agc_ml"/>

	<!-- AGC ToolKit -->
	<item class="com.agc.gcam_tools.MainActivity" name="agc_toolkit"/>

	<!-- Amazon -->
	<item class="com.amazon.mShop.home.HomeActivity" name="amazon"/>

	<!-- BHIM -->
	<item class="mpacjhvlt.n" name="bhim"/>

	<!-- blind -->
	<item class="com.teamblind.blind.common.v2.activity.LaunchActivity" name="blind"/>

	<!-- Brave - Beta -->
	<item class="com.google.android.apps.chrome.Main" name="brave_beta"/>

	<!-- CarInfo -->
	<item class="com.cuvora.carinfo.splash.SplashScreenActivity" name="carinfo"/>

	<!-- CIBIL -->
	<item class="com.tuci.cibilindia.MainActivity" name="cibil"/>

	<!-- DataBackup -->
	<item class="com.xayah.databackup.SplashActivity" name="databackup"/>

	<!-- dscout -->
	<item class="com.vokal.dscout.activities.SplashActivity" name="dscout"/>

	<!-- Edge Canary -->
	<item class="com.microsoft.ruby.Main" name="edge_canary"/>

	<!-- File Manager -->
	<item class="com.asus.filemanager.activity.FileManagerActivity" name="file_manager"/>

	<!-- Finch -->
	<item class="com.finch.finch.MainActivity" name="finch"/>

	<!-- FKM -->
	<item class="com.franco.kernel.activities.SplashActivity" name="fkm"/>

	<!-- Flash -->
	<item class="com.flashmonk.flash.MainActivity" name="flash"/>

	<!-- Gallery -->
	<item class="com.asus.gallery.app.EPhotoActivity" name="gallery"/>

	<!-- Gallery -->
	<item class="com.alensw.PicFolder.GalleryActivity" name="gallery"/>

	<!-- Gallery -->
	<item class="org.fossify.gallery.activities.SplashActivity.Pink" name="gallery"/>

	<!-- Geekbench 6 -->
	<item class="com.primatelabs.geekbench.HomeActivity" name="geekbench_6"/>

	<!-- Hotstar -->
	<item class="com.hotstar.MainActivity" name="hotstar"/>

	<!-- Huawei Health -->
	<item class="com.huawei.health.MainActivity" name="huawei_health"/>

	<!-- Hunch -->
	<item class="social.hunch.app.MainActivity" name="hunch"/>

	<!-- Iceraven -->
	<item class="io.github.forkmaintainers.iceraven.App" name="iceraven"/>

	<!-- Instagram -->
	<item class="com.instagram.android.activity.MainTabActivity" name="instagram"/>

	<!-- Lenskart -->
	<item class="com.lenskart.app.main.ui.SplashActivity" name="lenskart"/>

	<!-- Lithium -->
	<item class="com.faultexception.reader.MainActivity" name="lithium"/>

	<!-- Lumosity -->
	<item class="com.lumoslabs.lumosity.activity.LaunchActivity" name="lumosity"/>

	<!-- Mematic -->
	<item class="net.trilliarden.mematic.mainmenu.MainMenuActivity" name="mematic"/>

	<!-- Memrise -->
	<item class="com.memrise.android.memrisecompanion.ui.activity.LauncherActivity" name="memrise"/>

	<!-- Mock Locations -->
	<item class="ru.gavrikov.mocklocations.MainActivity" name="mock_locations"/>

	<!-- Moneycontrol PRO -->
	<item class="com.moneycontrol.handheld.SplashActivity.PRO" name="moneycontrol_pro"/>

	<!-- MX Player -->
	<item class="com.mxtech.videoplayer.ad.ActivityWelcomeMX" name="mx_player"/>

	<!-- Myntra -->
	<item class="com.myntra.android.activities.react.ReactActivity" name="myntra"/>

	<!-- Network Stream (Video) Player -->
	<item class="a.c" name="network_stream_video_player"/>

	<!-- OneForma -->
	<item class="com.oneforma.pactera.MainActivity" name="oneforma"/>

	<!-- OneScore -->
	<item class="tech.fplabs.score.MainActivity" name="onescore"/>

	<!-- Paytm Money -->
	<item class="com.paytmmoney.ui.splash.BaseSplashActivity" name="paytm_money"/>

	<!-- PNB ONE -->
	<item class="com.Version1.Version1" name="pnb_one"/>

	<!-- Price History -->
	<item class="in.pricehistory.app.MainActivity" name="price_history"/>

	<!-- RBL MyCard -->
	<item class="com.rblbank.mycard.LauncherActivity" name="rbl_mycard"/>

	<!-- Reddit -->
	<item class="launcher.neon" name="reddit"/>

	<!-- Schmooze -->
	<item class="com.schmoozeapps.schmooze.MainActivity" name="schmooze"/>

	<!-- SD Maid SE -->
	<item class="eu.darken.sdmse.main.ui.MainActivity" name="sd_maid_se"/>

	<!-- Simpl -->
	<item class="com.simpl.android.MainActivity" name="simpl"/>

	<!-- slice -->
	<item class="com.slice.android.main.SingleActivity" name="slice"/>

	<!-- SMS Organizer -->
	<item class="com.microsoft.android.smsorganizer.StartupActivity" name="sms_organizer"/>

	<!-- StepSetGo -->
	<item class="com.pepkit.ssg.MainActivitydefault_icon" name="stepsetgo"/>

	<!-- StockGro -->
	<item class="com.assetgro.stockgro.ui.splash.SplashActivity" name="stockgro"/>

	<!-- Survival Manual -->
	<item class="org.ligi.survivalmanual.ui.MainActivity" name="survival_manual"/>

	<!-- Tata Neu -->
	<item class="com.tatadigital.tcp.MainActivity" name="tata_neu"/>

	<!-- TB Checker -->
	<item class="krypton.tbsafetychecker.main.MainActivity" name="tb_checker"/>

	<!-- Telegram Beta -->
	<item class="org.telegram.messenger.AquaIcon" name="telegram_beta"/>

	<!-- The Pattern -->
	<item class="com.thepattern.app.auth.AuthActivity" name="the_pattern"/>

	<!-- Trendy Wall Plus -->
	<item class="trendyplus.at4u.walls.ui.MainActivity" name="trendy_wall_plus"/>

	<!-- Twitch -->
	<item class="tv.twitch.android.app.core.LandingActivity" name="twitch"/>

	<!-- UNiDAYS -->
	<item class="com.myunidays.home.MainActivity" name="unidays"/>

	<!-- VPN Unlimited -->
	<item class="com.simplexsolutionsinc.vpn_unlimited.ui.screens.splash.SplashScreenActivity" name="vpn_unlimited"/>

	<!-- Wavelet -->
	<item class="com.pittvandewitt.wavelet.MainActivity" name="wavelet"/>

	<!-- YT Music -->
	<item class="com.google.android.apps.youtube.music.activities.MusicActivity" name="yt_music"/>

	<!-- Z-Lib -->
	<item class="com.positron_it.zlib.ui.splash.SplashActivity" name="z_lib"/>

</appmap>