<Theme version="1">

	<!-- AGC ML -->
	<AppIcon name="org.codeaurora.snapcam/com.android.camera.CameraLauncher" image="agc_ml"/>

	<!-- AGC ToolKit -->
	<AppIcon name="com.agc.gcam_tools/com.agc.gcam_tools.MainActivity" image="agc_toolkit"/>

	<!-- Amazon -->
	<AppIcon name="in.amazon.mShop.android.shopping/com.amazon.mShop.home.HomeActivity" image="amazon"/>

	<!-- BHIM -->
	<AppIcon name="in.org.npci.upiapp/mpacjhvlt.n" image="bhim"/>

	<!-- blind -->
	<AppIcon name="com.teamblind.blind/com.teamblind.blind.common.v2.activity.LaunchActivity" image="blind"/>

	<!-- Brave - Beta -->
	<AppIcon name="com.brave.browser_beta/com.google.android.apps.chrome.Main" image="brave_beta"/>

	<!-- CarInfo -->
	<AppIcon name="com.cuvora.carinfo/com.cuvora.carinfo.splash.SplashScreenActivity" image="carinfo"/>

	<!-- CIBIL -->
	<AppIcon name="com.tuci.cibilindia/com.tuci.cibilindia.MainActivity" image="cibil"/>

	<!-- DataBackup -->
	<AppIcon name="com.xayah.databackup.premium/com.xayah.databackup.SplashActivity" image="databackup"/>

	<!-- dscout -->
	<AppIcon name="com.vokal.dscout/com.vokal.dscout.activities.SplashActivity" image="dscout"/>

	<!-- Edge Canary -->
	<AppIcon name="com.microsoft.emmx.canary/com.microsoft.ruby.Main" image="edge_canary"/>

	<!-- File Manager -->
	<AppIcon name="com.asus.filemanager/com.asus.filemanager.activity.FileManagerActivity" image="file_manager"/>

	<!-- Finch -->
	<AppIcon name="com.finch.finch/com.finch.finch.MainActivity" image="finch"/>

	<!-- FKM -->
	<AppIcon name="com.franco.kernel/com.franco.kernel.activities.SplashActivity" image="fkm"/>

	<!-- Flash -->
	<AppIcon name="com.flashmonk.flash/com.flashmonk.flash.MainActivity" image="flash"/>

	<!-- Gallery -->
	<AppIcon name="com.asus.gallery/com.asus.gallery.app.EPhotoActivity" image="gallery"/>

	<!-- Gallery -->
	<AppIcon name="com.alensw.PicFolder/com.alensw.PicFolder.GalleryActivity" image="gallery"/>

	<!-- Gallery -->
	<AppIcon name="org.fossify.gallery/org.fossify.gallery.activities.SplashActivity.Pink" image="gallery"/>

	<!-- Geekbench 6 -->
	<AppIcon name="com.primatelabs.geekbench6/com.primatelabs.geekbench.HomeActivity" image="geekbench_6"/>

	<!-- Hotstar -->
	<AppIcon name="in.startv.hotstar/com.hotstar.MainActivity" image="hotstar"/>

	<!-- Huawei Health -->
	<AppIcon name="com.huawei.health/com.huawei.health.MainActivity" image="huawei_health"/>

	<!-- Hunch -->
	<AppIcon name="social.hunch.app/social.hunch.app.MainActivity" image="hunch"/>

	<!-- Iceraven -->
	<AppIcon name="io.github.forkmaintainers.iceraven/io.github.forkmaintainers.iceraven.App" image="iceraven"/>

	<!-- Instagram -->
	<AppIcon name="com.aeroinsta.android/com.instagram.android.activity.MainTabActivity" image="instagram"/>

	<!-- Lenskart -->
	<AppIcon name="com.lenskart.app/com.lenskart.app.main.ui.SplashActivity" image="lenskart"/>

	<!-- Lithium -->
	<AppIcon name="com.faultexception.reader/com.faultexception.reader.MainActivity" image="lithium"/>

	<!-- Lumosity -->
	<AppIcon name="com.lumoslabs.lumosity/com.lumoslabs.lumosity.activity.LaunchActivity" image="lumosity"/>

	<!-- Mematic -->
	<AppIcon name="net.trilliarden.mematic/net.trilliarden.mematic.mainmenu.MainMenuActivity" image="mematic"/>

	<!-- Memrise -->
	<AppIcon name="com.memrise.android.memrisecompanion/com.memrise.android.memrisecompanion.ui.activity.LauncherActivity" image="memrise"/>

	<!-- Mock Locations -->
	<AppIcon name="ru.gavrikov.mocklocations/ru.gavrikov.mocklocations.MainActivity" image="mock_locations"/>

	<!-- Moneycontrol PRO -->
	<AppIcon name="com.divum.MoneyControl/com.moneycontrol.handheld.SplashActivity.PRO" image="moneycontrol_pro"/>

	<!-- MX Player -->
	<AppIcon name="com.mxtech.videoplayer.ad/com.mxtech.videoplayer.ad.ActivityWelcomeMX" image="mx_player"/>

	<!-- Myntra -->
	<AppIcon name="com.myntra.android/com.myntra.android.activities.react.ReactActivity" image="myntra"/>

	<!-- Network Stream (Video) Player -->
	<AppIcon name="com.genuine.leone/a.c" image="network_stream_video_player"/>

	<!-- OneForma -->
	<AppIcon name="com.pacteraedge.oneforma/com.oneforma.pactera.MainActivity" image="oneforma"/>

	<!-- OneScore -->
	<AppIcon name="tech.fplabs.score/tech.fplabs.score.MainActivity" image="onescore"/>

	<!-- Paytm Money -->
	<AppIcon name="com.paytmmoney/com.paytmmoney.ui.splash.BaseSplashActivity" image="paytm_money"/>

	<!-- PNB ONE -->
	<AppIcon name="com.Version1/com.Version1.Version1" image="pnb_one"/>

	<!-- Price History -->
	<AppIcon name="in.pricehistory.app/in.pricehistory.app.MainActivity" image="price_history"/>

	<!-- RBL MyCard -->
	<AppIcon name="com.rbl.rblmycard/com.rblbank.mycard.LauncherActivity" image="rbl_mycard"/>

	<!-- Reddit -->
	<AppIcon name="com.reddit.frontpage/launcher.neon" image="reddit"/>

	<!-- Schmooze -->
	<AppIcon name="com.schmoozeapps.schmooze/com.schmoozeapps.schmooze.MainActivity" image="schmooze"/>

	<!-- SD Maid SE -->
	<AppIcon name="eu.darken.sdmse/eu.darken.sdmse.main.ui.MainActivity" image="sd_maid_se"/>

	<!-- Simpl -->
	<AppIcon name="com.simpl.android/com.simpl.android.MainActivity" image="simpl"/>

	<!-- slice -->
	<AppIcon name="indwin.c3.shareapp/com.slice.android.main.SingleActivity" image="slice"/>

	<!-- SMS Organizer -->
	<AppIcon name="com.microsoft.android.smsorganizer/com.microsoft.android.smsorganizer.StartupActivity" image="sms_organizer"/>

	<!-- StepSetGo -->
	<AppIcon name="com.pepkit.ssg/com.pepkit.ssg.MainActivitydefault_icon" image="stepsetgo"/>

	<!-- StockGro -->
	<AppIcon name="com.assetgro.stockgro.prod/com.assetgro.stockgro.ui.splash.SplashActivity" image="stockgro"/>

	<!-- Survival Manual -->
	<AppIcon name="org.ligi.survivalmanual/org.ligi.survivalmanual.ui.MainActivity" image="survival_manual"/>

	<!-- Tata Neu -->
	<AppIcon name="com.tatadigital.tcp/com.tatadigital.tcp.MainActivity" image="tata_neu"/>

	<!-- TB Checker -->
	<AppIcon name="krypton.tbsafetychecker/krypton.tbsafetychecker.main.MainActivity" image="tb_checker"/>

	<!-- Telegram Beta -->
	<AppIcon name="org.telegram.messenger.beta/org.telegram.messenger.AquaIcon" image="telegram_beta"/>

	<!-- The Pattern -->
	<AppIcon name="com.thepattern.app/com.thepattern.app.auth.AuthActivity" image="the_pattern"/>

	<!-- Trendy Wall Plus -->
	<AppIcon name="trendyplus.at4u.walls/trendyplus.at4u.walls.ui.MainActivity" image="trendy_wall_plus"/>

	<!-- Twitch -->
	<AppIcon name="tv.twitch.android.app/tv.twitch.android.app.core.LandingActivity" image="twitch"/>

	<!-- UNiDAYS -->
	<AppIcon name="com.myunidays/com.myunidays.home.MainActivity" image="unidays"/>

	<!-- VPN Unlimited -->
	<AppIcon name="com.simplexsolutionsinc.vpn_unlimited/com.simplexsolutionsinc.vpn_unlimited.ui.screens.splash.SplashScreenActivity" image="vpn_unlimited"/>

	<!-- Wavelet -->
	<AppIcon name="com.pittvandewitt.wavelet/com.pittvandewitt.wavelet.MainActivity" image="wavelet"/>

	<!-- YT Music -->
	<AppIcon name="app.revanced.android.apps.youtube.music/com.google.android.apps.youtube.music.activities.MusicActivity" image="yt_music"/>

	<!-- Z-Lib -->
	<AppIcon name="com.positron_it.zlib/com.positron_it.zlib.ui.splash.SplashActivity" image="z_lib"/>

</Theme>