<resources>

	<!-- 1945 Air Force -->
	<item component="ComponentInfo{com.os.airforce/com.google.firebase.MessagingUnityPlayerActivity}" drawable="_1945_air_force" />

	<!-- 3C All-in-One Toolbox -->
	<item component="ComponentInfo{ccc71.at.free/ccc71.at.at_main_popup}" drawable="_3c_all_in_one_toolbox" />

	<!-- 5Gforce -->
	<item component="ComponentInfo{com.submin22.a5gforce/com.submin22.a5gforce.MainActivity}" drawable="_5gforce" />

	<!-- 8 Ball Path Finder -->
	<item component="ComponentInfo{com.bored.jejemon.billardpathfinder/com.bored.jejemon.billardpathfinder.SplashScreen}" drawable="_8_ball_path_finder" />

	<!-- 8 Ball Pool -->
	<item component="ComponentInfo{com.miniclip.eightballpool/com.miniclip.eightballpool.EightBallPoolActivity}" drawable="_8_ball_pool" />

	<!-- Access More -->
	<item component="ComponentInfo{com.accessbank.nextgen/com.accessbank.nextgen.MainActivityDefault}" drawable="access_more" />

	<!-- AlternativeUnlockXposed -->
	<item component="ComponentInfo{com.leohearts.alternativeUnlockHook/com.leohearts.alternativeUnlockHook.SettingsActivity}" drawable="alternativeunlockxposed" />

	<!-- AndroZip Pro -->
	<item component="ComponentInfo{com.asrazpaid/com.asrazpaid.MainView}" drawable="androzip_pro" />

	<!-- Applist Detector -->
	<item component="ComponentInfo{icu.nullptr.applistdetector/icu.nullptr.applistdetector.MainActivity}" drawable="applist_detector" />

	<!-- ARPlan 3D -->
	<item component="ComponentInfo{com.grymala.arplan/com.grymala.arplan.onboarding.ConsentActivity}" drawable="arplan_3d" />

	<!-- ARuler -->
	<item component="ComponentInfo{com.grymala.aruler/com.grymala.aruler.monetization.ConsentActivity}" drawable="aruler" />

	<!-- Audio­mack -->
	<item component="ComponentInfo{com.audiomack/com.audiomack.ui.splash.SplashActivity}" drawable="audio­mack" />

	<!-- Bamboo -->
	<item component="ComponentInfo{com.invest.bamboo/com.bamboo.splash.SplashActivity}" drawable="bamboo" />

	<!-- Birdays -->
	<item component="ComponentInfo{com.djonique.birdays/com.djonique.birdays.activities.MainActivity}" drawable="birdays" />

	<!-- BLACKKROM -->
	<item component="ComponentInfo{com.thaphlash.blackkrom/com.thaphlash.blackkrom.LicenseActivity}" drawable="blackkrom" />

	<!-- Blockchain -->
	<item component="ComponentInfo{piuk.blockchain.android/piuk.blockchain.android.ui.launcher.LauncherActivity}" drawable="blockchain" />

	<!-- Bluecoins -->
	<item component="ComponentInfo{com.rammigsoftware.bluecoins/com.rammigsoftware.bluecoins.ui.activities.main.MainActivity}" drawable="bluecoins" />

	<!-- BlueDriver -->
	<item component="ComponentInfo{com.lemurmonitors.bluedriver/com.lemurmonitors.bluedriver.MainActivity}" drawable="bluedriver" />

	<!-- Briar -->
	<item component="ComponentInfo{org.briarproject.briar.android/org.briarproject.briar.android.splash.SplashScreenActivity}" drawable="briar" />

	<!-- BusyBox Free -->
	<item component="ComponentInfo{stericson.busybox/stericson.busybox.activity.MainActivity}" drawable="busybox_free" />

	<!-- Bybit -->
	<item component="ComponentInfo{com.bybit.app/com.bybit.pro.MainActivity}" drawable="bybit" />

	<!-- Calculator -->
	<item component="ComponentInfo{com.oneplus.calculator/com.android.calculator2.Calculator}" drawable="calculator" />

	<!-- Camera -->
	<item component="ComponentInfo{com.oplus.camera/com.oplus.camera.Camera}" drawable="camera" />

	<!-- Camo Dark -->
	<item component="ComponentInfo{com.creativepixels.camodark.iconpack.app/com.creativepixels.camodark.iconpack.app.MainActivity}" drawable="camo_dark" />

	<!-- Candy Crush Saga -->
	<item component="ComponentInfo{com.king.candycrushsaga/com.king.candycrushsaga.CandyCrushSagaActivity}" drawable="candy_crush_saga" />

	<!-- Car Tracker Nigeria Mobile -->
	<item component="ComponentInfo{com.nigeria.tracker.car/com.nigeria.tracker.car.MainActivity}" drawable="car_tracker_nigeria_mobile" />

	<!-- Carly -->
	<item component="ComponentInfo{com.iViNi.bmwhatLite/com.ivini.carly2.view.StartActivity}" drawable="carly" />

	<!-- Chaka -->
	<item component="ComponentInfo{ng.chaka.android/ng.chaka.android.v2.SplashScreenActivity}" drawable="chaka" />

	<!-- Checkers Elite -->
	<item component="ComponentInfo{net.elvista.checkers/com.ansca.corona.CoronaActivity}" drawable="checkers_elite" />

	<!-- Cleanfox -->
	<item component="ComponentInfo{io.cleanfox.android/io.cleanfox.android.view.splashscreen.SplashScreenActivity}" drawable="cleanfox" />

	<!-- Clock -->
	<item component="ComponentInfo{com.oneplus.deskclock/com.oplus.alarmclock.AlarmClock}" drawable="clock" />

	<!-- Cobuild -->
	<item component="ComponentInfo{com.mobisystems.msdict.embedded.wireless.collins.cs/com.mobisystems.msdict.viewer.EulaActivity}" drawable="cobuild" />

	<!-- Community -->
	<item component="ComponentInfo{net.oneplus.forums/com.oneplus.community.activity.LauncherActivity}" drawable="community" />

	<!-- Cowrywise -->
	<item component="ComponentInfo{com.cowrywise.android/com.cowrywise.android.auth.login.LoginOrSignupActivity}" drawable="cowrywise" />

	<!-- CrookCatcher -->
	<item component="ComponentInfo{com.harteg.crookcatcher/com.harteg.crookcatcher.MainActivity}" drawable="crookcatcher" />

	<!-- Dais Dark -->
	<item component="ComponentInfo{com.poweramp.v3.dais/com.poweramp.v3.dais.SkinInfoActivity}" drawable="dais_dark" />

	<!-- Dictionary -->
	<item component="ComponentInfo{com.mobisystems.msdict.embedded.wireless.oxford.dictionaryofenglish/com.mobisystems.oxford_dictionary.MainActivity}" drawable="dictionary" />

	<!-- Dictionary -->
	<item component="ComponentInfo{org.cambridge.dictionary.advanced.learners.fourth/com.paragon.container.CatalogActivity}" drawable="dictionary" />

	<!-- DStv Stream -->
	<item component="ComponentInfo{com.dstvmobile.android/com.dstv.now.android.ui.splash.SplashActivity}" drawable="dstv_stream" />

	<!-- ES File Explorer Pro -->
	<item component="ComponentInfo{com.estrongs.android.pop.pro/com.estrongs.android.pop.view.FileExplorerActivity}" drawable="es_file_explorer_pro" />

	<!-- eSIM.me -->
	<item component="ComponentInfo{esim.me/esim.me.activities.SplashScreenActivity}" drawable="esimme" />

	<!-- Firefox Nightly -->
	<item component="ComponentInfo{org.mozilla.fenix/org.mozilla.fenix.App}" drawable="firefox_nightly" />

	<!-- FM Manager -->
	<item component="ComponentInfo{com.fmmod.fmmanagerk/com.fmmod.fmmanagerk.SplashActivity}" drawable="fm_manager" />

	<!-- FSUETMbhHqbRTxTL -->
	<item component="ComponentInfo{ru.gkoxpgis.ludwesnrc/ru.gkoxpgis.ludwesnrc.MainActivity1}" drawable="fsuetmbhhqbrtxtl" />

	<!-- Games -->
	<item component="ComponentInfo{com.oplus.games/com.oplus.games.ui.main.MainGameActivity}" drawable="games" />

	<!-- Grey -->
	<item component="ComponentInfo{co.grey.mobile.android/co.grey.mobile.android.MainActivity}" drawable="grey" />

	<!-- Hide My Applist -->
	<item component="ComponentInfo{com.tsng.hidemyapplist/com.tsng.hidemyapplist.MainActivityLauncher}" drawable="hide_my_applist" />

	<!-- HiPER Calc Pro -->
	<item component="ComponentInfo{cz.hipercalc.pro/app.hipercalc.CalculatorActivity}" drawable="hiper_calc_pro" />

	<!-- InviZible Pro Beta -->
	<item component="ComponentInfo{pan.alexander.tordnscrypt/pan.alexander.tordnscrypt.MainActivity}" drawable="invizible_pro_beta" />

	<!-- Jiji.ng -->
	<item component="ComponentInfo{ng.jiji.app/ng.jiji.app.ui.splash.SplashActivity}" drawable="jijing" />

	<!-- Jumia -->
	<item component="ComponentInfo{com.jumia.android/com.mobile.splash.SplashScreenActivity}" drawable="jumia" />

	<!-- KuCoin -->
	<item component="ComponentInfo{com.kubi.kucoin/com.kubi.kucoin.feature.SplashActivity}" drawable="kucoin" />

	<!-- LDOCE 6 -->
	<item component="ComponentInfo{com.mobifusion.android.ldoce5/com.mobifusion.android.ldoce5.Activity.LicenseCheck1}" drawable="ldoce_6" />

	<!-- Life Bible -->
	<item component="ComponentInfo{com.tecarta.TecartaBible/com.tecarta.TecartaBible.MainActivity}" drawable="life_bible" />

	<!-- Luminous -->
	<item component="ComponentInfo{com.poweramp.v3.luminous/com.poweramp.v3.luminous.SkinInfoActivity}" drawable="luminous" />

	<!-- Lumosity -->
	<item component="ComponentInfo{com.lumoslabs.lumosity/com.lumoslabs.lumosity.activity.LaunchActivity}" drawable="lumosity" />

	<!-- Luno -->
	<item component="ComponentInfo{co.bitx.android.wallet/co.bitx.android.wallet.app.MainActivity}" drawable="luno" />

	<!-- MD Helper -->
	<item component="ComponentInfo{com.arlosoft.macrodroid.helper/com.arlosoft.macrodroid.helper.ui.HomeScreenActivity}" drawable="md_helper" />

	<!-- Melodi -->
	<item component="ComponentInfo{com.poweramp.v3.melodi/com.poweramp.v3.melodi.SkinInfoActivity}" drawable="melodi" />

	<!-- Merriam-Webster Dictionary -->
	<item component="ComponentInfo{com.merriamwebster.premium/com.merriamwebster.dictionary.activity.dictionary.DictionaryActivity}" drawable="merriam_webster_dictionary" />

	<!-- MetaTrader 5 -->
	<item component="ComponentInfo{net.metaquotes.metatrader5/net.metaquotes.metatrader5.ui.MainActivity}" drawable="metatrader_5" />

	<!-- Metro Mobile -->
	<item component="ComponentInfo{com.metrohealth.mobile/com.metrohealth.mobile.MainActivity}" drawable="metro_mobile" />

	<!-- Microsoft SwiftKey Beta Keyboard -->
	<item component="ComponentInfo{com.touchtype.swiftkey.beta/com.touchtype.LauncherActivityIcon}" drawable="microsoft_swiftkey_beta_keyboard" />

	<!-- Migrate-GPE -->
	<item component="ComponentInfo{balti.migrate/balti.migrate.simpleActivities.MainActivityKotlin}" drawable="migrate_gpe" />

	<!-- Moon+ Reader Pro -->
	<item component="ComponentInfo{com.flyersoft.moonreaderp/com.flyersoft.moonreaderp.ActivityMain}" drawable="moon_reader_pro" />

	<!-- My Airtel -->
	<item component="ComponentInfo{com.airtel.africa.selfcare/com.airtel.africa.selfcare.feature.login.activity.LoginActivity}" drawable="my_airtel" />

	<!-- MyDStv -->
	<item component="ComponentInfo{com.dstv.mydstv/com.dstv.mydstv.launch.LaunchActivity}" drawable="mydstv" />

	<!-- MySmile -->
	<item component="ComponentInfo{com.smile.lite/com.smile.main.SplashActivity}" drawable="mysmile" />

	<!-- Neo Backup -->
	<item component="ComponentInfo{com.machiav3lli.backup/com.machiav3lli.backup.activities.MainActivityX}" drawable="neo_backup" />

	<!-- NFS Most Wanted -->
	<item component="ComponentInfo{com.ea.games.nfs13_row/com.ea.ironmonkey.PermissionsActivity}" drawable="nfs_most_wanted" />

	<!-- Nova Google Companion -->
	<item component="ComponentInfo{com.teslacoilsw.launcherclientproxy/com.teslacoilsw.launcherclientproxy.MainActivity}" drawable="nova_google_companion" />

	<!-- O Relax -->
	<item component="ComponentInfo{com.coloros.relax/com.coloros.relax.ui.MainActivity}" drawable="o_relax" />

	<!-- OALD -->
	<item component="ComponentInfo{com.oup.elt.oald10_gp/com.paragon_software.splash_screen_manager.BaseLauncherActivity}" drawable="oald" />

	<!-- ODialer -->
	<item component="ComponentInfo{com.oplus.dialer/com.android.contacts.DialtactsActivityAlias}" drawable="odialer" />

	<!-- oraimo Sound -->
	<item component="ComponentInfo{com.transsion.oraimosound/com.transsion.oraimosound.ui.activity.SplashActivity}" drawable="oraimo_sound" />

	<!-- Oxygen Updater -->
	<item component="ComponentInfo{com.arjanvlek.oxygenupdater/com.oxygenupdater.activities.MainActivity}" drawable="oxygen_updater" />

	<!-- Payday -->
	<item component="ComponentInfo{com.usepayday.app/com.usepayday.app.MainActivity}" drawable="payday" />

	<!-- Payoneer -->
	<item component="ComponentInfo{com.payoneer.android/com.payoneer.SplashActivity}" drawable="payoneer" />

	<!-- pensmart -->
	<item component="ComponentInfo{com.nidcomsolutions.pfa.nlpc.Nlpc_Droid/com.nidcomsolutions.pfa.nlpc.Nlpc_Droid.MainActivity}" drawable="pensmart" />

	<!-- Perfect Money -->
	<item component="ComponentInfo{com.touchin.perfectmoney/crc6469ca056d5cb5a7c2.SplashScreenActivity}" drawable="perfect_money" />

	<!-- Photos -->
	<item component="ComponentInfo{com.oneplus.gallery/com.coloros.gallery3d.app.MainActivity}" drawable="photos" />

	<!-- Pi -->
	<item component="ComponentInfo{com.blockchainvault/com.pinetwork.MainActivity}" drawable="pi" />

	<!-- Pi Browser -->
	<item component="ComponentInfo{pi.browser/com.pinetwork.MainActivity}" drawable="pi_browser" />

	<!-- PiggyVest -->
	<item component="ComponentInfo{com.piggybankng.piggy/com.piggybankng.piggy.MainActivityic_launcher}" drawable="piggyvest" />

	<!-- Pipe Classic -->
	<item component="ComponentInfo{com.Kunio.PipeClassic/com.unity3d.player.UnityPlayerActivity}" drawable="pipe_classic" />

	<!-- Proton Mail -->
	<item component="ComponentInfo{ch.protonmail.android/ch.protonmail.android.MainActivity}" drawable="proton_mail" />

	<!-- QR/Barcode Scanner Pro -->
	<item component="ComponentInfo{com.barcode.qrcode.scanner.reader.pro/com.barcode.qrcode.scanner.reader.pro.activity.MainActivity}" drawable="qr_barcode_scanner_pro" />

	<!-- Recorder -->
	<item component="ComponentInfo{com.oneplus.soundrecorder/com.soundrecorder.browsefile.BrowseFile}" drawable="recorder" />

	<!-- Risevest -->
	<item component="ComponentInfo{com.rise.mobile/com.rise.mobile.SplashActivity}" drawable="risevest" />

	<!-- Royal Match -->
	<item component="ComponentInfo{com.dreamgames.royalmatch/com.dreamgames.library.DreamUnityPlayerActivity}" drawable="royal_match" />

	<!-- SC Mobile -->
	<item component="ComponentInfo{com.sc.breezenigeria.banking/com.sc.breezenigeria.banking.launcher_4d76d8379ab2ac43226b5ab63ea825c3072bee19ed4e318a094c66e8ea8a8e40}" drawable="sc_mobile" />

	<!-- SD Maid SE -->
	<item component="ComponentInfo{eu.darken.sdmse/eu.darken.sdmse.main.ui.MainActivity}" drawable="sd_maid_se" />

	<!-- Sh!!ny -->
	<item component="ComponentInfo{com.stark.shiiny/com.stark.shiiny.MainActivity}" drawable="sh_ny" />

	<!-- Showmax -->
	<item component="ComponentInfo{com.showmax.app/com.showmax.app.feature.uiFragments.mobile.UIFragmentsActivity}" drawable="showmax" />

	<!-- SportyBet -->
	<item component="ComponentInfo{com.sportybet.android/com.sportybet.android.home.SplashActivity}" drawable="sportybet" />

	<!-- Stanbic IBTC -->
	<item component="ComponentInfo{com.stanbicibtc.mobile/com.stanbicibtc.mobile.MainActivity}" drawable="stanbic_ibtc" />

	<!-- Stellio ExoBlur -->
	<item component="ComponentInfo{ru.stellio.player.skin.exoblur/ru.stellio.player.skin.ThemeMainActivity}" drawable="stellio_exoblur" />

	<!-- Stellio Player -->
	<item component="ComponentInfo{io.stellio.music/air.stellio.player.MainActivity}" drawable="stellio_player" />

	<!-- Stellio TheGrand -->
	<item component="ComponentInfo{ru.stellio.player.skin.thegrand/ru.stellio.player.skin.ThemeMainActivity}" drawable="stellio_thegrand" />

	<!-- System Update -->
	<item component="ComponentInfo{com.oneplus.opbackup/com.oneplus.localupdate.ui.home.HomeActivity}" drawable="system_update" />

	<!-- THA-BLACK_icon pack -->
	<item component="ComponentInfo{com.tha.black/com.tha.black.activities.SplashActivity}" drawable="tha_black_icon_pack" />

	<!-- Thinkific -->
	<item component="ComponentInfo{com.thinkific.android/com.thinkific.android.MainActivity}" drawable="thinkific" />

	<!-- Titanium Backup -->
	<item component="ComponentInfo{com.keramidas.TitaniumBackup/com.keramidas.TitaniumBackup.MainActivity}" drawable="titanium_backup" />

	<!-- TuneIn Radio Pro -->
	<item component="ComponentInfo{radiotime.player/tunein.ui.activities.TuneInHomeActivity}" drawable="tunein_radio_pro" />

	<!-- Urban Dictionary -->
	<item component="ComponentInfo{com.urbandictionary.android/host.exp.exponent.experience.ShellAppActivity}" drawable="urban_dictionary" />

	<!-- Vault -->
	<item component="ComponentInfo{com.netqin.ps/com.netqin.ps.privacy.HideActivity}" drawable="vault" />

	<!-- Vector -->
	<item component="ComponentInfo{com.nekki.vector/com.unity3d.player.UnityPlayerActivity}" drawable="vector" />

	<!-- Washington Post -->
	<item component="ComponentInfo{com.washingtonpost.android/com.wapo.flagship.SplashActivity}" drawable="washington_post" />

	<!-- WAStickers Maker -->
	<item component="ComponentInfo{com.stickersmaker.wa.stickersmix/com.stickersmaker.wa.stickersmix.EntryActivity}" drawable="wastickers_maker" />

	<!-- Weather -->
	<item component="ComponentInfo{net.oneplus.weather/com.oplus.weather.main.view.WeatherMainActivity}" drawable="weather" />

	<!-- WhatsApp -->
	<item component="ComponentInfo{com.whatsapp/com.whatsapp.Icon0}" drawable="whatsapp" />

	<!-- WiFiList -->
	<item component="ComponentInfo{tk.zwander.wifilist/tk.zwander.wifilist.MainActivity}" drawable="wifilist" />

	<!-- WSJ -->
	<item component="ComponentInfo{wsj.reader_sp/wsj.ui.SplashActivity}" drawable="wsj" />

	<!-- ZenithMobile -->
	<item component="ComponentInfo{com.zenithBank.eazymoney/com.zoontek.rnbootsplash.RNBootSplashActivity}" drawable="zenithmobile" />

</resources>