<Theme version="1">

	<!-- 1945 Air Force -->
	<AppIcon name="com.os.airforce/com.google.firebase.MessagingUnityPlayerActivity" image="_1945_air_force"/>

	<!-- 3C All-in-One Toolbox -->
	<AppIcon name="ccc71.at.free/ccc71.at.at_main_popup" image="_3c_all_in_one_toolbox"/>

	<!-- 5Gforce -->
	<AppIcon name="com.submin22.a5gforce/com.submin22.a5gforce.MainActivity" image="_5gforce"/>

	<!-- 8 Ball Path Finder -->
	<AppIcon name="com.bored.jejemon.billardpathfinder/com.bored.jejemon.billardpathfinder.SplashScreen" image="_8_ball_path_finder"/>

	<!-- 8 Ball Pool -->
	<AppIcon name="com.miniclip.eightballpool/com.miniclip.eightballpool.EightBallPoolActivity" image="_8_ball_pool"/>

	<!-- Access More -->
	<AppIcon name="com.accessbank.nextgen/com.accessbank.nextgen.MainActivityDefault" image="access_more"/>

	<!-- AlternativeUnlockXposed -->
	<AppIcon name="com.leohearts.alternativeUnlockHook/com.leohearts.alternativeUnlockHook.SettingsActivity" image="alternativeunlockxposed"/>

	<!-- AndroZip Pro -->
	<AppIcon name="com.asrazpaid/com.asrazpaid.MainView" image="androzip_pro"/>

	<!-- Applist Detector -->
	<AppIcon name="icu.nullptr.applistdetector/icu.nullptr.applistdetector.MainActivity" image="applist_detector"/>

	<!-- ARPlan 3D -->
	<AppIcon name="com.grymala.arplan/com.grymala.arplan.onboarding.ConsentActivity" image="arplan_3d"/>

	<!-- ARuler -->
	<AppIcon name="com.grymala.aruler/com.grymala.aruler.monetization.ConsentActivity" image="aruler"/>

	<!-- Audio­mack -->
	<AppIcon name="com.audiomack/com.audiomack.ui.splash.SplashActivity" image="audio­mack"/>

	<!-- Bamboo -->
	<AppIcon name="com.invest.bamboo/com.bamboo.splash.SplashActivity" image="bamboo"/>

	<!-- Birdays -->
	<AppIcon name="com.djonique.birdays/com.djonique.birdays.activities.MainActivity" image="birdays"/>

	<!-- BLACKKROM -->
	<AppIcon name="com.thaphlash.blackkrom/com.thaphlash.blackkrom.LicenseActivity" image="blackkrom"/>

	<!-- Blockchain -->
	<AppIcon name="piuk.blockchain.android/piuk.blockchain.android.ui.launcher.LauncherActivity" image="blockchain"/>

	<!-- Bluecoins -->
	<AppIcon name="com.rammigsoftware.bluecoins/com.rammigsoftware.bluecoins.ui.activities.main.MainActivity" image="bluecoins"/>

	<!-- BlueDriver -->
	<AppIcon name="com.lemurmonitors.bluedriver/com.lemurmonitors.bluedriver.MainActivity" image="bluedriver"/>

	<!-- Briar -->
	<AppIcon name="org.briarproject.briar.android/org.briarproject.briar.android.splash.SplashScreenActivity" image="briar"/>

	<!-- BusyBox Free -->
	<AppIcon name="stericson.busybox/stericson.busybox.activity.MainActivity" image="busybox_free"/>

	<!-- Bybit -->
	<AppIcon name="com.bybit.app/com.bybit.pro.MainActivity" image="bybit"/>

	<!-- Calculator -->
	<AppIcon name="com.oneplus.calculator/com.android.calculator2.Calculator" image="calculator"/>

	<!-- Camera -->
	<AppIcon name="com.oplus.camera/com.oplus.camera.Camera" image="camera"/>

	<!-- Camo Dark -->
	<AppIcon name="com.creativepixels.camodark.iconpack.app/com.creativepixels.camodark.iconpack.app.MainActivity" image="camo_dark"/>

	<!-- Candy Crush Saga -->
	<AppIcon name="com.king.candycrushsaga/com.king.candycrushsaga.CandyCrushSagaActivity" image="candy_crush_saga"/>

	<!-- Car Tracker Nigeria Mobile -->
	<AppIcon name="com.nigeria.tracker.car/com.nigeria.tracker.car.MainActivity" image="car_tracker_nigeria_mobile"/>

	<!-- Carly -->
	<AppIcon name="com.iViNi.bmwhatLite/com.ivini.carly2.view.StartActivity" image="carly"/>

	<!-- Chaka -->
	<AppIcon name="ng.chaka.android/ng.chaka.android.v2.SplashScreenActivity" image="chaka"/>

	<!-- Checkers Elite -->
	<AppIcon name="net.elvista.checkers/com.ansca.corona.CoronaActivity" image="checkers_elite"/>

	<!-- Cleanfox -->
	<AppIcon name="io.cleanfox.android/io.cleanfox.android.view.splashscreen.SplashScreenActivity" image="cleanfox"/>

	<!-- Clock -->
	<AppIcon name="com.oneplus.deskclock/com.oplus.alarmclock.AlarmClock" image="clock"/>

	<!-- Cobuild -->
	<AppIcon name="com.mobisystems.msdict.embedded.wireless.collins.cs/com.mobisystems.msdict.viewer.EulaActivity" image="cobuild"/>

	<!-- Community -->
	<AppIcon name="net.oneplus.forums/com.oneplus.community.activity.LauncherActivity" image="community"/>

	<!-- Cowrywise -->
	<AppIcon name="com.cowrywise.android/com.cowrywise.android.auth.login.LoginOrSignupActivity" image="cowrywise"/>

	<!-- CrookCatcher -->
	<AppIcon name="com.harteg.crookcatcher/com.harteg.crookcatcher.MainActivity" image="crookcatcher"/>

	<!-- Dais Dark -->
	<AppIcon name="com.poweramp.v3.dais/com.poweramp.v3.dais.SkinInfoActivity" image="dais_dark"/>

	<!-- Dictionary -->
	<AppIcon name="com.mobisystems.msdict.embedded.wireless.oxford.dictionaryofenglish/com.mobisystems.oxford_dictionary.MainActivity" image="dictionary"/>

	<!-- Dictionary -->
	<AppIcon name="org.cambridge.dictionary.advanced.learners.fourth/com.paragon.container.CatalogActivity" image="dictionary"/>

	<!-- DStv Stream -->
	<AppIcon name="com.dstvmobile.android/com.dstv.now.android.ui.splash.SplashActivity" image="dstv_stream"/>

	<!-- ES File Explorer Pro -->
	<AppIcon name="com.estrongs.android.pop.pro/com.estrongs.android.pop.view.FileExplorerActivity" image="es_file_explorer_pro"/>

	<!-- eSIM.me -->
	<AppIcon name="esim.me/esim.me.activities.SplashScreenActivity" image="esimme"/>

	<!-- Firefox Nightly -->
	<AppIcon name="org.mozilla.fenix/org.mozilla.fenix.App" image="firefox_nightly"/>

	<!-- FM Manager -->
	<AppIcon name="com.fmmod.fmmanagerk/com.fmmod.fmmanagerk.SplashActivity" image="fm_manager"/>

	<!-- FSUETMbhHqbRTxTL -->
	<AppIcon name="ru.gkoxpgis.ludwesnrc/ru.gkoxpgis.ludwesnrc.MainActivity1" image="fsuetmbhhqbrtxtl"/>

	<!-- Games -->
	<AppIcon name="com.oplus.games/com.oplus.games.ui.main.MainGameActivity" image="games"/>

	<!-- Grey -->
	<AppIcon name="co.grey.mobile.android/co.grey.mobile.android.MainActivity" image="grey"/>

	<!-- Hide My Applist -->
	<AppIcon name="com.tsng.hidemyapplist/com.tsng.hidemyapplist.MainActivityLauncher" image="hide_my_applist"/>

	<!-- HiPER Calc Pro -->
	<AppIcon name="cz.hipercalc.pro/app.hipercalc.CalculatorActivity" image="hiper_calc_pro"/>

	<!-- InviZible Pro Beta -->
	<AppIcon name="pan.alexander.tordnscrypt/pan.alexander.tordnscrypt.MainActivity" image="invizible_pro_beta"/>

	<!-- Jiji.ng -->
	<AppIcon name="ng.jiji.app/ng.jiji.app.ui.splash.SplashActivity" image="jijing"/>

	<!-- Jumia -->
	<AppIcon name="com.jumia.android/com.mobile.splash.SplashScreenActivity" image="jumia"/>

	<!-- KuCoin -->
	<AppIcon name="com.kubi.kucoin/com.kubi.kucoin.feature.SplashActivity" image="kucoin"/>

	<!-- LDOCE 6 -->
	<AppIcon name="com.mobifusion.android.ldoce5/com.mobifusion.android.ldoce5.Activity.LicenseCheck1" image="ldoce_6"/>

	<!-- Life Bible -->
	<AppIcon name="com.tecarta.TecartaBible/com.tecarta.TecartaBible.MainActivity" image="life_bible"/>

	<!-- Luminous -->
	<AppIcon name="com.poweramp.v3.luminous/com.poweramp.v3.luminous.SkinInfoActivity" image="luminous"/>

	<!-- Lumosity -->
	<AppIcon name="com.lumoslabs.lumosity/com.lumoslabs.lumosity.activity.LaunchActivity" image="lumosity"/>

	<!-- Luno -->
	<AppIcon name="co.bitx.android.wallet/co.bitx.android.wallet.app.MainActivity" image="luno"/>

	<!-- MD Helper -->
	<AppIcon name="com.arlosoft.macrodroid.helper/com.arlosoft.macrodroid.helper.ui.HomeScreenActivity" image="md_helper"/>

	<!-- Melodi -->
	<AppIcon name="com.poweramp.v3.melodi/com.poweramp.v3.melodi.SkinInfoActivity" image="melodi"/>

	<!-- Merriam-Webster Dictionary -->
	<AppIcon name="com.merriamwebster.premium/com.merriamwebster.dictionary.activity.dictionary.DictionaryActivity" image="merriam_webster_dictionary"/>

	<!-- MetaTrader 5 -->
	<AppIcon name="net.metaquotes.metatrader5/net.metaquotes.metatrader5.ui.MainActivity" image="metatrader_5"/>

	<!-- Metro Mobile -->
	<AppIcon name="com.metrohealth.mobile/com.metrohealth.mobile.MainActivity" image="metro_mobile"/>

	<!-- Microsoft SwiftKey Beta Keyboard -->
	<AppIcon name="com.touchtype.swiftkey.beta/com.touchtype.LauncherActivityIcon" image="microsoft_swiftkey_beta_keyboard"/>

	<!-- Migrate-GPE -->
	<AppIcon name="balti.migrate/balti.migrate.simpleActivities.MainActivityKotlin" image="migrate_gpe"/>

	<!-- Moon+ Reader Pro -->
	<AppIcon name="com.flyersoft.moonreaderp/com.flyersoft.moonreaderp.ActivityMain" image="moon_reader_pro"/>

	<!-- My Airtel -->
	<AppIcon name="com.airtel.africa.selfcare/com.airtel.africa.selfcare.feature.login.activity.LoginActivity" image="my_airtel"/>

	<!-- MyDStv -->
	<AppIcon name="com.dstv.mydstv/com.dstv.mydstv.launch.LaunchActivity" image="mydstv"/>

	<!-- MySmile -->
	<AppIcon name="com.smile.lite/com.smile.main.SplashActivity" image="mysmile"/>

	<!-- Neo Backup -->
	<AppIcon name="com.machiav3lli.backup/com.machiav3lli.backup.activities.MainActivityX" image="neo_backup"/>

	<!-- NFS Most Wanted -->
	<AppIcon name="com.ea.games.nfs13_row/com.ea.ironmonkey.PermissionsActivity" image="nfs_most_wanted"/>

	<!-- Nova Google Companion -->
	<AppIcon name="com.teslacoilsw.launcherclientproxy/com.teslacoilsw.launcherclientproxy.MainActivity" image="nova_google_companion"/>

	<!-- O Relax -->
	<AppIcon name="com.coloros.relax/com.coloros.relax.ui.MainActivity" image="o_relax"/>

	<!-- OALD -->
	<AppIcon name="com.oup.elt.oald10_gp/com.paragon_software.splash_screen_manager.BaseLauncherActivity" image="oald"/>

	<!-- ODialer -->
	<AppIcon name="com.oplus.dialer/com.android.contacts.DialtactsActivityAlias" image="odialer"/>

	<!-- oraimo Sound -->
	<AppIcon name="com.transsion.oraimosound/com.transsion.oraimosound.ui.activity.SplashActivity" image="oraimo_sound"/>

	<!-- Oxygen Updater -->
	<AppIcon name="com.arjanvlek.oxygenupdater/com.oxygenupdater.activities.MainActivity" image="oxygen_updater"/>

	<!-- Payday -->
	<AppIcon name="com.usepayday.app/com.usepayday.app.MainActivity" image="payday"/>

	<!-- Payoneer -->
	<AppIcon name="com.payoneer.android/com.payoneer.SplashActivity" image="payoneer"/>

	<!-- pensmart -->
	<AppIcon name="com.nidcomsolutions.pfa.nlpc.Nlpc_Droid/com.nidcomsolutions.pfa.nlpc.Nlpc_Droid.MainActivity" image="pensmart"/>

	<!-- Perfect Money -->
	<AppIcon name="com.touchin.perfectmoney/crc6469ca056d5cb5a7c2.SplashScreenActivity" image="perfect_money"/>

	<!-- Photos -->
	<AppIcon name="com.oneplus.gallery/com.coloros.gallery3d.app.MainActivity" image="photos"/>

	<!-- Pi -->
	<AppIcon name="com.blockchainvault/com.pinetwork.MainActivity" image="pi"/>

	<!-- Pi Browser -->
	<AppIcon name="pi.browser/com.pinetwork.MainActivity" image="pi_browser"/>

	<!-- PiggyVest -->
	<AppIcon name="com.piggybankng.piggy/com.piggybankng.piggy.MainActivityic_launcher" image="piggyvest"/>

	<!-- Pipe Classic -->
	<AppIcon name="com.Kunio.PipeClassic/com.unity3d.player.UnityPlayerActivity" image="pipe_classic"/>

	<!-- Proton Mail -->
	<AppIcon name="ch.protonmail.android/ch.protonmail.android.MainActivity" image="proton_mail"/>

	<!-- QR/Barcode Scanner Pro -->
	<AppIcon name="com.barcode.qrcode.scanner.reader.pro/com.barcode.qrcode.scanner.reader.pro.activity.MainActivity" image="qr_barcode_scanner_pro"/>

	<!-- Recorder -->
	<AppIcon name="com.oneplus.soundrecorder/com.soundrecorder.browsefile.BrowseFile" image="recorder"/>

	<!-- Risevest -->
	<AppIcon name="com.rise.mobile/com.rise.mobile.SplashActivity" image="risevest"/>

	<!-- Royal Match -->
	<AppIcon name="com.dreamgames.royalmatch/com.dreamgames.library.DreamUnityPlayerActivity" image="royal_match"/>

	<!-- SC Mobile -->
	<AppIcon name="com.sc.breezenigeria.banking/com.sc.breezenigeria.banking.launcher_4d76d8379ab2ac43226b5ab63ea825c3072bee19ed4e318a094c66e8ea8a8e40" image="sc_mobile"/>

	<!-- SD Maid SE -->
	<AppIcon name="eu.darken.sdmse/eu.darken.sdmse.main.ui.MainActivity" image="sd_maid_se"/>

	<!-- Sh!!ny -->
	<AppIcon name="com.stark.shiiny/com.stark.shiiny.MainActivity" image="sh_ny"/>

	<!-- Showmax -->
	<AppIcon name="com.showmax.app/com.showmax.app.feature.uiFragments.mobile.UIFragmentsActivity" image="showmax"/>

	<!-- SportyBet -->
	<AppIcon name="com.sportybet.android/com.sportybet.android.home.SplashActivity" image="sportybet"/>

	<!-- Stanbic IBTC -->
	<AppIcon name="com.stanbicibtc.mobile/com.stanbicibtc.mobile.MainActivity" image="stanbic_ibtc"/>

	<!-- Stellio ExoBlur -->
	<AppIcon name="ru.stellio.player.skin.exoblur/ru.stellio.player.skin.ThemeMainActivity" image="stellio_exoblur"/>

	<!-- Stellio Player -->
	<AppIcon name="io.stellio.music/air.stellio.player.MainActivity" image="stellio_player"/>

	<!-- Stellio TheGrand -->
	<AppIcon name="ru.stellio.player.skin.thegrand/ru.stellio.player.skin.ThemeMainActivity" image="stellio_thegrand"/>

	<!-- System Update -->
	<AppIcon name="com.oneplus.opbackup/com.oneplus.localupdate.ui.home.HomeActivity" image="system_update"/>

	<!-- THA-BLACK_icon pack -->
	<AppIcon name="com.tha.black/com.tha.black.activities.SplashActivity" image="tha_black_icon_pack"/>

	<!-- Thinkific -->
	<AppIcon name="com.thinkific.android/com.thinkific.android.MainActivity" image="thinkific"/>

	<!-- Titanium Backup -->
	<AppIcon name="com.keramidas.TitaniumBackup/com.keramidas.TitaniumBackup.MainActivity" image="titanium_backup"/>

	<!-- TuneIn Radio Pro -->
	<AppIcon name="radiotime.player/tunein.ui.activities.TuneInHomeActivity" image="tunein_radio_pro"/>

	<!-- Urban Dictionary -->
	<AppIcon name="com.urbandictionary.android/host.exp.exponent.experience.ShellAppActivity" image="urban_dictionary"/>

	<!-- Vault -->
	<AppIcon name="com.netqin.ps/com.netqin.ps.privacy.HideActivity" image="vault"/>

	<!-- Vector -->
	<AppIcon name="com.nekki.vector/com.unity3d.player.UnityPlayerActivity" image="vector"/>

	<!-- Washington Post -->
	<AppIcon name="com.washingtonpost.android/com.wapo.flagship.SplashActivity" image="washington_post"/>

	<!-- WAStickers Maker -->
	<AppIcon name="com.stickersmaker.wa.stickersmix/com.stickersmaker.wa.stickersmix.EntryActivity" image="wastickers_maker"/>

	<!-- Weather -->
	<AppIcon name="net.oneplus.weather/com.oplus.weather.main.view.WeatherMainActivity" image="weather"/>

	<!-- WhatsApp -->
	<AppIcon name="com.whatsapp/com.whatsapp.Icon0" image="whatsapp"/>

	<!-- WiFiList -->
	<AppIcon name="tk.zwander.wifilist/tk.zwander.wifilist.MainActivity" image="wifilist"/>

	<!-- WSJ -->
	<AppIcon name="wsj.reader_sp/wsj.ui.SplashActivity" image="wsj"/>

	<!-- ZenithMobile -->
	<AppIcon name="com.zenithBank.eazymoney/com.zoontek.rnbootsplash.RNBootSplashActivity" image="zenithmobile"/>

</Theme>