<resources>

	<!-- Bajaj Finserv -->
	<item component="ComponentInfo{org.altruist.BajajExperia/com.bfl.superapp.onboarding.revamp.activity.SplashActivity}" drawable="bajaj_finserv" />

	<!-- BSNL Selfcare -->
	<item component="ComponentInfo{com.digital.bsnl.selfcare/com.digital.bsnl.selfcare.MainActivity}" drawable="bsnl_selfcare" />

	<!-- Canara ai1 -->
	<item component="ComponentInfo{com.canarabank.mobility/com.canarabank.mobility.MainActivity}" drawable="canara_ai1" />

	<!-- Canara e-Passbook -->
	<item component="ComponentInfo{com.mobile.canaraepassbook/com.mobile.canaraepassbook.EbookSplashActivity}" drawable="canara_e_passbook" />

	<!-- Cent m-Passbook -->
	<item component="ComponentInfo{com.mobile.cbiepassbook/com.mobile.cbiepassbook.EbookSplashActivity}" drawable="cent_m_passbook" />

	<!-- ESPN -->
	<item component="ComponentInfo{com.espn.score_center/com.espn.sportscenter.ui.EspnLaunchActivity}" drawable="espn" />

	<!-- Google Pay for Business -->
	<item component="ComponentInfo{com.google.android.apps.nbu.paisa.merchant/com.google.android.apps.nbu.paisa.merchant.launcher.MerchantLauncherActivity}" drawable="google_pay_for_business" />

	<!-- Hotstar -->
	<item component="ComponentInfo{in.startv.hotstar/com.hotstar.MainActivity}" drawable="hotstar" />

	<!-- NTES -->
	<item component="ComponentInfo{cris.icms.ntes/cris.icms.ntes.LaunchApp}" drawable="ntes" />

	<!-- PhonePe Business -->
	<item component="ComponentInfo{com.phonepe.app.business/com.phonepe.app.business.SplashActivity}" drawable="phonepe_business" />

	<!-- Tata Play -->
	<item component="ComponentInfo{com.ryzmedia.tatasky/com.ryzmedia.tatasky.Default}" drawable="tata_play" />

</resources>