<Theme version="1">

	<!-- Bajaj Finserv -->
	<AppIcon name="org.altruist.BajajExperia/com.bfl.superapp.onboarding.revamp.activity.SplashActivity" image="bajaj_finserv"/>

	<!-- BSNL Selfcare -->
	<AppIcon name="com.digital.bsnl.selfcare/com.digital.bsnl.selfcare.MainActivity" image="bsnl_selfcare"/>

	<!-- Canara ai1 -->
	<AppIcon name="com.canarabank.mobility/com.canarabank.mobility.MainActivity" image="canara_ai1"/>

	<!-- Canara e-Passbook -->
	<AppIcon name="com.mobile.canaraepassbook/com.mobile.canaraepassbook.EbookSplashActivity" image="canara_e_passbook"/>

	<!-- Cent m-Passbook -->
	<AppIcon name="com.mobile.cbiepassbook/com.mobile.cbiepassbook.EbookSplashActivity" image="cent_m_passbook"/>

	<!-- ESPN -->
	<AppIcon name="com.espn.score_center/com.espn.sportscenter.ui.EspnLaunchActivity" image="espn"/>

	<!-- Google Pay for Business -->
	<AppIcon name="com.google.android.apps.nbu.paisa.merchant/com.google.android.apps.nbu.paisa.merchant.launcher.MerchantLauncherActivity" image="google_pay_for_business"/>

	<!-- Hotstar -->
	<AppIcon name="in.startv.hotstar/com.hotstar.MainActivity" image="hotstar"/>

	<!-- NTES -->
	<AppIcon name="cris.icms.ntes/cris.icms.ntes.LaunchApp" image="ntes"/>

	<!-- PhonePe Business -->
	<AppIcon name="com.phonepe.app.business/com.phonepe.app.business.SplashActivity" image="phonepe_business"/>

	<!-- Tata Play -->
	<AppIcon name="com.ryzmedia.tatasky/com.ryzmedia.tatasky.Default" image="tata_play"/>

</Theme>