<resources>

	<!-- ∞ Medal -->
	<item component="ComponentInfo{tv.medal.recorder/tv.medal.ui.LaunchActivity}" drawable="∞_medal" />

	<!-- 4G LTE -->
	<item component="ComponentInfo{com.four4glte.only.networkmode/com.androidevs.lteonlyapp.activities.SplashActivity}" drawable="_4g_lte" />

	<!-- 90 Day Challenge -->
	<item component="ComponentInfo{nl.browney.nintydayschallenge/nintydayschallenge.MainActivity}" drawable="_90_day_challenge" />

	<!-- 90 FPS -->
	<item component="ComponentInfo{tq.tech.Fps/tq.tech.Fps.MainActivity2}" drawable="_90_fps" />

	<!-- AdCap! -->
	<item component="ComponentInfo{com.kongregate.mobile.adventurecapitalist.google/com.unity3d.player.UnityPlayerActivity}" drawable="adcap_" />

	<!-- Alipay -->
	<item component="ComponentInfo{com.eg.android.AlipayGphone/com.eg.android.AlipayGphone.AlipayLogin}" drawable="alipay" />

	<!-- ApowerMirror -->
	<item component="ComponentInfo{com.apowersoft.mirror/com.apowersoft.mirror.ui.activity.WelcomeActivity}" drawable="apowermirror" />

	<!-- Ardene -->
	<item component="ComponentInfo{com.gpshopper.ardene/com.poqstudio.app.client.presentation.splash.ArdeneSplashActivity}" drawable="ardene" />

	<!-- Audio Hub -->
	<item component="ComponentInfo{com.turtlebeach.px8audiohub/crc6488a6475b23fcb6d3.MainActivity}" drawable="audio_hub" />

	<!-- Auto Diggers -->
	<item component="ComponentInfo{com.ISAAC.Autodiggers/com.unity3d.player.UnityPlayerActivity}" drawable="auto_diggers" />

	<!-- AVG AntiVirus -->
	<item component="ComponentInfo{com.antivirus/com.avast.android.one.base.ui.main.MainActivity}" drawable="avg_antivirus" />

	<!-- AVG Cleaner -->
	<item component="ComponentInfo{com.avg.cleaner/com.avast.android.cleaner.activity.StartActivity}" drawable="avg_cleaner" />

	<!-- AVG Protection -->
	<item component="ComponentInfo{com.s.antivirus/com.avast.android.one.base.ui.main.MainActivity}" drawable="avg_protection" />

	<!-- AVG Secure VPN -->
	<item component="ComponentInfo{com.avg.android.vpn/com.avast.android.vpn.app.wizard.WizardActivity}" drawable="avg_secure_vpn" />

	<!-- Bass Booster -->
	<item component="ComponentInfo{com.desaxedstudios.bassbooster/com.desaxedstudios.bassbooster.BassBoosterActivity}" drawable="bass_booster" />

	<!-- Best Buy Canada -->
	<item component="ComponentInfo{com.coppi.bestbuy/com.bestbuy.android.activity.HomeScreenActivity}" drawable="best_buy_canada" />

	<!-- Bluetooth Scanner -->
	<item component="ComponentInfo{com.pzolee.bluetoothscanner/com.pzolee.bluetoothscanner.MainActivity}" drawable="bluetooth_scanner" />

	<!-- Booster+ -->
	<item component="ComponentInfo{com.g19mobile.gameboosterplus/com.g19mobile.gameboosterplus.SplashActivity}" drawable="booster_" />

	<!-- BUFF -->
	<item component="ComponentInfo{com.buff.game.appmobile/com.buff.game.appmobile.MainActivity}" drawable="buff" />

	<!-- Calculator -->
	<item component="ComponentInfo{apps.r.calculator/apps.r.calculator.Theme.LightBlue}" drawable="calculator" />

	<!-- Calgary Transit My Fare -->
	<item component="ComponentInfo{com.justride.calgary/io.ionic.starter.MainActivity}" drawable="calgary_transit_my_fare" />

	<!-- ChickenGunPatcher -->
	<item component="ComponentInfo{chicken.patcher/polar.app.MainActivity}" drawable="chickengunpatcher" />

	<!-- CJdropshipping -->
	<item component="ComponentInfo{com.cj.dropshipping/com.cj.dropshipping.general.activity.splash.SplashActivity}" drawable="cjdropshipping" />

	<!-- Cloud -->
	<item component="ComponentInfo{com.samsung.android.scloud/com.samsung.android.scloud.app.ui.splash.launcher}" drawable="cloud" />

	<!-- Cloud Cat -->
	<item component="ComponentInfo{com.cloudman.android/com.cloudman.android.mvp.splash.SplashActivity}" drawable="cloud_cat" />

	<!-- Cloud Gaming -->
	<item component="ComponentInfo{org.chromium.webapk.a143e78e8d73a02bd_v2/org.chromium.webapk.shell_apk.h2o.H2OOpaqueMainActivity}" drawable="cloud_gaming" />

	<!-- Codecademy Go -->
	<item component="ComponentInfo{com.ryzac.codecademygo/com.ryzac.codecademygo.MainActivity}" drawable="codecademy_go" />

	<!-- Coin Master -->
	<item component="ComponentInfo{com.moonactive.coinmaster/com.moon.coinmaster.android.GameActivity}" drawable="coin_master" />

	<!-- College Proxy -->
	<item component="ComponentInfo{com.cell47.College_Proxy/com.cell47.College_Proxy.user_interface.SplashActivity}" drawable="college_proxy" />

	<!-- Compass -->
	<item component="ComponentInfo{strong.vibrator.massage.vibration.forwomen/strong.vibrator.massage.vibration.forwomen.splash.compass}" drawable="compass" />

	<!-- Connect -->
	<item component="ComponentInfo{com.telus.mywifi/com.telus.mywifi.screens.main.MainActivity}" drawable="connect" />

	<!-- Connection Stabilizer Booster -->
	<item component="ComponentInfo{com.connectionstabilizerbooster/com.connectionstabilizerbooster.ActivityMain}" drawable="connection_stabilizer_booster" />

	<!-- Cookie Run: Kingdom -->
	<item component="ComponentInfo{com.devsisters.ck/com.devsisters.plugin.OvenUnityPlayerActivity}" drawable="cookie_run_kingdom" />

	<!-- Crave -->
	<item component="ComponentInfo{ca.bellmedia.cravetv/awl.application.MainActivity}" drawable="crave" />

	<!-- Ever Legion -->
	<item component="ComponentInfo{com.carolgames.everlegion/com.carolgames.everlegion.MainActivity}" drawable="ever_legion" />

	<!-- Exodus -->
	<item component="ComponentInfo{exodusmovement.exodus/exodusmovement.exodus.MainActivity}" drawable="exodus" />

	<!-- FastEasy -->
	<item component="ComponentInfo{fasteasy.dailyburn.fastingtracker/tech.amazingapps.fastingapp.ui.splash.SplashActivity}" drawable="fasteasy" />

	<!-- Fetch -->
	<item component="ComponentInfo{com.fetchrewards.fetchrewards.hop/com.fetchrewards.fetchrewards.splash.activities.SplashActivity}" drawable="fetch" />

	<!-- Five Nights at Freddy's -->
	<item component="ComponentInfo{com.scottgames.fivenightsatfreddys/com.scottgames.fivenightsatfreddys.Main}" drawable="five_nights_at_freddys" />

	<!-- Five Nights at Freddy's 2 -->
	<item component="ComponentInfo{com.scottgames.fnaf2/com.scottgames.fnaf2.Main}" drawable="five_nights_at_freddys_2" />

	<!-- Five Nights at Freddy's 3 -->
	<item component="ComponentInfo{com.scottgames.fnaf3/com.scottgames.fnaf3.Main}" drawable="five_nights_at_freddys_3" />

	<!-- Five Nights at Freddy's 4 -->
	<item component="ComponentInfo{com.scottgames.fnaf4/com.scottgames.fnaf4.Main}" drawable="five_nights_at_freddys_4" />

	<!-- Fortnite -->
	<item component="ComponentInfo{com.epicgames.fortnite/com.epicgames.unreal.SplashActivity}" drawable="fortnite" />

	<!-- Free Music -->
	<item component="ComponentInfo{com.yy.musicfm.global/com.project.gugu.music.ui.activity.SplashActivity}" drawable="free_music" />

	<!-- Freecash -->
	<item component="ComponentInfo{com.freecash.app2/com.freecash.app2.LauncherActivity}" drawable="freecash" />

	<!-- Game Booster -->
	<item component="ComponentInfo{com.booster.gfxpro/com.booster.gfx.SplashScreen}" drawable="game_booster" />

	<!-- Game Bots -->
	<item component="ComponentInfo{com.gb.gamebots/com.gb.gamebots.ui.SplashActivity}" drawable="game_bots" />

	<!-- GeForce NOW -->
	<item component="ComponentInfo{com.nvidia.geforcenow/com.nvidia.geforcenow.MallActivity}" drawable="geforce_now" />

	<!-- GFX Tool -->
	<item component="ComponentInfo{com.graphicstool.pubggfxtool.graphicssettings.gfx.for.pubg.settings.optimizer/com.geeksoftapps.graphicstool.ui.home.HomeActivity}" drawable="gfx_tool" />

	<!-- Honey -->
	<item component="ComponentInfo{com.joinhoney.honeyandroid/com.joinhoney.honeyandroid.SplashActivity}" drawable="honey" />

	<!-- Houseparty -->
	<item component="ComponentInfo{com.herzick.houseparty/com.lifeonair.houseparty.ui.routing.RoutingActivity}" drawable="houseparty" />

	<!-- iCSee -->
	<item component="ComponentInfo{com.xm.csee/com.xworld.activity.welcome.view.WelcomePageActivity}" drawable="icsee" />

	<!-- iGV -->
	<item component="ComponentInfo{com.sec.android.app.sbrowser.webapk.wdba50302791bf8e0c846594831734f171/org.chromium.webapk.shell_apk.h2o.H2OOpaqueMainActivity}" drawable="igv" />

	<!-- IP Webcam -->
	<item component="ComponentInfo{com.pas.webcam/com.pas.webcam.Configuration}" drawable="ip_webcam" />

	<!-- Iriun Webcam -->
	<item component="ComponentInfo{com.jacksoftw.webcam/com.iriun.webcam.IntroActivity}" drawable="iriun_webcam" />

	<!-- Karrot -->
	<item component="ComponentInfo{com.towneers.www/com.towneers.www.features.launcher.LauncherActivity}" drawable="karrot" />

	<!-- Limbo ARM -->
	<item component="ComponentInfo{com.limbo.emu.main.arm/com.limbo.emu.main.arm.LimboEmuActivity}" drawable="limbo_arm" />

	<!-- Limbo x86 -->
	<item component="ComponentInfo{com.limbo.emu.main/com.limbo.emu.main.LimboEmuActivity}" drawable="limbo_x86" />

	<!-- Linktree -->
	<item component="ComponentInfo{ee.linktr.admin/ee.linktr.admin.MainActivity}" drawable="linktree" />

	<!-- Ludo King -->
	<item component="ComponentInfo{com.ludo.king/com.google.firebase.MessagingUnityPlayerActivity}" drawable="ludo_king" />

	<!-- Magic Tiles 3 -->
	<item component="ComponentInfo{com.youmusic.magictiles/com.youmusic.magictiles.AmaUnityPlayerActivity}" drawable="magic_tiles_3" />

	<!-- McDonald's -->
	<item component="ComponentInfo{com.mcdonalds.superapp/com.mcdonalds.mcdcoreapp.common.activity.SplashActivity}" drawable="mcdonalds" />

	<!-- Merge Gardens -->
	<item component="ComponentInfo{com.futureplay.mergematch/com.unity3d.player.UnityPlayerActivity}" drawable="merge_gardens" />

	<!-- Mistplay -->
	<item component="ComponentInfo{com.mistplay.mistplay/com.mistplay.mistplay.view.activity.signUp.LaunchActivity}" drawable="mistplay" />

	<!-- Monsters -->
	<item component="ComponentInfo{es.socialpoint.MonsterLegends/es.socialpoint.hydra.permissions.PermissionsActivity}" drawable="monsters" />

	<!-- Music Player -->
	<item component="ComponentInfo{mediaplayer.mp3.audio.musicplayer/com.ijoysoft.music.activity.WelcomeActivity}" drawable="music_player" />

	<!-- MyBell -->
	<item component="ComponentInfo{ca.bell.selfserve.mybellmobile/ca.bell.selfserve.mybellmobile.ui.splash.view.SplashActivity}" drawable="mybell" />

	<!-- Navigation Pro -->
	<item component="ComponentInfo{smartwatchstudios.app.gears3navigation/smartwatchstudios.app.gears3navigation.AdministrationActivity}" drawable="navigation_pro" />

	<!-- Octo -->
	<item component="ComponentInfo{com.betonyou.app.android/com.zoontek.rnbootsplash.RNBootSplashActivity}" drawable="octo" />

	<!-- Oxy Proxy Manager -->
	<item component="ComponentInfo{io.oxylabs.proxymanager/io.oxylabs.proxymanager.MainActivity}" drawable="oxy_proxy_manager" />

	<!-- Paramount+ -->
	<item component="ComponentInfo{com.cbs.ca/com.cbs.app.screens.startup.SplashActivity}" drawable="paramount_" />

	<!-- Pia Proxy Manager -->
	<item component="ComponentInfo{com.marsbrother.ipchanger/com.marsbrother.ipchanger.MainActivity}" drawable="pia_proxy_manager" />

	<!-- Pixel Gun 3D -->
	<item component="ComponentInfo{com.pixel.gun3d/com.pixelgun.MessagingAndPrime31UnityPlayerActivity}" drawable="pixel_gun_3d" />

	<!-- Plink -->
	<item component="ComponentInfo{tech.plink.PlinkApp/com.dog_app.plink.screens.TabsActivity}" drawable="plink" />

	<!-- PowerSchool -->
	<item component="ComponentInfo{com.powerschool.portal/com.pearson.powerschool.android.portal.PortalActivity}" drawable="powerschool" />

	<!-- Proxy Client - No Root -->
	<item component="ComponentInfo{com.cryptoproxy.proxyclient/com.cryptoproxy.proxyclient.MainActivity}" drawable="proxy_client_no_root" />

	<!-- PS Remote Play -->
	<item component="ComponentInfo{com.playstation.remoteplay/com.playstation.remoteplay.RpActivityMain}" drawable="ps_remote_play" />

	<!-- Psycho Coding -->
	<item component="ComponentInfo{net.psychocoding.psychocoding/net.psychocoding.psychocoding.Login}" drawable="psycho_coding" />

	<!-- Push-to-Talk -->
	<item component="ComponentInfo{com.bell.ptt/com.bell.ptt.StartupActivity}" drawable="push_to_talk" />

	<!-- RBC Mobile -->
	<item component="ComponentInfo{com.rbc.mobile.android/com.rbc.mobile.bud.pre_auth.common.activity.SplashActivity}" drawable="rbc_mobile" />

	<!-- Rekado -->
	<item component="ComponentInfo{com.pavelrekun.rekado/com.pavelrekun.rekado.screens.navigation_activity.NavigationActivity}" drawable="rekado" />

	<!-- Remote Desktop -->
	<item component="ComponentInfo{com.google.chromeremotedesktop/com.google.remoting.androidwrapper.MainActivity}" drawable="remote_desktop" />

	<!-- Root Browser -->
	<item component="ComponentInfo{com.jrummyapps.rootbrowser.classic/com.jrummy.file.manager.RootBrowserActivity}" drawable="root_browser" />

	<!-- Rotation -->
	<item component="ComponentInfo{com.pranavpandey.rotation/com.pranavpandey.rotation.activity.SplashActivity}" drawable="rotation" />

	<!-- Samsung Health Monitor -->
	<item component="ComponentInfo{com.samsung.android.shealthmonitor/com.samsung.android.shealthmonitor.ui.activity.MainActivity}" drawable="samsung_health_monitor" />

	<!-- Secure VPN -->
	<item component="ComponentInfo{com.fast.free.unblock.secure.vpn/com.signallab.secure.activity.SplashActivity}" drawable="secure_vpn" />

	<!-- sendit -->
	<item component="ComponentInfo{com.fullsenders.sendit/io.flutter.embedding.android.FlutterActivity}" drawable="sendit" />

	<!-- Shaw TV -->
	<item component="ComponentInfo{ca.shaw.freerangetv/com.xfinity.common.view.LaunchActivity}" drawable="shaw_tv" />

	<!-- Shopify -->
	<item component="ComponentInfo{com.shopify.mobile/com.shopify.mobile.MainActivity}" drawable="shopify" />

	<!-- Shopify POS -->
	<item component="ComponentInfo{com.shopify.pos/com.shopify.pos.MainActivity}" drawable="shopify_pos" />

	<!-- Sister Location -->
	<item component="ComponentInfo{com.scottgames.sisterlocation/com.scottgames.sisterlocation.Main}" drawable="sister_location" />

	<!-- Skrmiish -->
	<item component="ComponentInfo{com.skrmiishesports.skrmiish/crc64f171b1afbb06e3c0.LaunchActivity}" drawable="skrmiish" />

	<!-- SmartHome -->
	<item component="ComponentInfo{com.alarm.alarmmobile.android.telus/com.alarm.alarmmobile.android.feature.auth.login.LoginActivity}" drawable="smarthome" />

	<!-- Snapchat -->
	<item component="ComponentInfo{com.snapchat.android/com.snapchat.android.VaporwaveAlias}" drawable="snapchat" />

	<!-- SnapTok -->
	<item component="ComponentInfo{com.snapmate.tiktokdownloadernowatermark/com.example.tiktok.activities.SplashActivity}" drawable="snaptok" />

	<!-- SocksDroid -->
	<item component="ComponentInfo{net.typeblog.socks/net.typeblog.socks.MainActivity}" drawable="socksdroid" />

	<!-- Soundiiz -->
	<item component="ComponentInfo{fr.brickoft.soundiiz/fr.brickoft.soundiiz.MainActivity}" drawable="soundiiz" />

	<!-- StarTracker -->
	<item component="ComponentInfo{com.PYOPYO.StarTracker/com.PYOPYO.StarTracker.PSTActivity}" drawable="startracker" />

	<!-- Stellarium + -->
	<item component="ComponentInfo{com.noctuasoftware.stellarium_plus/com.noctuasoftware.stellarium_plus.Stellarium}" drawable="stellarium_" />

	<!-- Streamlabs -->
	<item component="ComponentInfo{com.streamlabs/com.streamlabs.live.ui.main.HomeActivity}" drawable="streamlabs" />

	<!-- StrikePack Central -->
	<item component="ComponentInfo{com.collective.spcentral/com.collective.spcentral.gamepacks.GamepackActivity}" drawable="strikepack_central" />

	<!-- Studio -->
	<item component="ComponentInfo{com.sec.android.app.vepreload/com.sec.android.app.vepreload.common.activity.ProjectShortcutActivity}" drawable="studio" />

	<!-- Super Proxy -->
	<item component="ComponentInfo{com.scheler.superproxy/com.scheler.superproxy.activity.MainActivity}" drawable="super_proxy" />

	<!-- TagMo -->
	<item component="ComponentInfo{com.hiddenramblings.tagmo.eightbit/com.hiddenramblings.tagmo.browser.BrowserActivity}" drawable="tagmo" />

	<!-- TagWriter -->
	<item component="ComponentInfo{com.nxp.nfc.tagwriter/com.nxp.nfc.tagwriter.activities.WelcomeScreen}" drawable="tagwriter" />

	<!-- thinkorswim -->
	<item component="ComponentInfo{com.devexperts.tdmobile.platform.android.thinkorswim/com.devexperts.tdmobile.android.ui.MainActivity}" drawable="thinkorswim" />

	<!-- TubeBuddy -->
	<item component="ComponentInfo{com.tubebuddy.tubebuddy_mobile/crc64497e5f9833b56c34.SplashActivity}" drawable="tubebuddy" />

	<!-- TV -->
	<item component="ComponentInfo{com.samsung.android.tvplus/com.samsung.android.tvplus.MainActivity}" drawable="tv" />

	<!-- Vibrometer -->
	<item component="ComponentInfo{com.exatools.vibrometer/com.exatools.vibrometer.activities.MainActivity}" drawable="vibrometer" />

	<!-- Visual Code Mobile -->
	<item component="ComponentInfo{lk.visual.code.mobile/com.blacksquircle.ui.application.activities.MainActivity}" drawable="visual_code_mobile" />

	<!-- VMOS Pro -->
	<item component="ComponentInfo{com.vmos.pro/com.vmos.pro.activities.splash.SplashActivity}" drawable="vmos_pro" />

	<!-- VMOS助手 -->
	<item component="ComponentInfo{com.vmos.assistant/com.vmos.assistant.ui.MainActivity}" drawable="vmos助手" />

	<!-- VRidge -->
	<item component="ComponentInfo{com.riftcat.vridge2/com.riftcat.vridge.MainActivity}" drawable="vridge" />

	<!-- VRidge (Diagnostics) -->
	<item component="ComponentInfo{com.riftcat.vridge2/com.riftcat.vridge.DiagnosticEntry}" drawable="vridge_diagnostics_" />

	<!-- VScode -->
	<item component="ComponentInfo{dev.environment.VScode_Paid/dev.environment.VScode_Paid.AutoStart}" drawable="vscode" />

	<!-- Vysor -->
	<item component="ComponentInfo{com.koushikdutta.vysor/com.koushikdutta.vysor.StartActivity}" drawable="vysor" />

	<!-- Walmart Canada -->
	<item component="ComponentInfo{ca.walmart.ecommerceapp/com.walmart.glass.integration.splash.SplashActivity}" drawable="walmart_canada" />

	<!-- WestJet -->
	<item component="ComponentInfo{com.westjet/com.westjet.MainActivity}" drawable="westjet" />

	<!-- Wix Owner -->
	<item component="ComponentInfo{com.wix.admin/com.wix.MainActivity}" drawable="wix_owner" />

	<!-- WLED -->
	<item component="ComponentInfo{com.aircoookie.WLED/crc64b32a5c9b5e956a9c.MainActivity}" drawable="wled" />

	<!-- X-VPN -->
	<item component="ComponentInfo{com.security.xvpn.z35kb/com.security.xvpn.z35kb.SplashActivity}" drawable="x_vpn" />

	<!-- Z League -->
	<item component="ComponentInfo{com.zleaguemobile/com.zleaguemobile.MainActivity}" drawable="z_league" />

</resources>