<Theme version="1">

	<!-- ∞ Medal -->
	<AppIcon name="tv.medal.recorder/tv.medal.ui.LaunchActivity" image="∞_medal"/>

	<!-- 4G LTE -->
	<AppIcon name="com.four4glte.only.networkmode/com.androidevs.lteonlyapp.activities.SplashActivity" image="_4g_lte"/>

	<!-- 90 Day Challenge -->
	<AppIcon name="nl.browney.nintydayschallenge/nintydayschallenge.MainActivity" image="_90_day_challenge"/>

	<!-- 90 FPS -->
	<AppIcon name="tq.tech.Fps/tq.tech.Fps.MainActivity2" image="_90_fps"/>

	<!-- AdCap! -->
	<AppIcon name="com.kongregate.mobile.adventurecapitalist.google/com.unity3d.player.UnityPlayerActivity" image="adcap_"/>

	<!-- Alipay -->
	<AppIcon name="com.eg.android.AlipayGphone/com.eg.android.AlipayGphone.AlipayLogin" image="alipay"/>

	<!-- ApowerMirror -->
	<AppIcon name="com.apowersoft.mirror/com.apowersoft.mirror.ui.activity.WelcomeActivity" image="apowermirror"/>

	<!-- Ardene -->
	<AppIcon name="com.gpshopper.ardene/com.poqstudio.app.client.presentation.splash.ArdeneSplashActivity" image="ardene"/>

	<!-- Audio Hub -->
	<AppIcon name="com.turtlebeach.px8audiohub/crc6488a6475b23fcb6d3.MainActivity" image="audio_hub"/>

	<!-- Auto Diggers -->
	<AppIcon name="com.ISAAC.Autodiggers/com.unity3d.player.UnityPlayerActivity" image="auto_diggers"/>

	<!-- AVG AntiVirus -->
	<AppIcon name="com.antivirus/com.avast.android.one.base.ui.main.MainActivity" image="avg_antivirus"/>

	<!-- AVG Cleaner -->
	<AppIcon name="com.avg.cleaner/com.avast.android.cleaner.activity.StartActivity" image="avg_cleaner"/>

	<!-- AVG Protection -->
	<AppIcon name="com.s.antivirus/com.avast.android.one.base.ui.main.MainActivity" image="avg_protection"/>

	<!-- AVG Secure VPN -->
	<AppIcon name="com.avg.android.vpn/com.avast.android.vpn.app.wizard.WizardActivity" image="avg_secure_vpn"/>

	<!-- Bass Booster -->
	<AppIcon name="com.desaxedstudios.bassbooster/com.desaxedstudios.bassbooster.BassBoosterActivity" image="bass_booster"/>

	<!-- Best Buy Canada -->
	<AppIcon name="com.coppi.bestbuy/com.bestbuy.android.activity.HomeScreenActivity" image="best_buy_canada"/>

	<!-- Bluetooth Scanner -->
	<AppIcon name="com.pzolee.bluetoothscanner/com.pzolee.bluetoothscanner.MainActivity" image="bluetooth_scanner"/>

	<!-- Booster+ -->
	<AppIcon name="com.g19mobile.gameboosterplus/com.g19mobile.gameboosterplus.SplashActivity" image="booster_"/>

	<!-- BUFF -->
	<AppIcon name="com.buff.game.appmobile/com.buff.game.appmobile.MainActivity" image="buff"/>

	<!-- Calculator -->
	<AppIcon name="apps.r.calculator/apps.r.calculator.Theme.LightBlue" image="calculator"/>

	<!-- Calgary Transit My Fare -->
	<AppIcon name="com.justride.calgary/io.ionic.starter.MainActivity" image="calgary_transit_my_fare"/>

	<!-- ChickenGunPatcher -->
	<AppIcon name="chicken.patcher/polar.app.MainActivity" image="chickengunpatcher"/>

	<!-- CJdropshipping -->
	<AppIcon name="com.cj.dropshipping/com.cj.dropshipping.general.activity.splash.SplashActivity" image="cjdropshipping"/>

	<!-- Cloud -->
	<AppIcon name="com.samsung.android.scloud/com.samsung.android.scloud.app.ui.splash.launcher" image="cloud"/>

	<!-- Cloud Cat -->
	<AppIcon name="com.cloudman.android/com.cloudman.android.mvp.splash.SplashActivity" image="cloud_cat"/>

	<!-- Cloud Gaming -->
	<AppIcon name="org.chromium.webapk.a143e78e8d73a02bd_v2/org.chromium.webapk.shell_apk.h2o.H2OOpaqueMainActivity" image="cloud_gaming"/>

	<!-- Codecademy Go -->
	<AppIcon name="com.ryzac.codecademygo/com.ryzac.codecademygo.MainActivity" image="codecademy_go"/>

	<!-- Coin Master -->
	<AppIcon name="com.moonactive.coinmaster/com.moon.coinmaster.android.GameActivity" image="coin_master"/>

	<!-- College Proxy -->
	<AppIcon name="com.cell47.College_Proxy/com.cell47.College_Proxy.user_interface.SplashActivity" image="college_proxy"/>

	<!-- Compass -->
	<AppIcon name="strong.vibrator.massage.vibration.forwomen/strong.vibrator.massage.vibration.forwomen.splash.compass" image="compass"/>

	<!-- Connect -->
	<AppIcon name="com.telus.mywifi/com.telus.mywifi.screens.main.MainActivity" image="connect"/>

	<!-- Connection Stabilizer Booster -->
	<AppIcon name="com.connectionstabilizerbooster/com.connectionstabilizerbooster.ActivityMain" image="connection_stabilizer_booster"/>

	<!-- Cookie Run: Kingdom -->
	<AppIcon name="com.devsisters.ck/com.devsisters.plugin.OvenUnityPlayerActivity" image="cookie_run_kingdom"/>

	<!-- Crave -->
	<AppIcon name="ca.bellmedia.cravetv/awl.application.MainActivity" image="crave"/>

	<!-- Ever Legion -->
	<AppIcon name="com.carolgames.everlegion/com.carolgames.everlegion.MainActivity" image="ever_legion"/>

	<!-- Exodus -->
	<AppIcon name="exodusmovement.exodus/exodusmovement.exodus.MainActivity" image="exodus"/>

	<!-- FastEasy -->
	<AppIcon name="fasteasy.dailyburn.fastingtracker/tech.amazingapps.fastingapp.ui.splash.SplashActivity" image="fasteasy"/>

	<!-- Fetch -->
	<AppIcon name="com.fetchrewards.fetchrewards.hop/com.fetchrewards.fetchrewards.splash.activities.SplashActivity" image="fetch"/>

	<!-- Five Nights at Freddy's -->
	<AppIcon name="com.scottgames.fivenightsatfreddys/com.scottgames.fivenightsatfreddys.Main" image="five_nights_at_freddys"/>

	<!-- Five Nights at Freddy's 2 -->
	<AppIcon name="com.scottgames.fnaf2/com.scottgames.fnaf2.Main" image="five_nights_at_freddys_2"/>

	<!-- Five Nights at Freddy's 3 -->
	<AppIcon name="com.scottgames.fnaf3/com.scottgames.fnaf3.Main" image="five_nights_at_freddys_3"/>

	<!-- Five Nights at Freddy's 4 -->
	<AppIcon name="com.scottgames.fnaf4/com.scottgames.fnaf4.Main" image="five_nights_at_freddys_4"/>

	<!-- Fortnite -->
	<AppIcon name="com.epicgames.fortnite/com.epicgames.unreal.SplashActivity" image="fortnite"/>

	<!-- Free Music -->
	<AppIcon name="com.yy.musicfm.global/com.project.gugu.music.ui.activity.SplashActivity" image="free_music"/>

	<!-- Freecash -->
	<AppIcon name="com.freecash.app2/com.freecash.app2.LauncherActivity" image="freecash"/>

	<!-- Game Booster -->
	<AppIcon name="com.booster.gfxpro/com.booster.gfx.SplashScreen" image="game_booster"/>

	<!-- Game Bots -->
	<AppIcon name="com.gb.gamebots/com.gb.gamebots.ui.SplashActivity" image="game_bots"/>

	<!-- GeForce NOW -->
	<AppIcon name="com.nvidia.geforcenow/com.nvidia.geforcenow.MallActivity" image="geforce_now"/>

	<!-- GFX Tool -->
	<AppIcon name="com.graphicstool.pubggfxtool.graphicssettings.gfx.for.pubg.settings.optimizer/com.geeksoftapps.graphicstool.ui.home.HomeActivity" image="gfx_tool"/>

	<!-- Honey -->
	<AppIcon name="com.joinhoney.honeyandroid/com.joinhoney.honeyandroid.SplashActivity" image="honey"/>

	<!-- Houseparty -->
	<AppIcon name="com.herzick.houseparty/com.lifeonair.houseparty.ui.routing.RoutingActivity" image="houseparty"/>

	<!-- iCSee -->
	<AppIcon name="com.xm.csee/com.xworld.activity.welcome.view.WelcomePageActivity" image="icsee"/>

	<!-- iGV -->
	<AppIcon name="com.sec.android.app.sbrowser.webapk.wdba50302791bf8e0c846594831734f171/org.chromium.webapk.shell_apk.h2o.H2OOpaqueMainActivity" image="igv"/>

	<!-- IP Webcam -->
	<AppIcon name="com.pas.webcam/com.pas.webcam.Configuration" image="ip_webcam"/>

	<!-- Iriun Webcam -->
	<AppIcon name="com.jacksoftw.webcam/com.iriun.webcam.IntroActivity" image="iriun_webcam"/>

	<!-- Karrot -->
	<AppIcon name="com.towneers.www/com.towneers.www.features.launcher.LauncherActivity" image="karrot"/>

	<!-- Limbo ARM -->
	<AppIcon name="com.limbo.emu.main.arm/com.limbo.emu.main.arm.LimboEmuActivity" image="limbo_arm"/>

	<!-- Limbo x86 -->
	<AppIcon name="com.limbo.emu.main/com.limbo.emu.main.LimboEmuActivity" image="limbo_x86"/>

	<!-- Linktree -->
	<AppIcon name="ee.linktr.admin/ee.linktr.admin.MainActivity" image="linktree"/>

	<!-- Ludo King -->
	<AppIcon name="com.ludo.king/com.google.firebase.MessagingUnityPlayerActivity" image="ludo_king"/>

	<!-- Magic Tiles 3 -->
	<AppIcon name="com.youmusic.magictiles/com.youmusic.magictiles.AmaUnityPlayerActivity" image="magic_tiles_3"/>

	<!-- McDonald's -->
	<AppIcon name="com.mcdonalds.superapp/com.mcdonalds.mcdcoreapp.common.activity.SplashActivity" image="mcdonalds"/>

	<!-- Merge Gardens -->
	<AppIcon name="com.futureplay.mergematch/com.unity3d.player.UnityPlayerActivity" image="merge_gardens"/>

	<!-- Mistplay -->
	<AppIcon name="com.mistplay.mistplay/com.mistplay.mistplay.view.activity.signUp.LaunchActivity" image="mistplay"/>

	<!-- Monsters -->
	<AppIcon name="es.socialpoint.MonsterLegends/es.socialpoint.hydra.permissions.PermissionsActivity" image="monsters"/>

	<!-- Music Player -->
	<AppIcon name="mediaplayer.mp3.audio.musicplayer/com.ijoysoft.music.activity.WelcomeActivity" image="music_player"/>

	<!-- MyBell -->
	<AppIcon name="ca.bell.selfserve.mybellmobile/ca.bell.selfserve.mybellmobile.ui.splash.view.SplashActivity" image="mybell"/>

	<!-- Navigation Pro -->
	<AppIcon name="smartwatchstudios.app.gears3navigation/smartwatchstudios.app.gears3navigation.AdministrationActivity" image="navigation_pro"/>

	<!-- Octo -->
	<AppIcon name="com.betonyou.app.android/com.zoontek.rnbootsplash.RNBootSplashActivity" image="octo"/>

	<!-- Oxy Proxy Manager -->
	<AppIcon name="io.oxylabs.proxymanager/io.oxylabs.proxymanager.MainActivity" image="oxy_proxy_manager"/>

	<!-- Paramount+ -->
	<AppIcon name="com.cbs.ca/com.cbs.app.screens.startup.SplashActivity" image="paramount_"/>

	<!-- Pia Proxy Manager -->
	<AppIcon name="com.marsbrother.ipchanger/com.marsbrother.ipchanger.MainActivity" image="pia_proxy_manager"/>

	<!-- Pixel Gun 3D -->
	<AppIcon name="com.pixel.gun3d/com.pixelgun.MessagingAndPrime31UnityPlayerActivity" image="pixel_gun_3d"/>

	<!-- Plink -->
	<AppIcon name="tech.plink.PlinkApp/com.dog_app.plink.screens.TabsActivity" image="plink"/>

	<!-- PowerSchool -->
	<AppIcon name="com.powerschool.portal/com.pearson.powerschool.android.portal.PortalActivity" image="powerschool"/>

	<!-- Proxy Client - No Root -->
	<AppIcon name="com.cryptoproxy.proxyclient/com.cryptoproxy.proxyclient.MainActivity" image="proxy_client_no_root"/>

	<!-- PS Remote Play -->
	<AppIcon name="com.playstation.remoteplay/com.playstation.remoteplay.RpActivityMain" image="ps_remote_play"/>

	<!-- Psycho Coding -->
	<AppIcon name="net.psychocoding.psychocoding/net.psychocoding.psychocoding.Login" image="psycho_coding"/>

	<!-- Push-to-Talk -->
	<AppIcon name="com.bell.ptt/com.bell.ptt.StartupActivity" image="push_to_talk"/>

	<!-- RBC Mobile -->
	<AppIcon name="com.rbc.mobile.android/com.rbc.mobile.bud.pre_auth.common.activity.SplashActivity" image="rbc_mobile"/>

	<!-- Rekado -->
	<AppIcon name="com.pavelrekun.rekado/com.pavelrekun.rekado.screens.navigation_activity.NavigationActivity" image="rekado"/>

	<!-- Remote Desktop -->
	<AppIcon name="com.google.chromeremotedesktop/com.google.remoting.androidwrapper.MainActivity" image="remote_desktop"/>

	<!-- Root Browser -->
	<AppIcon name="com.jrummyapps.rootbrowser.classic/com.jrummy.file.manager.RootBrowserActivity" image="root_browser"/>

	<!-- Rotation -->
	<AppIcon name="com.pranavpandey.rotation/com.pranavpandey.rotation.activity.SplashActivity" image="rotation"/>

	<!-- Samsung Health Monitor -->
	<AppIcon name="com.samsung.android.shealthmonitor/com.samsung.android.shealthmonitor.ui.activity.MainActivity" image="samsung_health_monitor"/>

	<!-- Secure VPN -->
	<AppIcon name="com.fast.free.unblock.secure.vpn/com.signallab.secure.activity.SplashActivity" image="secure_vpn"/>

	<!-- sendit -->
	<AppIcon name="com.fullsenders.sendit/io.flutter.embedding.android.FlutterActivity" image="sendit"/>

	<!-- Shaw TV -->
	<AppIcon name="ca.shaw.freerangetv/com.xfinity.common.view.LaunchActivity" image="shaw_tv"/>

	<!-- Shopify -->
	<AppIcon name="com.shopify.mobile/com.shopify.mobile.MainActivity" image="shopify"/>

	<!-- Shopify POS -->
	<AppIcon name="com.shopify.pos/com.shopify.pos.MainActivity" image="shopify_pos"/>

	<!-- Sister Location -->
	<AppIcon name="com.scottgames.sisterlocation/com.scottgames.sisterlocation.Main" image="sister_location"/>

	<!-- Skrmiish -->
	<AppIcon name="com.skrmiishesports.skrmiish/crc64f171b1afbb06e3c0.LaunchActivity" image="skrmiish"/>

	<!-- SmartHome -->
	<AppIcon name="com.alarm.alarmmobile.android.telus/com.alarm.alarmmobile.android.feature.auth.login.LoginActivity" image="smarthome"/>

	<!-- Snapchat -->
	<AppIcon name="com.snapchat.android/com.snapchat.android.VaporwaveAlias" image="snapchat"/>

	<!-- SnapTok -->
	<AppIcon name="com.snapmate.tiktokdownloadernowatermark/com.example.tiktok.activities.SplashActivity" image="snaptok"/>

	<!-- SocksDroid -->
	<AppIcon name="net.typeblog.socks/net.typeblog.socks.MainActivity" image="socksdroid"/>

	<!-- Soundiiz -->
	<AppIcon name="fr.brickoft.soundiiz/fr.brickoft.soundiiz.MainActivity" image="soundiiz"/>

	<!-- StarTracker -->
	<AppIcon name="com.PYOPYO.StarTracker/com.PYOPYO.StarTracker.PSTActivity" image="startracker"/>

	<!-- Stellarium + -->
	<AppIcon name="com.noctuasoftware.stellarium_plus/com.noctuasoftware.stellarium_plus.Stellarium" image="stellarium_"/>

	<!-- Streamlabs -->
	<AppIcon name="com.streamlabs/com.streamlabs.live.ui.main.HomeActivity" image="streamlabs"/>

	<!-- StrikePack Central -->
	<AppIcon name="com.collective.spcentral/com.collective.spcentral.gamepacks.GamepackActivity" image="strikepack_central"/>

	<!-- Studio -->
	<AppIcon name="com.sec.android.app.vepreload/com.sec.android.app.vepreload.common.activity.ProjectShortcutActivity" image="studio"/>

	<!-- Super Proxy -->
	<AppIcon name="com.scheler.superproxy/com.scheler.superproxy.activity.MainActivity" image="super_proxy"/>

	<!-- TagMo -->
	<AppIcon name="com.hiddenramblings.tagmo.eightbit/com.hiddenramblings.tagmo.browser.BrowserActivity" image="tagmo"/>

	<!-- TagWriter -->
	<AppIcon name="com.nxp.nfc.tagwriter/com.nxp.nfc.tagwriter.activities.WelcomeScreen" image="tagwriter"/>

	<!-- thinkorswim -->
	<AppIcon name="com.devexperts.tdmobile.platform.android.thinkorswim/com.devexperts.tdmobile.android.ui.MainActivity" image="thinkorswim"/>

	<!-- TubeBuddy -->
	<AppIcon name="com.tubebuddy.tubebuddy_mobile/crc64497e5f9833b56c34.SplashActivity" image="tubebuddy"/>

	<!-- TV -->
	<AppIcon name="com.samsung.android.tvplus/com.samsung.android.tvplus.MainActivity" image="tv"/>

	<!-- Vibrometer -->
	<AppIcon name="com.exatools.vibrometer/com.exatools.vibrometer.activities.MainActivity" image="vibrometer"/>

	<!-- Visual Code Mobile -->
	<AppIcon name="lk.visual.code.mobile/com.blacksquircle.ui.application.activities.MainActivity" image="visual_code_mobile"/>

	<!-- VMOS Pro -->
	<AppIcon name="com.vmos.pro/com.vmos.pro.activities.splash.SplashActivity" image="vmos_pro"/>

	<!-- VMOS助手 -->
	<AppIcon name="com.vmos.assistant/com.vmos.assistant.ui.MainActivity" image="vmos助手"/>

	<!-- VRidge -->
	<AppIcon name="com.riftcat.vridge2/com.riftcat.vridge.MainActivity" image="vridge"/>

	<!-- VRidge (Diagnostics) -->
	<AppIcon name="com.riftcat.vridge2/com.riftcat.vridge.DiagnosticEntry" image="vridge_diagnostics_"/>

	<!-- VScode -->
	<AppIcon name="dev.environment.VScode_Paid/dev.environment.VScode_Paid.AutoStart" image="vscode"/>

	<!-- Vysor -->
	<AppIcon name="com.koushikdutta.vysor/com.koushikdutta.vysor.StartActivity" image="vysor"/>

	<!-- Walmart Canada -->
	<AppIcon name="ca.walmart.ecommerceapp/com.walmart.glass.integration.splash.SplashActivity" image="walmart_canada"/>

	<!-- WestJet -->
	<AppIcon name="com.westjet/com.westjet.MainActivity" image="westjet"/>

	<!-- Wix Owner -->
	<AppIcon name="com.wix.admin/com.wix.MainActivity" image="wix_owner"/>

	<!-- WLED -->
	<AppIcon name="com.aircoookie.WLED/crc64b32a5c9b5e956a9c.MainActivity" image="wled"/>

	<!-- X-VPN -->
	<AppIcon name="com.security.xvpn.z35kb/com.security.xvpn.z35kb.SplashActivity" image="x_vpn"/>

	<!-- Z League -->
	<AppIcon name="com.zleaguemobile/com.zleaguemobile.MainActivity" image="z_league"/>

</Theme>