<resources>

	<!-- ASUS Router -->
	<item component="ComponentInfo{com.asus.aihome/com.asus.aihome.MainActivity}" drawable="asus_router" />

	<!-- Drive -->
	<item component="ComponentInfo{com.synology.dsdrive/com.synology.dsdrive.activity.SplashActivity}" drawable="drive" />

	<!-- DS audio -->
	<item component="ComponentInfo{com.synology.DSaudio/com.synology.dsaudio.ui.splash.SplashActivity}" drawable="ds_audio" />

	<!-- DS file -->
	<item component="ComponentInfo{com.synology.DSfile/com.synology.DSfile.Splash}" drawable="ds_file" />

	<!-- DS finder -->
	<item component="ComponentInfo{com.synology.DSfinder/com.synology.assistant.ui.activity.SplashActivity}" drawable="ds_finder" />

	<!-- DS get -->
	<item component="ComponentInfo{com.synology.DSdownload/com.synology.DSdownload.activities.SplashActivity}" drawable="ds_get" />

	<!-- DS video -->
	<item component="ComponentInfo{com.synology.dsvideo/com.synology.dsvideo.SplashActivity}" drawable="ds_video" />

	<!-- Emby -->
	<item component="ComponentInfo{com.mb.android/com.mb.android.MainActivity}" drawable="emby" />

	<!-- iRobot -->
	<item component="ComponentInfo{com.irobot.home/com.irobot.home.appstartup.SplashActivity}" drawable="irobot" />

	<!-- Molotov -->
	<item component="ComponentInfo{tv.molotov.app/tv.molotov.android.splash.SplashActivity}" drawable="molotov" />

	<!-- MySosh -->
	<item component="ComponentInfo{com.orange.mysosh/com.orange.care.core.ui.SplashScreenActivity}" drawable="mysosh" />

	<!-- N26 -->
	<item component="ComponentInfo{de.number26.android/de.number26.machete.android.refactor.presentation.settings.customize_icon.launch_aliases.TealActivityLauncher}" drawable="n26" />

	<!-- Programme TV -->
	<item component="ComponentInfo{net.aietec.epg/net.aietec.epg.MainActivity}" drawable="programme_tv" />

	<!-- RED & Moi -->
	<item component="ComponentInfo{com.sfr.android.redmoncompte/com.sfr.android.redmoncompte.MonCompteMain}" drawable="red_and_moi" />

	<!-- Répondeur+ -->
	<item component="ComponentInfo{com.sfr.android.vvm/com.sfr.android.vvm.activity.SFRVVMMain}" drawable="repondeur_" />

	<!-- Shadow PC -->
	<item component="ComponentInfo{com.blade.shadowcloudgaming/com.blade.shadow.dispatcher.DispatcherActivity}" drawable="shadow_pc" />

	<!-- Swile -->
	<item component="ComponentInfo{hr.lunc.client/hr.lunc.client.SplashActivityDefault}" drawable="swile" />

</resources>