<appmap>

	<!-- ASUS Router -->
	<item class="com.asus.aihome.MainActivity" name="asus_router"/>

	<!-- Drive -->
	<item class="com.synology.dsdrive.activity.SplashActivity" name="drive"/>

	<!-- DS audio -->
	<item class="com.synology.dsaudio.ui.splash.SplashActivity" name="ds_audio"/>

	<!-- DS file -->
	<item class="com.synology.DSfile.Splash" name="ds_file"/>

	<!-- DS finder -->
	<item class="com.synology.assistant.ui.activity.SplashActivity" name="ds_finder"/>

	<!-- DS get -->
	<item class="com.synology.DSdownload.activities.SplashActivity" name="ds_get"/>

	<!-- DS video -->
	<item class="com.synology.dsvideo.SplashActivity" name="ds_video"/>

	<!-- Emby -->
	<item class="com.mb.android.MainActivity" name="emby"/>

	<!-- iRobot -->
	<item class="com.irobot.home.appstartup.SplashActivity" name="irobot"/>

	<!-- Molotov -->
	<item class="tv.molotov.android.splash.SplashActivity" name="molotov"/>

	<!-- MySosh -->
	<item class="com.orange.care.core.ui.SplashScreenActivity" name="mysosh"/>

	<!-- N26 -->
	<item class="de.number26.machete.android.refactor.presentation.settings.customize_icon.launch_aliases.TealActivityLauncher" name="n26"/>

	<!-- Programme TV -->
	<item class="net.aietec.epg.MainActivity" name="programme_tv"/>

	<!-- RED & Moi -->
	<item class="com.sfr.android.redmoncompte.MonCompteMain" name="red_and_moi"/>

	<!-- Répondeur+ -->
	<item class="com.sfr.android.vvm.activity.SFRVVMMain" name="repondeur_"/>

	<!-- Shadow PC -->
	<item class="com.blade.shadow.dispatcher.DispatcherActivity" name="shadow_pc"/>

	<!-- Swile -->
	<item class="hr.lunc.client.SplashActivityDefault" name="swile"/>

</appmap>