<Theme version="1">

	<!-- ASUS Router -->
	<AppIcon name="com.asus.aihome/com.asus.aihome.MainActivity" image="asus_router"/>

	<!-- Drive -->
	<AppIcon name="com.synology.dsdrive/com.synology.dsdrive.activity.SplashActivity" image="drive"/>

	<!-- DS audio -->
	<AppIcon name="com.synology.DSaudio/com.synology.dsaudio.ui.splash.SplashActivity" image="ds_audio"/>

	<!-- DS file -->
	<AppIcon name="com.synology.DSfile/com.synology.DSfile.Splash" image="ds_file"/>

	<!-- DS finder -->
	<AppIcon name="com.synology.DSfinder/com.synology.assistant.ui.activity.SplashActivity" image="ds_finder"/>

	<!-- DS get -->
	<AppIcon name="com.synology.DSdownload/com.synology.DSdownload.activities.SplashActivity" image="ds_get"/>

	<!-- DS video -->
	<AppIcon name="com.synology.dsvideo/com.synology.dsvideo.SplashActivity" image="ds_video"/>

	<!-- Emby -->
	<AppIcon name="com.mb.android/com.mb.android.MainActivity" image="emby"/>

	<!-- iRobot -->
	<AppIcon name="com.irobot.home/com.irobot.home.appstartup.SplashActivity" image="irobot"/>

	<!-- Molotov -->
	<AppIcon name="tv.molotov.app/tv.molotov.android.splash.SplashActivity" image="molotov"/>

	<!-- MySosh -->
	<AppIcon name="com.orange.mysosh/com.orange.care.core.ui.SplashScreenActivity" image="mysosh"/>

	<!-- N26 -->
	<AppIcon name="de.number26.android/de.number26.machete.android.refactor.presentation.settings.customize_icon.launch_aliases.TealActivityLauncher" image="n26"/>

	<!-- Programme TV -->
	<AppIcon name="net.aietec.epg/net.aietec.epg.MainActivity" image="programme_tv"/>

	<!-- RED & Moi -->
	<AppIcon name="com.sfr.android.redmoncompte/com.sfr.android.redmoncompte.MonCompteMain" image="red_and_moi"/>

	<!-- Répondeur+ -->
	<AppIcon name="com.sfr.android.vvm/com.sfr.android.vvm.activity.SFRVVMMain" image="repondeur_"/>

	<!-- Shadow PC -->
	<AppIcon name="com.blade.shadowcloudgaming/com.blade.shadow.dispatcher.DispatcherActivity" image="shadow_pc"/>

	<!-- Swile -->
	<AppIcon name="hr.lunc.client/hr.lunc.client.SplashActivityDefault" image="swile"/>

</Theme>