<resources>

	<!-- F-Droid Nearby -->
	<item component="ComponentInfo{org.fdroid.nearby/org.fdroid.fdroid.MainActivity}" drawable="f_droid_nearby" />

	<!-- Fcitx5 for Android -->
	<item component="ComponentInfo{org.fcitx.fcitx5.android/org.fcitx.fcitx5.android.ui.main.MainActivity}" drawable="fcitx5_for_android" />

	<!-- Fine Lock -->
	<item component="ComponentInfo{yuh.yuh.finelock/yuh.yuh.finelock.T}" drawable="fine_lock" />

	<!-- foodDROP -->
	<item component="ComponentInfo{com.fooddrop.customer/com.tookancustomer.SplashActivity}" drawable="fooddrop" />

	<!-- Goodreads -->
	<item component="ComponentInfo{com.goodreads/com.goodreads.kindle.ui.activity.RoutingActivity}" drawable="goodreads" />

	<!-- HelloChinese -->
	<item component="ComponentInfo{com.hellochinese/com.hellochinese.ui.PreLoadActivity}" drawable="hellochinese" />

	<!-- Hex Launcher -->
	<item component="ComponentInfo{com.mrmannwood.hexlauncher/com.mrmannwood.hexlauncher.launcher.LauncherActivity}" drawable="hex_launcher" />

	<!-- Jack'd -->
	<item component="ComponentInfo{mobi.jackd.android/com.appspot.scruffapp.features.splash.views.SplashActivity}" drawable="jackd" />

	<!-- Jellyfin -->
	<item component="ComponentInfo{org.jellyfin.mobile/org.jellyfin.mobile.MainActivity}" drawable="jellyfin" />

	<!-- KYOCERA Print -->
	<item component="ComponentInfo{com.kyocera.kyoprint/com.kyocera.kyoprint.KyoPrintKM}" drawable="kyocera_print" />

</resources>