<appmap>

	<!-- F-Droid Nearby -->
	<item class="org.fdroid.fdroid.MainActivity" name="f_droid_nearby"/>

	<!-- Fcitx5 for Android -->
	<item class="org.fcitx.fcitx5.android.ui.main.MainActivity" name="fcitx5_for_android"/>

	<!-- Fine Lock -->
	<item class="yuh.yuh.finelock.T" name="fine_lock"/>

	<!-- foodDROP -->
	<item class="com.tookancustomer.SplashActivity" name="fooddrop"/>

	<!-- Goodreads -->
	<item class="com.goodreads.kindle.ui.activity.RoutingActivity" name="goodreads"/>

	<!-- HelloChinese -->
	<item class="com.hellochinese.ui.PreLoadActivity" name="hellochinese"/>

	<!-- Hex Launcher -->
	<item class="com.mrmannwood.hexlauncher.launcher.LauncherActivity" name="hex_launcher"/>

	<!-- Jack'd -->
	<item class="com.appspot.scruffapp.features.splash.views.SplashActivity" name="jackd"/>

	<!-- Jellyfin -->
	<item class="org.jellyfin.mobile.MainActivity" name="jellyfin"/>

	<!-- KYOCERA Print -->
	<item class="com.kyocera.kyoprint.KyoPrintKM" name="kyocera_print"/>

</appmap>