<Theme version="1">

	<!-- F-Droid Nearby -->
	<AppIcon name="org.fdroid.nearby/org.fdroid.fdroid.MainActivity" image="f_droid_nearby"/>

	<!-- Fcitx5 for Android -->
	<AppIcon name="org.fcitx.fcitx5.android/org.fcitx.fcitx5.android.ui.main.MainActivity" image="fcitx5_for_android"/>

	<!-- Fine Lock -->
	<AppIcon name="yuh.yuh.finelock/yuh.yuh.finelock.T" image="fine_lock"/>

	<!-- foodDROP -->
	<AppIcon name="com.fooddrop.customer/com.tookancustomer.SplashActivity" image="fooddrop"/>

	<!-- Goodreads -->
	<AppIcon name="com.goodreads/com.goodreads.kindle.ui.activity.RoutingActivity" image="goodreads"/>

	<!-- HelloChinese -->
	<AppIcon name="com.hellochinese/com.hellochinese.ui.PreLoadActivity" image="hellochinese"/>

	<!-- Hex Launcher -->
	<AppIcon name="com.mrmannwood.hexlauncher/com.mrmannwood.hexlauncher.launcher.LauncherActivity" image="hex_launcher"/>

	<!-- Jack'd -->
	<AppIcon name="mobi.jackd.android/com.appspot.scruffapp.features.splash.views.SplashActivity" image="jackd"/>

	<!-- Jellyfin -->
	<AppIcon name="org.jellyfin.mobile/org.jellyfin.mobile.MainActivity" image="jellyfin"/>

	<!-- KYOCERA Print -->
	<AppIcon name="com.kyocera.kyoprint/com.kyocera.kyoprint.KyoPrintKM" image="kyocera_print"/>

</Theme>