<Theme version="1">

	<!-- Alight Motion -->
	<AppIcon name="com.alightcreative.motion/com.alightcreative.app.motion.activities.main.MainActivity" image="alight_motion"/>

	<!-- Background Eraser -->
	<AppIcon name="com.handycloset.android.eraser/com.handycloset.android.eraser.MainActivity" image="background_eraser"/>

	<!-- Brevent -->
	<AppIcon name="me.piebridge.brevent/me.piebridge.brevent.ui.BreventActivity" image="brevent"/>

	<!-- Calendar -->
	<AppIcon name="deltazero.amarok/deltazero.amarok.launcher.calendar" image="calendar"/>

	<!-- CastChat -->
	<AppIcon name="walkie.talkie.among.us.friends/walkie.talkie.talk.SplashADActivity" image="castchat"/>

	<!-- DB LEGENDS -->
	<AppIcon name="com.bandainamcoent.dblegends_ww/jp.co.dimps.trad.common.TRADMainActivity" image="db_legends"/>

	<!-- Geometry Dash -->
	<AppIcon name="com.robtopx.geometryjump/com.robtopx.geometryjump.GeometryJump" image="geometry_dash"/>

	<!-- Hear Boost -->
	<AppIcon name="com.audiofix.hearboost/com.audiofix.hearboost.MainActivity" image="hear_boost"/>

	<!-- Home Workout -->
	<AppIcon name="homeworkout.homeworkouts.noequipment/homeworkout.homeworkouts.noequipment.SplashActivity" image="home_workout"/>

	<!-- Jawline -->
	<AppIcon name="jawline.exercises.slim.face.yoga/jawline.exercises.slim.face.yoga.activity.SplashActivity" image="jawline"/>

	<!-- Lawnicons -->
	<AppIcon name="app.lawnchair.lawnicons/app.lawnchair.lawnicons.MainActivity" image="lawnicons"/>

	<!-- Light It Up -->
	<AppIcon name="com.crazylabs.light.it.up/com.unity3d.player.UnityPlayerActivity" image="light_it_up"/>

	<!-- Melon Sandbox -->
	<AppIcon name="com.studio27.MelonPlayground/com.unity3d.player.UnityPlayerActivity" image="melon_sandbox"/>

	<!-- Package Names -->
	<AppIcon name="com.csdroid.pkg/com.csdroid.pkg.MainActivity" image="package_names"/>

	<!-- Pickup Lines -->
	<AppIcon name="com.kakideveloper.pickupline/com.zipoapps.premiumhelper.ui.splash.PHSplashActivity" image="pickup_lines"/>

	<!-- Ragdoll Fists -->
	<AppIcon name="com.lonriv.radofists/org.cocos2dx.cpp.AppActivity" image="ragdoll_fists"/>

	<!-- Read You -->
	<AppIcon name="me.ash.reader/me.ash.reader.infrastructure.android.MainActivity" image="read_you"/>

	<!-- Seal Downloader -->
	<AppIcon name="com.hkapps.sealdownloader/com.hkapps.sealdownloader.activities.SplashScreen" image="seal_downloader"/>

	<!-- SetEdit -->
	<AppIcon name="by4a.setedit22/by4a.setedit.EditorActivity" image="setedit"/>

	<!-- Shizuku -->
	<AppIcon name="moe.shizuku.privileged.api/moe.shizuku.manager.MainActivity" image="shizuku"/>

</Theme>