<resources>

	<!-- Bleach -->
	<item component="ComponentInfo{com.klab.bleach/jp.klab.bleach.plugin.BleachActivity}" drawable="bleach" />

	<!-- ChronoTrigger -->
	<item component="ComponentInfo{com.square_enix.android_googleplay.chrono/com.square_enix.android_googleplay.chrono.LicensingActivity}" drawable="chronotrigger" />

	<!-- Deuna! 2.0 -->
	<item component="ComponentInfo{com.appdeuna.wallet/com.pichincha.bpbilletera.MainActivity}" drawable="deuna_20" />

	<!-- Duel Links -->
	<item component="ComponentInfo{jp.konami.duellinks/jp.konami.duellinks.plugins.YgomMainActivity}" drawable="duel_links" />

	<!-- FreeOTP+ -->
	<item component="ComponentInfo{org.liberty.android.freeotpplus/org.fedorahosted.freeotp.ui.MainActivity}" drawable="freeotp_" />

	<!-- MEGA MAN X DiVE - MOBILE -->
	<item component="ComponentInfo{com.yunchang.act.megaman.latam/com.hutong.supersdk.MainActivity}" drawable="mega_man_x_dive_mobile" />

	<!-- Mercado Libre -->
	<item component="ComponentInfo{com.mercadolibre/com.mercadolibre.splash.SplashActivity}" drawable="mercado_libre" />

	<!-- Molly -->
	<item component="ComponentInfo{im.molly.app/org.thoughtcrime.securesms.RoutingActivity}" drawable="molly" />

	<!-- Multicines -->
	<item component="ComponentInfo{ec.push.multicines/ec.push.multicines.MainActivity}" drawable="multicines" />

	<!-- SotN -->
	<item component="ComponentInfo{jp.konami.epjCastlevania2/com.dotemu.castlevania.LaunchActivity}" drawable="sotn" />

	<!-- Syncthing-Fork -->
	<item component="ComponentInfo{com.github.catfriend1.syncthingandroid/com.nutomic.syncthingandroid.activities.FirstStartActivity}" drawable="syncthing_fork" />

</resources>