<Theme version="1">

	<!-- Bleach -->
	<AppIcon name="com.klab.bleach/jp.klab.bleach.plugin.BleachActivity" image="bleach"/>

	<!-- ChronoTrigger -->
	<AppIcon name="com.square_enix.android_googleplay.chrono/com.square_enix.android_googleplay.chrono.LicensingActivity" image="chronotrigger"/>

	<!-- Deuna! 2.0 -->
	<AppIcon name="com.appdeuna.wallet/com.pichincha.bpbilletera.MainActivity" image="deuna_20"/>

	<!-- Duel Links -->
	<AppIcon name="jp.konami.duellinks/jp.konami.duellinks.plugins.YgomMainActivity" image="duel_links"/>

	<!-- FreeOTP+ -->
	<AppIcon name="org.liberty.android.freeotpplus/org.fedorahosted.freeotp.ui.MainActivity" image="freeotp_"/>

	<!-- MEGA MAN X DiVE - MOBILE -->
	<AppIcon name="com.yunchang.act.megaman.latam/com.hutong.supersdk.MainActivity" image="mega_man_x_dive_mobile"/>

	<!-- Mercado Libre -->
	<AppIcon name="com.mercadolibre/com.mercadolibre.splash.SplashActivity" image="mercado_libre"/>

	<!-- Molly -->
	<AppIcon name="im.molly.app/org.thoughtcrime.securesms.RoutingActivity" image="molly"/>

	<!-- Multicines -->
	<AppIcon name="ec.push.multicines/ec.push.multicines.MainActivity" image="multicines"/>

	<!-- SotN -->
	<AppIcon name="jp.konami.epjCastlevania2/com.dotemu.castlevania.LaunchActivity" image="sotn"/>

	<!-- Syncthing-Fork -->
	<AppIcon name="com.github.catfriend1.syncthingandroid/com.nutomic.syncthingandroid.activities.FirstStartActivity" image="syncthing_fork"/>

</Theme>