<appmap>

	<!-- Галерея -->
	<item class="com.android.gallery3d.app.Gallery" name="галерея"/>

	<!-- ГдеПосылка -->
	<item class="ru.gdeposylka.delta.ui.tracklist.TracklistActivity" name="гдепосылка"/>

	<!-- Диктофон HD -->
	<item class="com.lge.hifirecorder.LaunchHifiRecorder" name="диктофон_hd"/>

	<!-- Загрузчик видео -->
	<item class="video.downloader.videodownloader.activity.MainActivity" name="загрузчик_видео"/>

	<!-- Запуск Игр -->
	<item class="com.lge.gamelauncher.ui.home.GameLauncherActivity" name="запуск_игр"/>

	<!-- Камера -->
	<item class="com.lge.camera.CameraAppLauncher" name="камера"/>

	<!-- Мій Київстар -->
	<item class="com.kyivstar.mykyivstar.MainActivity" name="міи_киівстар"/>

	<!-- Мои маршруты -->
	<item class="com.zihua.android.mytracks.PermissionActivity" name="мои_маршруты"/>

	<!-- Музыка -->
	<item class="com.lge.music.MusicBrowserActivity" name="музыка"/>

	<!-- ПДД -->
	<item class="com.vokrab.pdd.MainActivity" name="пдд"/>

	<!-- Телефон -->
	<item class="com.android.contacts.activities.DialtactsActivity" name="телефон"/>

	<!-- Тесты ПДД -->
	<item class="com.vokrab.ppdukraineexam.MainActivity" name="тесты_пдд"/>

	<!-- Файлы -->
	<item class="nl.marc_apps.files.MainActivity" name="фаилы"/>

	<!-- Финансы -->
	<item class="ru.innim.my_finance.MainActivity" name="финансы"/>

	<!-- Часы -->
	<item class="com.lge.clock.AlarmClockActivity" name="часы"/>

	<!-- Чат NektoMe -->
	<item class="com.nektome.talk.main.SplashActivity" name="чат_nektome"/>

	<!-- AliExpress -->
	<item class="com.aliexpress.app.FirstActivity" name="aliexpress"/>

	<!-- AUTO.RIA -->
	<item class="com.ria.auto.RiaGifAnimationActivity" name="autoria"/>

	<!-- Battlecruisers -->
	<item class="com.unity3d.player.UnityPlayerActivity" name="battlecruisers"/>

	<!-- black -->
	<item class="air.com.bartbonte.black.AIRAppEntry" name="black"/>

	<!-- Death Rover -->
	<item class="com.unity3d.player.UnityPlayerActivity" name="death_rover"/>

	<!-- Deezer -->
	<item class="com.deezer.android.ui.activity.LauncherActivity" name="deezer"/>

	<!-- FS 23 -->
	<item class="com.giantssoftware.MainActivity" name="fs_23"/>

	<!-- Getcontact -->
	<item class="app.source.getcontact.ui.starter.StarterActivity" name="getcontact"/>

	<!-- Hypatia -->
	<item class="us.spotco.malwarescanner.MainActivity" name="hypatia"/>

	<!-- KLCK -->
	<item class="org.kustom.app.OnBoardingActivity" name="klck"/>

	<!-- KLCK Pro -->
	<item class="org.kustom.pro.MainActivity" name="klck_pro"/>

	<!-- KLWP -->
	<item class="org.kustom.app.OnBoardingActivity" name="klwp"/>

	<!-- Smart Book -->
	<item class="com.kursx.smartbook.MainActivity" name="smart_book"/>

	<!-- LG Health (will closed) -->
	<item class="com.lge.lifetracker.ui.MainActivity" name="lg_health_will_closed_"/>

	<!-- MacroDroid -->
	<item class="com.arlosoft.macrodroid.intro.IntroActivity" name="macrodroid"/>

	<!-- MediaGet -->
	<item class="com.mediaget.android.MainActivity" name="mediaget"/>

	<!-- Message+ -->
	<item class="com.verizon.mms.ui.activity.Provisioning" name="message_"/>

	<!-- Mono KLWP -->
	<item class="org.kustom.api.dashboard.DashboardActivity" name="mono_klwp"/>

	<!-- MX Player -->
	<item class="com.mxtech.videoplayer.ad.ActivityWelcomeMX" name="mx_player"/>

	<!-- My Vodafone -->
	<item class="ua.vodafone.myvodafone.MainActivity" name="my_vodafone"/>

	<!-- Netmonitor -->
	<item class="com.parizene.netmonitor.ui.HomeActivity" name="netmonitor"/>

	<!-- Offroad Chronicles -->
	<item class="com.unity3d.player.UnityPlayerActivity" name="offroad_chronicles"/>

	<!-- Olauncher Clutter Free -->
	<item class="app.olaunchercf.MainActivity" name="olauncher_clutter_free"/>

	<!-- OLX.ua -->
	<item class="pl.tablica2.app.startup.activity.StartupActivity" name="olxua"/>

	<!-- Our Empire Remake Pro -->
	<item class="com.unity3d.player.UnityPlayerActivity" name="our_empire_remake_pro"/>

	<!-- Project Entropy -->
	<item class="com.kingsgroup.ww2.UnityPlayerActivity" name="project_entropy"/>

	<!-- Prom -->
	<item class="ua.prom.b2c.SplashActivity" name="prom"/>

	<!-- PUBG MOBILE -->
	<item class="com.epicgames.ue4.SplashActivity" name="pubg_mobile"/>

	<!-- QuickMemo+ -->
	<item class="com.lge.qmemoplus.ui.main.MainActivity" name="quickmemo_"/>

	<!-- ReadEra -->
	<item class="com.readera.MainActivity" name="readera"/>

	<!-- red -->
	<item class="air.com.bartbonte.red.AIRAppEntry" name="red"/>

	<!-- RST.ua -->
	<item class="ua.rst.android.MainActivity" name="rstua"/>

	<!-- SMS/MMS -->
	<item class="com.android.mms.ui.ConversationList" name="sms_mms"/>

	<!-- SoundCloud -->
	<item class="com.soundcloud.android.launcher.LauncherActivity" name="soundcloud"/>

	<!-- Space Chase -->
	<item class="com.unity3d.player.UnityPlayerActivity" name="space_chase"/>

	<!-- Spinning Moon -->
	<item class="org.kustom.api.dashboard.DashboardActivity" name="spinning_moon"/>

	<!-- Stepik -->
	<item class="org.stepic.droid.view.activities.SplashActivity" name="stepik"/>

	<!-- TouchVPN -->
	<item class="com.anchorfree.touchvpn.MainActivity" name="touchvpn"/>

	<!-- Unlauncher -->
	<item class="com.sduduzog.slimlauncher.MainActivity" name="unlauncher"/>

	<!-- V720 -->
	<item class="io.dcloud.PandoraEntry" name="v720"/>

	<!-- Viber -->
	<item class="com.viber.voip.WelcomeActivity" name="viber"/>

	<!-- VK -->
	<item class="com.vk.android.launcher.icons.IconAlias.DefaultIcon" name="vk"/>

	<!-- Voicemail -->
	<item class="com.lge.vvm.ProvisioningStateMachine" name="voicemail"/>

	<!-- VPNSatoshi -->
	<item class="com.satoshi.vpns.ui.activity.MainActivity" name="vpnsatoshi"/>

	<!-- War Thunder Mobile -->
	<item class="com.gaijingames.wtm.VersionSelector" name="war_thunder_mobile"/>

	<!-- Zombotron -->
	<item class="com.unity3d.player.UnityPlayerActivity" name="zombotron"/>

</appmap>