<resources>

	<!-- 2GIS -->
	<item component="ComponentInfo{ru.dublgis.dgismobile/ru.dublgis.dgismobile.GrymMobileActivity}" drawable="_2gis" />

	<!-- 4PDA -->
	<item component="ComponentInfo{ru.fourpda.client/ru.fourpda.client.MainActivity}" drawable="_4pda" />

	<!-- AliExpress -->
	<item component="ComponentInfo{ru.aliexpress.buyer/com.alibaba.aliexpresshd.home.ui.MainActivity}" drawable="aliexpress" />

	<!-- Aurora Store -->
	<item component="ComponentInfo{com.aurora.store.nightly/com.aurora.store.view.ui.onboarding.OnboardingActivity}" drawable="aurora_store" />

	<!-- Calculator -->
	<item component="ComponentInfo{com.coloros.calculator/com.android.calculator2.Calculator}" drawable="calculator" />

	<!-- Camera -->
	<item component="ComponentInfo{com.oplus.camera/com.oplus.camera.Camera}" drawable="camera" />

	<!-- Compass -->
	<item component="ComponentInfo{com.coloros.compass2/com.coloros.compass.flat.FlatCompass}" drawable="compass" />

	<!-- Cool Reader -->
	<item component="ComponentInfo{org.coolreader/org.coolreader.CoolReader}" drawable="cool_reader" />

	<!-- Etar -->
	<item component="ComponentInfo{ws.xsoh.etar/com.android.calendar.AllInOneActivity}" drawable="etar" />

	<!-- Flowwow -->
	<item component="ComponentInfo{com.flowwow/com.flowwow.features.splash.SplashActivity}" drawable="flowwow" />

	<!-- Iceraven -->
	<item component="ComponentInfo{io.github.forkmaintainers.iceraven/io.github.forkmaintainers.iceraven.App}" drawable="iceraven" />

	<!-- Kate Mobile -->
	<item component="ComponentInfo{com.perm.kate_new_6/com.perm.kate.MainActivity}" drawable="kate_mobile" />

	<!-- MAPS.ME -->
	<item component="ComponentInfo{com.mapswithme.maps.pro/com.mapswithme.maps.pro.DefaultIcon}" drawable="mapsme" />

	<!-- Moon+ Reader Pro -->
	<item component="ComponentInfo{com.flyersoft.moonreaderp/com.flyersoft.moonreaderp.ActivityMain}" drawable="moon_reader_pro" />

	<!-- MX Player -->
	<item component="ComponentInfo{com.mxtech.videoplayer.ad/com.mxtech.videoplayer.ad.ActivityWelcomeMX}" drawable="mx_player" />

	<!-- OfficeSuite -->
	<item component="ComponentInfo{com.mobisystems.editor.office_registered/com.mobisystems.office.splashScreen.SplashScreenActivity}" drawable="officesuite" />

	<!-- OpenBoard -->
	<item component="ComponentInfo{org.dslul.openboard.inputmethod.latin/org.dslul.openboard.inputmethod.latin.setup.SetupActivity}" drawable="openboard" />

	<!-- Photos -->
	<item component="ComponentInfo{com.coloros.gallery3d/com.coloros.gallery3d.app.MainActivity}" drawable="photos" />

	<!-- ReLens -->
	<item component="ComponentInfo{com.accordion.pro.camera/com.gzy.depthEditor.app.page.splash.SplashActivity}" drawable="relens" />

	<!-- Seed4.Me VPN -->
	<item component="ComponentInfo{me.seed4.app.android/me.seed4.app.activities.mobile.MainActivity}" drawable="seed4me_vpn" />

	<!-- Sygic -->
	<item component="ComponentInfo{com.sygic.aura/com.sygic.aura.activity.NaviNativeActivity}" drawable="sygic" />

	<!-- Tripadvisor -->
	<item component="ComponentInfo{com.tripadvisor.tripadvisor/com.tripadvisor.android.ui.launcher.LauncherActivity}" drawable="tripadvisor" />

	<!-- VSCO -->
	<item component="ComponentInfo{com.vsco.cam/com.vsco.cam.navigation.LithiumActivity}" drawable="vsco" />

	<!-- Windscribe -->
	<item component="ComponentInfo{com.windscribe.vpn/com.windscribe.mobile.splash.SplashActivity}" drawable="windscribe" />

	<!-- Yandex Music -->
	<item component="ComponentInfo{ru.yandex.music/ru.yandex.music.main.MainScreenActivityAlias}" drawable="yandex_music" />

	<!-- YandexGo -->
	<item component="ComponentInfo{ru.yandex.taxi/ru.yandex.taxi.activity.StartActivity}" drawable="yandexgo" />

	<!-- Yota -->
	<item component="ComponentInfo{ru.yota.android/ru.yota.android.splashModule.presentation.view.SplashActivity}" drawable="yota" />

	<!-- Zepp Life -->
	<item component="ComponentInfo{com.xiaomi.hm.health/com.xiaomi.hm.health.activity.StartUpActivity}" drawable="zepp_life" />

	<!-- Госуслуги -->
	<item component="ComponentInfo{ru.rostel/ru.minsvyaz.coreproject.MainActivity}" drawable="госуслуги" />

	<!-- Омега -->
	<item component="ComponentInfo{com.omega.taxi/com.taxsee.taxsee.ui.activities.SplashScreen}" drawable="омега" />

	<!-- Поехали -->
	<item component="ComponentInfo{com.taxipoehali/com.taxsee.taxsee.ui.activities.SplashScreen}" drawable="поехали" />

	<!-- Почта России -->
	<item component="ComponentInfo{com.octopod.russianpost.client.android/com.octopod.russianpost.client.android.ui.splash.SplashActivity}" drawable="почта_россии" />

</resources>