<appmap>

	<!-- 2GIS -->
	<item class="ru.dublgis.dgismobile.GrymMobileActivity" name="_2gis"/>

	<!-- 4PDA -->
	<item class="ru.fourpda.client.MainActivity" name="_4pda"/>

	<!-- AliExpress -->
	<item class="com.alibaba.aliexpresshd.home.ui.MainActivity" name="aliexpress"/>

	<!-- Aurora Store -->
	<item class="com.aurora.store.view.ui.onboarding.OnboardingActivity" name="aurora_store"/>

	<!-- Calculator -->
	<item class="com.android.calculator2.Calculator" name="calculator"/>

	<!-- Camera -->
	<item class="com.oplus.camera.Camera" name="camera"/>

	<!-- Compass -->
	<item class="com.coloros.compass.flat.FlatCompass" name="compass"/>

	<!-- Cool Reader -->
	<item class="org.coolreader.CoolReader" name="cool_reader"/>

	<!-- Etar -->
	<item class="com.android.calendar.AllInOneActivity" name="etar"/>

	<!-- Flowwow -->
	<item class="com.flowwow.features.splash.SplashActivity" name="flowwow"/>

	<!-- Iceraven -->
	<item class="io.github.forkmaintainers.iceraven.App" name="iceraven"/>

	<!-- Kate Mobile -->
	<item class="com.perm.kate.MainActivity" name="kate_mobile"/>

	<!-- MAPS.ME -->
	<item class="com.mapswithme.maps.pro.DefaultIcon" name="mapsme"/>

	<!-- Moon+ Reader Pro -->
	<item class="com.flyersoft.moonreaderp.ActivityMain" name="moon_reader_pro"/>

	<!-- MX Player -->
	<item class="com.mxtech.videoplayer.ad.ActivityWelcomeMX" name="mx_player"/>

	<!-- OfficeSuite -->
	<item class="com.mobisystems.office.splashScreen.SplashScreenActivity" name="officesuite"/>

	<!-- OpenBoard -->
	<item class="org.dslul.openboard.inputmethod.latin.setup.SetupActivity" name="openboard"/>

	<!-- Photos -->
	<item class="com.coloros.gallery3d.app.MainActivity" name="photos"/>

	<!-- ReLens -->
	<item class="com.gzy.depthEditor.app.page.splash.SplashActivity" name="relens"/>

	<!-- Seed4.Me VPN -->
	<item class="me.seed4.app.activities.mobile.MainActivity" name="seed4me_vpn"/>

	<!-- Sygic -->
	<item class="com.sygic.aura.activity.NaviNativeActivity" name="sygic"/>

	<!-- Tripadvisor -->
	<item class="com.tripadvisor.android.ui.launcher.LauncherActivity" name="tripadvisor"/>

	<!-- VSCO -->
	<item class="com.vsco.cam.navigation.LithiumActivity" name="vsco"/>

	<!-- Windscribe -->
	<item class="com.windscribe.mobile.splash.SplashActivity" name="windscribe"/>

	<!-- Yandex Music -->
	<item class="ru.yandex.music.main.MainScreenActivityAlias" name="yandex_music"/>

	<!-- YandexGo -->
	<item class="ru.yandex.taxi.activity.StartActivity" name="yandexgo"/>

	<!-- Yota -->
	<item class="ru.yota.android.splashModule.presentation.view.SplashActivity" name="yota"/>

	<!-- Zepp Life -->
	<item class="com.xiaomi.hm.health.activity.StartUpActivity" name="zepp_life"/>

	<!-- Госуслуги -->
	<item class="ru.minsvyaz.coreproject.MainActivity" name="госуслуги"/>

	<!-- Омега -->
	<item class="com.taxsee.taxsee.ui.activities.SplashScreen" name="омега"/>

	<!-- Поехали -->
	<item class="com.taxsee.taxsee.ui.activities.SplashScreen" name="поехали"/>

	<!-- Почта России -->
	<item class="com.octopod.russianpost.client.android.ui.splash.SplashActivity" name="почта_россии"/>

</appmap>