<Theme version="1">

	<!-- 2GIS -->
	<AppIcon name="ru.dublgis.dgismobile/ru.dublgis.dgismobile.GrymMobileActivity" image="_2gis"/>

	<!-- 4PDA -->
	<AppIcon name="ru.fourpda.client/ru.fourpda.client.MainActivity" image="_4pda"/>

	<!-- AliExpress -->
	<AppIcon name="ru.aliexpress.buyer/com.alibaba.aliexpresshd.home.ui.MainActivity" image="aliexpress"/>

	<!-- Aurora Store -->
	<AppIcon name="com.aurora.store.nightly/com.aurora.store.view.ui.onboarding.OnboardingActivity" image="aurora_store"/>

	<!-- Calculator -->
	<AppIcon name="com.coloros.calculator/com.android.calculator2.Calculator" image="calculator"/>

	<!-- Camera -->
	<AppIcon name="com.oplus.camera/com.oplus.camera.Camera" image="camera"/>

	<!-- Compass -->
	<AppIcon name="com.coloros.compass2/com.coloros.compass.flat.FlatCompass" image="compass"/>

	<!-- Cool Reader -->
	<AppIcon name="org.coolreader/org.coolreader.CoolReader" image="cool_reader"/>

	<!-- Etar -->
	<AppIcon name="ws.xsoh.etar/com.android.calendar.AllInOneActivity" image="etar"/>

	<!-- Flowwow -->
	<AppIcon name="com.flowwow/com.flowwow.features.splash.SplashActivity" image="flowwow"/>

	<!-- Iceraven -->
	<AppIcon name="io.github.forkmaintainers.iceraven/io.github.forkmaintainers.iceraven.App" image="iceraven"/>

	<!-- Kate Mobile -->
	<AppIcon name="com.perm.kate_new_6/com.perm.kate.MainActivity" image="kate_mobile"/>

	<!-- MAPS.ME -->
	<AppIcon name="com.mapswithme.maps.pro/com.mapswithme.maps.pro.DefaultIcon" image="mapsme"/>

	<!-- Moon+ Reader Pro -->
	<AppIcon name="com.flyersoft.moonreaderp/com.flyersoft.moonreaderp.ActivityMain" image="moon_reader_pro"/>

	<!-- MX Player -->
	<AppIcon name="com.mxtech.videoplayer.ad/com.mxtech.videoplayer.ad.ActivityWelcomeMX" image="mx_player"/>

	<!-- OfficeSuite -->
	<AppIcon name="com.mobisystems.editor.office_registered/com.mobisystems.office.splashScreen.SplashScreenActivity" image="officesuite"/>

	<!-- OpenBoard -->
	<AppIcon name="org.dslul.openboard.inputmethod.latin/org.dslul.openboard.inputmethod.latin.setup.SetupActivity" image="openboard"/>

	<!-- Photos -->
	<AppIcon name="com.coloros.gallery3d/com.coloros.gallery3d.app.MainActivity" image="photos"/>

	<!-- ReLens -->
	<AppIcon name="com.accordion.pro.camera/com.gzy.depthEditor.app.page.splash.SplashActivity" image="relens"/>

	<!-- Seed4.Me VPN -->
	<AppIcon name="me.seed4.app.android/me.seed4.app.activities.mobile.MainActivity" image="seed4me_vpn"/>

	<!-- Sygic -->
	<AppIcon name="com.sygic.aura/com.sygic.aura.activity.NaviNativeActivity" image="sygic"/>

	<!-- Tripadvisor -->
	<AppIcon name="com.tripadvisor.tripadvisor/com.tripadvisor.android.ui.launcher.LauncherActivity" image="tripadvisor"/>

	<!-- VSCO -->
	<AppIcon name="com.vsco.cam/com.vsco.cam.navigation.LithiumActivity" image="vsco"/>

	<!-- Windscribe -->
	<AppIcon name="com.windscribe.vpn/com.windscribe.mobile.splash.SplashActivity" image="windscribe"/>

	<!-- Yandex Music -->
	<AppIcon name="ru.yandex.music/ru.yandex.music.main.MainScreenActivityAlias" image="yandex_music"/>

	<!-- YandexGo -->
	<AppIcon name="ru.yandex.taxi/ru.yandex.taxi.activity.StartActivity" image="yandexgo"/>

	<!-- Yota -->
	<AppIcon name="ru.yota.android/ru.yota.android.splashModule.presentation.view.SplashActivity" image="yota"/>

	<!-- Zepp Life -->
	<AppIcon name="com.xiaomi.hm.health/com.xiaomi.hm.health.activity.StartUpActivity" image="zepp_life"/>

	<!-- Госуслуги -->
	<AppIcon name="ru.rostel/ru.minsvyaz.coreproject.MainActivity" image="госуслуги"/>

	<!-- Омега -->
	<AppIcon name="com.omega.taxi/com.taxsee.taxsee.ui.activities.SplashScreen" image="омега"/>

	<!-- Поехали -->
	<AppIcon name="com.taxipoehali/com.taxsee.taxsee.ui.activities.SplashScreen" image="поехали"/>

	<!-- Почта России -->
	<AppIcon name="com.octopod.russianpost.client.android/com.octopod.russianpost.client.android.ui.splash.SplashActivity" image="почта_россии"/>

</Theme>