<resources>

	<!-- AccuBattery -->
	<item component="ComponentInfo{com.digibites.accubattery/com.digibites.abatterysaver.BatterySaverActivity}" drawable="accubattery" />

	<!-- Appareil photo -->
	<item component="ComponentInfo{com.oplus.camera/com.oplus.camera.Camera}" drawable="appareil_photo" />

	<!-- Bankin' -->
	<item component="ComponentInfo{com.bankeen/com.bankeen.common.activities.core.LauncherActivity_}" drawable="bankin" />

	<!-- Caf -->
	<item component="ComponentInfo{fr.cnaf.mobile.moncompte/fr.cnaf.mobile.moncompte.MainActivity}" drawable="caf" />

	<!-- Compte ameli -->
	<item component="ComponentInfo{fr.cnamts.it.activity/fr.cnamts.it.activity.LoginActivity}" drawable="compte_ameli" />

	<!-- Cozy -->
	<item component="ComponentInfo{io.cozy.flagship.mobile/io.cozy.flagship.mobile.MainActivitybase}" drawable="cozy" />

	<!-- Electricity Maps -->
	<item component="ComponentInfo{com.tmrow.electricitymap/com.tmrow.electricitymap.MainActivity}" drawable="electricity_maps" />

	<!-- Jeux -->
	<item component="ComponentInfo{com.oplus.games/com.oplus.games.ui.main.MainGameActivity}" drawable="jeux" />

	<!-- OHealth -->
	<item component="ComponentInfo{com.heytap.health.international/com.heytap.health.launch.LaunchActivity}" drawable="ohealth" />

	<!-- Sleep -->
	<item component="ComponentInfo{com.urbandroid.sleep/com.urbandroid.sleep.alarmclock.AlarmClock}" drawable="sleep" />

	<!-- Trade Republic -->
	<item component="ComponentInfo{de.traderepublic.app/de.traderepublic.app.ui.splash.LaunchActivity}" drawable="trade republic" />

</resources>