<Theme version="1">

	<!-- AccuBattery -->
	<AppIcon name="com.digibites.accubattery/com.digibites.abatterysaver.BatterySaverActivity" image="accubattery"/>

	<!-- Appareil photo -->
	<AppIcon name="com.oplus.camera/com.oplus.camera.Camera" image="appareil_photo"/>

	<!-- Bankin' -->
	<AppIcon name="com.bankeen/com.bankeen.common.activities.core.LauncherActivity_" image="bankin"/>

	<!-- Caf -->
	<AppIcon name="fr.cnaf.mobile.moncompte/fr.cnaf.mobile.moncompte.MainActivity" image="caf"/>

	<!-- Compte ameli -->
	<AppIcon name="fr.cnamts.it.activity/fr.cnamts.it.activity.LoginActivity" image="compte_ameli"/>

	<!-- Cozy -->
	<AppIcon name="io.cozy.flagship.mobile/io.cozy.flagship.mobile.MainActivitybase" image="cozy"/>

	<!-- Electricity Maps -->
	<AppIcon name="com.tmrow.electricitymap/com.tmrow.electricitymap.MainActivity" image="electricity_maps"/>

	<!-- Jeux -->
	<AppIcon name="com.oplus.games/com.oplus.games.ui.main.MainGameActivity" image="jeux"/>

	<!-- OHealth -->
	<AppIcon name="com.heytap.health.international/com.heytap.health.launch.LaunchActivity" image="ohealth"/>

	<!-- Sleep -->
	<AppIcon name="com.urbandroid.sleep/com.urbandroid.sleep.alarmclock.AlarmClock" image="sleep"/>

	<!-- Trade Republic -->
	<AppIcon name="de.traderepublic.app/de.traderepublic.app.ui.splash.LaunchActivity" image="trade republic"/>

</Theme>