<appmap>

	<!-- Amazon -->
	<item class="com.amazon.mShop.home.HomeActivity" name="amazon"/>

	<!-- Camera -->
	<item class="com.nothing.camera.activity.CameraActivity" name="camera"/>

	<!-- Camera -->
	<item class="com.android.camera.CameraLauncher" name="camera"/>

	<!-- Eternity -->
	<item class="eu.toldi.infinityforlemmy.DefaultIcon" name="eternity"/>

	<!-- Megalodon -->
	<item class="org.joinmastodon.android.MainActivity" name="megalodon"/>

	<!-- Recorder -->
	<item class="com.nothing.soundrecorder.ui.NewMainActivity" name="recorder"/>

	<!-- Unstoppable -->
	<item class="io.horizontalsystems.bankwallet.DarkLauncherAlias" name="unstoppable"/>

	<!-- Weather -->
	<item class="com.nothing.weather.ui.main.MainActivity" name="weather"/>

</appmap>