<resources>

	<!-- 7Fon Abstract -->
	<item component="ComponentInfo{abstract.wall7Fon/ru.wall7Fon.ui.activities.SplashActivty}" drawable="_7fon_abstract" />

	<!-- Absher -->
	<item component="ComponentInfo{sa.gov.moi/com.elm.android.individual.RoutingActivity}" drawable="absher" />

	<!-- AdBlock for Samsung Internet -->
	<item component="ComponentInfo{com.betafish.adblocksbrowser/org.adblockplus.adblockplussbrowser.app.ui.LauncherActivity}" drawable="adblock_for_samsung_internet" />

	<!-- AdClear Content Blocker -->
	<item component="ComponentInfo{com.seven.adclear.fsb/com.adclear.contentblocker.ui.splash.SplashActivity}" drawable="adclear_content_blocker" />

	<!-- AdGuard Content Blocker -->
	<item component="ComponentInfo{com.adguard.android.contentblocker/com.adguard.android.contentblocker.ui.MainActivity}" drawable="adguard_content_blocker" />

	<!-- Al-Quran (Free) -->
	<item component="ComponentInfo{com.isysway.free.alquran/com.isysway.free.alquran.AlQuranNewActivity}" drawable="al_quran_free_" />

	<!-- Altakhassusi -->
	<item component="ComponentInfo{kfshrc.edu.sa.altakhassusi/net.medrics.sehaty.ui.activity.SplashScreenActivity}" drawable="altakhassusi" />

	<!-- APK Installer -->
	<item component="ComponentInfo{com.apkinstaller.ApkInstaller/com.apkinstaller.ApkInstaller.MainActivity}" drawable="apk_installer" />

	<!-- AppMgr III -->
	<item component="ComponentInfo{com.a0soft.gphone.app2sd/com.a0soft.gphone.app2sd.free.MainWnd}" drawable="appmgr_iii" />

	<!-- APPtoSDPRO -->
	<item component="ComponentInfo{app.to.sdcard.pro/com.rhs.apptosd.activities.SplashActivity}" drawable="apptosdpro" />

	<!-- AstrologyZone -->
	<item component="ComponentInfo{com.handson.h2o.az2014/com.astrologyzone.MainActivity}" drawable="astrologyzone" />

	<!-- Auto Call Recorder -->
	<item component="ComponentInfo{com.cgcklcztools.asjlnwawal.callrecorder/com.asjlnwawal.callrecorder.activity.PermissionsActivity}" drawable="auto_call_recorder" />

	<!-- Avast Cleanup -->
	<item component="ComponentInfo{com.avast.android.cleaner/com.avast.android.cleaner.activity.StartActivity}" drawable="avast_cleanup" />

	<!-- Avast Mobile Security -->
	<item component="ComponentInfo{com.avast.android.mobilesecurity/com.avast.android.one.base.ui.main.MainActivity}" drawable="avast_mobile_security" />

	<!-- Avast SecureLine -->
	<item component="ComponentInfo{com.avast.android.vpn/com.avast.android.vpn.app.wizard.WizardActivity}" drawable="avast_secureline" />

	<!-- AZDOME -->
	<item component="ComponentInfo{cn.com.blackview.azdome/cn.com.blackview.azdome.ui.activity.FlashActivity}" drawable="azdome" />

	<!-- Calyx VPN -->
	<item component="ComponentInfo{org.calyxinstitute.vpn/se.leap.bitmaskclient.base.StartActivity}" drawable="calyx_vpn" />

	<!-- Camera Block Pro -->
	<item component="ComponentInfo{com.bettertomorrowapps.camerablock/com.bettertomorrowapps.camerablock.MainActivity}" drawable="camera_block_pro" />

	<!-- Clipboard Actions -->
	<item component="ComponentInfo{de.halfreal.clipboardactions/de.halfreal.clipboardactions.v2.MainActivity}" drawable="clipboard_actions" />

	<!-- Clock -->
	<item component="ComponentInfo{systems.sieber.fsclock/systems.sieber.fsclock.FullscreenActivity}" drawable="clock" />

	<!-- Crystal for Samsung Internet -->
	<item component="ComponentInfo{co.crystalapp.crystal/org.adblockplus.adblockplussbrowser.app.ui.LauncherActivity}" drawable="crystal_for_samsung_internet" />

	<!-- Daily Horoscope -->
	<item component="ComponentInfo{info.androidz.horoscope/info.androidz.horoscope.Horoscope}" drawable="daily_horoscope" />

	<!-- Disconnect for Samsung Internet Browser -->
	<item component="ComponentInfo{com.disconnect.samsungcontentblocker/com.disconnect.samsungcontentblocker.MainActivity}" drawable="disconnect_for_samsung_internet_browser" />

	<!-- Doc Scanner -->
	<item component="ComponentInfo{com.cv.docscanner/com.cv.docscanner.activity.AppMainActivity}" drawable="doc_scanner" />

	<!-- Duplicates Cleaner -->
	<item component="ComponentInfo{com.kaerosduplicatescleaner/crc64b2e0967e656e2bf1.DemoScreenActivity}" drawable="duplicates_cleaner" />

	<!-- Gallery -->
	<item component="ComponentInfo{org.fossify.gallery/org.fossify.gallery.activities.SplashActivity.Green}" drawable="gallery" />

	<!-- Grammarly -->
	<item component="ComponentInfo{com.grammarly.android.keyboard/com.grammarly.common.launcher.LauncherActivity}" drawable="grammarly" />

	<!-- Horoscope -->
	<item component="ComponentInfo{com.astrolis.Horoscope/com.astrolis.Horoscope.MainActivity}" drawable="horoscope" />

	<!-- HRSD -->
	<item component="ComponentInfo{sa.gov.hrsd.UnifiedApp/sa.gov.hrsd.presentation.splash.SplashActivity}" drawable="hrsd" />

	<!-- iHeartRadio -->
	<item component="ComponentInfo{com.clearchannel.iheartradio.controller/com.iheart.activities.NavDrawerActivity}" drawable="iheartradio" />

	<!-- Imou Life -->
	<item component="ComponentInfo{com.mm.android.smartlifeiot/com.mm.android.easy4ip.SplashActivity}" drawable="imou_life" />

	<!-- InviZible Pro -->
	<item component="ComponentInfo{pan.alexander.tordnscrypt.gp/pan.alexander.tordnscrypt.MainActivity}" drawable="invizible_pro" />

	<!-- Lavabit Proxy -->
	<item component="ComponentInfo{com.lavabit.pahoehoe/se.leap.bitmaskclient.base.StartActivity}" drawable="lavabit_proxy" />

	<!-- Link to Windows -->
	<item component="ComponentInfo{com.samsung.android.mdx/com.samsung.android.mdx.windowslink.tileservice.LinkToWidowsLauncherActivityDummy}" drawable="link_to_windows" />

	<!-- Memory Zone -->
	<item component="ComponentInfo{com.sandisk.mz/com.sandisk.mz.appui.activity.SplashActivity}" drawable="memory_zone" />

	<!-- Microphone Block Free -->
	<item component="ComponentInfo{com.bettertomorrowapps.microphoneblockfree/com.bettertomorrowapps.microphoneblockfree.MainActivity}" drawable="microphone_block_free" />

	<!-- Musicolet -->
	<item component="ComponentInfo{in.krosbits.musicolet/in.krosbits.musicolet.MusicActivity}" drawable="musicolet" />

	<!-- My Prayer -->
	<item component="ComponentInfo{com.haz.prayer/com.haz.prayer.MyPrayer}" drawable="my_prayer" />

	<!-- NAFATH -->
	<item component="ComponentInfo{sa.gov.nic.myid/sa.gov.nic.myid.MainActivity}" drawable="nafath" />

	<!-- Nomedia -->
	<item component="ComponentInfo{com.mrck.nomedia/com.mrck.nomedia.act.MainActivity}" drawable="nomedia" />

	<!-- Old Phone Ringtones -->
	<item component="ComponentInfo{com.remind4u2.list.sounds.oldphone/com.bestringtones.ringtones.MainActivity}" drawable="old_phone_ringtones" />

	<!-- Package Viewer -->
	<item component="ComponentInfo{cz.seeq.prog.android.packageviewer/cz.seeq.prog.android.packageviewer.PackagesActivity}" drawable="package_viewer" />

	<!-- Permissions -->
	<item component="ComponentInfo{appinventor.ai_yolopix_gaming.permissions/net.yolopix.permissions.MainActivity}" drawable="permissions" />

	<!-- Power Thesaurus -->
	<item component="ComponentInfo{org.powerthesaurus.powerthesaurus/com.zoontek.rnbootsplash.RNBootSplashActivity}" drawable="power_thesaurus" />

	<!-- Qibla Compass -->
	<item component="ComponentInfo{com.qiblacompass.qibladirection/com.qiblacompass.qibladirection.activities.SplashActivity}" drawable="qibla_compass" />

	<!-- Radio Mobi -->
	<item component="ComponentInfo{com.paqapaqa.radiomobi/com.paqapaqa.radiomobi.ui.MainActivity}" drawable="radio_mobi" />

	<!-- Real Caller Public -->
	<item component="ComponentInfo{menwho.phone.callerid.social/menwho.phone.callerid.social.MainActivity}" drawable="real_caller_public" />

	<!-- SD Maid SE -->
	<item component="ComponentInfo{eu.darken.sdmse/eu.darken.sdmse.main.ui.MainActivity}" drawable="sd_maid_se" />

	<!-- Skewy -->
	<item component="ComponentInfo{hans.b.skewy1_0/hans.b.skewy1_0.MainActivity}" drawable="skewy" />

	<!-- Tawakkalna Services -->
	<item component="ComponentInfo{sa.gov.nic.twkhayat/com.tawakkalna.twkapp.ui.SplashActivity}" drawable="tawakkalna_services" />

	<!-- TK Music Tag Editor -->
	<item component="ComponentInfo{tk2013.mp3_tag_convert_comp/tk2013.mp3_tag_convert_comp.MainActivity}" drawable="tk_music_tag_editor" />

	<!-- Unexpected Keyboard -->
	<item component="ComponentInfo{juloo.keyboard2/juloo.keyboard2.LauncherActivity}" drawable="unexpected_keyboard" />

	<!-- USB Debugging -->
	<item component="ComponentInfo{com.bluedragonfly.developeroptions/com.bluedragonfly.developeroptions.StartActivity}" drawable="usb_debugging" />

	<!-- توكلنا طوارئ -->
	<item component="ComponentInfo{sa.gov.nic.tawakkalna/com.store.android.ui.SplashActivity}" drawable="توكلنا_طوارئ" />

	<!-- ناجز -->
	<item component="ComponentInfo{com.moj.najiz/com.moj.najiz.MainActivity}" drawable="ناجز" />

</resources>