<appmap>

	<!-- 7Fon Abstract -->
	<item class="ru.wall7Fon.ui.activities.SplashActivty" name="_7fon_abstract"/>

	<!-- Absher -->
	<item class="com.elm.android.individual.RoutingActivity" name="absher"/>

	<!-- AdBlock for Samsung Internet -->
	<item class="org.adblockplus.adblockplussbrowser.app.ui.LauncherActivity" name="adblock_for_samsung_internet"/>

	<!-- AdClear Content Blocker -->
	<item class="com.adclear.contentblocker.ui.splash.SplashActivity" name="adclear_content_blocker"/>

	<!-- AdGuard Content Blocker -->
	<item class="com.adguard.android.contentblocker.ui.MainActivity" name="adguard_content_blocker"/>

	<!-- Al-Quran (Free) -->
	<item class="com.isysway.free.alquran.AlQuranNewActivity" name="al_quran_free_"/>

	<!-- Altakhassusi -->
	<item class="net.medrics.sehaty.ui.activity.SplashScreenActivity" name="altakhassusi"/>

	<!-- APK Installer -->
	<item class="com.apkinstaller.ApkInstaller.MainActivity" name="apk_installer"/>

	<!-- AppMgr III -->
	<item class="com.a0soft.gphone.app2sd.free.MainWnd" name="appmgr_iii"/>

	<!-- APPtoSDPRO -->
	<item class="com.rhs.apptosd.activities.SplashActivity" name="apptosdpro"/>

	<!-- AstrologyZone -->
	<item class="com.astrologyzone.MainActivity" name="astrologyzone"/>

	<!-- Auto Call Recorder -->
	<item class="com.asjlnwawal.callrecorder.activity.PermissionsActivity" name="auto_call_recorder"/>

	<!-- Avast Cleanup -->
	<item class="com.avast.android.cleaner.activity.StartActivity" name="avast_cleanup"/>

	<!-- Avast Mobile Security -->
	<item class="com.avast.android.one.base.ui.main.MainActivity" name="avast_mobile_security"/>

	<!-- Avast SecureLine -->
	<item class="com.avast.android.vpn.app.wizard.WizardActivity" name="avast_secureline"/>

	<!-- AZDOME -->
	<item class="cn.com.blackview.azdome.ui.activity.FlashActivity" name="azdome"/>

	<!-- Calyx VPN -->
	<item class="se.leap.bitmaskclient.base.StartActivity" name="calyx_vpn"/>

	<!-- Camera Block Pro -->
	<item class="com.bettertomorrowapps.camerablock.MainActivity" name="camera_block_pro"/>

	<!-- Clipboard Actions -->
	<item class="de.halfreal.clipboardactions.v2.MainActivity" name="clipboard_actions"/>

	<!-- Clock -->
	<item class="systems.sieber.fsclock.FullscreenActivity" name="clock"/>

	<!-- Crystal for Samsung Internet -->
	<item class="org.adblockplus.adblockplussbrowser.app.ui.LauncherActivity" name="crystal_for_samsung_internet"/>

	<!-- Daily Horoscope -->
	<item class="info.androidz.horoscope.Horoscope" name="daily_horoscope"/>

	<!-- Disconnect for Samsung Internet Browser -->
	<item class="com.disconnect.samsungcontentblocker.MainActivity" name="disconnect_for_samsung_internet_browser"/>

	<!-- Doc Scanner -->
	<item class="com.cv.docscanner.activity.AppMainActivity" name="doc_scanner"/>

	<!-- Duplicates Cleaner -->
	<item class="crc64b2e0967e656e2bf1.DemoScreenActivity" name="duplicates_cleaner"/>

	<!-- Gallery -->
	<item class="org.fossify.gallery.activities.SplashActivity.Green" name="gallery"/>

	<!-- Grammarly -->
	<item class="com.grammarly.common.launcher.LauncherActivity" name="grammarly"/>

	<!-- Horoscope -->
	<item class="com.astrolis.Horoscope.MainActivity" name="horoscope"/>

	<!-- HRSD -->
	<item class="sa.gov.hrsd.presentation.splash.SplashActivity" name="hrsd"/>

	<!-- iHeartRadio -->
	<item class="com.iheart.activities.NavDrawerActivity" name="iheartradio"/>

	<!-- Imou Life -->
	<item class="com.mm.android.easy4ip.SplashActivity" name="imou_life"/>

	<!-- InviZible Pro -->
	<item class="pan.alexander.tordnscrypt.MainActivity" name="invizible_pro"/>

	<!-- Lavabit Proxy -->
	<item class="se.leap.bitmaskclient.base.StartActivity" name="lavabit_proxy"/>

	<!-- Link to Windows -->
	<item class="com.samsung.android.mdx.windowslink.tileservice.LinkToWidowsLauncherActivityDummy" name="link_to_windows"/>

	<!-- Memory Zone -->
	<item class="com.sandisk.mz.appui.activity.SplashActivity" name="memory_zone"/>

	<!-- Microphone Block Free -->
	<item class="com.bettertomorrowapps.microphoneblockfree.MainActivity" name="microphone_block_free"/>

	<!-- Musicolet -->
	<item class="in.krosbits.musicolet.MusicActivity" name="musicolet"/>

	<!-- My Prayer -->
	<item class="com.haz.prayer.MyPrayer" name="my_prayer"/>

	<!-- NAFATH -->
	<item class="sa.gov.nic.myid.MainActivity" name="nafath"/>

	<!-- Nomedia -->
	<item class="com.mrck.nomedia.act.MainActivity" name="nomedia"/>

	<!-- Old Phone Ringtones -->
	<item class="com.bestringtones.ringtones.MainActivity" name="old_phone_ringtones"/>

	<!-- Package Viewer -->
	<item class="cz.seeq.prog.android.packageviewer.PackagesActivity" name="package_viewer"/>

	<!-- Permissions -->
	<item class="net.yolopix.permissions.MainActivity" name="permissions"/>

	<!-- Power Thesaurus -->
	<item class="com.zoontek.rnbootsplash.RNBootSplashActivity" name="power_thesaurus"/>

	<!-- Qibla Compass -->
	<item class="com.qiblacompass.qibladirection.activities.SplashActivity" name="qibla_compass"/>

	<!-- Radio Mobi -->
	<item class="com.paqapaqa.radiomobi.ui.MainActivity" name="radio_mobi"/>

	<!-- Real Caller Public -->
	<item class="menwho.phone.callerid.social.MainActivity" name="real_caller_public"/>

	<!-- SD Maid SE -->
	<item class="eu.darken.sdmse.main.ui.MainActivity" name="sd_maid_se"/>

	<!-- Skewy -->
	<item class="hans.b.skewy1_0.MainActivity" name="skewy"/>

	<!-- Tawakkalna Services -->
	<item class="com.tawakkalna.twkapp.ui.SplashActivity" name="tawakkalna_services"/>

	<!-- TK Music Tag Editor -->
	<item class="tk2013.mp3_tag_convert_comp.MainActivity" name="tk_music_tag_editor"/>

	<!-- Unexpected Keyboard -->
	<item class="juloo.keyboard2.LauncherActivity" name="unexpected_keyboard"/>

	<!-- USB Debugging -->
	<item class="com.bluedragonfly.developeroptions.StartActivity" name="usb_debugging"/>

	<!-- توكلنا طوارئ -->
	<item class="com.store.android.ui.SplashActivity" name="توكلنا_طوارئ"/>

	<!-- ناجز -->
	<item class="com.moj.najiz.MainActivity" name="ناجز"/>

</appmap>