<Theme version="1">

	<!-- 7Fon Abstract -->
	<AppIcon name="abstract.wall7Fon/ru.wall7Fon.ui.activities.SplashActivty" image="_7fon_abstract"/>

	<!-- Absher -->
	<AppIcon name="sa.gov.moi/com.elm.android.individual.RoutingActivity" image="absher"/>

	<!-- AdBlock for Samsung Internet -->
	<AppIcon name="com.betafish.adblocksbrowser/org.adblockplus.adblockplussbrowser.app.ui.LauncherActivity" image="adblock_for_samsung_internet"/>

	<!-- AdClear Content Blocker -->
	<AppIcon name="com.seven.adclear.fsb/com.adclear.contentblocker.ui.splash.SplashActivity" image="adclear_content_blocker"/>

	<!-- AdGuard Content Blocker -->
	<AppIcon name="com.adguard.android.contentblocker/com.adguard.android.contentblocker.ui.MainActivity" image="adguard_content_blocker"/>

	<!-- Al-Quran (Free) -->
	<AppIcon name="com.isysway.free.alquran/com.isysway.free.alquran.AlQuranNewActivity" image="al_quran_free_"/>

	<!-- Altakhassusi -->
	<AppIcon name="kfshrc.edu.sa.altakhassusi/net.medrics.sehaty.ui.activity.SplashScreenActivity" image="altakhassusi"/>

	<!-- APK Installer -->
	<AppIcon name="com.apkinstaller.ApkInstaller/com.apkinstaller.ApkInstaller.MainActivity" image="apk_installer"/>

	<!-- AppMgr III -->
	<AppIcon name="com.a0soft.gphone.app2sd/com.a0soft.gphone.app2sd.free.MainWnd" image="appmgr_iii"/>

	<!-- APPtoSDPRO -->
	<AppIcon name="app.to.sdcard.pro/com.rhs.apptosd.activities.SplashActivity" image="apptosdpro"/>

	<!-- AstrologyZone -->
	<AppIcon name="com.handson.h2o.az2014/com.astrologyzone.MainActivity" image="astrologyzone"/>

	<!-- Auto Call Recorder -->
	<AppIcon name="com.cgcklcztools.asjlnwawal.callrecorder/com.asjlnwawal.callrecorder.activity.PermissionsActivity" image="auto_call_recorder"/>

	<!-- Avast Cleanup -->
	<AppIcon name="com.avast.android.cleaner/com.avast.android.cleaner.activity.StartActivity" image="avast_cleanup"/>

	<!-- Avast Mobile Security -->
	<AppIcon name="com.avast.android.mobilesecurity/com.avast.android.one.base.ui.main.MainActivity" image="avast_mobile_security"/>

	<!-- Avast SecureLine -->
	<AppIcon name="com.avast.android.vpn/com.avast.android.vpn.app.wizard.WizardActivity" image="avast_secureline"/>

	<!-- AZDOME -->
	<AppIcon name="cn.com.blackview.azdome/cn.com.blackview.azdome.ui.activity.FlashActivity" image="azdome"/>

	<!-- Calyx VPN -->
	<AppIcon name="org.calyxinstitute.vpn/se.leap.bitmaskclient.base.StartActivity" image="calyx_vpn"/>

	<!-- Camera Block Pro -->
	<AppIcon name="com.bettertomorrowapps.camerablock/com.bettertomorrowapps.camerablock.MainActivity" image="camera_block_pro"/>

	<!-- Clipboard Actions -->
	<AppIcon name="de.halfreal.clipboardactions/de.halfreal.clipboardactions.v2.MainActivity" image="clipboard_actions"/>

	<!-- Clock -->
	<AppIcon name="systems.sieber.fsclock/systems.sieber.fsclock.FullscreenActivity" image="clock"/>

	<!-- Crystal for Samsung Internet -->
	<AppIcon name="co.crystalapp.crystal/org.adblockplus.adblockplussbrowser.app.ui.LauncherActivity" image="crystal_for_samsung_internet"/>

	<!-- Daily Horoscope -->
	<AppIcon name="info.androidz.horoscope/info.androidz.horoscope.Horoscope" image="daily_horoscope"/>

	<!-- Disconnect for Samsung Internet Browser -->
	<AppIcon name="com.disconnect.samsungcontentblocker/com.disconnect.samsungcontentblocker.MainActivity" image="disconnect_for_samsung_internet_browser"/>

	<!-- Doc Scanner -->
	<AppIcon name="com.cv.docscanner/com.cv.docscanner.activity.AppMainActivity" image="doc_scanner"/>

	<!-- Duplicates Cleaner -->
	<AppIcon name="com.kaerosduplicatescleaner/crc64b2e0967e656e2bf1.DemoScreenActivity" image="duplicates_cleaner"/>

	<!-- Gallery -->
	<AppIcon name="org.fossify.gallery/org.fossify.gallery.activities.SplashActivity.Green" image="gallery"/>

	<!-- Grammarly -->
	<AppIcon name="com.grammarly.android.keyboard/com.grammarly.common.launcher.LauncherActivity" image="grammarly"/>

	<!-- Horoscope -->
	<AppIcon name="com.astrolis.Horoscope/com.astrolis.Horoscope.MainActivity" image="horoscope"/>

	<!-- HRSD -->
	<AppIcon name="sa.gov.hrsd.UnifiedApp/sa.gov.hrsd.presentation.splash.SplashActivity" image="hrsd"/>

	<!-- iHeartRadio -->
	<AppIcon name="com.clearchannel.iheartradio.controller/com.iheart.activities.NavDrawerActivity" image="iheartradio"/>

	<!-- Imou Life -->
	<AppIcon name="com.mm.android.smartlifeiot/com.mm.android.easy4ip.SplashActivity" image="imou_life"/>

	<!-- InviZible Pro -->
	<AppIcon name="pan.alexander.tordnscrypt.gp/pan.alexander.tordnscrypt.MainActivity" image="invizible_pro"/>

	<!-- Lavabit Proxy -->
	<AppIcon name="com.lavabit.pahoehoe/se.leap.bitmaskclient.base.StartActivity" image="lavabit_proxy"/>

	<!-- Link to Windows -->
	<AppIcon name="com.samsung.android.mdx/com.samsung.android.mdx.windowslink.tileservice.LinkToWidowsLauncherActivityDummy" image="link_to_windows"/>

	<!-- Memory Zone -->
	<AppIcon name="com.sandisk.mz/com.sandisk.mz.appui.activity.SplashActivity" image="memory_zone"/>

	<!-- Microphone Block Free -->
	<AppIcon name="com.bettertomorrowapps.microphoneblockfree/com.bettertomorrowapps.microphoneblockfree.MainActivity" image="microphone_block_free"/>

	<!-- Musicolet -->
	<AppIcon name="in.krosbits.musicolet/in.krosbits.musicolet.MusicActivity" image="musicolet"/>

	<!-- My Prayer -->
	<AppIcon name="com.haz.prayer/com.haz.prayer.MyPrayer" image="my_prayer"/>

	<!-- NAFATH -->
	<AppIcon name="sa.gov.nic.myid/sa.gov.nic.myid.MainActivity" image="nafath"/>

	<!-- Nomedia -->
	<AppIcon name="com.mrck.nomedia/com.mrck.nomedia.act.MainActivity" image="nomedia"/>

	<!-- Old Phone Ringtones -->
	<AppIcon name="com.remind4u2.list.sounds.oldphone/com.bestringtones.ringtones.MainActivity" image="old_phone_ringtones"/>

	<!-- Package Viewer -->
	<AppIcon name="cz.seeq.prog.android.packageviewer/cz.seeq.prog.android.packageviewer.PackagesActivity" image="package_viewer"/>

	<!-- Permissions -->
	<AppIcon name="appinventor.ai_yolopix_gaming.permissions/net.yolopix.permissions.MainActivity" image="permissions"/>

	<!-- Power Thesaurus -->
	<AppIcon name="org.powerthesaurus.powerthesaurus/com.zoontek.rnbootsplash.RNBootSplashActivity" image="power_thesaurus"/>

	<!-- Qibla Compass -->
	<AppIcon name="com.qiblacompass.qibladirection/com.qiblacompass.qibladirection.activities.SplashActivity" image="qibla_compass"/>

	<!-- Radio Mobi -->
	<AppIcon name="com.paqapaqa.radiomobi/com.paqapaqa.radiomobi.ui.MainActivity" image="radio_mobi"/>

	<!-- Real Caller Public -->
	<AppIcon name="menwho.phone.callerid.social/menwho.phone.callerid.social.MainActivity" image="real_caller_public"/>

	<!-- SD Maid SE -->
	<AppIcon name="eu.darken.sdmse/eu.darken.sdmse.main.ui.MainActivity" image="sd_maid_se"/>

	<!-- Skewy -->
	<AppIcon name="hans.b.skewy1_0/hans.b.skewy1_0.MainActivity" image="skewy"/>

	<!-- Tawakkalna Services -->
	<AppIcon name="sa.gov.nic.twkhayat/com.tawakkalna.twkapp.ui.SplashActivity" image="tawakkalna_services"/>

	<!-- TK Music Tag Editor -->
	<AppIcon name="tk2013.mp3_tag_convert_comp/tk2013.mp3_tag_convert_comp.MainActivity" image="tk_music_tag_editor"/>

	<!-- Unexpected Keyboard -->
	<AppIcon name="juloo.keyboard2/juloo.keyboard2.LauncherActivity" image="unexpected_keyboard"/>

	<!-- USB Debugging -->
	<AppIcon name="com.bluedragonfly.developeroptions/com.bluedragonfly.developeroptions.StartActivity" image="usb_debugging"/>

	<!-- توكلنا طوارئ -->
	<AppIcon name="sa.gov.nic.tawakkalna/com.store.android.ui.SplashActivity" image="توكلنا_طوارئ"/>

	<!-- ناجز -->
	<AppIcon name="com.moj.najiz/com.moj.najiz.MainActivity" image="ناجز"/>

</Theme>